Ville;Latitude;Longitude;Date;Heure;temperature_2m;weathercode;Temps_Label;windspeed_10m;wind_gusts_10m;precipitation
Angoulême;45.65;0.15;26/09/2026;00:00;19.6;2;NUAGEUX;3;7.9;0
Angoulême;45.65;0.15;26/09/2026;01:00;18.7;2;NUAGEUX;2;7.2;0
Angoulême;45.65;0.15;26/09/2026;02:00;18.9;2;NUAGEUX;2;6.8;0
Angoulême;45.65;0.15;26/09/2026;03:00;19;2;NUAGEUX;2;6.1;0
Angoulême;45.65;0.15;26/09/2026;04:00;18.6;2;NUAGEUX;2;5.4;0
Angoulême;45.65;0.15;26/09/2026;05:00;18.6;2;NUAGEUX;1;6.1;0
Angoulême;45.65;0.15;26/09/2026;06:00;18.5;2;NUAGEUX;2;6.5;0
Angoulême;45.65;0.15;26/09/2026;07:00;18.6;2;NUAGEUX;2;7.6;0
Angoulême;45.65;0.15;26/09/2026;08:00;20.4;2;NUAGEUX;2;8.3;0
Angoulême;45.65;0.15;26/09/2026;09:00;22;2;NUAGEUX;2;7.9;0
Angoulême;45.65;0.15;26/09/2026;10:00;22.6;2;NUAGEUX;2;10.4;0
Angoulême;45.65;0.15;26/09/2026;11:00;23.6;2;NUAGEUX;2;11.2;0
Angoulême;45.65;0.15;26/09/2026;12:00;25.5;2;NUAGEUX;2;10.1;0
Angoulême;45.65;0.15;26/09/2026;13:00;26.9;0;SOLEIL;2;6.1;0
Angoulême;45.65;0.15;26/09/2026;14:00;27.6;0;SOLEIL;1;4.7;0
Angoulême;45.65;0.15;26/09/2026;15:00;27.9;0;SOLEIL;1;6.5;0
Angoulême;45.65;0.15;26/09/2026;16:00;27.1;0;SOLEIL;2;7.2;0
Angoulême;45.65;0.15;26/09/2026;17:00;26.2;0;SOLEIL;2;7.2;0
Angoulême;45.65;0.15;26/09/2026;18:00;25;0;SOLEIL;3;9.0;0
Angoulême;45.65;0.15;26/09/2026;19:00;23.4;0;SOLEIL;2;11.5;0
Angoulême;45.65;0.15;26/09/2026;20:00;22.1;0;SOLEIL;2;11.2;0
Angoulême;45.65;0.15;26/09/2026;21:00;21.1;0;SOLEIL;2;9.7;0
Angoulême;45.65;0.15;26/09/2026;22:00;20.4;0;SOLEIL;2;6.1;0
Angoulême;45.65;0.15;26/09/2026;23:00;19.7;0;SOLEIL;2;5.0;0
Angoulême;45.65;0.15;27/09/2026;00:00;19.6;0;SOLEIL;2;2.2;0
Angoulême;45.65;0.15;27/09/2026;01:00;19.6;0;SOLEIL;2;1.8;0
Angoulême;45.65;0.15;27/09/2026;02:00;18.5;5;SOLEIL VOILÉ;2;4.3;0
Angoulême;45.65;0.15;27/09/2026;03:00;18.5;5;SOLEIL VOILÉ;2;6.2;0
Angoulême;45.65;0.15;27/09/2026;04:00;18.5;5;SOLEIL VOILÉ;2;5.9;0
Angoulême;45.65;0.15;27/09/2026;05:00;18;5;SOLEIL VOILÉ;3;5.8;0
Angoulême;45.65;0.15;27/09/2026;06:00;18;5;SOLEIL VOILÉ;3;6.1;0
Angoulême;45.65;0.15;27/09/2026;07:00;18;5;SOLEIL VOILÉ;3;8.6;0
Angoulême;45.65;0.15;27/09/2026;08:00;23.6;5;SOLEIL VOILÉ;3;8.6;0
Angoulême;45.65;0.15;27/09/2026;09:00;23.6;5;SOLEIL VOILÉ;3;15.5;0
Angoulême;45.65;0.15;27/09/2026;10:00;23.6;5;SOLEIL VOILÉ;3;29.9;0
Angoulême;45.65;0.15;27/09/2026;11:00;28;5;SOLEIL VOILÉ;2;32.8;0
Angoulême;45.65;0.15;27/09/2026;12:00;28;5;SOLEIL VOILÉ;2;30.2;0
Angoulême;45.65;0.15;27/09/2026;13:00;28;5;SOLEIL VOILÉ;2;29.9;0
Angoulême;45.65;0.15;27/09/2026;14:00;27.5;5;SOLEIL VOILÉ;3;25.6;0
Angoulême;45.65;0.15;27/09/2026;15:00;27.5;5;SOLEIL VOILÉ;3;23.8;0
Angoulême;45.65;0.15;27/09/2026;16:00;27.5;5;SOLEIL VOILÉ;3;19.1;0
Angoulême;45.65;0.15;27/09/2026;17:00;23.7;5;SOLEIL VOILÉ;3;13.0;0
Angoulême;45.65;0.15;27/09/2026;18:00;23.7;5;SOLEIL VOILÉ;3;10.1;0
Angoulême;45.65;0.15;27/09/2026;19:00;23.7;5;SOLEIL VOILÉ;3;11.9;0
Angoulême;45.65;0.15;27/09/2026;20:00;21.2;5;SOLEIL VOILÉ;3;21.2;0
Angoulême;45.65;0.15;27/09/2026;21:00;21.2;5;SOLEIL VOILÉ;3;25.6;0
Angoulême;45.65;0.15;27/09/2026;22:00;21.2;5;SOLEIL VOILÉ;3;24.5;0
Angoulême;45.65;0.15;27/09/2026;23:00;20;10;ORAGEUX;2;14.8;0
Angoulême;45.65;0.15;28/09/2026;00:00;20;10;ORAGEUX;2;12.6;0
Angoulême;45.65;0.15;28/09/2026;01:00;20;10;ORAGEUX;2;10.1;0
Angoulême;45.65;0.15;28/09/2026;02:00;19.4;10;ORAGEUX;2;13.3;0
Angoulême;45.65;0.15;28/09/2026;03:00;19.4;10;ORAGEUX;2;14.0;0
Angoulême;45.65;0.15;28/09/2026;04:00;19.4;10;ORAGEUX;2;15.1;0
Angoulême;45.65;0.15;28/09/2026;05:00;18.6;10;ORAGEUX;2;15.8;0
Angoulême;45.65;0.15;28/09/2026;06:00;18.6;10;ORAGEUX;2;18.0;0
Angoulême;45.65;0.15;28/09/2026;07:00;18.6;10;ORAGEUX;2;14.8;0
Angoulême;45.65;0.15;28/09/2026;08:00;20.6;10;ORAGEUX;4;15.5;0
Angoulême;45.65;0.15;28/09/2026;09:00;20.6;10;ORAGEUX;4;21.2;0
Angoulême;45.65;0.15;28/09/2026;10:00;20.6;10;ORAGEUX;4;28.8;0
Angoulême;45.65;0.15;28/09/2026;11:00;23.4;5;SOLEIL VOILÉ;2;34.9;0
Angoulême;45.65;0.15;28/09/2026;12:00;23.4;5;SOLEIL VOILÉ;2;37.4;0
Angoulême;45.65;0.15;28/09/2026;13:00;23.4;5;SOLEIL VOILÉ;2;38.5;0
Angoulême;45.65;0.15;28/09/2026;14:00;26.1;0;SOLEIL;2;37.4;0
Angoulême;45.65;0.15;28/09/2026;15:00;26.1;0;SOLEIL;2;33.8;0
Angoulême;45.65;0.15;28/09/2026;16:00;26.1;0;SOLEIL;2;28.8;0
Angoulême;45.65;0.15;28/09/2026;17:00;22.1;5;SOLEIL VOILÉ;2;24.1;0
Angoulême;45.65;0.15;28/09/2026;18:00;22.1;5;SOLEIL VOILÉ;2;20.9;0
Angoulême;45.65;0.15;28/09/2026;19:00;22.1;5;SOLEIL VOILÉ;2;18.0;0
Angoulême;45.65;0.15;28/09/2026;20:00;21.8;10;ORAGEUX;5;17.3;0
Angoulême;45.65;0.15;28/09/2026;21:00;20.9;10;ORAGEUX;5;19.1;0
Angoulême;45.65;0.15;28/09/2026;22:00;19.9;10;ORAGEUX;5;22.7;0
Angoulême;45.65;0.15;28/09/2026;23:00;20.1;0;SOLEIL;5;25.9;0
Angoulême;45.65;0.15;29/09/2026;00:00;20.1;0;SOLEIL;5;28.4;0
Angoulême;45.65;0.15;29/09/2026;01:00;20.1;0;SOLEIL;5;30.2;0
Angoulême;45.65;0.15;29/09/2026;02:00;19.7;0;SOLEIL;5;30.6;0
Angoulême;45.65;0.15;29/09/2026;03:00;19.7;0;SOLEIL;5;28.4;0
Angoulême;45.65;0.15;29/09/2026;04:00;19.7;0;SOLEIL;5;24.5;0
Angoulême;45.65;0.15;29/09/2026;05:00;20.4;0;SOLEIL;4;22.0;0
Angoulême;45.65;0.15;29/09/2026;06:00;20.4;0;SOLEIL;4;21.6;0
Angoulême;45.65;0.15;29/09/2026;07:00;20.4;0;SOLEIL;4;22.0;0
Angoulême;45.65;0.15;29/09/2026;08:00;22.4;0;SOLEIL;5;22.7;0
Angoulême;45.65;0.15;29/09/2026;09:00;23.7;0;SOLEIL;5;23.0;0
Angoulême;45.65;0.15;29/09/2026;10:00;25.0;0;SOLEIL;5;23.8;0
Angoulême;45.65;0.15;29/09/2026;11:00;29.7;0;SOLEIL;4;24.5;0
Angoulême;45.65;0.15;29/09/2026;12:00;29.7;0;SOLEIL;4;25.6;0
Angoulême;45.65;0.15;29/09/2026;13:00;29.7;0;SOLEIL;4;27.0;0
Angoulême;45.65;0.15;29/09/2026;14:00;30.4;0;SOLEIL;5;28.1;0
Angoulême;45.65;0.15;29/09/2026;15:00;31.7;0;SOLEIL;5;28.1;0
Angoulême;45.65;0.15;29/09/2026;16:00;30.4;0;SOLEIL;5;27.7;0
Angoulême;45.65;0.15;29/09/2026;17:00;28.4;7;PLUIE FAIBLE;4;27.0;0
Angoulême;45.65;0.15;29/09/2026;18:00;28.4;7;PLUIE FAIBLE;4;25.6;0
Angoulême;45.65;0.15;29/09/2026;19:00;28.4;7;PLUIE FAIBLE;4;23.8;0
Angoulême;45.65;0.15;29/09/2026;20:00;25.0;0;SOLEIL;5;21.6;0
Angoulême;45.65;0.15;29/09/2026;21:00;23.7;0;SOLEIL;5;17.6;0
Angoulême;45.65;0.15;29/09/2026;22:00;22.4;0;SOLEIL;5;13.0;0
Angoulême;45.65;0.15;29/09/2026;23:00;23;2;NUAGEUX;4;11.5;0
Angoulême;45.65;0.15;30/09/2026;00:00;23;2;NUAGEUX;4;16.0;0
Angoulême;45.65;0.15;30/09/2026;01:00;23;2;NUAGEUX;4;23.0;0
Angoulême;45.65;0.15;30/09/2026;02:00;20;2;NUAGEUX;5;27.8;0
Angoulême;45.65;0.15;30/09/2026;03:00;20;2;NUAGEUX;5;27.7;0
Angoulême;45.65;0.15;30/09/2026;04:00;20;2;NUAGEUX;5;25.9;0
Angoulême;45.65;0.15;30/09/2026;05:00;20.7;2;NUAGEUX;4;24.1;0
Angoulême;45.65;0.15;30/09/2026;06:00;20.7;2;NUAGEUX;4;23.4;0
Angoulême;45.65;0.15;30/09/2026;07:00;20.7;2;NUAGEUX;4;23.4;0
Angoulême;45.65;0.15;30/09/2026;08:00;21.8;2;NUAGEUX;5;23.8;0
Angoulême;45.65;0.15;30/09/2026;09:00;22.6;2;NUAGEUX;5;25.2;0
Angoulême;45.65;0.15;30/09/2026;10:00;23.5;2;NUAGEUX;5;27.7;0
Angoulême;45.65;0.15;30/09/2026;11:00;27.1;2;NUAGEUX;3;30.2;0
Angoulême;45.65;0.15;30/09/2026;12:00;27.1;2;NUAGEUX;3;33.8;0
Angoulême;45.65;0.15;30/09/2026;13:00;27.1;2;NUAGEUX;3;37.8;0
Angoulême;45.65;0.15;30/09/2026;14:00;27.0;2;NUAGEUX;5;40.3;0
Angoulême;45.65;0.15;30/09/2026;15:00;27.9;2;NUAGEUX;5;41.4;0
Angoulême;45.65;0.15;30/09/2026;16:00;27.0;2;NUAGEUX;5;41.0;0
Angoulême;45.65;0.15;30/09/2026;17:00;23.6;7;PLUIE FAIBLE;3;38.9;0
Angoulême;45.65;0.15;30/09/2026;18:00;23.6;7;PLUIE FAIBLE;3;33.1;0
Angoulême;45.65;0.15;30/09/2026;19:00;23.6;7;PLUIE FAIBLE;3;25.2;0
Angoulême;45.65;0.15;30/09/2026;20:00;23.5;2;NUAGEUX;5;20.2;0
Angoulême;45.65;0.15;30/09/2026;21:00;22.6;2;NUAGEUX;5;20.9;0
Angoulême;45.65;0.15;30/09/2026;22:00;21.8;2;NUAGEUX;5;24.5;0
Angoulême;45.65;0.15;30/09/2026;23:00;19.6;6;AVERSES;2;26.3;0
La Rochelle;46.16;-1.15;26/09/2026;00:00;17.2;2;NUAGEUX;3;11.9;0
La Rochelle;46.16;-1.15;26/09/2026;01:00;16.6;2;NUAGEUX;2;7.9;0
La Rochelle;46.16;-1.15;26/09/2026;02:00;16.6;2;NUAGEUX;2;7.9;0
La Rochelle;46.16;-1.15;26/09/2026;03:00;16.7;2;NUAGEUX;2;7.6;0
La Rochelle;46.16;-1.15;26/09/2026;04:00;16.9;2;NUAGEUX;2;6.1;0
La Rochelle;46.16;-1.15;26/09/2026;05:00;16.6;2;NUAGEUX;2;6.1;0
La Rochelle;46.16;-1.15;26/09/2026;06:00;16.6;2;NUAGEUX;2;4.3;0
La Rochelle;46.16;-1.15;26/09/2026;07:00;17.4;2;NUAGEUX;2;4.3;0
La Rochelle;46.16;-1.15;26/09/2026;08:00;18.1;2;NUAGEUX;2;4.0;0
La Rochelle;46.16;-1.15;26/09/2026;09:00;19.6;2;NUAGEUX;3;3.6;0
La Rochelle;46.16;-1.15;26/09/2026;10:00;21.1;2;NUAGEUX;3;5.0;0
La Rochelle;46.16;-1.15;26/09/2026;11:00;22.1;2;NUAGEUX;3;7.2;0
La Rochelle;46.16;-1.15;26/09/2026;12:00;23.7;0;SOLEIL;3;6.1;0
La Rochelle;46.16;-1.15;26/09/2026;13:00;25.1;0;SOLEIL;2;6.8;0
La Rochelle;46.16;-1.15;26/09/2026;14:00;26.1;0;SOLEIL;2;7.6;0
La Rochelle;46.16;-1.15;26/09/2026;15:00;26.7;0;SOLEIL;2;7.2;0
La Rochelle;46.16;-1.15;26/09/2026;16:00;26.7;0;SOLEIL;2;5.0;0
La Rochelle;46.16;-1.15;26/09/2026;17:00;26.1;0;SOLEIL;2;7.6;0
La Rochelle;46.16;-1.15;26/09/2026;18:00;25.4;0;SOLEIL;2;10.1;0
La Rochelle;46.16;-1.15;26/09/2026;19:00;23.2;0;SOLEIL;2;12.2;0
La Rochelle;46.16;-1.15;26/09/2026;20:00;21.6;0;SOLEIL;1;12.2;0
La Rochelle;46.16;-1.15;26/09/2026;21:00;20.2;0;SOLEIL;1;11.5;0
La Rochelle;46.16;-1.15;26/09/2026;22:00;19.1;0;SOLEIL;2;12.2;0
La Rochelle;46.16;-1.15;26/09/2026;23:00;18.1;0;SOLEIL;2;6.8;0
La Rochelle;46.16;-1.15;27/09/2026;00:00;17.9;0;SOLEIL;1;4.7;0
La Rochelle;46.16;-1.15;27/09/2026;01:00;17.9;0;SOLEIL;1;4.3;0
La Rochelle;46.16;-1.15;27/09/2026;02:00;16.1;5;SOLEIL VOILÉ;2;4.3;0
La Rochelle;46.16;-1.15;27/09/2026;03:00;16.1;5;SOLEIL VOILÉ;2;5.7;0
La Rochelle;46.16;-1.15;27/09/2026;04:00;16.1;5;SOLEIL VOILÉ;2;7.2;0
La Rochelle;46.16;-1.15;27/09/2026;05:00;16.7;5;SOLEIL VOILÉ;3;8.4;0
La Rochelle;46.16;-1.15;27/09/2026;06:00;16.7;5;SOLEIL VOILÉ;3;9.4;0
La Rochelle;46.16;-1.15;27/09/2026;07:00;16.7;5;SOLEIL VOILÉ;3;10.1;0
La Rochelle;46.16;-1.15;27/09/2026;08:00;23.1;5;SOLEIL VOILÉ;3;9.0;0
La Rochelle;46.16;-1.15;27/09/2026;09:00;23.1;5;SOLEIL VOILÉ;3;10.4;0
La Rochelle;46.16;-1.15;27/09/2026;10:00;23.1;5;SOLEIL VOILÉ;3;16.9;0
La Rochelle;46.16;-1.15;27/09/2026;11:00;28.4;5;SOLEIL VOILÉ;4;23.4;0
La Rochelle;46.16;-1.15;27/09/2026;12:00;28.4;5;SOLEIL VOILÉ;4;27.7;0
La Rochelle;46.16;-1.15;27/09/2026;13:00;28.4;5;SOLEIL VOILÉ;4;30.2;0
La Rochelle;46.16;-1.15;27/09/2026;14:00;29.6;5;SOLEIL VOILÉ;3;31.0;0
La Rochelle;46.16;-1.15;27/09/2026;15:00;29.6;5;SOLEIL VOILÉ;3;28.8;0
La Rochelle;46.16;-1.15;27/09/2026;16:00;29.6;5;SOLEIL VOILÉ;3;25.2;0
La Rochelle;46.16;-1.15;27/09/2026;17:00;25.7;5;SOLEIL VOILÉ;3;23.0;0
La Rochelle;46.16;-1.15;27/09/2026;18:00;25.7;5;SOLEIL VOILÉ;3;21.2;0
La Rochelle;46.16;-1.15;27/09/2026;19:00;25.7;5;SOLEIL VOILÉ;3;18.0;0
La Rochelle;46.16;-1.15;27/09/2026;20:00;21.5;5;SOLEIL VOILÉ;2;9.0;0
La Rochelle;46.16;-1.15;27/09/2026;21:00;21.5;5;SOLEIL VOILÉ;2;3.6;0
La Rochelle;46.16;-1.15;27/09/2026;22:00;21.5;5;SOLEIL VOILÉ;2;3.2;0
La Rochelle;46.16;-1.15;27/09/2026;23:00;19.5;2;NUAGEUX;1;6.8;0
La Rochelle;46.16;-1.15;28/09/2026;00:00;19.5;2;NUAGEUX;1;5.8;0
La Rochelle;46.16;-1.15;28/09/2026;01:00;19.5;2;NUAGEUX;1;9.0;0
La Rochelle;46.16;-1.15;28/09/2026;02:00;18.1;10;ORAGEUX;2;10.4;0
La Rochelle;46.16;-1.15;28/09/2026;03:00;18.1;10;ORAGEUX;2;13.0;0
La Rochelle;46.16;-1.15;28/09/2026;04:00;18.1;10;ORAGEUX;2;14.4;0
La Rochelle;46.16;-1.15;28/09/2026;05:00;17.6;10;ORAGEUX;3;14.4;0
La Rochelle;46.16;-1.15;28/09/2026;06:00;17.6;10;ORAGEUX;3;13.0;0
La Rochelle;46.16;-1.15;28/09/2026;07:00;17.6;10;ORAGEUX;3;13.0;0
La Rochelle;46.16;-1.15;28/09/2026;08:00;20.9;10;ORAGEUX;3;8.3;0
La Rochelle;46.16;-1.15;28/09/2026;09:00;20.9;10;ORAGEUX;3;12.2;0
La Rochelle;46.16;-1.15;28/09/2026;10:00;20.9;10;ORAGEUX;3;18.7;0
La Rochelle;46.16;-1.15;28/09/2026;11:00;22.2;5;SOLEIL VOILÉ;2;24.8;0
La Rochelle;46.16;-1.15;28/09/2026;12:00;22.2;5;SOLEIL VOILÉ;2;30.6;0
La Rochelle;46.16;-1.15;28/09/2026;13:00;22.2;5;SOLEIL VOILÉ;2;36.4;0
La Rochelle;46.16;-1.15;28/09/2026;14:00;23.9;5;SOLEIL VOILÉ;2;40.0;0
La Rochelle;46.16;-1.15;28/09/2026;15:00;23.9;5;SOLEIL VOILÉ;2;41.0;0
La Rochelle;46.16;-1.15;28/09/2026;16:00;23.9;5;SOLEIL VOILÉ;2;40.3;0
La Rochelle;46.16;-1.15;28/09/2026;17:00;22.4;5;SOLEIL VOILÉ;2;37.8;0
La Rochelle;46.16;-1.15;28/09/2026;18:00;22.4;5;SOLEIL VOILÉ;2;31.3;0
La Rochelle;46.16;-1.15;28/09/2026;19:00;22.4;5;SOLEIL VOILÉ;2;23.0;0
La Rochelle;46.16;-1.15;28/09/2026;20:00;20.4;10;ORAGEUX;5;17.6;0
La Rochelle;46.16;-1.15;28/09/2026;21:00;19.6;10;ORAGEUX;5;18.0;0
La Rochelle;46.16;-1.15;28/09/2026;22:00;18.8;10;ORAGEUX;5;21.6;0
La Rochelle;46.16;-1.15;28/09/2026;23:00;18.6;0;SOLEIL;5;25.2;0
La Rochelle;46.16;-1.15;29/09/2026;00:00;18.6;0;SOLEIL;5;28.4;0
La Rochelle;46.16;-1.15;29/09/2026;01:00;18.6;0;SOLEIL;5;32.0;0
La Rochelle;46.16;-1.15;29/09/2026;02:00;19.2;2;NUAGEUX;5;34.6;0
La Rochelle;46.16;-1.15;29/09/2026;03:00;19.2;2;NUAGEUX;5;35.6;0
La Rochelle;46.16;-1.15;29/09/2026;04:00;19.2;2;NUAGEUX;5;35.6;0
La Rochelle;46.16;-1.15;29/09/2026;05:00;20.1;0;SOLEIL;6;34.9;0
La Rochelle;46.16;-1.15;29/09/2026;06:00;20.1;0;SOLEIL;6;33.5;0
La Rochelle;46.16;-1.15;29/09/2026;07:00;20.1;0;SOLEIL;6;31.0;0
La Rochelle;46.16;-1.15;29/09/2026;08:00;22.2;2;NUAGEUX;5;29.5;0
La Rochelle;46.16;-1.15;29/09/2026;09:00;23.6;2;NUAGEUX;5;29.5;0
La Rochelle;46.16;-1.15;29/09/2026;10:00;25.1;2;NUAGEUX;5;29.9;0
La Rochelle;46.16;-1.15;29/09/2026;11:00;30.1;2;NUAGEUX;5;30.2;0
La Rochelle;46.16;-1.15;29/09/2026;12:00;30.1;2;NUAGEUX;5;29.9;0
La Rochelle;46.16;-1.15;29/09/2026;13:00;30.1;2;NUAGEUX;5;28.8;0
La Rochelle;46.16;-1.15;29/09/2026;14:00;31.0;2;NUAGEUX;5;27.4;0
La Rochelle;46.16;-1.15;29/09/2026;15:00;32.5;2;NUAGEUX;5;24.8;0
La Rochelle;46.16;-1.15;29/09/2026;16:00;31.0;2;NUAGEUX;5;21.6;0
La Rochelle;46.16;-1.15;29/09/2026;17:00;27.1;2;NUAGEUX;3;18.4;0
La Rochelle;46.16;-1.15;29/09/2026;18:00;27.1;2;NUAGEUX;3;14.4;0
La Rochelle;46.16;-1.15;29/09/2026;19:00;27.1;2;NUAGEUX;3;10.1;0
La Rochelle;46.16;-1.15;29/09/2026;20:00;25.1;2;NUAGEUX;5;8.3;0
La Rochelle;46.16;-1.15;29/09/2026;21:00;23.6;2;NUAGEUX;5;10.1;0
La Rochelle;46.16;-1.15;29/09/2026;22:00;22.2;2;NUAGEUX;5;14.4;0
La Rochelle;46.16;-1.15;29/09/2026;23:00;22.4;2;NUAGEUX;6;19.1;0
La Rochelle;46.16;-1.15;30/09/2026;00:00;22.4;2;NUAGEUX;6;23.4;0
La Rochelle;46.16;-1.15;30/09/2026;01:00;22.4;2;NUAGEUX;6;27.9;0
La Rochelle;46.16;-1.15;30/09/2026;02:00;19.7;2;NUAGEUX;5;31.0;0
La Rochelle;46.16;-1.15;30/09/2026;03:00;19.7;2;NUAGEUX;5;31.7;0
La Rochelle;46.16;-1.15;30/09/2026;04:00;19.7;2;NUAGEUX;5;31.7;0
La Rochelle;46.16;-1.15;30/09/2026;05:00;20.9;2;NUAGEUX;5;31.7;0
La Rochelle;46.16;-1.15;30/09/2026;06:00;20.9;2;NUAGEUX;5;31.0;0
La Rochelle;46.16;-1.15;30/09/2026;07:00;20.9;2;NUAGEUX;5;30.2;0
La Rochelle;46.16;-1.15;30/09/2026;08:00;21.5;2;NUAGEUX;5;31.0;0
La Rochelle;46.16;-1.15;30/09/2026;09:00;22.4;2;NUAGEUX;5;34.9;0
La Rochelle;46.16;-1.15;30/09/2026;10:00;23.3;2;NUAGEUX;5;40.3;0
La Rochelle;46.16;-1.15;30/09/2026;11:00;27;2;NUAGEUX;5;43.9;0
La Rochelle;46.16;-1.15;30/09/2026;12:00;27;2;NUAGEUX;5;44.3;0
La Rochelle;46.16;-1.15;30/09/2026;13:00;27;2;NUAGEUX;5;43.2;0
La Rochelle;46.16;-1.15;30/09/2026;14:00;27.0;2;NUAGEUX;5;42.1;0
La Rochelle;46.16;-1.15;30/09/2026;15:00;27.9;2;NUAGEUX;5;42.1;0
La Rochelle;46.16;-1.15;30/09/2026;16:00;27.0;2;NUAGEUX;5;41.8;0
La Rochelle;46.16;-1.15;30/09/2026;17:00;23.2;6;AVERSES;3;40.3;0
La Rochelle;46.16;-1.15;30/09/2026;18:00;23.2;6;AVERSES;3;36.4;0
La Rochelle;46.16;-1.15;30/09/2026;19:00;23.2;6;AVERSES;3;31.0;0
La Rochelle;46.16;-1.15;30/09/2026;20:00;23.3;2;NUAGEUX;5;25.9;0
La Rochelle;46.16;-1.15;30/09/2026;21:00;22.4;2;NUAGEUX;5;20.9;0
La Rochelle;46.16;-1.15;30/09/2026;22:00;21.5;2;NUAGEUX;5;15.8;0
La Rochelle;46.16;-1.15;30/09/2026;23:00;18.7;7;PLUIE FAIBLE;3;13.7;0
Pons;45.58;-0.55;26/09/2026;00:00;18.1;0;SOLEIL;3;24.5;0
Pons;45.58;-0.55;26/09/2026;01:00;17.5;0;SOLEIL;3;20.5;0
Pons;45.58;-0.55;26/09/2026;02:00;17;0;SOLEIL;3;16.6;0
Pons;45.58;-0.55;26/09/2026;03:00;16.5;2;NUAGEUX;3;16.6;0
Pons;45.58;-0.55;26/09/2026;04:00;16.4;2;NUAGEUX;3;15.8;0
Pons;45.58;-0.55;26/09/2026;05:00;16.1;2;NUAGEUX;3;11.9;0
Pons;45.58;-0.55;26/09/2026;06:00;15.9;2;NUAGEUX;3;15.5;0
Pons;45.58;-0.55;26/09/2026;07:00;16.6;2;NUAGEUX;3;15.8;0
Pons;45.58;-0.55;26/09/2026;08:00;17.7;2;NUAGEUX;3;13.7;0
Pons;45.58;-0.55;26/09/2026;09:00;18.2;2;NUAGEUX;3;13.3;0
Pons;45.58;-0.55;26/09/2026;10:00;19.1;2;NUAGEUX;2;11.5;0
Pons;45.58;-0.55;26/09/2026;11:00;20;2;NUAGEUX;2;11.5;0
Pons;45.58;-0.55;26/09/2026;12:00;21.6;0;SOLEIL;2;11.9;0
Pons;45.58;-0.55;26/09/2026;13:00;22.7;0;SOLEIL;2;13.7;0
Pons;45.58;-0.55;26/09/2026;14:00;23.1;0;SOLEIL;2;19.1;0
Pons;45.58;-0.55;26/09/2026;15:00;22.9;0;SOLEIL;3;15.8;0
Pons;45.58;-0.55;26/09/2026;16:00;21.7;0;SOLEIL;2;21.6;0
Pons;45.58;-0.55;26/09/2026;17:00;20.9;0;SOLEIL;2;18.0;0
Pons;45.58;-0.55;26/09/2026;18:00;19.9;0;SOLEIL;3;19.8;0
Pons;45.58;-0.55;26/09/2026;19:00;19.4;0;SOLEIL;3;19.4;0
Pons;45.58;-0.55;26/09/2026;20:00;19;0;SOLEIL;2;14.4;0
Pons;45.58;-0.55;26/09/2026;21:00;18.7;5;SOLEIL VOILÉ;2;11.9;0
Pons;45.58;-0.55;26/09/2026;22:00;18.1;5;SOLEIL VOILÉ;2;11.9;0
Pons;45.58;-0.55;26/09/2026;23:00;17.5;5;SOLEIL VOILÉ;2;12.6;0
Pons;45.58;-0.55;27/09/2026;00:00;17.2;5;SOLEIL VOILÉ;3;10.1;0
Pons;45.58;-0.55;27/09/2026;01:00;17.2;5;SOLEIL VOILÉ;3;7.6;0
Pons;45.58;-0.55;27/09/2026;02:00;16.6;5;SOLEIL VOILÉ;3;14.0;0
Pons;45.58;-0.55;27/09/2026;03:00;16.6;5;SOLEIL VOILÉ;3;13.4;0
Pons;45.58;-0.55;27/09/2026;04:00;16.6;5;SOLEIL VOILÉ;3;10.1;0
Pons;45.58;-0.55;27/09/2026;05:00;17.4;5;SOLEIL VOILÉ;2;13.4;0
Pons;45.58;-0.55;27/09/2026;06:00;17.4;5;SOLEIL VOILÉ;2;15.8;0
Pons;45.58;-0.55;27/09/2026;07:00;17.4;5;SOLEIL VOILÉ;2;13.3;0
Pons;45.58;-0.55;27/09/2026;08:00;21.5;5;SOLEIL VOILÉ;3;14.0;0
Pons;45.58;-0.55;27/09/2026;09:00;21.5;5;SOLEIL VOILÉ;3;16.6;0
Pons;45.58;-0.55;27/09/2026;10:00;21.5;5;SOLEIL VOILÉ;3;18.7;0
Pons;45.58;-0.55;27/09/2026;11:00;23.1;5;SOLEIL VOILÉ;4;27.4;0
Pons;45.58;-0.55;27/09/2026;12:00;23.1;5;SOLEIL VOILÉ;4;29.2;0
Pons;45.58;-0.55;27/09/2026;13:00;23.1;5;SOLEIL VOILÉ;4;29.5;0
Pons;45.58;-0.55;27/09/2026;14:00;21.9;5;SOLEIL VOILÉ;4;31.7;0
Pons;45.58;-0.55;27/09/2026;15:00;21.9;5;SOLEIL VOILÉ;4;31.7;0
Pons;45.58;-0.55;27/09/2026;16:00;21.9;5;SOLEIL VOILÉ;4;29.5;0
Pons;45.58;-0.55;27/09/2026;17:00;20.6;5;SOLEIL VOILÉ;3;27.7;0
Pons;45.58;-0.55;27/09/2026;18:00;20.6;5;SOLEIL VOILÉ;3;25.9;0
Pons;45.58;-0.55;27/09/2026;19:00;20.6;5;SOLEIL VOILÉ;3;24.8;0
Pons;45.58;-0.55;27/09/2026;20:00;20;2;NUAGEUX;3;22.3;0
Pons;45.58;-0.55;27/09/2026;21:00;20;2;NUAGEUX;3;22.0;0
Pons;45.58;-0.55;27/09/2026;22:00;20;2;NUAGEUX;3;19.1;0
Pons;45.58;-0.55;27/09/2026;23:00;19.5;2;NUAGEUX;3;14.8;0
Pons;45.58;-0.55;28/09/2026;00:00;19.5;2;NUAGEUX;3;20.5;0
Pons;45.58;-0.55;28/09/2026;01:00;19.5;2;NUAGEUX;3;22.7;0
Pons;45.58;-0.55;28/09/2026;02:00;18;6;AVERSES;4;19.1;0
Pons;45.58;-0.55;28/09/2026;03:00;18;6;AVERSES;4;19.1;0
Pons;45.58;-0.55;28/09/2026;04:00;18;6;AVERSES;4;18.0;0
Pons;45.58;-0.55;28/09/2026;05:00;17.7;6;AVERSES;2;20.2;0
Pons;45.58;-0.55;28/09/2026;06:00;17.7;6;AVERSES;2;16.6;0
Pons;45.58;-0.55;28/09/2026;07:00;17.7;6;AVERSES;2;12.6;0
Pons;45.58;-0.55;28/09/2026;08:00;18.2;10;ORAGEUX;3;14.4;0
Pons;45.58;-0.55;28/09/2026;09:00;18.2;10;ORAGEUX;3;14.4;0
Pons;45.58;-0.55;28/09/2026;10:00;18.2;10;ORAGEUX;3;9.4;0
Pons;45.58;-0.55;28/09/2026;11:00;21.1;6;AVERSES;3;11.5;0
Pons;45.58;-0.55;28/09/2026;12:00;21.1;6;AVERSES;3;15.1;0
Pons;45.58;-0.55;28/09/2026;13:00;21.1;6;AVERSES;3;16.6;0
Pons;45.58;-0.55;28/09/2026;14:00;21.1;0;SOLEIL;3;24.8;0
Pons;45.58;-0.55;28/09/2026;15:00;21.1;0;SOLEIL;3;21.6;0
Pons;45.58;-0.55;28/09/2026;16:00;21.1;0;SOLEIL;3;22.0;0
Pons;45.58;-0.55;28/09/2026;17:00;19.6;0;SOLEIL;4;19.4;0
Pons;45.58;-0.55;28/09/2026;18:00;19.6;0;SOLEIL;4;21.6;0
Pons;45.58;-0.55;28/09/2026;19:00;19.6;0;SOLEIL;4;15.1;0
Pons;45.58;-0.55;28/09/2026;20:00;19.2;10;ORAGEUX;5;25.2;0
Pons;45.58;-0.55;28/09/2026;21:00;18.7;10;ORAGEUX;5;25.2;0
Pons;45.58;-0.55;28/09/2026;22:00;18.2;10;ORAGEUX;5;19.4;0
Pons;45.58;-0.55;28/09/2026;23:00;19.4;0;SOLEIL;5;20.5;0
Pons;45.58;-0.55;29/09/2026;00:00;19.4;0;SOLEIL;5;20.9;0
Pons;45.58;-0.55;29/09/2026;01:00;19.4;0;SOLEIL;5;9.7;0
Pons;45.58;-0.55;29/09/2026;02:00;19.1;2;NUAGEUX;5;14.8;0
Pons;45.58;-0.55;29/09/2026;03:00;19.1;2;NUAGEUX;5;18.4;0
Pons;45.58;-0.55;29/09/2026;04:00;19.1;2;NUAGEUX;5;24.1;0
Pons;45.58;-0.55;29/09/2026;05:00;19.7;2;NUAGEUX;7;27.7;0
Pons;45.58;-0.55;29/09/2026;06:00;19.7;2;NUAGEUX;7;33.8;0
Pons;45.58;-0.55;29/09/2026;07:00;19.7;2;NUAGEUX;7;37.1;0
Pons;45.58;-0.55;29/09/2026;08:00;21.1;2;NUAGEUX;5;39.2;0
Pons;45.58;-0.55;29/09/2026;09:00;22.1;2;NUAGEUX;5;42.8;0
Pons;45.58;-0.55;29/09/2026;10:00;23.1;2;NUAGEUX;5;43.9;0
Pons;45.58;-0.55;29/09/2026;11:00;26.9;2;NUAGEUX;8;46.1;0
Pons;45.58;-0.55;29/09/2026;12:00;26.9;2;NUAGEUX;8;49.3;0
Pons;45.58;-0.55;29/09/2026;13:00;26.9;2;NUAGEUX;8;53.3;0
Pons;45.58;-0.55;29/09/2026;14:00;27.0;2;NUAGEUX;5;55.8;0
Pons;45.58;-0.55;29/09/2026;15:00;28.0;2;NUAGEUX;5;56.5;0
Pons;45.58;-0.55;29/09/2026;16:00;27.0;2;NUAGEUX;5;55.8;0
Pons;45.58;-0.55;29/09/2026;17:00;24.5;2;NUAGEUX;5;55.1;0
Pons;45.58;-0.55;29/09/2026;18:00;24.5;2;NUAGEUX;5;54.4;0
Pons;45.58;-0.55;29/09/2026;19:00;24.5;2;NUAGEUX;5;53.6;0
Pons;45.58;-0.55;29/09/2026;20:00;23.1;2;NUAGEUX;5;52.2;0
Pons;45.58;-0.55;29/09/2026;21:00;22.1;2;NUAGEUX;5;49.7;0
Pons;45.58;-0.55;29/09/2026;22:00;21.1;2;NUAGEUX;5;46.8;0
Pons;45.58;-0.55;29/09/2026;23:00;22.6;2;NUAGEUX;6;43.2;0
Pons;45.58;-0.55;30/09/2026;00:00;22.6;2;NUAGEUX;6;39.2;0
Pons;45.58;-0.55;30/09/2026;01:00;22.6;2;NUAGEUX;6;34.9;0
Pons;45.58;-0.55;30/09/2026;02:00;19.6;2;NUAGEUX;5;31.3;0
Pons;45.58;-0.55;30/09/2026;03:00;19.6;2;NUAGEUX;5;29.9;0
Pons;45.58;-0.55;30/09/2026;04:00;19.6;2;NUAGEUX;5;29.2;0
Pons;45.58;-0.55;30/09/2026;05:00;20.9;2;NUAGEUX;7;28.1;0
Pons;45.58;-0.55;30/09/2026;06:00;20.9;2;NUAGEUX;7;24.8;0
Pons;45.58;-0.55;30/09/2026;07:00;20.9;2;NUAGEUX;7;20.9;0
Pons;45.58;-0.55;30/09/2026;08:00;20.5;2;NUAGEUX;5;18.4;0
Pons;45.58;-0.55;30/09/2026;09:00;20.9;2;NUAGEUX;5;17.6;0
Pons;45.58;-0.55;30/09/2026;10:00;21.4;2;NUAGEUX;5;18.4;0
Pons;45.58;-0.55;30/09/2026;11:00;23;2;NUAGEUX;7;20.2;0
Pons;45.58;-0.55;30/09/2026;12:00;23;2;NUAGEUX;7;23.8;0
Pons;45.58;-0.55;30/09/2026;13:00;23;2;NUAGEUX;7;28.4;0
Pons;45.58;-0.55;30/09/2026;14:00;23.2;2;NUAGEUX;5;31.3;0
Pons;45.58;-0.55;30/09/2026;15:00;23.6;2;NUAGEUX;5;31.3;0
Pons;45.58;-0.55;30/09/2026;16:00;23.2;2;NUAGEUX;5;29.5;0
Pons;45.58;-0.55;30/09/2026;17:00;20.6;7;PLUIE FAIBLE;4;28.1;0
Pons;45.58;-0.55;30/09/2026;18:00;20.6;7;PLUIE FAIBLE;4;28.1;0
Pons;45.58;-0.55;30/09/2026;19:00;20.6;7;PLUIE FAIBLE;4;28.4;0
Pons;45.58;-0.55;30/09/2026;20:00;21.4;2;NUAGEUX;5;28.8;0
Pons;45.58;-0.55;30/09/2026;21:00;20.9;2;NUAGEUX;5;51.1;0
Pons;45.58;-0.55;30/09/2026;22:00;20.5;2;NUAGEUX;5;44.6;0
Pons;45.58;-0.55;30/09/2026;23:00;18.9;6;AVERSES;5;37.1;0
Brive-la-Gaillarde;45.15;1.53;26/09/2026;00:00;18;2;NUAGEUX;2;8.6;0
Brive-la-Gaillarde;45.15;1.53;26/09/2026;01:00;18;2;NUAGEUX;2;8.3;0
Brive-la-Gaillarde;45.15;1.53;26/09/2026;02:00;17.5;2;NUAGEUX;2;7.9;0
Brive-la-Gaillarde;45.15;1.53;26/09/2026;03:00;16.9;2;NUAGEUX;1;7.2;0
Brive-la-Gaillarde;45.15;1.53;26/09/2026;04:00;16.9;2;NUAGEUX;2;6.1;0
Brive-la-Gaillarde;45.15;1.53;26/09/2026;05:00;17.1;2;NUAGEUX;2;7.6;0
Brive-la-Gaillarde;45.15;1.53;26/09/2026;06:00;17.5;2;NUAGEUX;2;7.9;0
Brive-la-Gaillarde;45.15;1.53;26/09/2026;07:00;18.2;2;NUAGEUX;2;7.9;0
Brive-la-Gaillarde;45.15;1.53;26/09/2026;08:00;19.6;2;NUAGEUX;2;7.9;0
Brive-la-Gaillarde;45.15;1.53;26/09/2026;09:00;20.6;2;NUAGEUX;3;7.9;0
Brive-la-Gaillarde;45.15;1.53;26/09/2026;10:00;22.1;2;NUAGEUX;3;10.8;0
Brive-la-Gaillarde;45.15;1.53;26/09/2026;11:00;22.6;2;NUAGEUX;3;10.1;0
Brive-la-Gaillarde;45.15;1.53;26/09/2026;12:00;24.4;2;NUAGEUX;3;7.6;0
Brive-la-Gaillarde;45.15;1.53;26/09/2026;13:00;25.5;0;SOLEIL;3;7.6;0
Brive-la-Gaillarde;45.15;1.53;26/09/2026;14:00;26.1;0;SOLEIL;2;7.6;0
Brive-la-Gaillarde;45.15;1.53;26/09/2026;15:00;26.4;0;SOLEIL;2;8.3;0
Brive-la-Gaillarde;45.15;1.53;26/09/2026;16:00;25.6;0;SOLEIL;2;9.0;0
Brive-la-Gaillarde;45.15;1.53;26/09/2026;17:00;24.6;0;SOLEIL;2;9.0;0
Brive-la-Gaillarde;45.15;1.53;26/09/2026;18:00;23.2;0;SOLEIL;2;10.8;0
Brive-la-Gaillarde;45.15;1.53;26/09/2026;19:00;21.4;0;SOLEIL;2;12.2;0
Brive-la-Gaillarde;45.15;1.53;26/09/2026;20:00;19.7;0;SOLEIL;2;13.3;0
Brive-la-Gaillarde;45.15;1.53;26/09/2026;21:00;19;0;SOLEIL;2;9.0;0
Brive-la-Gaillarde;45.15;1.53;26/09/2026;22:00;18.1;0;SOLEIL;1;7.6;0
Brive-la-Gaillarde;45.15;1.53;26/09/2026;23:00;17.4;0;SOLEIL;1;8.6;0
Brive-la-Gaillarde;45.15;1.53;27/09/2026;00:00;16.7;0;SOLEIL;1;8.3;0
Brive-la-Gaillarde;45.15;1.53;27/09/2026;01:00;16.7;0;SOLEIL;1;6.5;0
Brive-la-Gaillarde;45.15;1.53;27/09/2026;02:00;15.6;5;SOLEIL VOILÉ;2;4.3;0
Brive-la-Gaillarde;45.15;1.53;27/09/2026;03:00;15.6;5;SOLEIL VOILÉ;2;4.7;0
Brive-la-Gaillarde;45.15;1.53;27/09/2026;04:00;15.6;5;SOLEIL VOILÉ;2;5.0;0
Brive-la-Gaillarde;45.15;1.53;27/09/2026;05:00;16.1;5;SOLEIL VOILÉ;2;5.4;0
Brive-la-Gaillarde;45.15;1.53;27/09/2026;06:00;16.1;5;SOLEIL VOILÉ;2;6.5;0
Brive-la-Gaillarde;45.15;1.53;27/09/2026;07:00;16.1;5;SOLEIL VOILÉ;2;6.8;0
Brive-la-Gaillarde;45.15;1.53;27/09/2026;08:00;23;5;SOLEIL VOILÉ;3;8.3;0
Brive-la-Gaillarde;45.15;1.53;27/09/2026;09:00;23;5;SOLEIL VOILÉ;3;10.8;0
Brive-la-Gaillarde;45.15;1.53;27/09/2026;10:00;23;5;SOLEIL VOILÉ;3;19.1;0
Brive-la-Gaillarde;45.15;1.53;27/09/2026;11:00;26.9;5;SOLEIL VOILÉ;3;23.8;0
Brive-la-Gaillarde;45.15;1.53;27/09/2026;12:00;26.9;5;SOLEIL VOILÉ;3;30.6;0
Brive-la-Gaillarde;45.15;1.53;27/09/2026;13:00;26.9;5;SOLEIL VOILÉ;3;30.2;0
Brive-la-Gaillarde;45.15;1.53;27/09/2026;14:00;25.6;5;SOLEIL VOILÉ;3;28.8;0
Brive-la-Gaillarde;45.15;1.53;27/09/2026;15:00;25.6;5;SOLEIL VOILÉ;3;24.1;0
Brive-la-Gaillarde;45.15;1.53;27/09/2026;16:00;25.6;5;SOLEIL VOILÉ;3;22.3;0
Brive-la-Gaillarde;45.15;1.53;27/09/2026;17:00;22.6;5;SOLEIL VOILÉ;3;20.9;0
Brive-la-Gaillarde;45.15;1.53;27/09/2026;18:00;22.6;5;SOLEIL VOILÉ;3;13.7;0
Brive-la-Gaillarde;45.15;1.53;27/09/2026;19:00;22.6;5;SOLEIL VOILÉ;3;22.0;0
Brive-la-Gaillarde;45.15;1.53;27/09/2026;20:00;19.6;5;SOLEIL VOILÉ;3;22.7;0
Brive-la-Gaillarde;45.15;1.53;27/09/2026;21:00;19.6;5;SOLEIL VOILÉ;3;20.2;0
Brive-la-Gaillarde;45.15;1.53;27/09/2026;22:00;19.6;5;SOLEIL VOILÉ;3;19.1;0
Brive-la-Gaillarde;45.15;1.53;27/09/2026;23:00;18.2;10;ORAGEUX;2;15.5;0
Brive-la-Gaillarde;45.15;1.53;28/09/2026;00:00;18.2;10;ORAGEUX;2;11.5;0
Brive-la-Gaillarde;45.15;1.53;28/09/2026;01:00;18.2;10;ORAGEUX;2;13.0;0
Brive-la-Gaillarde;45.15;1.53;28/09/2026;02:00;18;10;ORAGEUX;2;6.1;0
Brive-la-Gaillarde;45.15;1.53;28/09/2026;03:00;18;10;ORAGEUX;2;9.4;0
Brive-la-Gaillarde;45.15;1.53;28/09/2026;04:00;18;10;ORAGEUX;2;11.2;0
Brive-la-Gaillarde;45.15;1.53;28/09/2026;05:00;17.5;10;ORAGEUX;2;16.9;0
Brive-la-Gaillarde;45.15;1.53;28/09/2026;06:00;17.5;10;ORAGEUX;2;16.9;0
Brive-la-Gaillarde;45.15;1.53;28/09/2026;07:00;17.5;10;ORAGEUX;2;15.1;0
Brive-la-Gaillarde;45.15;1.53;28/09/2026;08:00;19.7;10;ORAGEUX;2;20.2;0
Brive-la-Gaillarde;45.15;1.53;28/09/2026;09:00;19.7;10;ORAGEUX;2;25.2;0
Brive-la-Gaillarde;45.15;1.53;28/09/2026;10:00;19.7;10;ORAGEUX;2;31.3;0
Brive-la-Gaillarde;45.15;1.53;28/09/2026;11:00;22.2;5;SOLEIL VOILÉ;3;36.7;0
Brive-la-Gaillarde;45.15;1.53;28/09/2026;12:00;22.2;5;SOLEIL VOILÉ;3;40.7;0
Brive-la-Gaillarde;45.15;1.53;28/09/2026;13:00;22.2;5;SOLEIL VOILÉ;3;43.6;0
Brive-la-Gaillarde;45.15;1.53;28/09/2026;14:00;21.7;6;AVERSES;3;43.2;0
Brive-la-Gaillarde;45.15;1.53;28/09/2026;15:00;21.7;6;AVERSES;3;38.2;0
Brive-la-Gaillarde;45.15;1.53;28/09/2026;16:00;21.7;6;AVERSES;3;30.6;0
Brive-la-Gaillarde;45.15;1.53;28/09/2026;17:00;21.6;0;SOLEIL;3;23.0;0
Brive-la-Gaillarde;45.15;1.53;28/09/2026;18:00;21.6;0;SOLEIL;3;16.2;0
Brive-la-Gaillarde;45.15;1.53;28/09/2026;19:00;21.6;0;SOLEIL;3;10.1;0
Brive-la-Gaillarde;45.15;1.53;28/09/2026;20:00;19.5;10;ORAGEUX;5;6.5;0
Brive-la-Gaillarde;45.15;1.53;28/09/2026;21:00;18.8;10;ORAGEUX;5;7.2;0
Brive-la-Gaillarde;45.15;1.53;28/09/2026;22:00;18.1;10;ORAGEUX;5;10.4;0
Brive-la-Gaillarde;45.15;1.53;28/09/2026;23:00;18.9;0;SOLEIL;5;14.4;0
Brive-la-Gaillarde;45.15;1.53;29/09/2026;00:00;18.9;0;SOLEIL;5;19.1;0
Brive-la-Gaillarde;45.15;1.53;29/09/2026;01:00;18.9;0;SOLEIL;5;24.5;0
Brive-la-Gaillarde;45.15;1.53;29/09/2026;02:00;18.6;2;NUAGEUX;5;28.4;0
Brive-la-Gaillarde;45.15;1.53;29/09/2026;03:00;18.6;2;NUAGEUX;5;29.9;0
Brive-la-Gaillarde;45.15;1.53;29/09/2026;04:00;18.6;2;NUAGEUX;5;30.2;0
Brive-la-Gaillarde;45.15;1.53;29/09/2026;05:00;19.2;0;SOLEIL;6;29.9;0
Brive-la-Gaillarde;45.15;1.53;29/09/2026;06:00;19.2;0;SOLEIL;6;28.4;0
Brive-la-Gaillarde;45.15;1.53;29/09/2026;07:00;19.2;0;SOLEIL;6;26.3;0
Brive-la-Gaillarde;45.15;1.53;29/09/2026;08:00;21.4;2;NUAGEUX;5;26.3;0
Brive-la-Gaillarde;45.15;1.53;29/09/2026;09:00;22.8;2;NUAGEUX;5;30.6;0
Brive-la-Gaillarde;45.15;1.53;29/09/2026;10:00;24.2;2;NUAGEUX;5;36.7;0
Brive-la-Gaillarde;45.15;1.53;29/09/2026;11:00;29.1;2;NUAGEUX;6;41.4;0
Brive-la-Gaillarde;45.15;1.53;29/09/2026;12:00;29.1;2;NUAGEUX;6;42.1;0
Brive-la-Gaillarde;45.15;1.53;29/09/2026;13:00;29.1;2;NUAGEUX;6;41.4;0
Brive-la-Gaillarde;45.15;1.53;29/09/2026;14:00;29.7;2;NUAGEUX;5;40.3;0
Brive-la-Gaillarde;45.15;1.53;29/09/2026;15:00;31.1;2;NUAGEUX;5;40.3;0
Brive-la-Gaillarde;45.15;1.53;29/09/2026;16:00;29.7;2;NUAGEUX;5;40.0;0
Brive-la-Gaillarde;45.15;1.53;29/09/2026;17:00;26.2;2;NUAGEUX;3;37.8;0
Brive-la-Gaillarde;45.15;1.53;29/09/2026;18:00;26.2;2;NUAGEUX;3;32.4;0
Brive-la-Gaillarde;45.15;1.53;29/09/2026;19:00;26.2;2;NUAGEUX;3;25.6;0
Brive-la-Gaillarde;45.15;1.53;29/09/2026;20:00;24.2;2;NUAGEUX;5;19.8;0
Brive-la-Gaillarde;45.15;1.53;29/09/2026;21:00;22.8;2;NUAGEUX;5;15.5;0
Brive-la-Gaillarde;45.15;1.53;29/09/2026;22:00;21.4;2;NUAGEUX;5;12.2;0
Brive-la-Gaillarde;45.15;1.53;29/09/2026;23:00;22;2;NUAGEUX;6;11.9;0
Brive-la-Gaillarde;45.15;1.53;30/09/2026;00:00;22;2;NUAGEUX;6;16.7;0
Brive-la-Gaillarde;45.15;1.53;30/09/2026;01:00;22;2;NUAGEUX;6;23.9;0
Brive-la-Gaillarde;45.15;1.53;30/09/2026;02:00;19.1;2;NUAGEUX;5;28.9;0
Brive-la-Gaillarde;45.15;1.53;30/09/2026;03:00;19.1;2;NUAGEUX;5;29.5;0
Brive-la-Gaillarde;45.15;1.53;30/09/2026;04:00;19.1;2;NUAGEUX;5;28.4;0
Brive-la-Gaillarde;45.15;1.53;30/09/2026;05:00;20;2;NUAGEUX;5;27.7;0
Brive-la-Gaillarde;45.15;1.53;30/09/2026;06:00;20;2;NUAGEUX;5;27.7;0
Brive-la-Gaillarde;45.15;1.53;30/09/2026;07:00;20;2;NUAGEUX;5;27.4;0
Brive-la-Gaillarde;45.15;1.53;30/09/2026;08:00;20.8;2;NUAGEUX;5;28.4;0
Brive-la-Gaillarde;45.15;1.53;30/09/2026;09:00;21.6;2;NUAGEUX;5;31.0;0
Brive-la-Gaillarde;45.15;1.53;30/09/2026;10:00;22.5;2;NUAGEUX;5;34.6;0
Brive-la-Gaillarde;45.15;1.53;30/09/2026;11:00;26.1;2;NUAGEUX;5;37.4;0
Brive-la-Gaillarde;45.15;1.53;30/09/2026;12:00;26.1;2;NUAGEUX;5;39.6;0
Brive-la-Gaillarde;45.15;1.53;30/09/2026;13:00;26.1;2;NUAGEUX;5;41.4;0
Brive-la-Gaillarde;45.15;1.53;30/09/2026;14:00;25.9;2;NUAGEUX;5;42.5;0
Brive-la-Gaillarde;45.15;1.53;30/09/2026;15:00;26.7;2;NUAGEUX;5;42.8;0
Brive-la-Gaillarde;45.15;1.53;30/09/2026;16:00;25.9;2;NUAGEUX;5;42.8;0
Brive-la-Gaillarde;45.15;1.53;30/09/2026;17:00;22.2;7;PLUIE FAIBLE;3;41.0;0
Brive-la-Gaillarde;45.15;1.53;30/09/2026;18:00;22.2;7;PLUIE FAIBLE;3;37.1;0
Brive-la-Gaillarde;45.15;1.53;30/09/2026;19:00;22.2;7;PLUIE FAIBLE;3;31.7;0
Brive-la-Gaillarde;45.15;1.53;30/09/2026;20:00;22.5;2;NUAGEUX;5;25.6;0
Brive-la-Gaillarde;45.15;1.53;30/09/2026;21:00;21.6;2;NUAGEUX;5;17.3;0
Brive-la-Gaillarde;45.15;1.53;30/09/2026;22:00;20.8;2;NUAGEUX;5;8.6;0
Brive-la-Gaillarde;45.15;1.53;30/09/2026;23:00;18.1;6;AVERSES;2;4.0;0
Tulle;45.26;1.77;26/09/2026;00:00;17.6;0;SOLEIL;2;13.3;0
Tulle;45.26;1.77;26/09/2026;01:00;17;0;SOLEIL;2;13.0;0
Tulle;45.26;1.77;26/09/2026;02:00;15.9;0;SOLEIL;2;11.2;0
Tulle;45.26;1.77;26/09/2026;03:00;16.1;2;NUAGEUX;2;10.1;0
Tulle;45.26;1.77;26/09/2026;04:00;16;2;NUAGEUX;2;12.2;0
Tulle;45.26;1.77;26/09/2026;05:00;15.9;2;NUAGEUX;2;14.0;0
Tulle;45.26;1.77;26/09/2026;06:00;16.2;2;NUAGEUX;1;10.1;0
Tulle;45.26;1.77;26/09/2026;07:00;16.1;2;NUAGEUX;1;4.7;0
Tulle;45.26;1.77;26/09/2026;08:00;17.7;2;NUAGEUX;1;5.4;0
Tulle;45.26;1.77;26/09/2026;09:00;19.4;2;NUAGEUX;1;6.5;0
Tulle;45.26;1.77;26/09/2026;10:00;21.1;2;NUAGEUX;2;7.9;0
Tulle;45.26;1.77;26/09/2026;11:00;23.2;2;NUAGEUX;0;14.0;0
Tulle;45.26;1.77;26/09/2026;12:00;24.4;0;SOLEIL;0;14.8;0
Tulle;45.26;1.77;26/09/2026;13:00;25.1;0;SOLEIL;1;19.4;0
Tulle;45.26;1.77;26/09/2026;14:00;26.2;0;SOLEIL;2;18.7;0
Tulle;45.26;1.77;26/09/2026;15:00;26.9;0;SOLEIL;2;19.8;0
Tulle;45.26;1.77;26/09/2026;16:00;27;0;SOLEIL;2;17.3;0
Tulle;45.26;1.77;26/09/2026;17:00;26.1;0;SOLEIL;1;11.9;0
Tulle;45.26;1.77;26/09/2026;18:00;25.1;0;SOLEIL;1;10.8;0
Tulle;45.26;1.77;26/09/2026;19:00;23.1;0;SOLEIL;0;10.1;0
Tulle;45.26;1.77;26/09/2026;20:00;21.9;0;SOLEIL;1;10.8;0
Tulle;45.26;1.77;26/09/2026;21:00;20.7;0;SOLEIL;1;8.3;0
Tulle;45.26;1.77;26/09/2026;22:00;19.6;0;SOLEIL;2;7.9;0
Tulle;45.26;1.77;26/09/2026;23:00;18.7;0;SOLEIL;1;7.2;0
Tulle;45.26;1.77;27/09/2026;00:00;18.4;0;SOLEIL;2;7.2;0
Tulle;45.26;1.77;27/09/2026;01:00;18.4;0;SOLEIL;2;5.4;0
Tulle;45.26;1.77;27/09/2026;02:00;16;0;SOLEIL;2;5.0;0
Tulle;45.26;1.77;27/09/2026;03:00;16;0;SOLEIL;2;4.9;0
Tulle;45.26;1.77;27/09/2026;04:00;16;0;SOLEIL;2;5.9;0
Tulle;45.26;1.77;27/09/2026;05:00;15.1;5;SOLEIL VOILÉ;2;7.1;0
Tulle;45.26;1.77;27/09/2026;06:00;15.1;5;SOLEIL VOILÉ;2;9.4;0
Tulle;45.26;1.77;27/09/2026;07:00;15.1;5;SOLEIL VOILÉ;2;10.4;0
Tulle;45.26;1.77;27/09/2026;08:00;23.4;5;SOLEIL VOILÉ;3;10.1;0
Tulle;45.26;1.77;27/09/2026;09:00;23.4;5;SOLEIL VOILÉ;3;10.1;0
Tulle;45.26;1.77;27/09/2026;10:00;23.4;5;SOLEIL VOILÉ;3;10.1;0
Tulle;45.26;1.77;27/09/2026;11:00;28.6;5;SOLEIL VOILÉ;4;23.4;0
Tulle;45.26;1.77;27/09/2026;12:00;28.6;5;SOLEIL VOILÉ;4;36.7;0
Tulle;45.26;1.77;27/09/2026;13:00;28.6;5;SOLEIL VOILÉ;4;37.8;0
Tulle;45.26;1.77;27/09/2026;14:00;30.7;5;SOLEIL VOILÉ;3;36.4;0
Tulle;45.26;1.77;27/09/2026;15:00;30.7;5;SOLEIL VOILÉ;3;34.6;0
Tulle;45.26;1.77;27/09/2026;16:00;30.7;5;SOLEIL VOILÉ;3;32.0;0
Tulle;45.26;1.77;27/09/2026;17:00;28.1;5;SOLEIL VOILÉ;2;31.0;0
Tulle;45.26;1.77;27/09/2026;18:00;28.1;5;SOLEIL VOILÉ;2;30.2;0
Tulle;45.26;1.77;27/09/2026;19:00;28.1;5;SOLEIL VOILÉ;2;29.9;0
Tulle;45.26;1.77;27/09/2026;20:00;21.6;5;SOLEIL VOILÉ;4;28.1;0
Tulle;45.26;1.77;27/09/2026;21:00;21.6;5;SOLEIL VOILÉ;4;25.6;0
Tulle;45.26;1.77;27/09/2026;22:00;21.6;5;SOLEIL VOILÉ;4;24.1;0
Tulle;45.26;1.77;27/09/2026;23:00;19.6;5;SOLEIL VOILÉ;2;22.7;0
Tulle;45.26;1.77;28/09/2026;00:00;19.6;5;SOLEIL VOILÉ;2;19.4;0
Tulle;45.26;1.77;28/09/2026;01:00;19.6;5;SOLEIL VOILÉ;2;15.1;0
Tulle;45.26;1.77;28/09/2026;02:00;18.9;5;SOLEIL VOILÉ;2;14.0;0
Tulle;45.26;1.77;28/09/2026;03:00;18.9;5;SOLEIL VOILÉ;2;12.6;0
Tulle;45.26;1.77;28/09/2026;04:00;18.9;5;SOLEIL VOILÉ;2;10.1;0
Tulle;45.26;1.77;28/09/2026;05:00;18.7;10;ORAGEUX;2;10.4;0
Tulle;45.26;1.77;28/09/2026;06:00;18.7;10;ORAGEUX;2;10.4;0
Tulle;45.26;1.77;28/09/2026;07:00;18.7;10;ORAGEUX;2;12.2;0
Tulle;45.26;1.77;28/09/2026;08:00;22.7;5;SOLEIL VOILÉ;3;12.2;0
Tulle;45.26;1.77;28/09/2026;09:00;22.7;5;SOLEIL VOILÉ;3;16.2;0
Tulle;45.26;1.77;28/09/2026;10:00;22.7;5;SOLEIL VOILÉ;3;21.2;0
Tulle;45.26;1.77;28/09/2026;11:00;26.6;5;SOLEIL VOILÉ;4;26.3;0
Tulle;45.26;1.77;28/09/2026;12:00;26.6;5;SOLEIL VOILÉ;4;30.6;0
Tulle;45.26;1.77;28/09/2026;13:00;26.6;5;SOLEIL VOILÉ;4;34.2;0
Tulle;45.26;1.77;28/09/2026;14:00;28.1;5;SOLEIL VOILÉ;2;37.1;0
Tulle;45.26;1.77;28/09/2026;15:00;28.1;5;SOLEIL VOILÉ;2;38.2;0
Tulle;45.26;1.77;28/09/2026;16:00;28.1;5;SOLEIL VOILÉ;2;38.2;0
Tulle;45.26;1.77;28/09/2026;17:00;27.4;5;SOLEIL VOILÉ;3;37.4;0
Tulle;45.26;1.77;28/09/2026;18:00;27.4;5;SOLEIL VOILÉ;3;36.0;0
Tulle;45.26;1.77;28/09/2026;19:00;27.4;5;SOLEIL VOILÉ;3;33.8;0
Tulle;45.26;1.77;28/09/2026;20:00;23.1;10;ORAGEUX;5;32.0;0
Tulle;45.26;1.77;28/09/2026;21:00;21.9;10;ORAGEUX;5;31.7;0
Tulle;45.26;1.77;28/09/2026;22:00;20.6;10;ORAGEUX;5;31.7;0
Tulle;45.26;1.77;28/09/2026;23:00;18.6;0;SOLEIL;4;31.3;0
Tulle;45.26;1.77;29/09/2026;00:00;18.6;0;SOLEIL;4;29.9;0
Tulle;45.26;1.77;29/09/2026;01:00;18.6;0;SOLEIL;4;27.7;0
Tulle;45.26;1.77;29/09/2026;02:00;16.5;0;SOLEIL;5;26.3;0
Tulle;45.26;1.77;29/09/2026;03:00;16.5;0;SOLEIL;5;25.6;0
Tulle;45.26;1.77;29/09/2026;04:00;16.5;0;SOLEIL;5;25.2;0
Tulle;45.26;1.77;29/09/2026;05:00;17.5;0;SOLEIL;4;24.5;0
Tulle;45.26;1.77;29/09/2026;06:00;17.5;0;SOLEIL;4;22.3;0
Tulle;45.26;1.77;29/09/2026;07:00;17.5;0;SOLEIL;4;20.2;0
Tulle;45.26;1.77;29/09/2026;08:00;20.3;0;SOLEIL;5;20.9;0
Tulle;45.26;1.77;29/09/2026;09:00;22.1;0;SOLEIL;5;27.0;0
Tulle;45.26;1.77;29/09/2026;10:00;24.0;0;SOLEIL;5;35.6;0
Tulle;45.26;1.77;29/09/2026;11:00;31.2;0;SOLEIL;6;42.1;0
Tulle;45.26;1.77;29/09/2026;12:00;31.2;0;SOLEIL;6;43.6;0
Tulle;45.26;1.77;29/09/2026;13:00;31.2;0;SOLEIL;6;42.5;0
Tulle;45.26;1.77;29/09/2026;14:00;31.5;0;SOLEIL;5;40.7;0
Tulle;45.26;1.77;29/09/2026;15:00;33.4;0;SOLEIL;5;37.8;0
Tulle;45.26;1.77;29/09/2026;16:00;31.5;0;SOLEIL;5;34.6;0
Tulle;45.26;1.77;29/09/2026;17:00;27.6;2;NUAGEUX;4;33.1;0
Tulle;45.26;1.77;29/09/2026;18:00;27.6;2;NUAGEUX;4;36.0;0
Tulle;45.26;1.77;29/09/2026;19:00;27.6;2;NUAGEUX;4;40.7;0
Tulle;45.26;1.77;29/09/2026;20:00;24.0;0;SOLEIL;5;43.6;0
Tulle;45.26;1.77;29/09/2026;21:00;22.1;0;SOLEIL;5;42.8;0
Tulle;45.26;1.77;29/09/2026;22:00;20.3;0;SOLEIL;5;40.0;0
Tulle;45.26;1.77;29/09/2026;23:00;21.9;0;SOLEIL;4;36.4;0
Tulle;45.26;1.77;30/09/2026;00:00;21.9;0;SOLEIL;4;30.7;0
Tulle;45.26;1.77;30/09/2026;01:00;21.9;0;SOLEIL;4;24.1;0
Tulle;45.26;1.77;30/09/2026;02:00;18.5;6;AVERSES;5;19.0;0
Tulle;45.26;1.77;30/09/2026;03:00;18.5;6;AVERSES;5;15.8;0
Tulle;45.26;1.77;30/09/2026;04:00;18.5;6;AVERSES;5;15.1;0
Tulle;45.26;1.77;30/09/2026;05:00;19.6;2;NUAGEUX;3;14.8;0
Tulle;45.26;1.77;30/09/2026;06:00;19.6;2;NUAGEUX;3;13.7;0
Tulle;45.26;1.77;30/09/2026;07:00;19.6;2;NUAGEUX;3;12.6;0
Tulle;45.26;1.77;30/09/2026;08:00;21.1;6;AVERSES;5;14.8;0
Tulle;45.26;1.77;30/09/2026;09:00;22.4;6;AVERSES;5;22.7;0
Tulle;45.26;1.77;30/09/2026;10:00;23.7;6;AVERSES;5;33.1;0
Tulle;45.26;1.77;30/09/2026;11:00;29.6;2;NUAGEUX;4;40.7;0
Tulle;45.26;1.77;30/09/2026;12:00;29.6;2;NUAGEUX;4;41.8;0
Tulle;45.26;1.77;30/09/2026;13:00;29.6;2;NUAGEUX;4;39.2;0
Tulle;45.26;1.77;30/09/2026;14:00;28.9;6;AVERSES;5;37.1;0
Tulle;45.26;1.77;30/09/2026;15:00;30.2;6;AVERSES;5;36.0;0
Tulle;45.26;1.77;30/09/2026;16:00;28.9;6;AVERSES;5;35.3;0
Tulle;45.26;1.77;30/09/2026;17:00;24.9;6;AVERSES;3;34.2;0
Tulle;45.26;1.77;30/09/2026;18:00;24.9;6;AVERSES;3;32.4;0
Tulle;45.26;1.77;30/09/2026;19:00;24.9;6;AVERSES;3;30.2;0
Tulle;45.26;1.77;30/09/2026;20:00;23.7;6;AVERSES;5;29.2;0
Tulle;45.26;1.77;30/09/2026;21:00;22.4;6;AVERSES;5;29.9;0
Tulle;45.26;1.77;30/09/2026;22:00;21.1;6;AVERSES;5;31.7;0
Tulle;45.26;1.77;30/09/2026;23:00;20.6;6;AVERSES;3;32.8;0
Guéret;46.17;1.87;26/09/2026;00:00;14.4;0;SOLEIL;1;1.4;0
Guéret;46.17;1.87;26/09/2026;01:00;13.9;0;SOLEIL;0;1.1;0
Guéret;46.17;1.87;26/09/2026;02:00;13.2;0;SOLEIL;0;1.4;0
Guéret;46.17;1.87;26/09/2026;03:00;13.4;0;SOLEIL;0;1.1;0
Guéret;46.17;1.87;26/09/2026;04:00;13.9;2;NUAGEUX;0;1.1;0
Guéret;46.17;1.87;26/09/2026;05:00;13.6;2;NUAGEUX;0;1.4;0
Guéret;46.17;1.87;26/09/2026;06:00;14;2;NUAGEUX;0;1.8;0
Guéret;46.17;1.87;26/09/2026;07:00;14.5;2;NUAGEUX;0;5.8;0
Guéret;46.17;1.87;26/09/2026;08:00;15.9;2;NUAGEUX;0;6.1;0
Guéret;46.17;1.87;26/09/2026;09:00;17.7;2;NUAGEUX;1;5.4;0
Guéret;46.17;1.87;26/09/2026;10:00;19.6;2;NUAGEUX;1;10.4;0
Guéret;46.17;1.87;26/09/2026;11:00;21.5;2;NUAGEUX;1;13.7;0
Guéret;46.17;1.87;26/09/2026;12:00;23.1;0;SOLEIL;2;17.3;0
Guéret;46.17;1.87;26/09/2026;13:00;25.1;0;SOLEIL;2;17.3;0
Guéret;46.17;1.87;26/09/2026;14:00;26.6;0;SOLEIL;2;17.3;0
Guéret;46.17;1.87;26/09/2026;15:00;26.7;0;SOLEIL;2;14.8;0
Guéret;46.17;1.87;26/09/2026;16:00;26.6;0;SOLEIL;1;12.6;0
Guéret;46.17;1.87;26/09/2026;17:00;24.9;0;SOLEIL;1;9.4;0
Guéret;46.17;1.87;26/09/2026;18:00;22.5;0;SOLEIL;1;6.1;0
Guéret;46.17;1.87;26/09/2026;19:00;19.7;0;SOLEIL;1;5.0;0
Guéret;46.17;1.87;26/09/2026;20:00;17.6;0;SOLEIL;1;5.4;0
Guéret;46.17;1.87;26/09/2026;21:00;16;0;SOLEIL;1;6.5;0
Guéret;46.17;1.87;26/09/2026;22:00;15.1;0;SOLEIL;1;6.1;0
Guéret;46.17;1.87;26/09/2026;23:00;14.6;0;SOLEIL;1;5.4;0
Guéret;46.17;1.87;27/09/2026;00:00;14.2;0;SOLEIL;1;6.1;0
Guéret;46.17;1.87;27/09/2026;01:00;14.2;0;SOLEIL;1;6.1;0
Guéret;46.17;1.87;27/09/2026;02:00;14.5;0;SOLEIL;2;6.5;0
Guéret;46.17;1.87;27/09/2026;03:00;14.5;0;SOLEIL;2;6.7;0
Guéret;46.17;1.87;27/09/2026;04:00;14.5;0;SOLEIL;2;7.4;0
Guéret;46.17;1.87;27/09/2026;05:00;13.4;0;SOLEIL;3;7.7;0
Guéret;46.17;1.87;27/09/2026;06:00;13.4;0;SOLEIL;3;8.3;0
Guéret;46.17;1.87;27/09/2026;07:00;13.4;0;SOLEIL;3;9.4;0
Guéret;46.17;1.87;27/09/2026;08:00;23.1;5;SOLEIL VOILÉ;3;9.0;0
Guéret;46.17;1.87;27/09/2026;09:00;23.1;5;SOLEIL VOILÉ;3;9.0;0
Guéret;46.17;1.87;27/09/2026;10:00;23.1;5;SOLEIL VOILÉ;3;11.2;0
Guéret;46.17;1.87;27/09/2026;11:00;29.1;5;SOLEIL VOILÉ;3;20.9;0
Guéret;46.17;1.87;27/09/2026;12:00;29.1;5;SOLEIL VOILÉ;3;29.9;0
Guéret;46.17;1.87;27/09/2026;13:00;29.1;5;SOLEIL VOILÉ;3;32.4;0
Guéret;46.17;1.87;27/09/2026;14:00;30.4;5;SOLEIL VOILÉ;3;34.9;0
Guéret;46.17;1.87;27/09/2026;15:00;30.4;5;SOLEIL VOILÉ;3;34.9;0
Guéret;46.17;1.87;27/09/2026;16:00;30.4;5;SOLEIL VOILÉ;3;32.8;0
Guéret;46.17;1.87;27/09/2026;17:00;25.6;5;SOLEIL VOILÉ;3;30.2;0
Guéret;46.17;1.87;27/09/2026;18:00;25.6;5;SOLEIL VOILÉ;3;28.8;0
Guéret;46.17;1.87;27/09/2026;19:00;25.6;5;SOLEIL VOILÉ;3;26.3;0
Guéret;46.17;1.87;27/09/2026;20:00;19.1;5;SOLEIL VOILÉ;3;20.9;0
Guéret;46.17;1.87;27/09/2026;21:00;19.1;5;SOLEIL VOILÉ;3;18.4;0
Guéret;46.17;1.87;27/09/2026;22:00;19.1;5;SOLEIL VOILÉ;3;18.0;0
Guéret;46.17;1.87;27/09/2026;23:00;16.7;5;SOLEIL VOILÉ;2;13.0;0
Guéret;46.17;1.87;28/09/2026;00:00;16.7;5;SOLEIL VOILÉ;2;10.8;0
Guéret;46.17;1.87;28/09/2026;01:00;16.7;5;SOLEIL VOILÉ;2;10.4;0
Guéret;46.17;1.87;28/09/2026;02:00;16.9;5;SOLEIL VOILÉ;2;10.8;0
Guéret;46.17;1.87;28/09/2026;03:00;16.9;5;SOLEIL VOILÉ;2;10.4;0
Guéret;46.17;1.87;28/09/2026;04:00;16.9;5;SOLEIL VOILÉ;2;10.4;0
Guéret;46.17;1.87;28/09/2026;05:00;16.6;5;SOLEIL VOILÉ;3;9.7;0
Guéret;46.17;1.87;28/09/2026;06:00;16.6;5;SOLEIL VOILÉ;3;10.1;0
Guéret;46.17;1.87;28/09/2026;07:00;16.6;5;SOLEIL VOILÉ;3;11.2;0
Guéret;46.17;1.87;28/09/2026;08:00;21.4;5;SOLEIL VOILÉ;3;11.5;0
Guéret;46.17;1.87;28/09/2026;09:00;21.4;5;SOLEIL VOILÉ;3;14.8;0
Guéret;46.17;1.87;28/09/2026;10:00;21.4;5;SOLEIL VOILÉ;3;18.7;0
Guéret;46.17;1.87;28/09/2026;11:00;26.9;5;SOLEIL VOILÉ;3;22.7;0
Guéret;46.17;1.87;28/09/2026;12:00;26.9;5;SOLEIL VOILÉ;3;25.9;0
Guéret;46.17;1.87;28/09/2026;13:00;26.9;5;SOLEIL VOILÉ;3;28.8;0
Guéret;46.17;1.87;28/09/2026;14:00;27.9;5;SOLEIL VOILÉ;3;31.0;0
Guéret;46.17;1.87;28/09/2026;15:00;27.9;5;SOLEIL VOILÉ;3;32.4;0
Guéret;46.17;1.87;28/09/2026;16:00;27.9;5;SOLEIL VOILÉ;3;32.8;0
Guéret;46.17;1.87;28/09/2026;17:00;24.6;5;SOLEIL VOILÉ;3;32.4;0
Guéret;46.17;1.87;28/09/2026;18:00;24.6;5;SOLEIL VOILÉ;3;29.9;0
Guéret;46.17;1.87;28/09/2026;19:00;24.6;5;SOLEIL VOILÉ;3;26.6;0
Guéret;46.17;1.87;28/09/2026;20:00;21.7;5;SOLEIL VOILÉ;5;24.1;0
Guéret;46.17;1.87;28/09/2026;21:00;20.3;5;SOLEIL VOILÉ;5;23.8;0
Guéret;46.17;1.87;28/09/2026;22:00;18.9;5;SOLEIL VOILÉ;5;24.1;0
Guéret;46.17;1.87;28/09/2026;23:00;15.4;0;SOLEIL;4;24.5;0
Guéret;46.17;1.87;29/09/2026;00:00;15.4;0;SOLEIL;4;24.5;0
Guéret;46.17;1.87;29/09/2026;01:00;15.4;0;SOLEIL;4;24.5;0
Guéret;46.17;1.87;29/09/2026;02:00;14.6;0;SOLEIL;5;24.8;0
Guéret;46.17;1.87;29/09/2026;03:00;14.6;0;SOLEIL;5;25.6;0
Guéret;46.17;1.87;29/09/2026;04:00;14.6;0;SOLEIL;5;26.6;0
Guéret;46.17;1.87;29/09/2026;05:00;15.7;0;SOLEIL;5;26.6;0
Guéret;46.17;1.87;29/09/2026;06:00;15.7;0;SOLEIL;5;24.8;0
Guéret;46.17;1.87;29/09/2026;07:00;15.7;0;SOLEIL;5;22.3;0
Guéret;46.17;1.87;29/09/2026;08:00;18.3;0;SOLEIL;5;22.0;0
Guéret;46.17;1.87;29/09/2026;09:00;20.1;0;SOLEIL;5;25.9;0
Guéret;46.17;1.87;29/09/2026;10:00;21.9;0;SOLEIL;5;32.4;0
Guéret;46.17;1.87;29/09/2026;11:00;29.1;0;SOLEIL;6;37.4;0
Guéret;46.17;1.87;29/09/2026;12:00;29.1;0;SOLEIL;6;40.0;0
Guéret;46.17;1.87;29/09/2026;13:00;29.1;0;SOLEIL;6;40.7;0
Guéret;46.17;1.87;29/09/2026;14:00;29.3;0;SOLEIL;5;41.0;0
Guéret;46.17;1.87;29/09/2026;15:00;31.1;0;SOLEIL;5;40.3;0
Guéret;46.17;1.87;29/09/2026;16:00;29.3;0;SOLEIL;5;38.5;0
Guéret;46.17;1.87;29/09/2026;17:00;23.1;2;NUAGEUX;4;37.1;0
Guéret;46.17;1.87;29/09/2026;18:00;23.1;2;NUAGEUX;4;36.4;0
Guéret;46.17;1.87;29/09/2026;19:00;23.1;2;NUAGEUX;4;35.6;0
Guéret;46.17;1.87;29/09/2026;20:00;21.9;0;SOLEIL;5;34.2;0
Guéret;46.17;1.87;29/09/2026;21:00;20.1;0;SOLEIL;5;31.7;0
Guéret;46.17;1.87;29/09/2026;22:00;18.3;0;SOLEIL;5;28.8;0
Guéret;46.17;1.87;29/09/2026;23:00;18.4;0;SOLEIL;5;26.3;0
Guéret;46.17;1.87;30/09/2026;00:00;18.4;0;SOLEIL;5;24.0;0
Guéret;46.17;1.87;30/09/2026;01:00;18.4;0;SOLEIL;5;21.2;0
Guéret;46.17;1.87;30/09/2026;02:00;16;2;NUAGEUX;5;18.5;0
Guéret;46.17;1.87;30/09/2026;03:00;16;2;NUAGEUX;5;16.6;0
Guéret;46.17;1.87;30/09/2026;04:00;16;2;NUAGEUX;5;16.2;0
Guéret;46.17;1.87;30/09/2026;05:00;17.5;2;NUAGEUX;4;15.8;0
Guéret;46.17;1.87;30/09/2026;06:00;17.5;2;NUAGEUX;4;14.8;0
Guéret;46.17;1.87;30/09/2026;07:00;17.5;2;NUAGEUX;4;14.0;0
Guéret;46.17;1.87;30/09/2026;08:00;18.8;2;NUAGEUX;5;15.8;0
Guéret;46.17;1.87;30/09/2026;09:00;20.2;2;NUAGEUX;5;22.3;0
Guéret;46.17;1.87;30/09/2026;10:00;21.6;2;NUAGEUX;5;31.0;0
Guéret;46.17;1.87;30/09/2026;11:00;28;2;NUAGEUX;4;37.4;0
Guéret;46.17;1.87;30/09/2026;12:00;28;2;NUAGEUX;4;39.6;0
Guéret;46.17;1.87;30/09/2026;13:00;28;2;NUAGEUX;4;39.2;0
Guéret;46.17;1.87;30/09/2026;14:00;27.2;2;NUAGEUX;5;38.2;0
Guéret;46.17;1.87;30/09/2026;15:00;28.6;2;NUAGEUX;5;37.1;0
Guéret;46.17;1.87;30/09/2026;16:00;27.2;2;NUAGEUX;5;35.3;0
Guéret;46.17;1.87;30/09/2026;17:00;21.5;7;PLUIE FAIBLE;3;33.1;0
Guéret;46.17;1.87;30/09/2026;18:00;21.5;7;PLUIE FAIBLE;3;29.5;0
Guéret;46.17;1.87;30/09/2026;19:00;21.5;7;PLUIE FAIBLE;3;25.6;0
Guéret;46.17;1.87;30/09/2026;20:00;21.6;2;NUAGEUX;5;23.4;0
Guéret;46.17;1.87;30/09/2026;21:00;20.2;2;NUAGEUX;5;24.5;0
Guéret;46.17;1.87;30/09/2026;22:00;18.8;2;NUAGEUX;5;27.7;0
Guéret;46.17;1.87;30/09/2026;23:00;17.9;6;AVERSES;3;29.5;0
Périgueux;45.18;0.72;26/09/2026;00:00;17.6;0;SOLEIL;4;28.8;0
Périgueux;45.18;0.72;26/09/2026;01:00;16.1;0;SOLEIL;1;25.6;0
Périgueux;45.18;0.72;26/09/2026;02:00;16;0;SOLEIL;3;23.8;0
Périgueux;45.18;0.72;26/09/2026;03:00;15.6;0;SOLEIL;3;17.6;0
Périgueux;45.18;0.72;26/09/2026;04:00;15.1;0;SOLEIL;3;15.8;0
Périgueux;45.18;0.72;26/09/2026;05:00;14.1;0;SOLEIL;2;22.0;0
Périgueux;45.18;0.72;26/09/2026;06:00;14.6;0;SOLEIL;3;29.5;0
Périgueux;45.18;0.72;26/09/2026;07:00;15.1;0;SOLEIL;2;27.0;0
Périgueux;45.18;0.72;26/09/2026;08:00;15.5;0;SOLEIL;3;27.0;0
Périgueux;45.18;0.72;26/09/2026;09:00;16.9;0;SOLEIL;3;25.2;0
Périgueux;45.18;0.72;26/09/2026;10:00;18.1;0;SOLEIL;3;28.8;0
Périgueux;45.18;0.72;26/09/2026;11:00;18.2;0;SOLEIL;3;27.7;0
Périgueux;45.18;0.72;26/09/2026;12:00;21;0;SOLEIL;3;25.9;0
Périgueux;45.18;0.72;26/09/2026;13:00;23.6;0;SOLEIL;3;23.0;0
Périgueux;45.18;0.72;26/09/2026;14:00;25.1;0;SOLEIL;3;19.8;0
Périgueux;45.18;0.72;26/09/2026;15:00;25.5;0;SOLEIL;3;14.8;0
Périgueux;45.18;0.72;26/09/2026;16:00;24.5;0;SOLEIL;3;14.0;0
Périgueux;45.18;0.72;26/09/2026;17:00;23.1;0;SOLEIL;2;20.5;0
Périgueux;45.18;0.72;26/09/2026;18:00;21.2;0;SOLEIL;1;20.9;0
Périgueux;45.18;0.72;26/09/2026;19:00;19.2;0;SOLEIL;1;21.6;0
Périgueux;45.18;0.72;26/09/2026;20:00;17.9;0;SOLEIL;1;20.9;0
Périgueux;45.18;0.72;26/09/2026;21:00;16.6;0;SOLEIL;2;16.2;0
Périgueux;45.18;0.72;26/09/2026;22:00;15.6;0;SOLEIL;2;19.1;0
Périgueux;45.18;0.72;26/09/2026;23:00;15.2;0;SOLEIL;2;21.2;0
Périgueux;45.18;0.72;27/09/2026;00:00;14.7;0;SOLEIL;2;23.8;0
Périgueux;45.18;0.72;27/09/2026;01:00;14.7;0;SOLEIL;2;23.4;0
Périgueux;45.18;0.72;27/09/2026;02:00;13.4;0;SOLEIL;2;22.7;0
Périgueux;45.18;0.72;27/09/2026;03:00;13.4;0;SOLEIL;2;17.7;0
Périgueux;45.18;0.72;27/09/2026;04:00;13.4;0;SOLEIL;2;14.0;0
Périgueux;45.18;0.72;27/09/2026;05:00;13.1;0;SOLEIL;2;12.0;0
Périgueux;45.18;0.72;27/09/2026;06:00;13.1;0;SOLEIL;2;10.4;0
Périgueux;45.18;0.72;27/09/2026;07:00;13.1;0;SOLEIL;2;10.1;0
Périgueux;45.18;0.72;27/09/2026;08:00;22.5;5;SOLEIL VOILÉ;1;9.4;0
Périgueux;45.18;0.72;27/09/2026;09:00;22.5;5;SOLEIL VOILÉ;1;10.4;0
Périgueux;45.18;0.72;27/09/2026;10:00;22.5;5;SOLEIL VOILÉ;1;10.1;0
Périgueux;45.18;0.72;27/09/2026;11:00;28.1;5;SOLEIL VOILÉ;4;25.9;0
Périgueux;45.18;0.72;27/09/2026;12:00;28.1;5;SOLEIL VOILÉ;4;31.0;0
Périgueux;45.18;0.72;27/09/2026;13:00;28.1;5;SOLEIL VOILÉ;4;32.4;0
Périgueux;45.18;0.72;27/09/2026;14:00;28.9;5;SOLEIL VOILÉ;4;33.5;0
Périgueux;45.18;0.72;27/09/2026;15:00;28.9;5;SOLEIL VOILÉ;4;33.5;0
Périgueux;45.18;0.72;27/09/2026;16:00;28.9;5;SOLEIL VOILÉ;4;29.5;0
Périgueux;45.18;0.72;27/09/2026;17:00;24.2;5;SOLEIL VOILÉ;2;27.7;0
Périgueux;45.18;0.72;27/09/2026;18:00;24.2;5;SOLEIL VOILÉ;2;25.9;0
Périgueux;45.18;0.72;27/09/2026;19:00;24.2;5;SOLEIL VOILÉ;2;20.9;0
Périgueux;45.18;0.72;27/09/2026;20:00;18.5;5;SOLEIL VOILÉ;2;14.4;0
Périgueux;45.18;0.72;27/09/2026;21:00;18.5;5;SOLEIL VOILÉ;2;9.4;0
Périgueux;45.18;0.72;27/09/2026;22:00;18.5;5;SOLEIL VOILÉ;2;10.8;0
Périgueux;45.18;0.72;27/09/2026;23:00;17.1;5;SOLEIL VOILÉ;3;10.8;0
Périgueux;45.18;0.72;28/09/2026;00:00;17.1;5;SOLEIL VOILÉ;3;10.8;0
Périgueux;45.18;0.72;28/09/2026;01:00;17.1;5;SOLEIL VOILÉ;3;11.2;0
Périgueux;45.18;0.72;28/09/2026;02:00;15.6;2;NUAGEUX;3;11.2;0
Périgueux;45.18;0.72;28/09/2026;03:00;15.6;2;NUAGEUX;3;11.2;0
Périgueux;45.18;0.72;28/09/2026;04:00;15.6;2;NUAGEUX;3;11.9;0
Périgueux;45.18;0.72;28/09/2026;05:00;15.7;6;AVERSES;2;11.9;0
Périgueux;45.18;0.72;28/09/2026;06:00;15.7;6;AVERSES;2;11.5;0
Périgueux;45.18;0.72;28/09/2026;07:00;15.7;6;AVERSES;2;10.4;0
Périgueux;45.18;0.72;28/09/2026;08:00;20.6;6;AVERSES;2;9.7;0
Périgueux;45.18;0.72;28/09/2026;09:00;20.6;6;AVERSES;2;9.0;0
Périgueux;45.18;0.72;28/09/2026;10:00;20.6;6;AVERSES;2;8.3;0
Périgueux;45.18;0.72;28/09/2026;11:00;22.7;6;AVERSES;2;8.3;0
Périgueux;45.18;0.72;28/09/2026;12:00;22.7;6;AVERSES;2;9.0;0
Périgueux;45.18;0.72;28/09/2026;13:00;22.7;6;AVERSES;2;10.1;0
Périgueux;45.18;0.72;28/09/2026;14:00;24.2;6;AVERSES;2;11.9;0
Périgueux;45.18;0.72;28/09/2026;15:00;24.2;6;AVERSES;2;14.8;0
Périgueux;45.18;0.72;28/09/2026;16:00;24.2;6;AVERSES;2;18.0;0
Périgueux;45.18;0.72;28/09/2026;17:00;20.1;5;SOLEIL VOILÉ;2;19.8;0
Périgueux;45.18;0.72;28/09/2026;18:00;20.1;5;SOLEIL VOILÉ;2;18.0;0
Périgueux;45.18;0.72;28/09/2026;19:00;20.1;5;SOLEIL VOILÉ;2;14.4;0
Périgueux;45.18;0.72;28/09/2026;20:00;19.3;6;AVERSES;5;11.9;0
Périgueux;45.18;0.72;28/09/2026;21:00;18.1;6;AVERSES;5;12.2;0
Périgueux;45.18;0.72;28/09/2026;22:00;16.9;6;AVERSES;5;13.3;0
Périgueux;45.18;0.72;28/09/2026;23:00;15.1;0;SOLEIL;3;14.4;0
Périgueux;45.18;0.72;29/09/2026;00:00;15.1;0;SOLEIL;3;14.0;0
Périgueux;45.18;0.72;29/09/2026;01:00;15.1;0;SOLEIL;3;13.3;0
Périgueux;45.18;0.72;29/09/2026;02:00;16.1;2;NUAGEUX;5;13.0;0
Périgueux;45.18;0.72;29/09/2026;03:00;16.1;2;NUAGEUX;5;13.0;0
Périgueux;45.18;0.72;29/09/2026;04:00;16.1;2;NUAGEUX;5;13.0;0
Périgueux;45.18;0.72;29/09/2026;05:00;17.6;0;SOLEIL;3;13.0;0
Périgueux;45.18;0.72;29/09/2026;06:00;17.6;0;SOLEIL;3;12.6;0
Périgueux;45.18;0.72;29/09/2026;07:00;17.6;0;SOLEIL;3;12.2;0
Périgueux;45.18;0.72;29/09/2026;08:00;19.2;2;NUAGEUX;5;13.0;0
Périgueux;45.18;0.72;29/09/2026;09:00;20.8;2;NUAGEUX;5;15.8;0
Périgueux;45.18;0.72;29/09/2026;10:00;22.3;2;NUAGEUX;5;19.8;0
Périgueux;45.18;0.72;29/09/2026;11:00;28.1;0;SOLEIL;5;23.8;0
Périgueux;45.18;0.72;29/09/2026;12:00;28.1;0;SOLEIL;5;28.1;0
Périgueux;45.18;0.72;29/09/2026;13:00;28.1;0;SOLEIL;5;32.0;0
Périgueux;45.18;0.72;29/09/2026;14:00;28.5;2;NUAGEUX;5;34.2;0
Périgueux;45.18;0.72;29/09/2026;15:00;30.1;2;NUAGEUX;5;33.5;0
Périgueux;45.18;0.72;29/09/2026;16:00;28.5;2;NUAGEUX;5;30.6;0
Périgueux;45.18;0.72;29/09/2026;17:00;24.5;2;NUAGEUX;3;27.4;0
Périgueux;45.18;0.72;29/09/2026;18:00;24.5;2;NUAGEUX;3;22.7;0
Périgueux;45.18;0.72;29/09/2026;19:00;24.5;2;NUAGEUX;3;17.3;0
Périgueux;45.18;0.72;29/09/2026;20:00;22.3;2;NUAGEUX;5;14.4;0
Périgueux;45.18;0.72;29/09/2026;21:00;20.8;2;NUAGEUX;5;16.6;0
Périgueux;45.18;0.72;29/09/2026;22:00;19.2;2;NUAGEUX;5;21.6;0
Périgueux;45.18;0.72;29/09/2026;23:00;20.2;2;NUAGEUX;4;24.1;0
Périgueux;45.18;0.72;30/09/2026;00:00;20.2;2;NUAGEUX;4;23.5;0
Périgueux;45.18;0.72;30/09/2026;01:00;20.2;2;NUAGEUX;4;21.2;0
Périgueux;45.18;0.72;30/09/2026;02:00;17.6;6;AVERSES;5;19.9;0
Périgueux;45.18;0.72;30/09/2026;03:00;17.6;6;AVERSES;5;20.2;0
Périgueux;45.18;0.72;30/09/2026;04:00;17.6;6;AVERSES;5;19.8;0
Périgueux;45.18;0.72;30/09/2026;05:00;19.6;2;NUAGEUX;4;19.4;0
Périgueux;45.18;0.72;30/09/2026;06:00;19.6;2;NUAGEUX;4;19.1;0
Périgueux;45.18;0.72;30/09/2026;07:00;19.6;2;NUAGEUX;4;19.1;0
Périgueux;45.18;0.72;30/09/2026;08:00;19.6;6;AVERSES;5;21.2;0
Périgueux;45.18;0.72;30/09/2026;09:00;20.5;6;AVERSES;5;28.1;0
Périgueux;45.18;0.72;30/09/2026;10:00;21.5;6;AVERSES;5;37.1;0
Périgueux;45.18;0.72;30/09/2026;11:00;25.6;2;NUAGEUX;4;43.6;0
Périgueux;45.18;0.72;30/09/2026;12:00;25.6;2;NUAGEUX;4;44.6;0
Périgueux;45.18;0.72;30/09/2026;13:00;25.6;2;NUAGEUX;4;43.2;0
Périgueux;45.18;0.72;30/09/2026;14:00;25.4;6;AVERSES;5;41.0;0
Périgueux;45.18;0.72;30/09/2026;15:00;26.4;6;AVERSES;5;39.2;0
Périgueux;45.18;0.72;30/09/2026;16:00;25.4;6;AVERSES;5;37.1;0
Périgueux;45.18;0.72;30/09/2026;17:00;21.6;6;AVERSES;3;34.6;0
Périgueux;45.18;0.72;30/09/2026;18:00;21.6;6;AVERSES;3;31.3;0
Périgueux;45.18;0.72;30/09/2026;19:00;21.6;6;AVERSES;3;28.1;0
Périgueux;45.18;0.72;30/09/2026;20:00;21.5;6;AVERSES;5;25.2;0
Périgueux;45.18;0.72;30/09/2026;21:00;20.5;6;AVERSES;5;23.0;0
Périgueux;45.18;0.72;30/09/2026;22:00;19.6;6;AVERSES;5;21.6;0
Périgueux;45.18;0.72;30/09/2026;23:00;18.2;6;AVERSES;3;21.2;0
Bordeaux;44.83;-0.57;26/09/2026;00:00;16.2;2;NUAGEUX;3;20.2;0
Bordeaux;44.83;-0.57;26/09/2026;01:00;16.1;2;NUAGEUX;2;15.5;0
Bordeaux;44.83;-0.57;26/09/2026;02:00;15.6;2;NUAGEUX;2;10.1;0
Bordeaux;44.83;-0.57;26/09/2026;03:00;16;2;NUAGEUX;2;8.3;0
Bordeaux;44.83;-0.57;26/09/2026;04:00;15.4;2;NUAGEUX;2;7.2;0
Bordeaux;44.83;-0.57;26/09/2026;05:00;15.6;2;NUAGEUX;2;7.6;0
Bordeaux;44.83;-0.57;26/09/2026;06:00;16.2;2;NUAGEUX;2;6.8;0
Bordeaux;44.83;-0.57;26/09/2026;07:00;16.6;2;NUAGEUX;2;5.8;0
Bordeaux;44.83;-0.57;26/09/2026;08:00;18.2;2;NUAGEUX;1;5.8;0
Bordeaux;44.83;-0.57;26/09/2026;09:00;20;2;NUAGEUX;2;6.8;0
Bordeaux;44.83;-0.57;26/09/2026;10:00;21.1;2;NUAGEUX;1;8.3;0
Bordeaux;44.83;-0.57;26/09/2026;11:00;22.6;2;NUAGEUX;2;10.4;0
Bordeaux;44.83;-0.57;26/09/2026;12:00;23.6;2;NUAGEUX;2;12.2;0
Bordeaux;44.83;-0.57;26/09/2026;13:00;24.7;0;SOLEIL;2;10.1;0
Bordeaux;44.83;-0.57;26/09/2026;14:00;25.7;0;SOLEIL;2;12.2;0
Bordeaux;44.83;-0.57;26/09/2026;15:00;26.1;0;SOLEIL;2;16.9;0
Bordeaux;44.83;-0.57;26/09/2026;16:00;26.2;0;SOLEIL;1;16.9;0
Bordeaux;44.83;-0.57;26/09/2026;17:00;25.5;0;SOLEIL;2;13.0;0
Bordeaux;44.83;-0.57;26/09/2026;18:00;24.6;0;SOLEIL;2;12.6;0
Bordeaux;44.83;-0.57;26/09/2026;19:00;22.6;0;SOLEIL;1;11.2;0
Bordeaux;44.83;-0.57;26/09/2026;20:00;21.1;0;SOLEIL;1;11.2;0
Bordeaux;44.83;-0.57;26/09/2026;21:00;19.7;0;SOLEIL;1;7.6;0
Bordeaux;44.83;-0.57;26/09/2026;22:00;18.9;0;SOLEIL;1;4.0;0
Bordeaux;44.83;-0.57;26/09/2026;23:00;18.4;0;SOLEIL;1;4.0;0
Bordeaux;44.83;-0.57;27/09/2026;00:00;18.1;0;SOLEIL;1;4.7;0
Bordeaux;44.83;-0.57;27/09/2026;01:00;18.1;0;SOLEIL;1;5.4;0
Bordeaux;44.83;-0.57;27/09/2026;02:00;15.6;0;SOLEIL;1;6.1;0
Bordeaux;44.83;-0.57;27/09/2026;03:00;15.6;0;SOLEIL;1;6.0;0
Bordeaux;44.83;-0.57;27/09/2026;04:00;15.6;0;SOLEIL;1;6.7;0
Bordeaux;44.83;-0.57;27/09/2026;05:00;15;5;SOLEIL VOILÉ;3;6.7;0
Bordeaux;44.83;-0.57;27/09/2026;06:00;15;5;SOLEIL VOILÉ;3;6.5;0
Bordeaux;44.83;-0.57;27/09/2026;07:00;15;5;SOLEIL VOILÉ;3;7.6;0
Bordeaux;44.83;-0.57;27/09/2026;08:00;22.2;5;SOLEIL VOILÉ;3;7.6;0
Bordeaux;44.83;-0.57;27/09/2026;09:00;22.2;5;SOLEIL VOILÉ;3;9.0;0
Bordeaux;44.83;-0.57;27/09/2026;10:00;22.2;5;SOLEIL VOILÉ;3;7.2;0
Bordeaux;44.83;-0.57;27/09/2026;11:00;28.2;5;SOLEIL VOILÉ;3;23.8;0
Bordeaux;44.83;-0.57;27/09/2026;12:00;28.2;5;SOLEIL VOILÉ;3;28.8;0
Bordeaux;44.83;-0.57;27/09/2026;13:00;28.2;5;SOLEIL VOILÉ;3;31.0;0
Bordeaux;44.83;-0.57;27/09/2026;14:00;29.6;5;SOLEIL VOILÉ;3;30.2;0
Bordeaux;44.83;-0.57;27/09/2026;15:00;29.6;5;SOLEIL VOILÉ;3;28.1;0
Bordeaux;44.83;-0.57;27/09/2026;16:00;29.6;5;SOLEIL VOILÉ;3;25.2;0
Bordeaux;44.83;-0.57;27/09/2026;17:00;26.1;5;SOLEIL VOILÉ;2;20.2;0
Bordeaux;44.83;-0.57;27/09/2026;18:00;26.1;5;SOLEIL VOILÉ;2;18.7;0
Bordeaux;44.83;-0.57;27/09/2026;19:00;26.1;5;SOLEIL VOILÉ;2;16.6;0
Bordeaux;44.83;-0.57;27/09/2026;20:00;20.6;5;SOLEIL VOILÉ;2;8.6;0
Bordeaux;44.83;-0.57;27/09/2026;21:00;20.6;5;SOLEIL VOILÉ;2;12.2;0
Bordeaux;44.83;-0.57;27/09/2026;22:00;20.6;5;SOLEIL VOILÉ;2;17.6;0
Bordeaux;44.83;-0.57;27/09/2026;23:00;18.5;5;SOLEIL VOILÉ;2;17.6;0
Bordeaux;44.83;-0.57;28/09/2026;00:00;18.5;5;SOLEIL VOILÉ;2;13.0;0
Bordeaux;44.83;-0.57;28/09/2026;01:00;18.5;5;SOLEIL VOILÉ;2;13.3;0
Bordeaux;44.83;-0.57;28/09/2026;02:00;17.1;10;ORAGEUX;2;13.7;0
Bordeaux;44.83;-0.57;28/09/2026;03:00;17.1;10;ORAGEUX;2;11.2;0
Bordeaux;44.83;-0.57;28/09/2026;04:00;17.1;10;ORAGEUX;2;9.0;0
Bordeaux;44.83;-0.57;28/09/2026;05:00;17.9;10;ORAGEUX;2;10.4;0
Bordeaux;44.83;-0.57;28/09/2026;06:00;17.9;10;ORAGEUX;2;10.8;0
Bordeaux;44.83;-0.57;28/09/2026;07:00;17.9;10;ORAGEUX;2;8.6;0
Bordeaux;44.83;-0.57;28/09/2026;08:00;21.6;10;ORAGEUX;3;8.6;0
Bordeaux;44.83;-0.57;28/09/2026;09:00;21.6;10;ORAGEUX;3;13.7;0
Bordeaux;44.83;-0.57;28/09/2026;10:00;21.6;10;ORAGEUX;3;21.2;0
Bordeaux;44.83;-0.57;28/09/2026;11:00;25.7;6;AVERSES;2;27.4;0
Bordeaux;44.83;-0.57;28/09/2026;12:00;25.7;6;AVERSES;2;30.6;0
Bordeaux;44.83;-0.57;28/09/2026;13:00;25.7;6;AVERSES;2;32.0;0
Bordeaux;44.83;-0.57;28/09/2026;14:00;26.1;5;SOLEIL VOILÉ;1;32.8;0
Bordeaux;44.83;-0.57;28/09/2026;15:00;26.1;5;SOLEIL VOILÉ;1;32.4;0
Bordeaux;44.83;-0.57;28/09/2026;16:00;26.1;5;SOLEIL VOILÉ;1;31.0;0
Bordeaux;44.83;-0.57;28/09/2026;17:00;22.7;5;SOLEIL VOILÉ;1;29.2;0
Bordeaux;44.83;-0.57;28/09/2026;18:00;22.7;5;SOLEIL VOILÉ;1;26.6;0
Bordeaux;44.83;-0.57;28/09/2026;19:00;22.7;5;SOLEIL VOILÉ;1;23.8;0
Bordeaux;44.83;-0.57;28/09/2026;20:00;21.4;10;ORAGEUX;5;22.3;0
Bordeaux;44.83;-0.57;28/09/2026;21:00;20.1;10;ORAGEUX;5;24.5;0
Bordeaux;44.83;-0.57;28/09/2026;22:00;18.8;10;ORAGEUX;5;28.4;0
Bordeaux;44.83;-0.57;28/09/2026;23:00;17.6;0;SOLEIL;4;30.6;0
Bordeaux;44.83;-0.57;29/09/2026;00:00;17.6;0;SOLEIL;4;29.9;0
Bordeaux;44.83;-0.57;29/09/2026;01:00;17.6;0;SOLEIL;4;27.4;0
Bordeaux;44.83;-0.57;29/09/2026;02:00;16.7;2;NUAGEUX;5;24.8;0
Bordeaux;44.83;-0.57;29/09/2026;03:00;16.7;2;NUAGEUX;5;23.0;0
Bordeaux;44.83;-0.57;29/09/2026;04:00;16.7;2;NUAGEUX;5;21.2;0
Bordeaux;44.83;-0.57;29/09/2026;05:00;17.7;0;SOLEIL;4;19.1;0
Bordeaux;44.83;-0.57;29/09/2026;06:00;17.7;0;SOLEIL;4;15.5;0
Bordeaux;44.83;-0.57;29/09/2026;07:00;17.7;0;SOLEIL;4;11.5;0
Bordeaux;44.83;-0.57;29/09/2026;08:00;20.1;2;NUAGEUX;5;10.1;0
Bordeaux;44.83;-0.57;29/09/2026;09:00;21.8;2;NUAGEUX;5;13.7;0
Bordeaux;44.83;-0.57;29/09/2026;10:00;23.5;2;NUAGEUX;5;20.2;0
Bordeaux;44.83;-0.57;29/09/2026;11:00;30.1;0;SOLEIL;5;25.2;0
Bordeaux;44.83;-0.57;29/09/2026;12:00;30.1;0;SOLEIL;5;27.4;0
Bordeaux;44.83;-0.57;29/09/2026;13:00;30.1;0;SOLEIL;5;28.4;0
Bordeaux;44.83;-0.57;29/09/2026;14:00;30.4;2;NUAGEUX;5;28.1;0
Bordeaux;44.83;-0.57;29/09/2026;15:00;32.1;2;NUAGEUX;5;25.9;0
Bordeaux;44.83;-0.57;29/09/2026;16:00;30.4;2;NUAGEUX;5;22.3;0
Bordeaux;44.83;-0.57;29/09/2026;17:00;26.7;2;NUAGEUX;4;18.7;0
Bordeaux;44.83;-0.57;29/09/2026;18:00;26.7;2;NUAGEUX;4;14.4;0
Bordeaux;44.83;-0.57;29/09/2026;19:00;26.7;2;NUAGEUX;4;9.7;0
Bordeaux;44.83;-0.57;29/09/2026;20:00;23.5;2;NUAGEUX;5;7.9;0
Bordeaux;44.83;-0.57;29/09/2026;21:00;21.8;2;NUAGEUX;5;12.2;0
Bordeaux;44.83;-0.57;29/09/2026;22:00;20.1;2;NUAGEUX;5;19.1;0
Bordeaux;44.83;-0.57;29/09/2026;23:00;21.4;2;NUAGEUX;5;23.8;0
Bordeaux;44.83;-0.57;30/09/2026;00:00;21.4;2;NUAGEUX;5;24.0;0
Bordeaux;44.83;-0.57;30/09/2026;01:00;21.4;2;NUAGEUX;5;22.0;0
Bordeaux;44.83;-0.57;30/09/2026;02:00;18.4;2;NUAGEUX;5;20.3;0
Bordeaux;44.83;-0.57;30/09/2026;03:00;18.4;2;NUAGEUX;5;20.5;0
Bordeaux;44.83;-0.57;30/09/2026;04:00;18.4;2;NUAGEUX;5;20.2;0
Bordeaux;44.83;-0.57;30/09/2026;05:00;19.6;2;NUAGEUX;4;19.8;0
Bordeaux;44.83;-0.57;30/09/2026;06:00;19.6;2;NUAGEUX;4;18.4;0
Bordeaux;44.83;-0.57;30/09/2026;07:00;19.6;2;NUAGEUX;4;16.9;0
Bordeaux;44.83;-0.57;30/09/2026;08:00;20.7;2;NUAGEUX;5;17.6;0
Bordeaux;44.83;-0.57;30/09/2026;09:00;21.8;2;NUAGEUX;5;23.4;0
Bordeaux;44.83;-0.57;30/09/2026;10:00;22.9;2;NUAGEUX;5;31.7;0
Bordeaux;44.83;-0.57;30/09/2026;11:00;27.7;2;NUAGEUX;3;37.4;0
Bordeaux;44.83;-0.57;30/09/2026;12:00;27.7;2;NUAGEUX;3;38.9;0
Bordeaux;44.83;-0.57;30/09/2026;13:00;27.7;2;NUAGEUX;3;37.8;0
Bordeaux;44.83;-0.57;30/09/2026;14:00;27.5;2;NUAGEUX;5;36.4;0
Bordeaux;44.83;-0.57;30/09/2026;15:00;28.6;2;NUAGEUX;5;34.9;0
Bordeaux;44.83;-0.57;30/09/2026;16:00;27.5;2;NUAGEUX;5;32.4;0
Bordeaux;44.83;-0.57;30/09/2026;17:00;24;6;AVERSES;3;29.9;0
Bordeaux;44.83;-0.57;30/09/2026;18:00;24;6;AVERSES;3;25.9;0
Bordeaux;44.83;-0.57;30/09/2026;19:00;24;6;AVERSES;3;21.6;0
Bordeaux;44.83;-0.57;30/09/2026;20:00;22.9;2;NUAGEUX;5;19.4;0
Bordeaux;44.83;-0.57;30/09/2026;21:00;21.8;2;NUAGEUX;5;21.2;0
Bordeaux;44.83;-0.57;30/09/2026;22:00;20.7;2;NUAGEUX;5;24.8;0
Bordeaux;44.83;-0.57;30/09/2026;23:00;19.5;7;PLUIE FAIBLE;3;26.6;0
Mimizan;44.2;-1.23;26/09/2026;00:00;18.1;2;NUAGEUX;2;17.3;0
Mimizan;44.2;-1.23;26/09/2026;01:00;17.6;2;NUAGEUX;2;16.6;0
Mimizan;44.2;-1.23;26/09/2026;02:00;17.6;2;NUAGEUX;2;14.4;0
Mimizan;44.2;-1.23;26/09/2026;03:00;17.6;2;NUAGEUX;2;12.6;0
Mimizan;44.2;-1.23;26/09/2026;04:00;17.1;2;NUAGEUX;2;9.0;0
Mimizan;44.2;-1.23;26/09/2026;05:00;16.6;2;NUAGEUX;0;5.4;0
Mimizan;44.2;-1.23;26/09/2026;06:00;16.4;2;NUAGEUX;1;5.0;0
Mimizan;44.2;-1.23;26/09/2026;07:00;17.7;2;NUAGEUX;0;6.1;0
Mimizan;44.2;-1.23;26/09/2026;08:00;19.7;2;NUAGEUX;1;4.7;0
Mimizan;44.2;-1.23;26/09/2026;09:00;21.6;2;NUAGEUX;1;7.6;0
Mimizan;44.2;-1.23;26/09/2026;10:00;22;2;NUAGEUX;2;9.0;0
Mimizan;44.2;-1.23;26/09/2026;11:00;23;2;NUAGEUX;2;8.6;0
Mimizan;44.2;-1.23;26/09/2026;12:00;23.7;0;SOLEIL;3;17.3;0
Mimizan;44.2;-1.23;26/09/2026;13:00;24.2;0;SOLEIL;3;19.4;0
Mimizan;44.2;-1.23;26/09/2026;14:00;24.6;0;SOLEIL;3;23.0;0
Mimizan;44.2;-1.23;26/09/2026;15:00;24.5;0;SOLEIL;3;24.8;0
Mimizan;44.2;-1.23;26/09/2026;16:00;24.1;0;SOLEIL;3;24.8;0
Mimizan;44.2;-1.23;26/09/2026;17:00;23.1;0;SOLEIL;3;24.8;0
Mimizan;44.2;-1.23;26/09/2026;18:00;21.5;0;SOLEIL;2;24.1;0
Mimizan;44.2;-1.23;26/09/2026;19:00;20.2;0;SOLEIL;2;22.3;0
Mimizan;44.2;-1.23;26/09/2026;20:00;19.4;0;SOLEIL;2;21.2;0
Mimizan;44.2;-1.23;26/09/2026;21:00;18.6;0;SOLEIL;2;14.4;0
Mimizan;44.2;-1.23;26/09/2026;22:00;18.1;0;SOLEIL;2;13.0;0
Mimizan;44.2;-1.23;26/09/2026;23:00;17.6;0;SOLEIL;2;11.9;0
Mimizan;44.2;-1.23;27/09/2026;00:00;17.2;0;SOLEIL;1;10.4;0
Mimizan;44.2;-1.23;27/09/2026;01:00;17.2;0;SOLEIL;1;9.7;0
Mimizan;44.2;-1.23;27/09/2026;02:00;16.6;5;SOLEIL VOILÉ;2;8.3;0
Mimizan;44.2;-1.23;27/09/2026;03:00;16.6;5;SOLEIL VOILÉ;2;7.7;0
Mimizan;44.2;-1.23;27/09/2026;04:00;16.6;5;SOLEIL VOILÉ;2;8.5;0
Mimizan;44.2;-1.23;27/09/2026;05:00;16.6;5;SOLEIL VOILÉ;2;8.8;0
Mimizan;44.2;-1.23;27/09/2026;06:00;16.6;5;SOLEIL VOILÉ;2;15.8;0
Mimizan;44.2;-1.23;27/09/2026;07:00;16.6;5;SOLEIL VOILÉ;2;16.6;0
Mimizan;44.2;-1.23;27/09/2026;08:00;22.7;5;SOLEIL VOILÉ;2;18.0;0
Mimizan;44.2;-1.23;27/09/2026;09:00;22.7;5;SOLEIL VOILÉ;2;17.3;0
Mimizan;44.2;-1.23;27/09/2026;10:00;22.7;5;SOLEIL VOILÉ;2;17.3;0
Mimizan;44.2;-1.23;27/09/2026;11:00;26.4;5;SOLEIL VOILÉ;3;18.0;0
Mimizan;44.2;-1.23;27/09/2026;12:00;26.4;5;SOLEIL VOILÉ;3;16.2;0
Mimizan;44.2;-1.23;27/09/2026;13:00;26.4;5;SOLEIL VOILÉ;3;27.7;0
Mimizan;44.2;-1.23;27/09/2026;14:00;25.1;5;SOLEIL VOILÉ;3;31.7;0
Mimizan;44.2;-1.23;27/09/2026;15:00;25.1;5;SOLEIL VOILÉ;3;29.9;0
Mimizan;44.2;-1.23;27/09/2026;16:00;25.1;5;SOLEIL VOILÉ;3;29.5;0
Mimizan;44.2;-1.23;27/09/2026;17:00;22.1;5;SOLEIL VOILÉ;2;27.7;0
Mimizan;44.2;-1.23;27/09/2026;18:00;22.1;5;SOLEIL VOILÉ;2;26.3;0
Mimizan;44.2;-1.23;27/09/2026;19:00;22.1;5;SOLEIL VOILÉ;2;24.8;0
Mimizan;44.2;-1.23;27/09/2026;20:00;19.5;5;SOLEIL VOILÉ;2;24.8;0
Mimizan;44.2;-1.23;27/09/2026;21:00;19.5;5;SOLEIL VOILÉ;2;15.5;0
Mimizan;44.2;-1.23;27/09/2026;22:00;19.5;5;SOLEIL VOILÉ;2;18.0;0
Mimizan;44.2;-1.23;27/09/2026;23:00;18.6;10;ORAGEUX;2;21.2;0
Mimizan;44.2;-1.23;28/09/2026;00:00;18.6;10;ORAGEUX;2;19.8;0
Mimizan;44.2;-1.23;28/09/2026;01:00;18.6;10;ORAGEUX;2;18.4;0
Mimizan;44.2;-1.23;28/09/2026;02:00;17.5;10;ORAGEUX;2;19.1;0
Mimizan;44.2;-1.23;28/09/2026;03:00;17.5;10;ORAGEUX;2;17.6;0
Mimizan;44.2;-1.23;28/09/2026;04:00;17.5;10;ORAGEUX;2;12.6;0
Mimizan;44.2;-1.23;28/09/2026;05:00;16.6;10;ORAGEUX;2;12.6;0
Mimizan;44.2;-1.23;28/09/2026;06:00;16.6;10;ORAGEUX;2;15.5;0
Mimizan;44.2;-1.23;28/09/2026;07:00;16.6;10;ORAGEUX;2;20.5;0
Mimizan;44.2;-1.23;28/09/2026;08:00;20.2;10;ORAGEUX;2;20.9;0
Mimizan;44.2;-1.23;28/09/2026;09:00;20.2;10;ORAGEUX;2;21.2;0
Mimizan;44.2;-1.23;28/09/2026;10:00;20.2;10;ORAGEUX;2;24.5;0
Mimizan;44.2;-1.23;28/09/2026;11:00;23.9;5;SOLEIL VOILÉ;2;29.2;0
Mimizan;44.2;-1.23;28/09/2026;12:00;23.9;5;SOLEIL VOILÉ;2;31.7;0
Mimizan;44.2;-1.23;28/09/2026;13:00;23.9;5;SOLEIL VOILÉ;2;30.6;0
Mimizan;44.2;-1.23;28/09/2026;14:00;24.6;5;SOLEIL VOILÉ;2;32.0;0
Mimizan;44.2;-1.23;28/09/2026;15:00;24.6;5;SOLEIL VOILÉ;2;19.8;0
Mimizan;44.2;-1.23;28/09/2026;16:00;24.6;5;SOLEIL VOILÉ;2;16.9;0
Mimizan;44.2;-1.23;28/09/2026;17:00;23.1;0;SOLEIL;3;8.3;0
Mimizan;44.2;-1.23;28/09/2026;18:00;23.1;0;SOLEIL;3;17.6;0
Mimizan;44.2;-1.23;28/09/2026;19:00;23.1;0;SOLEIL;3;20.5;0
Mimizan;44.2;-1.23;28/09/2026;20:00;20.0;10;ORAGEUX;5;19.1;0
Mimizan;44.2;-1.23;28/09/2026;21:00;19.0;10;ORAGEUX;5;22.0;0
Mimizan;44.2;-1.23;28/09/2026;22:00;18.0;10;ORAGEUX;5;23.8;0
Mimizan;44.2;-1.23;28/09/2026;23:00;19.6;0;SOLEIL;4;25.9;0
Mimizan;44.2;-1.23;29/09/2026;00:00;19.6;0;SOLEIL;4;19.4;0
Mimizan;44.2;-1.23;29/09/2026;01:00;19.6;0;SOLEIL;4;11.9;0
Mimizan;44.2;-1.23;29/09/2026;02:00;18;2;NUAGEUX;5;7.6;0
Mimizan;44.2;-1.23;29/09/2026;03:00;18;2;NUAGEUX;5;4.0;0
Mimizan;44.2;-1.23;29/09/2026;04:00;18;2;NUAGEUX;5;20.2;0
Mimizan;44.2;-1.23;29/09/2026;05:00;19.1;0;SOLEIL;4;20.9;0
Mimizan;44.2;-1.23;29/09/2026;06:00;19.1;0;SOLEIL;4;20.3;0
Mimizan;44.2;-1.23;29/09/2026;07:00;19.1;0;SOLEIL;4;19.8;0
Mimizan;44.2;-1.23;29/09/2026;08:00;21.1;2;NUAGEUX;5;21.2;0
Mimizan;44.2;-1.23;29/09/2026;09:00;22.7;2;NUAGEUX;5;21.2;0
Mimizan;44.2;-1.23;29/09/2026;10:00;24.3;2;NUAGEUX;5;20.2;0
Mimizan;44.2;-1.23;29/09/2026;11:00;30.2;0;SOLEIL;5;22.0;0
Mimizan;44.2;-1.23;29/09/2026;12:00;30.2;0;SOLEIL;5;28.4;0
Mimizan;44.2;-1.23;29/09/2026;13:00;30.2;0;SOLEIL;5;37.4;0
Mimizan;44.2;-1.23;29/09/2026;14:00;30.5;2;NUAGEUX;5;44.3;0
Mimizan;44.2;-1.23;29/09/2026;15:00;32.1;2;NUAGEUX;5;46.8;0
Mimizan;44.2;-1.23;29/09/2026;16:00;30.5;2;NUAGEUX;5;47.2;0
Mimizan;44.2;-1.23;29/09/2026;17:00;28.4;2;NUAGEUX;3;46.4;0
Mimizan;44.2;-1.23;29/09/2026;18:00;28.4;2;NUAGEUX;3;44.6;0
Mimizan;44.2;-1.23;29/09/2026;19:00;28.4;2;NUAGEUX;3;41.4;0
Mimizan;44.2;-1.23;29/09/2026;20:00;24.3;2;NUAGEUX;5;38.2;0
Mimizan;44.2;-1.23;29/09/2026;21:00;22.7;2;NUAGEUX;5;34.6;0
Mimizan;44.2;-1.23;29/09/2026;22:00;21.1;2;NUAGEUX;5;31.0;0
Mimizan;44.2;-1.23;29/09/2026;23:00;23.1;2;NUAGEUX;4;29.2;0
Mimizan;44.2;-1.23;30/09/2026;00:00;23.1;2;NUAGEUX;4;31.7;0
Mimizan;44.2;-1.23;30/09/2026;01:00;23.1;2;NUAGEUX;4;36.0;0
Mimizan;44.2;-1.23;30/09/2026;02:00;19.2;2;NUAGEUX;5;38.9;0
Mimizan;44.2;-1.23;30/09/2026;03:00;19.2;2;NUAGEUX;5;38.5;0
Mimizan;44.2;-1.23;30/09/2026;04:00;19.2;2;NUAGEUX;5;36.7;0
Mimizan;44.2;-1.23;30/09/2026;05:00;20.9;2;NUAGEUX;4;34.2;0
Mimizan;44.2;-1.23;30/09/2026;06:00;20.9;2;NUAGEUX;4;31.0;0
Mimizan;44.2;-1.23;30/09/2026;07:00;20.9;2;NUAGEUX;4;27.0;0
Mimizan;44.2;-1.23;30/09/2026;08:00;21.0;2;NUAGEUX;5;24.1;0
Mimizan;44.2;-1.23;30/09/2026;09:00;21.9;2;NUAGEUX;5;22.0;0
Mimizan;44.2;-1.23;30/09/2026;10:00;22.8;2;NUAGEUX;5;20.5;0
Mimizan;44.2;-1.23;30/09/2026;11:00;26.6;2;NUAGEUX;4;21.6;0
Mimizan;44.2;-1.23;30/09/2026;12:00;26.6;2;NUAGEUX;4;27.0;0
Mimizan;44.2;-1.23;30/09/2026;13:00;26.6;2;NUAGEUX;4;34.6;0
Mimizan;44.2;-1.23;30/09/2026;14:00;26.3;2;NUAGEUX;5;39.6;0
Mimizan;44.2;-1.23;30/09/2026;15:00;27.2;2;NUAGEUX;5;39.6;0
Mimizan;44.2;-1.23;30/09/2026;16:00;26.3;2;NUAGEUX;5;37.4;0
Mimizan;44.2;-1.23;30/09/2026;17:00;22;7;PLUIE FAIBLE;3;34.9;0
Mimizan;44.2;-1.23;30/09/2026;18:00;22;7;PLUIE FAIBLE;3;32.8;0
Mimizan;44.2;-1.23;30/09/2026;19:00;22;7;PLUIE FAIBLE;3;30.6;0
Mimizan;44.2;-1.23;30/09/2026;20:00;22.8;2;NUAGEUX;5;29.2;0
Mimizan;44.2;-1.23;30/09/2026;21:00;21.9;2;NUAGEUX;5;36.0;0
Mimizan;44.2;-1.23;30/09/2026;22:00;21.0;2;NUAGEUX;5;33.8;0
Mimizan;44.2;-1.23;30/09/2026;23:00;19.2;6;AVERSES;3;31.0;0
Mont-de-Marsan;43.89;-0.5;26/09/2026;00:00;18.2;2;NUAGEUX;2;19.8;0
Mont-de-Marsan;43.89;-0.5;26/09/2026;01:00;18.2;2;NUAGEUX;2;13.7;0
Mont-de-Marsan;43.89;-0.5;26/09/2026;02:00;17.6;2;NUAGEUX;2;18.4;0
Mont-de-Marsan;43.89;-0.5;26/09/2026;03:00;18.1;2;NUAGEUX;2;14.8;0
Mont-de-Marsan;43.89;-0.5;26/09/2026;04:00;17.6;2;NUAGEUX;2;9.4;0
Mont-de-Marsan;43.89;-0.5;26/09/2026;05:00;17;2;NUAGEUX;2;10.8;0
Mont-de-Marsan;43.89;-0.5;26/09/2026;06:00;16.6;2;NUAGEUX;2;11.2;0
Mont-de-Marsan;43.89;-0.5;26/09/2026;07:00;16.9;2;NUAGEUX;2;11.9;0
Mont-de-Marsan;43.89;-0.5;26/09/2026;08:00;19.1;2;NUAGEUX;2;15.1;0
Mont-de-Marsan;43.89;-0.5;26/09/2026;09:00;21.1;2;NUAGEUX;1;14.4;0
Mont-de-Marsan;43.89;-0.5;26/09/2026;10:00;22.2;2;NUAGEUX;1;14.4;0
Mont-de-Marsan;43.89;-0.5;26/09/2026;11:00;24.1;2;NUAGEUX;0;14.8;0
Mont-de-Marsan;43.89;-0.5;26/09/2026;12:00;24.4;0;SOLEIL;1;15.1;0
Mont-de-Marsan;43.89;-0.5;26/09/2026;13:00;25.5;0;SOLEIL;2;13.7;0
Mont-de-Marsan;43.89;-0.5;26/09/2026;14:00;26.5;0;SOLEIL;2;13.7;0
Mont-de-Marsan;43.89;-0.5;26/09/2026;15:00;27.1;0;SOLEIL;2;13.7;0
Mont-de-Marsan;43.89;-0.5;26/09/2026;16:00;27.4;0;SOLEIL;2;13.3;0
Mont-de-Marsan;43.89;-0.5;26/09/2026;17:00;27.1;0;SOLEIL;2;15.1;0
Mont-de-Marsan;43.89;-0.5;26/09/2026;18:00;25.7;0;SOLEIL;2;16.2;0
Mont-de-Marsan;43.89;-0.5;26/09/2026;19:00;23.6;0;SOLEIL;1;15.5;0
Mont-de-Marsan;43.89;-0.5;26/09/2026;20:00;21.6;0;SOLEIL;2;14.8;0
Mont-de-Marsan;43.89;-0.5;26/09/2026;21:00;20.1;0;SOLEIL;2;11.5;0
Mont-de-Marsan;43.89;-0.5;26/09/2026;22:00;19.1;0;SOLEIL;2;9.7;0
Mont-de-Marsan;43.89;-0.5;26/09/2026;23:00;18.4;0;SOLEIL;2;10.1;0
Mont-de-Marsan;43.89;-0.5;27/09/2026;00:00;17.9;0;SOLEIL;2;7.9;0
Mont-de-Marsan;43.89;-0.5;27/09/2026;01:00;17.9;0;SOLEIL;2;14.0;0
Mont-de-Marsan;43.89;-0.5;27/09/2026;02:00;15.6;5;SOLEIL VOILÉ;2;14.4;0
Mont-de-Marsan;43.89;-0.5;27/09/2026;03:00;15.6;5;SOLEIL VOILÉ;2;12.6;0
Mont-de-Marsan;43.89;-0.5;27/09/2026;04:00;15.6;5;SOLEIL VOILÉ;2;13.0;0
Mont-de-Marsan;43.89;-0.5;27/09/2026;05:00;16.1;5;SOLEIL VOILÉ;2;18.0;0
Mont-de-Marsan;43.89;-0.5;27/09/2026;06:00;16.1;5;SOLEIL VOILÉ;2;22.3;0
Mont-de-Marsan;43.89;-0.5;27/09/2026;07:00;16.1;5;SOLEIL VOILÉ;2;22.3;0
Mont-de-Marsan;43.89;-0.5;27/09/2026;08:00;22.1;5;SOLEIL VOILÉ;2;20.2;0
Mont-de-Marsan;43.89;-0.5;27/09/2026;09:00;22.1;5;SOLEIL VOILÉ;2;19.4;0
Mont-de-Marsan;43.89;-0.5;27/09/2026;10:00;22.1;5;SOLEIL VOILÉ;2;20.2;0
Mont-de-Marsan;43.89;-0.5;27/09/2026;11:00;28.4;5;SOLEIL VOILÉ;1;18.4;0
Mont-de-Marsan;43.89;-0.5;27/09/2026;12:00;28.4;5;SOLEIL VOILÉ;1;19.1;0
Mont-de-Marsan;43.89;-0.5;27/09/2026;13:00;28.4;5;SOLEIL VOILÉ;1;17.6;0
Mont-de-Marsan;43.89;-0.5;27/09/2026;14:00;30.9;5;SOLEIL VOILÉ;2;18.7;0
Mont-de-Marsan;43.89;-0.5;27/09/2026;15:00;30.9;5;SOLEIL VOILÉ;2;20.5;0
Mont-de-Marsan;43.89;-0.5;27/09/2026;16:00;30.9;5;SOLEIL VOILÉ;2;20.5;0
Mont-de-Marsan;43.89;-0.5;27/09/2026;17:00;26.4;5;SOLEIL VOILÉ;3;19.1;0
Mont-de-Marsan;43.89;-0.5;27/09/2026;18:00;26.4;5;SOLEIL VOILÉ;3;15.8;0
Mont-de-Marsan;43.89;-0.5;27/09/2026;19:00;26.4;5;SOLEIL VOILÉ;3;11.2;0
Mont-de-Marsan;43.89;-0.5;27/09/2026;20:00;20.6;5;SOLEIL VOILÉ;2;18.7;0
Mont-de-Marsan;43.89;-0.5;27/09/2026;21:00;20.6;5;SOLEIL VOILÉ;2;27.4;0
Mont-de-Marsan;43.89;-0.5;27/09/2026;22:00;20.6;5;SOLEIL VOILÉ;2;25.6;0
Mont-de-Marsan;43.89;-0.5;27/09/2026;23:00;18.5;5;SOLEIL VOILÉ;2;22.0;0
Mont-de-Marsan;43.89;-0.5;28/09/2026;00:00;18.5;5;SOLEIL VOILÉ;2;23.0;0
Mont-de-Marsan;43.89;-0.5;28/09/2026;01:00;18.5;5;SOLEIL VOILÉ;2;22.3;0
Mont-de-Marsan;43.89;-0.5;28/09/2026;02:00;17.5;5;SOLEIL VOILÉ;2;21.6;0
Mont-de-Marsan;43.89;-0.5;28/09/2026;03:00;17.5;5;SOLEIL VOILÉ;2;16.6;0
Mont-de-Marsan;43.89;-0.5;28/09/2026;04:00;17.5;5;SOLEIL VOILÉ;2;9.7;0
Mont-de-Marsan;43.89;-0.5;28/09/2026;05:00;16.5;5;SOLEIL VOILÉ;2;11.5;0
Mont-de-Marsan;43.89;-0.5;28/09/2026;06:00;16.5;5;SOLEIL VOILÉ;2;13.0;0
Mont-de-Marsan;43.89;-0.5;28/09/2026;07:00;16.5;5;SOLEIL VOILÉ;2;9.4;0
Mont-de-Marsan;43.89;-0.5;28/09/2026;08:00;20.5;5;SOLEIL VOILÉ;2;5.4;0
Mont-de-Marsan;43.89;-0.5;28/09/2026;09:00;20.5;5;SOLEIL VOILÉ;2;7.6;0
Mont-de-Marsan;43.89;-0.5;28/09/2026;10:00;20.5;5;SOLEIL VOILÉ;2;10.4;0
Mont-de-Marsan;43.89;-0.5;28/09/2026;11:00;24.4;5;SOLEIL VOILÉ;2;14.0;0
Mont-de-Marsan;43.89;-0.5;28/09/2026;12:00;24.4;5;SOLEIL VOILÉ;2;22.3;0
Mont-de-Marsan;43.89;-0.5;28/09/2026;13:00;24.4;5;SOLEIL VOILÉ;2;24.1;0
Mont-de-Marsan;43.89;-0.5;28/09/2026;14:00;25.7;5;SOLEIL VOILÉ;2;23.0;0
Mont-de-Marsan;43.89;-0.5;28/09/2026;15:00;25.7;5;SOLEIL VOILÉ;2;19.1;0
Mont-de-Marsan;43.89;-0.5;28/09/2026;16:00;25.7;5;SOLEIL VOILÉ;2;18.0;0
Mont-de-Marsan;43.89;-0.5;28/09/2026;17:00;25.1;5;SOLEIL VOILÉ;3;16.2;0
Mont-de-Marsan;43.89;-0.5;28/09/2026;18:00;25.1;5;SOLEIL VOILÉ;3;16.2;0
Mont-de-Marsan;43.89;-0.5;28/09/2026;19:00;25.1;5;SOLEIL VOILÉ;3;19.4;0
Mont-de-Marsan;43.89;-0.5;28/09/2026;20:00;20.7;5;SOLEIL VOILÉ;5;18.7;0
Mont-de-Marsan;43.89;-0.5;28/09/2026;21:00;19.5;5;SOLEIL VOILÉ;5;15.5;0
Mont-de-Marsan;43.89;-0.5;28/09/2026;22:00;18.3;5;SOLEIL VOILÉ;5;10.8;0
Mont-de-Marsan;43.89;-0.5;28/09/2026;23:00;19.1;0;SOLEIL;3;10.8;0
Mont-de-Marsan;43.89;-0.5;29/09/2026;00:00;19.1;0;SOLEIL;3;13.3;0
Mont-de-Marsan;43.89;-0.5;29/09/2026;01:00;19.1;0;SOLEIL;3;15.8;0
Mont-de-Marsan;43.89;-0.5;29/09/2026;02:00;16.7;2;NUAGEUX;5;17.6;0
Mont-de-Marsan;43.89;-0.5;29/09/2026;03:00;16.7;2;NUAGEUX;5;18.7;0
Mont-de-Marsan;43.89;-0.5;29/09/2026;04:00;16.7;2;NUAGEUX;5;18.7;0
Mont-de-Marsan;43.89;-0.5;29/09/2026;05:00;17.4;0;SOLEIL;3;19.4;0
Mont-de-Marsan;43.89;-0.5;29/09/2026;06:00;17.4;0;SOLEIL;3;20.3;0
Mont-de-Marsan;43.89;-0.5;29/09/2026;07:00;17.4;0;SOLEIL;3;20.3;0
Mont-de-Marsan;43.89;-0.5;29/09/2026;08:00;20.3;2;NUAGEUX;5;20.2;0
Mont-de-Marsan;43.89;-0.5;29/09/2026;09:00;22.0;2;NUAGEUX;5;22.0;0
Mont-de-Marsan;43.89;-0.5;29/09/2026;10:00;23.8;2;NUAGEUX;5;23.0;0
Mont-de-Marsan;43.89;-0.5;29/09/2026;11:00;30.1;0;SOLEIL;2;23.8;0
Mont-de-Marsan;43.89;-0.5;29/09/2026;12:00;30.1;0;SOLEIL;2;23.4;0
Mont-de-Marsan;43.89;-0.5;29/09/2026;13:00;30.1;0;SOLEIL;2;23.0;0
Mont-de-Marsan;43.89;-0.5;29/09/2026;14:00;30.9;2;NUAGEUX;5;23.4;0
Mont-de-Marsan;43.89;-0.5;29/09/2026;15:00;32.7;2;NUAGEUX;5;26.3;0
Mont-de-Marsan;43.89;-0.5;29/09/2026;16:00;30.9;2;NUAGEUX;5;29.9;0
Mont-de-Marsan;43.89;-0.5;29/09/2026;17:00;27.5;2;NUAGEUX;3;32.8;0
Mont-de-Marsan;43.89;-0.5;29/09/2026;18:00;27.5;2;NUAGEUX;3;33.1;0
Mont-de-Marsan;43.89;-0.5;29/09/2026;19:00;27.5;2;NUAGEUX;3;32.4;0
Mont-de-Marsan;43.89;-0.5;29/09/2026;20:00;23.8;2;NUAGEUX;5;32.4;0
Mont-de-Marsan;43.89;-0.5;29/09/2026;21:00;22.0;2;NUAGEUX;5;34.6;0
Mont-de-Marsan;43.89;-0.5;29/09/2026;22:00;20.3;2;NUAGEUX;5;37.4;0
Mont-de-Marsan;43.89;-0.5;29/09/2026;23:00;20.4;2;NUAGEUX;3;38.2;0
Mont-de-Marsan;43.89;-0.5;30/09/2026;00:00;20.4;2;NUAGEUX;3;35.6;0
Mont-de-Marsan;43.89;-0.5;30/09/2026;01:00;20.4;2;NUAGEUX;3;31.0;0
Mont-de-Marsan;43.89;-0.5;30/09/2026;02:00;17.6;2;NUAGEUX;5;26.3;0
Mont-de-Marsan;43.89;-0.5;30/09/2026;03:00;17.6;2;NUAGEUX;5;21.2;0
Mont-de-Marsan;43.89;-0.5;30/09/2026;04:00;17.6;2;NUAGEUX;5;16.6;0
Mont-de-Marsan;43.89;-0.5;30/09/2026;05:00;18.5;2;NUAGEUX;3;13.0;0
Mont-de-Marsan;43.89;-0.5;30/09/2026;06:00;18.5;2;NUAGEUX;3;12.2;0
Mont-de-Marsan;43.89;-0.5;30/09/2026;07:00;18.5;2;NUAGEUX;3;13.0;0
Mont-de-Marsan;43.89;-0.5;30/09/2026;08:00;20.2;2;NUAGEUX;5;14.0;0
Mont-de-Marsan;43.89;-0.5;30/09/2026;09:00;21.4;2;NUAGEUX;5;14.0;0
Mont-de-Marsan;43.89;-0.5;30/09/2026;10:00;22.7;2;NUAGEUX;5;14.4;0
Mont-de-Marsan;43.89;-0.5;30/09/2026;11:00;28.1;2;NUAGEUX;2;16.9;0
Mont-de-Marsan;43.89;-0.5;30/09/2026;12:00;28.1;2;NUAGEUX;2;24.1;0
Mont-de-Marsan;43.89;-0.5;30/09/2026;13:00;28.1;2;NUAGEUX;2;33.8;0
Mont-de-Marsan;43.89;-0.5;30/09/2026;14:00;27.8;2;NUAGEUX;5;41.0;0
Mont-de-Marsan;43.89;-0.5;30/09/2026;15:00;29.1;2;NUAGEUX;5;44.3;0
Mont-de-Marsan;43.89;-0.5;30/09/2026;16:00;27.8;2;NUAGEUX;5;45.4;0
Mont-de-Marsan;43.89;-0.5;30/09/2026;17:00;23.1;7;PLUIE FAIBLE;3;44.6;0
Mont-de-Marsan;43.89;-0.5;30/09/2026;18:00;23.1;7;PLUIE FAIBLE;3;41.0;0
Mont-de-Marsan;43.89;-0.5;30/09/2026;19:00;23.1;7;PLUIE FAIBLE;3;35.6;0
Mont-de-Marsan;43.89;-0.5;30/09/2026;20:00;22.7;2;NUAGEUX;5;31.7;0
Mont-de-Marsan;43.89;-0.5;30/09/2026;21:00;21.4;2;NUAGEUX;5;41.8;0
Mont-de-Marsan;43.89;-0.5;30/09/2026;22:00;20.2;2;NUAGEUX;5;37.8;0
Mont-de-Marsan;43.89;-0.5;30/09/2026;23:00;19.1;6;AVERSES;2;33.1;0
Agen;44.2;0.61;26/09/2026;00:00;18.1;2;NUAGEUX;2;22.7;0
Agen;44.2;0.61;26/09/2026;01:00;17.1;2;NUAGEUX;2;16.9;0
Agen;44.2;0.61;26/09/2026;02:00;17.5;2;NUAGEUX;2;11.2;0
Agen;44.2;0.61;26/09/2026;03:00;18.1;2;NUAGEUX;2;7.6;0
Agen;44.2;0.61;26/09/2026;04:00;17.2;2;NUAGEUX;1;5.4;0
Agen;44.2;0.61;26/09/2026;05:00;16.9;2;NUAGEUX;1;5.8;0
Agen;44.2;0.61;26/09/2026;06:00;17.7;2;NUAGEUX;1;4.7;0
Agen;44.2;0.61;26/09/2026;07:00;18.1;2;NUAGEUX;2;6.1;0
Agen;44.2;0.61;26/09/2026;08:00;18.7;2;NUAGEUX;2;6.5;0
Agen;44.2;0.61;26/09/2026;09:00;21;2;NUAGEUX;2;7.9;0
Agen;44.2;0.61;26/09/2026;10:00;21.9;2;NUAGEUX;1;9.4;0
Agen;44.2;0.61;26/09/2026;11:00;23.4;2;NUAGEUX;2;10.4;0
Agen;44.2;0.61;26/09/2026;12:00;24.9;0;SOLEIL;2;11.5;0
Agen;44.2;0.61;26/09/2026;13:00;26;0;SOLEIL;1;10.8;0
Agen;44.2;0.61;26/09/2026;14:00;26.6;0;SOLEIL;2;10.8;0
Agen;44.2;0.61;26/09/2026;15:00;27.1;0;SOLEIL;2;11.2;0
Agen;44.2;0.61;26/09/2026;16:00;27.1;0;SOLEIL;2;9.4;0
Agen;44.2;0.61;26/09/2026;17:00;26.5;0;SOLEIL;2;5.8;0
Agen;44.2;0.61;26/09/2026;18:00;25.5;0;SOLEIL;2;6.5;0
Agen;44.2;0.61;26/09/2026;19:00;23;0;SOLEIL;2;8.3;0
Agen;44.2;0.61;26/09/2026;20:00;20.9;0;SOLEIL;1;8.3;0
Agen;44.2;0.61;26/09/2026;21:00;19.4;0;SOLEIL;1;7.9;0
Agen;44.2;0.61;26/09/2026;22:00;18.6;0;SOLEIL;2;6.5;0
Agen;44.2;0.61;26/09/2026;23:00;18.5;0;SOLEIL;3;6.8;0
Agen;44.2;0.61;27/09/2026;00:00;18.9;0;SOLEIL;3;6.5;0
Agen;44.2;0.61;27/09/2026;01:00;18.9;0;SOLEIL;3;4.7;0
Agen;44.2;0.61;27/09/2026;02:00;16;0;SOLEIL;3;5.8;0
Agen;44.2;0.61;27/09/2026;03:00;16;0;SOLEIL;3;6.7;0
Agen;44.2;0.61;27/09/2026;04:00;16;0;SOLEIL;3;6.8;0
Agen;44.2;0.61;27/09/2026;05:00;15.7;5;SOLEIL VOILÉ;4;7.1;0
Agen;44.2;0.61;27/09/2026;06:00;15.7;5;SOLEIL VOILÉ;4;9.0;0
Agen;44.2;0.61;27/09/2026;07:00;15.7;5;SOLEIL VOILÉ;4;9.0;0
Agen;44.2;0.61;27/09/2026;08:00;22.6;5;SOLEIL VOILÉ;5;8.6;0
Agen;44.2;0.61;27/09/2026;09:00;22.6;5;SOLEIL VOILÉ;5;10.8;0
Agen;44.2;0.61;27/09/2026;10:00;22.6;5;SOLEIL VOILÉ;5;20.5;0
Agen;44.2;0.61;27/09/2026;11:00;28.6;5;SOLEIL VOILÉ;3;31.7;0
Agen;44.2;0.61;27/09/2026;12:00;28.6;5;SOLEIL VOILÉ;3;34.9;0
Agen;44.2;0.61;27/09/2026;13:00;28.6;5;SOLEIL VOILÉ;3;34.2;0
Agen;44.2;0.61;27/09/2026;14:00;31.5;5;SOLEIL VOILÉ;3;32.8;0
Agen;44.2;0.61;27/09/2026;15:00;31.5;5;SOLEIL VOILÉ;3;32.0;0
Agen;44.2;0.61;27/09/2026;16:00;31.5;5;SOLEIL VOILÉ;3;32.8;0
Agen;44.2;0.61;27/09/2026;17:00;27;5;SOLEIL VOILÉ;4;32.0;0
Agen;44.2;0.61;27/09/2026;18:00;27;5;SOLEIL VOILÉ;4;33.5;0
Agen;44.2;0.61;27/09/2026;19:00;27;5;SOLEIL VOILÉ;4;33.5;0
Agen;44.2;0.61;27/09/2026;20:00;21.1;5;SOLEIL VOILÉ;4;33.1;0
Agen;44.2;0.61;27/09/2026;21:00;21.1;5;SOLEIL VOILÉ;4;28.4;0
Agen;44.2;0.61;27/09/2026;22:00;21.1;5;SOLEIL VOILÉ;4;28.8;0
Agen;44.2;0.61;27/09/2026;23:00;20.1;5;SOLEIL VOILÉ;3;28.4;0
Agen;44.2;0.61;28/09/2026;00:00;20.1;5;SOLEIL VOILÉ;3;27.4;0
Agen;44.2;0.61;28/09/2026;01:00;20.1;5;SOLEIL VOILÉ;3;24.1;0
Agen;44.2;0.61;28/09/2026;02:00;19.1;5;SOLEIL VOILÉ;4;22.0;0
Agen;44.2;0.61;28/09/2026;03:00;19.1;5;SOLEIL VOILÉ;4;19.1;0
Agen;44.2;0.61;28/09/2026;04:00;19.1;5;SOLEIL VOILÉ;4;19.8;0
Agen;44.2;0.61;28/09/2026;05:00;19.1;2;NUAGEUX;4;20.5;0
Agen;44.2;0.61;28/09/2026;06:00;19.1;2;NUAGEUX;4;19.8;0
Agen;44.2;0.61;28/09/2026;07:00;19.1;2;NUAGEUX;4;19.4;0
Agen;44.2;0.61;28/09/2026;08:00;22.2;2;NUAGEUX;5;15.8;0
Agen;44.2;0.61;28/09/2026;09:00;22.2;2;NUAGEUX;5;19.4;0
Agen;44.2;0.61;28/09/2026;10:00;22.2;2;NUAGEUX;5;24.8;0
Agen;44.2;0.61;28/09/2026;11:00;26.1;5;SOLEIL VOILÉ;4;29.5;0
Agen;44.2;0.61;28/09/2026;12:00;26.1;5;SOLEIL VOILÉ;4;32.0;0
Agen;44.2;0.61;28/09/2026;13:00;26.1;5;SOLEIL VOILÉ;4;33.8;0
Agen;44.2;0.61;28/09/2026;14:00;28.5;5;SOLEIL VOILÉ;4;34.9;0
Agen;44.2;0.61;28/09/2026;15:00;28.5;5;SOLEIL VOILÉ;4;34.9;0
Agen;44.2;0.61;28/09/2026;16:00;28.5;5;SOLEIL VOILÉ;4;34.6;0
Agen;44.2;0.61;28/09/2026;17:00;26.9;5;SOLEIL VOILÉ;4;33.5;0
Agen;44.2;0.61;28/09/2026;18:00;26.9;5;SOLEIL VOILÉ;4;32.0;0
Agen;44.2;0.61;28/09/2026;19:00;26.9;5;SOLEIL VOILÉ;4;30.2;0
Agen;44.2;0.61;28/09/2026;20:00;23.3;5;SOLEIL VOILÉ;5;28.4;0
Agen;44.2;0.61;28/09/2026;21:00;22.1;5;SOLEIL VOILÉ;5;25.9;0
Agen;44.2;0.61;28/09/2026;22:00;20.8;5;SOLEIL VOILÉ;5;23.0;0
Agen;44.2;0.61;28/09/2026;23:00;19.5;0;SOLEIL;5;21.2;0
Agen;44.2;0.61;29/09/2026;00:00;19.5;0;SOLEIL;5;21.2;0
Agen;44.2;0.61;29/09/2026;01:00;19.5;0;SOLEIL;5;22.3;0
Agen;44.2;0.61;29/09/2026;02:00;17.1;0;SOLEIL;5;23.0;0
Agen;44.2;0.61;29/09/2026;03:00;17.1;0;SOLEIL;5;23.0;0
Agen;44.2;0.61;29/09/2026;04:00;17.1;0;SOLEIL;5;22.7;0
Agen;44.2;0.61;29/09/2026;05:00;18;0;SOLEIL;5;22.0;0
Agen;44.2;0.61;29/09/2026;06:00;18;0;SOLEIL;5;19.8;0
Agen;44.2;0.61;29/09/2026;07:00;18;0;SOLEIL;5;16.9;0
Agen;44.2;0.61;29/09/2026;08:00;20.5;0;SOLEIL;5;16.2;0
Agen;44.2;0.61;29/09/2026;09:00;22.3;0;SOLEIL;5;19.4;0
Agen;44.2;0.61;29/09/2026;10:00;24.0;0;SOLEIL;5;24.8;0
Agen;44.2;0.61;29/09/2026;11:00;30.1;0;SOLEIL;5;28.8;0
Agen;44.2;0.61;29/09/2026;12:00;30.1;0;SOLEIL;5;29.5;0
Agen;44.2;0.61;29/09/2026;13:00;30.1;0;SOLEIL;5;28.4;0
Agen;44.2;0.61;29/09/2026;14:00;30.9;0;SOLEIL;5;26.6;0
Agen;44.2;0.61;29/09/2026;15:00;32.6;0;SOLEIL;5;23.8;0
Agen;44.2;0.61;29/09/2026;16:00;30.9;0;SOLEIL;5;19.8;0
Agen;44.2;0.61;29/09/2026;17:00;27.9;0;SOLEIL;5;18.0;0
Agen;44.2;0.61;29/09/2026;18:00;27.9;0;SOLEIL;5;20.2;0
Agen;44.2;0.61;29/09/2026;19:00;27.9;0;SOLEIL;5;24.5;0
Agen;44.2;0.61;29/09/2026;20:00;24.0;0;SOLEIL;5;26.6;0
Agen;44.2;0.61;29/09/2026;21:00;22.3;0;SOLEIL;5;25.2;0
Agen;44.2;0.61;29/09/2026;22:00;20.5;0;SOLEIL;5;21.6;0
Agen;44.2;0.61;29/09/2026;23:00;20.6;0;SOLEIL;6;18.7;0
Agen;44.2;0.61;30/09/2026;00:00;20.6;0;SOLEIL;6;17.9;0
Agen;44.2;0.61;30/09/2026;01:00;20.6;0;SOLEIL;6;17.5;0
Agen;44.2;0.61;30/09/2026;02:00;18.5;6;AVERSES;5;17.0;0
Agen;44.2;0.61;30/09/2026;03:00;18.5;6;AVERSES;5;17.3;0
Agen;44.2;0.61;30/09/2026;04:00;18.5;6;AVERSES;5;18.0;0
Agen;44.2;0.61;30/09/2026;05:00;19.2;2;NUAGEUX;5;18.7;0
Agen;44.2;0.61;30/09/2026;06:00;19.2;2;NUAGEUX;5;18.4;0
Agen;44.2;0.61;30/09/2026;07:00;19.2;2;NUAGEUX;5;17.6;0
Agen;44.2;0.61;30/09/2026;08:00;21.0;6;AVERSES;5;18.7;0
Agen;44.2;0.61;30/09/2026;09:00;22.2;6;AVERSES;5;24.1;0
Agen;44.2;0.61;30/09/2026;10:00;23.4;6;AVERSES;5;31.0;0
Agen;44.2;0.61;30/09/2026;11:00;28.6;2;NUAGEUX;4;35.6;0
Agen;44.2;0.61;30/09/2026;12:00;28.6;2;NUAGEUX;4;35.6;0
Agen;44.2;0.61;30/09/2026;13:00;28.6;2;NUAGEUX;4;33.1;0
Agen;44.2;0.61;30/09/2026;14:00;28.4;6;AVERSES;5;29.9;0
Agen;44.2;0.61;30/09/2026;15:00;29.6;6;AVERSES;5;25.9;0
Agen;44.2;0.61;30/09/2026;16:00;28.4;6;AVERSES;5;21.2;0
Agen;44.2;0.61;30/09/2026;17:00;24.6;6;AVERSES;4;18.7;0
Agen;44.2;0.61;30/09/2026;18:00;24.6;6;AVERSES;4;19.8;0
Agen;44.2;0.61;30/09/2026;19:00;24.6;6;AVERSES;4;22.7;0
Agen;44.2;0.61;30/09/2026;20:00;23.4;6;AVERSES;5;25.9;0
Agen;44.2;0.61;30/09/2026;21:00;22.2;6;AVERSES;5;29.9;0
Agen;44.2;0.61;30/09/2026;22:00;21.0;6;AVERSES;5;34.2;0
Agen;44.2;0.61;30/09/2026;23:00;19.6;6;AVERSES;5;36.4;0
Marmande;44.5;0.16;26/09/2026;00:00;18.7;2;NUAGEUX;2;16.6;0
Marmande;44.5;0.16;26/09/2026;01:00;18.1;2;NUAGEUX;2;9.7;0
Marmande;44.5;0.16;26/09/2026;02:00;18.1;2;NUAGEUX;3;3.2;0
Marmande;44.5;0.16;26/09/2026;03:00;18.5;2;NUAGEUX;2;2.9;0
Marmande;44.5;0.16;26/09/2026;04:00;17.1;2;NUAGEUX;2;3.2;0
Marmande;44.5;0.16;26/09/2026;05:00;16.9;2;NUAGEUX;1;3.2;0
Marmande;44.5;0.16;26/09/2026;06:00;18.2;2;NUAGEUX;1;2.9;0
Marmande;44.5;0.16;26/09/2026;07:00;18.1;2;NUAGEUX;2;2.9;0
Marmande;44.5;0.16;26/09/2026;08:00;19.2;2;NUAGEUX;2;4.3;0
Marmande;44.5;0.16;26/09/2026;09:00;21;2;NUAGEUX;2;4.0;0
Marmande;44.5;0.16;26/09/2026;10:00;21.7;2;NUAGEUX;2;5.4;0
Marmande;44.5;0.16;26/09/2026;11:00;22.6;2;NUAGEUX;2;5.8;0
Marmande;44.5;0.16;26/09/2026;12:00;24.2;2;NUAGEUX;2;4.7;0
Marmande;44.5;0.16;26/09/2026;13:00;25.6;0;SOLEIL;2;4.3;0
Marmande;44.5;0.16;26/09/2026;14:00;26.2;0;SOLEIL;2;4.0;0
Marmande;44.5;0.16;26/09/2026;15:00;26.4;0;SOLEIL;2;4.3;0
Marmande;44.5;0.16;26/09/2026;16:00;26.6;0;SOLEIL;1;6.8;0
Marmande;44.5;0.16;26/09/2026;17:00;26.7;0;SOLEIL;1;7.9;0
Marmande;44.5;0.16;26/09/2026;18:00;26.6;0;SOLEIL;2;7.6;0
Marmande;44.5;0.16;26/09/2026;19:00;25.1;0;SOLEIL;2;6.8;0
Marmande;44.5;0.16;26/09/2026;20:00;24;0;SOLEIL;2;2.9;0
Marmande;44.5;0.16;26/09/2026;21:00;22.7;0;SOLEIL;2;3.2;0
Marmande;44.5;0.16;26/09/2026;22:00;21.6;0;SOLEIL;2;3.6;0
Marmande;44.5;0.16;26/09/2026;23:00;20.7;0;SOLEIL;2;1.8;0
Marmande;44.5;0.16;27/09/2026;00:00;20.9;0;SOLEIL;2;2.5;0
Marmande;44.5;0.16;27/09/2026;01:00;20.9;0;SOLEIL;2;2.2;0
Marmande;44.5;0.16;27/09/2026;02:00;17.9;5;SOLEIL VOILÉ;2;4.7;0
Marmande;44.5;0.16;27/09/2026;03:00;17.9;5;SOLEIL VOILÉ;2;3.8;0
Marmande;44.5;0.16;27/09/2026;04:00;17.9;5;SOLEIL VOILÉ;2;5.0;0
Marmande;44.5;0.16;27/09/2026;05:00;17.2;5;SOLEIL VOILÉ;3;5.8;0
Marmande;44.5;0.16;27/09/2026;06:00;17.2;5;SOLEIL VOILÉ;3;7.6;0
Marmande;44.5;0.16;27/09/2026;07:00;17.2;5;SOLEIL VOILÉ;3;6.8;0
Marmande;44.5;0.16;27/09/2026;08:00;22.5;5;SOLEIL VOILÉ;4;7.9;0
Marmande;44.5;0.16;27/09/2026;09:00;22.5;5;SOLEIL VOILÉ;4;9.7;0
Marmande;44.5;0.16;27/09/2026;10:00;22.5;5;SOLEIL VOILÉ;4;24.5;0
Marmande;44.5;0.16;27/09/2026;11:00;27.4;5;SOLEIL VOILÉ;3;30.6;0
Marmande;44.5;0.16;27/09/2026;12:00;27.4;5;SOLEIL VOILÉ;3;35.3;0
Marmande;44.5;0.16;27/09/2026;13:00;27.4;5;SOLEIL VOILÉ;3;35.6;0
Marmande;44.5;0.16;27/09/2026;14:00;30.4;5;SOLEIL VOILÉ;2;33.5;0
Marmande;44.5;0.16;27/09/2026;15:00;30.4;5;SOLEIL VOILÉ;2;29.2;0
Marmande;44.5;0.16;27/09/2026;16:00;30.4;5;SOLEIL VOILÉ;2;25.2;0
Marmande;44.5;0.16;27/09/2026;17:00;27.4;5;SOLEIL VOILÉ;3;23.4;0
Marmande;44.5;0.16;27/09/2026;18:00;27.4;5;SOLEIL VOILÉ;3;22.3;0
Marmande;44.5;0.16;27/09/2026;19:00;27.4;5;SOLEIL VOILÉ;3;19.4;0
Marmande;44.5;0.16;27/09/2026;20:00;23.1;5;SOLEIL VOILÉ;3;22.7;0
Marmande;44.5;0.16;27/09/2026;21:00;23.1;5;SOLEIL VOILÉ;3;23.8;0
Marmande;44.5;0.16;27/09/2026;22:00;23.1;5;SOLEIL VOILÉ;3;21.6;0
Marmande;44.5;0.16;27/09/2026;23:00;20.6;10;ORAGEUX;3;23.0;0
Marmande;44.5;0.16;28/09/2026;00:00;20.6;10;ORAGEUX;3;24.1;0
Marmande;44.5;0.16;28/09/2026;01:00;20.6;10;ORAGEUX;3;23.4;0
Marmande;44.5;0.16;28/09/2026;02:00;19;10;ORAGEUX;3;16.6;0
Marmande;44.5;0.16;28/09/2026;03:00;19;10;ORAGEUX;3;12.2;0
Marmande;44.5;0.16;28/09/2026;04:00;19;10;ORAGEUX;3;11.9;0
Marmande;44.5;0.16;28/09/2026;05:00;19.1;10;ORAGEUX;4;12.6;0
Marmande;44.5;0.16;28/09/2026;06:00;19.1;10;ORAGEUX;4;13.3;0
Marmande;44.5;0.16;28/09/2026;07:00;19.1;10;ORAGEUX;4;9.7;0
Marmande;44.5;0.16;28/09/2026;08:00;21.1;5;SOLEIL VOILÉ;4;11.2;0
Marmande;44.5;0.16;28/09/2026;09:00;21.1;5;SOLEIL VOILÉ;4;15.5;0
Marmande;44.5;0.16;28/09/2026;10:00;21.1;5;SOLEIL VOILÉ;4;21.6;0
Marmande;44.5;0.16;28/09/2026;11:00;24.7;5;SOLEIL VOILÉ;4;26.6;0
Marmande;44.5;0.16;28/09/2026;12:00;24.7;5;SOLEIL VOILÉ;4;29.5;0
Marmande;44.5;0.16;28/09/2026;13:00;24.7;5;SOLEIL VOILÉ;4;31.3;0
Marmande;44.5;0.16;28/09/2026;14:00;26.7;5;SOLEIL VOILÉ;3;32.0;0
Marmande;44.5;0.16;28/09/2026;15:00;26.7;5;SOLEIL VOILÉ;3;31.0;0
Marmande;44.5;0.16;28/09/2026;16:00;26.7;5;SOLEIL VOILÉ;3;28.8;0
Marmande;44.5;0.16;28/09/2026;17:00;25.7;5;SOLEIL VOILÉ;3;25.6;0
Marmande;44.5;0.16;28/09/2026;18:00;25.7;5;SOLEIL VOILÉ;3;20.9;0
Marmande;44.5;0.16;28/09/2026;19:00;25.7;5;SOLEIL VOILÉ;3;15.5;0
Marmande;44.5;0.16;28/09/2026;20:00;22.7;10;ORAGEUX;5;12.6;0
Marmande;44.5;0.16;28/09/2026;21:00;21.6;10;ORAGEUX;5;15.1;0
Marmande;44.5;0.16;28/09/2026;22:00;20.5;10;ORAGEUX;5;20.5;0
Marmande;44.5;0.16;28/09/2026;23:00;20.1;0;SOLEIL;5;24.1;0
Marmande;44.5;0.16;29/09/2026;00:00;20.1;0;SOLEIL;5;23.4;0
Marmande;44.5;0.16;29/09/2026;01:00;20.1;0;SOLEIL;5;20.5;0
Marmande;44.5;0.16;29/09/2026;02:00;19.4;2;NUAGEUX;5;18.0;0
Marmande;44.5;0.16;29/09/2026;03:00;19.4;2;NUAGEUX;5;16.6;0
Marmande;44.5;0.16;29/09/2026;04:00;19.4;2;NUAGEUX;5;15.5;0
Marmande;44.5;0.16;29/09/2026;05:00;20;0;SOLEIL;5;14.8;0
Marmande;44.5;0.16;29/09/2026;06:00;20;0;SOLEIL;5;15.1;0
Marmande;44.5;0.16;29/09/2026;07:00;20;0;SOLEIL;5;16.2;0
Marmande;44.5;0.16;29/09/2026;08:00;22.4;2;NUAGEUX;5;17.3;0
Marmande;44.5;0.16;29/09/2026;09:00;24.0;2;NUAGEUX;5;19.4;0
Marmande;44.5;0.16;29/09/2026;10:00;25.5;2;NUAGEUX;5;21.6;0
Marmande;44.5;0.16;29/09/2026;11:00;30.9;0;SOLEIL;5;22.3;0
Marmande;44.5;0.16;29/09/2026;12:00;30.9;0;SOLEIL;5;19.8;0
Marmande;44.5;0.16;29/09/2026;13:00;30.9;0;SOLEIL;5;15.8;0
Marmande;44.5;0.16;29/09/2026;14:00;31.6;2;NUAGEUX;5;13.0;0
Marmande;44.5;0.16;29/09/2026;15:00;33.1;2;NUAGEUX;5;13.0;0
Marmande;44.5;0.16;29/09/2026;16:00;31.6;2;NUAGEUX;5;14.0;0
Marmande;44.5;0.16;29/09/2026;17:00;28.2;2;NUAGEUX;4;14.4;0
Marmande;44.5;0.16;29/09/2026;18:00;28.2;2;NUAGEUX;4;12.6;0
Marmande;44.5;0.16;29/09/2026;19:00;28.2;2;NUAGEUX;4;9.7;0
Marmande;44.5;0.16;29/09/2026;20:00;25.5;2;NUAGEUX;5;8.3;0
Marmande;44.5;0.16;29/09/2026;21:00;24.0;2;NUAGEUX;5;9.7;0
Marmande;44.5;0.16;29/09/2026;22:00;22.4;2;NUAGEUX;5;13.0;0
Marmande;44.5;0.16;29/09/2026;23:00;22.5;2;NUAGEUX;5;15.1;0
Marmande;44.5;0.16;30/09/2026;00:00;22.5;2;NUAGEUX;5;15.9;0
Marmande;44.5;0.16;30/09/2026;01:00;22.5;2;NUAGEUX;5;16.7;0
Marmande;44.5;0.16;30/09/2026;02:00;19.7;7;PLUIE FAIBLE;5;18.2;0
Marmande;44.5;0.16;30/09/2026;03:00;19.7;7;PLUIE FAIBLE;5;19.1;0
Marmande;44.5;0.16;30/09/2026;04:00;19.7;7;PLUIE FAIBLE;5;18.4;0
Marmande;44.5;0.16;30/09/2026;05:00;20.6;2;NUAGEUX;4;18.0;0
Marmande;44.5;0.16;30/09/2026;06:00;20.6;2;NUAGEUX;4;17.6;0
Marmande;44.5;0.16;30/09/2026;07:00;20.6;2;NUAGEUX;4;17.3;0
Marmande;44.5;0.16;30/09/2026;08:00;21.8;7;PLUIE FAIBLE;5;18.7;0
Marmande;44.5;0.16;30/09/2026;09:00;22.9;7;PLUIE FAIBLE;5;23.8;0
Marmande;44.5;0.16;30/09/2026;10:00;23.9;7;PLUIE FAIBLE;5;30.6;0
Marmande;44.5;0.16;30/09/2026;11:00;28.5;2;NUAGEUX;4;35.6;0
Marmande;44.5;0.16;30/09/2026;12:00;28.5;2;NUAGEUX;4;37.4;0
Marmande;44.5;0.16;30/09/2026;13:00;28.5;2;NUAGEUX;4;37.1;0
Marmande;44.5;0.16;30/09/2026;14:00;28.1;7;PLUIE FAIBLE;5;36.0;0
Marmande;44.5;0.16;30/09/2026;15:00;29.2;7;PLUIE FAIBLE;5;34.2;0
Marmande;44.5;0.16;30/09/2026;16:00;28.1;7;PLUIE FAIBLE;5;31.7;0
Marmande;44.5;0.16;30/09/2026;17:00;24.6;7;PLUIE FAIBLE;3;28.1;0
Marmande;44.5;0.16;30/09/2026;18:00;24.6;7;PLUIE FAIBLE;3;22.0;0
Marmande;44.5;0.16;30/09/2026;19:00;24.6;7;PLUIE FAIBLE;3;15.1;0
Marmande;44.5;0.16;30/09/2026;20:00;23.9;7;PLUIE FAIBLE;5;11.2;0
Marmande;44.5;0.16;30/09/2026;21:00;22.9;7;PLUIE FAIBLE;5;13.7;0
Marmande;44.5;0.16;30/09/2026;22:00;21.8;7;PLUIE FAIBLE;5;19.1;0
Marmande;44.5;0.16;30/09/2026;23:00;20.5;7;PLUIE FAIBLE;2;22.3;0
Bayonne;43.49;-1.47;26/09/2026;00:00;20.4;2;NUAGEUX;4;25.2;0
Bayonne;43.49;-1.47;26/09/2026;01:00;20.2;2;NUAGEUX;4;24.5;0
Bayonne;43.49;-1.47;26/09/2026;02:00;19.9;2;NUAGEUX;4;27.7;0
Bayonne;43.49;-1.47;26/09/2026;03:00;20;2;NUAGEUX;3;29.2;0
Bayonne;43.49;-1.47;26/09/2026;04:00;19.4;2;NUAGEUX;3;28.8;0
Bayonne;43.49;-1.47;26/09/2026;05:00;19;6;AVERSES;2;24.8;0.1
Bayonne;43.49;-1.47;26/09/2026;06:00;18.7;2;NUAGEUX;2;18.0;0
Bayonne;43.49;-1.47;26/09/2026;07:00;18.9;2;NUAGEUX;2;16.9;0
Bayonne;43.49;-1.47;26/09/2026;08:00;19.6;2;NUAGEUX;2;19.1;0
Bayonne;43.49;-1.47;26/09/2026;09:00;21.2;2;NUAGEUX;3;14.4;0
Bayonne;43.49;-1.47;26/09/2026;10:00;21.6;2;NUAGEUX;2;15.5;0
Bayonne;43.49;-1.47;26/09/2026;11:00;22.1;2;NUAGEUX;2;15.5;0
Bayonne;43.49;-1.47;26/09/2026;12:00;23.2;0;SOLEIL;3;16.9;0
Bayonne;43.49;-1.47;26/09/2026;13:00;23.9;0;SOLEIL;3;17.3;0
Bayonne;43.49;-1.47;26/09/2026;14:00;23.9;0;SOLEIL;3;19.4;0
Bayonne;43.49;-1.47;26/09/2026;15:00;23.6;0;SOLEIL;3;23.0;0
Bayonne;43.49;-1.47;26/09/2026;16:00;23.1;0;SOLEIL;3;26.3;0
Bayonne;43.49;-1.47;26/09/2026;17:00;22.4;0;SOLEIL;3;27.0;0
Bayonne;43.49;-1.47;26/09/2026;18:00;21.6;0;SOLEIL;3;25.6;0
Bayonne;43.49;-1.47;26/09/2026;19:00;20.7;0;SOLEIL;2;24.1;0
Bayonne;43.49;-1.47;26/09/2026;20:00;19.7;0;SOLEIL;2;22.0;0
Bayonne;43.49;-1.47;26/09/2026;21:00;19.2;0;SOLEIL;2;17.3;0
Bayonne;43.49;-1.47;26/09/2026;22:00;18.6;0;SOLEIL;3;13.3;0
Bayonne;43.49;-1.47;26/09/2026;23:00;17.6;5;SOLEIL VOILÉ;1;11.5;0
Bayonne;43.49;-1.47;27/09/2026;00:00;17.1;5;SOLEIL VOILÉ;1;9.0;0
Bayonne;43.49;-1.47;27/09/2026;01:00;17.1;5;SOLEIL VOILÉ;1;9.4;0
Bayonne;43.49;-1.47;27/09/2026;02:00;16.7;5;SOLEIL VOILÉ;1;10.4;0
Bayonne;43.49;-1.47;27/09/2026;03:00;16.7;5;SOLEIL VOILÉ;1;9.5;0
Bayonne;43.49;-1.47;27/09/2026;04:00;16.7;5;SOLEIL VOILÉ;1;8.8;0
Bayonne;43.49;-1.47;27/09/2026;05:00;16.6;5;SOLEIL VOILÉ;2;7.9;0
Bayonne;43.49;-1.47;27/09/2026;06:00;16.6;5;SOLEIL VOILÉ;2;7.6;0
Bayonne;43.49;-1.47;27/09/2026;07:00;16.6;5;SOLEIL VOILÉ;2;7.9;0
Bayonne;43.49;-1.47;27/09/2026;08:00;23.1;5;SOLEIL VOILÉ;2;9.7;0
Bayonne;43.49;-1.47;27/09/2026;09:00;23.1;5;SOLEIL VOILÉ;2;5.0;0
Bayonne;43.49;-1.47;27/09/2026;10:00;23.1;5;SOLEIL VOILÉ;2;5.4;0
Bayonne;43.49;-1.47;27/09/2026;11:00;24.1;5;SOLEIL VOILÉ;3;16.2;0
Bayonne;43.49;-1.47;27/09/2026;12:00;24.1;5;SOLEIL VOILÉ;3;23.0;0
Bayonne;43.49;-1.47;27/09/2026;13:00;24.1;5;SOLEIL VOILÉ;3;26.6;0
Bayonne;43.49;-1.47;27/09/2026;14:00;22.6;5;SOLEIL VOILÉ;3;27.4;0
Bayonne;43.49;-1.47;27/09/2026;15:00;22.6;5;SOLEIL VOILÉ;3;26.3;0
Bayonne;43.49;-1.47;27/09/2026;16:00;22.6;5;SOLEIL VOILÉ;3;24.5;0
Bayonne;43.49;-1.47;27/09/2026;17:00;21.5;5;SOLEIL VOILÉ;2;24.1;0
Bayonne;43.49;-1.47;27/09/2026;18:00;21.5;5;SOLEIL VOILÉ;2;22.7;0
Bayonne;43.49;-1.47;27/09/2026;19:00;21.5;5;SOLEIL VOILÉ;2;19.8;0
Bayonne;43.49;-1.47;27/09/2026;20:00;20.6;5;SOLEIL VOILÉ;2;19.1;0
Bayonne;43.49;-1.47;27/09/2026;21:00;20.6;5;SOLEIL VOILÉ;2;13.7;0
Bayonne;43.49;-1.47;27/09/2026;22:00;20.6;5;SOLEIL VOILÉ;2;13.3;0
Bayonne;43.49;-1.47;27/09/2026;23:00;19.9;10;ORAGEUX;2;14.0;0
Bayonne;43.49;-1.47;28/09/2026;00:00;19.9;10;ORAGEUX;2;12.2;0
Bayonne;43.49;-1.47;28/09/2026;01:00;19.9;10;ORAGEUX;2;8.6;0
Bayonne;43.49;-1.47;28/09/2026;02:00;19.1;10;ORAGEUX;2;13.3;0
Bayonne;43.49;-1.47;28/09/2026;03:00;19.1;10;ORAGEUX;2;12.2;0
Bayonne;43.49;-1.47;28/09/2026;04:00;19.1;10;ORAGEUX;2;11.9;0
Bayonne;43.49;-1.47;28/09/2026;05:00;19.2;10;ORAGEUX;2;9.7;0
Bayonne;43.49;-1.47;28/09/2026;06:00;19.2;10;ORAGEUX;2;8.6;0
Bayonne;43.49;-1.47;28/09/2026;07:00;19.2;10;ORAGEUX;2;10.4;0
Bayonne;43.49;-1.47;28/09/2026;08:00;21.5;5;SOLEIL VOILÉ;3;28.8;0
Bayonne;43.49;-1.47;28/09/2026;09:00;21.5;5;SOLEIL VOILÉ;3;30.2;0
Bayonne;43.49;-1.47;28/09/2026;10:00;21.5;5;SOLEIL VOILÉ;3;26.3;0
Bayonne;43.49;-1.47;28/09/2026;11:00;24.6;5;SOLEIL VOILÉ;4;28.4;0
Bayonne;43.49;-1.47;28/09/2026;12:00;24.6;5;SOLEIL VOILÉ;4;27.7;0
Bayonne;43.49;-1.47;28/09/2026;13:00;24.6;5;SOLEIL VOILÉ;4;24.1;0
Bayonne;43.49;-1.47;28/09/2026;14:00;24.9;5;SOLEIL VOILÉ;4;18.4;0
Bayonne;43.49;-1.47;28/09/2026;15:00;24.9;5;SOLEIL VOILÉ;4;15.5;0
Bayonne;43.49;-1.47;28/09/2026;16:00;24.9;5;SOLEIL VOILÉ;4;18.4;0
Bayonne;43.49;-1.47;28/09/2026;17:00;24.1;0;SOLEIL;4;11.9;0
Bayonne;43.49;-1.47;28/09/2026;18:00;24.1;0;SOLEIL;4;32.8;0
Bayonne;43.49;-1.47;28/09/2026;19:00;24.1;0;SOLEIL;4;31.3;0
Bayonne;43.49;-1.47;28/09/2026;20:00;21.8;10;ORAGEUX;5;30.2;0
Bayonne;43.49;-1.47;28/09/2026;21:00;21.0;10;ORAGEUX;5;30.2;0
Bayonne;43.49;-1.47;28/09/2026;22:00;20.2;10;ORAGEUX;5;29.2;0
Bayonne;43.49;-1.47;28/09/2026;23:00;24.6;0;SOLEIL;7;9.0;0
Bayonne;43.49;-1.47;29/09/2026;00:00;24.6;0;SOLEIL;7;20.2;0
Bayonne;43.49;-1.47;29/09/2026;01:00;24.6;0;SOLEIL;7;19.8;0
Bayonne;43.49;-1.47;29/09/2026;02:00;22.6;2;NUAGEUX;5;11.9;0
Bayonne;43.49;-1.47;29/09/2026;03:00;22.6;2;NUAGEUX;5;14.4;0
Bayonne;43.49;-1.47;29/09/2026;04:00;22.6;2;NUAGEUX;5;19.1;0
Bayonne;43.49;-1.47;29/09/2026;05:00;23.7;0;SOLEIL;7;16.9;0
Bayonne;43.49;-1.47;29/09/2026;06:00;23.7;0;SOLEIL;7;23.5;0
Bayonne;43.49;-1.47;29/09/2026;07:00;23.7;0;SOLEIL;7;34.7;0
Bayonne;43.49;-1.47;29/09/2026;08:00;24.9;2;NUAGEUX;5;42.9;0
Bayonne;43.49;-1.47;29/09/2026;09:00;26.1;2;NUAGEUX;5;51.8;0
Bayonne;43.49;-1.47;29/09/2026;10:00;27.3;2;NUAGEUX;5;52.9;0
Bayonne;43.49;-1.47;29/09/2026;11:00;31.1;0;SOLEIL;5;52.6;0
Bayonne;43.49;-1.47;29/09/2026;12:00;31.1;0;SOLEIL;5;49.0;0
Bayonne;43.49;-1.47;29/09/2026;13:00;31.1;0;SOLEIL;5;44.3;0
Bayonne;43.49;-1.47;29/09/2026;14:00;31.9;2;NUAGEUX;5;41.4;0
Bayonne;43.49;-1.47;29/09/2026;15:00;33.1;2;NUAGEUX;5;42.5;0
Bayonne;43.49;-1.47;29/09/2026;16:00;31.9;2;NUAGEUX;5;45.7;0
Bayonne;43.49;-1.47;29/09/2026;17:00;28.7;2;NUAGEUX;4;47.5;0
Bayonne;43.49;-1.47;29/09/2026;18:00;28.7;2;NUAGEUX;4;46.8;0
Bayonne;43.49;-1.47;29/09/2026;19:00;28.7;2;NUAGEUX;4;44.6;0
Bayonne;43.49;-1.47;29/09/2026;20:00;27.3;2;NUAGEUX;5;42.1;0
Bayonne;43.49;-1.47;29/09/2026;21:00;26.1;2;NUAGEUX;5;38.2;0
Bayonne;43.49;-1.47;29/09/2026;22:00;24.9;2;NUAGEUX;5;33.5;0
Bayonne;43.49;-1.47;29/09/2026;23:00;26.7;2;NUAGEUX;6;30.6;0
Bayonne;43.49;-1.47;30/09/2026;00:00;26.7;2;NUAGEUX;6;31.3;0
Bayonne;43.49;-1.47;30/09/2026;01:00;26.7;2;NUAGEUX;6;34.2;0
Bayonne;43.49;-1.47;30/09/2026;02:00;22.1;7;PLUIE FAIBLE;5;36.0;0
Bayonne;43.49;-1.47;30/09/2026;03:00;22.1;7;PLUIE FAIBLE;5;36.0;0
Bayonne;43.49;-1.47;30/09/2026;04:00;22.1;7;PLUIE FAIBLE;5;34.9;0
Bayonne;43.49;-1.47;30/09/2026;05:00;24.6;2;NUAGEUX;6;34.6;0
Bayonne;43.49;-1.47;30/09/2026;06:00;24.6;2;NUAGEUX;6;34.6;0
Bayonne;43.49;-1.47;30/09/2026;07:00;24.6;2;NUAGEUX;6;35.3;0
Bayonne;43.49;-1.47;30/09/2026;08:00;23.5;7;PLUIE FAIBLE;5;36.0;0
Bayonne;43.49;-1.47;30/09/2026;09:00;24.1;7;PLUIE FAIBLE;5;37.1;0
Bayonne;43.49;-1.47;30/09/2026;10:00;24.8;7;PLUIE FAIBLE;5;38.9;0
Bayonne;43.49;-1.47;30/09/2026;11:00;27.5;7;PLUIE FAIBLE;4;40.0;0
Bayonne;43.49;-1.47;30/09/2026;12:00;27.5;7;PLUIE FAIBLE;4;41.0;0
Bayonne;43.49;-1.47;30/09/2026;13:00;27.5;7;PLUIE FAIBLE;4;41.4;0
Bayonne;43.49;-1.47;30/09/2026;14:00;27.5;7;PLUIE FAIBLE;5;41.4;0
Bayonne;43.49;-1.47;30/09/2026;15:00;28.2;7;PLUIE FAIBLE;5;40.7;0
Bayonne;43.49;-1.47;30/09/2026;16:00;27.5;7;PLUIE FAIBLE;5;38.9;0
Bayonne;43.49;-1.47;30/09/2026;17:00;23.1;7;PLUIE FAIBLE;3;36.4;0
Bayonne;43.49;-1.47;30/09/2026;18:00;23.1;7;PLUIE FAIBLE;3;32.0;0
Bayonne;43.49;-1.47;30/09/2026;19:00;23.1;7;PLUIE FAIBLE;3;26.6;0
Bayonne;43.49;-1.47;30/09/2026;20:00;24.8;7;PLUIE FAIBLE;5;22.7;0
Bayonne;43.49;-1.47;30/09/2026;21:00;24.1;7;PLUIE FAIBLE;5;31.0;0
Bayonne;43.49;-1.47;30/09/2026;22:00;23.5;7;PLUIE FAIBLE;5;30.2;0
Bayonne;43.49;-1.47;30/09/2026;23:00;20.1;6;AVERSES;3;29.2;0
Oloron-Sainte-Marie;43.19;-0.6;26/09/2026;00:00;18.2;2;NUAGEUX;2;14.4;0
Oloron-Sainte-Marie;43.19;-0.6;26/09/2026;01:00;17.4;2;NUAGEUX;2;13.7;0
Oloron-Sainte-Marie;43.19;-0.6;26/09/2026;02:00;17.1;2;NUAGEUX;1;12.6;0
Oloron-Sainte-Marie;43.19;-0.6;26/09/2026;03:00;17.6;2;NUAGEUX;1;9.7;0
Oloron-Sainte-Marie;43.19;-0.6;26/09/2026;04:00;17.1;2;NUAGEUX;1;10.4;0
Oloron-Sainte-Marie;43.19;-0.6;26/09/2026;05:00;16.7;2;NUAGEUX;1;9.4;0
Oloron-Sainte-Marie;43.19;-0.6;26/09/2026;06:00;16.6;2;NUAGEUX;1;6.8;0
Oloron-Sainte-Marie;43.19;-0.6;26/09/2026;07:00;17.1;2;NUAGEUX;1;5.8;0
Oloron-Sainte-Marie;43.19;-0.6;26/09/2026;08:00;17.7;2;NUAGEUX;1;6.1;0
Oloron-Sainte-Marie;43.19;-0.6;26/09/2026;09:00;18.7;2;NUAGEUX;0;7.6;0
Oloron-Sainte-Marie;43.19;-0.6;26/09/2026;10:00;21.1;2;NUAGEUX;1;9.0;0
Oloron-Sainte-Marie;43.19;-0.6;26/09/2026;11:00;21.9;0;SOLEIL;2;13.0;0
Oloron-Sainte-Marie;43.19;-0.6;26/09/2026;12:00;22.1;0;SOLEIL;2;18.0;0
Oloron-Sainte-Marie;43.19;-0.6;26/09/2026;13:00;23.1;0;SOLEIL;2;18.0;0
Oloron-Sainte-Marie;43.19;-0.6;26/09/2026;14:00;25.2;0;SOLEIL;2;22.3;0
Oloron-Sainte-Marie;43.19;-0.6;26/09/2026;15:00;26.5;0;SOLEIL;2;21.6;0
Oloron-Sainte-Marie;43.19;-0.6;26/09/2026;16:00;26.7;0;SOLEIL;2;22.3;0
Oloron-Sainte-Marie;43.19;-0.6;26/09/2026;17:00;25.7;0;SOLEIL;2;21.2;0
Oloron-Sainte-Marie;43.19;-0.6;26/09/2026;18:00;23.7;0;SOLEIL;2;21.2;0
Oloron-Sainte-Marie;43.19;-0.6;26/09/2026;19:00;21.6;0;SOLEIL;1;20.5;0
Oloron-Sainte-Marie;43.19;-0.6;26/09/2026;20:00;20.1;0;SOLEIL;0;15.8;0
Oloron-Sainte-Marie;43.19;-0.6;26/09/2026;21:00;19.1;0;SOLEIL;1;9.4;0
Oloron-Sainte-Marie;43.19;-0.6;26/09/2026;22:00;18.1;0;SOLEIL;2;4.0;0
Oloron-Sainte-Marie;43.19;-0.6;26/09/2026;23:00;17.1;0;SOLEIL;1;3.6;0
Oloron-Sainte-Marie;43.19;-0.6;27/09/2026;00:00;16.6;0;SOLEIL;1;11.9;0
Oloron-Sainte-Marie;43.19;-0.6;27/09/2026;01:00;16.6;0;SOLEIL;1;6.8;0
Oloron-Sainte-Marie;43.19;-0.6;27/09/2026;02:00;15.4;0;SOLEIL;0;3.6;0
Oloron-Sainte-Marie;43.19;-0.6;27/09/2026;03:00;15.4;0;SOLEIL;0;4.0;0
Oloron-Sainte-Marie;43.19;-0.6;27/09/2026;04:00;15.4;0;SOLEIL;0;3.4;0
Oloron-Sainte-Marie;43.19;-0.6;27/09/2026;05:00;15.5;5;SOLEIL VOILÉ;0;3.9;0
Oloron-Sainte-Marie;43.19;-0.6;27/09/2026;06:00;15.5;5;SOLEIL VOILÉ;0;1.8;0
Oloron-Sainte-Marie;43.19;-0.6;27/09/2026;07:00;15.5;5;SOLEIL VOILÉ;0;1.4;0
Oloron-Sainte-Marie;43.19;-0.6;27/09/2026;08:00;25.1;5;SOLEIL VOILÉ;1;2.2;0
Oloron-Sainte-Marie;43.19;-0.6;27/09/2026;09:00;25.1;5;SOLEIL VOILÉ;1;2.9;0
Oloron-Sainte-Marie;43.19;-0.6;27/09/2026;10:00;25.1;5;SOLEIL VOILÉ;1;2.2;0
Oloron-Sainte-Marie;43.19;-0.6;27/09/2026;11:00;28.1;5;SOLEIL VOILÉ;1;2.5;0
Oloron-Sainte-Marie;43.19;-0.6;27/09/2026;12:00;28.1;5;SOLEIL VOILÉ;1;15.8;0
Oloron-Sainte-Marie;43.19;-0.6;27/09/2026;13:00;28.1;5;SOLEIL VOILÉ;1;20.9;0
Oloron-Sainte-Marie;43.19;-0.6;27/09/2026;14:00;28;5;SOLEIL VOILÉ;2;19.8;0
Oloron-Sainte-Marie;43.19;-0.6;27/09/2026;15:00;28;5;SOLEIL VOILÉ;2;21.2;0
Oloron-Sainte-Marie;43.19;-0.6;27/09/2026;16:00;28;5;SOLEIL VOILÉ;2;23.0;0
Oloron-Sainte-Marie;43.19;-0.6;27/09/2026;17:00;22.9;5;SOLEIL VOILÉ;3;23.4;0
Oloron-Sainte-Marie;43.19;-0.6;27/09/2026;18:00;22.9;5;SOLEIL VOILÉ;3;22.3;0
Oloron-Sainte-Marie;43.19;-0.6;27/09/2026;19:00;22.9;5;SOLEIL VOILÉ;3;20.9;0
Oloron-Sainte-Marie;43.19;-0.6;27/09/2026;20:00;19.1;5;SOLEIL VOILÉ;2;23.4;0
Oloron-Sainte-Marie;43.19;-0.6;27/09/2026;21:00;19.1;5;SOLEIL VOILÉ;2;24.8;0
Oloron-Sainte-Marie;43.19;-0.6;27/09/2026;22:00;19.1;5;SOLEIL VOILÉ;2;19.8;0
Oloron-Sainte-Marie;43.19;-0.6;27/09/2026;23:00;18.6;5;SOLEIL VOILÉ;2;19.8;0
Oloron-Sainte-Marie;43.19;-0.6;28/09/2026;00:00;18.6;5;SOLEIL VOILÉ;2;21.2;0
Oloron-Sainte-Marie;43.19;-0.6;28/09/2026;01:00;18.6;5;SOLEIL VOILÉ;2;19.4;0
Oloron-Sainte-Marie;43.19;-0.6;28/09/2026;02:00;18.2;2;NUAGEUX;1;15.8;0
Oloron-Sainte-Marie;43.19;-0.6;28/09/2026;03:00;18.2;2;NUAGEUX;1;12.6;0
Oloron-Sainte-Marie;43.19;-0.6;28/09/2026;04:00;18.2;2;NUAGEUX;1;10.4;0
Oloron-Sainte-Marie;43.19;-0.6;28/09/2026;05:00;17.6;4;COUVERT;1;10.8;0
Oloron-Sainte-Marie;43.19;-0.6;28/09/2026;06:00;17.6;4;COUVERT;1;6.1;0
Oloron-Sainte-Marie;43.19;-0.6;28/09/2026;07:00;17.6;4;COUVERT;1;5.0;0
Oloron-Sainte-Marie;43.19;-0.6;28/09/2026;08:00;20.2;5;SOLEIL VOILÉ;2;7.9;0
Oloron-Sainte-Marie;43.19;-0.6;28/09/2026;09:00;20.2;5;SOLEIL VOILÉ;2;7.6;0
Oloron-Sainte-Marie;43.19;-0.6;28/09/2026;10:00;20.2;5;SOLEIL VOILÉ;2;9.4;0
Oloron-Sainte-Marie;43.19;-0.6;28/09/2026;11:00;24.9;5;SOLEIL VOILÉ;2;12.2;0
Oloron-Sainte-Marie;43.19;-0.6;28/09/2026;12:00;24.9;5;SOLEIL VOILÉ;2;16.6;0
Oloron-Sainte-Marie;43.19;-0.6;28/09/2026;13:00;24.9;5;SOLEIL VOILÉ;2;18.0;0
Oloron-Sainte-Marie;43.19;-0.6;28/09/2026;14:00;26.5;5;SOLEIL VOILÉ;3;18.0;0
Oloron-Sainte-Marie;43.19;-0.6;28/09/2026;15:00;26.5;5;SOLEIL VOILÉ;3;11.2;0
Oloron-Sainte-Marie;43.19;-0.6;28/09/2026;16:00;26.5;5;SOLEIL VOILÉ;3;14.4;0
Oloron-Sainte-Marie;43.19;-0.6;28/09/2026;17:00;24.9;0;SOLEIL;2;19.4;0
Oloron-Sainte-Marie;43.19;-0.6;28/09/2026;18:00;24.9;0;SOLEIL;2;25.9;0
Oloron-Sainte-Marie;43.19;-0.6;28/09/2026;19:00;24.9;0;SOLEIL;2;25.9;0
Oloron-Sainte-Marie;43.19;-0.6;28/09/2026;20:00;21.4;2;NUAGEUX;5;26.3;0
Oloron-Sainte-Marie;43.19;-0.6;28/09/2026;21:00;20.3;2;NUAGEUX;5;24.8;0
Oloron-Sainte-Marie;43.19;-0.6;28/09/2026;22:00;19.2;2;NUAGEUX;5;23.0;0
Oloron-Sainte-Marie;43.19;-0.6;28/09/2026;23:00;17.6;0;SOLEIL;2;14.8;0
Oloron-Sainte-Marie;43.19;-0.6;29/09/2026;00:00;17.6;0;SOLEIL;2;6.5;0
Oloron-Sainte-Marie;43.19;-0.6;29/09/2026;01:00;17.6;0;SOLEIL;2;6.1;0
Oloron-Sainte-Marie;43.19;-0.6;29/09/2026;02:00;16;0;SOLEIL;5;5.4;0
Oloron-Sainte-Marie;43.19;-0.6;29/09/2026;03:00;16;0;SOLEIL;5;2.5;0
Oloron-Sainte-Marie;43.19;-0.6;29/09/2026;04:00;16;0;SOLEIL;5;3.6;0
Oloron-Sainte-Marie;43.19;-0.6;29/09/2026;05:00;17;0;SOLEIL;2;5.0;0
Oloron-Sainte-Marie;43.19;-0.6;29/09/2026;06:00;17;0;SOLEIL;2;7.6;0
Oloron-Sainte-Marie;43.19;-0.6;29/09/2026;07:00;17;0;SOLEIL;2;9.9;0
Oloron-Sainte-Marie;43.19;-0.6;29/09/2026;08:00;19.6;0;SOLEIL;5;11.8;0
Oloron-Sainte-Marie;43.19;-0.6;29/09/2026;09:00;21.4;0;SOLEIL;5;14.8;0
Oloron-Sainte-Marie;43.19;-0.6;29/09/2026;10:00;23.2;0;SOLEIL;5;15.1;0
Oloron-Sainte-Marie;43.19;-0.6;29/09/2026;11:00;30.4;0;SOLEIL;2;15.5;0
Oloron-Sainte-Marie;43.19;-0.6;29/09/2026;12:00;30.4;0;SOLEIL;2;15.8;0
Oloron-Sainte-Marie;43.19;-0.6;29/09/2026;13:00;30.4;0;SOLEIL;2;16.2;0
Oloron-Sainte-Marie;43.19;-0.6;29/09/2026;14:00;30.3;0;SOLEIL;5;17.6;0
Oloron-Sainte-Marie;43.19;-0.6;29/09/2026;15:00;32.1;0;SOLEIL;5;21.6;0
Oloron-Sainte-Marie;43.19;-0.6;29/09/2026;16:00;30.3;0;SOLEIL;5;27.0;0
Oloron-Sainte-Marie;43.19;-0.6;29/09/2026;17:00;25.6;7;PLUIE FAIBLE;2;30.6;0
Oloron-Sainte-Marie;43.19;-0.6;29/09/2026;18:00;25.6;7;PLUIE FAIBLE;2;31.3;0
Oloron-Sainte-Marie;43.19;-0.6;29/09/2026;19:00;25.6;7;PLUIE FAIBLE;2;29.9;0
Oloron-Sainte-Marie;43.19;-0.6;29/09/2026;20:00;23.2;0;SOLEIL;5;28.1;0
Oloron-Sainte-Marie;43.19;-0.6;29/09/2026;21:00;21.4;0;SOLEIL;5;25.2;0
Oloron-Sainte-Marie;43.19;-0.6;29/09/2026;22:00;19.6;0;SOLEIL;5;21.2;0
Oloron-Sainte-Marie;43.19;-0.6;29/09/2026;23:00;20.1;2;NUAGEUX;2;18.0;0
Oloron-Sainte-Marie;43.19;-0.6;30/09/2026;00:00;20.1;2;NUAGEUX;2;16.2;0
Oloron-Sainte-Marie;43.19;-0.6;30/09/2026;01:00;20.1;2;NUAGEUX;2;15.1;0
Oloron-Sainte-Marie;43.19;-0.6;30/09/2026;02:00;17.2;7;PLUIE FAIBLE;5;14.8;0
Oloron-Sainte-Marie;43.19;-0.6;30/09/2026;03:00;17.2;7;PLUIE FAIBLE;5;15.5;0
Oloron-Sainte-Marie;43.19;-0.6;30/09/2026;04:00;17.2;7;PLUIE FAIBLE;5;16.6;0
Oloron-Sainte-Marie;43.19;-0.6;30/09/2026;05:00;18.1;2;NUAGEUX;1;17.3;0
Oloron-Sainte-Marie;43.19;-0.6;30/09/2026;06:00;18.1;2;NUAGEUX;1;16.2;0
Oloron-Sainte-Marie;43.19;-0.6;30/09/2026;07:00;18.1;2;NUAGEUX;1;14.4;0
Oloron-Sainte-Marie;43.19;-0.6;30/09/2026;08:00;19.6;7;PLUIE FAIBLE;5;13.0;0
Oloron-Sainte-Marie;43.19;-0.6;30/09/2026;09:00;20.8;7;PLUIE FAIBLE;5;13.0;0
Oloron-Sainte-Marie;43.19;-0.6;30/09/2026;10:00;22.0;7;PLUIE FAIBLE;5;13.3;0
Oloron-Sainte-Marie;43.19;-0.6;30/09/2026;11:00;27.6;7;PLUIE FAIBLE;2;13.7;0
Oloron-Sainte-Marie;43.19;-0.6;30/09/2026;12:00;27.6;7;PLUIE FAIBLE;2;13.7;0
Oloron-Sainte-Marie;43.19;-0.6;30/09/2026;13:00;27.6;7;PLUIE FAIBLE;2;13.7;0
Oloron-Sainte-Marie;43.19;-0.6;30/09/2026;14:00;26.9;7;PLUIE FAIBLE;5;14.8;0
Oloron-Sainte-Marie;43.19;-0.6;30/09/2026;15:00;28.1;7;PLUIE FAIBLE;5;17.6;0
Oloron-Sainte-Marie;43.19;-0.6;30/09/2026;16:00;26.9;7;PLUIE FAIBLE;5;21.6;0
Oloron-Sainte-Marie;43.19;-0.6;30/09/2026;17:00;22.5;7;PLUIE FAIBLE;3;24.8;0
Oloron-Sainte-Marie;43.19;-0.6;30/09/2026;18:00;22.5;7;PLUIE FAIBLE;3;27.4;0
Oloron-Sainte-Marie;43.19;-0.6;30/09/2026;19:00;22.5;7;PLUIE FAIBLE;3;29.2;0
Oloron-Sainte-Marie;43.19;-0.6;30/09/2026;20:00;22.0;7;PLUIE FAIBLE;5;30.6;0
Oloron-Sainte-Marie;43.19;-0.6;30/09/2026;21:00;20.8;7;PLUIE FAIBLE;5;31.0;0
Oloron-Sainte-Marie;43.19;-0.6;30/09/2026;22:00;19.6;7;PLUIE FAIBLE;5;28.8;0
Oloron-Sainte-Marie;43.19;-0.6;30/09/2026;23:00;18.4;7;PLUIE FAIBLE;3;25.9;0
Pau;43.3;-0.37;26/09/2026;00:00;18.9;2;NUAGEUX;2;15.8;0
Pau;43.3;-0.37;26/09/2026;01:00;18.4;2;NUAGEUX;2;12.2;0
Pau;43.3;-0.37;26/09/2026;02:00;17.7;2;NUAGEUX;2;5.0;0
Pau;43.3;-0.37;26/09/2026;03:00;17.7;2;NUAGEUX;2;2.5;0
Pau;43.3;-0.37;26/09/2026;04:00;17.7;2;NUAGEUX;2;2.2;0
Pau;43.3;-0.37;26/09/2026;05:00;17.6;2;NUAGEUX;2;1.8;0
Pau;43.3;-0.37;26/09/2026;06:00;17.6;2;NUAGEUX;1;4.0;0
Pau;43.3;-0.37;26/09/2026;07:00;18;2;NUAGEUX;1;6.8;0
Pau;43.3;-0.37;26/09/2026;08:00;18.6;2;NUAGEUX;1;7.2;0
Pau;43.3;-0.37;26/09/2026;09:00;19.6;2;NUAGEUX;1;7.2;0
Pau;43.3;-0.37;26/09/2026;10:00;21.2;2;NUAGEUX;2;5.8;0
Pau;43.3;-0.37;26/09/2026;11:00;23.1;0;SOLEIL;1;7.6;0
Pau;43.3;-0.37;26/09/2026;12:00;23.1;0;SOLEIL;1;7.9;0
Pau;43.3;-0.37;26/09/2026;13:00;24.1;0;SOLEIL;2;10.1;0
Pau;43.3;-0.37;26/09/2026;14:00;25.6;0;SOLEIL;3;13.3;0
Pau;43.3;-0.37;26/09/2026;15:00;27.1;0;SOLEIL;2;16.6;0
Pau;43.3;-0.37;26/09/2026;16:00;28.1;0;SOLEIL;3;18.0;0
Pau;43.3;-0.37;26/09/2026;17:00;27.2;0;SOLEIL;3;18.4;0
Pau;43.3;-0.37;26/09/2026;18:00;26.1;0;SOLEIL;3;18.7;0
Pau;43.3;-0.37;26/09/2026;19:00;24.2;0;SOLEIL;2;18.4;0
Pau;43.3;-0.37;26/09/2026;20:00;22.7;0;SOLEIL;2;14.0;0
Pau;43.3;-0.37;26/09/2026;21:00;21.6;0;SOLEIL;2;7.2;0
Pau;43.3;-0.37;26/09/2026;22:00;20.6;0;SOLEIL;2;5.0;0
Pau;43.3;-0.37;26/09/2026;23:00;19.6;0;SOLEIL;2;5.8;0
Pau;43.3;-0.37;27/09/2026;00:00;18.5;0;SOLEIL;2;8.6;0
Pau;43.3;-0.37;27/09/2026;01:00;18.5;0;SOLEIL;2;8.6;0
Pau;43.3;-0.37;27/09/2026;02:00;17.1;0;SOLEIL;1;8.6;0
Pau;43.3;-0.37;27/09/2026;03:00;17.1;0;SOLEIL;1;8.4;0
Pau;43.3;-0.37;27/09/2026;04:00;17.1;0;SOLEIL;1;8.8;0
Pau;43.3;-0.37;27/09/2026;05:00;17.1;5;SOLEIL VOILÉ;1;8.9;0
Pau;43.3;-0.37;27/09/2026;06:00;17.1;5;SOLEIL VOILÉ;1;10.1;0
Pau;43.3;-0.37;27/09/2026;07:00;17.1;5;SOLEIL VOILÉ;1;10.1;0
Pau;43.3;-0.37;27/09/2026;08:00;24.1;5;SOLEIL VOILÉ;1;12.6;0
Pau;43.3;-0.37;27/09/2026;09:00;24.1;5;SOLEIL VOILÉ;1;11.5;0
Pau;43.3;-0.37;27/09/2026;10:00;24.1;5;SOLEIL VOILÉ;1;11.5;0
Pau;43.3;-0.37;27/09/2026;11:00;29;5;SOLEIL VOILÉ;2;11.5;0
Pau;43.3;-0.37;27/09/2026;12:00;29;5;SOLEIL VOILÉ;2;9.4;0
Pau;43.3;-0.37;27/09/2026;13:00;29;5;SOLEIL VOILÉ;2;13.0;0
Pau;43.3;-0.37;27/09/2026;14:00;29.6;5;SOLEIL VOILÉ;2;17.3;0
Pau;43.3;-0.37;27/09/2026;15:00;29.6;5;SOLEIL VOILÉ;2;17.6;0
Pau;43.3;-0.37;27/09/2026;16:00;29.6;5;SOLEIL VOILÉ;2;17.3;0
Pau;43.3;-0.37;27/09/2026;17:00;25;5;SOLEIL VOILÉ;3;16.6;0
Pau;43.3;-0.37;27/09/2026;18:00;25;5;SOLEIL VOILÉ;3;12.6;0
Pau;43.3;-0.37;27/09/2026;19:00;25;5;SOLEIL VOILÉ;3;13.0;0
Pau;43.3;-0.37;27/09/2026;20:00;20.5;5;SOLEIL VOILÉ;3;9.4;0
Pau;43.3;-0.37;27/09/2026;21:00;20.5;5;SOLEIL VOILÉ;3;7.9;0
Pau;43.3;-0.37;27/09/2026;22:00;20.5;5;SOLEIL VOILÉ;3;8.3;0
Pau;43.3;-0.37;27/09/2026;23:00;19.5;5;SOLEIL VOILÉ;2;9.7;0
Pau;43.3;-0.37;28/09/2026;00:00;19.5;5;SOLEIL VOILÉ;2;15.5;0
Pau;43.3;-0.37;28/09/2026;01:00;19.5;5;SOLEIL VOILÉ;2;11.5;0
Pau;43.3;-0.37;28/09/2026;02:00;19;5;SOLEIL VOILÉ;1;4.7;0
Pau;43.3;-0.37;28/09/2026;03:00;19;5;SOLEIL VOILÉ;1;7.9;0
Pau;43.3;-0.37;28/09/2026;04:00;19;5;SOLEIL VOILÉ;1;8.3;0
Pau;43.3;-0.37;28/09/2026;05:00;18.7;5;SOLEIL VOILÉ;2;8.3;0
Pau;43.3;-0.37;28/09/2026;06:00;18.7;5;SOLEIL VOILÉ;2;6.5;0
Pau;43.3;-0.37;28/09/2026;07:00;18.7;5;SOLEIL VOILÉ;2;8.6;0
Pau;43.3;-0.37;28/09/2026;08:00;21.1;5;SOLEIL VOILÉ;2;10.4;0
Pau;43.3;-0.37;28/09/2026;09:00;21.1;5;SOLEIL VOILÉ;2;11.2;0
Pau;43.3;-0.37;28/09/2026;10:00;21.1;5;SOLEIL VOILÉ;2;11.9;0
Pau;43.3;-0.37;28/09/2026;11:00;26.2;5;SOLEIL VOILÉ;2;13.0;0
Pau;43.3;-0.37;28/09/2026;12:00;26.2;5;SOLEIL VOILÉ;2;15.1;0
Pau;43.3;-0.37;28/09/2026;13:00;26.2;5;SOLEIL VOILÉ;2;18.0;0
Pau;43.3;-0.37;28/09/2026;14:00;27.2;5;SOLEIL VOILÉ;3;20.2;0
Pau;43.3;-0.37;28/09/2026;15:00;27.2;5;SOLEIL VOILÉ;3;22.0;0
Pau;43.3;-0.37;28/09/2026;16:00;27.2;5;SOLEIL VOILÉ;3;23.0;0
Pau;43.3;-0.37;28/09/2026;17:00;26.6;5;SOLEIL VOILÉ;3;23.0;0
Pau;43.3;-0.37;28/09/2026;18:00;26.6;5;SOLEIL VOILÉ;3;20.9;0
Pau;43.3;-0.37;28/09/2026;19:00;26.6;5;SOLEIL VOILÉ;3;17.3;0
Pau;43.3;-0.37;28/09/2026;20:00;22.8;5;SOLEIL VOILÉ;5;14.4;0
Pau;43.3;-0.37;28/09/2026;21:00;21.6;5;SOLEIL VOILÉ;5;13.0;0
Pau;43.3;-0.37;28/09/2026;22:00;20.4;5;SOLEIL VOILÉ;5;12.2;0
Pau;43.3;-0.37;28/09/2026;23:00;19.6;0;SOLEIL;2;11.5;0
Pau;43.3;-0.37;29/09/2026;00:00;19.6;0;SOLEIL;2;11.2;0
Pau;43.3;-0.37;29/09/2026;01:00;19.6;0;SOLEIL;2;10.8;0
Pau;43.3;-0.37;29/09/2026;02:00;17.7;2;NUAGEUX;5;10.4;0
Pau;43.3;-0.37;29/09/2026;03:00;17.7;2;NUAGEUX;5;10.4;0
Pau;43.3;-0.37;29/09/2026;04:00;17.7;2;NUAGEUX;5;10.4;0
Pau;43.3;-0.37;29/09/2026;05:00;18.9;0;SOLEIL;1;10.4;0
Pau;43.3;-0.37;29/09/2026;06:00;18.9;0;SOLEIL;1;10.1;0
Pau;43.3;-0.37;29/09/2026;07:00;18.9;0;SOLEIL;1;10.1;0
Pau;43.3;-0.37;29/09/2026;08:00;21.0;2;NUAGEUX;5;9.4;0
Pau;43.3;-0.37;29/09/2026;09:00;22.7;2;NUAGEUX;5;7.9;0
Pau;43.3;-0.37;29/09/2026;10:00;24.3;2;NUAGEUX;5;6.1;0
Pau;43.3;-0.37;29/09/2026;11:00;31.2;0;SOLEIL;2;6.1;0
Pau;43.3;-0.37;29/09/2026;12:00;31.2;0;SOLEIL;2;10.1;0
Pau;43.3;-0.37;29/09/2026;13:00;31.2;0;SOLEIL;2;15.8;0
Pau;43.3;-0.37;29/09/2026;14:00;30.9;2;NUAGEUX;5;20.2;0
Pau;43.3;-0.37;29/09/2026;15:00;32.6;2;NUAGEUX;5;22.0;0
Pau;43.3;-0.37;29/09/2026;16:00;30.9;2;NUAGEUX;5;22.3;0
Pau;43.3;-0.37;29/09/2026;17:00;27.6;2;NUAGEUX;2;21.2;0
Pau;43.3;-0.37;29/09/2026;18:00;27.6;2;NUAGEUX;2;18.0;0
Pau;43.3;-0.37;29/09/2026;19:00;27.6;2;NUAGEUX;2;13.0;0
Pau;43.3;-0.37;29/09/2026;20:00;24.3;2;NUAGEUX;5;9.7;0
Pau;43.3;-0.37;29/09/2026;21:00;22.7;2;NUAGEUX;5;9.4;0
Pau;43.3;-0.37;29/09/2026;22:00;21.0;2;NUAGEUX;5;10.8;0
Pau;43.3;-0.37;29/09/2026;23:00;22.4;2;NUAGEUX;2;11.9;0
Pau;43.3;-0.37;30/09/2026;00:00;22.4;2;NUAGEUX;2;11.6;0
Pau;43.3;-0.37;30/09/2026;01:00;22.4;2;NUAGEUX;2;11.0;0
Pau;43.3;-0.37;30/09/2026;02:00;18.9;7;PLUIE FAIBLE;5;10.3;0
Pau;43.3;-0.37;30/09/2026;03:00;18.9;7;PLUIE FAIBLE;5;9.7;0
Pau;43.3;-0.37;30/09/2026;04:00;18.9;7;PLUIE FAIBLE;5;10.1;0
Pau;43.3;-0.37;30/09/2026;05:00;19.7;2;NUAGEUX;1;10.1;0
Pau;43.3;-0.37;30/09/2026;06:00;19.7;2;NUAGEUX;1;9.7;0
Pau;43.3;-0.37;30/09/2026;07:00;19.7;2;NUAGEUX;1;9.4;0
Pau;43.3;-0.37;30/09/2026;08:00;21.3;7;PLUIE FAIBLE;5;9.4;0
Pau;43.3;-0.37;30/09/2026;09:00;22.4;7;PLUIE FAIBLE;5;9.4;0
Pau;43.3;-0.37;30/09/2026;10:00;23.6;7;PLUIE FAIBLE;5;9.4;0
Pau;43.3;-0.37;30/09/2026;11:00;29;7;PLUIE FAIBLE;2;10.1;0
Pau;43.3;-0.37;30/09/2026;12:00;29;7;PLUIE FAIBLE;2;11.9;0
Pau;43.3;-0.37;30/09/2026;13:00;29;7;PLUIE FAIBLE;2;14.4;0
Pau;43.3;-0.37;30/09/2026;14:00;28.3;7;PLUIE FAIBLE;5;17.3;0
Pau;43.3;-0.37;30/09/2026;15:00;29.5;7;PLUIE FAIBLE;5;22.3;0
Pau;43.3;-0.37;30/09/2026;16:00;28.3;7;PLUIE FAIBLE;5;27.7;0
Pau;43.3;-0.37;30/09/2026;17:00;24.1;7;PLUIE FAIBLE;3;29.9;0
Pau;43.3;-0.37;30/09/2026;18:00;24.1;7;PLUIE FAIBLE;3;25.9;0
Pau;43.3;-0.37;30/09/2026;19:00;24.1;7;PLUIE FAIBLE;3;19.1;0
Pau;43.3;-0.37;30/09/2026;20:00;23.6;7;PLUIE FAIBLE;5;13.3;0
Pau;43.3;-0.37;30/09/2026;21:00;22.4;7;PLUIE FAIBLE;5;11.5;0
Pau;43.3;-0.37;30/09/2026;22:00;21.3;7;PLUIE FAIBLE;5;11.2;0
Pau;43.3;-0.37;30/09/2026;23:00;20.1;6;AVERSES;3;10.4;0
Saint-Jean-de-Luz;43.38;-1.66;26/09/2026;00:00;19.1;2;NUAGEUX;6;22.0;0
Saint-Jean-de-Luz;43.38;-1.66;26/09/2026;01:00;19.1;2;NUAGEUX;5;28.4;0
Saint-Jean-de-Luz;43.38;-1.66;26/09/2026;02:00;18.7;2;NUAGEUX;4;26.3;0
Saint-Jean-de-Luz;43.38;-1.66;26/09/2026;03:00;19.1;6;AVERSES;4;23.4;0.1
Saint-Jean-de-Luz;43.38;-1.66;26/09/2026;04:00;18.5;2;NUAGEUX;4;18.0;0
Saint-Jean-de-Luz;43.38;-1.66;26/09/2026;05:00;18.1;2;NUAGEUX;4;15.8;0
Saint-Jean-de-Luz;43.38;-1.66;26/09/2026;06:00;18.2;2;NUAGEUX;3;15.5;0
Saint-Jean-de-Luz;43.38;-1.66;26/09/2026;07:00;18.7;2;NUAGEUX;3;8.3;0
Saint-Jean-de-Luz;43.38;-1.66;26/09/2026;08:00;19.7;2;NUAGEUX;2;5.4;0
Saint-Jean-de-Luz;43.38;-1.66;26/09/2026;09:00;21.6;2;NUAGEUX;2;10.1;0
Saint-Jean-de-Luz;43.38;-1.66;26/09/2026;10:00;22.4;2;NUAGEUX;2;10.8;0
Saint-Jean-de-Luz;43.38;-1.66;26/09/2026;11:00;23.2;0;SOLEIL;3;13.3;0
Saint-Jean-de-Luz;43.38;-1.66;26/09/2026;12:00;23.1;0;SOLEIL;4;17.3;0
Saint-Jean-de-Luz;43.38;-1.66;26/09/2026;13:00;23.1;0;SOLEIL;4;18.7;0
Saint-Jean-de-Luz;43.38;-1.66;26/09/2026;14:00;23.5;0;SOLEIL;4;20.9;0
Saint-Jean-de-Luz;43.38;-1.66;26/09/2026;15:00;23.5;0;SOLEIL;3;23.0;0
Saint-Jean-de-Luz;43.38;-1.66;26/09/2026;16:00;23.1;0;SOLEIL;3;23.4;0
Saint-Jean-de-Luz;43.38;-1.66;26/09/2026;17:00;22.4;0;SOLEIL;3;23.0;0
Saint-Jean-de-Luz;43.38;-1.66;26/09/2026;18:00;21.4;0;SOLEIL;3;19.8;0
Saint-Jean-de-Luz;43.38;-1.66;26/09/2026;19:00;20.6;0;SOLEIL;2;17.3;0
Saint-Jean-de-Luz;43.38;-1.66;26/09/2026;20:00;20.1;0;SOLEIL;2;15.1;0
Saint-Jean-de-Luz;43.38;-1.66;26/09/2026;21:00;19.2;0;SOLEIL;2;11.5;0
Saint-Jean-de-Luz;43.38;-1.66;26/09/2026;22:00;18.5;0;SOLEIL;2;8.6;0
Saint-Jean-de-Luz;43.38;-1.66;26/09/2026;23:00;17.9;0;SOLEIL;2;4.3;0
Saint-Jean-de-Luz;43.38;-1.66;27/09/2026;00:00;17.6;5;SOLEIL VOILÉ;2;6.5;0
Saint-Jean-de-Luz;43.38;-1.66;27/09/2026;01:00;17.6;5;SOLEIL VOILÉ;2;7.6;0
Saint-Jean-de-Luz;43.38;-1.66;27/09/2026;02:00;17.9;5;SOLEIL VOILÉ;2;7.2;0
Saint-Jean-de-Luz;43.38;-1.66;27/09/2026;03:00;17.9;5;SOLEIL VOILÉ;2;6.8;0
Saint-Jean-de-Luz;43.38;-1.66;27/09/2026;04:00;17.9;5;SOLEIL VOILÉ;2;7.6;0
Saint-Jean-de-Luz;43.38;-1.66;27/09/2026;05:00;19.4;5;SOLEIL VOILÉ;2;8.5;0
Saint-Jean-de-Luz;43.38;-1.66;27/09/2026;06:00;19.4;5;SOLEIL VOILÉ;2;9.0;0
Saint-Jean-de-Luz;43.38;-1.66;27/09/2026;07:00;19.4;5;SOLEIL VOILÉ;2;9.7;0
Saint-Jean-de-Luz;43.38;-1.66;27/09/2026;08:00;23.1;5;SOLEIL VOILÉ;4;37.1;0
Saint-Jean-de-Luz;43.38;-1.66;27/09/2026;09:00;23.1;5;SOLEIL VOILÉ;4;45.0;0
Saint-Jean-de-Luz;43.38;-1.66;27/09/2026;10:00;23.1;5;SOLEIL VOILÉ;4;46.4;0
Saint-Jean-de-Luz;43.38;-1.66;27/09/2026;11:00;24.6;5;SOLEIL VOILÉ;6;37.8;0
Saint-Jean-de-Luz;43.38;-1.66;27/09/2026;12:00;24.6;5;SOLEIL VOILÉ;6;28.1;0
Saint-Jean-de-Luz;43.38;-1.66;27/09/2026;13:00;24.6;5;SOLEIL VOILÉ;6;28.8;0
Saint-Jean-de-Luz;43.38;-1.66;27/09/2026;14:00;24.4;5;SOLEIL VOILÉ;3;28.8;0
Saint-Jean-de-Luz;43.38;-1.66;27/09/2026;15:00;24.4;5;SOLEIL VOILÉ;3;27.7;0
Saint-Jean-de-Luz;43.38;-1.66;27/09/2026;16:00;24.4;5;SOLEIL VOILÉ;3;27.4;0
Saint-Jean-de-Luz;43.38;-1.66;27/09/2026;17:00;22.5;5;SOLEIL VOILÉ;3;27.0;0
Saint-Jean-de-Luz;43.38;-1.66;27/09/2026;18:00;22.5;5;SOLEIL VOILÉ;3;20.5;0
Saint-Jean-de-Luz;43.38;-1.66;27/09/2026;19:00;22.5;5;SOLEIL VOILÉ;3;15.8;0
Saint-Jean-de-Luz;43.38;-1.66;27/09/2026;20:00;20.5;2;NUAGEUX;2;14.8;0
Saint-Jean-de-Luz;43.38;-1.66;27/09/2026;21:00;20.5;2;NUAGEUX;2;10.8;0
Saint-Jean-de-Luz;43.38;-1.66;27/09/2026;22:00;20.5;2;NUAGEUX;2;12.2;0
Saint-Jean-de-Luz;43.38;-1.66;27/09/2026;23:00;19.7;10;ORAGEUX;2;13.0;0
Saint-Jean-de-Luz;43.38;-1.66;28/09/2026;00:00;19.7;10;ORAGEUX;2;10.4;0
Saint-Jean-de-Luz;43.38;-1.66;28/09/2026;01:00;19.7;10;ORAGEUX;2;9.0;0
Saint-Jean-de-Luz;43.38;-1.66;28/09/2026;02:00;19.4;10;ORAGEUX;2;7.2;0
Saint-Jean-de-Luz;43.38;-1.66;28/09/2026;03:00;19.4;10;ORAGEUX;2;10.8;0
Saint-Jean-de-Luz;43.38;-1.66;28/09/2026;04:00;19.4;10;ORAGEUX;2;11.5;0
Saint-Jean-de-Luz;43.38;-1.66;28/09/2026;05:00;18.9;2;NUAGEUX;3;12.6;0
Saint-Jean-de-Luz;43.38;-1.66;28/09/2026;06:00;18.9;2;NUAGEUX;3;13.0;0
Saint-Jean-de-Luz;43.38;-1.66;28/09/2026;07:00;18.9;2;NUAGEUX;3;10.8;0
Saint-Jean-de-Luz;43.38;-1.66;28/09/2026;08:00;22.4;5;SOLEIL VOILÉ;4;29.2;0
Saint-Jean-de-Luz;43.38;-1.66;28/09/2026;09:00;22.4;5;SOLEIL VOILÉ;4;28.8;0
Saint-Jean-de-Luz;43.38;-1.66;28/09/2026;10:00;22.4;5;SOLEIL VOILÉ;4;20.2;0
Saint-Jean-de-Luz;43.38;-1.66;28/09/2026;11:00;24.9;5;SOLEIL VOILÉ;5;22.0;0
Saint-Jean-de-Luz;43.38;-1.66;28/09/2026;12:00;24.9;5;SOLEIL VOILÉ;5;19.4;0
Saint-Jean-de-Luz;43.38;-1.66;28/09/2026;13:00;24.9;5;SOLEIL VOILÉ;5;11.5;0
Saint-Jean-de-Luz;43.38;-1.66;28/09/2026;14:00;25.1;5;SOLEIL VOILÉ;5;11.2;0
Saint-Jean-de-Luz;43.38;-1.66;28/09/2026;15:00;25.1;5;SOLEIL VOILÉ;5;10.8;0
Saint-Jean-de-Luz;43.38;-1.66;28/09/2026;16:00;25.1;5;SOLEIL VOILÉ;5;13.3;0
Saint-Jean-de-Luz;43.38;-1.66;28/09/2026;17:00;25.7;0;SOLEIL;5;26.3;0
Saint-Jean-de-Luz;43.38;-1.66;28/09/2026;18:00;25.7;0;SOLEIL;5;31.7;0
Saint-Jean-de-Luz;43.38;-1.66;28/09/2026;19:00;25.7;0;SOLEIL;5;31.3;0
Saint-Jean-de-Luz;43.38;-1.66;28/09/2026;20:00;21.9;10;ORAGEUX;5;34.6;0
Saint-Jean-de-Luz;43.38;-1.66;28/09/2026;21:00;21.0;10;ORAGEUX;5;35.3;0
Saint-Jean-de-Luz;43.38;-1.66;28/09/2026;22:00;20.1;10;ORAGEUX;5;20.2;0
Saint-Jean-de-Luz;43.38;-1.66;28/09/2026;23:00;24.4;0;SOLEIL;12;11.9;0
Saint-Jean-de-Luz;43.38;-1.66;29/09/2026;00:00;24.4;0;SOLEIL;12;16.2;0
Saint-Jean-de-Luz;43.38;-1.66;29/09/2026;01:00;24.4;0;SOLEIL;12;31.0;0
Saint-Jean-de-Luz;43.38;-1.66;29/09/2026;02:00;22.9;2;NUAGEUX;5;31.7;0
Saint-Jean-de-Luz;43.38;-1.66;29/09/2026;03:00;22.9;2;NUAGEUX;5;34.9;0
Saint-Jean-de-Luz;43.38;-1.66;29/09/2026;04:00;22.9;2;NUAGEUX;5;37.8;0
Saint-Jean-de-Luz;43.38;-1.66;29/09/2026;05:00;24.1;0;SOLEIL;10;33.8;0
Saint-Jean-de-Luz;43.38;-1.66;29/09/2026;06:00;24.1;0;SOLEIL;10;32.9;0
Saint-Jean-de-Luz;43.38;-1.66;29/09/2026;07:00;24.1;0;SOLEIL;10;40.3;0
Saint-Jean-de-Luz;43.38;-1.66;29/09/2026;08:00;25.4;2;NUAGEUX;5;48.0;0
Saint-Jean-de-Luz;43.38;-1.66;29/09/2026;09:00;26.6;2;NUAGEUX;5;53.6;0
Saint-Jean-de-Luz;43.38;-1.66;29/09/2026;10:00;27.9;2;NUAGEUX;5;53.6;0
Saint-Jean-de-Luz;43.38;-1.66;29/09/2026;11:00;32.6;0;SOLEIL;8;53.3;0
Saint-Jean-de-Luz;43.38;-1.66;29/09/2026;12:00;32.6;0;SOLEIL;8;52.9;0
Saint-Jean-de-Luz;43.38;-1.66;29/09/2026;13:00;32.6;0;SOLEIL;8;52.2;0
Saint-Jean-de-Luz;43.38;-1.66;29/09/2026;14:00;32.9;2;NUAGEUX;5;51.8;0
Saint-Jean-de-Luz;43.38;-1.66;29/09/2026;15:00;34.1;2;NUAGEUX;5;52.2;0
Saint-Jean-de-Luz;43.38;-1.66;29/09/2026;16:00;32.9;2;NUAGEUX;5;52.6;0
Saint-Jean-de-Luz;43.38;-1.66;29/09/2026;17:00;29.5;2;NUAGEUX;6;52.2;0
Saint-Jean-de-Luz;43.38;-1.66;29/09/2026;18:00;29.5;2;NUAGEUX;6;50.0;0
Saint-Jean-de-Luz;43.38;-1.66;29/09/2026;19:00;29.5;2;NUAGEUX;6;47.2;0
Saint-Jean-de-Luz;43.38;-1.66;29/09/2026;20:00;27.9;2;NUAGEUX;5;44.6;0
Saint-Jean-de-Luz;43.38;-1.66;29/09/2026;21:00;26.6;2;NUAGEUX;5;42.8;0
Saint-Jean-de-Luz;43.38;-1.66;29/09/2026;22:00;25.4;2;NUAGEUX;5;41.0;0
Saint-Jean-de-Luz;43.38;-1.66;29/09/2026;23:00;27.1;2;NUAGEUX;11;40.7;0
Saint-Jean-de-Luz;43.38;-1.66;30/09/2026;00:00;27.1;2;NUAGEUX;11;42.1;0
Saint-Jean-de-Luz;43.38;-1.66;30/09/2026;01:00;27.1;2;NUAGEUX;11;44.3;0
Saint-Jean-de-Luz;43.38;-1.66;30/09/2026;02:00;21.2;2;NUAGEUX;5;46.1;0
Saint-Jean-de-Luz;43.38;-1.66;30/09/2026;03:00;21.2;2;NUAGEUX;5;46.1;0
Saint-Jean-de-Luz;43.38;-1.66;30/09/2026;04:00;21.2;2;NUAGEUX;5;45.7;0
Saint-Jean-de-Luz;43.38;-1.66;30/09/2026;05:00;23.7;2;NUAGEUX;9;45.4;0
Saint-Jean-de-Luz;43.38;-1.66;30/09/2026;06:00;23.7;2;NUAGEUX;9;46.1;0
Saint-Jean-de-Luz;43.38;-1.66;30/09/2026;07:00;23.7;2;NUAGEUX;9;46.8;0
Saint-Jean-de-Luz;43.38;-1.66;30/09/2026;08:00;22.9;2;NUAGEUX;5;47.5;0
Saint-Jean-de-Luz;43.38;-1.66;30/09/2026;09:00;23.8;2;NUAGEUX;5;47.9;0
Saint-Jean-de-Luz;43.38;-1.66;30/09/2026;10:00;24.7;2;NUAGEUX;5;47.9;0
Saint-Jean-de-Luz;43.38;-1.66;30/09/2026;11:00;27.9;2;NUAGEUX;7;48.2;0
Saint-Jean-de-Luz;43.38;-1.66;30/09/2026;12:00;27.9;2;NUAGEUX;7;49.3;0
Saint-Jean-de-Luz;43.38;-1.66;30/09/2026;13:00;27.9;2;NUAGEUX;7;50.0;0
Saint-Jean-de-Luz;43.38;-1.66;30/09/2026;14:00;28.1;2;NUAGEUX;5;49.7;0
Saint-Jean-de-Luz;43.38;-1.66;30/09/2026;15:00;29.0;2;NUAGEUX;5;46.8;0
Saint-Jean-de-Luz;43.38;-1.66;30/09/2026;16:00;28.1;2;NUAGEUX;5;42.8;0
Saint-Jean-de-Luz;43.38;-1.66;30/09/2026;17:00;22.5;7;PLUIE FAIBLE;6;38.2;0
Saint-Jean-de-Luz;43.38;-1.66;30/09/2026;18:00;22.5;7;PLUIE FAIBLE;6;32.4;0
Saint-Jean-de-Luz;43.38;-1.66;30/09/2026;19:00;22.5;7;PLUIE FAIBLE;6;26.3;0
Saint-Jean-de-Luz;43.38;-1.66;30/09/2026;20:00;24.7;2;NUAGEUX;5;22.0;0
Saint-Jean-de-Luz;43.38;-1.66;30/09/2026;21:00;23.8;2;NUAGEUX;5;32.8;0
Saint-Jean-de-Luz;43.38;-1.66;30/09/2026;22:00;22.9;2;NUAGEUX;5;32.0;0
Saint-Jean-de-Luz;43.38;-1.66;30/09/2026;23:00;19.4;6;AVERSES;5;31.7;0
Niort;46.32;-0.46;26/09/2026;00:00;16.4;0;SOLEIL;2;15.5;0
Niort;46.32;-0.46;26/09/2026;01:00;15.6;2;NUAGEUX;2;13.7;0
Niort;46.32;-0.46;26/09/2026;02:00;15.2;2;NUAGEUX;2;9.0;0
Niort;46.32;-0.46;26/09/2026;03:00;15;2;NUAGEUX;1;5.8;0
Niort;46.32;-0.46;26/09/2026;04:00;14.2;2;NUAGEUX;1;4.3;0
Niort;46.32;-0.46;26/09/2026;05:00;13.9;2;NUAGEUX;1;6.1;0
Niort;46.32;-0.46;26/09/2026;06:00;14.7;2;NUAGEUX;2;10.8;0
Niort;46.32;-0.46;26/09/2026;07:00;15.9;2;NUAGEUX;1;13.3;0
Niort;46.32;-0.46;26/09/2026;08:00;17.1;2;NUAGEUX;2;13.3;0
Niort;46.32;-0.46;26/09/2026;09:00;19;2;NUAGEUX;1;12.6;0
Niort;46.32;-0.46;26/09/2026;10:00;20.6;2;NUAGEUX;2;15.8;0
Niort;46.32;-0.46;26/09/2026;11:00;21.5;2;NUAGEUX;2;15.8;0
Niort;46.32;-0.46;26/09/2026;12:00;23.1;2;NUAGEUX;2;14.8;0
Niort;46.32;-0.46;26/09/2026;13:00;24;2;NUAGEUX;2;12.2;0
Niort;46.32;-0.46;26/09/2026;14:00;25.1;0;SOLEIL;2;12.6;0
Niort;46.32;-0.46;26/09/2026;15:00;25.2;0;SOLEIL;2;12.6;0
Niort;46.32;-0.46;26/09/2026;16:00;24.9;0;SOLEIL;3;12.6;0
Niort;46.32;-0.46;26/09/2026;17:00;24.4;0;SOLEIL;3;16.2;0
Niort;46.32;-0.46;26/09/2026;18:00;24.1;0;SOLEIL;3;18.4;0
Niort;46.32;-0.46;26/09/2026;19:00;22.6;0;SOLEIL;3;21.2;0
Niort;46.32;-0.46;26/09/2026;20:00;21.2;0;SOLEIL;3;20.5;0
Niort;46.32;-0.46;26/09/2026;21:00;20.1;0;SOLEIL;3;14.8;0
Niort;46.32;-0.46;26/09/2026;22:00;19.1;0;SOLEIL;3;10.8;0
Niort;46.32;-0.46;26/09/2026;23:00;18.1;0;SOLEIL;3;8.3;0
Niort;46.32;-0.46;27/09/2026;00:00;18;0;SOLEIL;3;8.6;0
Niort;46.32;-0.46;27/09/2026;01:00;18;0;SOLEIL;3;8.6;0
Niort;46.32;-0.46;27/09/2026;02:00;16.2;5;SOLEIL VOILÉ;2;9.0;0
Niort;46.32;-0.46;27/09/2026;03:00;16.2;5;SOLEIL VOILÉ;2;9.3;0
Niort;46.32;-0.46;27/09/2026;04:00;16.2;5;SOLEIL VOILÉ;2;9.4;0
Niort;46.32;-0.46;27/09/2026;05:00;15.6;5;SOLEIL VOILÉ;2;7.7;0
Niort;46.32;-0.46;27/09/2026;06:00;15.6;5;SOLEIL VOILÉ;2;9.7;0
Niort;46.32;-0.46;27/09/2026;07:00;15.6;5;SOLEIL VOILÉ;2;9.7;0
Niort;46.32;-0.46;27/09/2026;08:00;22.7;5;SOLEIL VOILÉ;3;9.4;0
Niort;46.32;-0.46;27/09/2026;09:00;22.7;5;SOLEIL VOILÉ;3;10.1;0
Niort;46.32;-0.46;27/09/2026;10:00;22.7;5;SOLEIL VOILÉ;3;12.6;0
Niort;46.32;-0.46;27/09/2026;11:00;27.4;5;SOLEIL VOILÉ;4;21.2;0
Niort;46.32;-0.46;27/09/2026;12:00;27.4;5;SOLEIL VOILÉ;4;26.3;0
Niort;46.32;-0.46;27/09/2026;13:00;27.4;5;SOLEIL VOILÉ;4;25.9;0
Niort;46.32;-0.46;27/09/2026;14:00;26.6;5;SOLEIL VOILÉ;4;28.4;0
Niort;46.32;-0.46;27/09/2026;15:00;26.6;5;SOLEIL VOILÉ;4;25.9;0
Niort;46.32;-0.46;27/09/2026;16:00;26.6;5;SOLEIL VOILÉ;4;18.7;0
Niort;46.32;-0.46;27/09/2026;17:00;24;5;SOLEIL VOILÉ;3;18.7;0
Niort;46.32;-0.46;27/09/2026;18:00;24;5;SOLEIL VOILÉ;3;16.9;0
Niort;46.32;-0.46;27/09/2026;19:00;24;5;SOLEIL VOILÉ;3;30.6;0
Niort;46.32;-0.46;27/09/2026;20:00;20.6;5;SOLEIL VOILÉ;3;30.6;0
Niort;46.32;-0.46;27/09/2026;21:00;20.6;5;SOLEIL VOILÉ;3;18.7;0
Niort;46.32;-0.46;27/09/2026;22:00;20.6;5;SOLEIL VOILÉ;3;10.8;0
Niort;46.32;-0.46;27/09/2026;23:00;18.7;2;NUAGEUX;3;10.1;0
Niort;46.32;-0.46;28/09/2026;00:00;18.7;2;NUAGEUX;3;5.8;0
Niort;46.32;-0.46;28/09/2026;01:00;18.7;2;NUAGEUX;3;7.6;0
Niort;46.32;-0.46;28/09/2026;02:00;18.2;2;NUAGEUX;2;6.5;0
Niort;46.32;-0.46;28/09/2026;03:00;18.2;2;NUAGEUX;2;9.4;0
Niort;46.32;-0.46;28/09/2026;04:00;18.2;2;NUAGEUX;2;17.6;0
Niort;46.32;-0.46;28/09/2026;05:00;17.1;6;AVERSES;2;13.7;0
Niort;46.32;-0.46;28/09/2026;06:00;17.1;6;AVERSES;2;13.3;0
Niort;46.32;-0.46;28/09/2026;07:00;17.1;6;AVERSES;2;10.8;0
Niort;46.32;-0.46;28/09/2026;08:00;19.6;10;ORAGEUX;4;13.3;0
Niort;46.32;-0.46;28/09/2026;09:00;19.6;10;ORAGEUX;4;17.3;0
Niort;46.32;-0.46;28/09/2026;10:00;19.6;10;ORAGEUX;4;23.4;0
Niort;46.32;-0.46;28/09/2026;11:00;21.6;10;ORAGEUX;3;28.1;0
Niort;46.32;-0.46;28/09/2026;12:00;21.6;10;ORAGEUX;3;31.3;0
Niort;46.32;-0.46;28/09/2026;13:00;21.6;10;ORAGEUX;3;33.1;0
Niort;46.32;-0.46;28/09/2026;14:00;22;5;SOLEIL VOILÉ;2;33.8;0
Niort;46.32;-0.46;28/09/2026;15:00;22;5;SOLEIL VOILÉ;2;32.8;0
Niort;46.32;-0.46;28/09/2026;16:00;22;5;SOLEIL VOILÉ;2;30.2;0
Niort;46.32;-0.46;28/09/2026;17:00;24.7;0;SOLEIL;3;26.6;0
Niort;46.32;-0.46;28/09/2026;18:00;24.7;0;SOLEIL;3;20.9;0
Niort;46.32;-0.46;28/09/2026;19:00;24.7;0;SOLEIL;3;14.0;0
Niort;46.32;-0.46;28/09/2026;20:00;20.2;10;ORAGEUX;5;9.4;0
Niort;46.32;-0.46;28/09/2026;21:00;19.2;10;ORAGEUX;5;7.9;0
Niort;46.32;-0.46;28/09/2026;22:00;18.2;10;ORAGEUX;5;8.6;0
Niort;46.32;-0.46;28/09/2026;23:00;19.6;0;SOLEIL;4;11.2;0
Niort;46.32;-0.46;29/09/2026;00:00;19.6;0;SOLEIL;4;16.6;0
Niort;46.32;-0.46;29/09/2026;01:00;19.6;0;SOLEIL;4;24.1;0
Niort;46.32;-0.46;29/09/2026;02:00;18.6;2;NUAGEUX;5;29.5;0
Niort;46.32;-0.46;29/09/2026;03:00;18.6;2;NUAGEUX;5;31.0;0
Niort;46.32;-0.46;29/09/2026;04:00;18.6;2;NUAGEUX;5;30.6;0
Niort;46.32;-0.46;29/09/2026;05:00;19.6;2;NUAGEUX;6;29.9;0
Niort;46.32;-0.46;29/09/2026;06:00;19.6;2;NUAGEUX;6;29.2;0
Niort;46.32;-0.46;29/09/2026;07:00;19.6;2;NUAGEUX;6;28.4;0
Niort;46.32;-0.46;29/09/2026;08:00;21.2;2;NUAGEUX;5;28.4;0
Niort;46.32;-0.46;29/09/2026;09:00;22.4;2;NUAGEUX;5;29.5;0
Niort;46.32;-0.46;29/09/2026;10:00;23.7;2;NUAGEUX;5;31.3;0
Niort;46.32;-0.46;29/09/2026;11:00;28.1;2;NUAGEUX;6;33.8;0
Niort;46.32;-0.46;29/09/2026;12:00;28.1;2;NUAGEUX;6;37.8;0
Niort;46.32;-0.46;29/09/2026;13:00;28.1;2;NUAGEUX;6;41.8;0
Niort;46.32;-0.46;29/09/2026;14:00;28.8;2;NUAGEUX;5;43.9;0
Niort;46.32;-0.46;29/09/2026;15:00;30.1;2;NUAGEUX;5;42.1;0
Niort;46.32;-0.46;29/09/2026;16:00;28.8;2;NUAGEUX;5;37.8;0
Niort;46.32;-0.46;29/09/2026;17:00;26;2;NUAGEUX;3;33.1;0
Niort;46.32;-0.46;29/09/2026;18:00;26;2;NUAGEUX;3;28.4;0
Niort;46.32;-0.46;29/09/2026;19:00;26;2;NUAGEUX;3;23.0;0
Niort;46.32;-0.46;29/09/2026;20:00;23.7;2;NUAGEUX;5;18.7;0
Niort;46.32;-0.46;29/09/2026;21:00;22.4;2;NUAGEUX;5;15.1;0
Niort;46.32;-0.46;29/09/2026;22:00;21.2;2;NUAGEUX;5;12.2;0
Niort;46.32;-0.46;29/09/2026;23:00;22.1;2;NUAGEUX;6;12.6;0
Niort;46.32;-0.46;30/09/2026;00:00;22.1;2;NUAGEUX;6;18.6;0
Niort;46.32;-0.46;30/09/2026;01:00;22.1;2;NUAGEUX;6;26.8;0
Niort;46.32;-0.46;30/09/2026;02:00;19.4;6;AVERSES;5;32.0;0
Niort;46.32;-0.46;30/09/2026;03:00;19.4;6;AVERSES;5;32.4;0
Niort;46.32;-0.46;30/09/2026;04:00;19.4;6;AVERSES;5;32.0;0
Niort;46.32;-0.46;30/09/2026;05:00;20.5;2;NUAGEUX;5;31.7;0
Niort;46.32;-0.46;30/09/2026;06:00;20.5;2;NUAGEUX;5;32.4;0
Niort;46.32;-0.46;30/09/2026;07:00;20.5;2;NUAGEUX;5;33.1;0
Niort;46.32;-0.46;30/09/2026;08:00;20.8;6;AVERSES;5;33.8;0
Niort;46.32;-0.46;30/09/2026;09:00;21.5;6;AVERSES;5;34.6;0
Niort;46.32;-0.46;30/09/2026;10:00;22.2;6;AVERSES;5;35.3;0
Niort;46.32;-0.46;30/09/2026;11:00;25.1;7;PLUIE FAIBLE;5;36.4;0
Niort;46.32;-0.46;30/09/2026;12:00;25.1;7;PLUIE FAIBLE;5;38.5;0
Niort;46.32;-0.46;30/09/2026;13:00;25.1;7;PLUIE FAIBLE;5;41.4;0
Niort;46.32;-0.46;30/09/2026;14:00;25.0;6;AVERSES;5;43.2;0
Niort;46.32;-0.46;30/09/2026;15:00;25.7;6;AVERSES;5;44.3;0
Niort;46.32;-0.46;30/09/2026;16:00;25.0;6;AVERSES;5;45.0;0
Niort;46.32;-0.46;30/09/2026;17:00;21.6;6;AVERSES;3;43.2;0
Niort;46.32;-0.46;30/09/2026;18:00;21.6;6;AVERSES;3;37.8;0
Niort;46.32;-0.46;30/09/2026;19:00;21.6;6;AVERSES;3;30.2;0
Niort;46.32;-0.46;30/09/2026;20:00;22.2;6;AVERSES;5;23.0;0
Niort;46.32;-0.46;30/09/2026;21:00;21.5;6;AVERSES;5;16.2;0
Niort;46.32;-0.46;30/09/2026;22:00;20.8;6;AVERSES;5;10.1;0
Niort;46.32;-0.46;30/09/2026;23:00;18.4;6;AVERSES;2;7.2;0
Poitiers;46.58;0.34;26/09/2026;00:00;15.2;0;SOLEIL;3;16.2;0
Poitiers;46.58;0.34;26/09/2026;01:00;14.2;0;SOLEIL;3;12.6;0
Poitiers;46.58;0.34;26/09/2026;02:00;14.1;0;SOLEIL;2;13.3;0
Poitiers;46.58;0.34;26/09/2026;03:00;13.9;2;NUAGEUX;2;15.5;0
Poitiers;46.58;0.34;26/09/2026;04:00;13.4;2;NUAGEUX;2;15.8;0
Poitiers;46.58;0.34;26/09/2026;05:00;13.2;2;NUAGEUX;2;14.8;0
Poitiers;46.58;0.34;26/09/2026;06:00;14.1;2;NUAGEUX;2;14.0;0
Poitiers;46.58;0.34;26/09/2026;07:00;15.6;2;NUAGEUX;1;11.2;0
Poitiers;46.58;0.34;26/09/2026;08:00;17.2;2;NUAGEUX;2;14.8;0
Poitiers;46.58;0.34;26/09/2026;09:00;18.1;2;NUAGEUX;1;14.8;0
Poitiers;46.58;0.34;26/09/2026;10:00;19;2;NUAGEUX;2;15.1;0
Poitiers;46.58;0.34;26/09/2026;11:00;20.9;2;NUAGEUX;2;13.3;0
Poitiers;46.58;0.34;26/09/2026;12:00;21.6;2;NUAGEUX;2;11.2;0
Poitiers;46.58;0.34;26/09/2026;13:00;22.1;2;NUAGEUX;2;8.6;0
Poitiers;46.58;0.34;26/09/2026;14:00;23.6;0;SOLEIL;2;11.2;0
Poitiers;46.58;0.34;26/09/2026;15:00;24.6;0;SOLEIL;2;11.9;0
Poitiers;46.58;0.34;26/09/2026;16:00;25.1;0;SOLEIL;2;12.2;0
Poitiers;46.58;0.34;26/09/2026;17:00;24.2;0;SOLEIL;2;14.0;0
Poitiers;46.58;0.34;26/09/2026;18:00;22.7;0;SOLEIL;2;14.4;0
Poitiers;46.58;0.34;26/09/2026;19:00;20.7;0;SOLEIL;2;15.8;0
Poitiers;46.58;0.34;26/09/2026;20:00;19.1;0;SOLEIL;2;13.0;0
Poitiers;46.58;0.34;26/09/2026;21:00;17.9;0;SOLEIL;2;5.8;0
Poitiers;46.58;0.34;26/09/2026;22:00;16.7;0;SOLEIL;2;5.4;0
Poitiers;46.58;0.34;26/09/2026;23:00;16;0;SOLEIL;2;2.9;0
Poitiers;46.58;0.34;27/09/2026;00:00;15.2;0;SOLEIL;2;0.7;0
Poitiers;46.58;0.34;27/09/2026;01:00;15.2;0;SOLEIL;2;1.4;0
Poitiers;46.58;0.34;27/09/2026;02:00;14.6;5;SOLEIL VOILÉ;2;1.4;0
Poitiers;46.58;0.34;27/09/2026;03:00;14.6;5;SOLEIL VOILÉ;2;1.8;0
Poitiers;46.58;0.34;27/09/2026;04:00;14.6;5;SOLEIL VOILÉ;2;2.3;0
Poitiers;46.58;0.34;27/09/2026;05:00;15.1;5;SOLEIL VOILÉ;2;3.2;0
Poitiers;46.58;0.34;27/09/2026;06:00;15.1;5;SOLEIL VOILÉ;2;2.5;0
Poitiers;46.58;0.34;27/09/2026;07:00;15.1;5;SOLEIL VOILÉ;2;4.3;0
Poitiers;46.58;0.34;27/09/2026;08:00;21.9;5;SOLEIL VOILÉ;3;4.0;0
Poitiers;46.58;0.34;27/09/2026;09:00;21.9;5;SOLEIL VOILÉ;3;5.8;0
Poitiers;46.58;0.34;27/09/2026;10:00;21.9;5;SOLEIL VOILÉ;3;6.1;0
Poitiers;46.58;0.34;27/09/2026;11:00;27;5;SOLEIL VOILÉ;4;14.8;0
Poitiers;46.58;0.34;27/09/2026;12:00;27;5;SOLEIL VOILÉ;4;23.8;0
Poitiers;46.58;0.34;27/09/2026;13:00;27;5;SOLEIL VOILÉ;4;30.2;0
Poitiers;46.58;0.34;27/09/2026;14:00;27.9;5;SOLEIL VOILÉ;4;31.7;0
Poitiers;46.58;0.34;27/09/2026;15:00;27.9;5;SOLEIL VOILÉ;4;30.6;0
Poitiers;46.58;0.34;27/09/2026;16:00;27.9;5;SOLEIL VOILÉ;4;24.8;0
Poitiers;46.58;0.34;27/09/2026;17:00;24.2;5;SOLEIL VOILÉ;2;19.4;0
Poitiers;46.58;0.34;27/09/2026;18:00;24.2;5;SOLEIL VOILÉ;2;19.8;0
Poitiers;46.58;0.34;27/09/2026;19:00;24.2;5;SOLEIL VOILÉ;2;19.4;0
Poitiers;46.58;0.34;27/09/2026;20:00;19.2;5;SOLEIL VOILÉ;3;12.6;0
Poitiers;46.58;0.34;27/09/2026;21:00;19.2;5;SOLEIL VOILÉ;3;4.0;0
Poitiers;46.58;0.34;27/09/2026;22:00;19.2;5;SOLEIL VOILÉ;3;8.3;0
Poitiers;46.58;0.34;27/09/2026;23:00;17.5;2;NUAGEUX;3;9.0;0
Poitiers;46.58;0.34;28/09/2026;00:00;17.5;2;NUAGEUX;3;9.0;0
Poitiers;46.58;0.34;28/09/2026;01:00;17.5;2;NUAGEUX;3;8.6;0
Poitiers;46.58;0.34;28/09/2026;02:00;16.5;2;NUAGEUX;3;7.2;0
Poitiers;46.58;0.34;28/09/2026;03:00;16.5;2;NUAGEUX;3;4.0;0
Poitiers;46.58;0.34;28/09/2026;04:00;16.5;2;NUAGEUX;3;7.6;0
Poitiers;46.58;0.34;28/09/2026;05:00;16.6;10;ORAGEUX;2;11.5;0
Poitiers;46.58;0.34;28/09/2026;06:00;16.6;10;ORAGEUX;2;13.0;0
Poitiers;46.58;0.34;28/09/2026;07:00;16.6;10;ORAGEUX;2;11.9;0
Poitiers;46.58;0.34;28/09/2026;08:00;19.7;6;AVERSES;2;19.8;0
Poitiers;46.58;0.34;28/09/2026;09:00;19.7;6;AVERSES;2;22.0;0
Poitiers;46.58;0.34;28/09/2026;10:00;19.7;6;AVERSES;2;24.1;0
Poitiers;46.58;0.34;28/09/2026;11:00;21.1;6;AVERSES;3;25.9;0
Poitiers;46.58;0.34;28/09/2026;12:00;21.1;6;AVERSES;3;27.4;0
Poitiers;46.58;0.34;28/09/2026;13:00;21.1;6;AVERSES;3;28.4;0
Poitiers;46.58;0.34;28/09/2026;14:00;23.6;6;AVERSES;2;28.4;0
Poitiers;46.58;0.34;28/09/2026;15:00;23.6;6;AVERSES;2;27.4;0
Poitiers;46.58;0.34;28/09/2026;16:00;23.6;6;AVERSES;2;25.2;0
Poitiers;46.58;0.34;28/09/2026;17:00;21.6;5;SOLEIL VOILÉ;2;22.7;0
Poitiers;46.58;0.34;28/09/2026;18:00;21.6;5;SOLEIL VOILÉ;2;19.8;0
Poitiers;46.58;0.34;28/09/2026;19:00;21.6;5;SOLEIL VOILÉ;2;16.2;0
Poitiers;46.58;0.34;28/09/2026;20:00;19.4;10;ORAGEUX;5;14.0;0
Poitiers;46.58;0.34;28/09/2026;21:00;18.4;10;ORAGEUX;5;13.3;0
Poitiers;46.58;0.34;28/09/2026;22:00;17.5;10;ORAGEUX;5;13.7;0
Poitiers;46.58;0.34;28/09/2026;23:00;17.5;0;SOLEIL;4;15.1;0
Poitiers;46.58;0.34;29/09/2026;00:00;17.5;0;SOLEIL;4;18.0;0
Poitiers;46.58;0.34;29/09/2026;01:00;17.5;0;SOLEIL;4;22.0;0
Poitiers;46.58;0.34;29/09/2026;02:00;17.6;2;NUAGEUX;5;24.8;0
Poitiers;46.58;0.34;29/09/2026;03:00;17.6;2;NUAGEUX;5;25.6;0
Poitiers;46.58;0.34;29/09/2026;04:00;17.6;2;NUAGEUX;5;25.6;0
Poitiers;46.58;0.34;29/09/2026;05:00;18.7;2;NUAGEUX;5;25.6;0
Poitiers;46.58;0.34;29/09/2026;06:00;18.7;2;NUAGEUX;5;25.9;0
Poitiers;46.58;0.34;29/09/2026;07:00;18.7;2;NUAGEUX;5;26.6;0
Poitiers;46.58;0.34;29/09/2026;08:00;20.2;2;NUAGEUX;5;27.7;0
Poitiers;46.58;0.34;29/09/2026;09:00;21.5;2;NUAGEUX;5;29.9;0
Poitiers;46.58;0.34;29/09/2026;10:00;22.8;2;NUAGEUX;5;32.8;0
Poitiers;46.58;0.34;29/09/2026;11:00;27.6;2;NUAGEUX;6;34.9;0
Poitiers;46.58;0.34;29/09/2026;12:00;27.6;2;NUAGEUX;6;36.4;0
Poitiers;46.58;0.34;29/09/2026;13:00;27.6;2;NUAGEUX;6;37.4;0
Poitiers;46.58;0.34;29/09/2026;14:00;27.9;2;NUAGEUX;5;37.1;0
Poitiers;46.58;0.34;29/09/2026;15:00;29.2;2;NUAGEUX;5;34.9;0
Poitiers;46.58;0.34;29/09/2026;16:00;27.9;2;NUAGEUX;5;31.7;0
Poitiers;46.58;0.34;29/09/2026;17:00;25.5;2;NUAGEUX;3;27.7;0
Poitiers;46.58;0.34;29/09/2026;18:00;25.5;2;NUAGEUX;3;23.4;0
Poitiers;46.58;0.34;29/09/2026;19:00;25.5;2;NUAGEUX;3;18.4;0
Poitiers;46.58;0.34;29/09/2026;20:00;22.8;2;NUAGEUX;5;14.0;0
Poitiers;46.58;0.34;29/09/2026;21:00;21.5;2;NUAGEUX;5;9.7;0
Poitiers;46.58;0.34;29/09/2026;22:00;20.2;2;NUAGEUX;5;6.1;0
Poitiers;46.58;0.34;29/09/2026;23:00;21.7;2;NUAGEUX;5;5.8;0
Poitiers;46.58;0.34;30/09/2026;00:00;21.7;2;NUAGEUX;5;10.9;0
Poitiers;46.58;0.34;30/09/2026;01:00;21.7;2;NUAGEUX;5;18.7;0
Poitiers;46.58;0.34;30/09/2026;02:00;18.7;6;AVERSES;5;24.3;0
Poitiers;46.58;0.34;30/09/2026;03:00;18.7;6;AVERSES;5;25.2;0
Poitiers;46.58;0.34;30/09/2026;04:00;18.7;6;AVERSES;5;24.5;0
Poitiers;46.58;0.34;30/09/2026;05:00;19.9;2;NUAGEUX;5;23.8;0
Poitiers;46.58;0.34;30/09/2026;06:00;19.9;2;NUAGEUX;5;23.4;0
Poitiers;46.58;0.34;30/09/2026;07:00;19.9;2;NUAGEUX;5;22.7;0
Poitiers;46.58;0.34;30/09/2026;08:00;20.2;6;AVERSES;5;23.8;0
Poitiers;46.58;0.34;30/09/2026;09:00;21.0;6;AVERSES;5;27.4;0
Poitiers;46.58;0.34;30/09/2026;10:00;21.8;6;AVERSES;5;32.4;0
Poitiers;46.58;0.34;30/09/2026;11:00;25.1;2;NUAGEUX;5;36.7;0
Poitiers;46.58;0.34;30/09/2026;12:00;25.1;2;NUAGEUX;5;39.6;0
Poitiers;46.58;0.34;30/09/2026;13:00;25.1;2;NUAGEUX;5;41.8;0
Poitiers;46.58;0.34;30/09/2026;14:00;24.8;6;AVERSES;5;42.8;0
Poitiers;46.58;0.34;30/09/2026;15:00;25.6;6;AVERSES;5;42.5;0
Poitiers;46.58;0.34;30/09/2026;16:00;24.8;6;AVERSES;5;40.7;0
Poitiers;46.58;0.34;30/09/2026;17:00;21.6;6;AVERSES;3;38.5;0
Poitiers;46.58;0.34;30/09/2026;18:00;21.6;6;AVERSES;3;36.4;0
Poitiers;46.58;0.34;30/09/2026;19:00;21.6;6;AVERSES;3;34.2;0
Poitiers;46.58;0.34;30/09/2026;20:00;21.8;6;AVERSES;5;30.2;0
Poitiers;46.58;0.34;30/09/2026;21:00;21.0;6;AVERSES;5;22.7;0
Poitiers;46.58;0.34;30/09/2026;22:00;20.2;6;AVERSES;5;14.0;0
Poitiers;46.58;0.34;30/09/2026;23:00;18.1;6;AVERSES;3;9.4;0
Limoges;45.83;1.26;26/09/2026;00:00;16.5;0;SOLEIL;2;21.6;0
Limoges;45.83;1.26;26/09/2026;01:00;15.2;0;SOLEIL;2;13.7;0
Limoges;45.83;1.26;26/09/2026;02:00;14.6;2;NUAGEUX;2;13.0;0
Limoges;45.83;1.26;26/09/2026;03:00;15.1;2;NUAGEUX;2;14.0;0
Limoges;45.83;1.26;26/09/2026;04:00;14.7;2;NUAGEUX;2;14.4;0
Limoges;45.83;1.26;26/09/2026;05:00;14.7;2;NUAGEUX;2;14.4;0
Limoges;45.83;1.26;26/09/2026;06:00;15.7;2;NUAGEUX;2;14.8;0
Limoges;45.83;1.26;26/09/2026;07:00;15.6;2;NUAGEUX;2;15.8;0
Limoges;45.83;1.26;26/09/2026;08:00;16.2;2;NUAGEUX;2;16.6;0
Limoges;45.83;1.26;26/09/2026;09:00;18;2;NUAGEUX;2;13.3;0
Limoges;45.83;1.26;26/09/2026;10:00;18.9;2;NUAGEUX;2;16.2;0
Limoges;45.83;1.26;26/09/2026;11:00;20.6;2;NUAGEUX;3;15.8;0
Limoges;45.83;1.26;26/09/2026;12:00;22.6;0;SOLEIL;2;12.6;0
Limoges;45.83;1.26;26/09/2026;13:00;24.5;0;SOLEIL;2;13.0;0
Limoges;45.83;1.26;26/09/2026;14:00;25.7;0;SOLEIL;3;13.0;0
Limoges;45.83;1.26;26/09/2026;15:00;26.1;0;SOLEIL;2;7.2;0
Limoges;45.83;1.26;26/09/2026;16:00;25.9;0;SOLEIL;2;6.1;0
Limoges;45.83;1.26;26/09/2026;17:00;25.1;0;SOLEIL;2;9.4;0
Limoges;45.83;1.26;26/09/2026;18:00;24.1;0;SOLEIL;2;9.7;0
Limoges;45.83;1.26;26/09/2026;19:00;22.1;0;SOLEIL;1;8.6;0
Limoges;45.83;1.26;26/09/2026;20:00;21;0;SOLEIL;1;5.8;0
Limoges;45.83;1.26;26/09/2026;21:00;20.1;0;SOLEIL;1;7.6;0
Limoges;45.83;1.26;26/09/2026;22:00;19.1;0;SOLEIL;2;10.8;0
Limoges;45.83;1.26;26/09/2026;23:00;18;0;SOLEIL;2;13.7;0
Limoges;45.83;1.26;27/09/2026;00:00;17.2;0;SOLEIL;2;13.0;0
Limoges;45.83;1.26;27/09/2026;01:00;17.2;0;SOLEIL;2;10.4;0
Limoges;45.83;1.26;27/09/2026;02:00;16.1;0;SOLEIL;1;7.2;0
Limoges;45.83;1.26;27/09/2026;03:00;16.1;0;SOLEIL;1;5.9;0
Limoges;45.83;1.26;27/09/2026;04:00;16.1;0;SOLEIL;1;6.1;0
Limoges;45.83;1.26;27/09/2026;05:00;15.1;5;SOLEIL VOILÉ;3;6.9;0
Limoges;45.83;1.26;27/09/2026;06:00;15.1;5;SOLEIL VOILÉ;3;6.8;0
Limoges;45.83;1.26;27/09/2026;07:00;15.1;5;SOLEIL VOILÉ;3;6.8;0
Limoges;45.83;1.26;27/09/2026;08:00;22.4;5;SOLEIL VOILÉ;4;7.6;0
Limoges;45.83;1.26;27/09/2026;09:00;22.4;5;SOLEIL VOILÉ;4;6.8;0
Limoges;45.83;1.26;27/09/2026;10:00;22.4;5;SOLEIL VOILÉ;4;6.1;0
Limoges;45.83;1.26;27/09/2026;11:00;28;5;SOLEIL VOILÉ;5;16.6;0
Limoges;45.83;1.26;27/09/2026;12:00;28;5;SOLEIL VOILÉ;5;33.1;0
Limoges;45.83;1.26;27/09/2026;13:00;28;5;SOLEIL VOILÉ;5;34.6;0
Limoges;45.83;1.26;27/09/2026;14:00;28.6;5;SOLEIL VOILÉ;4;33.8;0
Limoges;45.83;1.26;27/09/2026;15:00;28.6;5;SOLEIL VOILÉ;4;32.8;0
Limoges;45.83;1.26;27/09/2026;16:00;28.6;5;SOLEIL VOILÉ;4;31.3;0
Limoges;45.83;1.26;27/09/2026;17:00;26.4;5;SOLEIL VOILÉ;3;31.3;0
Limoges;45.83;1.26;27/09/2026;18:00;26.4;5;SOLEIL VOILÉ;3;29.9;0
Limoges;45.83;1.26;27/09/2026;19:00;26.4;5;SOLEIL VOILÉ;3;25.9;0
Limoges;45.83;1.26;27/09/2026;20:00;20.6;5;SOLEIL VOILÉ;2;15.1;0
Limoges;45.83;1.26;27/09/2026;21:00;20.6;5;SOLEIL VOILÉ;2;7.9;0
Limoges;45.83;1.26;27/09/2026;22:00;20.6;5;SOLEIL VOILÉ;2;10.4;0
Limoges;45.83;1.26;27/09/2026;23:00;18.7;5;SOLEIL VOILÉ;2;17.3;0
Limoges;45.83;1.26;28/09/2026;00:00;18.7;5;SOLEIL VOILÉ;2;18.4;0
Limoges;45.83;1.26;28/09/2026;01:00;18.7;5;SOLEIL VOILÉ;2;16.9;0
Limoges;45.83;1.26;28/09/2026;02:00;17.5;10;ORAGEUX;2;12.2;0
Limoges;45.83;1.26;28/09/2026;03:00;17.5;10;ORAGEUX;2;9.7;0
Limoges;45.83;1.26;28/09/2026;04:00;17.5;10;ORAGEUX;2;9.7;0
Limoges;45.83;1.26;28/09/2026;05:00;17.7;10;ORAGEUX;3;7.9;0
Limoges;45.83;1.26;28/09/2026;06:00;17.7;10;ORAGEUX;3;7.6;0
Limoges;45.83;1.26;28/09/2026;07:00;17.7;10;ORAGEUX;3;6.5;0
Limoges;45.83;1.26;28/09/2026;08:00;20.5;10;ORAGEUX;2;4.7;0
Limoges;45.83;1.26;28/09/2026;09:00;20.5;10;ORAGEUX;2;6.1;0
Limoges;45.83;1.26;28/09/2026;10:00;20.5;10;ORAGEUX;2;8.6;0
Limoges;45.83;1.26;28/09/2026;11:00;23.1;6;AVERSES;1;12.2;0
Limoges;45.83;1.26;28/09/2026;12:00;23.1;6;AVERSES;1;18.0;0
Limoges;45.83;1.26;28/09/2026;13:00;23.1;6;AVERSES;1;24.8;0
Limoges;45.83;1.26;28/09/2026;14:00;24.6;5;SOLEIL VOILÉ;2;29.9;0
Limoges;45.83;1.26;28/09/2026;15:00;24.6;5;SOLEIL VOILÉ;2;32.0;0
Limoges;45.83;1.26;28/09/2026;16:00;24.6;5;SOLEIL VOILÉ;2;32.0;0
Limoges;45.83;1.26;28/09/2026;17:00;22;5;SOLEIL VOILÉ;2;31.7;0
Limoges;45.83;1.26;28/09/2026;18:00;22;5;SOLEIL VOILÉ;2;30.6;0
Limoges;45.83;1.26;28/09/2026;19:00;22;5;SOLEIL VOILÉ;2;28.4;0
Limoges;45.83;1.26;28/09/2026;20:00;20.6;10;ORAGEUX;5;26.3;0
Limoges;45.83;1.26;28/09/2026;21:00;19.6;10;ORAGEUX;5;23.8;0
Limoges;45.83;1.26;28/09/2026;22:00;18.6;10;ORAGEUX;5;21.2;0
Limoges;45.83;1.26;28/09/2026;23:00;17.4;0;SOLEIL;5;19.4;0
Limoges;45.83;1.26;29/09/2026;00:00;17.4;0;SOLEIL;5;18.7;0
Limoges;45.83;1.26;29/09/2026;01:00;17.4;0;SOLEIL;5;19.1;0
Limoges;45.83;1.26;29/09/2026;02:00;14.2;2;NUAGEUX;5;19.4;0
Limoges;45.83;1.26;29/09/2026;03:00;14.2;2;NUAGEUX;5;20.5;0
Limoges;45.83;1.26;29/09/2026;04:00;14.2;2;NUAGEUX;5;22.3;0
Limoges;45.83;1.26;29/09/2026;05:00;15.2;0;SOLEIL;6;23.0;0
Limoges;45.83;1.26;29/09/2026;06:00;15.2;0;SOLEIL;6;21.6;0
Limoges;45.83;1.26;29/09/2026;07:00;15.2;0;SOLEIL;6;19.1;0
Limoges;45.83;1.26;29/09/2026;08:00;17.8;2;NUAGEUX;5;18.0;0
Limoges;45.83;1.26;29/09/2026;09:00;19.7;2;NUAGEUX;5;19.4;0
Limoges;45.83;1.26;29/09/2026;10:00;21.5;2;NUAGEUX;5;22.3;0
Limoges;45.83;1.26;29/09/2026;11:00;28.5;0;SOLEIL;6;25.6;0
Limoges;45.83;1.26;29/09/2026;12:00;28.5;0;SOLEIL;6;30.2;0
Limoges;45.83;1.26;29/09/2026;13:00;28.5;0;SOLEIL;6;35.3;0
Limoges;45.83;1.26;29/09/2026;14:00;28.8;2;NUAGEUX;5;38.5;0
Limoges;45.83;1.26;29/09/2026;15:00;30.6;2;NUAGEUX;5;38.5;0
Limoges;45.83;1.26;29/09/2026;16:00;28.8;2;NUAGEUX;5;36.0;0
Limoges;45.83;1.26;29/09/2026;17:00;24.6;2;NUAGEUX;5;33.1;0
Limoges;45.83;1.26;29/09/2026;18:00;24.6;2;NUAGEUX;5;28.4;0
Limoges;45.83;1.26;29/09/2026;19:00;24.6;2;NUAGEUX;5;23.0;0
Limoges;45.83;1.26;29/09/2026;20:00;21.5;2;NUAGEUX;5;20.5;0
Limoges;45.83;1.26;29/09/2026;21:00;19.7;2;NUAGEUX;5;23.8;0
Limoges;45.83;1.26;29/09/2026;22:00;17.8;2;NUAGEUX;5;29.9;0
Limoges;45.83;1.26;29/09/2026;23:00;19.9;2;NUAGEUX;6;33.1;0
Limoges;45.83;1.26;30/09/2026;00:00;19.9;2;NUAGEUX;6;31.3;0
Limoges;45.83;1.26;30/09/2026;01:00;19.9;2;NUAGEUX;6;26.5;0
Limoges;45.83;1.26;30/09/2026;02:00;16.7;2;NUAGEUX;5;22.6;0
Limoges;45.83;1.26;30/09/2026;03:00;16.7;2;NUAGEUX;5;21.2;0
Limoges;45.83;1.26;30/09/2026;04:00;16.7;2;NUAGEUX;5;20.5;0
Limoges;45.83;1.26;30/09/2026;05:00;18.1;2;NUAGEUX;6;20.2;0
Limoges;45.83;1.26;30/09/2026;06:00;18.1;2;NUAGEUX;6;19.8;0
Limoges;45.83;1.26;30/09/2026;07:00;18.1;2;NUAGEUX;6;20.2;0
Limoges;45.83;1.26;30/09/2026;08:00;19.0;2;NUAGEUX;5;23.0;0
Limoges;45.83;1.26;30/09/2026;09:00;20.2;2;NUAGEUX;5;30.2;0
Limoges;45.83;1.26;30/09/2026;10:00;21.4;2;NUAGEUX;5;40.0;0
Limoges;45.83;1.26;30/09/2026;11:00;26.6;2;NUAGEUX;5;46.8;0
Limoges;45.83;1.26;30/09/2026;12:00;26.6;2;NUAGEUX;5;48.6;0
Limoges;45.83;1.26;30/09/2026;13:00;26.6;2;NUAGEUX;5;47.5;0
Limoges;45.83;1.26;30/09/2026;14:00;26.0;2;NUAGEUX;5;45.4;0
Limoges;45.83;1.26;30/09/2026;15:00;27.2;2;NUAGEUX;5;42.5;0
Limoges;45.83;1.26;30/09/2026;16:00;26.0;2;NUAGEUX;5;38.5;0
Limoges;45.83;1.26;30/09/2026;17:00;22.1;6;AVERSES;3;35.6;0
Limoges;45.83;1.26;30/09/2026;18:00;22.1;6;AVERSES;3;34.9;0
Limoges;45.83;1.26;30/09/2026;19:00;22.1;6;AVERSES;3;35.3;0
Limoges;45.83;1.26;30/09/2026;20:00;21.4;2;NUAGEUX;5;35.6;0
Limoges;45.83;1.26;30/09/2026;21:00;20.2;2;NUAGEUX;5;35.3;0
Limoges;45.83;1.26;30/09/2026;22:00;19.0;2;NUAGEUX;5;34.9;0
Limoges;45.83;1.26;30/09/2026;23:00;18;7;PLUIE FAIBLE;4;34.2;0
