Ville;Latitude;Longitude;Date;Heure;temperature_2m;weathercode;Temps_Label;windspeed_10m;wind_gusts_10m;precipitation
Charleville-Mézières;49.76;4.71;21/09/2026;00:00;16.6;5;SOLEIL VOILÉ;2;19.4;0
Charleville-Mézières;49.76;4.71;21/09/2026;01:00;16.1;5;SOLEIL VOILÉ;2;15.5;0
Charleville-Mézières;49.76;4.71;21/09/2026;02:00;15.2;5;SOLEIL VOILÉ;2;12.6;0
Charleville-Mézières;49.76;4.71;21/09/2026;03:00;15.2;5;SOLEIL VOILÉ;2;13.3;0
Charleville-Mézières;49.76;4.71;21/09/2026;04:00;15.1;5;SOLEIL VOILÉ;2;9.7;0
Charleville-Mézières;49.76;4.71;21/09/2026;05:00;14.6;5;SOLEIL VOILÉ;2;7.6;0
Charleville-Mézières;49.76;4.71;21/09/2026;06:00;14.4;5;SOLEIL VOILÉ;2;7.6;0
Charleville-Mézières;49.76;4.71;21/09/2026;07:00;15.6;5;SOLEIL VOILÉ;1;8.3;0
Charleville-Mézières;49.76;4.71;21/09/2026;08:00;16.5;5;SOLEIL VOILÉ;1;8.3;0
Charleville-Mézières;49.76;4.71;21/09/2026;09:00;18.4;5;SOLEIL VOILÉ;2;9.4;0
Charleville-Mézières;49.76;4.71;21/09/2026;10:00;19.1;5;SOLEIL VOILÉ;2;13.0;0
Charleville-Mézières;49.76;4.71;21/09/2026;11:00;20.1;5;SOLEIL VOILÉ;2;14.4;0
Charleville-Mézières;49.76;4.71;21/09/2026;12:00;21.5;5;SOLEIL VOILÉ;3;15.5;0
Charleville-Mézières;49.76;4.71;21/09/2026;13:00;22.5;5;SOLEIL VOILÉ;3;17.6;0
Charleville-Mézières;49.76;4.71;21/09/2026;14:00;23;5;SOLEIL VOILÉ;3;18.7;0
Charleville-Mézières;49.76;4.71;21/09/2026;15:00;22.9;0;SOLEIL;3;18.0;0
Charleville-Mézières;49.76;4.71;21/09/2026;16:00;22.6;0;SOLEIL;3;18.4;0
Charleville-Mézières;49.76;4.71;21/09/2026;17:00;22;0;SOLEIL;3;19.1;0
Charleville-Mézières;49.76;4.71;21/09/2026;18:00;21.1;0;SOLEIL;3;19.4;0
Charleville-Mézières;49.76;4.71;21/09/2026;19:00;20.1;0;SOLEIL;3;20.9;0
Charleville-Mézières;49.76;4.71;21/09/2026;20:00;19.6;0;SOLEIL;3;17.6;0
Charleville-Mézières;49.76;4.71;21/09/2026;21:00;19.2;0;SOLEIL;3;18.7;0
Charleville-Mézières;49.76;4.71;21/09/2026;22:00;18.6;0;SOLEIL;3;12.6;0
Charleville-Mézières;49.76;4.71;21/09/2026;23:00;18.2;0;SOLEIL;3;13.0;0
Charleville-Mézières;49.76;4.71;22/09/2026;00:00;17.6;0;SOLEIL;3;13.0;0
Charleville-Mézières;49.76;4.71;22/09/2026;01:00;17.6;0;SOLEIL;3;12.2;0
Charleville-Mézières;49.76;4.71;22/09/2026;02:00;16;0;SOLEIL;2;10.4;0
Charleville-Mézières;49.76;4.71;22/09/2026;03:00;16;0;SOLEIL;2;8.1;0
Charleville-Mézières;49.76;4.71;22/09/2026;04:00;16;0;SOLEIL;2;8.1;0
Charleville-Mézières;49.76;4.71;22/09/2026;05:00;15.1;0;SOLEIL;2;7.1;0
Charleville-Mézières;49.76;4.71;22/09/2026;06:00;15.1;0;SOLEIL;2;6.1;0
Charleville-Mézières;49.76;4.71;22/09/2026;07:00;15.1;0;SOLEIL;2;5.0;0
Charleville-Mézières;49.76;4.71;22/09/2026;08:00;19.1;0;SOLEIL;2;4.7;0
Charleville-Mézières;49.76;4.71;22/09/2026;09:00;19.1;0;SOLEIL;2;5.0;0
Charleville-Mézières;49.76;4.71;22/09/2026;10:00;19.1;0;SOLEIL;2;11.9;0
Charleville-Mézières;49.76;4.71;22/09/2026;11:00;22.9;0;SOLEIL;3;16.2;0
Charleville-Mézières;49.76;4.71;22/09/2026;12:00;22.9;0;SOLEIL;3;18.0;0
Charleville-Mézières;49.76;4.71;22/09/2026;13:00;22.9;0;SOLEIL;3;19.1;0
Charleville-Mézières;49.76;4.71;22/09/2026;14:00;25.1;0;SOLEIL;3;19.1;0
Charleville-Mézières;49.76;4.71;22/09/2026;15:00;25.1;0;SOLEIL;3;21.6;0
Charleville-Mézières;49.76;4.71;22/09/2026;16:00;25.1;0;SOLEIL;3;23.0;0
Charleville-Mézières;49.76;4.71;22/09/2026;17:00;22.6;0;SOLEIL;3;25.6;0
Charleville-Mézières;49.76;4.71;22/09/2026;18:00;22.6;0;SOLEIL;3;26.3;0
Charleville-Mézières;49.76;4.71;22/09/2026;19:00;22.6;0;SOLEIL;3;25.9;0
Charleville-Mézières;49.76;4.71;22/09/2026;20:00;20.5;0;SOLEIL;2;23.4;0
Charleville-Mézières;49.76;4.71;22/09/2026;21:00;20.5;0;SOLEIL;2;18.7;0
Charleville-Mézières;49.76;4.71;22/09/2026;22:00;20.5;0;SOLEIL;2;19.1;0
Charleville-Mézières;49.76;4.71;22/09/2026;23:00;18.4;0;SOLEIL;2;18.7;0
Charleville-Mézières;49.76;4.71;23/09/2026;00:00;18.4;0;SOLEIL;2;16.6;0
Charleville-Mézières;49.76;4.71;23/09/2026;01:00;18.4;0;SOLEIL;2;14.4;0
Charleville-Mézières;49.76;4.71;23/09/2026;02:00;17.1;0;SOLEIL;2;11.9;0
Charleville-Mézières;49.76;4.71;23/09/2026;03:00;17.1;0;SOLEIL;2;9.7;0
Charleville-Mézières;49.76;4.71;23/09/2026;04:00;17.1;0;SOLEIL;2;7.2;0
Charleville-Mézières;49.76;4.71;23/09/2026;05:00;15.1;0;SOLEIL;1;5.8;0
Charleville-Mézières;49.76;4.71;23/09/2026;06:00;15.1;0;SOLEIL;1;5.8;0
Charleville-Mézières;49.76;4.71;23/09/2026;07:00;15.1;0;SOLEIL;1;5.8;0
Charleville-Mézières;49.76;4.71;23/09/2026;08:00;19.6;0;SOLEIL;1;5.8;0
Charleville-Mézières;49.76;4.71;23/09/2026;09:00;19.6;0;SOLEIL;1;8.3;0
Charleville-Mézières;49.76;4.71;23/09/2026;10:00;19.6;0;SOLEIL;1;11.5;0
Charleville-Mézières;49.76;4.71;23/09/2026;11:00;24.1;5;SOLEIL VOILÉ;1;13.7;0
Charleville-Mézières;49.76;4.71;23/09/2026;12:00;24.1;5;SOLEIL VOILÉ;1;13.3;0
Charleville-Mézières;49.76;4.71;23/09/2026;13:00;24.1;5;SOLEIL VOILÉ;1;12.2;0
Charleville-Mézières;49.76;4.71;23/09/2026;14:00;24.6;5;SOLEIL VOILÉ;3;11.9;0
Charleville-Mézières;49.76;4.71;23/09/2026;15:00;24.6;5;SOLEIL VOILÉ;3;13.3;0
Charleville-Mézières;49.76;4.71;23/09/2026;16:00;24.6;5;SOLEIL VOILÉ;3;15.8;0
Charleville-Mézières;49.76;4.71;23/09/2026;17:00;20.7;5;SOLEIL VOILÉ;4;18.4;0
Charleville-Mézières;49.76;4.71;23/09/2026;18:00;20.7;5;SOLEIL VOILÉ;4;21.6;0
Charleville-Mézières;49.76;4.71;23/09/2026;19:00;20.7;5;SOLEIL VOILÉ;4;24.8;0
Charleville-Mézières;49.76;4.71;23/09/2026;20:00;19.4;2;NUAGEUX;5;27.7;0
Charleville-Mézières;49.76;4.71;23/09/2026;21:00;18.2;2;NUAGEUX;5;29.5;0
Charleville-Mézières;49.76;4.71;23/09/2026;22:00;17.0;2;NUAGEUX;5;31.0;0
Charleville-Mézières;49.76;4.71;23/09/2026;23:00;16.1;0;SOLEIL;4;31.0;0
Charleville-Mézières;49.76;4.71;24/09/2026;00:00;16.1;0;SOLEIL;4;29.2;0
Charleville-Mézières;49.76;4.71;24/09/2026;01:00;16.1;0;SOLEIL;4;26.6;0
Charleville-Mézières;49.76;4.71;24/09/2026;02:00;14.5;2;NUAGEUX;5;23.8;0
Charleville-Mézières;49.76;4.71;24/09/2026;03:00;14.5;2;NUAGEUX;5;21.2;0
Charleville-Mézières;49.76;4.71;24/09/2026;04:00;14.5;2;NUAGEUX;5;19.1;0
Charleville-Mézières;49.76;4.71;24/09/2026;05:00;14.9;2;NUAGEUX;2;16.9;0
Charleville-Mézières;49.76;4.71;24/09/2026;06:00;14.9;2;NUAGEUX;2;15.1;0
Charleville-Mézières;49.76;4.71;24/09/2026;07:00;14.9;2;NUAGEUX;2;13.3;0
Charleville-Mézières;49.76;4.71;24/09/2026;08:00;16.3;2;NUAGEUX;5;13.0;0
Charleville-Mézières;49.76;4.71;24/09/2026;09:00;17.2;2;NUAGEUX;5;15.1;0
Charleville-Mézières;49.76;4.71;24/09/2026;10:00;18.1;2;NUAGEUX;5;18.4;0
Charleville-Mézières;49.76;4.71;24/09/2026;11:00;21;2;NUAGEUX;2;20.9;0
Charleville-Mézières;49.76;4.71;24/09/2026;12:00;21;2;NUAGEUX;2;21.2;0
Charleville-Mézières;49.76;4.71;24/09/2026;13:00;21;2;NUAGEUX;2;20.9;0
Charleville-Mézières;49.76;4.71;24/09/2026;14:00;21.7;2;NUAGEUX;5;20.2;0
Charleville-Mézières;49.76;4.71;24/09/2026;15:00;22.6;2;NUAGEUX;5;19.8;0
Charleville-Mézières;49.76;4.71;24/09/2026;16:00;21.7;2;NUAGEUX;5;19.4;0
Charleville-Mézières;49.76;4.71;24/09/2026;17:00;21.1;2;NUAGEUX;2;18.4;0
Charleville-Mézières;49.76;4.71;24/09/2026;18:00;21.1;2;NUAGEUX;2;15.8;0
Charleville-Mézières;49.76;4.71;24/09/2026;19:00;21.1;2;NUAGEUX;2;13.0;0
Charleville-Mézières;49.76;4.71;24/09/2026;20:00;18.1;2;NUAGEUX;5;10.4;0
Charleville-Mézières;49.76;4.71;24/09/2026;21:00;17.2;2;NUAGEUX;5;9.0;0
Charleville-Mézières;49.76;4.71;24/09/2026;22:00;16.3;2;NUAGEUX;5;7.9;0
Charleville-Mézières;49.76;4.71;24/09/2026;23:00;16.9;2;NUAGEUX;2;7.2;0
Charleville-Mézières;49.76;4.71;25/09/2026;00:00;16.9;2;NUAGEUX;2;5.9;0
Charleville-Mézières;49.76;4.71;25/09/2026;01:00;16.9;2;NUAGEUX;2;5.0;0
Charleville-Mézières;49.76;4.71;25/09/2026;02:00;13.1;0;SOLEIL;5;4.1;0
Charleville-Mézières;49.76;4.71;25/09/2026;03:00;13.1;0;SOLEIL;5;3.2;0
Charleville-Mézières;49.76;4.71;25/09/2026;04:00;13.1;0;SOLEIL;5;2.9;0
Charleville-Mézières;49.76;4.71;25/09/2026;05:00;13.6;0;SOLEIL;2;2.5;0
Charleville-Mézières;49.76;4.71;25/09/2026;06:00;13.6;0;SOLEIL;2;1.8;0
Charleville-Mézières;49.76;4.71;25/09/2026;07:00;13.6;0;SOLEIL;2;1.4;0
Charleville-Mézières;49.76;4.71;25/09/2026;08:00;15.4;0;SOLEIL;5;1.8;0
Charleville-Mézières;49.76;4.71;25/09/2026;09:00;16.6;0;SOLEIL;5;4.0;0
Charleville-Mézières;49.76;4.71;25/09/2026;10:00;17.8;0;SOLEIL;5;7.2;0
Charleville-Mézières;49.76;4.71;25/09/2026;11:00;22.1;0;SOLEIL;2;9.7;0
Charleville-Mézières;49.76;4.71;25/09/2026;12:00;22.1;0;SOLEIL;2;10.8;0
Charleville-Mézières;49.76;4.71;25/09/2026;13:00;22.1;0;SOLEIL;2;11.5;0
Charleville-Mézières;49.76;4.71;25/09/2026;14:00;22.4;0;SOLEIL;5;11.9;0
Charleville-Mézières;49.76;4.71;25/09/2026;15:00;23.6;0;SOLEIL;5;11.9;0
Charleville-Mézières;49.76;4.71;25/09/2026;16:00;22.4;0;SOLEIL;5;11.9;0
Charleville-Mézières;49.76;4.71;25/09/2026;17:00;22.5;0;SOLEIL;2;11.2;0
Charleville-Mézières;49.76;4.71;25/09/2026;18:00;22.5;0;SOLEIL;2;10.1;0
Charleville-Mézières;49.76;4.71;25/09/2026;19:00;22.5;0;SOLEIL;2;8.6;0
Charleville-Mézières;49.76;4.71;25/09/2026;20:00;17.8;0;SOLEIL;5;7.2;0
Charleville-Mézières;49.76;4.71;25/09/2026;21:00;16.6;0;SOLEIL;5;5.4;0
Charleville-Mézières;49.76;4.71;25/09/2026;22:00;15.4;0;SOLEIL;5;3.6;0
Charleville-Mézières;49.76;4.71;25/09/2026;23:00;17.6;0;SOLEIL;2;2.5;0
Rethel;49.51;4.36;21/09/2026;00:00;8.6;5;SOLEIL VOILÉ;0;6.5;0
Rethel;49.51;4.36;21/09/2026;01:00;8;5;SOLEIL VOILÉ;0;4.3;0
Rethel;49.51;4.36;21/09/2026;02:00;7.1;5;SOLEIL VOILÉ;1;3.2;0
Rethel;49.51;4.36;21/09/2026;03:00;6.2;5;SOLEIL VOILÉ;0;3.2;0
Rethel;49.51;4.36;21/09/2026;04:00;5.7;5;SOLEIL VOILÉ;0;2.9;0
Rethel;49.51;4.36;21/09/2026;05:00;6;5;SOLEIL VOILÉ;0;2.9;0
Rethel;49.51;4.36;21/09/2026;06:00;6.1;5;SOLEIL VOILÉ;0;2.9;0
Rethel;49.51;4.36;21/09/2026;07:00;9.6;5;SOLEIL VOILÉ;0;4.3;0
Rethel;49.51;4.36;21/09/2026;08:00;12.1;5;SOLEIL VOILÉ;0;6.1;0
Rethel;49.51;4.36;21/09/2026;09:00;15.7;5;SOLEIL VOILÉ;1;6.8;0
Rethel;49.51;4.36;21/09/2026;10:00;18.5;5;SOLEIL VOILÉ;0;6.8;0
Rethel;49.51;4.36;21/09/2026;11:00;19.2;5;SOLEIL VOILÉ;2;7.6;0
Rethel;49.51;4.36;21/09/2026;12:00;20.5;5;SOLEIL VOILÉ;2;11.9;0
Rethel;49.51;4.36;21/09/2026;13:00;21.4;5;SOLEIL VOILÉ;2;13.7;0
Rethel;49.51;4.36;21/09/2026;14:00;21.5;5;SOLEIL VOILÉ;3;15.8;0
Rethel;49.51;4.36;21/09/2026;15:00;21.5;0;SOLEIL;3;15.5;0
Rethel;49.51;4.36;21/09/2026;16:00;20.7;0;SOLEIL;3;15.5;0
Rethel;49.51;4.36;21/09/2026;17:00;19.6;0;SOLEIL;3;21.2;0
Rethel;49.51;4.36;21/09/2026;18:00;17.6;0;SOLEIL;2;22.0;0
Rethel;49.51;4.36;21/09/2026;19:00;14.9;0;SOLEIL;2;20.9;0
Rethel;49.51;4.36;21/09/2026;20:00;12.6;0;SOLEIL;1;19.8;0
Rethel;49.51;4.36;21/09/2026;21:00;10.7;0;SOLEIL;1;8.6;0
Rethel;49.51;4.36;21/09/2026;22:00;10;0;SOLEIL;1;6.5;0
Rethel;49.51;4.36;21/09/2026;23:00;9.6;0;SOLEIL;1;3.6;0
Rethel;49.51;4.36;22/09/2026;00:00;9.6;0;SOLEIL;1;5.8;0
Rethel;49.51;4.36;22/09/2026;01:00;9.6;0;SOLEIL;1;5.4;0
Rethel;49.51;4.36;22/09/2026;02:00;7.6;0;SOLEIL;1;5.4;0
Rethel;49.51;4.36;22/09/2026;03:00;7.6;0;SOLEIL;1;3.6;0
Rethel;49.51;4.36;22/09/2026;04:00;7.6;0;SOLEIL;1;3.6;0
Rethel;49.51;4.36;22/09/2026;05:00;7.7;0;SOLEIL;1;5.0;0
Rethel;49.51;4.36;22/09/2026;06:00;7.7;0;SOLEIL;1;6.1;0
Rethel;49.51;4.36;22/09/2026;07:00;7.7;0;SOLEIL;1;5.4;0
Rethel;49.51;4.36;22/09/2026;08:00;17.1;0;SOLEIL;1;5.4;0
Rethel;49.51;4.36;22/09/2026;09:00;17.1;0;SOLEIL;1;7.6;0
Rethel;49.51;4.36;22/09/2026;10:00;17.1;0;SOLEIL;1;7.2;0
Rethel;49.51;4.36;22/09/2026;11:00;21.1;0;SOLEIL;2;19.1;0
Rethel;49.51;4.36;22/09/2026;12:00;21.1;0;SOLEIL;2;19.1;0
Rethel;49.51;4.36;22/09/2026;13:00;21.1;0;SOLEIL;2;22.7;0
Rethel;49.51;4.36;22/09/2026;14:00;21.7;0;SOLEIL;3;23.4;0
Rethel;49.51;4.36;22/09/2026;15:00;21.7;0;SOLEIL;3;22.5;0
Rethel;49.51;4.36;22/09/2026;16:00;21.7;0;SOLEIL;3;21.4;0
Rethel;49.51;4.36;22/09/2026;17:00;18.1;0;SOLEIL;3;21.6;0
Rethel;49.51;4.36;22/09/2026;18:00;18.1;0;SOLEIL;3;23.8;0
Rethel;49.51;4.36;22/09/2026;19:00;18.1;0;SOLEIL;3;25.9;0
Rethel;49.51;4.36;22/09/2026;20:00;13.5;0;SOLEIL;3;26.3;0
Rethel;49.51;4.36;22/09/2026;21:00;13.5;0;SOLEIL;3;23.4;0
Rethel;49.51;4.36;22/09/2026;22:00;13.5;0;SOLEIL;3;23.0;0
Rethel;49.51;4.36;22/09/2026;23:00;10.6;0;SOLEIL;2;19.8;0
Rethel;49.51;4.36;23/09/2026;00:00;10.6;0;SOLEIL;2;17.3;0
Rethel;49.51;4.36;23/09/2026;01:00;10.6;0;SOLEIL;2;18.7;0
Rethel;49.51;4.36;23/09/2026;02:00;9;0;SOLEIL;2;18.7;0
Rethel;49.51;4.36;23/09/2026;03:00;9;0;SOLEIL;2;17.3;0
Rethel;49.51;4.36;23/09/2026;04:00;9;0;SOLEIL;2;15.8;0
Rethel;49.51;4.36;23/09/2026;05:00;8;0;SOLEIL;2;15.8;0
Rethel;49.51;4.36;23/09/2026;06:00;8;0;SOLEIL;2;14.8;0
Rethel;49.51;4.36;23/09/2026;07:00;8;0;SOLEIL;2;12.6;0
Rethel;49.51;4.36;23/09/2026;08:00;17.9;0;SOLEIL;2;12.6;0
Rethel;49.51;4.36;23/09/2026;09:00;17.9;0;SOLEIL;2;15.5;0
Rethel;49.51;4.36;23/09/2026;10:00;17.9;0;SOLEIL;2;19.4;0
Rethel;49.51;4.36;23/09/2026;11:00;22;0;SOLEIL;2;23.8;0
Rethel;49.51;4.36;23/09/2026;12:00;22;0;SOLEIL;2;25.6;0
Rethel;49.51;4.36;23/09/2026;13:00;22;0;SOLEIL;2;25.2;0
Rethel;49.51;4.36;23/09/2026;14:00;22.1;5;SOLEIL VOILÉ;2;23.4;0
Rethel;49.51;4.36;23/09/2026;15:00;22.1;5;SOLEIL VOILÉ;2;23.0;0
Rethel;49.51;4.36;23/09/2026;16:00;22.1;5;SOLEIL VOILÉ;2;22.7;0
Rethel;49.51;4.36;23/09/2026;17:00;17.6;5;SOLEIL VOILÉ;2;21.6;0
Rethel;49.51;4.36;23/09/2026;18:00;17.6;5;SOLEIL VOILÉ;2;19.8;0
Rethel;49.51;4.36;23/09/2026;19:00;17.6;5;SOLEIL VOILÉ;2;17.6;0
Rethel;49.51;4.36;23/09/2026;20:00;14.4;0;SOLEIL;5;15.8;0
Rethel;49.51;4.36;23/09/2026;21:00;12.7;0;SOLEIL;5;14.0;0
Rethel;49.51;4.36;23/09/2026;22:00;11.0;0;SOLEIL;5;12.2;0
Rethel;49.51;4.36;23/09/2026;23:00;13.5;0;SOLEIL;4;12.6;0
Rethel;49.51;4.36;24/09/2026;00:00;13.5;0;SOLEIL;4;16.9;0
Rethel;49.51;4.36;24/09/2026;01:00;13.5;0;SOLEIL;4;23.0;0
Rethel;49.51;4.36;24/09/2026;02:00;10.6;0;SOLEIL;5;28.4;0
Rethel;49.51;4.36;24/09/2026;03:00;10.6;0;SOLEIL;5;31.7;0
Rethel;49.51;4.36;24/09/2026;04:00;10.6;0;SOLEIL;5;34.6;0
Rethel;49.51;4.36;24/09/2026;05:00;11.6;0;SOLEIL;3;36.4;0
Rethel;49.51;4.36;24/09/2026;06:00;11.6;0;SOLEIL;3;37.4;0
Rethel;49.51;4.36;24/09/2026;07:00;11.6;0;SOLEIL;3;38.2;0
Rethel;49.51;4.36;24/09/2026;08:00;13.0;0;SOLEIL;5;39.2;0
Rethel;49.51;4.36;24/09/2026;09:00;14.2;0;SOLEIL;5;41.0;0
Rethel;49.51;4.36;24/09/2026;10:00;15.4;0;SOLEIL;5;43.6;0
Rethel;49.51;4.36;24/09/2026;11:00;19.7;0;SOLEIL;3;45.0;0
Rethel;49.51;4.36;24/09/2026;12:00;19.7;0;SOLEIL;3;45.4;0
Rethel;49.51;4.36;24/09/2026;13:00;19.7;0;SOLEIL;3;45.0;0
Rethel;49.51;4.36;24/09/2026;14:00;20.2;0;SOLEIL;5;44.6;0
Rethel;49.51;4.36;24/09/2026;15:00;21.4;0;SOLEIL;5;44.6;0
Rethel;49.51;4.36;24/09/2026;16:00;20.2;0;SOLEIL;5;44.3;0
Rethel;49.51;4.36;24/09/2026;17:00;16.4;0;SOLEIL;2;43.2;0
Rethel;49.51;4.36;24/09/2026;18:00;16.4;0;SOLEIL;2;41.8;0
Rethel;49.51;4.36;24/09/2026;19:00;16.4;0;SOLEIL;2;39.6;0
Rethel;49.51;4.36;24/09/2026;20:00;15.4;0;SOLEIL;5;35.6;0
Rethel;49.51;4.36;24/09/2026;21:00;14.2;0;SOLEIL;5;28.4;0
Rethel;49.51;4.36;24/09/2026;22:00;13.0;0;SOLEIL;5;19.8;0
Rethel;49.51;4.36;24/09/2026;23:00;11.1;2;NUAGEUX;2;13.0;0
Rethel;49.51;4.36;25/09/2026;00:00;11.1;2;NUAGEUX;2;10.1;0
Rethel;49.51;4.36;25/09/2026;01:00;11.1;2;NUAGEUX;2;9.4;0
Rethel;49.51;4.36;25/09/2026;02:00;7.6;0;SOLEIL;5;9.0;0
Rethel;49.51;4.36;25/09/2026;03:00;7.6;0;SOLEIL;5;8.3;0
Rethel;49.51;4.36;25/09/2026;04:00;7.6;0;SOLEIL;5;7.6;0
Rethel;49.51;4.36;25/09/2026;05:00;8.7;0;SOLEIL;2;7.2;0
Rethel;49.51;4.36;25/09/2026;06:00;8.7;0;SOLEIL;2;7.2;0
Rethel;49.51;4.36;25/09/2026;07:00;8.7;0;SOLEIL;2;7.6;0
Rethel;49.51;4.36;25/09/2026;08:00;10.7;0;SOLEIL;5;9.0;0
Rethel;49.51;4.36;25/09/2026;09:00;12.2;0;SOLEIL;5;12.2;0
Rethel;49.51;4.36;25/09/2026;10:00;13.8;0;SOLEIL;5;16.2;0
Rethel;49.51;4.36;25/09/2026;11:00;20.9;0;SOLEIL;2;19.1;0
Rethel;49.51;4.36;25/09/2026;12:00;20.9;0;SOLEIL;2;19.8;0
Rethel;49.51;4.36;25/09/2026;13:00;20.9;0;SOLEIL;2;19.8;0
Rethel;49.51;4.36;25/09/2026;14:00;20.0;0;SOLEIL;5;19.4;0
Rethel;49.51;4.36;25/09/2026;15:00;21.5;0;SOLEIL;5;19.8;0
Rethel;49.51;4.36;25/09/2026;16:00;20.0;0;SOLEIL;5;19.8;0
Rethel;49.51;4.36;25/09/2026;17:00;18.1;0;SOLEIL;2;19.8;0
Rethel;49.51;4.36;25/09/2026;18:00;18.1;0;SOLEIL;2;19.1;0
Rethel;49.51;4.36;25/09/2026;19:00;18.1;0;SOLEIL;2;17.6;0
Rethel;49.51;4.36;25/09/2026;20:00;13.8;0;SOLEIL;5;16.9;0
Rethel;49.51;4.36;25/09/2026;21:00;12.2;0;SOLEIL;5;18.0;0
Rethel;49.51;4.36;25/09/2026;22:00;10.7;0;SOLEIL;5;15.5;0
Rethel;49.51;4.36;25/09/2026;23:00;9.1;0;SOLEIL;2;13.0;0
Nogent-sur-Seine;48.49;3.5;21/09/2026;00:00;12;5;SOLEIL VOILÉ;1;6.5;0
Nogent-sur-Seine;48.49;3.5;21/09/2026;01:00;11.1;5;SOLEIL VOILÉ;0;4.0;0
Nogent-sur-Seine;48.49;3.5;21/09/2026;02:00;10.6;5;SOLEIL VOILÉ;1;2.5;0
Nogent-sur-Seine;48.49;3.5;21/09/2026;03:00;9.6;5;SOLEIL VOILÉ;1;4.3;0
Nogent-sur-Seine;48.49;3.5;21/09/2026;04:00;9.1;5;SOLEIL VOILÉ;0;4.7;0
Nogent-sur-Seine;48.49;3.5;21/09/2026;05:00;9;5;SOLEIL VOILÉ;0;4.7;0
Nogent-sur-Seine;48.49;3.5;21/09/2026;06:00;8.4;5;SOLEIL VOILÉ;0;5.8;0
Nogent-sur-Seine;48.49;3.5;21/09/2026;07:00;11.4;5;SOLEIL VOILÉ;0;5.0;0
Nogent-sur-Seine;48.49;3.5;21/09/2026;08:00;14.5;5;SOLEIL VOILÉ;1;3.2;0
Nogent-sur-Seine;48.49;3.5;21/09/2026;09:00;16.4;5;SOLEIL VOILÉ;1;8.3;0
Nogent-sur-Seine;48.49;3.5;21/09/2026;10:00;18.4;5;SOLEIL VOILÉ;1;7.2;0
Nogent-sur-Seine;48.49;3.5;21/09/2026;11:00;19.5;5;SOLEIL VOILÉ;1;8.6;0
Nogent-sur-Seine;48.49;3.5;21/09/2026;12:00;20.5;5;SOLEIL VOILÉ;2;11.9;0
Nogent-sur-Seine;48.49;3.5;21/09/2026;13:00;21.2;5;SOLEIL VOILÉ;2;14.4;0
Nogent-sur-Seine;48.49;3.5;21/09/2026;14:00;22.1;5;SOLEIL VOILÉ;2;19.4;0
Nogent-sur-Seine;48.49;3.5;21/09/2026;15:00;22.5;0;SOLEIL;3;20.2;0
Nogent-sur-Seine;48.49;3.5;21/09/2026;16:00;21.7;0;SOLEIL;3;19.8;0
Nogent-sur-Seine;48.49;3.5;21/09/2026;17:00;20.6;0;SOLEIL;3;22.7;0
Nogent-sur-Seine;48.49;3.5;21/09/2026;18:00;18.7;0;SOLEIL;3;23.0;0
Nogent-sur-Seine;48.49;3.5;21/09/2026;19:00;16.6;0;SOLEIL;3;23.8;0
Nogent-sur-Seine;48.49;3.5;21/09/2026;20:00;15.1;0;SOLEIL;2;24.5;0
Nogent-sur-Seine;48.49;3.5;21/09/2026;21:00;14.1;0;SOLEIL;2;18.4;0
Nogent-sur-Seine;48.49;3.5;21/09/2026;22:00;13.1;0;SOLEIL;2;11.9;0
Nogent-sur-Seine;48.49;3.5;21/09/2026;23:00;12.5;0;SOLEIL;2;9.0;0
Nogent-sur-Seine;48.49;3.5;22/09/2026;00:00;11.6;0;SOLEIL;1;10.1;0
Nogent-sur-Seine;48.49;3.5;22/09/2026;01:00;11.6;0;SOLEIL;1;9.0;0
Nogent-sur-Seine;48.49;3.5;22/09/2026;02:00;9.5;0;SOLEIL;2;6.8;0
Nogent-sur-Seine;48.49;3.5;22/09/2026;03:00;9.5;0;SOLEIL;2;3.6;0
Nogent-sur-Seine;48.49;3.5;22/09/2026;04:00;9.5;0;SOLEIL;2;5.4;0
Nogent-sur-Seine;48.49;3.5;22/09/2026;05:00;9;0;SOLEIL;2;5.8;0
Nogent-sur-Seine;48.49;3.5;22/09/2026;06:00;9;0;SOLEIL;2;6.1;0
Nogent-sur-Seine;48.49;3.5;22/09/2026;07:00;9;0;SOLEIL;2;5.8;0
Nogent-sur-Seine;48.49;3.5;22/09/2026;08:00;18;0;SOLEIL;2;4.3;0
Nogent-sur-Seine;48.49;3.5;22/09/2026;09:00;18;0;SOLEIL;2;7.2;0
Nogent-sur-Seine;48.49;3.5;22/09/2026;10:00;18;0;SOLEIL;2;9.0;0
Nogent-sur-Seine;48.49;3.5;22/09/2026;11:00;22.6;0;SOLEIL;2;14.0;0
Nogent-sur-Seine;48.49;3.5;22/09/2026;12:00;22.6;0;SOLEIL;2;19.4;0
Nogent-sur-Seine;48.49;3.5;22/09/2026;13:00;22.6;0;SOLEIL;2;22.0;0
Nogent-sur-Seine;48.49;3.5;22/09/2026;14:00;24.5;0;SOLEIL;3;21.2;0
Nogent-sur-Seine;48.49;3.5;22/09/2026;15:00;24.5;0;SOLEIL;3;19.3;0
Nogent-sur-Seine;48.49;3.5;22/09/2026;16:00;24.5;0;SOLEIL;3;20.3;0
Nogent-sur-Seine;48.49;3.5;22/09/2026;17:00;21.4;0;SOLEIL;3;18.4;0
Nogent-sur-Seine;48.49;3.5;22/09/2026;18:00;21.4;0;SOLEIL;3;18.4;0
Nogent-sur-Seine;48.49;3.5;22/09/2026;19:00;21.4;0;SOLEIL;3;17.6;0
Nogent-sur-Seine;48.49;3.5;22/09/2026;20:00;16.2;0;SOLEIL;3;23.0;0
Nogent-sur-Seine;48.49;3.5;22/09/2026;21:00;16.2;0;SOLEIL;3;29.2;0
Nogent-sur-Seine;48.49;3.5;22/09/2026;22:00;16.2;0;SOLEIL;3;27.0;0
Nogent-sur-Seine;48.49;3.5;22/09/2026;23:00;13.9;0;SOLEIL;3;23.8;0
Nogent-sur-Seine;48.49;3.5;23/09/2026;00:00;13.9;0;SOLEIL;3;23.4;0
Nogent-sur-Seine;48.49;3.5;23/09/2026;01:00;13.9;0;SOLEIL;3;23.8;0
Nogent-sur-Seine;48.49;3.5;23/09/2026;02:00;12.1;0;SOLEIL;2;22.3;0
Nogent-sur-Seine;48.49;3.5;23/09/2026;03:00;12.1;0;SOLEIL;2;20.9;0
Nogent-sur-Seine;48.49;3.5;23/09/2026;04:00;12.1;0;SOLEIL;2;19.4;0
Nogent-sur-Seine;48.49;3.5;23/09/2026;05:00;10.6;0;SOLEIL;2;19.1;0
Nogent-sur-Seine;48.49;3.5;23/09/2026;06:00;10.6;0;SOLEIL;2;18.0;0
Nogent-sur-Seine;48.49;3.5;23/09/2026;07:00;10.6;0;SOLEIL;2;16.6;0
Nogent-sur-Seine;48.49;3.5;23/09/2026;08:00;19.1;0;SOLEIL;2;16.2;0
Nogent-sur-Seine;48.49;3.5;23/09/2026;09:00;19.1;0;SOLEIL;2;16.9;0
Nogent-sur-Seine;48.49;3.5;23/09/2026;10:00;19.1;0;SOLEIL;2;20.9;0
Nogent-sur-Seine;48.49;3.5;23/09/2026;11:00;24.1;0;SOLEIL;2;24.1;0
Nogent-sur-Seine;48.49;3.5;23/09/2026;12:00;24.1;0;SOLEIL;2;25.6;0
Nogent-sur-Seine;48.49;3.5;23/09/2026;13:00;24.1;0;SOLEIL;2;25.6;0
Nogent-sur-Seine;48.49;3.5;23/09/2026;14:00;24.9;5;SOLEIL VOILÉ;3;24.1;0
Nogent-sur-Seine;48.49;3.5;23/09/2026;15:00;24.9;5;SOLEIL VOILÉ;3;23.8;0
Nogent-sur-Seine;48.49;3.5;23/09/2026;16:00;24.9;5;SOLEIL VOILÉ;3;22.7;0
Nogent-sur-Seine;48.49;3.5;23/09/2026;17:00;19;5;SOLEIL VOILÉ;3;21.6;0
Nogent-sur-Seine;48.49;3.5;23/09/2026;18:00;19;5;SOLEIL VOILÉ;3;19.8;0
Nogent-sur-Seine;48.49;3.5;23/09/2026;19:00;19;5;SOLEIL VOILÉ;3;17.3;0
Nogent-sur-Seine;48.49;3.5;23/09/2026;20:00;17.1;0;SOLEIL;5;14.8;0
Nogent-sur-Seine;48.49;3.5;23/09/2026;21:00;15.3;0;SOLEIL;5;11.2;0
Nogent-sur-Seine;48.49;3.5;23/09/2026;22:00;13.6;0;SOLEIL;5;7.6;0
Nogent-sur-Seine;48.49;3.5;23/09/2026;23:00;14.1;0;SOLEIL;4;7.2;0
Nogent-sur-Seine;48.49;3.5;24/09/2026;00:00;14.1;0;SOLEIL;4;13.0;0
Nogent-sur-Seine;48.49;3.5;24/09/2026;01:00;14.1;0;SOLEIL;4;22.0;0
Nogent-sur-Seine;48.49;3.5;24/09/2026;02:00;11.5;0;SOLEIL;5;29.5;0
Nogent-sur-Seine;48.49;3.5;24/09/2026;03:00;11.5;0;SOLEIL;5;33.1;0
Nogent-sur-Seine;48.49;3.5;24/09/2026;04:00;11.5;0;SOLEIL;5;34.9;0
Nogent-sur-Seine;48.49;3.5;24/09/2026;05:00;12.2;0;SOLEIL;3;36.7;0
Nogent-sur-Seine;48.49;3.5;24/09/2026;06:00;12.2;0;SOLEIL;3;38.5;0
Nogent-sur-Seine;48.49;3.5;24/09/2026;07:00;12.2;0;SOLEIL;3;40.0;0
Nogent-sur-Seine;48.49;3.5;24/09/2026;08:00;14.1;0;SOLEIL;5;41.0;0
Nogent-sur-Seine;48.49;3.5;24/09/2026;09:00;15.4;0;SOLEIL;5;41.8;0
Nogent-sur-Seine;48.49;3.5;24/09/2026;10:00;16.7;0;SOLEIL;5;41.8;0
Nogent-sur-Seine;48.49;3.5;24/09/2026;11:00;21.7;0;SOLEIL;3;41.8;0
Nogent-sur-Seine;48.49;3.5;24/09/2026;12:00;21.7;0;SOLEIL;3;41.8;0
Nogent-sur-Seine;48.49;3.5;24/09/2026;13:00;21.7;0;SOLEIL;3;41.8;0
Nogent-sur-Seine;48.49;3.5;24/09/2026;14:00;21.8;0;SOLEIL;5;41.4;0
Nogent-sur-Seine;48.49;3.5;24/09/2026;15:00;23.1;0;SOLEIL;5;40.7;0
Nogent-sur-Seine;48.49;3.5;24/09/2026;16:00;21.8;0;SOLEIL;5;39.6;0
Nogent-sur-Seine;48.49;3.5;24/09/2026;17:00;18.6;0;SOLEIL;3;38.2;0
Nogent-sur-Seine;48.49;3.5;24/09/2026;18:00;18.6;0;SOLEIL;3;37.1;0
Nogent-sur-Seine;48.49;3.5;24/09/2026;19:00;18.6;0;SOLEIL;3;36.0;0
Nogent-sur-Seine;48.49;3.5;24/09/2026;20:00;16.7;0;SOLEIL;5;33.1;0
Nogent-sur-Seine;48.49;3.5;24/09/2026;21:00;15.4;0;SOLEIL;5;27.4;0
Nogent-sur-Seine;48.49;3.5;24/09/2026;22:00;14.1;0;SOLEIL;5;20.5;0
Nogent-sur-Seine;48.49;3.5;24/09/2026;23:00;12.5;2;NUAGEUX;2;15.1;0
Nogent-sur-Seine;48.49;3.5;25/09/2026;00:00;12.5;2;NUAGEUX;2;13.3;0
Nogent-sur-Seine;48.49;3.5;25/09/2026;01:00;12.5;2;NUAGEUX;2;13.7;0
Nogent-sur-Seine;48.49;3.5;25/09/2026;02:00;9.4;0;SOLEIL;5;13.7;0
Nogent-sur-Seine;48.49;3.5;25/09/2026;03:00;9.4;0;SOLEIL;5;13.0;0
Nogent-sur-Seine;48.49;3.5;25/09/2026;04:00;9.4;0;SOLEIL;5;11.9;0
Nogent-sur-Seine;48.49;3.5;25/09/2026;05:00;10.5;0;SOLEIL;2;10.8;0
Nogent-sur-Seine;48.49;3.5;25/09/2026;06:00;10.5;0;SOLEIL;2;9.4;0
Nogent-sur-Seine;48.49;3.5;25/09/2026;07:00;10.5;0;SOLEIL;2;8.3;0
Nogent-sur-Seine;48.49;3.5;25/09/2026;08:00;12.6;0;SOLEIL;5;8.3;0
Nogent-sur-Seine;48.49;3.5;25/09/2026;09:00;14.2;0;SOLEIL;5;11.2;0
Nogent-sur-Seine;48.49;3.5;25/09/2026;10:00;15.8;0;SOLEIL;5;15.5;0
Nogent-sur-Seine;48.49;3.5;25/09/2026;11:00;23;0;SOLEIL;2;18.7;0
Nogent-sur-Seine;48.49;3.5;25/09/2026;12:00;23;0;SOLEIL;2;19.4;0
Nogent-sur-Seine;48.49;3.5;25/09/2026;13:00;23;0;SOLEIL;2;19.1;0
Nogent-sur-Seine;48.49;3.5;25/09/2026;14:00;22.3;0;SOLEIL;5;18.7;0
Nogent-sur-Seine;48.49;3.5;25/09/2026;15:00;23.9;0;SOLEIL;5;18.4;0
Nogent-sur-Seine;48.49;3.5;25/09/2026;16:00;22.3;0;SOLEIL;5;18.0;0
Nogent-sur-Seine;48.49;3.5;25/09/2026;17:00;20.4;0;SOLEIL;2;17.6;0
Nogent-sur-Seine;48.49;3.5;25/09/2026;18:00;20.4;0;SOLEIL;2;16.9;0
Nogent-sur-Seine;48.49;3.5;25/09/2026;19:00;20.4;0;SOLEIL;2;15.8;0
Nogent-sur-Seine;48.49;3.5;25/09/2026;20:00;15.8;0;SOLEIL;5;15.1;0
Nogent-sur-Seine;48.49;3.5;25/09/2026;21:00;14.2;0;SOLEIL;5;18.4;0
Nogent-sur-Seine;48.49;3.5;25/09/2026;22:00;12.6;0;SOLEIL;5;16.6;0
Nogent-sur-Seine;48.49;3.5;25/09/2026;23:00;11.6;0;SOLEIL;3;14.8;0
Troyes;48.3;4.07;21/09/2026;00:00;12.9;5;SOLEIL VOILÉ;2;10.4;0
Troyes;48.3;4.07;21/09/2026;01:00;12.7;5;SOLEIL VOILÉ;1;13.3;0
Troyes;48.3;4.07;21/09/2026;02:00;11.5;5;SOLEIL VOILÉ;2;14.0;0
Troyes;48.3;4.07;21/09/2026;03:00;10.5;5;SOLEIL VOILÉ;2;13.7;0
Troyes;48.3;4.07;21/09/2026;04:00;10.7;5;SOLEIL VOILÉ;2;13.3;0
Troyes;48.3;4.07;21/09/2026;05:00;10.1;5;SOLEIL VOILÉ;2;12.2;0
Troyes;48.3;4.07;21/09/2026;06:00;10.4;5;SOLEIL VOILÉ;2;10.4;0
Troyes;48.3;4.07;21/09/2026;07:00;13.1;5;SOLEIL VOILÉ;1;13.3;0
Troyes;48.3;4.07;21/09/2026;08:00;15.6;5;SOLEIL VOILÉ;2;11.5;0
Troyes;48.3;4.07;21/09/2026;09:00;17.2;5;SOLEIL VOILÉ;2;14.0;0
Troyes;48.3;4.07;21/09/2026;10:00;19.1;5;SOLEIL VOILÉ;3;20.9;0
Troyes;48.3;4.07;21/09/2026;11:00;20.6;5;SOLEIL VOILÉ;3;25.2;0
Troyes;48.3;4.07;21/09/2026;12:00;21.2;5;SOLEIL VOILÉ;3;28.8;0
Troyes;48.3;4.07;21/09/2026;13:00;21.9;5;SOLEIL VOILÉ;3;29.9;0
Troyes;48.3;4.07;21/09/2026;14:00;22.6;5;SOLEIL VOILÉ;3;31.3;0
Troyes;48.3;4.07;21/09/2026;15:00;23;5;SOLEIL VOILÉ;3;32.0;0
Troyes;48.3;4.07;21/09/2026;16:00;22.5;5;SOLEIL VOILÉ;3;31.0;0
Troyes;48.3;4.07;21/09/2026;17:00;21.1;0;SOLEIL;3;29.2;0
Troyes;48.3;4.07;21/09/2026;18:00;19.1;0;SOLEIL;2;29.2;0
Troyes;48.3;4.07;21/09/2026;19:00;16.6;0;SOLEIL;2;26.6;0
Troyes;48.3;4.07;21/09/2026;20:00;14.6;0;SOLEIL;1;18.7;0
Troyes;48.3;4.07;21/09/2026;21:00;12.9;0;SOLEIL;1;11.2;0
Troyes;48.3;4.07;21/09/2026;22:00;11.7;0;SOLEIL;2;8.6;0
Troyes;48.3;4.07;21/09/2026;23:00;11.6;0;SOLEIL;3;8.3;0
Troyes;48.3;4.07;22/09/2026;00:00;11.4;0;SOLEIL;3;8.6;0
Troyes;48.3;4.07;22/09/2026;01:00;11.4;0;SOLEIL;3;8.6;0
Troyes;48.3;4.07;22/09/2026;02:00;10.2;0;SOLEIL;3;8.3;0
Troyes;48.3;4.07;22/09/2026;03:00;10.2;0;SOLEIL;3;9.2;0
Troyes;48.3;4.07;22/09/2026;04:00;10.2;0;SOLEIL;3;9.5;0
Troyes;48.3;4.07;22/09/2026;05:00;10.7;0;SOLEIL;3;9.2;0
Troyes;48.3;4.07;22/09/2026;06:00;10.7;0;SOLEIL;3;8.3;0
Troyes;48.3;4.07;22/09/2026;07:00;10.7;0;SOLEIL;3;8.3;0
Troyes;48.3;4.07;22/09/2026;08:00;18.5;0;SOLEIL;3;8.3;0
Troyes;48.3;4.07;22/09/2026;09:00;18.5;0;SOLEIL;3;9.0;0
Troyes;48.3;4.07;22/09/2026;10:00;18.5;0;SOLEIL;3;20.9;0
Troyes;48.3;4.07;22/09/2026;11:00;23.4;0;SOLEIL;4;23.4;0
Troyes;48.3;4.07;22/09/2026;12:00;23.4;0;SOLEIL;4;25.2;0
Troyes;48.3;4.07;22/09/2026;13:00;23.4;0;SOLEIL;4;25.9;0
Troyes;48.3;4.07;22/09/2026;14:00;25.9;0;SOLEIL;4;26.6;0
Troyes;48.3;4.07;22/09/2026;15:00;25.9;0;SOLEIL;4;28.1;0
Troyes;48.3;4.07;22/09/2026;16:00;25.9;0;SOLEIL;4;28.1;0
Troyes;48.3;4.07;22/09/2026;17:00;21.7;0;SOLEIL;3;28.4;0
Troyes;48.3;4.07;22/09/2026;18:00;21.7;0;SOLEIL;3;29.2;0
Troyes;48.3;4.07;22/09/2026;19:00;21.7;0;SOLEIL;3;28.8;0
Troyes;48.3;4.07;22/09/2026;20:00;16.1;0;SOLEIL;3;23.8;0
Troyes;48.3;4.07;22/09/2026;21:00;16.1;0;SOLEIL;3;14.0;0
Troyes;48.3;4.07;22/09/2026;22:00;16.1;0;SOLEIL;3;11.2;0
Troyes;48.3;4.07;22/09/2026;23:00;14.2;0;SOLEIL;3;12.6;0
Troyes;48.3;4.07;23/09/2026;00:00;14.2;0;SOLEIL;3;13.7;0
Troyes;48.3;4.07;23/09/2026;01:00;14.2;0;SOLEIL;3;14.4;0
Troyes;48.3;4.07;23/09/2026;02:00;12.1;0;SOLEIL;3;14.4;0
Troyes;48.3;4.07;23/09/2026;03:00;12.1;0;SOLEIL;3;13.3;0
Troyes;48.3;4.07;23/09/2026;04:00;12.1;0;SOLEIL;3;13.3;0
Troyes;48.3;4.07;23/09/2026;05:00;11.1;0;SOLEIL;3;12.6;0
Troyes;48.3;4.07;23/09/2026;06:00;11.1;0;SOLEIL;3;12.6;0
Troyes;48.3;4.07;23/09/2026;07:00;11.1;0;SOLEIL;3;12.6;0
Troyes;48.3;4.07;23/09/2026;08:00;19.9;0;SOLEIL;2;13.0;0
Troyes;48.3;4.07;23/09/2026;09:00;19.9;0;SOLEIL;2;16.2;0
Troyes;48.3;4.07;23/09/2026;10:00;19.9;0;SOLEIL;2;20.5;0
Troyes;48.3;4.07;23/09/2026;11:00;25.6;0;SOLEIL;2;23.0;0
Troyes;48.3;4.07;23/09/2026;12:00;25.6;0;SOLEIL;2;21.6;0
Troyes;48.3;4.07;23/09/2026;13:00;25.6;0;SOLEIL;2;18.4;0
Troyes;48.3;4.07;23/09/2026;14:00;27.6;5;SOLEIL VOILÉ;3;15.1;0
Troyes;48.3;4.07;23/09/2026;15:00;27.6;5;SOLEIL VOILÉ;3;12.6;0
Troyes;48.3;4.07;23/09/2026;16:00;27.6;5;SOLEIL VOILÉ;3;10.1;0
Troyes;48.3;4.07;23/09/2026;17:00;22.6;5;SOLEIL VOILÉ;2;8.6;0
Troyes;48.3;4.07;23/09/2026;18:00;22.6;5;SOLEIL VOILÉ;2;7.9;0
Troyes;48.3;4.07;23/09/2026;19:00;22.6;5;SOLEIL VOILÉ;2;8.3;0
Troyes;48.3;4.07;23/09/2026;20:00;18.5;0;SOLEIL;5;9.7;0
Troyes;48.3;4.07;23/09/2026;21:00;16.5;0;SOLEIL;5;13.0;0
Troyes;48.3;4.07;23/09/2026;22:00;14.5;0;SOLEIL;5;17.3;0
Troyes;48.3;4.07;23/09/2026;23:00;13.4;0;SOLEIL;4;20.2;0
Troyes;48.3;4.07;24/09/2026;00:00;13.4;0;SOLEIL;4;20.9;0
Troyes;48.3;4.07;24/09/2026;01:00;13.4;0;SOLEIL;4;19.8;0
Troyes;48.3;4.07;24/09/2026;02:00;11.1;2;NUAGEUX;5;18.4;0
Troyes;48.3;4.07;24/09/2026;03:00;11.1;2;NUAGEUX;5;15.5;0
Troyes;48.3;4.07;24/09/2026;04:00;11.1;2;NUAGEUX;5;11.9;0
Troyes;48.3;4.07;24/09/2026;05:00;12.1;2;NUAGEUX;2;10.1;0
Troyes;48.3;4.07;24/09/2026;06:00;12.1;2;NUAGEUX;2;12.6;0
Troyes;48.3;4.07;24/09/2026;07:00;12.1;2;NUAGEUX;2;16.9;0
Troyes;48.3;4.07;24/09/2026;08:00;13.9;2;NUAGEUX;5;19.8;0
Troyes;48.3;4.07;24/09/2026;09:00;15.3;2;NUAGEUX;5;19.8;0
Troyes;48.3;4.07;24/09/2026;10:00;16.7;2;NUAGEUX;5;18.0;0
Troyes;48.3;4.07;24/09/2026;11:00;21.6;0;SOLEIL;3;17.3;0
Troyes;48.3;4.07;24/09/2026;12:00;21.6;0;SOLEIL;3;18.0;0
Troyes;48.3;4.07;24/09/2026;13:00;21.6;0;SOLEIL;3;19.4;0
Troyes;48.3;4.07;24/09/2026;14:00;22.2;2;NUAGEUX;5;20.2;0
Troyes;48.3;4.07;24/09/2026;15:00;23.6;2;NUAGEUX;5;20.5;0
Troyes;48.3;4.07;24/09/2026;16:00;22.2;2;NUAGEUX;5;20.5;0
Troyes;48.3;4.07;24/09/2026;17:00;18.9;0;SOLEIL;2;19.1;0
Troyes;48.3;4.07;24/09/2026;18:00;18.9;0;SOLEIL;2;15.1;0
Troyes;48.3;4.07;24/09/2026;19:00;18.9;0;SOLEIL;2;10.1;0
Troyes;48.3;4.07;24/09/2026;20:00;16.7;2;NUAGEUX;5;5.8;0
Troyes;48.3;4.07;24/09/2026;21:00;15.3;2;NUAGEUX;5;3.2;0
Troyes;48.3;4.07;24/09/2026;22:00;13.9;2;NUAGEUX;5;2.2;0
Troyes;48.3;4.07;24/09/2026;23:00;11.5;2;NUAGEUX;3;1.8;0
Troyes;48.3;4.07;25/09/2026;00:00;11.5;2;NUAGEUX;3;3.8;0
Troyes;48.3;4.07;25/09/2026;01:00;11.5;2;NUAGEUX;3;6.3;0
Troyes;48.3;4.07;25/09/2026;02:00;9.1;0;SOLEIL;5;7.6;0
Troyes;48.3;4.07;25/09/2026;03:00;9.1;0;SOLEIL;5;7.2;0
Troyes;48.3;4.07;25/09/2026;04:00;9.1;0;SOLEIL;5;6.5;0
Troyes;48.3;4.07;25/09/2026;05:00;10.1;0;SOLEIL;3;5.8;0
Troyes;48.3;4.07;25/09/2026;06:00;10.1;0;SOLEIL;3;5.4;0
Troyes;48.3;4.07;25/09/2026;07:00;10.1;0;SOLEIL;3;5.4;0
Troyes;48.3;4.07;25/09/2026;08:00;12.2;0;SOLEIL;5;5.8;0
Troyes;48.3;4.07;25/09/2026;09:00;13.8;0;SOLEIL;5;7.2;0
Troyes;48.3;4.07;25/09/2026;10:00;15.3;0;SOLEIL;5;9.0;0
Troyes;48.3;4.07;25/09/2026;11:00;22.4;0;SOLEIL;3;10.4;0
Troyes;48.3;4.07;25/09/2026;12:00;22.4;0;SOLEIL;3;10.4;0
Troyes;48.3;4.07;25/09/2026;13:00;22.4;0;SOLEIL;3;9.7;0
Troyes;48.3;4.07;25/09/2026;14:00;21.5;0;SOLEIL;5;9.0;0
Troyes;48.3;4.07;25/09/2026;15:00;23.1;0;SOLEIL;5;8.6;0
Troyes;48.3;4.07;25/09/2026;16:00;21.5;0;SOLEIL;5;7.9;0
Troyes;48.3;4.07;25/09/2026;17:00;19.9;0;SOLEIL;2;7.6;0
Troyes;48.3;4.07;25/09/2026;18:00;19.9;0;SOLEIL;2;7.2;0
Troyes;48.3;4.07;25/09/2026;19:00;19.9;0;SOLEIL;2;6.8;0
Troyes;48.3;4.07;25/09/2026;20:00;15.3;0;SOLEIL;5;6.5;0
Troyes;48.3;4.07;25/09/2026;21:00;13.8;0;SOLEIL;5;5.8;0
Troyes;48.3;4.07;25/09/2026;22:00;12.2;0;SOLEIL;5;4.7;0
Troyes;48.3;4.07;25/09/2026;23:00;11.6;0;SOLEIL;2;4.0;0
Vitry-le-Croisé;48.15;4.65;21/09/2026;00:00;14.9;5;SOLEIL VOILÉ;2;16.9;0
Vitry-le-Croisé;48.15;4.65;21/09/2026;01:00;13.6;5;SOLEIL VOILÉ;2;18.0;0
Vitry-le-Croisé;48.15;4.65;21/09/2026;02:00;12.2;5;SOLEIL VOILÉ;2;14.8;0
Vitry-le-Croisé;48.15;4.65;21/09/2026;03:00;12.2;5;SOLEIL VOILÉ;2;13.0;0
Vitry-le-Croisé;48.15;4.65;21/09/2026;04:00;11.2;5;SOLEIL VOILÉ;2;15.1;0
Vitry-le-Croisé;48.15;4.65;21/09/2026;05:00;11.1;5;SOLEIL VOILÉ;2;13.7;0
Vitry-le-Croisé;48.15;4.65;21/09/2026;06:00;11.5;5;SOLEIL VOILÉ;2;11.9;0
Vitry-le-Croisé;48.15;4.65;21/09/2026;07:00;12.2;5;SOLEIL VOILÉ;1;9.0;0
Vitry-le-Croisé;48.15;4.65;21/09/2026;08:00;14.9;5;SOLEIL VOILÉ;2;10.4;0
Vitry-le-Croisé;48.15;4.65;21/09/2026;09:00;17.1;5;SOLEIL VOILÉ;2;12.6;0
Vitry-le-Croisé;48.15;4.65;21/09/2026;10:00;19;5;SOLEIL VOILÉ;3;17.3;0
Vitry-le-Croisé;48.15;4.65;21/09/2026;11:00;20.2;5;SOLEIL VOILÉ;3;25.6;0
Vitry-le-Croisé;48.15;4.65;21/09/2026;12:00;21.1;5;SOLEIL VOILÉ;4;27.7;0
Vitry-le-Croisé;48.15;4.65;21/09/2026;13:00;21.9;5;SOLEIL VOILÉ;3;31.0;0
Vitry-le-Croisé;48.15;4.65;21/09/2026;14:00;22.6;5;SOLEIL VOILÉ;4;33.5;0
Vitry-le-Croisé;48.15;4.65;21/09/2026;15:00;22.7;5;SOLEIL VOILÉ;4;33.1;0
Vitry-le-Croisé;48.15;4.65;21/09/2026;16:00;22.5;5;SOLEIL VOILÉ;4;32.4;0
Vitry-le-Croisé;48.15;4.65;21/09/2026;17:00;20.9;0;SOLEIL;4;31.3;0
Vitry-le-Croisé;48.15;4.65;21/09/2026;18:00;19.1;0;SOLEIL;3;31.7;0
Vitry-le-Croisé;48.15;4.65;21/09/2026;19:00;17.1;0;SOLEIL;3;30.6;0
Vitry-le-Croisé;48.15;4.65;21/09/2026;20:00;15.4;0;SOLEIL;3;21.6;0
Vitry-le-Croisé;48.15;4.65;21/09/2026;21:00;14.1;0;SOLEIL;3;12.2;0
Vitry-le-Croisé;48.15;4.65;21/09/2026;22:00;13.5;0;SOLEIL;3;11.2;0
Vitry-le-Croisé;48.15;4.65;21/09/2026;23:00;13;0;SOLEIL;3;10.4;0
Vitry-le-Croisé;48.15;4.65;22/09/2026;00:00;12.1;0;SOLEIL;3;9.0;0
Vitry-le-Croisé;48.15;4.65;22/09/2026;01:00;12.1;0;SOLEIL;3;9.0;0
Vitry-le-Croisé;48.15;4.65;22/09/2026;02:00;10.5;0;SOLEIL;2;8.3;0
Vitry-le-Croisé;48.15;4.65;22/09/2026;03:00;10.5;0;SOLEIL;2;7.7;0
Vitry-le-Croisé;48.15;4.65;22/09/2026;04:00;10.5;0;SOLEIL;2;7.6;0
Vitry-le-Croisé;48.15;4.65;22/09/2026;05:00;10.2;0;SOLEIL;2;7.9;0
Vitry-le-Croisé;48.15;4.65;22/09/2026;06:00;10.2;0;SOLEIL;2;7.9;0
Vitry-le-Croisé;48.15;4.65;22/09/2026;07:00;10.2;0;SOLEIL;2;7.9;0
Vitry-le-Croisé;48.15;4.65;22/09/2026;08:00;18.4;0;SOLEIL;3;7.6;0
Vitry-le-Croisé;48.15;4.65;22/09/2026;09:00;18.4;0;SOLEIL;3;8.6;0
Vitry-le-Croisé;48.15;4.65;22/09/2026;10:00;18.4;0;SOLEIL;3;19.1;0
Vitry-le-Croisé;48.15;4.65;22/09/2026;11:00;23.6;0;SOLEIL;4;25.6;0
Vitry-le-Croisé;48.15;4.65;22/09/2026;12:00;23.6;0;SOLEIL;4;27.7;0
Vitry-le-Croisé;48.15;4.65;22/09/2026;13:00;23.6;0;SOLEIL;4;31.3;0
Vitry-le-Croisé;48.15;4.65;22/09/2026;14:00;25.4;0;SOLEIL;4;32.0;0
Vitry-le-Croisé;48.15;4.65;22/09/2026;15:00;25.4;0;SOLEIL;4;33.5;0
Vitry-le-Croisé;48.15;4.65;22/09/2026;16:00;25.4;0;SOLEIL;4;33.5;0
Vitry-le-Croisé;48.15;4.65;22/09/2026;17:00;22.2;0;SOLEIL;3;33.8;0
Vitry-le-Croisé;48.15;4.65;22/09/2026;18:00;22.2;0;SOLEIL;3;34.2;0
Vitry-le-Croisé;48.15;4.65;22/09/2026;19:00;22.2;0;SOLEIL;3;32.4;0
Vitry-le-Croisé;48.15;4.65;22/09/2026;20:00;16.5;0;SOLEIL;3;26.3;0
Vitry-le-Croisé;48.15;4.65;22/09/2026;21:00;16.5;0;SOLEIL;3;14.8;0
Vitry-le-Croisé;48.15;4.65;22/09/2026;22:00;16.5;0;SOLEIL;3;13.0;0
Vitry-le-Croisé;48.15;4.65;22/09/2026;23:00;14.1;0;SOLEIL;2;12.2;0
Vitry-le-Croisé;48.15;4.65;23/09/2026;00:00;14.1;0;SOLEIL;2;10.4;0
Vitry-le-Croisé;48.15;4.65;23/09/2026;01:00;14.1;0;SOLEIL;2;9.0;0
Vitry-le-Croisé;48.15;4.65;23/09/2026;02:00;11.6;0;SOLEIL;2;9.4;0
Vitry-le-Croisé;48.15;4.65;23/09/2026;03:00;11.6;0;SOLEIL;2;9.4;0
Vitry-le-Croisé;48.15;4.65;23/09/2026;04:00;11.6;0;SOLEIL;2;6.8;0
Vitry-le-Croisé;48.15;4.65;23/09/2026;05:00;10.7;0;SOLEIL;2;6.8;0
Vitry-le-Croisé;48.15;4.65;23/09/2026;06:00;10.7;0;SOLEIL;2;6.1;0
Vitry-le-Croisé;48.15;4.65;23/09/2026;07:00;10.7;0;SOLEIL;2;6.5;0
Vitry-le-Croisé;48.15;4.65;23/09/2026;08:00;19.6;0;SOLEIL;2;6.5;0
Vitry-le-Croisé;48.15;4.65;23/09/2026;09:00;19.6;0;SOLEIL;2;8.6;0
Vitry-le-Croisé;48.15;4.65;23/09/2026;10:00;19.6;0;SOLEIL;2;11.5;0
Vitry-le-Croisé;48.15;4.65;23/09/2026;11:00;25.2;0;SOLEIL;0;13.3;0
Vitry-le-Croisé;48.15;4.65;23/09/2026;12:00;25.2;0;SOLEIL;0;13.0;0
Vitry-le-Croisé;48.15;4.65;23/09/2026;13:00;25.2;0;SOLEIL;0;11.5;0
Vitry-le-Croisé;48.15;4.65;23/09/2026;14:00;27.2;5;SOLEIL VOILÉ;2;10.1;0
Vitry-le-Croisé;48.15;4.65;23/09/2026;15:00;27.2;5;SOLEIL VOILÉ;2;9.4;0
Vitry-le-Croisé;48.15;4.65;23/09/2026;16:00;27.2;5;SOLEIL VOILÉ;2;8.6;0
Vitry-le-Croisé;48.15;4.65;23/09/2026;17:00;23.1;5;SOLEIL VOILÉ;2;8.3;0
Vitry-le-Croisé;48.15;4.65;23/09/2026;18:00;23.1;5;SOLEIL VOILÉ;2;9.0;0
Vitry-le-Croisé;48.15;4.65;23/09/2026;19:00;23.1;5;SOLEIL VOILÉ;2;10.4;0
Vitry-le-Croisé;48.15;4.65;23/09/2026;20:00;18.0;0;SOLEIL;5;11.2;0
Vitry-le-Croisé;48.15;4.65;23/09/2026;21:00;16.0;0;SOLEIL;5;10.4;0
Vitry-le-Croisé;48.15;4.65;23/09/2026;22:00;14.0;0;SOLEIL;5;9.4;0
Vitry-le-Croisé;48.15;4.65;23/09/2026;23:00;13.6;0;SOLEIL;4;9.7;0
Vitry-le-Croisé;48.15;4.65;24/09/2026;00:00;13.6;0;SOLEIL;4;13.7;0
Vitry-le-Croisé;48.15;4.65;24/09/2026;01:00;13.6;0;SOLEIL;4;19.4;0
Vitry-le-Croisé;48.15;4.65;24/09/2026;02:00;11.6;2;NUAGEUX;5;23.4;0
Vitry-le-Croisé;48.15;4.65;24/09/2026;03:00;11.6;2;NUAGEUX;5;23.4;0
Vitry-le-Croisé;48.15;4.65;24/09/2026;04:00;11.6;2;NUAGEUX;5;22.0;0
Vitry-le-Croisé;48.15;4.65;24/09/2026;05:00;12.6;2;NUAGEUX;3;20.5;0
Vitry-le-Croisé;48.15;4.65;24/09/2026;06:00;12.6;2;NUAGEUX;3;20.2;0
Vitry-le-Croisé;48.15;4.65;24/09/2026;07:00;12.6;2;NUAGEUX;3;20.2;0
Vitry-le-Croisé;48.15;4.65;24/09/2026;08:00;14.2;2;NUAGEUX;5;20.9;0
Vitry-le-Croisé;48.15;4.65;24/09/2026;09:00;15.6;2;NUAGEUX;5;22.7;0
Vitry-le-Croisé;48.15;4.65;24/09/2026;10:00;16.9;2;NUAGEUX;5;25.2;0
Vitry-le-Croisé;48.15;4.65;24/09/2026;11:00;21.9;2;NUAGEUX;3;26.6;0
Vitry-le-Croisé;48.15;4.65;24/09/2026;12:00;21.9;2;NUAGEUX;3;25.6;0
Vitry-le-Croisé;48.15;4.65;24/09/2026;13:00;21.9;2;NUAGEUX;3;23.0;0
Vitry-le-Croisé;48.15;4.65;24/09/2026;14:00;22.2;2;NUAGEUX;5;20.9;0
Vitry-le-Croisé;48.15;4.65;24/09/2026;15:00;23.5;2;NUAGEUX;5;20.5;0
Vitry-le-Croisé;48.15;4.65;24/09/2026;16:00;22.2;2;NUAGEUX;5;20.5;0
Vitry-le-Croisé;48.15;4.65;24/09/2026;17:00;20.5;0;SOLEIL;2;19.4;0
Vitry-le-Croisé;48.15;4.65;24/09/2026;18:00;20.5;0;SOLEIL;2;16.2;0
Vitry-le-Croisé;48.15;4.65;24/09/2026;19:00;20.5;0;SOLEIL;2;11.9;0
Vitry-le-Croisé;48.15;4.65;24/09/2026;20:00;16.9;2;NUAGEUX;5;8.6;0
Vitry-le-Croisé;48.15;4.65;24/09/2026;21:00;15.6;2;NUAGEUX;5;7.2;0
Vitry-le-Croisé;48.15;4.65;24/09/2026;22:00;14.2;2;NUAGEUX;5;6.8;0
Vitry-le-Croisé;48.15;4.65;24/09/2026;23:00;12.9;0;SOLEIL;2;6.1;0
Vitry-le-Croisé;48.15;4.65;25/09/2026;00:00;12.9;0;SOLEIL;2;4.5;0
Vitry-le-Croisé;48.15;4.65;25/09/2026;01:00;12.9;0;SOLEIL;2;3.2;0
Vitry-le-Croisé;48.15;4.65;25/09/2026;02:00;9.6;0;SOLEIL;5;2.7;0
Vitry-le-Croisé;48.15;4.65;25/09/2026;03:00;9.6;0;SOLEIL;5;2.5;0
Vitry-le-Croisé;48.15;4.65;25/09/2026;04:00;9.6;0;SOLEIL;5;2.9;0
Vitry-le-Croisé;48.15;4.65;25/09/2026;05:00;10.7;0;SOLEIL;2;2.9;0
Vitry-le-Croisé;48.15;4.65;25/09/2026;06:00;10.7;0;SOLEIL;2;2.2;0
Vitry-le-Croisé;48.15;4.65;25/09/2026;07:00;10.7;0;SOLEIL;2;1.4;0
Vitry-le-Croisé;48.15;4.65;25/09/2026;08:00;12.7;0;SOLEIL;5;1.4;0
Vitry-le-Croisé;48.15;4.65;25/09/2026;09:00;14.3;0;SOLEIL;5;3.6;0
Vitry-le-Croisé;48.15;4.65;25/09/2026;10:00;15.9;0;SOLEIL;5;6.8;0
Vitry-le-Croisé;48.15;4.65;25/09/2026;11:00;22.6;0;SOLEIL;3;9.7;0
Vitry-le-Croisé;48.15;4.65;25/09/2026;12:00;22.6;0;SOLEIL;3;11.5;0
Vitry-le-Croisé;48.15;4.65;25/09/2026;13:00;22.6;0;SOLEIL;3;12.6;0
Vitry-le-Croisé;48.15;4.65;25/09/2026;14:00;22.1;0;SOLEIL;5;13.3;0
Vitry-le-Croisé;48.15;4.65;25/09/2026;15:00;23.7;0;SOLEIL;5;13.7;0
Vitry-le-Croisé;48.15;4.65;25/09/2026;16:00;22.1;0;SOLEIL;5;14.0;0
Vitry-le-Croisé;48.15;4.65;25/09/2026;17:00;21.7;0;SOLEIL;2;13.7;0
Vitry-le-Croisé;48.15;4.65;25/09/2026;18:00;21.7;0;SOLEIL;2;13.3;0
Vitry-le-Croisé;48.15;4.65;25/09/2026;19:00;21.7;0;SOLEIL;2;12.6;0
Vitry-le-Croisé;48.15;4.65;25/09/2026;20:00;15.9;0;SOLEIL;5;11.5;0
Vitry-le-Croisé;48.15;4.65;25/09/2026;21:00;14.3;0;SOLEIL;5;9.4;0
Vitry-le-Croisé;48.15;4.65;25/09/2026;22:00;12.7;0;SOLEIL;5;6.8;0
Vitry-le-Croisé;48.15;4.65;25/09/2026;23:00;12.7;0;SOLEIL;2;4.7;0
Châlons-en-Champagne;48.95;4.36;21/09/2026;00:00;13.9;5;SOLEIL VOILÉ;2;18.4;0
Châlons-en-Champagne;48.95;4.36;21/09/2026;01:00;12.7;5;SOLEIL VOILÉ;2;17.6;0
Châlons-en-Champagne;48.95;4.36;21/09/2026;02:00;12.2;5;SOLEIL VOILÉ;2;18.0;0
Châlons-en-Champagne;48.95;4.36;21/09/2026;03:00;11.2;5;SOLEIL VOILÉ;2;14.4;0
Châlons-en-Champagne;48.95;4.36;21/09/2026;04:00;10.6;5;SOLEIL VOILÉ;2;14.0;0
Châlons-en-Champagne;48.95;4.36;21/09/2026;05:00;10.5;5;SOLEIL VOILÉ;2;11.5;0
Châlons-en-Champagne;48.95;4.36;21/09/2026;06:00;10.6;5;SOLEIL VOILÉ;2;11.2;0
Châlons-en-Champagne;48.95;4.36;21/09/2026;07:00;12.9;5;SOLEIL VOILÉ;2;9.7;0
Châlons-en-Champagne;48.95;4.36;21/09/2026;08:00;15.1;5;SOLEIL VOILÉ;2;10.1;0
Châlons-en-Champagne;48.95;4.36;21/09/2026;09:00;17;5;SOLEIL VOILÉ;3;11.9;0
Châlons-en-Champagne;48.95;4.36;21/09/2026;10:00;18.4;5;SOLEIL VOILÉ;3;22.3;0
Châlons-en-Champagne;48.95;4.36;21/09/2026;11:00;19.1;5;SOLEIL VOILÉ;3;24.1;0
Châlons-en-Champagne;48.95;4.36;21/09/2026;12:00;20.6;5;SOLEIL VOILÉ;3;25.9;0
Châlons-en-Champagne;48.95;4.36;21/09/2026;13:00;21.6;5;SOLEIL VOILÉ;3;26.6;0
Châlons-en-Champagne;48.95;4.36;21/09/2026;14:00;21.7;5;SOLEIL VOILÉ;3;25.9;0
Châlons-en-Champagne;48.95;4.36;21/09/2026;15:00;21.5;5;SOLEIL VOILÉ;4;27.4;0
Châlons-en-Champagne;48.95;4.36;21/09/2026;16:00;20.6;5;SOLEIL VOILÉ;4;27.7;0
Châlons-en-Champagne;48.95;4.36;21/09/2026;17:00;19.2;5;SOLEIL VOILÉ;3;31.0;0
Châlons-en-Champagne;48.95;4.36;21/09/2026;18:00;17.2;0;SOLEIL;3;31.3;0
Châlons-en-Champagne;48.95;4.36;21/09/2026;19:00;15.6;0;SOLEIL;3;31.3;0
Châlons-en-Champagne;48.95;4.36;21/09/2026;20:00;14.2;0;SOLEIL;3;28.1;0
Châlons-en-Champagne;48.95;4.36;21/09/2026;21:00;13.1;0;SOLEIL;3;20.5;0
Châlons-en-Champagne;48.95;4.36;21/09/2026;22:00;12.1;0;SOLEIL;3;13.3;0
Châlons-en-Champagne;48.95;4.36;21/09/2026;23:00;11.4;0;SOLEIL;3;10.8;0
Châlons-en-Champagne;48.95;4.36;22/09/2026;00:00;11;0;SOLEIL;3;9.4;0
Châlons-en-Champagne;48.95;4.36;22/09/2026;01:00;11;0;SOLEIL;3;8.6;0
Châlons-en-Champagne;48.95;4.36;22/09/2026;02:00;9.1;0;SOLEIL;2;8.3;0
Châlons-en-Champagne;48.95;4.36;22/09/2026;03:00;9.1;0;SOLEIL;2;9.5;0
Châlons-en-Champagne;48.95;4.36;22/09/2026;04:00;9.1;0;SOLEIL;2;11.7;0
Châlons-en-Champagne;48.95;4.36;22/09/2026;05:00;9.2;0;SOLEIL;3;12.4;0
Châlons-en-Champagne;48.95;4.36;22/09/2026;06:00;9.2;0;SOLEIL;3;12.2;0
Châlons-en-Champagne;48.95;4.36;22/09/2026;07:00;9.2;0;SOLEIL;3;12.2;0
Châlons-en-Champagne;48.95;4.36;22/09/2026;08:00;18.7;0;SOLEIL;3;12.6;0
Châlons-en-Champagne;48.95;4.36;22/09/2026;09:00;18.7;0;SOLEIL;3;15.8;0
Châlons-en-Champagne;48.95;4.36;22/09/2026;10:00;18.7;0;SOLEIL;3;25.2;0
Châlons-en-Champagne;48.95;4.36;22/09/2026;11:00;23;0;SOLEIL;4;30.6;0
Châlons-en-Champagne;48.95;4.36;22/09/2026;12:00;23;0;SOLEIL;4;33.1;0
Châlons-en-Champagne;48.95;4.36;22/09/2026;13:00;23;0;SOLEIL;4;33.5;0
Châlons-en-Champagne;48.95;4.36;22/09/2026;14:00;24.1;0;SOLEIL;4;33.5;0
Châlons-en-Champagne;48.95;4.36;22/09/2026;15:00;24.1;0;SOLEIL;4;34.9;0
Châlons-en-Champagne;48.95;4.36;22/09/2026;16:00;24.1;0;SOLEIL;4;36.0;0
Châlons-en-Champagne;48.95;4.36;22/09/2026;17:00;19.6;0;SOLEIL;3;36.0;0
Châlons-en-Champagne;48.95;4.36;22/09/2026;18:00;19.6;0;SOLEIL;3;35.6;0
Châlons-en-Champagne;48.95;4.36;22/09/2026;19:00;19.6;0;SOLEIL;3;34.6;0
Châlons-en-Champagne;48.95;4.36;22/09/2026;20:00;14.6;0;SOLEIL;3;28.4;0
Châlons-en-Champagne;48.95;4.36;22/09/2026;21:00;14.6;0;SOLEIL;3;19.4;0
Châlons-en-Champagne;48.95;4.36;22/09/2026;22:00;14.6;0;SOLEIL;3;15.8;0
Châlons-en-Champagne;48.95;4.36;22/09/2026;23:00;12.7;0;SOLEIL;3;15.5;0
Châlons-en-Champagne;48.95;4.36;23/09/2026;00:00;12.7;0;SOLEIL;3;14.8;0
Châlons-en-Champagne;48.95;4.36;23/09/2026;01:00;12.7;0;SOLEIL;3;14.8;0
Châlons-en-Champagne;48.95;4.36;23/09/2026;02:00;10.9;0;SOLEIL;3;14.4;0
Châlons-en-Champagne;48.95;4.36;23/09/2026;03:00;10.9;0;SOLEIL;3;14.0;0
Châlons-en-Champagne;48.95;4.36;23/09/2026;04:00;10.9;0;SOLEIL;3;14.4;0
Châlons-en-Champagne;48.95;4.36;23/09/2026;05:00;10.2;0;SOLEIL;3;14.4;0
Châlons-en-Champagne;48.95;4.36;23/09/2026;06:00;10.2;0;SOLEIL;3;13.0;0
Châlons-en-Champagne;48.95;4.36;23/09/2026;07:00;10.2;0;SOLEIL;3;12.6;0
Châlons-en-Champagne;48.95;4.36;23/09/2026;08:00;19.4;0;SOLEIL;2;11.2;0
Châlons-en-Champagne;48.95;4.36;23/09/2026;09:00;19.4;0;SOLEIL;2;12.6;0
Châlons-en-Champagne;48.95;4.36;23/09/2026;10:00;19.4;0;SOLEIL;2;14.8;0
Châlons-en-Champagne;48.95;4.36;23/09/2026;11:00;24.5;0;SOLEIL;2;16.2;0
Châlons-en-Champagne;48.95;4.36;23/09/2026;12:00;24.5;0;SOLEIL;2;16.2;0
Châlons-en-Champagne;48.95;4.36;23/09/2026;13:00;24.5;0;SOLEIL;2;15.1;0
Châlons-en-Champagne;48.95;4.36;23/09/2026;14:00;26.4;5;SOLEIL VOILÉ;3;14.4;0
Châlons-en-Champagne;48.95;4.36;23/09/2026;15:00;26.4;5;SOLEIL VOILÉ;3;13.7;0
Châlons-en-Champagne;48.95;4.36;23/09/2026;16:00;26.4;5;SOLEIL VOILÉ;3;12.6;0
Châlons-en-Champagne;48.95;4.36;23/09/2026;17:00;21.2;5;SOLEIL VOILÉ;2;13.0;0
Châlons-en-Champagne;48.95;4.36;23/09/2026;18:00;21.2;5;SOLEIL VOILÉ;2;15.8;0
Châlons-en-Champagne;48.95;4.36;23/09/2026;19:00;21.2;5;SOLEIL VOILÉ;2;19.4;0
Châlons-en-Champagne;48.95;4.36;23/09/2026;20:00;17.0;0;SOLEIL;5;21.2;0
Châlons-en-Champagne;48.95;4.36;23/09/2026;21:00;15.1;0;SOLEIL;5;18.4;0
Châlons-en-Champagne;48.95;4.36;23/09/2026;22:00;13.2;0;SOLEIL;5;13.7;0
Châlons-en-Champagne;48.95;4.36;23/09/2026;23:00;13.4;0;SOLEIL;4;11.2;0
Châlons-en-Champagne;48.95;4.36;24/09/2026;00:00;13.4;0;SOLEIL;4;14.0;0
Châlons-en-Champagne;48.95;4.36;24/09/2026;01:00;13.4;0;SOLEIL;4;19.8;0
Châlons-en-Champagne;48.95;4.36;24/09/2026;02:00;9.9;0;SOLEIL;5;23.4;0
Châlons-en-Champagne;48.95;4.36;24/09/2026;03:00;9.9;0;SOLEIL;5;23.0;0
Châlons-en-Champagne;48.95;4.36;24/09/2026;04:00;9.9;0;SOLEIL;5;20.9;0
Châlons-en-Champagne;48.95;4.36;24/09/2026;05:00;10.7;2;NUAGEUX;3;19.4;0
Châlons-en-Champagne;48.95;4.36;24/09/2026;06:00;10.7;2;NUAGEUX;3;20.2;0
Châlons-en-Champagne;48.95;4.36;24/09/2026;07:00;10.7;2;NUAGEUX;3;21.2;0
Châlons-en-Champagne;48.95;4.36;24/09/2026;08:00;12.6;0;SOLEIL;5;23.0;0
Châlons-en-Champagne;48.95;4.36;24/09/2026;09:00;14.0;0;SOLEIL;5;25.2;0
Châlons-en-Champagne;48.95;4.36;24/09/2026;10:00;15.3;0;SOLEIL;5;27.4;0
Châlons-en-Champagne;48.95;4.36;24/09/2026;11:00;20.5;0;SOLEIL;3;28.8;0
Châlons-en-Champagne;48.95;4.36;24/09/2026;12:00;20.5;0;SOLEIL;3;28.1;0
Châlons-en-Champagne;48.95;4.36;24/09/2026;13:00;20.5;0;SOLEIL;3;26.6;0
Châlons-en-Champagne;48.95;4.36;24/09/2026;14:00;20.7;0;SOLEIL;5;25.6;0
Châlons-en-Champagne;48.95;4.36;24/09/2026;15:00;22.1;0;SOLEIL;5;25.9;0
Châlons-en-Champagne;48.95;4.36;24/09/2026;16:00;20.7;0;SOLEIL;5;26.6;0
Châlons-en-Champagne;48.95;4.36;24/09/2026;17:00;17.1;0;SOLEIL;2;26.3;0
Châlons-en-Champagne;48.95;4.36;24/09/2026;18:00;17.1;0;SOLEIL;2;23.8;0
Châlons-en-Champagne;48.95;4.36;24/09/2026;19:00;17.1;0;SOLEIL;2;20.2;0
Châlons-en-Champagne;48.95;4.36;24/09/2026;20:00;15.3;0;SOLEIL;5;16.6;0
Châlons-en-Champagne;48.95;4.36;24/09/2026;21:00;14.0;0;SOLEIL;5;12.6;0
Châlons-en-Champagne;48.95;4.36;24/09/2026;22:00;12.6;0;SOLEIL;5;8.6;0
Châlons-en-Champagne;48.95;4.36;24/09/2026;23:00;11.5;0;SOLEIL;3;5.8;0
Châlons-en-Champagne;48.95;4.36;25/09/2026;00:00;11.5;0;SOLEIL;3;4.6;0
Châlons-en-Champagne;48.95;4.36;25/09/2026;01:00;11.5;0;SOLEIL;3;4.1;0
Châlons-en-Champagne;48.95;4.36;25/09/2026;02:00;8.6;0;SOLEIL;5;3.9;0
Châlons-en-Champagne;48.95;4.36;25/09/2026;03:00;8.6;0;SOLEIL;5;4.3;0
Châlons-en-Champagne;48.95;4.36;25/09/2026;04:00;8.6;0;SOLEIL;5;5.4;0
Châlons-en-Champagne;48.95;4.36;25/09/2026;05:00;9.6;0;SOLEIL;3;6.1;0
Châlons-en-Champagne;48.95;4.36;25/09/2026;06:00;9.6;0;SOLEIL;3;6.1;0
Châlons-en-Champagne;48.95;4.36;25/09/2026;07:00;9.6;0;SOLEIL;3;6.1;0
Châlons-en-Champagne;48.95;4.36;25/09/2026;08:00;11.8;0;SOLEIL;5;6.5;0
Châlons-en-Champagne;48.95;4.36;25/09/2026;09:00;13.4;0;SOLEIL;5;7.6;0
Châlons-en-Champagne;48.95;4.36;25/09/2026;10:00;15.0;0;SOLEIL;5;8.6;0
Châlons-en-Champagne;48.95;4.36;25/09/2026;11:00;22.4;0;SOLEIL;3;10.1;0
Châlons-en-Champagne;48.95;4.36;25/09/2026;12:00;22.4;0;SOLEIL;3;11.2;0
Châlons-en-Champagne;48.95;4.36;25/09/2026;13:00;22.4;0;SOLEIL;3;12.6;0
Châlons-en-Champagne;48.95;4.36;25/09/2026;14:00;21.5;0;SOLEIL;5;13.7;0
Châlons-en-Champagne;48.95;4.36;25/09/2026;15:00;23.1;0;SOLEIL;5;14.8;0
Châlons-en-Champagne;48.95;4.36;25/09/2026;16:00;21.5;0;SOLEIL;5;15.8;0
Châlons-en-Champagne;48.95;4.36;25/09/2026;17:00;19.2;0;SOLEIL;2;16.9;0
Châlons-en-Champagne;48.95;4.36;25/09/2026;18:00;19.2;0;SOLEIL;2;18.0;0
Châlons-en-Champagne;48.95;4.36;25/09/2026;19:00;19.2;0;SOLEIL;2;18.7;0
Châlons-en-Champagne;48.95;4.36;25/09/2026;20:00;15.0;0;SOLEIL;5;18.0;0
Châlons-en-Champagne;48.95;4.36;25/09/2026;21:00;13.4;0;SOLEIL;5;14.0;0
Châlons-en-Champagne;48.95;4.36;25/09/2026;22:00;11.8;0;SOLEIL;5;8.6;0
Châlons-en-Champagne;48.95;4.36;25/09/2026;23:00;12.4;0;SOLEIL;3;4.7;0
Épernay;49.04;3.95;21/09/2026;00:00;13.6;5;SOLEIL VOILÉ;2;14.4;0
Épernay;49.04;3.95;21/09/2026;01:00;12.6;5;SOLEIL VOILÉ;2;14.4;0
Épernay;49.04;3.95;21/09/2026;02:00;11.5;5;SOLEIL VOILÉ;2;14.0;0
Épernay;49.04;3.95;21/09/2026;03:00;11.1;5;SOLEIL VOILÉ;1;11.2;0
Épernay;49.04;3.95;21/09/2026;04:00;10.5;5;SOLEIL VOILÉ;1;9.4;0
Épernay;49.04;3.95;21/09/2026;05:00;9.7;5;SOLEIL VOILÉ;2;8.6;0
Épernay;49.04;3.95;21/09/2026;06:00;9;5;SOLEIL VOILÉ;2;7.6;0
Épernay;49.04;3.95;21/09/2026;07:00;11.6;5;SOLEIL VOILÉ;1;6.5;0
Épernay;49.04;3.95;21/09/2026;08:00;13.7;5;SOLEIL VOILÉ;2;6.5;0
Épernay;49.04;3.95;21/09/2026;09:00;16.4;5;SOLEIL VOILÉ;2;6.1;0
Épernay;49.04;3.95;21/09/2026;10:00;18;5;SOLEIL VOILÉ;3;11.9;0
Épernay;49.04;3.95;21/09/2026;11:00;19.7;5;SOLEIL VOILÉ;3;18.4;0
Épernay;49.04;3.95;21/09/2026;12:00;20.5;5;SOLEIL VOILÉ;3;23.8;0
Épernay;49.04;3.95;21/09/2026;13:00;21.1;5;SOLEIL VOILÉ;3;26.6;0
Épernay;49.04;3.95;21/09/2026;14:00;21.9;5;SOLEIL VOILÉ;3;26.3;0
Épernay;49.04;3.95;21/09/2026;15:00;22.2;5;SOLEIL VOILÉ;4;25.2;0
Épernay;49.04;3.95;21/09/2026;16:00;22;5;SOLEIL VOILÉ;4;26.3;0
Épernay;49.04;3.95;21/09/2026;17:00;21;0;SOLEIL;3;28.1;0
Épernay;49.04;3.95;21/09/2026;18:00;19.9;0;SOLEIL;2;27.4;0
Épernay;49.04;3.95;21/09/2026;19:00;17.6;0;SOLEIL;2;25.6;0
Épernay;49.04;3.95;21/09/2026;20:00;16.1;0;SOLEIL;3;21.2;0
Épernay;49.04;3.95;21/09/2026;21:00;15.2;0;SOLEIL;3;13.3;0
Épernay;49.04;3.95;21/09/2026;22:00;14.1;0;SOLEIL;3;12.6;0
Épernay;49.04;3.95;21/09/2026;23:00;13.4;0;SOLEIL;3;12.6;0
Épernay;49.04;3.95;22/09/2026;00:00;12.6;0;SOLEIL;2;10.4;0
Épernay;49.04;3.95;22/09/2026;01:00;12.6;0;SOLEIL;2;10.1;0
Épernay;49.04;3.95;22/09/2026;02:00;9.6;0;SOLEIL;2;6.8;0
Épernay;49.04;3.95;22/09/2026;03:00;9.6;0;SOLEIL;2;7.0;0
Épernay;49.04;3.95;22/09/2026;04:00;9.6;0;SOLEIL;2;6.8;0
Épernay;49.04;3.95;22/09/2026;05:00;9.2;0;SOLEIL;2;6.7;0
Épernay;49.04;3.95;22/09/2026;06:00;9.2;0;SOLEIL;2;6.1;0
Épernay;49.04;3.95;22/09/2026;07:00;9.2;0;SOLEIL;2;5.0;0
Épernay;49.04;3.95;22/09/2026;08:00;18.1;0;SOLEIL;2;5.0;0
Épernay;49.04;3.95;22/09/2026;09:00;18.1;0;SOLEIL;2;5.4;0
Épernay;49.04;3.95;22/09/2026;10:00;18.1;0;SOLEIL;2;11.5;0
Épernay;49.04;3.95;22/09/2026;11:00;22.6;0;SOLEIL;3;16.2;0
Épernay;49.04;3.95;22/09/2026;12:00;22.6;0;SOLEIL;3;17.3;0
Épernay;49.04;3.95;22/09/2026;13:00;22.6;0;SOLEIL;3;20.2;0
Épernay;49.04;3.95;22/09/2026;14:00;24.9;0;SOLEIL;4;20.5;0
Épernay;49.04;3.95;22/09/2026;15:00;24.9;0;SOLEIL;4;22.7;0
Épernay;49.04;3.95;22/09/2026;16:00;24.9;0;SOLEIL;4;25.6;0
Épernay;49.04;3.95;22/09/2026;17:00;21.1;0;SOLEIL;3;26.6;0
Épernay;49.04;3.95;22/09/2026;18:00;21.1;0;SOLEIL;3;26.6;0
Épernay;49.04;3.95;22/09/2026;19:00;21.1;0;SOLEIL;3;25.2;0
Épernay;49.04;3.95;22/09/2026;20:00;16.5;0;SOLEIL;3;16.6;0
Épernay;49.04;3.95;22/09/2026;21:00;16.5;0;SOLEIL;3;14.8;0
Épernay;49.04;3.95;22/09/2026;22:00;16.5;0;SOLEIL;3;18.7;0
Épernay;49.04;3.95;22/09/2026;23:00;14.4;0;SOLEIL;2;18.4;0
Épernay;49.04;3.95;23/09/2026;00:00;14.4;0;SOLEIL;2;16.9;0
Épernay;49.04;3.95;23/09/2026;01:00;14.4;0;SOLEIL;2;14.4;0
Épernay;49.04;3.95;23/09/2026;02:00;11.6;0;SOLEIL;2;14.4;0
Épernay;49.04;3.95;23/09/2026;03:00;11.6;0;SOLEIL;2;14.0;0
Épernay;49.04;3.95;23/09/2026;04:00;11.6;0;SOLEIL;2;10.8;0
Épernay;49.04;3.95;23/09/2026;05:00;10.4;0;SOLEIL;2;8.3;0
Épernay;49.04;3.95;23/09/2026;06:00;10.4;0;SOLEIL;2;7.9;0
Épernay;49.04;3.95;23/09/2026;07:00;10.4;0;SOLEIL;2;8.3;0
Épernay;49.04;3.95;23/09/2026;08:00;18.5;0;SOLEIL;2;7.9;0
Épernay;49.04;3.95;23/09/2026;09:00;18.5;0;SOLEIL;2;11.5;0
Épernay;49.04;3.95;23/09/2026;10:00;18.5;0;SOLEIL;2;16.6;0
Épernay;49.04;3.95;23/09/2026;11:00;23.4;0;SOLEIL;1;19.8;0
Épernay;49.04;3.95;23/09/2026;12:00;23.4;0;SOLEIL;1;19.8;0
Épernay;49.04;3.95;23/09/2026;13:00;23.4;0;SOLEIL;1;18.0;0
Épernay;49.04;3.95;23/09/2026;14:00;25.6;5;SOLEIL VOILÉ;2;15.5;0
Épernay;49.04;3.95;23/09/2026;15:00;25.6;5;SOLEIL VOILÉ;2;12.6;0
Épernay;49.04;3.95;23/09/2026;16:00;25.6;5;SOLEIL VOILÉ;2;9.0;0
Épernay;49.04;3.95;23/09/2026;17:00;21.1;0;SOLEIL;2;6.8;0
Épernay;49.04;3.95;23/09/2026;18:00;21.1;0;SOLEIL;2;6.8;0
Épernay;49.04;3.95;23/09/2026;19:00;21.1;0;SOLEIL;2;7.9;0
Épernay;49.04;3.95;23/09/2026;20:00;17.2;0;SOLEIL;5;9.4;0
Épernay;49.04;3.95;23/09/2026;21:00;15.3;0;SOLEIL;5;11.2;0
Épernay;49.04;3.95;23/09/2026;22:00;13.4;0;SOLEIL;5;13.0;0
Épernay;49.04;3.95;23/09/2026;23:00;14.6;0;SOLEIL;5;15.1;0
Épernay;49.04;3.95;24/09/2026;00:00;14.6;0;SOLEIL;5;17.6;0
Épernay;49.04;3.95;24/09/2026;01:00;14.6;0;SOLEIL;5;20.5;0
Épernay;49.04;3.95;24/09/2026;02:00;11.2;0;SOLEIL;5;22.3;0
Épernay;49.04;3.95;24/09/2026;03:00;11.2;0;SOLEIL;5;22.7;0
Épernay;49.04;3.95;24/09/2026;04:00;11.2;0;SOLEIL;5;22.3;0
Épernay;49.04;3.95;24/09/2026;05:00;12.1;2;NUAGEUX;3;22.0;0
Épernay;49.04;3.95;24/09/2026;06:00;12.1;2;NUAGEUX;3;20.9;0
Épernay;49.04;3.95;24/09/2026;07:00;12.1;2;NUAGEUX;3;19.4;0
Épernay;49.04;3.95;24/09/2026;08:00;13.8;0;SOLEIL;5;19.8;0
Épernay;49.04;3.95;24/09/2026;09:00;15.2;0;SOLEIL;5;23.0;0
Épernay;49.04;3.95;24/09/2026;10:00;16.5;0;SOLEIL;5;27.4;0
Épernay;49.04;3.95;24/09/2026;11:00;21.7;0;SOLEIL;3;31.0;0
Épernay;49.04;3.95;24/09/2026;12:00;21.7;0;SOLEIL;3;32.4;0
Épernay;49.04;3.95;24/09/2026;13:00;21.7;0;SOLEIL;3;32.4;0
Épernay;49.04;3.95;24/09/2026;14:00;21.8;0;SOLEIL;5;31.7;0
Épernay;49.04;3.95;24/09/2026;15:00;23.1;0;SOLEIL;5;30.2;0
Épernay;49.04;3.95;24/09/2026;16:00;21.8;0;SOLEIL;5;28.4;0
Épernay;49.04;3.95;24/09/2026;17:00;18.6;0;SOLEIL;2;25.6;0
Épernay;49.04;3.95;24/09/2026;18:00;18.6;0;SOLEIL;2;21.6;0
Épernay;49.04;3.95;24/09/2026;19:00;18.6;0;SOLEIL;2;16.9;0
Épernay;49.04;3.95;24/09/2026;20:00;16.5;0;SOLEIL;5;12.6;0
Épernay;49.04;3.95;24/09/2026;21:00;15.2;0;SOLEIL;5;9.7;0
Épernay;49.04;3.95;24/09/2026;22:00;13.8;0;SOLEIL;5;7.2;0
Épernay;49.04;3.95;24/09/2026;23:00;12.6;0;SOLEIL;2;5.4;0
Épernay;49.04;3.95;25/09/2026;00:00;12.6;0;SOLEIL;2;4.7;0
Épernay;49.04;3.95;25/09/2026;01:00;12.6;0;SOLEIL;2;4.7;0
Épernay;49.04;3.95;25/09/2026;02:00;9.6;0;SOLEIL;5;4.9;0
Épernay;49.04;3.95;25/09/2026;03:00;9.6;0;SOLEIL;5;5.0;0
Épernay;49.04;3.95;25/09/2026;04:00;9.6;0;SOLEIL;5;5.0;0
Épernay;49.04;3.95;25/09/2026;05:00;10.6;0;SOLEIL;2;5.0;0
Épernay;49.04;3.95;25/09/2026;06:00;10.6;0;SOLEIL;2;5.0;0
Épernay;49.04;3.95;25/09/2026;07:00;10.6;0;SOLEIL;2;5.0;0
Épernay;49.04;3.95;25/09/2026;08:00;12.7;0;SOLEIL;5;5.4;0
Épernay;49.04;3.95;25/09/2026;09:00;14.3;0;SOLEIL;5;5.8;0
Épernay;49.04;3.95;25/09/2026;10:00;15.8;0;SOLEIL;5;6.5;0
Épernay;49.04;3.95;25/09/2026;11:00;22.6;0;SOLEIL;3;6.5;0
Épernay;49.04;3.95;25/09/2026;12:00;22.6;0;SOLEIL;3;5.8;0
Épernay;49.04;3.95;25/09/2026;13:00;22.6;0;SOLEIL;3;4.7;0
Épernay;49.04;3.95;25/09/2026;14:00;22.0;0;SOLEIL;5;4.3;0
Épernay;49.04;3.95;25/09/2026;15:00;23.6;0;SOLEIL;5;5.8;0
Épernay;49.04;3.95;25/09/2026;16:00;22.0;0;SOLEIL;5;7.9;0
Épernay;49.04;3.95;25/09/2026;17:00;20.4;0;SOLEIL;2;9.0;0
Épernay;49.04;3.95;25/09/2026;18:00;20.4;0;SOLEIL;2;7.9;0
Épernay;49.04;3.95;25/09/2026;19:00;20.4;0;SOLEIL;2;5.8;0
Épernay;49.04;3.95;25/09/2026;20:00;15.8;0;SOLEIL;5;4.3;0
Épernay;49.04;3.95;25/09/2026;21:00;14.3;0;SOLEIL;5;4.3;0
Épernay;49.04;3.95;25/09/2026;22:00;12.7;0;SOLEIL;5;5.0;0
Épernay;49.04;3.95;25/09/2026;23:00;12.4;0;SOLEIL;2;5.8;0
Reims;49.25;4.03;21/09/2026;00:00;14.1;5;SOLEIL VOILÉ;1;9.0;0
Reims;49.25;4.03;21/09/2026;01:00;14.1;5;SOLEIL VOILÉ;1;6.8;0
Reims;49.25;4.03;21/09/2026;02:00;13.2;5;SOLEIL VOILÉ;1;4.0;0
Reims;49.25;4.03;21/09/2026;03:00;11.9;5;SOLEIL VOILÉ;1;6.1;0
Reims;49.25;4.03;21/09/2026;04:00;12.6;5;SOLEIL VOILÉ;1;7.2;0
Reims;49.25;4.03;21/09/2026;05:00;11.1;5;SOLEIL VOILÉ;1;5.8;0
Reims;49.25;4.03;21/09/2026;06:00;10.6;5;SOLEIL VOILÉ;2;7.6;0
Reims;49.25;4.03;21/09/2026;07:00;12.9;5;SOLEIL VOILÉ;1;6.8;0
Reims;49.25;4.03;21/09/2026;08:00;15.6;5;SOLEIL VOILÉ;1;7.6;0
Reims;49.25;4.03;21/09/2026;09:00;17.5;5;SOLEIL VOILÉ;2;7.6;0
Reims;49.25;4.03;21/09/2026;10:00;18.6;5;SOLEIL VOILÉ;2;4.3;0
Reims;49.25;4.03;21/09/2026;11:00;20;5;SOLEIL VOILÉ;3;9.0;0
Reims;49.25;4.03;21/09/2026;12:00;21.2;5;SOLEIL VOILÉ;3;24.5;0
Reims;49.25;4.03;21/09/2026;13:00;22.1;5;SOLEIL VOILÉ;3;24.5;0
Reims;49.25;4.03;21/09/2026;14:00;22.6;5;SOLEIL VOILÉ;3;24.8;0
Reims;49.25;4.03;21/09/2026;15:00;22.1;5;SOLEIL VOILÉ;3;24.1;0
Reims;49.25;4.03;21/09/2026;16:00;21.1;0;SOLEIL;3;24.1;0
Reims;49.25;4.03;21/09/2026;17:00;19.6;0;SOLEIL;3;25.6;0
Reims;49.25;4.03;21/09/2026;18:00;18.2;0;SOLEIL;2;25.2;0
Reims;49.25;4.03;21/09/2026;19:00;16.5;0;SOLEIL;2;22.3;0
Reims;49.25;4.03;21/09/2026;20:00;15.6;0;SOLEIL;3;19.1;0
Reims;49.25;4.03;21/09/2026;21:00;15;0;SOLEIL;3;10.4;0
Reims;49.25;4.03;21/09/2026;22:00;14.6;0;SOLEIL;3;10.8;0
Reims;49.25;4.03;21/09/2026;23:00;13.7;0;SOLEIL;2;10.8;0
Reims;49.25;4.03;22/09/2026;00:00;13;0;SOLEIL;2;7.6;0
Reims;49.25;4.03;22/09/2026;01:00;13;0;SOLEIL;2;6.8;0
Reims;49.25;4.03;22/09/2026;02:00;11.5;0;SOLEIL;2;6.5;0
Reims;49.25;4.03;22/09/2026;03:00;11.5;0;SOLEIL;2;9.5;0
Reims;49.25;4.03;22/09/2026;04:00;11.5;0;SOLEIL;2;10.6;0
Reims;49.25;4.03;22/09/2026;05:00;10.5;0;SOLEIL;2;12.6;0
Reims;49.25;4.03;22/09/2026;06:00;10.5;0;SOLEIL;2;14.0;0
Reims;49.25;4.03;22/09/2026;07:00;10.5;0;SOLEIL;2;13.3;0
Reims;49.25;4.03;22/09/2026;08:00;18.9;0;SOLEIL;2;16.6;0
Reims;49.25;4.03;22/09/2026;09:00;18.9;0;SOLEIL;2;15.1;0
Reims;49.25;4.03;22/09/2026;10:00;18.9;0;SOLEIL;2;13.3;0
Reims;49.25;4.03;22/09/2026;11:00;23.5;0;SOLEIL;3;14.8;0
Reims;49.25;4.03;22/09/2026;12:00;23.5;0;SOLEIL;3;17.3;0
Reims;49.25;4.03;22/09/2026;13:00;23.5;0;SOLEIL;3;18.0;0
Reims;49.25;4.03;22/09/2026;14:00;24.9;0;SOLEIL;3;19.1;0
Reims;49.25;4.03;22/09/2026;15:00;24.9;0;SOLEIL;3;22.7;0
Reims;49.25;4.03;22/09/2026;16:00;24.9;0;SOLEIL;3;25.2;0
Reims;49.25;4.03;22/09/2026;17:00;21.5;0;SOLEIL;2;26.6;0
Reims;49.25;4.03;22/09/2026;18:00;21.5;0;SOLEIL;2;26.6;0
Reims;49.25;4.03;22/09/2026;19:00;21.5;0;SOLEIL;2;24.1;0
Reims;49.25;4.03;22/09/2026;20:00;17;0;SOLEIL;3;19.4;0
Reims;49.25;4.03;22/09/2026;21:00;17;0;SOLEIL;3;20.9;0
Reims;49.25;4.03;22/09/2026;22:00;17;0;SOLEIL;3;21.2;0
Reims;49.25;4.03;22/09/2026;23:00;14.4;0;SOLEIL;2;22.0;0
Reims;49.25;4.03;23/09/2026;00:00;14.4;0;SOLEIL;2;19.4;0
Reims;49.25;4.03;23/09/2026;01:00;14.4;0;SOLEIL;2;18.0;0
Reims;49.25;4.03;23/09/2026;02:00;12.6;0;SOLEIL;2;17.6;0
Reims;49.25;4.03;23/09/2026;03:00;12.6;0;SOLEIL;2;17.3;0
Reims;49.25;4.03;23/09/2026;04:00;12.6;0;SOLEIL;2;16.6;0
Reims;49.25;4.03;23/09/2026;05:00;11.9;0;SOLEIL;2;15.5;0
Reims;49.25;4.03;23/09/2026;06:00;11.9;0;SOLEIL;2;15.5;0
Reims;49.25;4.03;23/09/2026;07:00;11.9;0;SOLEIL;2;14.8;0
Reims;49.25;4.03;23/09/2026;08:00;19.1;0;SOLEIL;2;15.5;0
Reims;49.25;4.03;23/09/2026;09:00;19.1;0;SOLEIL;2;17.3;0
Reims;49.25;4.03;23/09/2026;10:00;19.1;0;SOLEIL;2;19.8;0
Reims;49.25;4.03;23/09/2026;11:00;25.1;0;SOLEIL;2;21.2;0
Reims;49.25;4.03;23/09/2026;12:00;25.1;0;SOLEIL;2;21.2;0
Reims;49.25;4.03;23/09/2026;13:00;25.1;0;SOLEIL;2;20.5;0
Reims;49.25;4.03;23/09/2026;14:00;25.9;5;SOLEIL VOILÉ;3;18.7;0
Reims;49.25;4.03;23/09/2026;15:00;25.9;5;SOLEIL VOILÉ;3;15.5;0
Reims;49.25;4.03;23/09/2026;16:00;25.9;5;SOLEIL VOILÉ;3;11.5;0
Reims;49.25;4.03;23/09/2026;17:00;20.6;5;SOLEIL VOILÉ;3;9.0;0
Reims;49.25;4.03;23/09/2026;18:00;20.6;5;SOLEIL VOILÉ;3;7.9;0
Reims;49.25;4.03;23/09/2026;19:00;20.6;5;SOLEIL VOILÉ;3;7.9;0
Reims;49.25;4.03;23/09/2026;20:00;18.2;0;SOLEIL;5;11.2;0
Reims;49.25;4.03;23/09/2026;21:00;16.4;0;SOLEIL;5;20.2;0
Reims;49.25;4.03;23/09/2026;22:00;14.7;0;SOLEIL;5;32.0;0
Reims;49.25;4.03;23/09/2026;23:00;14.2;0;SOLEIL;4;40.0;0
Reims;49.25;4.03;24/09/2026;00:00;14.2;0;SOLEIL;4;40.7;0
Reims;49.25;4.03;24/09/2026;01:00;14.2;0;SOLEIL;4;37.8;0
Reims;49.25;4.03;24/09/2026;02:00;12.1;2;NUAGEUX;5;34.6;0
Reims;49.25;4.03;24/09/2026;03:00;12.1;2;NUAGEUX;5;31.7;0
Reims;49.25;4.03;24/09/2026;04:00;12.1;2;NUAGEUX;5;28.4;0
Reims;49.25;4.03;24/09/2026;05:00;13.1;2;NUAGEUX;3;26.3;0
Reims;49.25;4.03;24/09/2026;06:00;13.1;2;NUAGEUX;3;25.2;0
Reims;49.25;4.03;24/09/2026;07:00;13.1;2;NUAGEUX;3;25.2;0
Reims;49.25;4.03;24/09/2026;08:00;14.6;2;NUAGEUX;5;25.9;0
Reims;49.25;4.03;24/09/2026;09:00;15.9;2;NUAGEUX;5;28.8;0
Reims;49.25;4.03;24/09/2026;10:00;17.2;2;NUAGEUX;5;32.8;0
Reims;49.25;4.03;24/09/2026;11:00;22.2;0;SOLEIL;3;35.3;0
Reims;49.25;4.03;24/09/2026;12:00;22.2;0;SOLEIL;3;35.3;0
Reims;49.25;4.03;24/09/2026;13:00;22.2;0;SOLEIL;3;33.5;0
Reims;49.25;4.03;24/09/2026;14:00;22.2;2;NUAGEUX;5;31.7;0
Reims;49.25;4.03;24/09/2026;15:00;23.5;2;NUAGEUX;5;30.2;0
Reims;49.25;4.03;24/09/2026;16:00;22.2;2;NUAGEUX;5;28.4;0
Reims;49.25;4.03;24/09/2026;17:00;18.6;0;SOLEIL;2;25.9;0
Reims;49.25;4.03;24/09/2026;18:00;18.6;0;SOLEIL;2;21.6;0
Reims;49.25;4.03;24/09/2026;19:00;18.6;0;SOLEIL;2;16.6;0
Reims;49.25;4.03;24/09/2026;20:00;17.2;2;NUAGEUX;5;13.0;0
Reims;49.25;4.03;24/09/2026;21:00;15.9;2;NUAGEUX;5;12.2;0
Reims;49.25;4.03;24/09/2026;22:00;14.6;2;NUAGEUX;5;13.3;0
Reims;49.25;4.03;24/09/2026;23:00;13.1;2;NUAGEUX;2;14.0;0
Reims;49.25;4.03;25/09/2026;00:00;13.1;2;NUAGEUX;2;12.4;0
Reims;49.25;4.03;25/09/2026;01:00;13.1;2;NUAGEUX;2;10.8;0
Reims;49.25;4.03;25/09/2026;02:00;9.7;0;SOLEIL;5;9.3;0
Reims;49.25;4.03;25/09/2026;03:00;9.7;0;SOLEIL;5;7.9;0
Reims;49.25;4.03;25/09/2026;04:00;9.7;0;SOLEIL;5;7.6;0
Reims;49.25;4.03;25/09/2026;05:00;10.7;0;SOLEIL;2;6.8;0
Reims;49.25;4.03;25/09/2026;06:00;10.7;0;SOLEIL;2;5.0;0
Reims;49.25;4.03;25/09/2026;07:00;10.7;0;SOLEIL;2;3.2;0
Reims;49.25;4.03;25/09/2026;08:00;12.9;0;SOLEIL;5;2.5;0
Reims;49.25;4.03;25/09/2026;09:00;14.5;0;SOLEIL;5;4.3;0
Reims;49.25;4.03;25/09/2026;10:00;16.1;0;SOLEIL;5;7.6;0
Reims;49.25;4.03;25/09/2026;11:00;23.1;0;SOLEIL;2;10.1;0
Reims;49.25;4.03;25/09/2026;12:00;23.1;0;SOLEIL;2;10.4;0
Reims;49.25;4.03;25/09/2026;13:00;23.1;0;SOLEIL;2;10.1;0
Reims;49.25;4.03;25/09/2026;14:00;22.5;0;SOLEIL;5;9.4;0
Reims;49.25;4.03;25/09/2026;15:00;24.1;0;SOLEIL;5;9.0;0
Reims;49.25;4.03;25/09/2026;16:00;22.5;0;SOLEIL;5;8.3;0
Reims;49.25;4.03;25/09/2026;17:00;20.4;0;SOLEIL;2;7.6;0
Reims;49.25;4.03;25/09/2026;18:00;20.4;0;SOLEIL;2;6.8;0
Reims;49.25;4.03;25/09/2026;19:00;20.4;0;SOLEIL;2;5.8;0
Reims;49.25;4.03;25/09/2026;20:00;16.1;0;SOLEIL;5;5.0;0
Reims;49.25;4.03;25/09/2026;21:00;14.5;0;SOLEIL;5;4.7;0
Reims;49.25;4.03;25/09/2026;22:00;12.9;0;SOLEIL;5;4.3;0
Reims;49.25;4.03;25/09/2026;23:00;13.1;0;SOLEIL;2;4.7;0
Vitry-le-François;48.72;4.58;21/09/2026;00:00;11.4;5;SOLEIL VOILÉ;2;12.2;0
Vitry-le-François;48.72;4.58;21/09/2026;01:00;10.9;5;SOLEIL VOILÉ;1;14.0;0
Vitry-le-François;48.72;4.58;21/09/2026;02:00;10.6;5;SOLEIL VOILÉ;1;10.1;0
Vitry-le-François;48.72;4.58;21/09/2026;03:00;10;5;SOLEIL VOILÉ;0;8.3;0
Vitry-le-François;48.72;4.58;21/09/2026;04:00;9.1;5;SOLEIL VOILÉ;1;6.8;0
Vitry-le-François;48.72;4.58;21/09/2026;05:00;9;5;SOLEIL VOILÉ;1;6.1;0
Vitry-le-François;48.72;4.58;21/09/2026;06:00;8.6;5;SOLEIL VOILÉ;1;2.5;0
Vitry-le-François;48.72;4.58;21/09/2026;07:00;11.4;5;SOLEIL VOILÉ;1;3.6;0
Vitry-le-François;48.72;4.58;21/09/2026;08:00;14.1;5;SOLEIL VOILÉ;1;4.0;0
Vitry-le-François;48.72;4.58;21/09/2026;09:00;16;5;SOLEIL VOILÉ;1;4.3;0
Vitry-le-François;48.72;4.58;21/09/2026;10:00;18;5;SOLEIL VOILÉ;2;6.8;0
Vitry-le-François;48.72;4.58;21/09/2026;11:00;19.5;5;SOLEIL VOILÉ;2;8.3;0
Vitry-le-François;48.72;4.58;21/09/2026;12:00;20.1;5;SOLEIL VOILÉ;2;11.9;0
Vitry-le-François;48.72;4.58;21/09/2026;13:00;20.7;5;SOLEIL VOILÉ;3;16.9;0
Vitry-le-François;48.72;4.58;21/09/2026;14:00;21.2;5;SOLEIL VOILÉ;3;18.7;0
Vitry-le-François;48.72;4.58;21/09/2026;15:00;21.1;5;SOLEIL VOILÉ;3;19.1;0
Vitry-le-François;48.72;4.58;21/09/2026;16:00;21.1;0;SOLEIL;3;22.0;0
Vitry-le-François;48.72;4.58;21/09/2026;17:00;20.1;0;SOLEIL;3;22.3;0
Vitry-le-François;48.72;4.58;21/09/2026;18:00;18.9;0;SOLEIL;2;25.9;0
Vitry-le-François;48.72;4.58;21/09/2026;19:00;16.9;0;SOLEIL;3;25.2;0
Vitry-le-François;48.72;4.58;21/09/2026;20:00;15.9;0;SOLEIL;3;21.2;0
Vitry-le-François;48.72;4.58;21/09/2026;21:00;15;0;SOLEIL;2;14.4;0
Vitry-le-François;48.72;4.58;21/09/2026;22:00;14.1;0;SOLEIL;2;12.6;0
Vitry-le-François;48.72;4.58;21/09/2026;23:00;13.4;0;SOLEIL;2;9.7;0
Vitry-le-François;48.72;4.58;22/09/2026;00:00;12.9;0;SOLEIL;2;8.3;0
Vitry-le-François;48.72;4.58;22/09/2026;01:00;12.9;0;SOLEIL;2;7.2;0
Vitry-le-François;48.72;4.58;22/09/2026;02:00;11;0;SOLEIL;1;6.5;0
Vitry-le-François;48.72;4.58;22/09/2026;03:00;11;0;SOLEIL;1;4.6;0
Vitry-le-François;48.72;4.58;22/09/2026;04:00;11;0;SOLEIL;1;4.3;0
Vitry-le-François;48.72;4.58;22/09/2026;05:00;10.9;0;SOLEIL;1;4.2;0
Vitry-le-François;48.72;4.58;22/09/2026;06:00;10.9;0;SOLEIL;1;3.2;0
Vitry-le-François;48.72;4.58;22/09/2026;07:00;10.9;0;SOLEIL;1;3.6;0
Vitry-le-François;48.72;4.58;22/09/2026;08:00;17.5;0;SOLEIL;1;3.6;0
Vitry-le-François;48.72;4.58;22/09/2026;09:00;17.5;0;SOLEIL;1;2.2;0
Vitry-le-François;48.72;4.58;22/09/2026;10:00;17.5;0;SOLEIL;1;8.6;0
Vitry-le-François;48.72;4.58;22/09/2026;11:00;22.5;0;SOLEIL;2;11.5;0
Vitry-le-François;48.72;4.58;22/09/2026;12:00;22.5;0;SOLEIL;2;13.3;0
Vitry-le-François;48.72;4.58;22/09/2026;13:00;22.5;0;SOLEIL;2;16.6;0
Vitry-le-François;48.72;4.58;22/09/2026;14:00;24.5;0;SOLEIL;3;19.1;0
Vitry-le-François;48.72;4.58;22/09/2026;15:00;24.5;0;SOLEIL;3;22.3;0
Vitry-le-François;48.72;4.58;22/09/2026;16:00;24.5;0;SOLEIL;3;25.2;0
Vitry-le-François;48.72;4.58;22/09/2026;17:00;21.1;0;SOLEIL;3;27.4;0
Vitry-le-François;48.72;4.58;22/09/2026;18:00;21.1;0;SOLEIL;3;27.4;0
Vitry-le-François;48.72;4.58;22/09/2026;19:00;21.1;0;SOLEIL;3;27.4;0
Vitry-le-François;48.72;4.58;22/09/2026;20:00;16.5;0;SOLEIL;3;24.5;0
Vitry-le-François;48.72;4.58;22/09/2026;21:00;16.5;0;SOLEIL;3;17.3;0
Vitry-le-François;48.72;4.58;22/09/2026;22:00;16.5;0;SOLEIL;3;15.5;0
Vitry-le-François;48.72;4.58;22/09/2026;23:00;14.1;0;SOLEIL;2;12.2;0
Vitry-le-François;48.72;4.58;23/09/2026;00:00;14.1;0;SOLEIL;2;9.0;0
Vitry-le-François;48.72;4.58;23/09/2026;01:00;14.1;0;SOLEIL;2;7.2;0
Vitry-le-François;48.72;4.58;23/09/2026;02:00;12.1;0;SOLEIL;2;6.5;0
Vitry-le-François;48.72;4.58;23/09/2026;03:00;12.1;0;SOLEIL;2;6.5;0
Vitry-le-François;48.72;4.58;23/09/2026;04:00;12.1;0;SOLEIL;2;6.1;0
Vitry-le-François;48.72;4.58;23/09/2026;05:00;11.2;0;SOLEIL;2;6.1;0
Vitry-le-François;48.72;4.58;23/09/2026;06:00;11.2;0;SOLEIL;2;5.8;0
Vitry-le-François;48.72;4.58;23/09/2026;07:00;11.2;0;SOLEIL;2;4.7;0
Vitry-le-François;48.72;4.58;23/09/2026;08:00;18.1;0;SOLEIL;2;5.8;0
Vitry-le-François;48.72;4.58;23/09/2026;09:00;18.1;0;SOLEIL;2;9.7;0
Vitry-le-François;48.72;4.58;23/09/2026;10:00;18.1;0;SOLEIL;2;14.8;0
Vitry-le-François;48.72;4.58;23/09/2026;11:00;23.9;0;SOLEIL;2;18.7;0
Vitry-le-François;48.72;4.58;23/09/2026;12:00;23.9;0;SOLEIL;2;20.2;0
Vitry-le-François;48.72;4.58;23/09/2026;13:00;23.9;0;SOLEIL;2;19.8;0
Vitry-le-François;48.72;4.58;23/09/2026;14:00;25.4;5;SOLEIL VOILÉ;3;18.7;0
Vitry-le-François;48.72;4.58;23/09/2026;15:00;25.4;5;SOLEIL VOILÉ;3;16.2;0
Vitry-le-François;48.72;4.58;23/09/2026;16:00;25.4;5;SOLEIL VOILÉ;3;12.6;0
Vitry-le-François;48.72;4.58;23/09/2026;17:00;20.5;5;SOLEIL VOILÉ;3;9.7;0
Vitry-le-François;48.72;4.58;23/09/2026;18:00;20.5;5;SOLEIL VOILÉ;3;7.6;0
Vitry-le-François;48.72;4.58;23/09/2026;19:00;20.5;5;SOLEIL VOILÉ;3;6.1;0
Vitry-le-François;48.72;4.58;23/09/2026;20:00;17.7;0;SOLEIL;5;7.6;0
Vitry-le-François;48.72;4.58;23/09/2026;21:00;15.9;0;SOLEIL;5;15.1;0
Vitry-le-François;48.72;4.58;23/09/2026;22:00;14.2;0;SOLEIL;5;25.9;0
Vitry-le-François;48.72;4.58;23/09/2026;23:00;14.1;0;SOLEIL;4;33.1;0
Vitry-le-François;48.72;4.58;24/09/2026;00:00;14.1;0;SOLEIL;4;33.5;0
Vitry-le-François;48.72;4.58;24/09/2026;01:00;14.1;0;SOLEIL;4;30.2;0
Vitry-le-François;48.72;4.58;24/09/2026;02:00;12.1;2;NUAGEUX;5;27.7;0
Vitry-le-François;48.72;4.58;24/09/2026;03:00;12.1;2;NUAGEUX;5;27.4;0
Vitry-le-François;48.72;4.58;24/09/2026;04:00;12.1;2;NUAGEUX;5;27.4;0
Vitry-le-François;48.72;4.58;24/09/2026;05:00;13;2;NUAGEUX;3;26.6;0
Vitry-le-François;48.72;4.58;24/09/2026;06:00;13;2;NUAGEUX;3;24.1;0
Vitry-le-François;48.72;4.58;24/09/2026;07:00;13;2;NUAGEUX;3;21.2;0
Vitry-le-François;48.72;4.58;24/09/2026;08:00;14.5;2;NUAGEUX;5;20.5;0
Vitry-le-François;48.72;4.58;24/09/2026;09:00;15.8;2;NUAGEUX;5;23.8;0
Vitry-le-François;48.72;4.58;24/09/2026;10:00;17.0;2;NUAGEUX;5;28.8;0
Vitry-le-François;48.72;4.58;24/09/2026;11:00;21.6;0;SOLEIL;3;32.8;0
Vitry-le-François;48.72;4.58;24/09/2026;12:00;21.6;0;SOLEIL;3;34.9;0
Vitry-le-François;48.72;4.58;24/09/2026;13:00;21.6;0;SOLEIL;3;36.0;0
Vitry-le-François;48.72;4.58;24/09/2026;14:00;21.9;2;NUAGEUX;5;35.6;0
Vitry-le-François;48.72;4.58;24/09/2026;15:00;23.1;2;NUAGEUX;5;33.1;0
Vitry-le-François;48.72;4.58;24/09/2026;16:00;21.9;2;NUAGEUX;5;29.2;0
Vitry-le-François;48.72;4.58;24/09/2026;17:00;19.2;0;SOLEIL;3;25.6;0
Vitry-le-François;48.72;4.58;24/09/2026;18:00;19.2;0;SOLEIL;3;23.0;0
Vitry-le-François;48.72;4.58;24/09/2026;19:00;19.2;0;SOLEIL;3;20.5;0
Vitry-le-François;48.72;4.58;24/09/2026;20:00;17.0;2;NUAGEUX;5;17.6;0
Vitry-le-François;48.72;4.58;24/09/2026;21:00;15.8;2;NUAGEUX;5;13.3;0
Vitry-le-François;48.72;4.58;24/09/2026;22:00;14.5;2;NUAGEUX;5;8.3;0
Vitry-le-François;48.72;4.58;24/09/2026;23:00;12.7;2;NUAGEUX;2;4.7;0
Vitry-le-François;48.72;4.58;25/09/2026;00:00;12.7;2;NUAGEUX;2;2.9;0
Vitry-le-François;48.72;4.58;25/09/2026;01:00;12.7;2;NUAGEUX;2;2.7;0
Vitry-le-François;48.72;4.58;25/09/2026;02:00;9.4;0;SOLEIL;5;2.7;0
Vitry-le-François;48.72;4.58;25/09/2026;03:00;9.4;0;SOLEIL;5;2.5;0
Vitry-le-François;48.72;4.58;25/09/2026;04:00;9.4;0;SOLEIL;5;1.8;0
Vitry-le-François;48.72;4.58;25/09/2026;05:00;10.6;0;SOLEIL;2;1.4;0
Vitry-le-François;48.72;4.58;25/09/2026;06:00;10.6;0;SOLEIL;2;1.1;0
Vitry-le-François;48.72;4.58;25/09/2026;07:00;10.6;0;SOLEIL;2;1.4;0
Vitry-le-François;48.72;4.58;25/09/2026;08:00;12.6;0;SOLEIL;5;2.2;0
Vitry-le-François;48.72;4.58;25/09/2026;09:00;14.3;0;SOLEIL;5;4.7;0
Vitry-le-François;48.72;4.58;25/09/2026;10:00;15.9;0;SOLEIL;5;8.3;0
Vitry-le-François;48.72;4.58;25/09/2026;11:00;23;0;SOLEIL;2;10.4;0
Vitry-le-François;48.72;4.58;25/09/2026;12:00;23;0;SOLEIL;2;10.1;0
Vitry-le-François;48.72;4.58;25/09/2026;13:00;23;0;SOLEIL;2;8.3;0
Vitry-le-François;48.72;4.58;25/09/2026;14:00;22.4;0;SOLEIL;5;7.2;0
Vitry-le-François;48.72;4.58;25/09/2026;15:00;24.0;0;SOLEIL;5;7.6;0
Vitry-le-François;48.72;4.58;25/09/2026;16:00;22.4;0;SOLEIL;5;8.6;0
Vitry-le-François;48.72;4.58;25/09/2026;17:00;21.4;0;SOLEIL;2;9.0;0
Vitry-le-François;48.72;4.58;25/09/2026;18:00;21.4;0;SOLEIL;2;7.6;0
Vitry-le-François;48.72;4.58;25/09/2026;19:00;21.4;0;SOLEIL;2;5.8;0
Vitry-le-François;48.72;4.58;25/09/2026;20:00;15.9;0;SOLEIL;5;4.0;0
Vitry-le-François;48.72;4.58;25/09/2026;21:00;14.3;0;SOLEIL;5;3.2;0
Vitry-le-François;48.72;4.58;25/09/2026;22:00;12.6;0;SOLEIL;5;2.9;0
Vitry-le-François;48.72;4.58;25/09/2026;23:00;12.7;0;SOLEIL;3;2.5;0
Chaumont;48.11;5.14;21/09/2026;00:00;12.6;5;SOLEIL VOILÉ;2;10.1;0
Chaumont;48.11;5.14;21/09/2026;01:00;11.9;5;SOLEIL VOILÉ;2;9.4;0
Chaumont;48.11;5.14;21/09/2026;02:00;11.5;5;SOLEIL VOILÉ;1;8.6;0
Chaumont;48.11;5.14;21/09/2026;03:00;11;5;SOLEIL VOILÉ;1;7.9;0
Chaumont;48.11;5.14;21/09/2026;04:00;9.7;5;SOLEIL VOILÉ;1;6.1;0
Chaumont;48.11;5.14;21/09/2026;05:00;9.5;5;SOLEIL VOILÉ;1;5.8;0
Chaumont;48.11;5.14;21/09/2026;06:00;9.6;5;SOLEIL VOILÉ;1;5.0;0
Chaumont;48.11;5.14;21/09/2026;07:00;11.5;5;SOLEIL VOILÉ;1;4.7;0
Chaumont;48.11;5.14;21/09/2026;08:00;13.5;5;SOLEIL VOILÉ;2;5.8;0
Chaumont;48.11;5.14;21/09/2026;09:00;16.9;5;SOLEIL VOILÉ;3;5.4;0
Chaumont;48.11;5.14;21/09/2026;10:00;18.2;5;SOLEIL VOILÉ;3;8.3;0
Chaumont;48.11;5.14;21/09/2026;11:00;19.4;5;SOLEIL VOILÉ;3;19.1;0
Chaumont;48.11;5.14;21/09/2026;12:00;21.2;5;SOLEIL VOILÉ;3;23.8;0
Chaumont;48.11;5.14;21/09/2026;13:00;22.6;5;SOLEIL VOILÉ;3;28.1;0
Chaumont;48.11;5.14;21/09/2026;14:00;23.2;5;SOLEIL VOILÉ;3;28.4;0
Chaumont;48.11;5.14;21/09/2026;15:00;22.6;5;SOLEIL VOILÉ;3;28.1;0
Chaumont;48.11;5.14;21/09/2026;16:00;21.7;5;SOLEIL VOILÉ;4;25.9;0
Chaumont;48.11;5.14;21/09/2026;17:00;20;0;SOLEIL;3;27.0;0
Chaumont;48.11;5.14;21/09/2026;18:00;18.5;0;SOLEIL;2;26.3;0
Chaumont;48.11;5.14;21/09/2026;19:00;16.6;0;SOLEIL;3;24.8;0
Chaumont;48.11;5.14;21/09/2026;20:00;15.1;0;SOLEIL;3;14.0;0
Chaumont;48.11;5.14;21/09/2026;21:00;13.9;0;SOLEIL;3;8.6;0
Chaumont;48.11;5.14;21/09/2026;22:00;13.1;0;SOLEIL;3;8.6;0
Chaumont;48.11;5.14;21/09/2026;23:00;12.1;0;SOLEIL;3;6.1;0
Chaumont;48.11;5.14;22/09/2026;00:00;11.1;0;SOLEIL;2;4.7;0
Chaumont;48.11;5.14;22/09/2026;01:00;11.1;0;SOLEIL;2;6.8;0
Chaumont;48.11;5.14;22/09/2026;02:00;9.9;0;SOLEIL;2;6.8;0
Chaumont;48.11;5.14;22/09/2026;03:00;9.9;0;SOLEIL;2;6.8;0
Chaumont;48.11;5.14;22/09/2026;04:00;9.9;0;SOLEIL;2;6.5;0
Chaumont;48.11;5.14;22/09/2026;05:00;10.4;0;SOLEIL;2;5.8;0
Chaumont;48.11;5.14;22/09/2026;06:00;10.4;0;SOLEIL;2;6.5;0
Chaumont;48.11;5.14;22/09/2026;07:00;10.4;0;SOLEIL;2;6.1;0
Chaumont;48.11;5.14;22/09/2026;08:00;18.4;0;SOLEIL;3;5.8;0
Chaumont;48.11;5.14;22/09/2026;09:00;18.4;0;SOLEIL;3;5.8;0
Chaumont;48.11;5.14;22/09/2026;10:00;18.4;0;SOLEIL;3;13.7;0
Chaumont;48.11;5.14;22/09/2026;11:00;23.6;0;SOLEIL;3;18.7;0
Chaumont;48.11;5.14;22/09/2026;12:00;23.6;0;SOLEIL;3;19.4;0
Chaumont;48.11;5.14;22/09/2026;13:00;23.6;0;SOLEIL;3;21.6;0
Chaumont;48.11;5.14;22/09/2026;14:00;25.5;0;SOLEIL;4;23.4;0
Chaumont;48.11;5.14;22/09/2026;15:00;25.5;0;SOLEIL;4;24.8;0
Chaumont;48.11;5.14;22/09/2026;16:00;25.5;0;SOLEIL;4;27.0;0
Chaumont;48.11;5.14;22/09/2026;17:00;21.6;0;SOLEIL;3;27.4;0
Chaumont;48.11;5.14;22/09/2026;18:00;21.6;0;SOLEIL;3;27.4;0
Chaumont;48.11;5.14;22/09/2026;19:00;21.6;0;SOLEIL;3;25.2;0
Chaumont;48.11;5.14;22/09/2026;20:00;15.6;0;SOLEIL;3;17.6;0
Chaumont;48.11;5.14;22/09/2026;21:00;15.6;0;SOLEIL;3;10.4;0
Chaumont;48.11;5.14;22/09/2026;22:00;15.6;0;SOLEIL;3;8.6;0
Chaumont;48.11;5.14;22/09/2026;23:00;13.1;0;SOLEIL;2;10.1;0
Chaumont;48.11;5.14;23/09/2026;00:00;13.1;0;SOLEIL;2;10.8;0
Chaumont;48.11;5.14;23/09/2026;01:00;13.1;0;SOLEIL;2;11.5;0
Chaumont;48.11;5.14;23/09/2026;02:00;10.9;0;SOLEIL;2;11.9;0
Chaumont;48.11;5.14;23/09/2026;03:00;10.9;0;SOLEIL;2;11.9;0
Chaumont;48.11;5.14;23/09/2026;04:00;10.9;0;SOLEIL;2;11.2;0
Chaumont;48.11;5.14;23/09/2026;05:00;10.6;0;SOLEIL;2;10.1;0
Chaumont;48.11;5.14;23/09/2026;06:00;10.6;0;SOLEIL;2;9.4;0
Chaumont;48.11;5.14;23/09/2026;07:00;10.6;0;SOLEIL;2;9.4;0
Chaumont;48.11;5.14;23/09/2026;08:00;18.6;0;SOLEIL;2;9.4;0
Chaumont;48.11;5.14;23/09/2026;09:00;18.6;0;SOLEIL;2;12.6;0
Chaumont;48.11;5.14;23/09/2026;10:00;18.6;0;SOLEIL;2;16.9;0
Chaumont;48.11;5.14;23/09/2026;11:00;24.9;0;SOLEIL;1;19.1;0
Chaumont;48.11;5.14;23/09/2026;12:00;24.9;0;SOLEIL;1;17.6;0
Chaumont;48.11;5.14;23/09/2026;13:00;24.9;0;SOLEIL;1;14.4;0
Chaumont;48.11;5.14;23/09/2026;14:00;26.4;0;SOLEIL;1;11.2;0
Chaumont;48.11;5.14;23/09/2026;15:00;26.4;0;SOLEIL;1;9.0;0
Chaumont;48.11;5.14;23/09/2026;16:00;26.4;0;SOLEIL;1;7.2;0
Chaumont;48.11;5.14;23/09/2026;17:00;22.4;0;SOLEIL;2;6.1;0
Chaumont;48.11;5.14;23/09/2026;18:00;22.4;0;SOLEIL;2;6.1;0
Chaumont;48.11;5.14;23/09/2026;19:00;22.4;0;SOLEIL;2;7.2;0
Chaumont;48.11;5.14;23/09/2026;20:00;17.6;0;SOLEIL;5;8.6;0
Chaumont;48.11;5.14;23/09/2026;21:00;15.7;0;SOLEIL;5;10.1;0
Chaumont;48.11;5.14;23/09/2026;22:00;13.8;0;SOLEIL;5;11.9;0
Chaumont;48.11;5.14;23/09/2026;23:00;14.1;0;SOLEIL;5;14.4;0
Chaumont;48.11;5.14;24/09/2026;00:00;14.1;0;SOLEIL;5;18.7;0
Chaumont;48.11;5.14;24/09/2026;01:00;14.1;0;SOLEIL;5;23.8;0
Chaumont;48.11;5.14;24/09/2026;02:00;11.1;0;SOLEIL;5;27.0;0
Chaumont;48.11;5.14;24/09/2026;03:00;11.1;0;SOLEIL;5;26.6;0
Chaumont;48.11;5.14;24/09/2026;04:00;11.1;0;SOLEIL;5;24.5;0
Chaumont;48.11;5.14;24/09/2026;05:00;12.1;2;NUAGEUX;3;22.7;0
Chaumont;48.11;5.14;24/09/2026;06:00;12.1;2;NUAGEUX;3;22.7;0
Chaumont;48.11;5.14;24/09/2026;07:00;12.1;2;NUAGEUX;3;23.0;0
Chaumont;48.11;5.14;24/09/2026;08:00;13.8;0;SOLEIL;5;23.8;0
Chaumont;48.11;5.14;24/09/2026;09:00;15.1;0;SOLEIL;5;24.8;0
Chaumont;48.11;5.14;24/09/2026;10:00;16.5;0;SOLEIL;5;26.3;0
Chaumont;48.11;5.14;24/09/2026;11:00;21.7;0;SOLEIL;3;27.4;0
Chaumont;48.11;5.14;24/09/2026;12:00;21.7;0;SOLEIL;3;27.7;0
Chaumont;48.11;5.14;24/09/2026;13:00;21.7;0;SOLEIL;3;27.7;0
Chaumont;48.11;5.14;24/09/2026;14:00;21.9;0;SOLEIL;5;27.4;0
Chaumont;48.11;5.14;24/09/2026;15:00;23.2;0;SOLEIL;5;26.6;0
Chaumont;48.11;5.14;24/09/2026;16:00;21.9;0;SOLEIL;5;25.6;0
Chaumont;48.11;5.14;24/09/2026;17:00;19;0;SOLEIL;2;23.4;0
Chaumont;48.11;5.14;24/09/2026;18:00;19;0;SOLEIL;2;19.1;0
Chaumont;48.11;5.14;24/09/2026;19:00;19;0;SOLEIL;2;13.7;0
Chaumont;48.11;5.14;24/09/2026;20:00;16.5;0;SOLEIL;5;9.4;0
Chaumont;48.11;5.14;24/09/2026;21:00;15.1;0;SOLEIL;5;6.5;0
Chaumont;48.11;5.14;24/09/2026;22:00;13.8;0;SOLEIL;5;4.7;0
Chaumont;48.11;5.14;24/09/2026;23:00;11.6;0;SOLEIL;2;3.6;0
Chaumont;48.11;5.14;25/09/2026;00:00;11.6;0;SOLEIL;2;3.3;0
Chaumont;48.11;5.14;25/09/2026;01:00;11.6;0;SOLEIL;2;3.8;0
Chaumont;48.11;5.14;25/09/2026;02:00;9;0;SOLEIL;5;4.7;0
Chaumont;48.11;5.14;25/09/2026;03:00;9;0;SOLEIL;5;5.0;0
Chaumont;48.11;5.14;25/09/2026;04:00;9;0;SOLEIL;5;4.7;0
Chaumont;48.11;5.14;25/09/2026;05:00;10.2;0;SOLEIL;2;4.7;0
Chaumont;48.11;5.14;25/09/2026;06:00;10.2;0;SOLEIL;2;4.7;0
Chaumont;48.11;5.14;25/09/2026;07:00;10.2;0;SOLEIL;2;4.7;0
Chaumont;48.11;5.14;25/09/2026;08:00;12.4;0;SOLEIL;5;5.0;0
Chaumont;48.11;5.14;25/09/2026;09:00;14.1;0;SOLEIL;5;5.8;0
Chaumont;48.11;5.14;25/09/2026;10:00;15.8;0;SOLEIL;5;6.5;0
Chaumont;48.11;5.14;25/09/2026;11:00;23.6;0;SOLEIL;3;7.2;0
Chaumont;48.11;5.14;25/09/2026;12:00;23.6;0;SOLEIL;3;7.2;0
Chaumont;48.11;5.14;25/09/2026;13:00;23.6;0;SOLEIL;3;6.8;0
Chaumont;48.11;5.14;25/09/2026;14:00;22.7;0;SOLEIL;5;6.8;0
Chaumont;48.11;5.14;25/09/2026;15:00;24.4;0;SOLEIL;5;7.6;0
Chaumont;48.11;5.14;25/09/2026;16:00;22.7;0;SOLEIL;5;8.6;0
Chaumont;48.11;5.14;25/09/2026;17:00;20.7;0;SOLEIL;2;9.4;0
Chaumont;48.11;5.14;25/09/2026;18:00;20.7;0;SOLEIL;2;9.4;0
Chaumont;48.11;5.14;25/09/2026;19:00;20.7;0;SOLEIL;2;8.6;0
Chaumont;48.11;5.14;25/09/2026;20:00;15.8;0;SOLEIL;5;7.6;0
Chaumont;48.11;5.14;25/09/2026;21:00;14.1;0;SOLEIL;5;5.8;0
Chaumont;48.11;5.14;25/09/2026;22:00;12.4;0;SOLEIL;5;3.6;0
Chaumont;48.11;5.14;25/09/2026;23:00;12;0;SOLEIL;2;2.5;0
Langres;47.86;5.33;21/09/2026;00:00;12.4;5;SOLEIL VOILÉ;1;14.4;0
Langres;47.86;5.33;21/09/2026;01:00;11.6;5;SOLEIL VOILÉ;1;14.8;0
Langres;47.86;5.33;21/09/2026;02:00;10.5;5;SOLEIL VOILÉ;1;15.1;0
Langres;47.86;5.33;21/09/2026;03:00;10.1;5;SOLEIL VOILÉ;1;16.2;0
Langres;47.86;5.33;21/09/2026;04:00;9.6;5;SOLEIL VOILÉ;1;14.8;0
Langres;47.86;5.33;21/09/2026;05:00;8.6;5;SOLEIL VOILÉ;1;14.8;0
Langres;47.86;5.33;21/09/2026;06:00;9;5;SOLEIL VOILÉ;1;11.5;0
Langres;47.86;5.33;21/09/2026;07:00;11.9;5;SOLEIL VOILÉ;1;12.2;0
Langres;47.86;5.33;21/09/2026;08:00;14.1;5;SOLEIL VOILÉ;2;8.6;0
Langres;47.86;5.33;21/09/2026;09:00;17.1;5;SOLEIL VOILÉ;3;14.4;0
Langres;47.86;5.33;21/09/2026;10:00;19;5;SOLEIL VOILÉ;3;20.5;0
Langres;47.86;5.33;21/09/2026;11:00;19.2;5;SOLEIL VOILÉ;3;24.5;0
Langres;47.86;5.33;21/09/2026;12:00;21.1;5;SOLEIL VOILÉ;3;25.2;0
Langres;47.86;5.33;21/09/2026;13:00;22.6;5;SOLEIL VOILÉ;3;25.6;0
Langres;47.86;5.33;21/09/2026;14:00;23.1;5;SOLEIL VOILÉ;3;26.3;0
Langres;47.86;5.33;21/09/2026;15:00;22.6;5;SOLEIL VOILÉ;4;27.0;0
Langres;47.86;5.33;21/09/2026;16:00;21.1;5;SOLEIL VOILÉ;4;27.7;0
Langres;47.86;5.33;21/09/2026;17:00;19.4;5;SOLEIL VOILÉ;3;28.8;0
Langres;47.86;5.33;21/09/2026;18:00;17.1;0;SOLEIL;3;29.5;0
Langres;47.86;5.33;21/09/2026;19:00;14.2;0;SOLEIL;3;28.4;0
Langres;47.86;5.33;21/09/2026;20:00;11.6;0;SOLEIL;3;23.4;0
Langres;47.86;5.33;21/09/2026;21:00;10;0;SOLEIL;2;18.0;0
Langres;47.86;5.33;21/09/2026;22:00;9;0;SOLEIL;2;11.9;0
Langres;47.86;5.33;21/09/2026;23:00;8.4;0;SOLEIL;1;10.1;0
Langres;47.86;5.33;22/09/2026;00:00;8;0;SOLEIL;1;7.6;0
Langres;47.86;5.33;22/09/2026;01:00;8;0;SOLEIL;1;7.6;0
Langres;47.86;5.33;22/09/2026;02:00;6.6;0;SOLEIL;3;9.0;0
Langres;47.86;5.33;22/09/2026;03:00;6.6;0;SOLEIL;3;9.5;0
Langres;47.86;5.33;22/09/2026;04:00;6.6;0;SOLEIL;3;9.5;0
Langres;47.86;5.33;22/09/2026;05:00;7.7;0;SOLEIL;3;9.6;0
Langres;47.86;5.33;22/09/2026;06:00;7.7;0;SOLEIL;3;9.7;0
Langres;47.86;5.33;22/09/2026;07:00;7.7;0;SOLEIL;3;9.7;0
Langres;47.86;5.33;22/09/2026;08:00;17.9;0;SOLEIL;4;9.4;0
Langres;47.86;5.33;22/09/2026;09:00;17.9;0;SOLEIL;4;13.0;0
Langres;47.86;5.33;22/09/2026;10:00;17.9;0;SOLEIL;4;23.4;0
Langres;47.86;5.33;22/09/2026;11:00;22.6;0;SOLEIL;4;29.9;0
Langres;47.86;5.33;22/09/2026;12:00;22.6;0;SOLEIL;4;31.7;0
Langres;47.86;5.33;22/09/2026;13:00;22.6;0;SOLEIL;4;31.7;0
Langres;47.86;5.33;22/09/2026;14:00;24.5;0;SOLEIL;4;30.6;0
Langres;47.86;5.33;22/09/2026;15:00;24.5;0;SOLEIL;4;31.3;0
Langres;47.86;5.33;22/09/2026;16:00;24.5;0;SOLEIL;4;32.0;0
Langres;47.86;5.33;22/09/2026;17:00;19.6;0;SOLEIL;3;32.0;0
Langres;47.86;5.33;22/09/2026;18:00;19.6;0;SOLEIL;3;32.0;0
Langres;47.86;5.33;22/09/2026;19:00;19.6;0;SOLEIL;3;30.6;0
Langres;47.86;5.33;22/09/2026;20:00;13.1;0;SOLEIL;3;24.8;0
Langres;47.86;5.33;22/09/2026;21:00;13.1;0;SOLEIL;3;14.4;0
Langres;47.86;5.33;22/09/2026;22:00;13.1;0;SOLEIL;3;11.5;0
Langres;47.86;5.33;22/09/2026;23:00;10.1;0;SOLEIL;4;10.1;0
Langres;47.86;5.33;23/09/2026;00:00;10.1;0;SOLEIL;4;9.7;0
Langres;47.86;5.33;23/09/2026;01:00;10.1;0;SOLEIL;4;9.7;0
Langres;47.86;5.33;23/09/2026;02:00;8.6;0;SOLEIL;3;9.4;0
Langres;47.86;5.33;23/09/2026;03:00;8.6;0;SOLEIL;3;8.6;0
Langres;47.86;5.33;23/09/2026;04:00;8.6;0;SOLEIL;3;7.9;0
Langres;47.86;5.33;23/09/2026;05:00;8.5;0;SOLEIL;3;7.6;0
Langres;47.86;5.33;23/09/2026;06:00;8.5;0;SOLEIL;3;6.8;0
Langres;47.86;5.33;23/09/2026;07:00;8.5;0;SOLEIL;3;6.5;0
Langres;47.86;5.33;23/09/2026;08:00;19.1;0;SOLEIL;2;5.4;0
Langres;47.86;5.33;23/09/2026;09:00;19.1;0;SOLEIL;2;7.2;0
Langres;47.86;5.33;23/09/2026;10:00;19.1;0;SOLEIL;2;10.1;0
Langres;47.86;5.33;23/09/2026;11:00;24.4;0;SOLEIL;2;12.2;0
Langres;47.86;5.33;23/09/2026;12:00;24.4;0;SOLEIL;2;13.7;0
Langres;47.86;5.33;23/09/2026;13:00;24.4;0;SOLEIL;2;14.4;0
Langres;47.86;5.33;23/09/2026;14:00;26.2;5;SOLEIL VOILÉ;2;14.4;0
Langres;47.86;5.33;23/09/2026;15:00;26.2;5;SOLEIL VOILÉ;2;13.7;0
Langres;47.86;5.33;23/09/2026;16:00;26.2;5;SOLEIL VOILÉ;2;12.2;0
Langres;47.86;5.33;23/09/2026;17:00;22;5;SOLEIL VOILÉ;3;10.8;0
Langres;47.86;5.33;23/09/2026;18:00;22;5;SOLEIL VOILÉ;3;9.7;0
Langres;47.86;5.33;23/09/2026;19:00;22;5;SOLEIL VOILÉ;3;8.6;0
Langres;47.86;5.33;23/09/2026;20:00;16.0;0;SOLEIL;5;7.6;0
Langres;47.86;5.33;23/09/2026;21:00;13.9;0;SOLEIL;5;6.5;0
Langres;47.86;5.33;23/09/2026;22:00;11.7;0;SOLEIL;5;5.4;0
Langres;47.86;5.33;23/09/2026;23:00;11.6;0;SOLEIL;4;6.1;0
Langres;47.86;5.33;24/09/2026;00:00;11.6;0;SOLEIL;4;9.7;0
Langres;47.86;5.33;24/09/2026;01:00;11.6;0;SOLEIL;4;14.8;0
Langres;47.86;5.33;24/09/2026;02:00;10.4;0;SOLEIL;5;18.0;0
Langres;47.86;5.33;24/09/2026;03:00;10.4;0;SOLEIL;5;18.0;0
Langres;47.86;5.33;24/09/2026;04:00;10.4;0;SOLEIL;5;16.2;0
Langres;47.86;5.33;24/09/2026;05:00;11.5;2;NUAGEUX;3;15.8;0
Langres;47.86;5.33;24/09/2026;06:00;11.5;2;NUAGEUX;3;18.0;0
Langres;47.86;5.33;24/09/2026;07:00;11.5;2;NUAGEUX;3;21.2;0
Langres;47.86;5.33;24/09/2026;08:00;13.1;0;SOLEIL;5;24.1;0
Langres;47.86;5.33;24/09/2026;09:00;14.5;0;SOLEIL;5;26.3;0
Langres;47.86;5.33;24/09/2026;10:00;15.9;0;SOLEIL;5;27.7;0
Langres;47.86;5.33;24/09/2026;11:00;21.4;0;SOLEIL;4;28.8;0
Langres;47.86;5.33;24/09/2026;12:00;21.4;0;SOLEIL;4;29.2;0
Langres;47.86;5.33;24/09/2026;13:00;21.4;0;SOLEIL;4;28.8;0
Langres;47.86;5.33;24/09/2026;14:00;21.3;0;SOLEIL;5;28.4;0
Langres;47.86;5.33;24/09/2026;15:00;22.7;0;SOLEIL;5;28.8;0
Langres;47.86;5.33;24/09/2026;16:00;21.3;0;SOLEIL;5;29.2;0
Langres;47.86;5.33;24/09/2026;17:00;17;0;SOLEIL;2;27.7;0
Langres;47.86;5.33;24/09/2026;18:00;17;0;SOLEIL;2;23.8;0
Langres;47.86;5.33;24/09/2026;19:00;17;0;SOLEIL;2;18.0;0
Langres;47.86;5.33;24/09/2026;20:00;15.9;0;SOLEIL;5;13.0;0
Langres;47.86;5.33;24/09/2026;21:00;14.5;0;SOLEIL;5;9.0;0
Langres;47.86;5.33;24/09/2026;22:00;13.1;0;SOLEIL;5;5.8;0
Langres;47.86;5.33;24/09/2026;23:00;10.2;0;SOLEIL;3;3.6;0
Langres;47.86;5.33;25/09/2026;00:00;10.2;0;SOLEIL;3;2.7;0
Langres;47.86;5.33;25/09/2026;01:00;10.2;0;SOLEIL;3;2.9;0
Langres;47.86;5.33;25/09/2026;02:00;7.9;0;SOLEIL;5;3.3;0
Langres;47.86;5.33;25/09/2026;03:00;7.9;0;SOLEIL;5;3.6;0
Langres;47.86;5.33;25/09/2026;04:00;7.9;0;SOLEIL;5;3.6;0
Langres;47.86;5.33;25/09/2026;05:00;9.4;0;SOLEIL;3;4.0;0
Langres;47.86;5.33;25/09/2026;06:00;9.4;0;SOLEIL;3;4.3;0
Langres;47.86;5.33;25/09/2026;07:00;9.4;0;SOLEIL;3;5.0;0
Langres;47.86;5.33;25/09/2026;08:00;11.3;0;SOLEIL;5;5.8;0
Langres;47.86;5.33;25/09/2026;09:00;12.9;0;SOLEIL;5;6.8;0
Langres;47.86;5.33;25/09/2026;10:00;14.6;0;SOLEIL;5;8.3;0
Langres;47.86;5.33;25/09/2026;11:00;22.6;0;SOLEIL;4;9.4;0
Langres;47.86;5.33;25/09/2026;12:00;22.6;0;SOLEIL;4;10.4;0
Langres;47.86;5.33;25/09/2026;13:00;22.6;0;SOLEIL;4;11.5;0
Langres;47.86;5.33;25/09/2026;14:00;21.3;0;SOLEIL;5;11.9;0
Langres;47.86;5.33;25/09/2026;15:00;23.0;0;SOLEIL;5;11.2;0
Langres;47.86;5.33;25/09/2026;16:00;21.3;0;SOLEIL;5;10.1;0
Langres;47.86;5.33;25/09/2026;17:00;18.1;0;SOLEIL;3;9.7;0
Langres;47.86;5.33;25/09/2026;18:00;18.1;0;SOLEIL;3;10.8;0
Langres;47.86;5.33;25/09/2026;19:00;18.1;0;SOLEIL;3;13.0;0
Langres;47.86;5.33;25/09/2026;20:00;14.6;0;SOLEIL;5;13.3;0
Langres;47.86;5.33;25/09/2026;21:00;12.9;0;SOLEIL;5;10.8;0
Langres;47.86;5.33;25/09/2026;22:00;11.3;0;SOLEIL;5;7.2;0
Langres;47.86;5.33;25/09/2026;23:00;10.6;0;SOLEIL;3;4.3;0
Saint-Dizier;48.63;4.95;21/09/2026;00:00;14.1;5;SOLEIL VOILÉ;2;13.3;0
Saint-Dizier;48.63;4.95;21/09/2026;01:00;13.6;5;SOLEIL VOILÉ;2;13.3;0
Saint-Dizier;48.63;4.95;21/09/2026;02:00;12.6;5;SOLEIL VOILÉ;2;17.3;0
Saint-Dizier;48.63;4.95;21/09/2026;03:00;12.4;5;SOLEIL VOILÉ;2;15.1;0
Saint-Dizier;48.63;4.95;21/09/2026;04:00;11.6;5;SOLEIL VOILÉ;2;14.0;0
Saint-Dizier;48.63;4.95;21/09/2026;05:00;10.6;5;SOLEIL VOILÉ;2;18.4;0
Saint-Dizier;48.63;4.95;21/09/2026;06:00;11;5;SOLEIL VOILÉ;2;14.8;0
Saint-Dizier;48.63;4.95;21/09/2026;07:00;12.6;5;SOLEIL VOILÉ;2;16.2;0
Saint-Dizier;48.63;4.95;21/09/2026;08:00;14.7;5;SOLEIL VOILÉ;3;12.6;0
Saint-Dizier;48.63;4.95;21/09/2026;09:00;16.4;5;SOLEIL VOILÉ;3;15.8;0
Saint-Dizier;48.63;4.95;21/09/2026;10:00;18.2;5;SOLEIL VOILÉ;4;23.8;0
Saint-Dizier;48.63;4.95;21/09/2026;11:00;18.9;5;SOLEIL VOILÉ;4;27.4;0
Saint-Dizier;48.63;4.95;21/09/2026;12:00;19.7;5;SOLEIL VOILÉ;4;27.7;0
Saint-Dizier;48.63;4.95;21/09/2026;13:00;20.6;5;SOLEIL VOILÉ;4;24.1;0
Saint-Dizier;48.63;4.95;21/09/2026;14:00;21.1;5;SOLEIL VOILÉ;4;24.1;0
Saint-Dizier;48.63;4.95;21/09/2026;15:00;20.7;5;SOLEIL VOILÉ;4;27.4;0
Saint-Dizier;48.63;4.95;21/09/2026;16:00;20.1;5;SOLEIL VOILÉ;4;28.4;0
Saint-Dizier;48.63;4.95;21/09/2026;17:00;18.6;5;SOLEIL VOILÉ;4;32.8;0
Saint-Dizier;48.63;4.95;21/09/2026;18:00;16.6;5;SOLEIL VOILÉ;3;33.5;0
Saint-Dizier;48.63;4.95;21/09/2026;19:00;15;5;SOLEIL VOILÉ;3;33.1;0
Saint-Dizier;48.63;4.95;21/09/2026;20:00;13.6;0;SOLEIL;3;27.4;0
Saint-Dizier;48.63;4.95;21/09/2026;21:00;13;0;SOLEIL;3;18.0;0
Saint-Dizier;48.63;4.95;21/09/2026;22:00;12.5;0;SOLEIL;3;14.4;0
Saint-Dizier;48.63;4.95;21/09/2026;23:00;12.1;0;SOLEIL;3;10.8;0
Saint-Dizier;48.63;4.95;22/09/2026;00:00;11.6;0;SOLEIL;3;10.8;0
Saint-Dizier;48.63;4.95;22/09/2026;01:00;11.6;0;SOLEIL;3;12.2;0
Saint-Dizier;48.63;4.95;22/09/2026;02:00;11.2;0;SOLEIL;4;12.6;0
Saint-Dizier;48.63;4.95;22/09/2026;03:00;11.2;0;SOLEIL;4;12.6;0
Saint-Dizier;48.63;4.95;22/09/2026;04:00;11.2;0;SOLEIL;4;11.9;0
Saint-Dizier;48.63;4.95;22/09/2026;05:00;11.9;0;SOLEIL;4;12.9;0
Saint-Dizier;48.63;4.95;22/09/2026;06:00;11.9;0;SOLEIL;4;13.0;0
Saint-Dizier;48.63;4.95;22/09/2026;07:00;11.9;0;SOLEIL;4;11.5;0
Saint-Dizier;48.63;4.95;22/09/2026;08:00;17.6;0;SOLEIL;4;10.1;0
Saint-Dizier;48.63;4.95;22/09/2026;09:00;17.6;0;SOLEIL;4;15.1;0
Saint-Dizier;48.63;4.95;22/09/2026;10:00;17.6;0;SOLEIL;4;22.0;0
Saint-Dizier;48.63;4.95;22/09/2026;11:00;22.1;0;SOLEIL;5;28.4;0
Saint-Dizier;48.63;4.95;22/09/2026;12:00;22.1;0;SOLEIL;5;32.0;0
Saint-Dizier;48.63;4.95;22/09/2026;13:00;22.1;0;SOLEIL;5;32.8;0
Saint-Dizier;48.63;4.95;22/09/2026;14:00;23.1;0;SOLEIL;5;33.1;0
Saint-Dizier;48.63;4.95;22/09/2026;15:00;23.1;0;SOLEIL;5;33.5;0
Saint-Dizier;48.63;4.95;22/09/2026;16:00;23.1;0;SOLEIL;5;33.1;0
Saint-Dizier;48.63;4.95;22/09/2026;17:00;18.1;0;SOLEIL;4;32.4;0
Saint-Dizier;48.63;4.95;22/09/2026;18:00;18.1;0;SOLEIL;4;32.8;0
Saint-Dizier;48.63;4.95;22/09/2026;19:00;18.1;0;SOLEIL;4;32.0;0
Saint-Dizier;48.63;4.95;22/09/2026;20:00;15.2;0;SOLEIL;4;27.4;0
Saint-Dizier;48.63;4.95;22/09/2026;21:00;15.2;0;SOLEIL;4;18.4;0
Saint-Dizier;48.63;4.95;22/09/2026;22:00;15.2;0;SOLEIL;4;18.0;0
Saint-Dizier;48.63;4.95;22/09/2026;23:00;13.6;0;SOLEIL;3;17.6;0
Saint-Dizier;48.63;4.95;23/09/2026;00:00;13.6;0;SOLEIL;3;16.6;0
Saint-Dizier;48.63;4.95;23/09/2026;01:00;13.6;0;SOLEIL;3;16.2;0
Saint-Dizier;48.63;4.95;23/09/2026;02:00;12.2;0;SOLEIL;3;14.0;0
Saint-Dizier;48.63;4.95;23/09/2026;03:00;12.2;0;SOLEIL;3;11.2;0
Saint-Dizier;48.63;4.95;23/09/2026;04:00;12.2;0;SOLEIL;3;8.6;0
Saint-Dizier;48.63;4.95;23/09/2026;05:00;12.2;0;SOLEIL;2;6.8;0
Saint-Dizier;48.63;4.95;23/09/2026;06:00;12.2;0;SOLEIL;2;5.4;0
Saint-Dizier;48.63;4.95;23/09/2026;07:00;12.2;0;SOLEIL;2;4.0;0
Saint-Dizier;48.63;4.95;23/09/2026;08:00;18.2;0;SOLEIL;3;4.3;0
Saint-Dizier;48.63;4.95;23/09/2026;09:00;18.2;0;SOLEIL;3;8.6;0
Saint-Dizier;48.63;4.95;23/09/2026;10:00;18.2;0;SOLEIL;3;14.8;0
Saint-Dizier;48.63;4.95;23/09/2026;11:00;23.2;0;SOLEIL;2;19.4;0
Saint-Dizier;48.63;4.95;23/09/2026;12:00;23.2;0;SOLEIL;2;21.2;0
Saint-Dizier;48.63;4.95;23/09/2026;13:00;23.2;0;SOLEIL;2;21.2;0
Saint-Dizier;48.63;4.95;23/09/2026;14:00;24.9;5;SOLEIL VOILÉ;2;20.5;0
Saint-Dizier;48.63;4.95;23/09/2026;15:00;24.9;5;SOLEIL VOILÉ;2;18.4;0
Saint-Dizier;48.63;4.95;23/09/2026;16:00;24.9;5;SOLEIL VOILÉ;2;15.1;0
Saint-Dizier;48.63;4.95;23/09/2026;17:00;20.7;0;SOLEIL;4;12.2;0
Saint-Dizier;48.63;4.95;23/09/2026;18:00;20.7;0;SOLEIL;4;10.1;0
Saint-Dizier;48.63;4.95;23/09/2026;19:00;20.7;0;SOLEIL;4;8.6;0
Saint-Dizier;48.63;4.95;23/09/2026;20:00;17.7;0;SOLEIL;5;7.9;0
Saint-Dizier;48.63;4.95;23/09/2026;21:00;16.2;0;SOLEIL;5;7.9;0
Saint-Dizier;48.63;4.95;23/09/2026;22:00;14.6;0;SOLEIL;5;9.0;0
Saint-Dizier;48.63;4.95;23/09/2026;23:00;14.6;0;SOLEIL;4;10.4;0
Saint-Dizier;48.63;4.95;24/09/2026;00:00;14.6;0;SOLEIL;4;13.0;0
Saint-Dizier;48.63;4.95;24/09/2026;01:00;14.6;0;SOLEIL;4;16.2;0
Saint-Dizier;48.63;4.95;24/09/2026;02:00;11.2;0;SOLEIL;5;18.7;0
Saint-Dizier;48.63;4.95;24/09/2026;03:00;11.2;0;SOLEIL;5;19.8;0
Saint-Dizier;48.63;4.95;24/09/2026;04:00;11.2;0;SOLEIL;5;19.8;0
Saint-Dizier;48.63;4.95;24/09/2026;05:00;12;2;NUAGEUX;4;20.5;0
Saint-Dizier;48.63;4.95;24/09/2026;06:00;12;2;NUAGEUX;4;22.0;0
Saint-Dizier;48.63;4.95;24/09/2026;07:00;12;2;NUAGEUX;4;23.8;0
Saint-Dizier;48.63;4.95;24/09/2026;08:00;13.6;0;SOLEIL;5;25.9;0
Saint-Dizier;48.63;4.95;24/09/2026;09:00;14.8;0;SOLEIL;5;28.4;0
Saint-Dizier;48.63;4.95;24/09/2026;10:00;16.0;0;SOLEIL;5;31.3;0
Saint-Dizier;48.63;4.95;24/09/2026;11:00;20.2;0;SOLEIL;4;33.1;0
Saint-Dizier;48.63;4.95;24/09/2026;12:00;20.2;0;SOLEIL;4;32.8;0
Saint-Dizier;48.63;4.95;24/09/2026;13:00;20.2;0;SOLEIL;4;31.3;0
Saint-Dizier;48.63;4.95;24/09/2026;14:00;20.7;0;SOLEIL;5;29.9;0
Saint-Dizier;48.63;4.95;24/09/2026;15:00;21.9;0;SOLEIL;5;29.2;0
Saint-Dizier;48.63;4.95;24/09/2026;16:00;20.7;0;SOLEIL;5;28.4;0
Saint-Dizier;48.63;4.95;24/09/2026;17:00;16.5;0;SOLEIL;3;27.0;0
Saint-Dizier;48.63;4.95;24/09/2026;18:00;16.5;0;SOLEIL;3;24.1;0
Saint-Dizier;48.63;4.95;24/09/2026;19:00;16.5;0;SOLEIL;3;20.2;0
Saint-Dizier;48.63;4.95;24/09/2026;20:00;16.0;0;SOLEIL;5;16.6;0
Saint-Dizier;48.63;4.95;24/09/2026;21:00;14.8;0;SOLEIL;5;13.3;0
Saint-Dizier;48.63;4.95;24/09/2026;22:00;13.6;0;SOLEIL;5;10.1;0
Saint-Dizier;48.63;4.95;24/09/2026;23:00;11.9;0;SOLEIL;3;7.6;0
Saint-Dizier;48.63;4.95;25/09/2026;00:00;11.9;0;SOLEIL;3;6.8;0
Saint-Dizier;48.63;4.95;25/09/2026;01:00;11.9;0;SOLEIL;3;6.8;0
Saint-Dizier;48.63;4.95;25/09/2026;02:00;9.5;0;SOLEIL;5;7.5;0
Saint-Dizier;48.63;4.95;25/09/2026;03:00;9.5;0;SOLEIL;5;8.3;0
Saint-Dizier;48.63;4.95;25/09/2026;04:00;9.5;0;SOLEIL;5;8.6;0
Saint-Dizier;48.63;4.95;25/09/2026;05:00;10.4;0;SOLEIL;3;9.0;0
Saint-Dizier;48.63;4.95;25/09/2026;06:00;10.4;0;SOLEIL;3;8.6;0
Saint-Dizier;48.63;4.95;25/09/2026;07:00;10.4;0;SOLEIL;3;8.3;0
Saint-Dizier;48.63;4.95;25/09/2026;08:00;12.2;0;SOLEIL;5;8.6;0
Saint-Dizier;48.63;4.95;25/09/2026;09:00;13.6;0;SOLEIL;5;10.4;0
Saint-Dizier;48.63;4.95;25/09/2026;10:00;14.9;0;SOLEIL;5;13.0;0
Saint-Dizier;48.63;4.95;25/09/2026;11:00;21.2;0;SOLEIL;4;14.8;0
Saint-Dizier;48.63;4.95;25/09/2026;12:00;21.2;0;SOLEIL;4;15.8;0
Saint-Dizier;48.63;4.95;25/09/2026;13:00;21.2;0;SOLEIL;4;16.2;0
Saint-Dizier;48.63;4.95;25/09/2026;14:00;20.3;0;SOLEIL;5;16.2;0
Saint-Dizier;48.63;4.95;25/09/2026;15:00;21.7;0;SOLEIL;5;15.5;0
Saint-Dizier;48.63;4.95;25/09/2026;16:00;20.3;0;SOLEIL;5;14.4;0
Saint-Dizier;48.63;4.95;25/09/2026;17:00;17.4;0;SOLEIL;3;13.3;0
Saint-Dizier;48.63;4.95;25/09/2026;18:00;17.4;0;SOLEIL;3;12.2;0
Saint-Dizier;48.63;4.95;25/09/2026;19:00;17.4;0;SOLEIL;3;11.2;0
Saint-Dizier;48.63;4.95;25/09/2026;20:00;14.9;0;SOLEIL;5;10.1;0
Saint-Dizier;48.63;4.95;25/09/2026;21:00;13.6;0;SOLEIL;5;8.6;0
Saint-Dizier;48.63;4.95;25/09/2026;22:00;12.2;0;SOLEIL;5;7.2;0
Saint-Dizier;48.63;4.95;25/09/2026;23:00;12.6;0;SOLEIL;2;6.1;0
Longwy;49.52;5.76;21/09/2026;00:00;13.9;5;SOLEIL VOILÉ;2;15.5;0
Longwy;49.52;5.76;21/09/2026;01:00;12.6;5;SOLEIL VOILÉ;2;11.9;0
Longwy;49.52;5.76;21/09/2026;02:00;11.7;5;SOLEIL VOILÉ;2;14.4;0
Longwy;49.52;5.76;21/09/2026;03:00;11.1;5;SOLEIL VOILÉ;2;12.2;0
Longwy;49.52;5.76;21/09/2026;04:00;11.1;5;SOLEIL VOILÉ;1;11.5;0
Longwy;49.52;5.76;21/09/2026;05:00;10.1;5;SOLEIL VOILÉ;2;8.3;0
Longwy;49.52;5.76;21/09/2026;06:00;10.5;5;SOLEIL VOILÉ;2;7.6;0
Longwy;49.52;5.76;21/09/2026;07:00;12.1;5;SOLEIL VOILÉ;2;6.1;0
Longwy;49.52;5.76;21/09/2026;08:00;14.1;5;SOLEIL VOILÉ;2;7.2;0
Longwy;49.52;5.76;21/09/2026;09:00;16.6;5;SOLEIL VOILÉ;3;6.5;0
Longwy;49.52;5.76;21/09/2026;10:00;18.1;5;SOLEIL VOILÉ;3;15.1;0
Longwy;49.52;5.76;21/09/2026;11:00;19.1;5;SOLEIL VOILÉ;3;22.7;0
Longwy;49.52;5.76;21/09/2026;12:00;20.9;5;SOLEIL VOILÉ;3;25.2;0
Longwy;49.52;5.76;21/09/2026;13:00;22.4;5;SOLEIL VOILÉ;3;26.3;0
Longwy;49.52;5.76;21/09/2026;14:00;22.9;5;SOLEIL VOILÉ;3;28.4;0
Longwy;49.52;5.76;21/09/2026;15:00;22.6;5;SOLEIL VOILÉ;3;26.3;0
Longwy;49.52;5.76;21/09/2026;16:00;21.6;5;SOLEIL VOILÉ;3;28.1;0
Longwy;49.52;5.76;21/09/2026;17:00;20.4;5;SOLEIL VOILÉ;3;29.5;0
Longwy;49.52;5.76;21/09/2026;18:00;18.4;0;SOLEIL;2;29.2;0
Longwy;49.52;5.76;21/09/2026;19:00;16;0;SOLEIL;2;25.9;0
Longwy;49.52;5.76;21/09/2026;20:00;14.2;0;SOLEIL;2;18.0;0
Longwy;49.52;5.76;21/09/2026;21:00;13;0;SOLEIL;2;12.2;0
Longwy;49.52;5.76;21/09/2026;22:00;12.4;0;SOLEIL;2;9.4;0
Longwy;49.52;5.76;21/09/2026;23:00;12;0;SOLEIL;2;7.6;0
Longwy;49.52;5.76;22/09/2026;00:00;11.6;0;SOLEIL;3;7.9;0
Longwy;49.52;5.76;22/09/2026;01:00;11.6;0;SOLEIL;3;8.3;0
Longwy;49.52;5.76;22/09/2026;02:00;10.6;0;SOLEIL;3;7.6;0
Longwy;49.52;5.76;22/09/2026;03:00;10.6;0;SOLEIL;3;8.0;0
Longwy;49.52;5.76;22/09/2026;04:00;10.6;0;SOLEIL;3;7.4;0
Longwy;49.52;5.76;22/09/2026;05:00;11.2;0;SOLEIL;3;7.6;0
Longwy;49.52;5.76;22/09/2026;06:00;11.2;0;SOLEIL;3;7.9;0
Longwy;49.52;5.76;22/09/2026;07:00;11.2;0;SOLEIL;3;7.2;0
Longwy;49.52;5.76;22/09/2026;08:00;18.7;0;SOLEIL;3;6.8;0
Longwy;49.52;5.76;22/09/2026;09:00;18.7;0;SOLEIL;3;7.2;0
Longwy;49.52;5.76;22/09/2026;10:00;18.7;0;SOLEIL;3;15.8;0
Longwy;49.52;5.76;22/09/2026;11:00;23;0;SOLEIL;3;18.7;0
Longwy;49.52;5.76;22/09/2026;12:00;23;0;SOLEIL;3;21.6;0
Longwy;49.52;5.76;22/09/2026;13:00;23;0;SOLEIL;3;22.7;0
Longwy;49.52;5.76;22/09/2026;14:00;24.6;0;SOLEIL;3;24.5;0
Longwy;49.52;5.76;22/09/2026;15:00;24.6;0;SOLEIL;3;26.6;0
Longwy;49.52;5.76;22/09/2026;16:00;24.6;0;SOLEIL;3;28.8;0
Longwy;49.52;5.76;22/09/2026;17:00;21.5;0;SOLEIL;3;29.2;0
Longwy;49.52;5.76;22/09/2026;18:00;21.5;0;SOLEIL;3;29.2;0
Longwy;49.52;5.76;22/09/2026;19:00;21.5;0;SOLEIL;3;25.6;0
Longwy;49.52;5.76;22/09/2026;20:00;16.1;0;SOLEIL;3;18.0;0
Longwy;49.52;5.76;22/09/2026;21:00;16.1;0;SOLEIL;3;11.2;0
Longwy;49.52;5.76;22/09/2026;22:00;16.1;0;SOLEIL;3;10.8;0
Longwy;49.52;5.76;22/09/2026;23:00;14.1;0;SOLEIL;3;11.2;0
Longwy;49.52;5.76;23/09/2026;00:00;14.1;0;SOLEIL;3;13.0;0
Longwy;49.52;5.76;23/09/2026;01:00;14.1;0;SOLEIL;3;13.3;0
Longwy;49.52;5.76;23/09/2026;02:00;12.5;0;SOLEIL;3;12.6;0
Longwy;49.52;5.76;23/09/2026;03:00;12.5;0;SOLEIL;3;11.2;0
Longwy;49.52;5.76;23/09/2026;04:00;12.5;0;SOLEIL;3;10.8;0
Longwy;49.52;5.76;23/09/2026;05:00;11.6;0;SOLEIL;3;9.7;0
Longwy;49.52;5.76;23/09/2026;06:00;11.6;0;SOLEIL;3;8.3;0
Longwy;49.52;5.76;23/09/2026;07:00;11.6;0;SOLEIL;3;7.2;0
Longwy;49.52;5.76;23/09/2026;08:00;19.2;0;SOLEIL;2;7.6;0
Longwy;49.52;5.76;23/09/2026;09:00;19.2;0;SOLEIL;2;12.2;0
Longwy;49.52;5.76;23/09/2026;10:00;19.2;0;SOLEIL;2;18.7;0
Longwy;49.52;5.76;23/09/2026;11:00;25.2;0;SOLEIL;2;21.6;0
Longwy;49.52;5.76;23/09/2026;12:00;25.2;0;SOLEIL;2;17.6;0
Longwy;49.52;5.76;23/09/2026;13:00;25.2;0;SOLEIL;2;10.1;0
Longwy;49.52;5.76;23/09/2026;14:00;26;5;SOLEIL VOILÉ;2;5.0;0
Longwy;49.52;5.76;23/09/2026;15:00;26;5;SOLEIL VOILÉ;2;5.4;0
Longwy;49.52;5.76;23/09/2026;16:00;26;5;SOLEIL VOILÉ;2;8.6;0
Longwy;49.52;5.76;23/09/2026;17:00;22;0;SOLEIL;2;10.8;0
Longwy;49.52;5.76;23/09/2026;18:00;22;0;SOLEIL;2;11.2;0
Longwy;49.52;5.76;23/09/2026;19:00;22;0;SOLEIL;2;10.4;0
Longwy;49.52;5.76;23/09/2026;20:00;18.2;0;SOLEIL;5;9.7;0
Longwy;49.52;5.76;23/09/2026;21:00;16.4;0;SOLEIL;5;7.9;0
Longwy;49.52;5.76;23/09/2026;22:00;14.6;0;SOLEIL;5;5.8;0
Longwy;49.52;5.76;23/09/2026;23:00;13.6;0;SOLEIL;4;5.8;0
Longwy;49.52;5.76;24/09/2026;00:00;13.6;0;SOLEIL;4;10.4;0
Longwy;49.52;5.76;24/09/2026;01:00;13.6;0;SOLEIL;4;16.9;0
Longwy;49.52;5.76;24/09/2026;02:00;11;0;SOLEIL;5;21.6;0
Longwy;49.52;5.76;24/09/2026;03:00;11;0;SOLEIL;5;21.6;0
Longwy;49.52;5.76;24/09/2026;04:00;11;0;SOLEIL;5;19.4;0
Longwy;49.52;5.76;24/09/2026;05:00;11.7;0;SOLEIL;3;18.0;0
Longwy;49.52;5.76;24/09/2026;06:00;11.7;0;SOLEIL;3;18.7;0
Longwy;49.52;5.76;24/09/2026;07:00;11.7;0;SOLEIL;3;20.2;0
Longwy;49.52;5.76;24/09/2026;08:00;13.6;0;SOLEIL;5;21.6;0
Longwy;49.52;5.76;24/09/2026;09:00;14.9;0;SOLEIL;5;23.0;0
Longwy;49.52;5.76;24/09/2026;10:00;16.2;0;SOLEIL;5;24.5;0
Longwy;49.52;5.76;24/09/2026;11:00;21.2;0;SOLEIL;3;25.9;0
Longwy;49.52;5.76;24/09/2026;12:00;21.2;0;SOLEIL;3;27.7;0
Longwy;49.52;5.76;24/09/2026;13:00;21.2;0;SOLEIL;3;29.9;0
Longwy;49.52;5.76;24/09/2026;14:00;21.3;0;SOLEIL;5;30.2;0
Longwy;49.52;5.76;24/09/2026;15:00;22.6;0;SOLEIL;5;28.4;0
Longwy;49.52;5.76;24/09/2026;16:00;21.3;0;SOLEIL;5;25.2;0
Longwy;49.52;5.76;24/09/2026;17:00;18.4;0;SOLEIL;2;21.6;0
Longwy;49.52;5.76;24/09/2026;18:00;18.4;0;SOLEIL;2;17.3;0
Longwy;49.52;5.76;24/09/2026;19:00;18.4;0;SOLEIL;2;12.2;0
Longwy;49.52;5.76;24/09/2026;20:00;16.2;0;SOLEIL;5;8.3;0
Longwy;49.52;5.76;24/09/2026;21:00;14.9;0;SOLEIL;5;5.8;0
Longwy;49.52;5.76;24/09/2026;22:00;13.6;0;SOLEIL;5;4.3;0
Longwy;49.52;5.76;24/09/2026;23:00;12.1;0;SOLEIL;3;3.6;0
Longwy;49.52;5.76;25/09/2026;00:00;12.1;0;SOLEIL;3;4.0;0
Longwy;49.52;5.76;25/09/2026;01:00;12.1;0;SOLEIL;3;5.2;0
Longwy;49.52;5.76;25/09/2026;02:00;9.2;0;SOLEIL;5;6.5;0
Longwy;49.52;5.76;25/09/2026;03:00;9.2;0;SOLEIL;5;7.2;0
Longwy;49.52;5.76;25/09/2026;04:00;9.2;0;SOLEIL;5;7.6;0
Longwy;49.52;5.76;25/09/2026;05:00;10.4;0;SOLEIL;3;7.9;0
Longwy;49.52;5.76;25/09/2026;06:00;10.4;0;SOLEIL;3;8.3;0
Longwy;49.52;5.76;25/09/2026;07:00;10.4;0;SOLEIL;3;8.3;0
Longwy;49.52;5.76;25/09/2026;08:00;12.3;0;SOLEIL;5;8.3;0
Longwy;49.52;5.76;25/09/2026;09:00;13.9;0;SOLEIL;5;7.6;0
Longwy;49.52;5.76;25/09/2026;10:00;15.4;0;SOLEIL;5;6.8;0
Longwy;49.52;5.76;25/09/2026;11:00;22.6;0;SOLEIL;3;6.5;0
Longwy;49.52;5.76;25/09/2026;12:00;22.6;0;SOLEIL;3;7.2;0
Longwy;49.52;5.76;25/09/2026;13:00;22.6;0;SOLEIL;3;8.6;0
Longwy;49.52;5.76;25/09/2026;14:00;21.6;0;SOLEIL;5;10.1;0
Longwy;49.52;5.76;25/09/2026;15:00;23.2;0;SOLEIL;5;11.9;0
Longwy;49.52;5.76;25/09/2026;16:00;21.6;0;SOLEIL;5;14.4;0
Longwy;49.52;5.76;25/09/2026;17:00;19.6;0;SOLEIL;3;15.5;0
Longwy;49.52;5.76;25/09/2026;18:00;19.6;0;SOLEIL;3;15.1;0
Longwy;49.52;5.76;25/09/2026;19:00;19.6;0;SOLEIL;3;14.0;0
Longwy;49.52;5.76;25/09/2026;20:00;15.4;0;SOLEIL;5;12.6;0
Longwy;49.52;5.76;25/09/2026;21:00;13.9;0;SOLEIL;5;10.8;0
Longwy;49.52;5.76;25/09/2026;22:00;12.3;0;SOLEIL;5;8.6;0
Longwy;49.52;5.76;25/09/2026;23:00;12.6;0;SOLEIL;3;7.2;0
Lunéville;48.59;6.49;21/09/2026;00:00;10.6;5;SOLEIL VOILÉ;2;15.5;0
Lunéville;48.59;6.49;21/09/2026;01:00;10.1;5;SOLEIL VOILÉ;2;12.6;0
Lunéville;48.59;6.49;21/09/2026;02:00;9.7;5;SOLEIL VOILÉ;2;7.2;0
Lunéville;48.59;6.49;21/09/2026;03:00;9.1;5;SOLEIL VOILÉ;2;5.8;0
Lunéville;48.59;6.49;21/09/2026;04:00;8.9;5;SOLEIL VOILÉ;2;5.4;0
Lunéville;48.59;6.49;21/09/2026;05:00;8.6;5;SOLEIL VOILÉ;2;3.6;0
Lunéville;48.59;6.49;21/09/2026;06:00;9.1;5;SOLEIL VOILÉ;2;4.7;0
Lunéville;48.59;6.49;21/09/2026;07:00;11.7;5;SOLEIL VOILÉ;1;5.8;0
Lunéville;48.59;6.49;21/09/2026;08:00;13.1;5;SOLEIL VOILÉ;2;5.0;0
Lunéville;48.59;6.49;21/09/2026;09:00;15;5;SOLEIL VOILÉ;2;9.7;0
Lunéville;48.59;6.49;21/09/2026;10:00;16.7;5;SOLEIL VOILÉ;2;12.2;0
Lunéville;48.59;6.49;21/09/2026;11:00;17.6;5;SOLEIL VOILÉ;2;20.2;0
Lunéville;48.59;6.49;21/09/2026;12:00;18.7;5;SOLEIL VOILÉ;2;22.7;0
Lunéville;48.59;6.49;21/09/2026;13:00;19.5;5;SOLEIL VOILÉ;2;22.7;0
Lunéville;48.59;6.49;21/09/2026;14:00;20.4;5;SOLEIL VOILÉ;2;21.6;0
Lunéville;48.59;6.49;21/09/2026;15:00;20.5;5;SOLEIL VOILÉ;3;17.3;0
Lunéville;48.59;6.49;21/09/2026;16:00;19.9;5;SOLEIL VOILÉ;3;15.8;0
Lunéville;48.59;6.49;21/09/2026;17:00;18.5;5;SOLEIL VOILÉ;3;15.5;0
Lunéville;48.59;6.49;21/09/2026;18:00;16.6;0;SOLEIL;3;19.8;0
Lunéville;48.59;6.49;21/09/2026;19:00;14.6;0;SOLEIL;3;19.8;0
Lunéville;48.59;6.49;21/09/2026;20:00;13.1;0;SOLEIL;3;19.4;0
Lunéville;48.59;6.49;21/09/2026;21:00;12.2;0;SOLEIL;2;16.6;0
Lunéville;48.59;6.49;21/09/2026;22:00;11.6;0;SOLEIL;2;15.8;0
Lunéville;48.59;6.49;21/09/2026;23:00;11.1;0;SOLEIL;2;11.2;0
Lunéville;48.59;6.49;22/09/2026;00:00;10.9;0;SOLEIL;2;9.7;0
Lunéville;48.59;6.49;22/09/2026;01:00;10.9;0;SOLEIL;2;11.2;0
Lunéville;48.59;6.49;22/09/2026;02:00;9.6;0;SOLEIL;2;10.1;0
Lunéville;48.59;6.49;22/09/2026;03:00;9.6;0;SOLEIL;2;5.8;0
Lunéville;48.59;6.49;22/09/2026;04:00;9.6;0;SOLEIL;2;7.2;0
Lunéville;48.59;6.49;22/09/2026;05:00;9.7;0;SOLEIL;2;10.4;0
Lunéville;48.59;6.49;22/09/2026;06:00;9.7;0;SOLEIL;2;13.3;0
Lunéville;48.59;6.49;22/09/2026;07:00;9.7;0;SOLEIL;2;10.4;0
Lunéville;48.59;6.49;22/09/2026;08:00;16.1;0;SOLEIL;2;11.9;0
Lunéville;48.59;6.49;22/09/2026;09:00;16.1;0;SOLEIL;2;15.1;0
Lunéville;48.59;6.49;22/09/2026;10:00;16.1;0;SOLEIL;2;16.6;0
Lunéville;48.59;6.49;22/09/2026;11:00;20.1;0;SOLEIL;3;18.7;0
Lunéville;48.59;6.49;22/09/2026;12:00;20.1;0;SOLEIL;3;22.0;0
Lunéville;48.59;6.49;22/09/2026;13:00;20.1;0;SOLEIL;3;23.8;0
Lunéville;48.59;6.49;22/09/2026;14:00;22.1;0;SOLEIL;3;25.7;0
Lunéville;48.59;6.49;22/09/2026;15:00;22.1;0;SOLEIL;3;25.7;0
Lunéville;48.59;6.49;22/09/2026;16:00;22.1;0;SOLEIL;3;26.1;0
Lunéville;48.59;6.49;22/09/2026;17:00;17.6;0;SOLEIL;3;27.0;0
Lunéville;48.59;6.49;22/09/2026;18:00;17.6;0;SOLEIL;3;26.6;0
Lunéville;48.59;6.49;22/09/2026;19:00;17.6;0;SOLEIL;3;27.0;0
Lunéville;48.59;6.49;22/09/2026;20:00;13.9;0;SOLEIL;3;23.4;0
Lunéville;48.59;6.49;22/09/2026;21:00;13.9;0;SOLEIL;3;26.3;0
Lunéville;48.59;6.49;22/09/2026;22:00;13.9;0;SOLEIL;3;28.1;0
Lunéville;48.59;6.49;22/09/2026;23:00;12.6;0;SOLEIL;3;26.3;0
Lunéville;48.59;6.49;23/09/2026;00:00;12.6;0;SOLEIL;3;24.1;0
Lunéville;48.59;6.49;23/09/2026;01:00;12.6;0;SOLEIL;3;23.4;0
Lunéville;48.59;6.49;23/09/2026;02:00;11;0;SOLEIL;2;21.6;0
Lunéville;48.59;6.49;23/09/2026;03:00;11;0;SOLEIL;2;19.8;0
Lunéville;48.59;6.49;23/09/2026;04:00;11;0;SOLEIL;2;18.7;0
Lunéville;48.59;6.49;23/09/2026;05:00;10.4;0;SOLEIL;2;18.4;0
Lunéville;48.59;6.49;23/09/2026;06:00;10.4;0;SOLEIL;2;18.7;0
Lunéville;48.59;6.49;23/09/2026;07:00;10.4;0;SOLEIL;2;18.7;0
Lunéville;48.59;6.49;23/09/2026;08:00;16.6;0;SOLEIL;3;17.6;0
Lunéville;48.59;6.49;23/09/2026;09:00;16.6;0;SOLEIL;3;19.1;0
Lunéville;48.59;6.49;23/09/2026;10:00;16.6;0;SOLEIL;3;23.0;0
Lunéville;48.59;6.49;23/09/2026;11:00;21.1;0;SOLEIL;2;27.4;0
Lunéville;48.59;6.49;23/09/2026;12:00;21.1;0;SOLEIL;2;28.1;0
Lunéville;48.59;6.49;23/09/2026;13:00;21.1;0;SOLEIL;2;27.4;0
Lunéville;48.59;6.49;23/09/2026;14:00;22.1;5;SOLEIL VOILÉ;2;25.6;0
Lunéville;48.59;6.49;23/09/2026;15:00;22.1;5;SOLEIL VOILÉ;2;25.2;0
Lunéville;48.59;6.49;23/09/2026;16:00;22.1;5;SOLEIL VOILÉ;2;25.2;0
Lunéville;48.59;6.49;23/09/2026;17:00;18.5;5;SOLEIL VOILÉ;2;24.1;0
Lunéville;48.59;6.49;23/09/2026;18:00;18.5;5;SOLEIL VOILÉ;2;20.9;0
Lunéville;48.59;6.49;23/09/2026;19:00;18.5;5;SOLEIL VOILÉ;2;16.9;0
Lunéville;48.59;6.49;23/09/2026;20:00;15.7;0;SOLEIL;5;14.0;0
Lunéville;48.59;6.49;23/09/2026;21:00;14.2;0;SOLEIL;5;14.0;0
Lunéville;48.59;6.49;23/09/2026;22:00;12.7;0;SOLEIL;5;15.5;0
Lunéville;48.59;6.49;23/09/2026;23:00;12.6;0;SOLEIL;4;16.9;0
Lunéville;48.59;6.49;24/09/2026;00:00;12.6;0;SOLEIL;4;18.0;0
Lunéville;48.59;6.49;24/09/2026;01:00;12.6;0;SOLEIL;4;19.1;0
Lunéville;48.59;6.49;24/09/2026;02:00;10.5;0;SOLEIL;5;20.9;0
Lunéville;48.59;6.49;24/09/2026;03:00;10.5;0;SOLEIL;5;23.4;0
Lunéville;48.59;6.49;24/09/2026;04:00;10.5;0;SOLEIL;5;27.0;0
Lunéville;48.59;6.49;24/09/2026;05:00;11.2;0;SOLEIL;3;30.2;0
Lunéville;48.59;6.49;24/09/2026;06:00;11.2;0;SOLEIL;3;33.8;0
Lunéville;48.59;6.49;24/09/2026;07:00;11.2;0;SOLEIL;3;37.1;0
Lunéville;48.59;6.49;24/09/2026;08:00;12.7;0;SOLEIL;5;40.3;0
Lunéville;48.59;6.49;24/09/2026;09:00;13.8;0;SOLEIL;5;43.2;0
Lunéville;48.59;6.49;24/09/2026;10:00;14.9;0;SOLEIL;5;45.4;0
Lunéville;48.59;6.49;24/09/2026;11:00;19.2;0;SOLEIL;4;46.8;0
Lunéville;48.59;6.49;24/09/2026;12:00;19.2;0;SOLEIL;4;46.4;0
Lunéville;48.59;6.49;24/09/2026;13:00;19.2;0;SOLEIL;4;45.4;0
Lunéville;48.59;6.49;24/09/2026;14:00;19.3;0;SOLEIL;5;44.6;0
Lunéville;48.59;6.49;24/09/2026;15:00;20.4;0;SOLEIL;5;45.0;0
Lunéville;48.59;6.49;24/09/2026;16:00;19.3;0;SOLEIL;5;45.4;0
Lunéville;48.59;6.49;24/09/2026;17:00;15.2;0;SOLEIL;3;45.4;0
Lunéville;48.59;6.49;24/09/2026;18:00;15.2;0;SOLEIL;3;44.6;0
Lunéville;48.59;6.49;24/09/2026;19:00;15.2;0;SOLEIL;3;43.2;0
Lunéville;48.59;6.49;24/09/2026;20:00;14.9;0;SOLEIL;5;40.3;0
Lunéville;48.59;6.49;24/09/2026;21:00;13.8;0;SOLEIL;5;35.3;0
Lunéville;48.59;6.49;24/09/2026;22:00;12.7;0;SOLEIL;5;28.8;0
Lunéville;48.59;6.49;24/09/2026;23:00;10.7;0;SOLEIL;3;22.7;0
Lunéville;48.59;6.49;25/09/2026;00:00;10.7;0;SOLEIL;3;17.6;0
Lunéville;48.59;6.49;25/09/2026;01:00;10.7;0;SOLEIL;3;13.0;0
Lunéville;48.59;6.49;25/09/2026;02:00;9;0;SOLEIL;5;10.1;0
Lunéville;48.59;6.49;25/09/2026;03:00;9;0;SOLEIL;5;10.4;0
Lunéville;48.59;6.49;25/09/2026;04:00;9;0;SOLEIL;5;13.0;0
Lunéville;48.59;6.49;25/09/2026;05:00;10.1;0;SOLEIL;3;14.8;0
Lunéville;48.59;6.49;25/09/2026;06:00;10.1;0;SOLEIL;3;15.1;0
Lunéville;48.59;6.49;25/09/2026;07:00;10.1;0;SOLEIL;3;15.1;0
Lunéville;48.59;6.49;25/09/2026;08:00;11.6;0;SOLEIL;5;14.8;0
Lunéville;48.59;6.49;25/09/2026;09:00;12.8;0;SOLEIL;5;14.4;0
Lunéville;48.59;6.49;25/09/2026;10:00;14.1;0;SOLEIL;5;13.7;0
Lunéville;48.59;6.49;25/09/2026;11:00;19.6;0;SOLEIL;3;14.0;0
Lunéville;48.59;6.49;25/09/2026;12:00;19.6;0;SOLEIL;3;15.5;0
Lunéville;48.59;6.49;25/09/2026;13:00;19.6;0;SOLEIL;3;18.0;0
Lunéville;48.59;6.49;25/09/2026;14:00;19.2;0;SOLEIL;5;19.4;0
Lunéville;48.59;6.49;25/09/2026;15:00;20.5;0;SOLEIL;5;19.8;0
Lunéville;48.59;6.49;25/09/2026;16:00;19.2;0;SOLEIL;5;19.1;0
Lunéville;48.59;6.49;25/09/2026;17:00;17.2;0;SOLEIL;2;18.7;0
Lunéville;48.59;6.49;25/09/2026;18:00;17.2;0;SOLEIL;2;18.4;0
Lunéville;48.59;6.49;25/09/2026;19:00;17.2;0;SOLEIL;2;17.6;0
Lunéville;48.59;6.49;25/09/2026;20:00;14.1;0;SOLEIL;5;17.3;0
Lunéville;48.59;6.49;25/09/2026;21:00;12.8;0;SOLEIL;5;18.7;0
Lunéville;48.59;6.49;25/09/2026;22:00;11.6;0;SOLEIL;5;18.7;0
Lunéville;48.59;6.49;25/09/2026;23:00;11.1;0;SOLEIL;3;18.4;0
Nancy;48.69;6.18;21/09/2026;00:00;13.6;5;SOLEIL VOILÉ;2;20.5;0
Nancy;48.69;6.18;21/09/2026;01:00;12.5;5;SOLEIL VOILÉ;2;17.6;0
Nancy;48.69;6.18;21/09/2026;02:00;11.6;5;SOLEIL VOILÉ;2;15.1;0
Nancy;48.69;6.18;21/09/2026;03:00;11.4;5;SOLEIL VOILÉ;2;14.0;0
Nancy;48.69;6.18;21/09/2026;04:00;10.1;5;SOLEIL VOILÉ;2;10.4;0
Nancy;48.69;6.18;21/09/2026;05:00;9.6;5;SOLEIL VOILÉ;2;9.4;0
Nancy;48.69;6.18;21/09/2026;06:00;10.6;5;SOLEIL VOILÉ;2;10.1;0
Nancy;48.69;6.18;21/09/2026;07:00;12.1;5;SOLEIL VOILÉ;2;9.0;0
Nancy;48.69;6.18;21/09/2026;08:00;14.6;5;SOLEIL VOILÉ;3;9.4;0
Nancy;48.69;6.18;21/09/2026;09:00;16.6;5;SOLEIL VOILÉ;3;13.7;0
Nancy;48.69;6.18;21/09/2026;10:00;18.4;5;SOLEIL VOILÉ;3;18.7;0
Nancy;48.69;6.18;21/09/2026;11:00;19.9;5;SOLEIL VOILÉ;3;22.3;0
Nancy;48.69;6.18;21/09/2026;12:00;20.6;5;SOLEIL VOILÉ;3;23.8;0
Nancy;48.69;6.18;21/09/2026;13:00;21.1;5;SOLEIL VOILÉ;3;27.0;0
Nancy;48.69;6.18;21/09/2026;14:00;21.9;5;SOLEIL VOILÉ;4;28.1;0
Nancy;48.69;6.18;21/09/2026;15:00;22;5;SOLEIL VOILÉ;4;27.0;0
Nancy;48.69;6.18;21/09/2026;16:00;21.5;5;SOLEIL VOILÉ;3;27.7;0
Nancy;48.69;6.18;21/09/2026;17:00;20;5;SOLEIL VOILÉ;3;27.0;0
Nancy;48.69;6.18;21/09/2026;18:00;17.9;0;SOLEIL;2;25.6;0
Nancy;48.69;6.18;21/09/2026;19:00;15.4;0;SOLEIL;2;21.6;0
Nancy;48.69;6.18;21/09/2026;20:00;13.6;0;SOLEIL;2;15.5;0
Nancy;48.69;6.18;21/09/2026;21:00;12.4;0;SOLEIL;2;11.5;0
Nancy;48.69;6.18;21/09/2026;22:00;11.4;0;SOLEIL;2;8.6;0
Nancy;48.69;6.18;21/09/2026;23:00;10.6;0;SOLEIL;3;8.3;0
Nancy;48.69;6.18;22/09/2026;00:00;10.4;0;SOLEIL;3;9.0;0
Nancy;48.69;6.18;22/09/2026;01:00;10.4;0;SOLEIL;3;7.9;0
Nancy;48.69;6.18;22/09/2026;02:00;8.6;0;SOLEIL;2;7.9;0
Nancy;48.69;6.18;22/09/2026;03:00;8.6;0;SOLEIL;2;7.8;0
Nancy;48.69;6.18;22/09/2026;04:00;8.6;0;SOLEIL;2;7.7;0
Nancy;48.69;6.18;22/09/2026;05:00;9.4;0;SOLEIL;3;7.0;0
Nancy;48.69;6.18;22/09/2026;06:00;9.4;0;SOLEIL;3;6.5;0
Nancy;48.69;6.18;22/09/2026;07:00;9.4;0;SOLEIL;3;6.8;0
Nancy;48.69;6.18;22/09/2026;08:00;17.9;0;SOLEIL;4;6.8;0
Nancy;48.69;6.18;22/09/2026;09:00;17.9;0;SOLEIL;4;8.6;0
Nancy;48.69;6.18;22/09/2026;10:00;17.9;0;SOLEIL;4;18.0;0
Nancy;48.69;6.18;22/09/2026;11:00;23.1;0;SOLEIL;4;22.3;0
Nancy;48.69;6.18;22/09/2026;12:00;23.1;0;SOLEIL;4;25.2;0
Nancy;48.69;6.18;22/09/2026;13:00;23.1;0;SOLEIL;4;27.0;0
Nancy;48.69;6.18;22/09/2026;14:00;23.7;0;SOLEIL;4;27.4;0
Nancy;48.69;6.18;22/09/2026;15:00;23.7;0;SOLEIL;4;27.0;0
Nancy;48.69;6.18;22/09/2026;16:00;23.7;0;SOLEIL;4;28.4;0
Nancy;48.69;6.18;22/09/2026;17:00;19.6;0;SOLEIL;4;28.1;0
Nancy;48.69;6.18;22/09/2026;18:00;19.6;0;SOLEIL;4;24.5;0
Nancy;48.69;6.18;22/09/2026;19:00;19.6;0;SOLEIL;4;21.6;0
Nancy;48.69;6.18;22/09/2026;20:00;14.4;0;SOLEIL;3;15.8;0
Nancy;48.69;6.18;22/09/2026;21:00;14.4;0;SOLEIL;3;12.2;0
Nancy;48.69;6.18;22/09/2026;22:00;14.4;0;SOLEIL;3;13.0;0
Nancy;48.69;6.18;22/09/2026;23:00;11.7;0;SOLEIL;3;12.2;0
Nancy;48.69;6.18;23/09/2026;00:00;11.7;0;SOLEIL;3;10.8;0
Nancy;48.69;6.18;23/09/2026;01:00;11.7;0;SOLEIL;3;9.7;0
Nancy;48.69;6.18;23/09/2026;02:00;9.9;0;SOLEIL;3;9.4;0
Nancy;48.69;6.18;23/09/2026;03:00;9.9;0;SOLEIL;3;9.4;0
Nancy;48.69;6.18;23/09/2026;04:00;9.9;0;SOLEIL;3;9.0;0
Nancy;48.69;6.18;23/09/2026;05:00;9.6;0;SOLEIL;2;8.6;0
Nancy;48.69;6.18;23/09/2026;06:00;9.6;0;SOLEIL;2;7.6;0
Nancy;48.69;6.18;23/09/2026;07:00;9.6;0;SOLEIL;2;6.8;0
Nancy;48.69;6.18;23/09/2026;08:00;18.4;0;SOLEIL;2;6.1;0
Nancy;48.69;6.18;23/09/2026;09:00;18.4;0;SOLEIL;2;7.6;0
Nancy;48.69;6.18;23/09/2026;10:00;18.4;0;SOLEIL;2;9.7;0
Nancy;48.69;6.18;23/09/2026;11:00;23.1;0;SOLEIL;2;11.5;0
Nancy;48.69;6.18;23/09/2026;12:00;23.1;0;SOLEIL;2;12.6;0
Nancy;48.69;6.18;23/09/2026;13:00;23.1;0;SOLEIL;2;13.0;0
Nancy;48.69;6.18;23/09/2026;14:00;24.6;0;SOLEIL;2;12.6;0
Nancy;48.69;6.18;23/09/2026;15:00;24.6;0;SOLEIL;2;10.4;0
Nancy;48.69;6.18;23/09/2026;16:00;24.6;0;SOLEIL;2;7.6;0
Nancy;48.69;6.18;23/09/2026;17:00;21.1;5;SOLEIL VOILÉ;0;5.0;0
Nancy;48.69;6.18;23/09/2026;18:00;21.1;5;SOLEIL VOILÉ;0;3.6;0
Nancy;48.69;6.18;23/09/2026;19:00;21.1;5;SOLEIL VOILÉ;0;2.9;0
Nancy;48.69;6.18;23/09/2026;20:00;16.1;0;SOLEIL;5;2.9;0
Nancy;48.69;6.18;23/09/2026;21:00;14.3;0;SOLEIL;5;4.0;0
Nancy;48.69;6.18;23/09/2026;22:00;12.5;0;SOLEIL;5;6.1;0
Nancy;48.69;6.18;23/09/2026;23:00;14.5;0;SOLEIL;3;7.6;0
Nancy;48.69;6.18;24/09/2026;00:00;14.5;0;SOLEIL;3;7.6;0
Nancy;48.69;6.18;24/09/2026;01:00;14.5;0;SOLEIL;3;6.8;0
Nancy;48.69;6.18;24/09/2026;02:00;11.1;0;SOLEIL;5;7.6;0
Nancy;48.69;6.18;24/09/2026;03:00;11.1;0;SOLEIL;5;10.8;0
Nancy;48.69;6.18;24/09/2026;04:00;11.1;0;SOLEIL;5;15.5;0
Nancy;48.69;6.18;24/09/2026;05:00;12.4;0;SOLEIL;3;19.4;0
Nancy;48.69;6.18;24/09/2026;06:00;12.4;0;SOLEIL;3;22.3;0
Nancy;48.69;6.18;24/09/2026;07:00;12.4;0;SOLEIL;3;24.5;0
Nancy;48.69;6.18;24/09/2026;08:00;13.7;0;SOLEIL;5;26.6;0
Nancy;48.69;6.18;24/09/2026;09:00;15.0;0;SOLEIL;5;29.2;0
Nancy;48.69;6.18;24/09/2026;10:00;16.3;0;SOLEIL;5;32.0;0
Nancy;48.69;6.18;24/09/2026;11:00;21.1;0;SOLEIL;3;33.1;0
Nancy;48.69;6.18;24/09/2026;12:00;21.1;0;SOLEIL;3;32.0;0
Nancy;48.69;6.18;24/09/2026;13:00;21.1;0;SOLEIL;3;29.9;0
Nancy;48.69;6.18;24/09/2026;14:00;21.6;0;SOLEIL;5;27.7;0
Nancy;48.69;6.18;24/09/2026;15:00;22.9;0;SOLEIL;5;27.0;0
Nancy;48.69;6.18;24/09/2026;16:00;21.6;0;SOLEIL;5;26.3;0
Nancy;48.69;6.18;24/09/2026;17:00;17.5;0;SOLEIL;2;24.1;0
Nancy;48.69;6.18;24/09/2026;18:00;17.5;0;SOLEIL;2;18.0;0
Nancy;48.69;6.18;24/09/2026;19:00;17.5;0;SOLEIL;2;10.4;0
Nancy;48.69;6.18;24/09/2026;20:00;16.3;0;SOLEIL;5;4.7;0
Nancy;48.69;6.18;24/09/2026;21:00;15.0;0;SOLEIL;5;2.9;0
Nancy;48.69;6.18;24/09/2026;22:00;13.7;0;SOLEIL;5;2.5;0
Nancy;48.69;6.18;24/09/2026;23:00;10.5;0;SOLEIL;2;2.9;0
Nancy;48.69;6.18;25/09/2026;00:00;10.5;0;SOLEIL;2;3.1;0
Nancy;48.69;6.18;25/09/2026;01:00;10.5;0;SOLEIL;2;3.2;0
Nancy;48.69;6.18;25/09/2026;02:00;8.1;0;SOLEIL;5;3.1;0
Nancy;48.69;6.18;25/09/2026;03:00;8.1;0;SOLEIL;5;2.9;0
Nancy;48.69;6.18;25/09/2026;04:00;8.1;0;SOLEIL;5;2.5;0
Nancy;48.69;6.18;25/09/2026;05:00;9.4;0;SOLEIL;2;2.2;0
Nancy;48.69;6.18;25/09/2026;06:00;9.4;0;SOLEIL;2;1.4;0
Nancy;48.69;6.18;25/09/2026;07:00;9.4;0;SOLEIL;2;0.4;0
Nancy;48.69;6.18;25/09/2026;08:00;11.3;0;SOLEIL;5;0.7;0
Nancy;48.69;6.18;25/09/2026;09:00;12.9;0;SOLEIL;5;3.2;0
Nancy;48.69;6.18;25/09/2026;10:00;14.5;0;SOLEIL;5;6.8;0
Nancy;48.69;6.18;25/09/2026;11:00;21.9;0;SOLEIL;4;10.1;0
Nancy;48.69;6.18;25/09/2026;12:00;21.9;0;SOLEIL;4;11.9;0
Nancy;48.69;6.18;25/09/2026;13:00;21.9;0;SOLEIL;4;13.0;0
Nancy;48.69;6.18;25/09/2026;14:00;20.9;0;SOLEIL;5;13.7;0
Nancy;48.69;6.18;25/09/2026;15:00;22.5;0;SOLEIL;5;13.7;0
Nancy;48.69;6.18;25/09/2026;16:00;20.9;0;SOLEIL;5;13.0;0
Nancy;48.69;6.18;25/09/2026;17:00;18.1;0;SOLEIL;3;11.9;0
Nancy;48.69;6.18;25/09/2026;18:00;18.1;0;SOLEIL;3;10.4;0
Nancy;48.69;6.18;25/09/2026;19:00;18.1;0;SOLEIL;3;8.3;0
Nancy;48.69;6.18;25/09/2026;20:00;14.5;0;SOLEIL;5;6.5;0
Nancy;48.69;6.18;25/09/2026;21:00;12.9;0;SOLEIL;5;5.0;0
Nancy;48.69;6.18;25/09/2026;22:00;11.3;0;SOLEIL;5;4.0;0
Nancy;48.69;6.18;25/09/2026;23:00;10;0;SOLEIL;2;2.9;0
Bar-le-Duc;48.77;5.16;21/09/2026;00:00;13.1;5;SOLEIL VOILÉ;2;20.5;0
Bar-le-Duc;48.77;5.16;21/09/2026;01:00;12;5;SOLEIL VOILÉ;2;18.7;0
Bar-le-Duc;48.77;5.16;21/09/2026;02:00;11.1;5;SOLEIL VOILÉ;2;14.8;0
Bar-le-Duc;48.77;5.16;21/09/2026;03:00;11.1;5;SOLEIL VOILÉ;2;13.3;0
Bar-le-Duc;48.77;5.16;21/09/2026;04:00;10.1;5;SOLEIL VOILÉ;2;9.7;0
Bar-le-Duc;48.77;5.16;21/09/2026;05:00;9.9;5;SOLEIL VOILÉ;2;5.4;0
Bar-le-Duc;48.77;5.16;21/09/2026;06:00;10.1;5;SOLEIL VOILÉ;2;5.8;0
Bar-le-Duc;48.77;5.16;21/09/2026;07:00;12.9;5;SOLEIL VOILÉ;2;3.6;0
Bar-le-Duc;48.77;5.16;21/09/2026;08:00;14.7;5;SOLEIL VOILÉ;2;4.0;0
Bar-le-Duc;48.77;5.16;21/09/2026;09:00;16.7;5;SOLEIL VOILÉ;3;6.5;0
Bar-le-Duc;48.77;5.16;21/09/2026;10:00;18;5;SOLEIL VOILÉ;3;14.8;0
Bar-le-Duc;48.77;5.16;21/09/2026;11:00;19.6;5;SOLEIL VOILÉ;3;21.6;0
Bar-le-Duc;48.77;5.16;21/09/2026;12:00;20.7;5;SOLEIL VOILÉ;3;22.7;0
Bar-le-Duc;48.77;5.16;21/09/2026;13:00;21.7;5;SOLEIL VOILÉ;3;26.6;0
Bar-le-Duc;48.77;5.16;21/09/2026;14:00;22.5;5;SOLEIL VOILÉ;3;27.0;0
Bar-le-Duc;48.77;5.16;21/09/2026;15:00;22.5;5;SOLEIL VOILÉ;3;27.0;0
Bar-le-Duc;48.77;5.16;21/09/2026;16:00;21.6;5;SOLEIL VOILÉ;3;27.0;0
Bar-le-Duc;48.77;5.16;21/09/2026;17:00;20;5;SOLEIL VOILÉ;3;26.6;0
Bar-le-Duc;48.77;5.16;21/09/2026;18:00;18;0;SOLEIL;2;24.8;0
Bar-le-Duc;48.77;5.16;21/09/2026;19:00;15.9;0;SOLEIL;2;23.4;0
Bar-le-Duc;48.77;5.16;21/09/2026;20:00;14.1;0;SOLEIL;2;19.4;0
Bar-le-Duc;48.77;5.16;21/09/2026;21:00;13.1;0;SOLEIL;2;11.2;0
Bar-le-Duc;48.77;5.16;21/09/2026;22:00;12.2;0;SOLEIL;2;8.6;0
Bar-le-Duc;48.77;5.16;21/09/2026;23:00;12.1;0;SOLEIL;3;7.6;0
Bar-le-Duc;48.77;5.16;22/09/2026;00:00;11.7;0;SOLEIL;3;6.5;0
Bar-le-Duc;48.77;5.16;22/09/2026;01:00;11.7;0;SOLEIL;3;3.2;0
Bar-le-Duc;48.77;5.16;22/09/2026;02:00;10.1;0;SOLEIL;2;4.0;0
Bar-le-Duc;48.77;5.16;22/09/2026;03:00;10.1;0;SOLEIL;2;5.0;0
Bar-le-Duc;48.77;5.16;22/09/2026;04:00;10.1;0;SOLEIL;2;4.5;0
Bar-le-Duc;48.77;5.16;22/09/2026;05:00;10.2;0;SOLEIL;2;5.1;0
Bar-le-Duc;48.77;5.16;22/09/2026;06:00;10.2;0;SOLEIL;2;5.8;0
Bar-le-Duc;48.77;5.16;22/09/2026;07:00;10.2;0;SOLEIL;2;7.6;0
Bar-le-Duc;48.77;5.16;22/09/2026;08:00;17.9;0;SOLEIL;3;6.5;0
Bar-le-Duc;48.77;5.16;22/09/2026;09:00;17.9;0;SOLEIL;3;7.2;0
Bar-le-Duc;48.77;5.16;22/09/2026;10:00;17.9;0;SOLEIL;3;17.3;0
Bar-le-Duc;48.77;5.16;22/09/2026;11:00;22.5;0;SOLEIL;3;23.0;0
Bar-le-Duc;48.77;5.16;22/09/2026;12:00;22.5;0;SOLEIL;3;24.1;0
Bar-le-Duc;48.77;5.16;22/09/2026;13:00;22.5;0;SOLEIL;3;26.3;0
Bar-le-Duc;48.77;5.16;22/09/2026;14:00;23.6;0;SOLEIL;4;27.4;0
Bar-le-Duc;48.77;5.16;22/09/2026;15:00;23.6;0;SOLEIL;4;28.1;0
Bar-le-Duc;48.77;5.16;22/09/2026;16:00;23.6;0;SOLEIL;4;29.5;0
Bar-le-Duc;48.77;5.16;22/09/2026;17:00;19.7;0;SOLEIL;3;29.5;0
Bar-le-Duc;48.77;5.16;22/09/2026;18:00;19.7;0;SOLEIL;3;27.0;0
Bar-le-Duc;48.77;5.16;22/09/2026;19:00;19.7;0;SOLEIL;3;25.6;0
Bar-le-Duc;48.77;5.16;22/09/2026;20:00;15.1;0;SOLEIL;3;19.8;0
Bar-le-Duc;48.77;5.16;22/09/2026;21:00;15.1;0;SOLEIL;3;9.7;0
Bar-le-Duc;48.77;5.16;22/09/2026;22:00;15.1;0;SOLEIL;3;11.5;0
Bar-le-Duc;48.77;5.16;22/09/2026;23:00;12.6;0;SOLEIL;3;12.6;0
Bar-le-Duc;48.77;5.16;23/09/2026;00:00;12.6;0;SOLEIL;3;12.6;0
Bar-le-Duc;48.77;5.16;23/09/2026;01:00;12.6;0;SOLEIL;3;10.8;0
Bar-le-Duc;48.77;5.16;23/09/2026;02:00;11.2;0;SOLEIL;2;9.0;0
Bar-le-Duc;48.77;5.16;23/09/2026;03:00;11.2;0;SOLEIL;2;9.0;0
Bar-le-Duc;48.77;5.16;23/09/2026;04:00;11.2;0;SOLEIL;2;9.0;0
Bar-le-Duc;48.77;5.16;23/09/2026;05:00;10.7;0;SOLEIL;3;9.4;0
Bar-le-Duc;48.77;5.16;23/09/2026;06:00;10.7;0;SOLEIL;3;9.4;0
Bar-le-Duc;48.77;5.16;23/09/2026;07:00;10.7;0;SOLEIL;3;9.4;0
Bar-le-Duc;48.77;5.16;23/09/2026;08:00;18;0;SOLEIL;3;8.3;0
Bar-le-Duc;48.77;5.16;23/09/2026;09:00;18;0;SOLEIL;3;11.2;0
Bar-le-Duc;48.77;5.16;23/09/2026;10:00;18;0;SOLEIL;3;15.5;0
Bar-le-Duc;48.77;5.16;23/09/2026;11:00;22.5;0;SOLEIL;2;18.0;0
Bar-le-Duc;48.77;5.16;23/09/2026;12:00;22.5;0;SOLEIL;2;18.0;0
Bar-le-Duc;48.77;5.16;23/09/2026;13:00;22.5;0;SOLEIL;2;16.2;0
Bar-le-Duc;48.77;5.16;23/09/2026;14:00;24.2;0;SOLEIL;0;14.4;0
Bar-le-Duc;48.77;5.16;23/09/2026;15:00;24.2;0;SOLEIL;0;12.6;0
Bar-le-Duc;48.77;5.16;23/09/2026;16:00;24.2;0;SOLEIL;0;10.8;0
Bar-le-Duc;48.77;5.16;23/09/2026;17:00;21.6;5;SOLEIL VOILÉ;1;9.4;0
Bar-le-Duc;48.77;5.16;23/09/2026;18:00;21.6;5;SOLEIL VOILÉ;1;9.0;0
Bar-le-Duc;48.77;5.16;23/09/2026;19:00;21.6;5;SOLEIL VOILÉ;1;9.7;0
Bar-le-Duc;48.77;5.16;23/09/2026;20:00;16.7;0;SOLEIL;5;10.4;0
Bar-le-Duc;48.77;5.16;23/09/2026;21:00;15.1;0;SOLEIL;5;11.5;0
Bar-le-Duc;48.77;5.16;23/09/2026;22:00;13.5;0;SOLEIL;5;13.3;0
Bar-le-Duc;48.77;5.16;23/09/2026;23:00;14.5;0;SOLEIL;4;14.0;0
Bar-le-Duc;48.77;5.16;24/09/2026;00:00;14.5;0;SOLEIL;4;13.0;0
Bar-le-Duc;48.77;5.16;24/09/2026;01:00;14.5;0;SOLEIL;4;11.2;0
Bar-le-Duc;48.77;5.16;24/09/2026;02:00;11.7;0;SOLEIL;5;11.2;0
Bar-le-Duc;48.77;5.16;24/09/2026;03:00;11.7;0;SOLEIL;5;14.8;0
Bar-le-Duc;48.77;5.16;24/09/2026;04:00;11.7;0;SOLEIL;5;19.8;0
Bar-le-Duc;48.77;5.16;24/09/2026;05:00;12.7;0;SOLEIL;3;24.1;0
Bar-le-Duc;48.77;5.16;24/09/2026;06:00;12.7;0;SOLEIL;3;26.3;0
Bar-le-Duc;48.77;5.16;24/09/2026;07:00;12.7;0;SOLEIL;3;27.7;0
Bar-le-Duc;48.77;5.16;24/09/2026;08:00;14.2;0;SOLEIL;5;29.5;0
Bar-le-Duc;48.77;5.16;24/09/2026;09:00;15.5;0;SOLEIL;5;32.4;0
Bar-le-Duc;48.77;5.16;24/09/2026;10:00;16.8;0;SOLEIL;5;35.6;0
Bar-le-Duc;48.77;5.16;24/09/2026;11:00;21.5;0;SOLEIL;3;37.8;0
Bar-le-Duc;48.77;5.16;24/09/2026;12:00;21.5;0;SOLEIL;3;37.8;0
Bar-le-Duc;48.77;5.16;24/09/2026;13:00;21.5;0;SOLEIL;3;36.4;0
Bar-le-Duc;48.77;5.16;24/09/2026;14:00;21.8;0;SOLEIL;5;34.6;0
Bar-le-Duc;48.77;5.16;24/09/2026;15:00;23.1;0;SOLEIL;5;32.4;0
Bar-le-Duc;48.77;5.16;24/09/2026;16:00;21.8;0;SOLEIL;5;29.5;0
Bar-le-Duc;48.77;5.16;24/09/2026;17:00;18.1;0;SOLEIL;2;26.3;0
Bar-le-Duc;48.77;5.16;24/09/2026;18:00;18.1;0;SOLEIL;2;23.0;0
Bar-le-Duc;48.77;5.16;24/09/2026;19:00;18.1;0;SOLEIL;2;19.4;0
Bar-le-Duc;48.77;5.16;24/09/2026;20:00;16.8;0;SOLEIL;5;16.2;0
Bar-le-Duc;48.77;5.16;24/09/2026;21:00;15.5;0;SOLEIL;5;13.7;0
Bar-le-Duc;48.77;5.16;24/09/2026;22:00;14.2;0;SOLEIL;5;11.9;0
Bar-le-Duc;48.77;5.16;24/09/2026;23:00;11.7;0;SOLEIL;2;10.4;0
Bar-le-Duc;48.77;5.16;25/09/2026;00:00;11.7;0;SOLEIL;2;8.5;0
Bar-le-Duc;48.77;5.16;25/09/2026;01:00;11.7;0;SOLEIL;2;6.5;0
Bar-le-Duc;48.77;5.16;25/09/2026;02:00;9.4;0;SOLEIL;5;5.0;0
Bar-le-Duc;48.77;5.16;25/09/2026;03:00;9.4;0;SOLEIL;5;3.6;0
Bar-le-Duc;48.77;5.16;25/09/2026;04:00;9.4;0;SOLEIL;5;3.6;0
Bar-le-Duc;48.77;5.16;25/09/2026;05:00;10.6;0;SOLEIL;2;3.2;0
Bar-le-Duc;48.77;5.16;25/09/2026;06:00;10.6;0;SOLEIL;2;2.5;0
Bar-le-Duc;48.77;5.16;25/09/2026;07:00;10.6;0;SOLEIL;2;1.4;0
Bar-le-Duc;48.77;5.16;25/09/2026;08:00;12.3;0;SOLEIL;5;1.8;0
Bar-le-Duc;48.77;5.16;25/09/2026;09:00;13.8;0;SOLEIL;5;4.0;0
Bar-le-Duc;48.77;5.16;25/09/2026;10:00;15.3;0;SOLEIL;5;7.2;0
Bar-le-Duc;48.77;5.16;25/09/2026;11:00;22;0;SOLEIL;3;9.7;0
Bar-le-Duc;48.77;5.16;25/09/2026;12:00;22;0;SOLEIL;3;10.8;0
Bar-le-Duc;48.77;5.16;25/09/2026;13:00;22;0;SOLEIL;3;11.2;0
Bar-le-Duc;48.77;5.16;25/09/2026;14:00;21.1;0;SOLEIL;5;11.2;0
Bar-le-Duc;48.77;5.16;25/09/2026;15:00;22.6;0;SOLEIL;5;10.1;0
Bar-le-Duc;48.77;5.16;25/09/2026;16:00;21.1;0;SOLEIL;5;8.6;0
Bar-le-Duc;48.77;5.16;25/09/2026;17:00;18.1;0;SOLEIL;2;7.2;0
Bar-le-Duc;48.77;5.16;25/09/2026;18:00;18.1;0;SOLEIL;2;5.8;0
Bar-le-Duc;48.77;5.16;25/09/2026;19:00;18.1;0;SOLEIL;2;4.7;0
Bar-le-Duc;48.77;5.16;25/09/2026;20:00;15.3;0;SOLEIL;5;3.6;0
Bar-le-Duc;48.77;5.16;25/09/2026;21:00;13.8;0;SOLEIL;5;2.9;0
Bar-le-Duc;48.77;5.16;25/09/2026;22:00;12.3;0;SOLEIL;5;2.9;0
Bar-le-Duc;48.77;5.16;25/09/2026;23:00;12;0;SOLEIL;3;2.5;0
Commercy;48.76;5.59;21/09/2026;00:00;13.2;5;SOLEIL VOILÉ;2;9.7;0
Commercy;48.76;5.59;21/09/2026;01:00;12.5;5;SOLEIL VOILÉ;2;8.6;0
Commercy;48.76;5.59;21/09/2026;02:00;11.9;5;SOLEIL VOILÉ;1;10.1;0
Commercy;48.76;5.59;21/09/2026;03:00;11.4;5;SOLEIL VOILÉ;1;10.1;0
Commercy;48.76;5.59;21/09/2026;04:00;10.6;5;SOLEIL VOILÉ;1;9.0;0
Commercy;48.76;5.59;21/09/2026;05:00;10.5;5;SOLEIL VOILÉ;1;7.6;0
Commercy;48.76;5.59;21/09/2026;06:00;10.7;5;SOLEIL VOILÉ;1;7.2;0
Commercy;48.76;5.59;21/09/2026;07:00;12.9;5;SOLEIL VOILÉ;2;6.1;0
Commercy;48.76;5.59;21/09/2026;08:00;15.6;5;SOLEIL VOILÉ;2;5.8;0
Commercy;48.76;5.59;21/09/2026;09:00;17.1;5;SOLEIL VOILÉ;2;5.8;0
Commercy;48.76;5.59;21/09/2026;10:00;18.7;5;SOLEIL VOILÉ;2;16.2;0
Commercy;48.76;5.59;21/09/2026;11:00;19.7;5;SOLEIL VOILÉ;2;22.7;0
Commercy;48.76;5.59;21/09/2026;12:00;21.1;5;SOLEIL VOILÉ;3;26.6;0
Commercy;48.76;5.59;21/09/2026;13:00;22.4;5;SOLEIL VOILÉ;3;27.4;0
Commercy;48.76;5.59;21/09/2026;14:00;22.9;5;SOLEIL VOILÉ;3;27.4;0
Commercy;48.76;5.59;21/09/2026;15:00;22.5;5;SOLEIL VOILÉ;3;25.6;0
Commercy;48.76;5.59;21/09/2026;16:00;21.7;5;SOLEIL VOILÉ;3;26.6;0
Commercy;48.76;5.59;21/09/2026;17:00;20.1;5;SOLEIL VOILÉ;3;27.7;0
Commercy;48.76;5.59;21/09/2026;18:00;18.1;0;SOLEIL;2;26.3;0
Commercy;48.76;5.59;21/09/2026;19:00;15.9;0;SOLEIL;2;23.4;0
Commercy;48.76;5.59;21/09/2026;20:00;14.4;0;SOLEIL;2;14.0;0
Commercy;48.76;5.59;21/09/2026;21:00;13.5;0;SOLEIL;2;8.3;0
Commercy;48.76;5.59;21/09/2026;22:00;12.6;0;SOLEIL;3;7.9;0
Commercy;48.76;5.59;21/09/2026;23:00;11.9;0;SOLEIL;3;6.8;0
Commercy;48.76;5.59;22/09/2026;00:00;11.7;0;SOLEIL;3;5.8;0
Commercy;48.76;5.59;22/09/2026;01:00;11.7;0;SOLEIL;3;6.5;0
Commercy;48.76;5.59;22/09/2026;02:00;10;0;SOLEIL;3;6.8;0
Commercy;48.76;5.59;22/09/2026;03:00;10;0;SOLEIL;3;7.5;0
Commercy;48.76;5.59;22/09/2026;04:00;10;0;SOLEIL;3;8.8;0
Commercy;48.76;5.59;22/09/2026;05:00;10.6;0;SOLEIL;3;9.9;0
Commercy;48.76;5.59;22/09/2026;06:00;10.6;0;SOLEIL;3;10.8;0
Commercy;48.76;5.59;22/09/2026;07:00;10.6;0;SOLEIL;3;10.4;0
Commercy;48.76;5.59;22/09/2026;08:00;19.1;0;SOLEIL;3;9.7;0
Commercy;48.76;5.59;22/09/2026;09:00;19.1;0;SOLEIL;3;10.4;0
Commercy;48.76;5.59;22/09/2026;10:00;19.1;0;SOLEIL;3;18.0;0
Commercy;48.76;5.59;22/09/2026;11:00;23.2;0;SOLEIL;3;20.9;0
Commercy;48.76;5.59;22/09/2026;12:00;23.2;0;SOLEIL;3;21.2;0
Commercy;48.76;5.59;22/09/2026;13:00;23.2;0;SOLEIL;3;22.0;0
Commercy;48.76;5.59;22/09/2026;14:00;24.5;0;SOLEIL;4;24.1;0
Commercy;48.76;5.59;22/09/2026;15:00;24.5;0;SOLEIL;4;26.6;0
Commercy;48.76;5.59;22/09/2026;16:00;24.5;0;SOLEIL;4;29.2;0
Commercy;48.76;5.59;22/09/2026;17:00;20.9;0;SOLEIL;3;29.5;0
Commercy;48.76;5.59;22/09/2026;18:00;20.9;0;SOLEIL;3;29.2;0
Commercy;48.76;5.59;22/09/2026;19:00;20.9;0;SOLEIL;3;26.6;0
Commercy;48.76;5.59;22/09/2026;20:00;15.4;0;SOLEIL;3;20.9;0
Commercy;48.76;5.59;22/09/2026;21:00;15.4;0;SOLEIL;3;13.3;0
Commercy;48.76;5.59;22/09/2026;22:00;15.4;0;SOLEIL;3;16.6;0
Commercy;48.76;5.59;22/09/2026;23:00;13.6;0;SOLEIL;4;19.1;0
Commercy;48.76;5.59;23/09/2026;00:00;13.6;0;SOLEIL;4;20.2;0
Commercy;48.76;5.59;23/09/2026;01:00;13.6;0;SOLEIL;4;20.5;0
Commercy;48.76;5.59;23/09/2026;02:00;11.2;0;SOLEIL;4;19.8;0
Commercy;48.76;5.59;23/09/2026;03:00;11.2;0;SOLEIL;4;17.3;0
Commercy;48.76;5.59;23/09/2026;04:00;11.2;0;SOLEIL;4;16.6;0
Commercy;48.76;5.59;23/09/2026;05:00;11.6;0;SOLEIL;4;18.0;0
Commercy;48.76;5.59;23/09/2026;06:00;11.6;0;SOLEIL;4;18.0;0
Commercy;48.76;5.59;23/09/2026;07:00;11.6;0;SOLEIL;4;18.0;0
Commercy;48.76;5.59;23/09/2026;08:00;19.7;0;SOLEIL;3;17.3;0
Commercy;48.76;5.59;23/09/2026;09:00;19.7;0;SOLEIL;3;20.2;0
Commercy;48.76;5.59;23/09/2026;10:00;19.7;0;SOLEIL;3;24.1;0
Commercy;48.76;5.59;23/09/2026;11:00;25.2;0;SOLEIL;2;25.6;0
Commercy;48.76;5.59;23/09/2026;12:00;25.2;0;SOLEIL;2;22.3;0
Commercy;48.76;5.59;23/09/2026;13:00;25.2;0;SOLEIL;2;16.9;0
Commercy;48.76;5.59;23/09/2026;14:00;26.1;0;SOLEIL;2;13.0;0
Commercy;48.76;5.59;23/09/2026;15:00;26.1;0;SOLEIL;2;12.2;0
Commercy;48.76;5.59;23/09/2026;16:00;26.1;0;SOLEIL;2;13.0;0
Commercy;48.76;5.59;23/09/2026;17:00;21.6;5;SOLEIL VOILÉ;2;13.3;0
Commercy;48.76;5.59;23/09/2026;18:00;21.6;5;SOLEIL VOILÉ;2;13.0;0
Commercy;48.76;5.59;23/09/2026;19:00;21.6;5;SOLEIL VOILÉ;2;12.2;0
Commercy;48.76;5.59;23/09/2026;20:00;17.9;0;SOLEIL;5;11.5;0
Commercy;48.76;5.59;23/09/2026;21:00;16.1;0;SOLEIL;5;9.7;0
Commercy;48.76;5.59;23/09/2026;22:00;14.3;0;SOLEIL;5;7.6;0
Commercy;48.76;5.59;23/09/2026;23:00;13.9;0;SOLEIL;4;7.6;0
Commercy;48.76;5.59;24/09/2026;00:00;13.9;0;SOLEIL;4;11.9;0
Commercy;48.76;5.59;24/09/2026;01:00;13.9;0;SOLEIL;4;18.0;0
Commercy;48.76;5.59;24/09/2026;02:00;11.5;0;SOLEIL;5;23.0;0
Commercy;48.76;5.59;24/09/2026;03:00;11.5;0;SOLEIL;5;24.8;0
Commercy;48.76;5.59;24/09/2026;04:00;11.5;0;SOLEIL;5;24.8;0
Commercy;48.76;5.59;24/09/2026;05:00;12.5;0;SOLEIL;3;24.8;0
Commercy;48.76;5.59;24/09/2026;06:00;12.5;0;SOLEIL;3;25.2;0
Commercy;48.76;5.59;24/09/2026;07:00;12.5;0;SOLEIL;3;25.6;0
Commercy;48.76;5.59;24/09/2026;08:00;14.1;0;SOLEIL;5;26.3;0
Commercy;48.76;5.59;24/09/2026;09:00;15.4;0;SOLEIL;5;27.7;0
Commercy;48.76;5.59;24/09/2026;10:00;16.7;0;SOLEIL;5;29.5;0
Commercy;48.76;5.59;24/09/2026;11:00;21.6;0;SOLEIL;3;31.0;0
Commercy;48.76;5.59;24/09/2026;12:00;21.6;0;SOLEIL;3;32.4;0
Commercy;48.76;5.59;24/09/2026;13:00;21.6;0;SOLEIL;3;33.8;0
Commercy;48.76;5.59;24/09/2026;14:00;21.8;0;SOLEIL;5;33.5;0
Commercy;48.76;5.59;24/09/2026;15:00;23.1;0;SOLEIL;5;30.6;0
Commercy;48.76;5.59;24/09/2026;16:00;21.8;0;SOLEIL;5;26.6;0
Commercy;48.76;5.59;24/09/2026;17:00;18.1;0;SOLEIL;2;22.7;0
Commercy;48.76;5.59;24/09/2026;18:00;18.1;0;SOLEIL;2;20.2;0
Commercy;48.76;5.59;24/09/2026;19:00;18.1;0;SOLEIL;2;17.6;0
Commercy;48.76;5.59;24/09/2026;20:00;16.7;0;SOLEIL;5;15.1;0
Commercy;48.76;5.59;24/09/2026;21:00;15.4;0;SOLEIL;5;11.5;0
Commercy;48.76;5.59;24/09/2026;22:00;14.1;0;SOLEIL;5;7.6;0
Commercy;48.76;5.59;24/09/2026;23:00;12.4;0;SOLEIL;3;4.7;0
Commercy;48.76;5.59;25/09/2026;00:00;12.4;0;SOLEIL;3;4.3;0
Commercy;48.76;5.59;25/09/2026;01:00;12.4;0;SOLEIL;3;5.6;0
Commercy;48.76;5.59;25/09/2026;02:00;10;0;SOLEIL;5;7.0;0
Commercy;48.76;5.59;25/09/2026;03:00;10;0;SOLEIL;5;7.9;0
Commercy;48.76;5.59;25/09/2026;04:00;10;0;SOLEIL;5;8.3;0
Commercy;48.76;5.59;25/09/2026;05:00;11;0;SOLEIL;4;8.6;0
Commercy;48.76;5.59;25/09/2026;06:00;11;0;SOLEIL;4;9.0;0
Commercy;48.76;5.59;25/09/2026;07:00;11;0;SOLEIL;4;9.0;0
Commercy;48.76;5.59;25/09/2026;08:00;12.9;0;SOLEIL;5;9.0;0
Commercy;48.76;5.59;25/09/2026;09:00;14.3;0;SOLEIL;5;8.3;0
Commercy;48.76;5.59;25/09/2026;10:00;15.8;0;SOLEIL;5;7.2;0
Commercy;48.76;5.59;25/09/2026;11:00;22.5;0;SOLEIL;3;6.5;0
Commercy;48.76;5.59;25/09/2026;12:00;22.5;0;SOLEIL;3;6.8;0
Commercy;48.76;5.59;25/09/2026;13:00;22.5;0;SOLEIL;3;7.6;0
Commercy;48.76;5.59;25/09/2026;14:00;21.6;0;SOLEIL;5;8.3;0
Commercy;48.76;5.59;25/09/2026;15:00;23.0;0;SOLEIL;5;9.4;0
Commercy;48.76;5.59;25/09/2026;16:00;21.6;0;SOLEIL;5;10.8;0
Commercy;48.76;5.59;25/09/2026;17:00;18.7;0;SOLEIL;3;11.5;0
Commercy;48.76;5.59;25/09/2026;18:00;18.7;0;SOLEIL;3;11.2;0
Commercy;48.76;5.59;25/09/2026;19:00;18.7;0;SOLEIL;3;10.4;0
Commercy;48.76;5.59;25/09/2026;20:00;15.8;0;SOLEIL;5;9.7;0
Commercy;48.76;5.59;25/09/2026;21:00;14.3;0;SOLEIL;5;9.0;0
Commercy;48.76;5.59;25/09/2026;22:00;12.9;0;SOLEIL;5;7.9;0
Commercy;48.76;5.59;25/09/2026;23:00;12.2;0;SOLEIL;4;7.6;0
Verdun;49.16;5.38;21/09/2026;00:00;11.1;5;SOLEIL VOILÉ;2;9.0;0
Verdun;49.16;5.38;21/09/2026;01:00;10;5;SOLEIL VOILÉ;2;6.5;0
Verdun;49.16;5.38;21/09/2026;02:00;9.5;5;SOLEIL VOILÉ;1;6.1;0
Verdun;49.16;5.38;21/09/2026;03:00;9;5;SOLEIL VOILÉ;1;6.8;0
Verdun;49.16;5.38;21/09/2026;04:00;8.4;5;SOLEIL VOILÉ;1;4.7;0
Verdun;49.16;5.38;21/09/2026;05:00;7.9;5;SOLEIL VOILÉ;1;5.0;0
Verdun;49.16;5.38;21/09/2026;06:00;8.1;5;SOLEIL VOILÉ;1;4.3;0
Verdun;49.16;5.38;21/09/2026;07:00;10.7;5;SOLEIL VOILÉ;1;4.0;0
Verdun;49.16;5.38;21/09/2026;08:00;13.9;5;SOLEIL VOILÉ;2;4.0;0
Verdun;49.16;5.38;21/09/2026;09:00;15.9;5;SOLEIL VOILÉ;3;5.8;0
Verdun;49.16;5.38;21/09/2026;10:00;18;5;SOLEIL VOILÉ;3;13.3;0
Verdun;49.16;5.38;21/09/2026;11:00;19.4;5;SOLEIL VOILÉ;3;20.5;0
Verdun;49.16;5.38;21/09/2026;12:00;20.5;5;SOLEIL VOILÉ;3;24.1;0
Verdun;49.16;5.38;21/09/2026;13:00;21.4;5;SOLEIL VOILÉ;3;25.2;0
Verdun;49.16;5.38;21/09/2026;14:00;22;5;SOLEIL VOILÉ;3;26.6;0
Verdun;49.16;5.38;21/09/2026;15:00;21.9;5;SOLEIL VOILÉ;3;22.7;0
Verdun;49.16;5.38;21/09/2026;16:00;21.2;5;SOLEIL VOILÉ;3;23.8;0
Verdun;49.16;5.38;21/09/2026;17:00;19.6;5;SOLEIL VOILÉ;3;24.1;0
Verdun;49.16;5.38;21/09/2026;18:00;17.1;0;SOLEIL;2;26.3;0
Verdun;49.16;5.38;21/09/2026;19:00;14.6;0;SOLEIL;2;24.5;0
Verdun;49.16;5.38;21/09/2026;20:00;12.7;0;SOLEIL;2;15.8;0
Verdun;49.16;5.38;21/09/2026;21:00;11.2;0;SOLEIL;2;7.9;0
Verdun;49.16;5.38;21/09/2026;22:00;10.1;0;SOLEIL;3;5.0;0
Verdun;49.16;5.38;21/09/2026;23:00;9.1;0;SOLEIL;3;5.4;0
Verdun;49.16;5.38;22/09/2026;00:00;8.6;0;SOLEIL;3;6.5;0
Verdun;49.16;5.38;22/09/2026;01:00;8.6;0;SOLEIL;3;6.8;0
Verdun;49.16;5.38;22/09/2026;02:00;7.6;0;SOLEIL;2;6.5;0
Verdun;49.16;5.38;22/09/2026;03:00;7.6;0;SOLEIL;2;5.3;0
Verdun;49.16;5.38;22/09/2026;04:00;7.6;0;SOLEIL;2;4.5;0
Verdun;49.16;5.38;22/09/2026;05:00;8.1;0;SOLEIL;3;4.9;0
Verdun;49.16;5.38;22/09/2026;06:00;8.1;0;SOLEIL;3;4.7;0
Verdun;49.16;5.38;22/09/2026;07:00;8.1;0;SOLEIL;3;4.7;0
Verdun;49.16;5.38;22/09/2026;08:00;18.1;0;SOLEIL;3;4.3;0
Verdun;49.16;5.38;22/09/2026;09:00;18.1;0;SOLEIL;3;5.8;0
Verdun;49.16;5.38;22/09/2026;10:00;18.1;0;SOLEIL;3;18.7;0
Verdun;49.16;5.38;22/09/2026;11:00;22.6;0;SOLEIL;3;24.8;0
Verdun;49.16;5.38;22/09/2026;12:00;22.6;0;SOLEIL;3;26.3;0
Verdun;49.16;5.38;22/09/2026;13:00;22.6;0;SOLEIL;3;27.7;0
Verdun;49.16;5.38;22/09/2026;14:00;23.6;0;SOLEIL;4;27.7;0
Verdun;49.16;5.38;22/09/2026;15:00;23.6;0;SOLEIL;4;30.2;0
Verdun;49.16;5.38;22/09/2026;16:00;23.6;0;SOLEIL;4;31.3;0
Verdun;49.16;5.38;22/09/2026;17:00;19.6;0;SOLEIL;3;31.3;0
Verdun;49.16;5.38;22/09/2026;18:00;19.6;0;SOLEIL;3;31.0;0
Verdun;49.16;5.38;22/09/2026;19:00;19.6;0;SOLEIL;3;28.1;0
Verdun;49.16;5.38;22/09/2026;20:00;14.1;0;SOLEIL;3;21.2;0
Verdun;49.16;5.38;22/09/2026;21:00;14.1;0;SOLEIL;3;14.8;0
Verdun;49.16;5.38;22/09/2026;22:00;14.1;0;SOLEIL;3;18.0;0
Verdun;49.16;5.38;22/09/2026;23:00;10.6;0;SOLEIL;3;18.0;0
Verdun;49.16;5.38;23/09/2026;00:00;10.6;0;SOLEIL;3;15.5;0
Verdun;49.16;5.38;23/09/2026;01:00;10.6;0;SOLEIL;3;13.3;0
Verdun;49.16;5.38;23/09/2026;02:00;8.6;0;SOLEIL;3;11.9;0
Verdun;49.16;5.38;23/09/2026;03:00;8.6;0;SOLEIL;3;9.7;0
Verdun;49.16;5.38;23/09/2026;04:00;8.6;0;SOLEIL;3;7.9;0
Verdun;49.16;5.38;23/09/2026;05:00;8.5;0;SOLEIL;2;7.9;0
Verdun;49.16;5.38;23/09/2026;06:00;8.5;0;SOLEIL;2;8.6;0
Verdun;49.16;5.38;23/09/2026;07:00;8.5;0;SOLEIL;2;9.7;0
Verdun;49.16;5.38;23/09/2026;08:00;18.1;0;SOLEIL;3;10.1;0
Verdun;49.16;5.38;23/09/2026;09:00;18.1;0;SOLEIL;3;15.1;0
Verdun;49.16;5.38;23/09/2026;10:00;18.1;0;SOLEIL;3;21.2;0
Verdun;49.16;5.38;23/09/2026;11:00;24;0;SOLEIL;2;25.2;0
Verdun;49.16;5.38;23/09/2026;12:00;24;0;SOLEIL;2;24.5;0
Verdun;49.16;5.38;23/09/2026;13:00;24;0;SOLEIL;2;21.2;0
Verdun;49.16;5.38;23/09/2026;14:00;24.9;5;SOLEIL VOILÉ;3;17.6;0
Verdun;49.16;5.38;23/09/2026;15:00;24.9;5;SOLEIL VOILÉ;3;13.3;0
Verdun;49.16;5.38;23/09/2026;16:00;24.9;5;SOLEIL VOILÉ;3;8.6;0
Verdun;49.16;5.38;23/09/2026;17:00;21.1;5;SOLEIL VOILÉ;2;6.1;0
Verdun;49.16;5.38;23/09/2026;18:00;21.1;5;SOLEIL VOILÉ;2;7.6;0
Verdun;49.16;5.38;23/09/2026;19:00;21.1;5;SOLEIL VOILÉ;2;11.5;0
Verdun;49.16;5.38;23/09/2026;20:00;15.6;0;SOLEIL;5;14.4;0
Verdun;49.16;5.38;23/09/2026;21:00;13.6;0;SOLEIL;5;15.1;0
Verdun;49.16;5.38;23/09/2026;22:00;11.6;0;SOLEIL;5;14.8;0
Verdun;49.16;5.38;23/09/2026;23:00;13.6;0;SOLEIL;5;15.5;0
Verdun;49.16;5.38;24/09/2026;00:00;13.6;0;SOLEIL;5;18.7;0
Verdun;49.16;5.38;24/09/2026;01:00;13.6;0;SOLEIL;5;22.7;0
Verdun;49.16;5.38;24/09/2026;02:00;10.1;0;SOLEIL;5;25.6;0
Verdun;49.16;5.38;24/09/2026;03:00;10.1;0;SOLEIL;5;25.9;0
Verdun;49.16;5.38;24/09/2026;04:00;10.1;0;SOLEIL;5;25.6;0
Verdun;49.16;5.38;24/09/2026;05:00;11.2;0;SOLEIL;3;25.6;0
Verdun;49.16;5.38;24/09/2026;06:00;11.2;0;SOLEIL;3;27.0;0
Verdun;49.16;5.38;24/09/2026;07:00;11.2;0;SOLEIL;3;29.5;0
Verdun;49.16;5.38;24/09/2026;08:00;12.9;0;SOLEIL;5;31.7;0
Verdun;49.16;5.38;24/09/2026;09:00;14.3;0;SOLEIL;5;33.8;0
Verdun;49.16;5.38;24/09/2026;10:00;15.7;0;SOLEIL;5;36.0;0
Verdun;49.16;5.38;24/09/2026;11:00;21.5;0;SOLEIL;3;37.4;0
Verdun;49.16;5.38;24/09/2026;12:00;21.5;0;SOLEIL;3;37.8;0
Verdun;49.16;5.38;24/09/2026;13:00;21.5;0;SOLEIL;3;37.1;0
Verdun;49.16;5.38;24/09/2026;14:00;21.3;0;SOLEIL;5;36.0;0
Verdun;49.16;5.38;24/09/2026;15:00;22.7;0;SOLEIL;5;34.6;0
Verdun;49.16;5.38;24/09/2026;16:00;21.3;0;SOLEIL;5;32.8;0
Verdun;49.16;5.38;24/09/2026;17:00;17.1;0;SOLEIL;2;29.9;0
Verdun;49.16;5.38;24/09/2026;18:00;17.1;0;SOLEIL;2;25.9;0
Verdun;49.16;5.38;24/09/2026;19:00;17.1;0;SOLEIL;2;21.2;0
Verdun;49.16;5.38;24/09/2026;20:00;15.7;0;SOLEIL;5;16.9;0
Verdun;49.16;5.38;24/09/2026;21:00;14.3;0;SOLEIL;5;13.3;0
Verdun;49.16;5.38;24/09/2026;22:00;12.9;0;SOLEIL;5;10.1;0
Verdun;49.16;5.38;24/09/2026;23:00;10;0;SOLEIL;3;7.6;0
Verdun;49.16;5.38;25/09/2026;00:00;10;0;SOLEIL;3;5.5;0
Verdun;49.16;5.38;25/09/2026;01:00;10;0;SOLEIL;3;4.0;0
Verdun;49.16;5.38;25/09/2026;02:00;7.2;0;SOLEIL;5;3.2;0
Verdun;49.16;5.38;25/09/2026;03:00;7.2;0;SOLEIL;5;2.9;0
Verdun;49.16;5.38;25/09/2026;04:00;7.2;0;SOLEIL;5;3.2;0
Verdun;49.16;5.38;25/09/2026;05:00;8.4;0;SOLEIL;3;3.2;0
Verdun;49.16;5.38;25/09/2026;06:00;8.4;0;SOLEIL;3;2.9;0
Verdun;49.16;5.38;25/09/2026;07:00;8.4;0;SOLEIL;3;2.5;0
Verdun;49.16;5.38;25/09/2026;08:00;10.5;0;SOLEIL;5;2.9;0
Verdun;49.16;5.38;25/09/2026;09:00;12.2;0;SOLEIL;5;4.7;0
Verdun;49.16;5.38;25/09/2026;10:00;13.9;0;SOLEIL;5;7.2;0
Verdun;49.16;5.38;25/09/2026;11:00;21.7;0;SOLEIL;3;9.0;0
Verdun;49.16;5.38;25/09/2026;12:00;21.7;0;SOLEIL;3;9.7;0
Verdun;49.16;5.38;25/09/2026;13:00;21.7;0;SOLEIL;3;9.4;0
Verdun;49.16;5.38;25/09/2026;14:00;20.5;0;SOLEIL;5;9.4;0
Verdun;49.16;5.38;25/09/2026;15:00;22.2;0;SOLEIL;5;9.4;0
Verdun;49.16;5.38;25/09/2026;16:00;20.5;0;SOLEIL;5;9.7;0
Verdun;49.16;5.38;25/09/2026;17:00;18.1;0;SOLEIL;3;9.7;0
Verdun;49.16;5.38;25/09/2026;18:00;18.1;0;SOLEIL;3;10.1;0
Verdun;49.16;5.38;25/09/2026;19:00;18.1;0;SOLEIL;3;10.8;0
Verdun;49.16;5.38;25/09/2026;20:00;13.9;0;SOLEIL;5;10.4;0
Verdun;49.16;5.38;25/09/2026;21:00;12.2;0;SOLEIL;5;9.0;0
Verdun;49.16;5.38;25/09/2026;22:00;10.5;0;SOLEIL;5;6.5;0
Verdun;49.16;5.38;25/09/2026;23:00;9.6;0;SOLEIL;3;4.7;0
Metz;49.11;6.17;21/09/2026;00:00;12.2;5;SOLEIL VOILÉ;2;7.9;0
Metz;49.11;6.17;21/09/2026;01:00;10.9;5;SOLEIL VOILÉ;2;7.6;0
Metz;49.11;6.17;21/09/2026;02:00;10.1;5;SOLEIL VOILÉ;1;6.8;0
Metz;49.11;6.17;21/09/2026;03:00;9.4;5;SOLEIL VOILÉ;1;7.6;0
Metz;49.11;6.17;21/09/2026;04:00;8.9;5;SOLEIL VOILÉ;1;5.0;0
Metz;49.11;6.17;21/09/2026;05:00;8.6;5;SOLEIL VOILÉ;1;5.8;0
Metz;49.11;6.17;21/09/2026;06:00;9.1;5;SOLEIL VOILÉ;1;5.8;0
Metz;49.11;6.17;21/09/2026;07:00;11.1;5;SOLEIL VOILÉ;1;5.8;0
Metz;49.11;6.17;21/09/2026;08:00;13.6;5;SOLEIL VOILÉ;1;6.1;0
Metz;49.11;6.17;21/09/2026;09:00;16.6;5;SOLEIL VOILÉ;3;6.1;0
Metz;49.11;6.17;21/09/2026;10:00;17.6;5;SOLEIL VOILÉ;2;7.2;0
Metz;49.11;6.17;21/09/2026;11:00;19.2;5;SOLEIL VOILÉ;2;13.0;0
Metz;49.11;6.17;21/09/2026;12:00;20.2;5;SOLEIL VOILÉ;2;18.7;0
Metz;49.11;6.17;21/09/2026;13:00;21;5;SOLEIL VOILÉ;2;20.9;0
Metz;49.11;6.17;21/09/2026;14:00;22.1;5;SOLEIL VOILÉ;3;20.5;0
Metz;49.11;6.17;21/09/2026;15:00;21.7;5;SOLEIL VOILÉ;3;20.2;0
Metz;49.11;6.17;21/09/2026;16:00;21;5;SOLEIL VOILÉ;3;21.2;0
Metz;49.11;6.17;21/09/2026;17:00;19.6;5;SOLEIL VOILÉ;3;21.2;0
Metz;49.11;6.17;21/09/2026;18:00;17.4;0;SOLEIL;2;20.2;0
Metz;49.11;6.17;21/09/2026;19:00;15;0;SOLEIL;2;19.1;0
Metz;49.11;6.17;21/09/2026;20:00;13.5;0;SOLEIL;2;16.2;0
Metz;49.11;6.17;21/09/2026;21:00;12.2;0;SOLEIL;2;11.9;0
Metz;49.11;6.17;21/09/2026;22:00;11.5;0;SOLEIL;2;10.1;0
Metz;49.11;6.17;21/09/2026;23:00;10.9;0;SOLEIL;1;5.0;0
Metz;49.11;6.17;22/09/2026;00:00;10.4;0;SOLEIL;2;6.8;0
Metz;49.11;6.17;22/09/2026;01:00;10.4;0;SOLEIL;2;6.1;0
Metz;49.11;6.17;22/09/2026;02:00;9;0;SOLEIL;2;6.1;0
Metz;49.11;6.17;22/09/2026;03:00;9;0;SOLEIL;2;6.8;0
Metz;49.11;6.17;22/09/2026;04:00;9;0;SOLEIL;2;8.5;0
Metz;49.11;6.17;22/09/2026;05:00;9.2;0;SOLEIL;2;9.7;0
Metz;49.11;6.17;22/09/2026;06:00;9.2;0;SOLEIL;2;10.4;0
Metz;49.11;6.17;22/09/2026;07:00;9.2;0;SOLEIL;2;9.4;0
Metz;49.11;6.17;22/09/2026;08:00;18.9;0;SOLEIL;2;8.6;0
Metz;49.11;6.17;22/09/2026;09:00;18.9;0;SOLEIL;2;7.6;0
Metz;49.11;6.17;22/09/2026;10:00;18.9;0;SOLEIL;2;10.4;0
Metz;49.11;6.17;22/09/2026;11:00;23;0;SOLEIL;3;14.4;0
Metz;49.11;6.17;22/09/2026;12:00;23;0;SOLEIL;3;15.5;0
Metz;49.11;6.17;22/09/2026;13:00;23;0;SOLEIL;3;16.6;0
Metz;49.11;6.17;22/09/2026;14:00;24.1;0;SOLEIL;3;16.9;0
Metz;49.11;6.17;22/09/2026;15:00;24.1;0;SOLEIL;3;20.2;0
Metz;49.11;6.17;22/09/2026;16:00;24.1;0;SOLEIL;3;20.5;0
Metz;49.11;6.17;22/09/2026;17:00;20;0;SOLEIL;2;20.9;0
Metz;49.11;6.17;22/09/2026;18:00;20;0;SOLEIL;2;20.2;0
Metz;49.11;6.17;22/09/2026;19:00;20;0;SOLEIL;2;18.7;0
Metz;49.11;6.17;22/09/2026;20:00;14.9;0;SOLEIL;3;15.1;0
Metz;49.11;6.17;22/09/2026;21:00;14.9;0;SOLEIL;3;13.3;0
Metz;49.11;6.17;22/09/2026;22:00;14.9;0;SOLEIL;3;14.4;0
Metz;49.11;6.17;22/09/2026;23:00;12.6;0;SOLEIL;3;17.6;0
Metz;49.11;6.17;23/09/2026;00:00;12.6;0;SOLEIL;3;19.1;0
Metz;49.11;6.17;23/09/2026;01:00;12.6;0;SOLEIL;3;17.6;0
Metz;49.11;6.17;23/09/2026;02:00;10.6;0;SOLEIL;3;15.1;0
Metz;49.11;6.17;23/09/2026;03:00;10.6;0;SOLEIL;3;14.0;0
Metz;49.11;6.17;23/09/2026;04:00;10.6;0;SOLEIL;3;14.0;0
Metz;49.11;6.17;23/09/2026;05:00;10.5;0;SOLEIL;3;13.7;0
Metz;49.11;6.17;23/09/2026;06:00;10.5;0;SOLEIL;3;14.4;0
Metz;49.11;6.17;23/09/2026;07:00;10.5;0;SOLEIL;3;14.8;0
Metz;49.11;6.17;23/09/2026;08:00;19.1;0;SOLEIL;3;15.5;0
Metz;49.11;6.17;23/09/2026;09:00;19.1;0;SOLEIL;3;19.1;0
Metz;49.11;6.17;23/09/2026;10:00;19.1;0;SOLEIL;3;23.8;0
Metz;49.11;6.17;23/09/2026;11:00;23.5;0;SOLEIL;2;26.6;0
Metz;49.11;6.17;23/09/2026;12:00;23.5;0;SOLEIL;2;25.6;0
Metz;49.11;6.17;23/09/2026;13:00;23.5;0;SOLEIL;2;22.7;0
Metz;49.11;6.17;23/09/2026;14:00;24.9;5;SOLEIL VOILÉ;2;19.4;0
Metz;49.11;6.17;23/09/2026;15:00;24.9;5;SOLEIL VOILÉ;2;15.8;0
Metz;49.11;6.17;23/09/2026;16:00;24.9;5;SOLEIL VOILÉ;2;11.9;0
Metz;49.11;6.17;23/09/2026;17:00;19.6;5;SOLEIL VOILÉ;2;9.0;0
Metz;49.11;6.17;23/09/2026;18:00;19.6;5;SOLEIL VOILÉ;2;8.6;0
Metz;49.11;6.17;23/09/2026;19:00;19.6;5;SOLEIL VOILÉ;2;9.4;0
Metz;49.11;6.17;23/09/2026;20:00;16.8;0;SOLEIL;5;9.7;0
Metz;49.11;6.17;23/09/2026;21:00;15.1;0;SOLEIL;5;7.9;0
Metz;49.11;6.17;23/09/2026;22:00;13.4;0;SOLEIL;5;5.8;0
Metz;49.11;6.17;23/09/2026;23:00;13.2;0;SOLEIL;5;5.4;0
Metz;49.11;6.17;24/09/2026;00:00;13.2;0;SOLEIL;5;9.0;0
Metz;49.11;6.17;24/09/2026;01:00;13.2;0;SOLEIL;5;14.8;0
Metz;49.11;6.17;24/09/2026;02:00;10;0;SOLEIL;5;19.1;0
Metz;49.11;6.17;24/09/2026;03:00;10;0;SOLEIL;5;20.5;0
Metz;49.11;6.17;24/09/2026;04:00;10;0;SOLEIL;5;20.5;0
Metz;49.11;6.17;24/09/2026;05:00;11.1;0;SOLEIL;3;20.9;0
Metz;49.11;6.17;24/09/2026;06:00;11.1;0;SOLEIL;3;22.0;0
Metz;49.11;6.17;24/09/2026;07:00;11.1;0;SOLEIL;3;23.4;0
Metz;49.11;6.17;24/09/2026;08:00;12.9;0;SOLEIL;5;25.2;0
Metz;49.11;6.17;24/09/2026;09:00;14.3;0;SOLEIL;5;28.4;0
Metz;49.11;6.17;24/09/2026;10:00;15.7;0;SOLEIL;5;32.4;0
Metz;49.11;6.17;24/09/2026;11:00;21.5;0;SOLEIL;3;34.9;0
Metz;49.11;6.17;24/09/2026;12:00;21.5;0;SOLEIL;3;35.6;0
Metz;49.11;6.17;24/09/2026;13:00;21.5;0;SOLEIL;3;35.3;0
Metz;49.11;6.17;24/09/2026;14:00;21.5;0;SOLEIL;5;34.2;0
Metz;49.11;6.17;24/09/2026;15:00;22.9;0;SOLEIL;5;32.0;0
Metz;49.11;6.17;24/09/2026;16:00;21.5;0;SOLEIL;5;29.2;0
Metz;49.11;6.17;24/09/2026;17:00;17.2;0;SOLEIL;2;26.3;0
Metz;49.11;6.17;24/09/2026;18:00;17.2;0;SOLEIL;2;23.8;0
Metz;49.11;6.17;24/09/2026;19:00;17.2;0;SOLEIL;2;20.9;0
Metz;49.11;6.17;24/09/2026;20:00;15.7;0;SOLEIL;5;17.6;0
Metz;49.11;6.17;24/09/2026;21:00;14.3;0;SOLEIL;5;13.0;0
Metz;49.11;6.17;24/09/2026;22:00;12.9;0;SOLEIL;5;7.9;0
Metz;49.11;6.17;24/09/2026;23:00;10.7;0;SOLEIL;3;4.3;0
Metz;49.11;6.17;25/09/2026;00:00;10.7;0;SOLEIL;3;3.4;0
Metz;49.11;6.17;25/09/2026;01:00;10.7;0;SOLEIL;3;3.6;0
Metz;49.11;6.17;25/09/2026;02:00;8;0;SOLEIL;5;3.7;0
Metz;49.11;6.17;25/09/2026;03:00;8;0;SOLEIL;5;3.2;0
Metz;49.11;6.17;25/09/2026;04:00;8;0;SOLEIL;5;3.2;0
Metz;49.11;6.17;25/09/2026;05:00;9.4;0;SOLEIL;3;3.2;0
Metz;49.11;6.17;25/09/2026;06:00;9.4;0;SOLEIL;3;3.6;0
Metz;49.11;6.17;25/09/2026;07:00;9.4;0;SOLEIL;3;4.0;0
Metz;49.11;6.17;25/09/2026;08:00;11.3;0;SOLEIL;5;4.3;0
Metz;49.11;6.17;25/09/2026;09:00;12.9;0;SOLEIL;5;5.0;0
Metz;49.11;6.17;25/09/2026;10:00;14.5;0;SOLEIL;5;6.1;0
Metz;49.11;6.17;25/09/2026;11:00;22.4;0;SOLEIL;3;6.8;0
Metz;49.11;6.17;25/09/2026;12:00;22.4;0;SOLEIL;3;6.8;0
Metz;49.11;6.17;25/09/2026;13:00;22.4;0;SOLEIL;3;6.8;0
Metz;49.11;6.17;25/09/2026;14:00;21.1;0;SOLEIL;5;7.2;0
Metz;49.11;6.17;25/09/2026;15:00;22.7;0;SOLEIL;5;9.0;0
Metz;49.11;6.17;25/09/2026;16:00;21.1;0;SOLEIL;5;11.2;0
Metz;49.11;6.17;25/09/2026;17:00;18.5;0;SOLEIL;2;12.6;0
Metz;49.11;6.17;25/09/2026;18:00;18.5;0;SOLEIL;2;11.9;0
Metz;49.11;6.17;25/09/2026;19:00;18.5;0;SOLEIL;2;10.4;0
Metz;49.11;6.17;25/09/2026;20:00;14.5;0;SOLEIL;5;8.6;0
Metz;49.11;6.17;25/09/2026;21:00;12.9;0;SOLEIL;5;7.2;0
Metz;49.11;6.17;25/09/2026;22:00;11.3;0;SOLEIL;5;5.8;0
Metz;49.11;6.17;25/09/2026;23:00;10.1;0;SOLEIL;3;4.3;0
Sarrebourg;48.73;7.05;21/09/2026;00:00;12.5;5;SOLEIL VOILÉ;3;18.4;0
Sarrebourg;48.73;7.05;21/09/2026;01:00;11.5;5;SOLEIL VOILÉ;2;15.8;0
Sarrebourg;48.73;7.05;21/09/2026;02:00;10.1;5;SOLEIL VOILÉ;2;13.7;0
Sarrebourg;48.73;7.05;21/09/2026;03:00;9.5;5;SOLEIL VOILÉ;2;10.4;0
Sarrebourg;48.73;7.05;21/09/2026;04:00;9.7;5;SOLEIL VOILÉ;2;9.7;0
Sarrebourg;48.73;7.05;21/09/2026;05:00;9.4;5;SOLEIL VOILÉ;2;8.6;0
Sarrebourg;48.73;7.05;21/09/2026;06:00;9.4;5;SOLEIL VOILÉ;2;5.8;0
Sarrebourg;48.73;7.05;21/09/2026;07:00;11.4;5;SOLEIL VOILÉ;2;6.1;0
Sarrebourg;48.73;7.05;21/09/2026;08:00;13.6;5;SOLEIL VOILÉ;2;7.9;0
Sarrebourg;48.73;7.05;21/09/2026;09:00;16.1;5;SOLEIL VOILÉ;2;9.7;0
Sarrebourg;48.73;7.05;21/09/2026;10:00;17.6;5;SOLEIL VOILÉ;2;15.5;0
Sarrebourg;48.73;7.05;21/09/2026;11:00;18.6;5;SOLEIL VOILÉ;3;19.1;0
Sarrebourg;48.73;7.05;21/09/2026;12:00;19.6;5;SOLEIL VOILÉ;3;19.8;0
Sarrebourg;48.73;7.05;21/09/2026;13:00;20.7;5;SOLEIL VOILÉ;3;21.2;0
Sarrebourg;48.73;7.05;21/09/2026;14:00;21.5;5;SOLEIL VOILÉ;3;21.6;0
Sarrebourg;48.73;7.05;21/09/2026;15:00;21.6;5;SOLEIL VOILÉ;3;21.6;0
Sarrebourg;48.73;7.05;21/09/2026;16:00;20.9;5;SOLEIL VOILÉ;3;21.6;0
Sarrebourg;48.73;7.05;21/09/2026;17:00;19.6;5;SOLEIL VOILÉ;3;24.1;0
Sarrebourg;48.73;7.05;21/09/2026;18:00;17.9;0;SOLEIL;3;24.5;0
Sarrebourg;48.73;7.05;21/09/2026;19:00;15.9;0;SOLEIL;2;21.6;0
Sarrebourg;48.73;7.05;21/09/2026;20:00;14.7;0;SOLEIL;2;17.3;0
Sarrebourg;48.73;7.05;21/09/2026;21:00;13.7;0;SOLEIL;3;9.0;0
Sarrebourg;48.73;7.05;21/09/2026;22:00;12.6;0;SOLEIL;3;6.1;0
Sarrebourg;48.73;7.05;21/09/2026;23:00;11.6;0;SOLEIL;3;7.9;0
Sarrebourg;48.73;7.05;22/09/2026;00:00;10.7;0;SOLEIL;2;10.8;0
Sarrebourg;48.73;7.05;22/09/2026;01:00;10.7;0;SOLEIL;2;13.0;0
Sarrebourg;48.73;7.05;22/09/2026;02:00;9.7;0;SOLEIL;2;13.3;0
Sarrebourg;48.73;7.05;22/09/2026;03:00;9.7;0;SOLEIL;2;9.4;0
Sarrebourg;48.73;7.05;22/09/2026;04:00;9.7;0;SOLEIL;2;6.3;0
Sarrebourg;48.73;7.05;22/09/2026;05:00;10;0;SOLEIL;2;5.8;0
Sarrebourg;48.73;7.05;22/09/2026;06:00;10;0;SOLEIL;2;6.5;0
Sarrebourg;48.73;7.05;22/09/2026;07:00;10;0;SOLEIL;2;5.4;0
Sarrebourg;48.73;7.05;22/09/2026;08:00;17.4;0;SOLEIL;2;6.5;0
Sarrebourg;48.73;7.05;22/09/2026;09:00;17.4;0;SOLEIL;2;5.8;0
Sarrebourg;48.73;7.05;22/09/2026;10:00;17.4;0;SOLEIL;2;10.1;0
Sarrebourg;48.73;7.05;22/09/2026;11:00;21.6;0;SOLEIL;3;16.9;0
Sarrebourg;48.73;7.05;22/09/2026;12:00;21.6;0;SOLEIL;3;19.8;0
Sarrebourg;48.73;7.05;22/09/2026;13:00;21.6;0;SOLEIL;3;21.2;0
Sarrebourg;48.73;7.05;22/09/2026;14:00;23.1;0;SOLEIL;3;24.1;0
Sarrebourg;48.73;7.05;22/09/2026;15:00;23.1;0;SOLEIL;3;25.9;0
Sarrebourg;48.73;7.05;22/09/2026;16:00;23.1;0;SOLEIL;3;26.3;0
Sarrebourg;48.73;7.05;22/09/2026;17:00;20.1;0;SOLEIL;3;27.4;0
Sarrebourg;48.73;7.05;22/09/2026;18:00;20.1;0;SOLEIL;3;27.0;0
Sarrebourg;48.73;7.05;22/09/2026;19:00;20.1;0;SOLEIL;3;25.6;0
Sarrebourg;48.73;7.05;22/09/2026;20:00;15.1;0;SOLEIL;3;23.8;0
Sarrebourg;48.73;7.05;22/09/2026;21:00;15.1;0;SOLEIL;3;17.6;0
Sarrebourg;48.73;7.05;22/09/2026;22:00;15.1;0;SOLEIL;3;14.4;0
Sarrebourg;48.73;7.05;22/09/2026;23:00;12.7;0;SOLEIL;2;14.0;0
Sarrebourg;48.73;7.05;23/09/2026;00:00;12.7;0;SOLEIL;2;13.0;0
Sarrebourg;48.73;7.05;23/09/2026;01:00;12.7;0;SOLEIL;2;9.7;0
Sarrebourg;48.73;7.05;23/09/2026;02:00;10.7;0;SOLEIL;2;8.3;0
Sarrebourg;48.73;7.05;23/09/2026;03:00;10.7;0;SOLEIL;2;7.9;0
Sarrebourg;48.73;7.05;23/09/2026;04:00;10.7;0;SOLEIL;2;7.6;0
Sarrebourg;48.73;7.05;23/09/2026;05:00;11;0;SOLEIL;2;7.6;0
Sarrebourg;48.73;7.05;23/09/2026;06:00;11;0;SOLEIL;2;7.9;0
Sarrebourg;48.73;7.05;23/09/2026;07:00;11;0;SOLEIL;2;7.9;0
Sarrebourg;48.73;7.05;23/09/2026;08:00;18;0;SOLEIL;3;7.6;0
Sarrebourg;48.73;7.05;23/09/2026;09:00;18;0;SOLEIL;3;11.9;0
Sarrebourg;48.73;7.05;23/09/2026;10:00;18;0;SOLEIL;3;17.6;0
Sarrebourg;48.73;7.05;23/09/2026;11:00;22.1;0;SOLEIL;2;21.6;0
Sarrebourg;48.73;7.05;23/09/2026;12:00;22.1;0;SOLEIL;2;22.7;0
Sarrebourg;48.73;7.05;23/09/2026;13:00;22.1;0;SOLEIL;2;22.0;0
Sarrebourg;48.73;7.05;23/09/2026;14:00;23.9;0;SOLEIL;1;20.5;0
Sarrebourg;48.73;7.05;23/09/2026;15:00;23.9;0;SOLEIL;1;18.7;0
Sarrebourg;48.73;7.05;23/09/2026;16:00;23.9;0;SOLEIL;1;16.2;0
Sarrebourg;48.73;7.05;23/09/2026;17:00;20.7;5;SOLEIL VOILÉ;1;13.7;0
Sarrebourg;48.73;7.05;23/09/2026;18:00;20.7;5;SOLEIL VOILÉ;1;10.8;0
Sarrebourg;48.73;7.05;23/09/2026;19:00;20.7;5;SOLEIL VOILÉ;1;7.6;0
Sarrebourg;48.73;7.05;23/09/2026;20:00;16.4;0;SOLEIL;5;5.4;0
Sarrebourg;48.73;7.05;23/09/2026;21:00;14.8;0;SOLEIL;5;5.0;0
Sarrebourg;48.73;7.05;23/09/2026;22:00;13.2;0;SOLEIL;5;5.8;0
Sarrebourg;48.73;7.05;23/09/2026;23:00;14.1;0;SOLEIL;4;6.5;0
Sarrebourg;48.73;7.05;24/09/2026;00:00;14.1;0;SOLEIL;4;7.2;0
Sarrebourg;48.73;7.05;24/09/2026;01:00;14.1;0;SOLEIL;4;8.6;0
Sarrebourg;48.73;7.05;24/09/2026;02:00;11.9;0;SOLEIL;5;10.1;0
Sarrebourg;48.73;7.05;24/09/2026;03:00;11.9;0;SOLEIL;5;12.2;0
Sarrebourg;48.73;7.05;24/09/2026;04:00;11.9;0;SOLEIL;5;14.8;0
Sarrebourg;48.73;7.05;24/09/2026;05:00;12.9;0;SOLEIL;3;17.3;0
Sarrebourg;48.73;7.05;24/09/2026;06:00;12.9;0;SOLEIL;3;20.2;0
Sarrebourg;48.73;7.05;24/09/2026;07:00;12.9;0;SOLEIL;3;23.4;0
Sarrebourg;48.73;7.05;24/09/2026;08:00;14.3;0;SOLEIL;5;26.6;0
Sarrebourg;48.73;7.05;24/09/2026;09:00;15.4;0;SOLEIL;5;30.2;0
Sarrebourg;48.73;7.05;24/09/2026;10:00;16.6;0;SOLEIL;5;33.8;0
Sarrebourg;48.73;7.05;24/09/2026;11:00;20.6;0;SOLEIL;3;36.7;0
Sarrebourg;48.73;7.05;24/09/2026;12:00;20.6;0;SOLEIL;3;38.5;0
Sarrebourg;48.73;7.05;24/09/2026;13:00;20.6;0;SOLEIL;3;39.6;0
Sarrebourg;48.73;7.05;24/09/2026;14:00;21.3;0;SOLEIL;5;39.2;0
Sarrebourg;48.73;7.05;24/09/2026;15:00;22.5;0;SOLEIL;5;36.4;0
Sarrebourg;48.73;7.05;24/09/2026;16:00;21.3;0;SOLEIL;5;32.0;0
Sarrebourg;48.73;7.05;24/09/2026;17:00;18.1;0;SOLEIL;2;28.1;0
Sarrebourg;48.73;7.05;24/09/2026;18:00;18.1;0;SOLEIL;2;25.2;0
Sarrebourg;48.73;7.05;24/09/2026;19:00;18.1;0;SOLEIL;2;22.7;0
Sarrebourg;48.73;7.05;24/09/2026;20:00;16.6;0;SOLEIL;5;20.2;0
Sarrebourg;48.73;7.05;24/09/2026;21:00;15.4;0;SOLEIL;5;16.9;0
Sarrebourg;48.73;7.05;24/09/2026;22:00;14.3;0;SOLEIL;5;13.7;0
Sarrebourg;48.73;7.05;24/09/2026;23:00;12;0;SOLEIL;2;11.2;0
Sarrebourg;48.73;7.05;25/09/2026;00:00;12;0;SOLEIL;2;9.5;0
Sarrebourg;48.73;7.05;25/09/2026;01:00;12;0;SOLEIL;2;8.6;0
Sarrebourg;48.73;7.05;25/09/2026;02:00;9.6;0;SOLEIL;5;8.1;0
Sarrebourg;48.73;7.05;25/09/2026;03:00;9.6;0;SOLEIL;5;7.6;0
Sarrebourg;48.73;7.05;25/09/2026;04:00;9.6;0;SOLEIL;5;7.2;0
Sarrebourg;48.73;7.05;25/09/2026;05:00;10.6;0;SOLEIL;2;6.5;0
Sarrebourg;48.73;7.05;25/09/2026;06:00;10.6;0;SOLEIL;2;5.4;0
Sarrebourg;48.73;7.05;25/09/2026;07:00;10.6;0;SOLEIL;2;4.3;0
Sarrebourg;48.73;7.05;25/09/2026;08:00;12.4;0;SOLEIL;5;4.0;0
Sarrebourg;48.73;7.05;25/09/2026;09:00;13.7;0;SOLEIL;5;4.7;0
Sarrebourg;48.73;7.05;25/09/2026;10:00;15.1;0;SOLEIL;5;6.1;0
Sarrebourg;48.73;7.05;25/09/2026;11:00;21.1;0;SOLEIL;3;6.8;0
Sarrebourg;48.73;7.05;25/09/2026;12:00;21.1;0;SOLEIL;3;6.1;0
Sarrebourg;48.73;7.05;25/09/2026;13:00;21.1;0;SOLEIL;3;5.0;0
Sarrebourg;48.73;7.05;25/09/2026;14:00;20.6;0;SOLEIL;5;4.7;0
Sarrebourg;48.73;7.05;25/09/2026;15:00;22.0;0;SOLEIL;5;6.1;0
Sarrebourg;48.73;7.05;25/09/2026;16:00;20.6;0;SOLEIL;5;8.3;0
Sarrebourg;48.73;7.05;25/09/2026;17:00;19.1;0;SOLEIL;2;9.7;0
Sarrebourg;48.73;7.05;25/09/2026;18:00;19.1;0;SOLEIL;2;10.1;0
Sarrebourg;48.73;7.05;25/09/2026;19:00;19.1;0;SOLEIL;2;9.7;0
Sarrebourg;48.73;7.05;25/09/2026;20:00;15.1;0;SOLEIL;5;9.0;0
Sarrebourg;48.73;7.05;25/09/2026;21:00;13.7;0;SOLEIL;5;7.9;0
Sarrebourg;48.73;7.05;25/09/2026;22:00;12.4;0;SOLEIL;5;6.8;0
Sarrebourg;48.73;7.05;25/09/2026;23:00;11.4;0;SOLEIL;3;5.8;0
Sarreguemines;49.11;7.06;21/09/2026;00:00;13;5;SOLEIL VOILÉ;2;22.3;0
Sarreguemines;49.11;7.06;21/09/2026;01:00;11.7;5;SOLEIL VOILÉ;2;11.9;0
Sarreguemines;49.11;7.06;21/09/2026;02:00;11;5;SOLEIL VOILÉ;2;10.8;0
Sarreguemines;49.11;7.06;21/09/2026;03:00;10.4;5;SOLEIL VOILÉ;1;7.6;0
Sarreguemines;49.11;7.06;21/09/2026;04:00;9.4;5;SOLEIL VOILÉ;1;5.4;0
Sarreguemines;49.11;7.06;21/09/2026;05:00;9.6;5;SOLEIL VOILÉ;1;6.1;0
Sarreguemines;49.11;7.06;21/09/2026;06:00;9.5;5;SOLEIL VOILÉ;1;5.0;0
Sarreguemines;49.11;7.06;21/09/2026;07:00;11.4;5;SOLEIL VOILÉ;1;5.4;0
Sarreguemines;49.11;7.06;21/09/2026;08:00;14.4;5;SOLEIL VOILÉ;2;5.4;0
Sarreguemines;49.11;7.06;21/09/2026;09:00;16.2;5;SOLEIL VOILÉ;3;5.8;0
Sarreguemines;49.11;7.06;21/09/2026;10:00;18.2;5;SOLEIL VOILÉ;2;12.2;0
Sarreguemines;49.11;7.06;21/09/2026;11:00;19.9;5;SOLEIL VOILÉ;2;19.8;0
Sarreguemines;49.11;7.06;21/09/2026;12:00;20.2;5;SOLEIL VOILÉ;2;22.3;0
Sarreguemines;49.11;7.06;21/09/2026;13:00;20.7;5;SOLEIL VOILÉ;3;23.8;0
Sarreguemines;49.11;7.06;21/09/2026;14:00;21.2;5;SOLEIL VOILÉ;3;22.3;0
Sarreguemines;49.11;7.06;21/09/2026;15:00;21.1;5;SOLEIL VOILÉ;3;21.2;0
Sarreguemines;49.11;7.06;21/09/2026;16:00;20.4;5;SOLEIL VOILÉ;3;19.8;0
Sarreguemines;49.11;7.06;21/09/2026;17:00;18.9;5;SOLEIL VOILÉ;2;22.3;0
Sarreguemines;49.11;7.06;21/09/2026;18:00;16.5;0;SOLEIL;2;23.8;0
Sarreguemines;49.11;7.06;21/09/2026;19:00;14;0;SOLEIL;2;22.0;0
Sarreguemines;49.11;7.06;21/09/2026;20:00;12.1;0;SOLEIL;1;15.5;0
Sarreguemines;49.11;7.06;21/09/2026;21:00;10.6;0;SOLEIL;2;10.1;0
Sarreguemines;49.11;7.06;21/09/2026;22:00;9.6;0;SOLEIL;2;4.7;0
Sarreguemines;49.11;7.06;21/09/2026;23:00;8.6;0;SOLEIL;2;3.6;0
Sarreguemines;49.11;7.06;22/09/2026;00:00;8.6;0;SOLEIL;2;3.2;0
Sarreguemines;49.11;7.06;22/09/2026;01:00;8.6;0;SOLEIL;2;4.7;0
Sarreguemines;49.11;7.06;22/09/2026;02:00;7.4;0;SOLEIL;2;4.3;0
Sarreguemines;49.11;7.06;22/09/2026;03:00;7.4;0;SOLEIL;2;4.6;0
Sarreguemines;49.11;7.06;22/09/2026;04:00;7.4;0;SOLEIL;2;4.7;0
Sarreguemines;49.11;7.06;22/09/2026;05:00;8;0;SOLEIL;3;4.8;0
Sarreguemines;49.11;7.06;22/09/2026;06:00;8;0;SOLEIL;3;4.0;0
Sarreguemines;49.11;7.06;22/09/2026;07:00;8;0;SOLEIL;3;3.6;0
Sarreguemines;49.11;7.06;22/09/2026;08:00;18.2;0;SOLEIL;3;3.6;0
Sarreguemines;49.11;7.06;22/09/2026;09:00;18.2;0;SOLEIL;3;5.0;0
Sarreguemines;49.11;7.06;22/09/2026;10:00;18.2;0;SOLEIL;3;11.9;0
Sarreguemines;49.11;7.06;22/09/2026;11:00;22;0;SOLEIL;3;19.4;0
Sarreguemines;49.11;7.06;22/09/2026;12:00;22;0;SOLEIL;3;19.8;0
Sarreguemines;49.11;7.06;22/09/2026;13:00;22;0;SOLEIL;3;19.8;0
Sarreguemines;49.11;7.06;22/09/2026;14:00;22.6;0;SOLEIL;3;19.8;0
Sarreguemines;49.11;7.06;22/09/2026;15:00;22.6;0;SOLEIL;3;22.7;0
Sarreguemines;49.11;7.06;22/09/2026;16:00;22.6;0;SOLEIL;3;23.4;0
Sarreguemines;49.11;7.06;22/09/2026;17:00;17.7;0;SOLEIL;4;23.0;0
Sarreguemines;49.11;7.06;22/09/2026;18:00;17.7;0;SOLEIL;4;22.7;0
Sarreguemines;49.11;7.06;22/09/2026;19:00;17.7;0;SOLEIL;4;20.9;0
Sarreguemines;49.11;7.06;22/09/2026;20:00;13.2;0;SOLEIL;3;14.8;0
Sarreguemines;49.11;7.06;22/09/2026;21:00;13.2;0;SOLEIL;3;11.2;0
Sarreguemines;49.11;7.06;22/09/2026;22:00;13.2;0;SOLEIL;3;8.6;0
Sarreguemines;49.11;7.06;22/09/2026;23:00;10.6;0;SOLEIL;3;9.0;0
Sarreguemines;49.11;7.06;23/09/2026;00:00;10.6;0;SOLEIL;3;9.0;0
Sarreguemines;49.11;7.06;23/09/2026;01:00;10.6;0;SOLEIL;3;8.3;0
Sarreguemines;49.11;7.06;23/09/2026;02:00;8.9;0;SOLEIL;3;8.3;0
Sarreguemines;49.11;7.06;23/09/2026;03:00;8.9;0;SOLEIL;3;7.9;0
Sarreguemines;49.11;7.06;23/09/2026;04:00;8.9;0;SOLEIL;3;7.9;0
Sarreguemines;49.11;7.06;23/09/2026;05:00;8;0;SOLEIL;3;8.3;0
Sarreguemines;49.11;7.06;23/09/2026;06:00;8;0;SOLEIL;3;9.0;0
Sarreguemines;49.11;7.06;23/09/2026;07:00;8;0;SOLEIL;3;10.1;0
Sarreguemines;49.11;7.06;23/09/2026;08:00;18.1;0;SOLEIL;4;9.7;0
Sarreguemines;49.11;7.06;23/09/2026;09:00;18.1;0;SOLEIL;4;14.8;0
Sarreguemines;49.11;7.06;23/09/2026;10:00;18.1;0;SOLEIL;4;22.0;0
Sarreguemines;49.11;7.06;23/09/2026;11:00;21.1;0;SOLEIL;3;26.6;0
Sarreguemines;49.11;7.06;23/09/2026;12:00;21.1;0;SOLEIL;3;27.7;0
Sarreguemines;49.11;7.06;23/09/2026;13:00;21.1;0;SOLEIL;3;26.3;0
Sarreguemines;49.11;7.06;23/09/2026;14:00;22.6;0;SOLEIL;1;24.8;0
Sarreguemines;49.11;7.06;23/09/2026;15:00;22.6;0;SOLEIL;1;23.4;0
Sarreguemines;49.11;7.06;23/09/2026;16:00;22.6;0;SOLEIL;1;21.2;0
Sarreguemines;49.11;7.06;23/09/2026;17:00;18.9;0;SOLEIL;2;18.7;0
Sarreguemines;49.11;7.06;23/09/2026;18:00;18.9;0;SOLEIL;2;15.1;0
Sarreguemines;49.11;7.06;23/09/2026;19:00;18.9;0;SOLEIL;2;10.8;0
Sarreguemines;49.11;7.06;23/09/2026;20:00;14.2;0;SOLEIL;5;7.2;0
Sarreguemines;49.11;7.06;23/09/2026;21:00;12.4;0;SOLEIL;5;4.7;0
Sarreguemines;49.11;7.06;23/09/2026;22:00;10.6;0;SOLEIL;5;2.5;0
Sarreguemines;49.11;7.06;23/09/2026;23:00;13.6;0;SOLEIL;4;2.2;0
Sarreguemines;49.11;7.06;24/09/2026;00:00;13.6;0;SOLEIL;4;4.3;0
Sarreguemines;49.11;7.06;24/09/2026;01:00;13.6;0;SOLEIL;4;8.3;0
Sarreguemines;49.11;7.06;24/09/2026;02:00;9.9;0;SOLEIL;5;11.5;0
Sarreguemines;49.11;7.06;24/09/2026;03:00;9.9;0;SOLEIL;5;12.6;0
Sarreguemines;49.11;7.06;24/09/2026;04:00;9.9;0;SOLEIL;5;12.6;0
Sarreguemines;49.11;7.06;24/09/2026;05:00;11.4;0;SOLEIL;3;13.7;0
Sarreguemines;49.11;7.06;24/09/2026;06:00;11.4;0;SOLEIL;3;16.9;0
Sarreguemines;49.11;7.06;24/09/2026;07:00;11.4;0;SOLEIL;3;21.2;0
Sarreguemines;49.11;7.06;24/09/2026;08:00;12.5;0;SOLEIL;5;24.8;0
Sarreguemines;49.11;7.06;24/09/2026;09:00;13.7;0;SOLEIL;5;27.0;0
Sarreguemines;49.11;7.06;24/09/2026;10:00;15.0;0;SOLEIL;5;28.8;0
Sarreguemines;49.11;7.06;24/09/2026;11:00;19.9;0;SOLEIL;4;30.2;0
Sarreguemines;49.11;7.06;24/09/2026;12:00;19.9;0;SOLEIL;4;32.0;0
Sarreguemines;49.11;7.06;24/09/2026;13:00;19.9;0;SOLEIL;4;33.5;0
Sarreguemines;49.11;7.06;24/09/2026;14:00;20.1;0;SOLEIL;5;33.8;0
Sarreguemines;49.11;7.06;24/09/2026;15:00;21.4;0;SOLEIL;5;32.0;0
Sarreguemines;49.11;7.06;24/09/2026;16:00;20.1;0;SOLEIL;5;28.8;0
Sarreguemines;49.11;7.06;24/09/2026;17:00;16.5;0;SOLEIL;2;25.2;0
Sarreguemines;49.11;7.06;24/09/2026;18:00;16.5;0;SOLEIL;2;20.5;0
Sarreguemines;49.11;7.06;24/09/2026;19:00;16.5;0;SOLEIL;2;15.5;0
Sarreguemines;49.11;7.06;24/09/2026;20:00;15.0;0;SOLEIL;5;11.2;0
Sarreguemines;49.11;7.06;24/09/2026;21:00;13.7;0;SOLEIL;5;9.0;0
Sarreguemines;49.11;7.06;24/09/2026;22:00;12.5;0;SOLEIL;5;7.6;0
Sarreguemines;49.11;7.06;24/09/2026;23:00;10.4;0;SOLEIL;3;6.5;0
Sarreguemines;49.11;7.06;25/09/2026;00:00;10.4;0;SOLEIL;3;5.7;0
Sarreguemines;49.11;7.06;25/09/2026;01:00;10.4;0;SOLEIL;3;5.0;0
Sarreguemines;49.11;7.06;25/09/2026;02:00;8;0;SOLEIL;5;4.7;0
Sarreguemines;49.11;7.06;25/09/2026;03:00;8;0;SOLEIL;5;4.7;0
Sarreguemines;49.11;7.06;25/09/2026;04:00;8;0;SOLEIL;5;4.7;0
Sarreguemines;49.11;7.06;25/09/2026;05:00;9.4;0;SOLEIL;3;4.3;0
Sarreguemines;49.11;7.06;25/09/2026;06:00;9.4;0;SOLEIL;3;3.6;0
Sarreguemines;49.11;7.06;25/09/2026;07:00;9.4;0;SOLEIL;3;2.9;0
Sarreguemines;49.11;7.06;25/09/2026;08:00;10.9;0;SOLEIL;5;3.2;0
Sarreguemines;49.11;7.06;25/09/2026;09:00;12.3;0;SOLEIL;5;5.0;0
Sarreguemines;49.11;7.06;25/09/2026;10:00;13.8;0;SOLEIL;5;7.9;0
Sarreguemines;49.11;7.06;25/09/2026;11:00;20.5;0;SOLEIL;4;10.4;0
Sarreguemines;49.11;7.06;25/09/2026;12:00;20.5;0;SOLEIL;4;12.6;0
Sarreguemines;49.11;7.06;25/09/2026;13:00;20.5;0;SOLEIL;4;14.4;0
Sarreguemines;49.11;7.06;25/09/2026;14:00;19.6;0;SOLEIL;5;15.8;0
Sarreguemines;49.11;7.06;25/09/2026;15:00;21.0;0;SOLEIL;5;16.9;0
Sarreguemines;49.11;7.06;25/09/2026;16:00;19.6;0;SOLEIL;5;17.3;0
Sarreguemines;49.11;7.06;25/09/2026;17:00;17.2;0;SOLEIL;3;16.9;0
Sarreguemines;49.11;7.06;25/09/2026;18:00;17.2;0;SOLEIL;3;14.8;0
Sarreguemines;49.11;7.06;25/09/2026;19:00;17.2;0;SOLEIL;3;11.9;0
Sarreguemines;49.11;7.06;25/09/2026;20:00;13.8;0;SOLEIL;5;9.4;0
Sarreguemines;49.11;7.06;25/09/2026;21:00;12.3;0;SOLEIL;5;7.9;0
Sarreguemines;49.11;7.06;25/09/2026;22:00;10.9;0;SOLEIL;5;6.8;0
Sarreguemines;49.11;7.06;25/09/2026;23:00;9.6;0;SOLEIL;4;6.1;0
Strasbourg;48.57;7.75;21/09/2026;00:00;13;5;SOLEIL VOILÉ;2;9.0;0
Strasbourg;48.57;7.75;21/09/2026;01:00;12.1;5;SOLEIL VOILÉ;1;10.1;0
Strasbourg;48.57;7.75;21/09/2026;02:00;11.6;5;SOLEIL VOILÉ;0;9.7;0
Strasbourg;48.57;7.75;21/09/2026;03:00;11;5;SOLEIL VOILÉ;1;8.6;0
Strasbourg;48.57;7.75;21/09/2026;04:00;10.5;5;SOLEIL VOILÉ;1;6.1;0
Strasbourg;48.57;7.75;21/09/2026;05:00;9.9;5;SOLEIL VOILÉ;0;5.8;0
Strasbourg;48.57;7.75;21/09/2026;06:00;10;5;SOLEIL VOILÉ;1;4.7;0
Strasbourg;48.57;7.75;21/09/2026;07:00;12;5;SOLEIL VOILÉ;1;5.8;0
Strasbourg;48.57;7.75;21/09/2026;08:00;14.2;5;SOLEIL VOILÉ;1;7.2;0
Strasbourg;48.57;7.75;21/09/2026;09:00;16.6;5;SOLEIL VOILÉ;2;5.4;0
Strasbourg;48.57;7.75;21/09/2026;10:00;17.7;5;SOLEIL VOILÉ;2;6.5;0
Strasbourg;48.57;7.75;21/09/2026;11:00;19;5;SOLEIL VOILÉ;2;9.0;0
Strasbourg;48.57;7.75;21/09/2026;12:00;20.1;5;SOLEIL VOILÉ;2;17.3;0
Strasbourg;48.57;7.75;21/09/2026;13:00;20.9;5;SOLEIL VOILÉ;2;18.0;0
Strasbourg;48.57;7.75;21/09/2026;14:00;21.6;5;SOLEIL VOILÉ;2;20.2;0
Strasbourg;48.57;7.75;21/09/2026;15:00;21.4;5;SOLEIL VOILÉ;3;21.6;0
Strasbourg;48.57;7.75;21/09/2026;16:00;21;5;SOLEIL VOILÉ;2;18.7;0
Strasbourg;48.57;7.75;21/09/2026;17:00;20.1;5;SOLEIL VOILÉ;3;19.1;0
Strasbourg;48.57;7.75;21/09/2026;18:00;18.4;0;SOLEIL;2;18.4;0
Strasbourg;48.57;7.75;21/09/2026;19:00;16.2;0;SOLEIL;2;19.4;0
Strasbourg;48.57;7.75;21/09/2026;20:00;14.7;0;SOLEIL;1;12.2;0
Strasbourg;48.57;7.75;21/09/2026;21:00;13.9;0;SOLEIL;2;7.6;0
Strasbourg;48.57;7.75;21/09/2026;22:00;13.1;0;SOLEIL;2;6.1;0
Strasbourg;48.57;7.75;21/09/2026;23:00;12.1;0;SOLEIL;1;6.1;0
Strasbourg;48.57;7.75;22/09/2026;00:00;11.7;0;SOLEIL;1;6.8;0
Strasbourg;48.57;7.75;22/09/2026;01:00;11.7;0;SOLEIL;1;5.8;0
Strasbourg;48.57;7.75;22/09/2026;02:00;10.1;0;SOLEIL;2;5.4;0
Strasbourg;48.57;7.75;22/09/2026;03:00;10.1;0;SOLEIL;2;5.3;0
Strasbourg;48.57;7.75;22/09/2026;04:00;10.1;0;SOLEIL;2;4.1;0
Strasbourg;48.57;7.75;22/09/2026;05:00;10.9;0;SOLEIL;2;3.6;0
Strasbourg;48.57;7.75;22/09/2026;06:00;10.9;0;SOLEIL;2;3.2;0
Strasbourg;48.57;7.75;22/09/2026;07:00;10.9;0;SOLEIL;2;3.6;0
Strasbourg;48.57;7.75;22/09/2026;08:00;18.2;0;SOLEIL;3;4.0;0
Strasbourg;48.57;7.75;22/09/2026;09:00;18.2;0;SOLEIL;3;4.7;0
Strasbourg;48.57;7.75;22/09/2026;10:00;18.2;0;SOLEIL;3;8.6;0
Strasbourg;48.57;7.75;22/09/2026;11:00;21.6;0;SOLEIL;2;16.6;0
Strasbourg;48.57;7.75;22/09/2026;12:00;21.6;0;SOLEIL;2;17.6;0
Strasbourg;48.57;7.75;22/09/2026;13:00;21.6;0;SOLEIL;2;18.4;0
Strasbourg;48.57;7.75;22/09/2026;14:00;22.6;0;SOLEIL;3;21.6;0
Strasbourg;48.57;7.75;22/09/2026;15:00;22.6;0;SOLEIL;3;21.6;0
Strasbourg;48.57;7.75;22/09/2026;16:00;22.6;0;SOLEIL;3;21.2;0
Strasbourg;48.57;7.75;22/09/2026;17:00;19;0;SOLEIL;3;21.2;0
Strasbourg;48.57;7.75;22/09/2026;18:00;19;0;SOLEIL;3;20.9;0
Strasbourg;48.57;7.75;22/09/2026;19:00;19;0;SOLEIL;3;19.8;0
Strasbourg;48.57;7.75;22/09/2026;20:00;15.1;0;SOLEIL;3;15.1;0
Strasbourg;48.57;7.75;22/09/2026;21:00;15.1;0;SOLEIL;3;9.7;0
Strasbourg;48.57;7.75;22/09/2026;22:00;15.1;0;SOLEIL;3;9.4;0
Strasbourg;48.57;7.75;22/09/2026;23:00;12.9;0;SOLEIL;3;9.0;0
Strasbourg;48.57;7.75;23/09/2026;00:00;12.9;0;SOLEIL;3;6.5;0
Strasbourg;48.57;7.75;23/09/2026;01:00;12.9;0;SOLEIL;3;5.4;0
Strasbourg;48.57;7.75;23/09/2026;02:00;10.6;0;SOLEIL;3;4.7;0
Strasbourg;48.57;7.75;23/09/2026;03:00;10.6;0;SOLEIL;3;4.3;0
Strasbourg;48.57;7.75;23/09/2026;04:00;10.6;0;SOLEIL;3;5.4;0
Strasbourg;48.57;7.75;23/09/2026;05:00;10.4;0;SOLEIL;3;6.5;0
Strasbourg;48.57;7.75;23/09/2026;06:00;10.4;0;SOLEIL;3;6.8;0
Strasbourg;48.57;7.75;23/09/2026;07:00;10.4;0;SOLEIL;3;6.8;0
Strasbourg;48.57;7.75;23/09/2026;08:00;18.2;0;SOLEIL;3;6.5;0
Strasbourg;48.57;7.75;23/09/2026;09:00;18.2;0;SOLEIL;3;11.5;0
Strasbourg;48.57;7.75;23/09/2026;10:00;18.2;0;SOLEIL;3;18.4;0
Strasbourg;48.57;7.75;23/09/2026;11:00;22.6;0;SOLEIL;3;23.4;0
Strasbourg;48.57;7.75;23/09/2026;12:00;22.6;0;SOLEIL;3;24.5;0
Strasbourg;48.57;7.75;23/09/2026;13:00;22.6;0;SOLEIL;3;23.4;0
Strasbourg;48.57;7.75;23/09/2026;14:00;23.6;0;SOLEIL;0;22.0;0
Strasbourg;48.57;7.75;23/09/2026;15:00;23.6;0;SOLEIL;0;20.2;0
Strasbourg;48.57;7.75;23/09/2026;16:00;23.6;0;SOLEIL;0;18.0;0
Strasbourg;48.57;7.75;23/09/2026;17:00;20;0;SOLEIL;2;15.5;0
Strasbourg;48.57;7.75;23/09/2026;18:00;20;0;SOLEIL;2;12.2;0
Strasbourg;48.57;7.75;23/09/2026;19:00;20;0;SOLEIL;2;8.3;0
Strasbourg;48.57;7.75;23/09/2026;20:00;16.1;0;SOLEIL;5;5.4;0
Strasbourg;48.57;7.75;23/09/2026;21:00;14.5;0;SOLEIL;5;3.6;0
Strasbourg;48.57;7.75;23/09/2026;22:00;12.9;0;SOLEIL;5;2.9;0
Strasbourg;48.57;7.75;23/09/2026;23:00;14.9;0;SOLEIL;4;2.5;0
Strasbourg;48.57;7.75;24/09/2026;00:00;14.9;0;SOLEIL;4;2.2;0
Strasbourg;48.57;7.75;24/09/2026;01:00;14.9;0;SOLEIL;4;2.5;0
Strasbourg;48.57;7.75;24/09/2026;02:00;10.2;0;SOLEIL;5;3.6;0
Strasbourg;48.57;7.75;24/09/2026;03:00;10.2;0;SOLEIL;5;6.1;0
Strasbourg;48.57;7.75;24/09/2026;04:00;10.2;0;SOLEIL;5;10.1;0
Strasbourg;48.57;7.75;24/09/2026;05:00;11.9;0;SOLEIL;3;14.0;0
Strasbourg;48.57;7.75;24/09/2026;06:00;11.9;0;SOLEIL;3;18.7;0
Strasbourg;48.57;7.75;24/09/2026;07:00;11.9;0;SOLEIL;3;24.1;0
Strasbourg;48.57;7.75;24/09/2026;08:00;12.8;0;SOLEIL;5;28.4;0
Strasbourg;48.57;7.75;24/09/2026;09:00;14.2;0;SOLEIL;5;31.7;0
Strasbourg;48.57;7.75;24/09/2026;10:00;15.5;0;SOLEIL;5;34.6;0
Strasbourg;48.57;7.75;24/09/2026;11:00;20.6;0;SOLEIL;4;36.0;0
Strasbourg;48.57;7.75;24/09/2026;12:00;20.6;0;SOLEIL;4;36.0;0
Strasbourg;48.57;7.75;24/09/2026;13:00;20.6;0;SOLEIL;4;34.6;0
Strasbourg;48.57;7.75;24/09/2026;14:00;20.8;0;SOLEIL;5;33.1;0
Strasbourg;48.57;7.75;24/09/2026;15:00;22.1;0;SOLEIL;5;31.7;0
Strasbourg;48.57;7.75;24/09/2026;16:00;20.8;0;SOLEIL;5;29.9;0
Strasbourg;48.57;7.75;24/09/2026;17:00;17.2;0;SOLEIL;3;26.6;0
Strasbourg;48.57;7.75;24/09/2026;18:00;17.2;0;SOLEIL;3;20.2;0
Strasbourg;48.57;7.75;24/09/2026;19:00;17.2;0;SOLEIL;3;12.2;0
Strasbourg;48.57;7.75;24/09/2026;20:00;15.5;0;SOLEIL;5;6.5;0
Strasbourg;48.57;7.75;24/09/2026;21:00;14.2;0;SOLEIL;5;5.4;0
Strasbourg;48.57;7.75;24/09/2026;22:00;12.8;0;SOLEIL;5;6.8;0
Strasbourg;48.57;7.75;24/09/2026;23:00;10.1;0;SOLEIL;3;7.6;0
Strasbourg;48.57;7.75;25/09/2026;00:00;10.1;0;SOLEIL;3;6.8;0
Strasbourg;48.57;7.75;25/09/2026;01:00;10.1;0;SOLEIL;3;4.9;0
Strasbourg;48.57;7.75;25/09/2026;02:00;8.2;0;SOLEIL;5;3.3;0
Strasbourg;48.57;7.75;25/09/2026;03:00;8.2;0;SOLEIL;5;2.5;0
Strasbourg;48.57;7.75;25/09/2026;04:00;8.2;0;SOLEIL;5;2.9;0
Strasbourg;48.57;7.75;25/09/2026;05:00;9.9;0;SOLEIL;3;2.9;0
Strasbourg;48.57;7.75;25/09/2026;06:00;9.9;0;SOLEIL;3;2.5;0
Strasbourg;48.57;7.75;25/09/2026;07:00;9.9;0;SOLEIL;3;2.5;0
Strasbourg;48.57;7.75;25/09/2026;08:00;11.4;0;SOLEIL;5;3.2;0
Strasbourg;48.57;7.75;25/09/2026;09:00;13.0;0;SOLEIL;5;5.8;0
Strasbourg;48.57;7.75;25/09/2026;10:00;14.6;0;SOLEIL;5;9.4;0
Strasbourg;48.57;7.75;25/09/2026;11:00;21.9;0;SOLEIL;3;11.5;0
Strasbourg;48.57;7.75;25/09/2026;12:00;21.9;0;SOLEIL;3;10.8;0
Strasbourg;48.57;7.75;25/09/2026;13:00;21.9;0;SOLEIL;3;9.0;0
Strasbourg;48.57;7.75;25/09/2026;14:00;21.0;0;SOLEIL;5;7.6;0
Strasbourg;48.57;7.75;25/09/2026;15:00;22.6;0;SOLEIL;5;7.6;0
Strasbourg;48.57;7.75;25/09/2026;16:00;21.0;0;SOLEIL;5;7.9;0
Strasbourg;48.57;7.75;25/09/2026;17:00;18.1;0;SOLEIL;3;7.6;0
Strasbourg;48.57;7.75;25/09/2026;18:00;18.1;0;SOLEIL;3;6.1;0
Strasbourg;48.57;7.75;25/09/2026;19:00;18.1;0;SOLEIL;3;4.0;0
Strasbourg;48.57;7.75;25/09/2026;20:00;14.6;0;SOLEIL;5;2.5;0
Strasbourg;48.57;7.75;25/09/2026;21:00;13.0;0;SOLEIL;5;2.5;0
Strasbourg;48.57;7.75;25/09/2026;22:00;11.4;0;SOLEIL;5;2.9;0
Strasbourg;48.57;7.75;25/09/2026;23:00;8.7;0;SOLEIL;3;3.2;0
Wissembourg;49.03;7.94;21/09/2026;00:00;15.5;5;SOLEIL VOILÉ;4;27.4;0
Wissembourg;49.03;7.94;21/09/2026;01:00;14.6;5;SOLEIL VOILÉ;3;20.5;0
Wissembourg;49.03;7.94;21/09/2026;02:00;13.7;5;SOLEIL VOILÉ;3;22.7;0
Wissembourg;49.03;7.94;21/09/2026;03:00;13.4;5;SOLEIL VOILÉ;3;20.5;0
Wissembourg;49.03;7.94;21/09/2026;04:00;12.5;5;SOLEIL VOILÉ;3;20.5;0
Wissembourg;49.03;7.94;21/09/2026;05:00;12.1;5;SOLEIL VOILÉ;3;19.8;0
Wissembourg;49.03;7.94;21/09/2026;06:00;12.2;5;SOLEIL VOILÉ;3;18.0;0
Wissembourg;49.03;7.94;21/09/2026;07:00;13.6;5;SOLEIL VOILÉ;3;16.6;0
Wissembourg;49.03;7.94;21/09/2026;08:00;15.6;5;SOLEIL VOILÉ;3;16.9;0
Wissembourg;49.03;7.94;21/09/2026;09:00;17.4;5;SOLEIL VOILÉ;3;18.0;0
Wissembourg;49.03;7.94;21/09/2026;10:00;19.7;5;SOLEIL VOILÉ;3;21.6;0
Wissembourg;49.03;7.94;21/09/2026;11:00;20.5;5;SOLEIL VOILÉ;3;21.6;0
Wissembourg;49.03;7.94;21/09/2026;12:00;20.1;5;SOLEIL VOILÉ;3;25.6;0
Wissembourg;49.03;7.94;21/09/2026;13:00;20.2;5;SOLEIL VOILÉ;3;26.3;0
Wissembourg;49.03;7.94;21/09/2026;14:00;20.7;5;SOLEIL VOILÉ;3;27.4;0
Wissembourg;49.03;7.94;21/09/2026;15:00;20.9;5;SOLEIL VOILÉ;3;28.1;0
Wissembourg;49.03;7.94;21/09/2026;16:00;20;5;SOLEIL VOILÉ;3;29.2;0
Wissembourg;49.03;7.94;21/09/2026;17:00;18.4;5;SOLEIL VOILÉ;3;29.9;0
Wissembourg;49.03;7.94;21/09/2026;18:00;16.5;0;SOLEIL;3;29.9;0
Wissembourg;49.03;7.94;21/09/2026;19:00;15.2;0;SOLEIL;3;28.4;0
Wissembourg;49.03;7.94;21/09/2026;20:00;14.6;0;SOLEIL;2;26.6;0
Wissembourg;49.03;7.94;21/09/2026;21:00;14.2;0;SOLEIL;2;23.0;0
Wissembourg;49.03;7.94;21/09/2026;22:00;13.7;0;SOLEIL;3;15.8;0
Wissembourg;49.03;7.94;21/09/2026;23:00;13.2;0;SOLEIL;3;12.2;0
Wissembourg;49.03;7.94;22/09/2026;00:00;12.9;0;SOLEIL;3;13.0;0
Wissembourg;49.03;7.94;22/09/2026;01:00;12.9;0;SOLEIL;3;12.2;0
Wissembourg;49.03;7.94;22/09/2026;02:00;11.6;0;SOLEIL;1;9.0;0
Wissembourg;49.03;7.94;22/09/2026;03:00;11.6;0;SOLEIL;1;9.1;0
Wissembourg;49.03;7.94;22/09/2026;04:00;11.6;0;SOLEIL;1;9.5;0
Wissembourg;49.03;7.94;22/09/2026;05:00;11.9;0;SOLEIL;2;8.9;0
Wissembourg;49.03;7.94;22/09/2026;06:00;11.9;0;SOLEIL;2;9.0;0
Wissembourg;49.03;7.94;22/09/2026;07:00;11.9;0;SOLEIL;2;7.6;0
Wissembourg;49.03;7.94;22/09/2026;08:00;18.2;0;SOLEIL;2;7.6;0
Wissembourg;49.03;7.94;22/09/2026;09:00;18.2;0;SOLEIL;2;10.1;0
Wissembourg;49.03;7.94;22/09/2026;10:00;18.2;0;SOLEIL;2;12.2;0
Wissembourg;49.03;7.94;22/09/2026;11:00;21.6;0;SOLEIL;3;17.6;0
Wissembourg;49.03;7.94;22/09/2026;12:00;21.6;0;SOLEIL;3;21.6;0
Wissembourg;49.03;7.94;22/09/2026;13:00;21.6;0;SOLEIL;3;24.5;0
Wissembourg;49.03;7.94;22/09/2026;14:00;21.9;0;SOLEIL;4;27.0;0
Wissembourg;49.03;7.94;22/09/2026;15:00;21.9;0;SOLEIL;4;28.4;0
Wissembourg;49.03;7.94;22/09/2026;16:00;21.9;0;SOLEIL;4;29.5;0
Wissembourg;49.03;7.94;22/09/2026;17:00;17.7;0;SOLEIL;4;29.5;0
Wissembourg;49.03;7.94;22/09/2026;18:00;17.7;0;SOLEIL;4;27.7;0
Wissembourg;49.03;7.94;22/09/2026;19:00;17.7;0;SOLEIL;4;26.6;0
Wissembourg;49.03;7.94;22/09/2026;20:00;15.7;0;SOLEIL;3;22.3;0
Wissembourg;49.03;7.94;22/09/2026;21:00;15.7;0;SOLEIL;3;19.8;0
Wissembourg;49.03;7.94;22/09/2026;22:00;15.7;0;SOLEIL;3;19.4;0
Wissembourg;49.03;7.94;22/09/2026;23:00;13.2;0;SOLEIL;2;18.7;0
Wissembourg;49.03;7.94;23/09/2026;00:00;13.2;0;SOLEIL;2;18.0;0
Wissembourg;49.03;7.94;23/09/2026;01:00;13.2;0;SOLEIL;2;15.8;0
Wissembourg;49.03;7.94;23/09/2026;02:00;11.4;0;SOLEIL;1;11.9;0
Wissembourg;49.03;7.94;23/09/2026;03:00;11.4;0;SOLEIL;1;10.4;0
Wissembourg;49.03;7.94;23/09/2026;04:00;11.4;0;SOLEIL;1;10.4;0
Wissembourg;49.03;7.94;23/09/2026;05:00;11.1;0;SOLEIL;1;9.7;0
Wissembourg;49.03;7.94;23/09/2026;06:00;11.1;0;SOLEIL;1;9.4;0
Wissembourg;49.03;7.94;23/09/2026;07:00;11.1;0;SOLEIL;1;9.4;0
Wissembourg;49.03;7.94;23/09/2026;08:00;17.5;0;SOLEIL;1;8.6;0
Wissembourg;49.03;7.94;23/09/2026;09:00;17.5;0;SOLEIL;1;9.7;0
Wissembourg;49.03;7.94;23/09/2026;10:00;17.5;0;SOLEIL;1;11.5;0
Wissembourg;49.03;7.94;23/09/2026;11:00;21.6;0;SOLEIL;0;12.6;0
Wissembourg;49.03;7.94;23/09/2026;12:00;21.6;0;SOLEIL;0;12.2;0
Wissembourg;49.03;7.94;23/09/2026;13:00;21.6;0;SOLEIL;0;10.8;0
Wissembourg;49.03;7.94;23/09/2026;14:00;22.5;0;SOLEIL;1;10.4;0
Wissembourg;49.03;7.94;23/09/2026;15:00;22.5;0;SOLEIL;1;11.9;0
Wissembourg;49.03;7.94;23/09/2026;16:00;22.5;0;SOLEIL;1;14.0;0
Wissembourg;49.03;7.94;23/09/2026;17:00;19.7;0;SOLEIL;0;14.8;0
Wissembourg;49.03;7.94;23/09/2026;18:00;19.7;0;SOLEIL;0;13.0;0
Wissembourg;49.03;7.94;23/09/2026;19:00;19.7;0;SOLEIL;0;9.7;0
Wissembourg;49.03;7.94;23/09/2026;20:00;16.0;0;SOLEIL;5;6.8;0
Wissembourg;49.03;7.94;23/09/2026;21:00;14.6;0;SOLEIL;5;5.0;0
Wissembourg;49.03;7.94;23/09/2026;22:00;13.2;0;SOLEIL;5;3.6;0
Wissembourg;49.03;7.94;23/09/2026;23:00;15;0;SOLEIL;2;3.2;0
Wissembourg;49.03;7.94;24/09/2026;00:00;15;0;SOLEIL;2;4.7;0
Wissembourg;49.03;7.94;24/09/2026;01:00;15;0;SOLEIL;2;7.2;0
Wissembourg;49.03;7.94;24/09/2026;02:00;12.6;0;SOLEIL;5;9.0;0
Wissembourg;49.03;7.94;24/09/2026;03:00;12.6;0;SOLEIL;5;8.6;0
Wissembourg;49.03;7.94;24/09/2026;04:00;12.6;0;SOLEIL;5;7.2;0
Wissembourg;49.03;7.94;24/09/2026;05:00;13.4;0;SOLEIL;3;8.3;0
Wissembourg;49.03;7.94;24/09/2026;06:00;13.4;0;SOLEIL;3;13.3;0
Wissembourg;49.03;7.94;24/09/2026;07:00;13.4;0;SOLEIL;3;20.2;0
Wissembourg;49.03;7.94;24/09/2026;08:00;14.8;0;SOLEIL;5;26.3;0
Wissembourg;49.03;7.94;24/09/2026;09:00;15.9;0;SOLEIL;5;31.0;0
Wissembourg;49.03;7.94;24/09/2026;10:00;17.0;0;SOLEIL;5;35.3;0
Wissembourg;49.03;7.94;24/09/2026;11:00;21.4;0;SOLEIL;4;37.1;0
Wissembourg;49.03;7.94;24/09/2026;12:00;21.4;0;SOLEIL;4;35.6;0
Wissembourg;49.03;7.94;24/09/2026;13:00;21.4;0;SOLEIL;4;32.4;0
Wissembourg;49.03;7.94;24/09/2026;14:00;21.4;0;SOLEIL;5;29.5;0
Wissembourg;49.03;7.94;24/09/2026;15:00;22.5;0;SOLEIL;5;28.1;0
Wissembourg;49.03;7.94;24/09/2026;16:00;21.4;0;SOLEIL;5;27.4;0
Wissembourg;49.03;7.94;24/09/2026;17:00;17.7;0;SOLEIL;3;25.6;0
Wissembourg;49.03;7.94;24/09/2026;18:00;17.7;0;SOLEIL;3;22.0;0
Wissembourg;49.03;7.94;24/09/2026;19:00;17.7;0;SOLEIL;3;17.3;0
Wissembourg;49.03;7.94;24/09/2026;20:00;17.0;0;SOLEIL;5;13.3;0
Wissembourg;49.03;7.94;24/09/2026;21:00;15.9;0;SOLEIL;5;11.2;0
Wissembourg;49.03;7.94;24/09/2026;22:00;14.8;0;SOLEIL;5;9.7;0
Wissembourg;49.03;7.94;24/09/2026;23:00;13.1;0;SOLEIL;2;8.6;0
Wissembourg;49.03;7.94;25/09/2026;00:00;13.1;0;SOLEIL;2;7.6;0
Wissembourg;49.03;7.94;25/09/2026;01:00;13.1;0;SOLEIL;2;7.4;0
Wissembourg;49.03;7.94;25/09/2026;02:00;10.5;0;SOLEIL;5;6.8;0
Wissembourg;49.03;7.94;25/09/2026;03:00;10.5;0;SOLEIL;5;5.4;0
Wissembourg;49.03;7.94;25/09/2026;04:00;10.5;0;SOLEIL;5;3.6;0
Wissembourg;49.03;7.94;25/09/2026;05:00;11.2;0;SOLEIL;1;2.5;0
Wissembourg;49.03;7.94;25/09/2026;06:00;11.2;0;SOLEIL;1;1.8;0
Wissembourg;49.03;7.94;25/09/2026;07:00;11.2;0;SOLEIL;1;1.8;0
Wissembourg;49.03;7.94;25/09/2026;08:00;13.0;0;SOLEIL;5;2.2;0
Wissembourg;49.03;7.94;25/09/2026;09:00;14.2;0;SOLEIL;5;3.6;0
Wissembourg;49.03;7.94;25/09/2026;10:00;15.5;0;SOLEIL;5;5.4;0
Wissembourg;49.03;7.94;25/09/2026;11:00;21.1;0;SOLEIL;3;7.2;0
Wissembourg;49.03;7.94;25/09/2026;12:00;21.1;0;SOLEIL;3;8.3;0
Wissembourg;49.03;7.94;25/09/2026;13:00;21.1;0;SOLEIL;3;8.6;0
Wissembourg;49.03;7.94;25/09/2026;14:00;20.5;0;SOLEIL;5;9.7;0
Wissembourg;49.03;7.94;25/09/2026;15:00;21.7;0;SOLEIL;5;11.5;0
Wissembourg;49.03;7.94;25/09/2026;16:00;20.5;0;SOLEIL;5;13.7;0
Wissembourg;49.03;7.94;25/09/2026;17:00;19;0;SOLEIL;3;14.4;0
Wissembourg;49.03;7.94;25/09/2026;18:00;19;0;SOLEIL;3;12.6;0
Wissembourg;49.03;7.94;25/09/2026;19:00;19;0;SOLEIL;3;9.7;0
Wissembourg;49.03;7.94;25/09/2026;20:00;15.5;0;SOLEIL;5;7.2;0
Wissembourg;49.03;7.94;25/09/2026;21:00;14.2;0;SOLEIL;5;5.4;0
Wissembourg;49.03;7.94;25/09/2026;22:00;13.0;0;SOLEIL;5;4.0;0
Wissembourg;49.03;7.94;25/09/2026;23:00;13.1;0;SOLEIL;1;2.9;0
Colmar;48.08;7.35;21/09/2026;00:00;11.5;5;SOLEIL VOILÉ;2;9.4;0
Colmar;48.08;7.35;21/09/2026;01:00;10.5;5;SOLEIL VOILÉ;2;8.6;0
Colmar;48.08;7.35;21/09/2026;02:00;10.1;5;SOLEIL VOILÉ;1;11.2;0
Colmar;48.08;7.35;21/09/2026;03:00;9.6;5;SOLEIL VOILÉ;1;11.2;0
Colmar;48.08;7.35;21/09/2026;04:00;9.6;5;SOLEIL VOILÉ;2;10.4;0
Colmar;48.08;7.35;21/09/2026;05:00;9.6;5;SOLEIL VOILÉ;2;9.0;0
Colmar;48.08;7.35;21/09/2026;06:00;10.6;5;SOLEIL VOILÉ;2;6.5;0
Colmar;48.08;7.35;21/09/2026;07:00;12.5;5;SOLEIL VOILÉ;2;4.3;0
Colmar;48.08;7.35;21/09/2026;08:00;15.2;5;SOLEIL VOILÉ;3;7.6;0
Colmar;48.08;7.35;21/09/2026;09:00;17.1;5;SOLEIL VOILÉ;3;7.2;0
Colmar;48.08;7.35;21/09/2026;10:00;19.1;5;SOLEIL VOILÉ;3;7.2;0
Colmar;48.08;7.35;21/09/2026;11:00;20;5;SOLEIL VOILÉ;2;14.8;0
Colmar;48.08;7.35;21/09/2026;12:00;20.6;5;SOLEIL VOILÉ;2;19.4;0
Colmar;48.08;7.35;21/09/2026;13:00;21.6;5;SOLEIL VOILÉ;2;22.3;0
Colmar;48.08;7.35;21/09/2026;14:00;22.4;5;SOLEIL VOILÉ;3;23.0;0
Colmar;48.08;7.35;21/09/2026;15:00;22.6;5;SOLEIL VOILÉ;2;19.8;0
Colmar;48.08;7.35;21/09/2026;16:00;21.5;5;SOLEIL VOILÉ;3;22.3;0
Colmar;48.08;7.35;21/09/2026;17:00;19.1;5;SOLEIL VOILÉ;2;22.0;0
Colmar;48.08;7.35;21/09/2026;18:00;16.6;0;SOLEIL;2;23.0;0
Colmar;48.08;7.35;21/09/2026;19:00;14.5;0;SOLEIL;2;20.2;0
Colmar;48.08;7.35;21/09/2026;20:00;13.1;0;SOLEIL;3;9.4;0
Colmar;48.08;7.35;21/09/2026;21:00;12.6;0;SOLEIL;3;7.2;0
Colmar;48.08;7.35;21/09/2026;22:00;12.2;0;SOLEIL;3;7.6;0
Colmar;48.08;7.35;21/09/2026;23:00;11.7;0;SOLEIL;3;6.5;0
Colmar;48.08;7.35;22/09/2026;00:00;11.5;0;SOLEIL;3;4.7;0
Colmar;48.08;7.35;22/09/2026;01:00;11.5;0;SOLEIL;3;5.0;0
Colmar;48.08;7.35;22/09/2026;02:00;10.1;0;SOLEIL;2;6.1;0
Colmar;48.08;7.35;22/09/2026;03:00;10.1;0;SOLEIL;2;7.3;0
Colmar;48.08;7.35;22/09/2026;04:00;10.1;0;SOLEIL;2;7.4;0
Colmar;48.08;7.35;22/09/2026;05:00;11.5;0;SOLEIL;3;7.2;0
Colmar;48.08;7.35;22/09/2026;06:00;11.5;0;SOLEIL;3;7.2;0
Colmar;48.08;7.35;22/09/2026;07:00;11.5;0;SOLEIL;3;7.9;0
Colmar;48.08;7.35;22/09/2026;08:00;17.7;0;SOLEIL;3;9.0;0
Colmar;48.08;7.35;22/09/2026;09:00;17.7;0;SOLEIL;3;7.6;0
Colmar;48.08;7.35;22/09/2026;10:00;17.7;0;SOLEIL;3;13.0;0
Colmar;48.08;7.35;22/09/2026;11:00;20.9;0;SOLEIL;3;16.6;0
Colmar;48.08;7.35;22/09/2026;12:00;20.9;0;SOLEIL;3;17.6;0
Colmar;48.08;7.35;22/09/2026;13:00;20.9;0;SOLEIL;3;19.4;0
Colmar;48.08;7.35;22/09/2026;14:00;21.5;0;SOLEIL;4;22.0;0
Colmar;48.08;7.35;22/09/2026;15:00;21.5;0;SOLEIL;4;23.4;0
Colmar;48.08;7.35;22/09/2026;16:00;21.5;0;SOLEIL;4;23.8;0
Colmar;48.08;7.35;22/09/2026;17:00;17.1;0;SOLEIL;3;23.4;0
Colmar;48.08;7.35;22/09/2026;18:00;17.1;0;SOLEIL;3;23.0;0
Colmar;48.08;7.35;22/09/2026;19:00;17.1;0;SOLEIL;3;21.6;0
Colmar;48.08;7.35;22/09/2026;20:00;13.9;0;SOLEIL;3;15.8;0
Colmar;48.08;7.35;22/09/2026;21:00;13.9;0;SOLEIL;3;13.0;0
Colmar;48.08;7.35;22/09/2026;22:00;13.9;0;SOLEIL;3;13.7;0
Colmar;48.08;7.35;22/09/2026;23:00;12.1;0;SOLEIL;3;12.6;0
Colmar;48.08;7.35;23/09/2026;00:00;12.1;0;SOLEIL;3;11.9;0
Colmar;48.08;7.35;23/09/2026;01:00;12.1;0;SOLEIL;3;11.5;0
Colmar;48.08;7.35;23/09/2026;02:00;10.1;0;SOLEIL;3;14.0;0
Colmar;48.08;7.35;23/09/2026;03:00;10.1;0;SOLEIL;3;16.2;0
Colmar;48.08;7.35;23/09/2026;04:00;10.1;0;SOLEIL;3;19.4;0
Colmar;48.08;7.35;23/09/2026;05:00;10.1;0;SOLEIL;4;20.5;0
Colmar;48.08;7.35;23/09/2026;06:00;10.1;0;SOLEIL;4;21.2;0
Colmar;48.08;7.35;23/09/2026;07:00;10.1;0;SOLEIL;4;21.2;0
Colmar;48.08;7.35;23/09/2026;08:00;17.6;0;SOLEIL;4;21.6;0
Colmar;48.08;7.35;23/09/2026;09:00;17.6;0;SOLEIL;4;23.8;0
Colmar;48.08;7.35;23/09/2026;10:00;17.6;0;SOLEIL;4;26.6;0
Colmar;48.08;7.35;23/09/2026;11:00;22.4;0;SOLEIL;3;28.1;0
Colmar;48.08;7.35;23/09/2026;12:00;22.4;0;SOLEIL;3;27.4;0
Colmar;48.08;7.35;23/09/2026;13:00;22.4;0;SOLEIL;3;25.2;0
Colmar;48.08;7.35;23/09/2026;14:00;23.1;0;SOLEIL;3;22.7;0
Colmar;48.08;7.35;23/09/2026;15:00;23.1;0;SOLEIL;3;20.5;0
Colmar;48.08;7.35;23/09/2026;16:00;23.1;0;SOLEIL;3;18.0;0
Colmar;48.08;7.35;23/09/2026;17:00;18.2;0;SOLEIL;1;15.5;0
Colmar;48.08;7.35;23/09/2026;18:00;18.2;0;SOLEIL;1;12.2;0
Colmar;48.08;7.35;23/09/2026;19:00;18.2;0;SOLEIL;1;9.0;0
Colmar;48.08;7.35;23/09/2026;20:00;15.9;0;SOLEIL;5;6.8;0
Colmar;48.08;7.35;23/09/2026;21:00;14.3;0;SOLEIL;5;5.8;0
Colmar;48.08;7.35;23/09/2026;22:00;12.7;0;SOLEIL;5;6.1;0
Colmar;48.08;7.35;23/09/2026;23:00;14.9;0;SOLEIL;3;6.5;0
Colmar;48.08;7.35;24/09/2026;00:00;14.9;0;SOLEIL;3;7.9;0
Colmar;48.08;7.35;24/09/2026;01:00;14.9;0;SOLEIL;3;10.1;0
Colmar;48.08;7.35;24/09/2026;02:00;11.1;0;SOLEIL;5;10.8;0
Colmar;48.08;7.35;24/09/2026;03:00;11.1;0;SOLEIL;5;8.6;0
Colmar;48.08;7.35;24/09/2026;04:00;11.1;0;SOLEIL;5;5.4;0
Colmar;48.08;7.35;24/09/2026;05:00;12.6;0;SOLEIL;3;5.0;0
Colmar;48.08;7.35;24/09/2026;06:00;12.6;0;SOLEIL;3;10.8;0
Colmar;48.08;7.35;24/09/2026;07:00;12.6;0;SOLEIL;3;19.1;0
Colmar;48.08;7.35;24/09/2026;08:00;13.4;0;SOLEIL;5;25.9;0
Colmar;48.08;7.35;24/09/2026;09:00;14.6;0;SOLEIL;5;29.2;0
Colmar;48.08;7.35;24/09/2026;10:00;15.7;0;SOLEIL;5;30.2;0
Colmar;48.08;7.35;24/09/2026;11:00;20.4;0;SOLEIL;4;30.6;0
Colmar;48.08;7.35;24/09/2026;12:00;20.4;0;SOLEIL;4;29.5;0
Colmar;48.08;7.35;24/09/2026;13:00;20.4;0;SOLEIL;4;27.7;0
Colmar;48.08;7.35;24/09/2026;14:00;20.3;0;SOLEIL;5;25.9;0
Colmar;48.08;7.35;24/09/2026;15:00;21.5;0;SOLEIL;5;25.2;0
Colmar;48.08;7.35;24/09/2026;16:00;20.3;0;SOLEIL;5;24.8;0
Colmar;48.08;7.35;24/09/2026;17:00;16.6;0;SOLEIL;2;23.4;0
Colmar;48.08;7.35;24/09/2026;18:00;16.6;0;SOLEIL;2;19.8;0
Colmar;48.08;7.35;24/09/2026;19:00;16.6;0;SOLEIL;2;14.8;0
Colmar;48.08;7.35;24/09/2026;20:00;15.7;0;SOLEIL;5;11.2;0
Colmar;48.08;7.35;24/09/2026;21:00;14.6;0;SOLEIL;5;10.1;0
Colmar;48.08;7.35;24/09/2026;22:00;13.4;0;SOLEIL;5;10.1;0
Colmar;48.08;7.35;24/09/2026;23:00;11.9;0;SOLEIL;3;9.4;0
Colmar;48.08;7.35;25/09/2026;00:00;11.9;0;SOLEIL;3;6.9;0
Colmar;48.08;7.35;25/09/2026;01:00;11.9;0;SOLEIL;3;4.3;0
Colmar;48.08;7.35;25/09/2026;02:00;9.1;0;SOLEIL;5;3.1;0
Colmar;48.08;7.35;25/09/2026;03:00;9.1;0;SOLEIL;5;3.2;0
Colmar;48.08;7.35;25/09/2026;04:00;9.1;0;SOLEIL;5;3.2;0
Colmar;48.08;7.35;25/09/2026;05:00;10;0;SOLEIL;3;3.6;0
Colmar;48.08;7.35;25/09/2026;06:00;10;0;SOLEIL;3;2.9;0
Colmar;48.08;7.35;25/09/2026;07:00;10;0;SOLEIL;3;2.2;0
Colmar;48.08;7.35;25/09/2026;08:00;11.9;0;SOLEIL;5;2.5;0
Colmar;48.08;7.35;25/09/2026;09:00;13.2;0;SOLEIL;5;5.0;0
Colmar;48.08;7.35;25/09/2026;10:00;14.6;0;SOLEIL;5;8.3;0
Colmar;48.08;7.35;25/09/2026;11:00;21;0;SOLEIL;3;10.8;0
Colmar;48.08;7.35;25/09/2026;12:00;21;0;SOLEIL;3;11.5;0
Colmar;48.08;7.35;25/09/2026;13:00;21;0;SOLEIL;3;11.2;0
Colmar;48.08;7.35;25/09/2026;14:00;20.1;0;SOLEIL;5;10.8;0
Colmar;48.08;7.35;25/09/2026;15:00;21.5;0;SOLEIL;5;10.4;0
Colmar;48.08;7.35;25/09/2026;16:00;20.1;0;SOLEIL;5;9.7;0
Colmar;48.08;7.35;25/09/2026;17:00;17.1;0;SOLEIL;3;9.0;0
Colmar;48.08;7.35;25/09/2026;18:00;17.1;0;SOLEIL;3;7.6;0
Colmar;48.08;7.35;25/09/2026;19:00;17.1;0;SOLEIL;3;6.1;0
Colmar;48.08;7.35;25/09/2026;20:00;14.6;0;SOLEIL;5;5.0;0
Colmar;48.08;7.35;25/09/2026;21:00;13.2;0;SOLEIL;5;4.7;0
Colmar;48.08;7.35;25/09/2026;22:00;11.9;0;SOLEIL;5;4.3;0
Colmar;48.08;7.35;25/09/2026;23:00;11.2;0;SOLEIL;3;4.3;0
Mulhouse;47.75;7.33;21/09/2026;00:00;17.6;5;SOLEIL VOILÉ;3;6.8;0
Mulhouse;47.75;7.33;21/09/2026;01:00;17;5;SOLEIL VOILÉ;4;19.1;0
Mulhouse;47.75;7.33;21/09/2026;02:00;15.4;5;SOLEIL VOILÉ;3;32.8;0
Mulhouse;47.75;7.33;21/09/2026;03:00;14.6;5;SOLEIL VOILÉ;3;33.5;0
Mulhouse;47.75;7.33;21/09/2026;04:00;13.6;5;SOLEIL VOILÉ;3;29.2;0
Mulhouse;47.75;7.33;21/09/2026;05:00;13.5;5;SOLEIL VOILÉ;3;31.0;0
Mulhouse;47.75;7.33;21/09/2026;06:00;13.6;5;SOLEIL VOILÉ;3;22.0;0
Mulhouse;47.75;7.33;21/09/2026;07:00;14.6;5;SOLEIL VOILÉ;3;19.1;0
Mulhouse;47.75;7.33;21/09/2026;08:00;15.6;5;SOLEIL VOILÉ;4;23.8;0
Mulhouse;47.75;7.33;21/09/2026;09:00;17.1;5;SOLEIL VOILÉ;4;26.3;0
Mulhouse;47.75;7.33;21/09/2026;10:00;19.1;5;SOLEIL VOILÉ;3;28.4;0
Mulhouse;47.75;7.33;21/09/2026;11:00;20.6;5;SOLEIL VOILÉ;3;29.9;0
Mulhouse;47.75;7.33;21/09/2026;12:00;20.6;5;SOLEIL VOILÉ;3;31.0;0
Mulhouse;47.75;7.33;21/09/2026;13:00;21.1;5;SOLEIL VOILÉ;4;28.4;0
Mulhouse;47.75;7.33;21/09/2026;14:00;21.9;5;SOLEIL VOILÉ;4;29.9;0
Mulhouse;47.75;7.33;21/09/2026;15:00;22.1;5;SOLEIL VOILÉ;4;30.2;0
Mulhouse;47.75;7.33;21/09/2026;16:00;21.4;5;SOLEIL VOILÉ;4;32.4;0
Mulhouse;47.75;7.33;21/09/2026;17:00;19.7;5;SOLEIL VOILÉ;4;33.1;0
Mulhouse;47.75;7.33;21/09/2026;18:00;18;0;SOLEIL;3;31.7;0
Mulhouse;47.75;7.33;21/09/2026;19:00;16.1;0;SOLEIL;3;29.9;0
Mulhouse;47.75;7.33;21/09/2026;20:00;15.2;0;SOLEIL;3;23.8;0
Mulhouse;47.75;7.33;21/09/2026;21:00;15.1;0;SOLEIL;3;16.6;0
Mulhouse;47.75;7.33;21/09/2026;22:00;15;0;SOLEIL;3;15.8;0
Mulhouse;47.75;7.33;21/09/2026;23:00;14.7;0;SOLEIL;3;16.6;0
Mulhouse;47.75;7.33;22/09/2026;00:00;14.1;0;SOLEIL;3;14.4;0
Mulhouse;47.75;7.33;22/09/2026;01:00;14.1;0;SOLEIL;3;13.7;0
Mulhouse;47.75;7.33;22/09/2026;02:00;12.6;0;SOLEIL;3;14.8;0
Mulhouse;47.75;7.33;22/09/2026;03:00;12.6;0;SOLEIL;3;14.6;0
Mulhouse;47.75;7.33;22/09/2026;04:00;12.6;0;SOLEIL;3;12.6;0
Mulhouse;47.75;7.33;22/09/2026;05:00;13;0;SOLEIL;2;11.3;0
Mulhouse;47.75;7.33;22/09/2026;06:00;13;0;SOLEIL;2;10.1;0
Mulhouse;47.75;7.33;22/09/2026;07:00;13;0;SOLEIL;2;9.0;0
Mulhouse;47.75;7.33;22/09/2026;08:00;18.7;0;SOLEIL;3;8.6;0
Mulhouse;47.75;7.33;22/09/2026;09:00;18.7;0;SOLEIL;3;9.4;0
Mulhouse;47.75;7.33;22/09/2026;10:00;18.7;0;SOLEIL;3;18.0;0
Mulhouse;47.75;7.33;22/09/2026;11:00;21.6;0;SOLEIL;4;24.1;0
Mulhouse;47.75;7.33;22/09/2026;12:00;21.6;0;SOLEIL;4;28.4;0
Mulhouse;47.75;7.33;22/09/2026;13:00;21.6;0;SOLEIL;4;30.2;0
Mulhouse;47.75;7.33;22/09/2026;14:00;23.1;0;SOLEIL;4;32.0;0
Mulhouse;47.75;7.33;22/09/2026;15:00;23.1;0;SOLEIL;4;34.2;0
Mulhouse;47.75;7.33;22/09/2026;16:00;23.1;0;SOLEIL;4;36.4;0
Mulhouse;47.75;7.33;22/09/2026;17:00;19.1;0;SOLEIL;4;37.4;0
Mulhouse;47.75;7.33;22/09/2026;18:00;19.1;0;SOLEIL;4;37.4;0
Mulhouse;47.75;7.33;22/09/2026;19:00;19.1;0;SOLEIL;4;33.8;0
Mulhouse;47.75;7.33;22/09/2026;20:00;16.1;0;SOLEIL;3;25.2;0
Mulhouse;47.75;7.33;22/09/2026;21:00;16.1;0;SOLEIL;3;20.2;0
Mulhouse;47.75;7.33;22/09/2026;22:00;16.1;0;SOLEIL;3;19.1;0
Mulhouse;47.75;7.33;22/09/2026;23:00;14.5;0;SOLEIL;2;19.4;0
Mulhouse;47.75;7.33;23/09/2026;00:00;14.5;0;SOLEIL;2;19.1;0
Mulhouse;47.75;7.33;23/09/2026;01:00;14.5;0;SOLEIL;2;17.3;0
Mulhouse;47.75;7.33;23/09/2026;02:00;12.1;0;SOLEIL;2;14.4;0
Mulhouse;47.75;7.33;23/09/2026;03:00;12.1;0;SOLEIL;2;11.5;0
Mulhouse;47.75;7.33;23/09/2026;04:00;12.1;0;SOLEIL;2;8.3;0
Mulhouse;47.75;7.33;23/09/2026;05:00;11.1;0;SOLEIL;1;6.5;0
Mulhouse;47.75;7.33;23/09/2026;06:00;11.1;0;SOLEIL;1;6.1;0
Mulhouse;47.75;7.33;23/09/2026;07:00;11.1;0;SOLEIL;1;5.8;0
Mulhouse;47.75;7.33;23/09/2026;08:00;17.6;0;SOLEIL;1;5.4;0
Mulhouse;47.75;7.33;23/09/2026;09:00;17.6;0;SOLEIL;1;7.2;0
Mulhouse;47.75;7.33;23/09/2026;10:00;17.6;0;SOLEIL;1;10.1;0
Mulhouse;47.75;7.33;23/09/2026;11:00;22;0;SOLEIL;1;12.2;0
Mulhouse;47.75;7.33;23/09/2026;12:00;22;0;SOLEIL;1;12.6;0
Mulhouse;47.75;7.33;23/09/2026;13:00;22;0;SOLEIL;1;12.2;0
Mulhouse;47.75;7.33;23/09/2026;14:00;24.5;0;SOLEIL;1;11.9;0
Mulhouse;47.75;7.33;23/09/2026;15:00;24.5;0;SOLEIL;1;12.2;0
Mulhouse;47.75;7.33;23/09/2026;16:00;24.5;0;SOLEIL;1;12.6;0
Mulhouse;47.75;7.33;23/09/2026;17:00;20.5;0;SOLEIL;1;12.6;0
Mulhouse;47.75;7.33;23/09/2026;18:00;20.5;0;SOLEIL;1;11.9;0
Mulhouse;47.75;7.33;23/09/2026;19:00;20.5;0;SOLEIL;1;10.4;0
Mulhouse;47.75;7.33;23/09/2026;20:00;16.9;0;SOLEIL;5;9.4;0
Mulhouse;47.75;7.33;23/09/2026;21:00;15.3;0;SOLEIL;5;8.6;0
Mulhouse;47.75;7.33;23/09/2026;22:00;13.7;0;SOLEIL;5;8.3;0
Mulhouse;47.75;7.33;23/09/2026;23:00;14.9;0;SOLEIL;2;8.3;0
Mulhouse;47.75;7.33;24/09/2026;00:00;14.9;0;SOLEIL;2;9.0;0
Mulhouse;47.75;7.33;24/09/2026;01:00;14.9;0;SOLEIL;2;10.1;0
Mulhouse;47.75;7.33;24/09/2026;02:00;11.4;0;SOLEIL;5;10.4;0
Mulhouse;47.75;7.33;24/09/2026;03:00;11.4;0;SOLEIL;5;9.4;0
Mulhouse;47.75;7.33;24/09/2026;04:00;11.4;0;SOLEIL;5;7.6;0
Mulhouse;47.75;7.33;24/09/2026;05:00;12.6;0;SOLEIL;2;7.6;0
Mulhouse;47.75;7.33;24/09/2026;06:00;12.6;0;SOLEIL;2;10.8;0
Mulhouse;47.75;7.33;24/09/2026;07:00;12.6;0;SOLEIL;2;15.5;0
Mulhouse;47.75;7.33;24/09/2026;08:00;14.0;0;SOLEIL;5;20.5;0
Mulhouse;47.75;7.33;24/09/2026;09:00;15.3;0;SOLEIL;5;25.9;0
Mulhouse;47.75;7.33;24/09/2026;10:00;16.6;0;SOLEIL;5;31.3;0
Mulhouse;47.75;7.33;24/09/2026;11:00;21.6;0;SOLEIL;3;35.3;0
Mulhouse;47.75;7.33;24/09/2026;12:00;21.6;0;SOLEIL;3;37.1;0
Mulhouse;47.75;7.33;24/09/2026;13:00;21.6;0;SOLEIL;3;37.4;0
Mulhouse;47.75;7.33;24/09/2026;14:00;21.8;0;SOLEIL;5;37.1;0
Mulhouse;47.75;7.33;24/09/2026;15:00;23.1;0;SOLEIL;5;35.6;0
Mulhouse;47.75;7.33;24/09/2026;16:00;21.8;0;SOLEIL;5;33.5;0
Mulhouse;47.75;7.33;24/09/2026;17:00;17.1;0;SOLEIL;2;30.6;0
Mulhouse;47.75;7.33;24/09/2026;18:00;17.1;0;SOLEIL;2;26.6;0
Mulhouse;47.75;7.33;24/09/2026;19:00;17.1;0;SOLEIL;2;22.0;0
Mulhouse;47.75;7.33;24/09/2026;20:00;16.6;0;SOLEIL;5;18.0;0
Mulhouse;47.75;7.33;24/09/2026;21:00;15.3;0;SOLEIL;5;14.8;0
Mulhouse;47.75;7.33;24/09/2026;22:00;14.0;0;SOLEIL;5;11.9;0
Mulhouse;47.75;7.33;24/09/2026;23:00;13.1;0;SOLEIL;2;9.7;0
Mulhouse;47.75;7.33;25/09/2026;00:00;13.1;0;SOLEIL;2;9.7;0
Mulhouse;47.75;7.33;25/09/2026;01:00;13.1;0;SOLEIL;2;10.6;0
Mulhouse;47.75;7.33;25/09/2026;02:00;10.6;0;SOLEIL;5;12.1;0
Mulhouse;47.75;7.33;25/09/2026;03:00;10.6;0;SOLEIL;5;13.7;0
Mulhouse;47.75;7.33;25/09/2026;04:00;10.6;0;SOLEIL;5;14.0;0
Mulhouse;47.75;7.33;25/09/2026;05:00;11.5;0;SOLEIL;2;14.0;0
Mulhouse;47.75;7.33;25/09/2026;06:00;11.5;0;SOLEIL;2;14.0;0
Mulhouse;47.75;7.33;25/09/2026;07:00;11.5;0;SOLEIL;2;14.0;0
Mulhouse;47.75;7.33;25/09/2026;08:00;13.2;0;SOLEIL;5;14.0;0
Mulhouse;47.75;7.33;25/09/2026;09:00;14.5;0;SOLEIL;5;14.4;0
Mulhouse;47.75;7.33;25/09/2026;10:00;15.8;0;SOLEIL;5;14.8;0
Mulhouse;47.75;7.33;25/09/2026;11:00;21.6;0;SOLEIL;3;15.8;0
Mulhouse;47.75;7.33;25/09/2026;12:00;21.6;0;SOLEIL;3;17.6;0
Mulhouse;47.75;7.33;25/09/2026;13:00;21.6;0;SOLEIL;3;20.2;0
Mulhouse;47.75;7.33;25/09/2026;14:00;21.1;0;SOLEIL;5;21.6;0
Mulhouse;47.75;7.33;25/09/2026;15:00;22.4;0;SOLEIL;5;22.0;0
Mulhouse;47.75;7.33;25/09/2026;16:00;21.1;0;SOLEIL;5;21.6;0
Mulhouse;47.75;7.33;25/09/2026;17:00;18.7;0;SOLEIL;2;20.5;0
Mulhouse;47.75;7.33;25/09/2026;18:00;18.7;0;SOLEIL;2;17.6;0
Mulhouse;47.75;7.33;25/09/2026;19:00;18.7;0;SOLEIL;2;13.7;0
Mulhouse;47.75;7.33;25/09/2026;20:00;15.8;0;SOLEIL;5;10.8;0
Mulhouse;47.75;7.33;25/09/2026;21:00;14.5;0;SOLEIL;5;9.0;0
Mulhouse;47.75;7.33;25/09/2026;22:00;13.2;0;SOLEIL;5;8.3;0
Mulhouse;47.75;7.33;25/09/2026;23:00;13.1;0;SOLEIL;2;7.9;0
Épinal;48.17;6.45;21/09/2026;00:00;17.1;5;SOLEIL VOILÉ;3;6.8;0
Épinal;48.17;6.45;21/09/2026;01:00;15.9;5;SOLEIL VOILÉ;3;4.0;0
Épinal;48.17;6.45;21/09/2026;02:00;14.6;5;SOLEIL VOILÉ;3;6.5;0
Épinal;48.17;6.45;21/09/2026;03:00;14.5;5;SOLEIL VOILÉ;3;9.7;0
Épinal;48.17;6.45;21/09/2026;04:00;14.7;5;SOLEIL VOILÉ;3;20.9;0
Épinal;48.17;6.45;21/09/2026;05:00;13.9;5;SOLEIL VOILÉ;3;29.2;0
Épinal;48.17;6.45;21/09/2026;06:00;13.2;5;SOLEIL VOILÉ;3;28.4;0
Épinal;48.17;6.45;21/09/2026;07:00;14.1;5;SOLEIL VOILÉ;4;28.4;0
Épinal;48.17;6.45;21/09/2026;08:00;14.6;5;SOLEIL VOILÉ;4;29.9;0
Épinal;48.17;6.45;21/09/2026;09:00;16;5;SOLEIL VOILÉ;4;31.7;0
Épinal;48.17;6.45;21/09/2026;10:00;17.6;5;SOLEIL VOILÉ;4;32.0;0
Épinal;48.17;6.45;21/09/2026;11:00;18.6;5;SOLEIL VOILÉ;4;30.2;0
Épinal;48.17;6.45;21/09/2026;12:00;20.1;5;SOLEIL VOILÉ;4;29.5;0
Épinal;48.17;6.45;21/09/2026;13:00;21.2;5;SOLEIL VOILÉ;4;30.6;0
Épinal;48.17;6.45;21/09/2026;14:00;21.5;5;SOLEIL VOILÉ;4;30.6;0
Épinal;48.17;6.45;21/09/2026;15:00;21;5;SOLEIL VOILÉ;5;32.0;0
Épinal;48.17;6.45;21/09/2026;16:00;19.9;5;SOLEIL VOILÉ;5;32.0;0
Épinal;48.17;6.45;21/09/2026;17:00;18.5;5;SOLEIL VOILÉ;4;33.8;0
Épinal;48.17;6.45;21/09/2026;18:00;17;5;SOLEIL VOILÉ;3;33.1;0
Épinal;48.17;6.45;21/09/2026;19:00;15.6;5;SOLEIL VOILÉ;4;32.4;0
Épinal;48.17;6.45;21/09/2026;20:00;14.6;0;SOLEIL;4;30.2;0
Épinal;48.17;6.45;21/09/2026;21:00;14;0;SOLEIL;3;27.0;0
Épinal;48.17;6.45;21/09/2026;22:00;13.6;0;SOLEIL;4;24.1;0
Épinal;48.17;6.45;21/09/2026;23:00;13.1;0;SOLEIL;4;19.1;0
Épinal;48.17;6.45;22/09/2026;00:00;12.6;0;SOLEIL;4;18.7;0
Épinal;48.17;6.45;22/09/2026;01:00;12.6;0;SOLEIL;4;18.0;0
Épinal;48.17;6.45;22/09/2026;02:00;10.2;0;SOLEIL;3;16.9;0
Épinal;48.17;6.45;22/09/2026;03:00;10.2;0;SOLEIL;3;16.7;0
Épinal;48.17;6.45;22/09/2026;04:00;10.2;0;SOLEIL;3;15.5;0
Épinal;48.17;6.45;22/09/2026;05:00;11.5;0;SOLEIL;2;13.5;0
Épinal;48.17;6.45;22/09/2026;06:00;11.5;0;SOLEIL;2;13.0;0
Épinal;48.17;6.45;22/09/2026;07:00;11.5;0;SOLEIL;2;11.2;0
Épinal;48.17;6.45;22/09/2026;08:00;17.2;0;SOLEIL;3;9.7;0
Épinal;48.17;6.45;22/09/2026;09:00;17.2;0;SOLEIL;3;14.4;0
Épinal;48.17;6.45;22/09/2026;10:00;17.2;0;SOLEIL;3;18.0;0
Épinal;48.17;6.45;22/09/2026;11:00;22.1;0;SOLEIL;4;23.8;0
Épinal;48.17;6.45;22/09/2026;12:00;22.1;0;SOLEIL;4;28.8;0
Épinal;48.17;6.45;22/09/2026;13:00;22.1;0;SOLEIL;4;30.6;0
Épinal;48.17;6.45;22/09/2026;14:00;23;0;SOLEIL;5;33.5;0
Épinal;48.17;6.45;22/09/2026;15:00;23;0;SOLEIL;5;34.9;0
Épinal;48.17;6.45;22/09/2026;16:00;23;0;SOLEIL;5;35.3;0
Épinal;48.17;6.45;22/09/2026;17:00;19.2;0;SOLEIL;5;36.0;0
Épinal;48.17;6.45;22/09/2026;18:00;19.2;0;SOLEIL;5;35.6;0
Épinal;48.17;6.45;22/09/2026;19:00;19.2;0;SOLEIL;5;34.2;0
Épinal;48.17;6.45;22/09/2026;20:00;14.9;0;SOLEIL;4;28.8;0
Épinal;48.17;6.45;22/09/2026;21:00;14.9;0;SOLEIL;4;22.3;0
Épinal;48.17;6.45;22/09/2026;22:00;14.9;0;SOLEIL;4;20.5;0
Épinal;48.17;6.45;22/09/2026;23:00;12.9;0;SOLEIL;3;19.8;0
Épinal;48.17;6.45;23/09/2026;00:00;12.9;0;SOLEIL;3;19.4;0
Épinal;48.17;6.45;23/09/2026;01:00;12.9;0;SOLEIL;3;18.4;0
Épinal;48.17;6.45;23/09/2026;02:00;9.6;0;SOLEIL;2;17.3;0
Épinal;48.17;6.45;23/09/2026;03:00;9.6;0;SOLEIL;2;13.7;0
Épinal;48.17;6.45;23/09/2026;04:00;9.6;0;SOLEIL;2;11.5;0
Épinal;48.17;6.45;23/09/2026;05:00;10.5;0;SOLEIL;1;10.8;0
Épinal;48.17;6.45;23/09/2026;06:00;10.5;0;SOLEIL;1;9.0;0
Épinal;48.17;6.45;23/09/2026;07:00;10.5;0;SOLEIL;1;6.1;0
Épinal;48.17;6.45;23/09/2026;08:00;17.5;0;SOLEIL;1;5.8;0
Épinal;48.17;6.45;23/09/2026;09:00;17.5;0;SOLEIL;1;8.3;0
Épinal;48.17;6.45;23/09/2026;10:00;17.5;0;SOLEIL;1;11.9;0
Épinal;48.17;6.45;23/09/2026;11:00;22.4;0;SOLEIL;2;14.8;0
Épinal;48.17;6.45;23/09/2026;12:00;22.4;0;SOLEIL;2;14.8;0
Épinal;48.17;6.45;23/09/2026;13:00;22.4;0;SOLEIL;2;13.7;0
Épinal;48.17;6.45;23/09/2026;14:00;25;0;SOLEIL;2;13.0;0
Épinal;48.17;6.45;23/09/2026;15:00;25;0;SOLEIL;2;13.7;0
Épinal;48.17;6.45;23/09/2026;16:00;25;0;SOLEIL;2;14.8;0
Épinal;48.17;6.45;23/09/2026;17:00;20.9;0;SOLEIL;3;14.8;0
Épinal;48.17;6.45;23/09/2026;18:00;20.9;0;SOLEIL;3;12.2;0
Épinal;48.17;6.45;23/09/2026;19:00;20.9;0;SOLEIL;3;8.6;0
Épinal;48.17;6.45;23/09/2026;20:00;16.3;0;SOLEIL;5;6.5;0
Épinal;48.17;6.45;23/09/2026;21:00;14.5;0;SOLEIL;5;7.2;0
Épinal;48.17;6.45;23/09/2026;22:00;12.7;0;SOLEIL;5;9.7;0
Épinal;48.17;6.45;23/09/2026;23:00;14.1;0;SOLEIL;2;12.2;0
Épinal;48.17;6.45;24/09/2026;00:00;14.1;0;SOLEIL;2;14.8;0
Épinal;48.17;6.45;24/09/2026;01:00;14.1;0;SOLEIL;2;17.3;0
Épinal;48.17;6.45;24/09/2026;02:00;12.1;0;SOLEIL;5;19.4;0
Épinal;48.17;6.45;24/09/2026;03:00;12.1;0;SOLEIL;5;20.5;0
Épinal;48.17;6.45;24/09/2026;04:00;12.1;0;SOLEIL;5;21.2;0
Épinal;48.17;6.45;24/09/2026;05:00;13.5;0;SOLEIL;3;22.7;0
Épinal;48.17;6.45;24/09/2026;06:00;13.5;0;SOLEIL;3;25.9;0
Épinal;48.17;6.45;24/09/2026;07:00;13.5;0;SOLEIL;3;29.9;0
Épinal;48.17;6.45;24/09/2026;08:00;14.7;0;SOLEIL;5;33.1;0
Épinal;48.17;6.45;24/09/2026;09:00;15.9;0;SOLEIL;5;34.6;0
Épinal;48.17;6.45;24/09/2026;10:00;17.2;0;SOLEIL;5;34.9;0
Épinal;48.17;6.45;24/09/2026;11:00;22.2;0;SOLEIL;3;34.6;0
Épinal;48.17;6.45;24/09/2026;12:00;22.2;0;SOLEIL;3;33.8;0
Épinal;48.17;6.45;24/09/2026;13:00;22.2;0;SOLEIL;3;32.4;0
Épinal;48.17;6.45;24/09/2026;14:00;22.3;0;SOLEIL;5;31.0;0
Épinal;48.17;6.45;24/09/2026;15:00;23.6;0;SOLEIL;5;29.9;0
Épinal;48.17;6.45;24/09/2026;16:00;22.3;0;SOLEIL;5;28.4;0
Épinal;48.17;6.45;24/09/2026;17:00;17.6;0;SOLEIL;3;25.9;0
Épinal;48.17;6.45;24/09/2026;18:00;17.6;0;SOLEIL;3;21.6;0
Épinal;48.17;6.45;24/09/2026;19:00;17.6;0;SOLEIL;3;16.6;0
Épinal;48.17;6.45;24/09/2026;20:00;17.2;0;SOLEIL;5;11.9;0
Épinal;48.17;6.45;24/09/2026;21:00;15.9;0;SOLEIL;5;7.9;0
Épinal;48.17;6.45;24/09/2026;22:00;14.7;0;SOLEIL;5;4.3;0
Épinal;48.17;6.45;24/09/2026;23:00;12.6;0;SOLEIL;2;2.2;0
Épinal;48.17;6.45;25/09/2026;00:00;12.6;0;SOLEIL;2;3.0;0
Épinal;48.17;6.45;25/09/2026;01:00;12.6;0;SOLEIL;2;4.9;0
Épinal;48.17;6.45;25/09/2026;02:00;10;0;SOLEIL;5;6.3;0
Épinal;48.17;6.45;25/09/2026;03:00;10;0;SOLEIL;5;7.2;0
Épinal;48.17;6.45;25/09/2026;04:00;10;0;SOLEIL;5;8.3;0
Épinal;48.17;6.45;25/09/2026;05:00;11.2;0;SOLEIL;2;9.0;0
Épinal;48.17;6.45;25/09/2026;06:00;11.2;0;SOLEIL;2;9.0;0
Épinal;48.17;6.45;25/09/2026;07:00;11.2;0;SOLEIL;2;8.6;0
Épinal;48.17;6.45;25/09/2026;08:00;12.8;0;SOLEIL;5;8.6;0
Épinal;48.17;6.45;25/09/2026;09:00;14.2;0;SOLEIL;5;8.6;0
Épinal;48.17;6.45;25/09/2026;10:00;15.6;0;SOLEIL;5;9.0;0
Épinal;48.17;6.45;25/09/2026;11:00;21.6;0;SOLEIL;3;9.7;0
Épinal;48.17;6.45;25/09/2026;12:00;21.6;0;SOLEIL;3;11.9;0
Épinal;48.17;6.45;25/09/2026;13:00;21.6;0;SOLEIL;3;14.4;0
Épinal;48.17;6.45;25/09/2026;14:00;21.2;0;SOLEIL;5;16.2;0
Épinal;48.17;6.45;25/09/2026;15:00;22.6;0;SOLEIL;5;16.9;0
Épinal;48.17;6.45;25/09/2026;16:00;21.2;0;SOLEIL;5;17.3;0
Épinal;48.17;6.45;25/09/2026;17:00;18.7;0;SOLEIL;3;16.6;0
Épinal;48.17;6.45;25/09/2026;18:00;18.7;0;SOLEIL;3;14.4;0
Épinal;48.17;6.45;25/09/2026;19:00;18.7;0;SOLEIL;3;11.5;0
Épinal;48.17;6.45;25/09/2026;20:00;15.6;0;SOLEIL;5;8.6;0
Épinal;48.17;6.45;25/09/2026;21:00;14.2;0;SOLEIL;5;6.1;0
Épinal;48.17;6.45;25/09/2026;22:00;12.8;0;SOLEIL;5;4.0;0
Épinal;48.17;6.45;25/09/2026;23:00;11.9;0;SOLEIL;2;2.9;0
Neufchâteau;48.35;5.69;21/09/2026;00:00;14.5;5;SOLEIL VOILÉ;2;9.7;0
Neufchâteau;48.35;5.69;21/09/2026;01:00;14.1;5;SOLEIL VOILÉ;2;17.6;0
Neufchâteau;48.35;5.69;21/09/2026;02:00;12.5;5;SOLEIL VOILÉ;2;18.7;0
Neufchâteau;48.35;5.69;21/09/2026;03:00;11.9;5;SOLEIL VOILÉ;2;18.0;0
Neufchâteau;48.35;5.69;21/09/2026;04:00;10.1;5;SOLEIL VOILÉ;1;13.0;0
Neufchâteau;48.35;5.69;21/09/2026;05:00;9.6;5;SOLEIL VOILÉ;1;11.9;0
Neufchâteau;48.35;5.69;21/09/2026;06:00;9.7;5;SOLEIL VOILÉ;1;11.5;0
Neufchâteau;48.35;5.69;21/09/2026;07:00;11.1;5;SOLEIL VOILÉ;2;12.6;0
Neufchâteau;48.35;5.69;21/09/2026;08:00;13.1;5;SOLEIL VOILÉ;2;8.6;0
Neufchâteau;48.35;5.69;21/09/2026;09:00;16.2;5;SOLEIL VOILÉ;2;17.6;0
Neufchâteau;48.35;5.69;21/09/2026;10:00;19.1;5;SOLEIL VOILÉ;3;20.2;0
Neufchâteau;48.35;5.69;21/09/2026;11:00;20.2;5;SOLEIL VOILÉ;3;24.5;0
Neufchâteau;48.35;5.69;21/09/2026;12:00;20.7;5;SOLEIL VOILÉ;3;26.3;0
Neufchâteau;48.35;5.69;21/09/2026;13:00;21.5;5;SOLEIL VOILÉ;4;24.5;0
Neufchâteau;48.35;5.69;21/09/2026;14:00;22;5;SOLEIL VOILÉ;4;25.6;0
Neufchâteau;48.35;5.69;21/09/2026;15:00;21.9;5;SOLEIL VOILÉ;4;27.7;0
Neufchâteau;48.35;5.69;21/09/2026;16:00;20.9;5;SOLEIL VOILÉ;4;31.0;0
Neufchâteau;48.35;5.69;21/09/2026;17:00;19.1;5;SOLEIL VOILÉ;4;32.4;0
Neufchâteau;48.35;5.69;21/09/2026;18:00;16.9;0;SOLEIL;3;32.0;0
Neufchâteau;48.35;5.69;21/09/2026;19:00;14.7;0;SOLEIL;3;28.4;0
Neufchâteau;48.35;5.69;21/09/2026;20:00;13.1;0;SOLEIL;2;20.2;0
Neufchâteau;48.35;5.69;21/09/2026;21:00;11.6;0;SOLEIL;2;15.1;0
Neufchâteau;48.35;5.69;21/09/2026;22:00;10.6;0;SOLEIL;2;11.2;0
Neufchâteau;48.35;5.69;21/09/2026;23:00;10;0;SOLEIL;2;8.3;0
Neufchâteau;48.35;5.69;22/09/2026;00:00;9.5;0;SOLEIL;2;9.0;0
Neufchâteau;48.35;5.69;22/09/2026;01:00;9.5;0;SOLEIL;2;9.0;0
Neufchâteau;48.35;5.69;22/09/2026;02:00;7.4;0;SOLEIL;3;9.0;0
Neufchâteau;48.35;5.69;22/09/2026;03:00;7.4;0;SOLEIL;3;8.5;0
Neufchâteau;48.35;5.69;22/09/2026;04:00;7.4;0;SOLEIL;3;9.2;0
Neufchâteau;48.35;5.69;22/09/2026;05:00;7.1;0;SOLEIL;3;8.8;0
Neufchâteau;48.35;5.69;22/09/2026;06:00;7.1;0;SOLEIL;3;9.4;0
Neufchâteau;48.35;5.69;22/09/2026;07:00;7.1;0;SOLEIL;3;8.6;0
Neufchâteau;48.35;5.69;22/09/2026;08:00;17.6;0;SOLEIL;4;8.3;0
Neufchâteau;48.35;5.69;22/09/2026;09:00;17.6;0;SOLEIL;4;11.2;0
Neufchâteau;48.35;5.69;22/09/2026;10:00;17.6;0;SOLEIL;4;18.0;0
Neufchâteau;48.35;5.69;22/09/2026;11:00;22.5;0;SOLEIL;4;27.7;0
Neufchâteau;48.35;5.69;22/09/2026;12:00;22.5;0;SOLEIL;4;30.6;0
Neufchâteau;48.35;5.69;22/09/2026;13:00;22.5;0;SOLEIL;4;33.1;0
Neufchâteau;48.35;5.69;22/09/2026;14:00;23.6;0;SOLEIL;5;33.5;0
Neufchâteau;48.35;5.69;22/09/2026;15:00;23.6;0;SOLEIL;5;34.2;0
Neufchâteau;48.35;5.69;22/09/2026;16:00;23.6;0;SOLEIL;5;34.9;0
Neufchâteau;48.35;5.69;22/09/2026;17:00;19.2;0;SOLEIL;4;35.3;0
Neufchâteau;48.35;5.69;22/09/2026;18:00;19.2;0;SOLEIL;4;34.9;0
Neufchâteau;48.35;5.69;22/09/2026;19:00;19.2;0;SOLEIL;4;30.6;0
Neufchâteau;48.35;5.69;22/09/2026;20:00;13.6;0;SOLEIL;3;23.4;0
Neufchâteau;48.35;5.69;22/09/2026;21:00;13.6;0;SOLEIL;3;16.9;0
Neufchâteau;48.35;5.69;22/09/2026;22:00;13.6;0;SOLEIL;3;13.0;0
Neufchâteau;48.35;5.69;22/09/2026;23:00;10.6;0;SOLEIL;3;11.5;0
Neufchâteau;48.35;5.69;23/09/2026;00:00;10.6;0;SOLEIL;3;12.2;0
Neufchâteau;48.35;5.69;23/09/2026;01:00;10.6;0;SOLEIL;3;12.2;0
Neufchâteau;48.35;5.69;23/09/2026;02:00;8.5;0;SOLEIL;2;10.1;0
Neufchâteau;48.35;5.69;23/09/2026;03:00;8.5;0;SOLEIL;2;7.6;0
Neufchâteau;48.35;5.69;23/09/2026;04:00;8.5;0;SOLEIL;2;6.8;0
Neufchâteau;48.35;5.69;23/09/2026;05:00;7.5;0;SOLEIL;2;6.1;0
Neufchâteau;48.35;5.69;23/09/2026;06:00;7.5;0;SOLEIL;2;5.0;0
Neufchâteau;48.35;5.69;23/09/2026;07:00;7.5;0;SOLEIL;2;4.0;0
Neufchâteau;48.35;5.69;23/09/2026;08:00;17.1;0;SOLEIL;2;5.0;0
Neufchâteau;48.35;5.69;23/09/2026;09:00;17.1;0;SOLEIL;2;5.8;0
Neufchâteau;48.35;5.69;23/09/2026;10:00;17.1;0;SOLEIL;2;6.5;0
Neufchâteau;48.35;5.69;23/09/2026;11:00;23;0;SOLEIL;1;7.9;0
Neufchâteau;48.35;5.69;23/09/2026;12:00;23;0;SOLEIL;1;9.7;0
Neufchâteau;48.35;5.69;23/09/2026;13:00;23;0;SOLEIL;1;12.2;0
Neufchâteau;48.35;5.69;23/09/2026;14:00;24.6;0;SOLEIL;1;13.7;0
Neufchâteau;48.35;5.69;23/09/2026;15:00;24.6;0;SOLEIL;1;14.4;0
Neufchâteau;48.35;5.69;23/09/2026;16:00;24.6;0;SOLEIL;1;14.0;0
Neufchâteau;48.35;5.69;23/09/2026;17:00;19.1;5;SOLEIL VOILÉ;1;13.7;0
Neufchâteau;48.35;5.69;23/09/2026;18:00;19.1;5;SOLEIL VOILÉ;1;12.6;0
Neufchâteau;48.35;5.69;23/09/2026;19:00;19.1;5;SOLEIL VOILÉ;1;11.5;0
Neufchâteau;48.35;5.69;23/09/2026;20:00;14.8;0;SOLEIL;5;10.4;0
Neufchâteau;48.35;5.69;23/09/2026;21:00;12.8;0;SOLEIL;5;10.4;0
Neufchâteau;48.35;5.69;23/09/2026;22:00;10.7;0;SOLEIL;5;10.8;0
Neufchâteau;48.35;5.69;23/09/2026;23:00;12.4;0;SOLEIL;3;10.8;0
Neufchâteau;48.35;5.69;24/09/2026;00:00;12.4;0;SOLEIL;3;10.1;0
Neufchâteau;48.35;5.69;24/09/2026;01:00;12.4;0;SOLEIL;3;9.0;0
Neufchâteau;48.35;5.69;24/09/2026;02:00;10;0;SOLEIL;5;9.0;0
Neufchâteau;48.35;5.69;24/09/2026;03:00;10;0;SOLEIL;5;10.4;0
Neufchâteau;48.35;5.69;24/09/2026;04:00;10;0;SOLEIL;5;12.6;0
Neufchâteau;48.35;5.69;24/09/2026;05:00;11.1;0;SOLEIL;3;15.1;0
Neufchâteau;48.35;5.69;24/09/2026;06:00;11.1;0;SOLEIL;3;17.6;0
Neufchâteau;48.35;5.69;24/09/2026;07:00;11.1;0;SOLEIL;3;20.2;0
Neufchâteau;48.35;5.69;24/09/2026;08:00;12.6;0;SOLEIL;5;23.0;0
Neufchâteau;48.35;5.69;24/09/2026;09:00;13.9;0;SOLEIL;5;27.4;0
Neufchâteau;48.35;5.69;24/09/2026;10:00;15.2;0;SOLEIL;5;31.7;0
Neufchâteau;48.35;5.69;24/09/2026;11:00;19.6;0;SOLEIL;3;34.6;0
Neufchâteau;48.35;5.69;24/09/2026;12:00;19.6;0;SOLEIL;3;34.2;0
Neufchâteau;48.35;5.69;24/09/2026;13:00;19.6;0;SOLEIL;3;31.7;0
Neufchâteau;48.35;5.69;24/09/2026;14:00;20.3;0;SOLEIL;5;29.5;0
Neufchâteau;48.35;5.69;24/09/2026;15:00;21.6;0;SOLEIL;5;28.4;0
Neufchâteau;48.35;5.69;24/09/2026;16:00;20.3;0;SOLEIL;5;27.4;0
Neufchâteau;48.35;5.69;24/09/2026;17:00;16.4;0;SOLEIL;2;24.5;0
Neufchâteau;48.35;5.69;24/09/2026;18:00;16.4;0;SOLEIL;2;18.4;0
Neufchâteau;48.35;5.69;24/09/2026;19:00;16.4;0;SOLEIL;2;10.4;0
Neufchâteau;48.35;5.69;24/09/2026;20:00;15.2;0;SOLEIL;5;4.7;0
Neufchâteau;48.35;5.69;24/09/2026;21:00;13.9;0;SOLEIL;5;2.9;0
Neufchâteau;48.35;5.69;24/09/2026;22:00;12.6;0;SOLEIL;5;3.6;0
Neufchâteau;48.35;5.69;24/09/2026;23:00;9.2;0;SOLEIL;2;4.3;0
Neufchâteau;48.35;5.69;25/09/2026;00:00;9.2;0;SOLEIL;2;5.5;0
Neufchâteau;48.35;5.69;25/09/2026;01:00;9.2;0;SOLEIL;2;6.7;0
Neufchâteau;48.35;5.69;25/09/2026;02:00;6.7;0;SOLEIL;5;7.7;0
Neufchâteau;48.35;5.69;25/09/2026;03:00;6.7;0;SOLEIL;5;8.3;0
Neufchâteau;48.35;5.69;25/09/2026;04:00;6.7;0;SOLEIL;5;8.6;0
Neufchâteau;48.35;5.69;25/09/2026;05:00;8.1;0;SOLEIL;2;8.3;0
Neufchâteau;48.35;5.69;25/09/2026;06:00;8.1;0;SOLEIL;2;7.2;0
Neufchâteau;48.35;5.69;25/09/2026;07:00;8.1;0;SOLEIL;2;6.1;0
Neufchâteau;48.35;5.69;25/09/2026;08:00;9.9;0;SOLEIL;5;5.8;0
Neufchâteau;48.35;5.69;25/09/2026;09:00;11.4;0;SOLEIL;5;7.6;0
Neufchâteau;48.35;5.69;25/09/2026;10:00;13.0;0;SOLEIL;5;10.8;0
Neufchâteau;48.35;5.69;25/09/2026;11:00;20.4;0;SOLEIL;3;13.3;0
Neufchâteau;48.35;5.69;25/09/2026;12:00;20.4;0;SOLEIL;3;14.8;0
Neufchâteau;48.35;5.69;25/09/2026;13:00;20.4;0;SOLEIL;3;15.5;0
Neufchâteau;48.35;5.69;25/09/2026;14:00;19.3;0;SOLEIL;5;16.6;0
Neufchâteau;48.35;5.69;25/09/2026;15:00;20.9;0;SOLEIL;5;18.0;0
Neufchâteau;48.35;5.69;25/09/2026;16:00;19.3;0;SOLEIL;5;19.8;0
Neufchâteau;48.35;5.69;25/09/2026;17:00;17.5;0;SOLEIL;3;20.2;0
Neufchâteau;48.35;5.69;25/09/2026;18:00;17.5;0;SOLEIL;3;18.4;0
Neufchâteau;48.35;5.69;25/09/2026;19:00;17.5;0;SOLEIL;3;15.5;0
Neufchâteau;48.35;5.69;25/09/2026;20:00;13.0;0;SOLEIL;5;13.0;0
Neufchâteau;48.35;5.69;25/09/2026;21:00;11.4;0;SOLEIL;5;10.8;0
Neufchâteau;48.35;5.69;25/09/2026;22:00;9.9;0;SOLEIL;5;8.3;0
Neufchâteau;48.35;5.69;25/09/2026;23:00;9.2;0;SOLEIL;2;7.2;0
Saint-Dié-des-Vosges;48.29;6.95;21/09/2026;00:00;12.5;5;SOLEIL VOILÉ;2;21.6;0
Saint-Dié-des-Vosges;48.29;6.95;21/09/2026;01:00;11.6;5;SOLEIL VOILÉ;2;21.2;0
Saint-Dié-des-Vosges;48.29;6.95;21/09/2026;02:00;11;5;SOLEIL VOILÉ;1;15.1;0
Saint-Dié-des-Vosges;48.29;6.95;21/09/2026;03:00;10;5;SOLEIL VOILÉ;1;15.5;0
Saint-Dié-des-Vosges;48.29;6.95;21/09/2026;04:00;8.6;5;SOLEIL VOILÉ;1;15.8;0
Saint-Dié-des-Vosges;48.29;6.95;21/09/2026;05:00;8.5;5;SOLEIL VOILÉ;1;10.1;0
Saint-Dié-des-Vosges;48.29;6.95;21/09/2026;06:00;8.6;5;SOLEIL VOILÉ;1;9.0;0
Saint-Dié-des-Vosges;48.29;6.95;21/09/2026;07:00;10.2;5;SOLEIL VOILÉ;2;6.8;0
Saint-Dié-des-Vosges;48.29;6.95;21/09/2026;08:00;13.6;5;SOLEIL VOILÉ;2;7.6;0
Saint-Dié-des-Vosges;48.29;6.95;21/09/2026;09:00;16.4;5;SOLEIL VOILÉ;3;13.0;0
Saint-Dié-des-Vosges;48.29;6.95;21/09/2026;10:00;18.1;5;SOLEIL VOILÉ;3;20.2;0
Saint-Dié-des-Vosges;48.29;6.95;21/09/2026;11:00;19.1;5;SOLEIL VOILÉ;3;27.0;0
Saint-Dié-des-Vosges;48.29;6.95;21/09/2026;12:00;20.2;5;SOLEIL VOILÉ;3;29.2;0
Saint-Dié-des-Vosges;48.29;6.95;21/09/2026;13:00;21.5;5;SOLEIL VOILÉ;3;30.2;0
Saint-Dié-des-Vosges;48.29;6.95;21/09/2026;14:00;22;5;SOLEIL VOILÉ;4;28.8;0
Saint-Dié-des-Vosges;48.29;6.95;21/09/2026;15:00;21.5;5;SOLEIL VOILÉ;4;28.1;0
Saint-Dié-des-Vosges;48.29;6.95;21/09/2026;16:00;20.1;5;SOLEIL VOILÉ;4;27.4;0
Saint-Dié-des-Vosges;48.29;6.95;21/09/2026;17:00;18.4;5;SOLEIL VOILÉ;3;30.6;0
Saint-Dié-des-Vosges;48.29;6.95;21/09/2026;18:00;16.4;0;SOLEIL;3;30.2;0
Saint-Dié-des-Vosges;48.29;6.95;21/09/2026;19:00;14.5;0;SOLEIL;3;28.1;0
Saint-Dié-des-Vosges;48.29;6.95;21/09/2026;20:00;13.2;0;SOLEIL;2;18.7;0
Saint-Dié-des-Vosges;48.29;6.95;21/09/2026;21:00;12.1;0;SOLEIL;2;12.2;0
Saint-Dié-des-Vosges;48.29;6.95;21/09/2026;22:00;11.1;0;SOLEIL;2;9.0;0
Saint-Dié-des-Vosges;48.29;6.95;21/09/2026;23:00;10.2;0;SOLEIL;2;7.6;0
Saint-Dié-des-Vosges;48.29;6.95;22/09/2026;00:00;10.4;0;SOLEIL;2;6.1;0
Saint-Dié-des-Vosges;48.29;6.95;22/09/2026;01:00;10.4;0;SOLEIL;2;6.5;0
Saint-Dié-des-Vosges;48.29;6.95;22/09/2026;02:00;8.4;0;SOLEIL;3;7.2;0
Saint-Dié-des-Vosges;48.29;6.95;22/09/2026;03:00;8.4;0;SOLEIL;3;7.4;0
Saint-Dié-des-Vosges;48.29;6.95;22/09/2026;04:00;8.4;0;SOLEIL;3;7.6;0
Saint-Dié-des-Vosges;48.29;6.95;22/09/2026;05:00;9.2;0;SOLEIL;3;6.7;0
Saint-Dié-des-Vosges;48.29;6.95;22/09/2026;06:00;9.2;0;SOLEIL;3;7.2;0
Saint-Dié-des-Vosges;48.29;6.95;22/09/2026;07:00;9.2;0;SOLEIL;3;6.8;0
Saint-Dié-des-Vosges;48.29;6.95;22/09/2026;08:00;17.6;0;SOLEIL;4;7.2;0
Saint-Dié-des-Vosges;48.29;6.95;22/09/2026;09:00;17.6;0;SOLEIL;4;9.0;0
Saint-Dié-des-Vosges;48.29;6.95;22/09/2026;10:00;17.6;0;SOLEIL;4;23.0;0
Saint-Dié-des-Vosges;48.29;6.95;22/09/2026;11:00;21.7;0;SOLEIL;4;28.1;0
Saint-Dié-des-Vosges;48.29;6.95;22/09/2026;12:00;21.7;0;SOLEIL;4;28.8;0
Saint-Dié-des-Vosges;48.29;6.95;22/09/2026;13:00;21.7;0;SOLEIL;4;29.9;0
Saint-Dié-des-Vosges;48.29;6.95;22/09/2026;14:00;23.5;0;SOLEIL;4;29.9;0
Saint-Dié-des-Vosges;48.29;6.95;22/09/2026;15:00;23.5;0;SOLEIL;4;31.0;0
Saint-Dié-des-Vosges;48.29;6.95;22/09/2026;16:00;23.5;0;SOLEIL;4;32.4;0
Saint-Dié-des-Vosges;48.29;6.95;22/09/2026;17:00;19.6;0;SOLEIL;3;32.4;0
Saint-Dié-des-Vosges;48.29;6.95;22/09/2026;18:00;19.6;0;SOLEIL;3;32.0;0
Saint-Dié-des-Vosges;48.29;6.95;22/09/2026;19:00;19.6;0;SOLEIL;3;29.2;0
Saint-Dié-des-Vosges;48.29;6.95;22/09/2026;20:00;14.1;0;SOLEIL;4;21.2;0
Saint-Dié-des-Vosges;48.29;6.95;22/09/2026;21:00;14.1;0;SOLEIL;4;11.5;0
Saint-Dié-des-Vosges;48.29;6.95;22/09/2026;22:00;14.1;0;SOLEIL;4;9.0;0
Saint-Dié-des-Vosges;48.29;6.95;22/09/2026;23:00;11.6;0;SOLEIL;3;9.4;0
Saint-Dié-des-Vosges;48.29;6.95;23/09/2026;00:00;11.6;0;SOLEIL;3;10.1;0
Saint-Dié-des-Vosges;48.29;6.95;23/09/2026;01:00;11.6;0;SOLEIL;3;9.4;0
Saint-Dié-des-Vosges;48.29;6.95;23/09/2026;02:00;9.6;0;SOLEIL;2;9.0;0
Saint-Dié-des-Vosges;48.29;6.95;23/09/2026;03:00;9.6;0;SOLEIL;2;9.0;0
Saint-Dié-des-Vosges;48.29;6.95;23/09/2026;04:00;9.6;0;SOLEIL;2;8.6;0
Saint-Dié-des-Vosges;48.29;6.95;23/09/2026;05:00;9;0;SOLEIL;2;7.2;0
Saint-Dié-des-Vosges;48.29;6.95;23/09/2026;06:00;9;0;SOLEIL;2;6.1;0
Saint-Dié-des-Vosges;48.29;6.95;23/09/2026;07:00;9;0;SOLEIL;2;5.4;0
Saint-Dié-des-Vosges;48.29;6.95;23/09/2026;08:00;18.4;0;SOLEIL;2;5.4;0
Saint-Dié-des-Vosges;48.29;6.95;23/09/2026;09:00;18.4;0;SOLEIL;2;7.9;0
Saint-Dié-des-Vosges;48.29;6.95;23/09/2026;10:00;18.4;0;SOLEIL;2;11.5;0
Saint-Dié-des-Vosges;48.29;6.95;23/09/2026;11:00;23.7;0;SOLEIL;0;13.7;0
Saint-Dié-des-Vosges;48.29;6.95;23/09/2026;12:00;23.7;0;SOLEIL;0;12.6;0
Saint-Dié-des-Vosges;48.29;6.95;23/09/2026;13:00;23.7;0;SOLEIL;0;9.7;0
Saint-Dié-des-Vosges;48.29;6.95;23/09/2026;14:00;25.2;5;SOLEIL VOILÉ;1;7.9;0
Saint-Dié-des-Vosges;48.29;6.95;23/09/2026;15:00;25.2;5;SOLEIL VOILÉ;1;8.3;0
Saint-Dié-des-Vosges;48.29;6.95;23/09/2026;16:00;25.2;5;SOLEIL VOILÉ;1;9.7;0
Saint-Dié-des-Vosges;48.29;6.95;23/09/2026;17:00;21.4;5;SOLEIL VOILÉ;2;10.4;0
Saint-Dié-des-Vosges;48.29;6.95;23/09/2026;18:00;21.4;5;SOLEIL VOILÉ;2;9.4;0
Saint-Dié-des-Vosges;48.29;6.95;23/09/2026;19:00;21.4;5;SOLEIL VOILÉ;2;7.6;0
Saint-Dié-des-Vosges;48.29;6.95;23/09/2026;20:00;16.2;0;SOLEIL;5;6.5;0
Saint-Dié-des-Vosges;48.29;6.95;23/09/2026;21:00;14.2;0;SOLEIL;5;6.5;0
Saint-Dié-des-Vosges;48.29;6.95;23/09/2026;22:00;12.3;0;SOLEIL;5;6.8;0
Saint-Dié-des-Vosges;48.29;6.95;23/09/2026;23:00;13.6;0;SOLEIL;4;8.3;0
Saint-Dié-des-Vosges;48.29;6.95;24/09/2026;00:00;13.6;0;SOLEIL;4;11.2;0
Saint-Dié-des-Vosges;48.29;6.95;24/09/2026;01:00;13.6;0;SOLEIL;4;15.1;0
Saint-Dié-des-Vosges;48.29;6.95;24/09/2026;02:00;10.2;0;SOLEIL;5;18.4;0
Saint-Dié-des-Vosges;48.29;6.95;24/09/2026;03:00;10.2;0;SOLEIL;5;19.4;0
Saint-Dié-des-Vosges;48.29;6.95;24/09/2026;04:00;10.2;0;SOLEIL;5;19.8;0
Saint-Dié-des-Vosges;48.29;6.95;24/09/2026;05:00;11.2;0;SOLEIL;3;20.5;0
Saint-Dié-des-Vosges;48.29;6.95;24/09/2026;06:00;11.2;0;SOLEIL;3;22.7;0
Saint-Dié-des-Vosges;48.29;6.95;24/09/2026;07:00;11.2;0;SOLEIL;3;25.2;0
Saint-Dié-des-Vosges;48.29;6.95;24/09/2026;08:00;13.0;0;SOLEIL;5;27.0;0
Saint-Dié-des-Vosges;48.29;6.95;24/09/2026;09:00;14.3;0;SOLEIL;5;27.7;0
Saint-Dié-des-Vosges;48.29;6.95;24/09/2026;10:00;15.7;0;SOLEIL;5;28.1;0
Saint-Dié-des-Vosges;48.29;6.95;24/09/2026;11:00;21.1;0;SOLEIL;4;28.4;0
Saint-Dié-des-Vosges;48.29;6.95;24/09/2026;12:00;21.1;0;SOLEIL;4;29.9;0
Saint-Dié-des-Vosges;48.29;6.95;24/09/2026;13:00;21.1;0;SOLEIL;4;31.7;0
Saint-Dié-des-Vosges;48.29;6.95;24/09/2026;14:00;21.2;0;SOLEIL;5;32.4;0
Saint-Dié-des-Vosges;48.29;6.95;24/09/2026;15:00;22.6;0;SOLEIL;5;31.7;0
Saint-Dié-des-Vosges;48.29;6.95;24/09/2026;16:00;21.2;0;SOLEIL;5;30.2;0
Saint-Dié-des-Vosges;48.29;6.95;24/09/2026;17:00;16.6;0;SOLEIL;2;27.4;0
Saint-Dié-des-Vosges;48.29;6.95;24/09/2026;18:00;16.6;0;SOLEIL;2;22.7;0
Saint-Dié-des-Vosges;48.29;6.95;24/09/2026;19:00;16.6;0;SOLEIL;2;16.9;0
Saint-Dié-des-Vosges;48.29;6.95;24/09/2026;20:00;15.7;0;SOLEIL;5;12.2;0
Saint-Dié-des-Vosges;48.29;6.95;24/09/2026;21:00;14.3;0;SOLEIL;5;9.4;0
Saint-Dié-des-Vosges;48.29;6.95;24/09/2026;22:00;13.0;0;SOLEIL;5;7.2;0
Saint-Dié-des-Vosges;48.29;6.95;24/09/2026;23:00;9.9;0;SOLEIL;3;5.4;0
Saint-Dié-des-Vosges;48.29;6.95;25/09/2026;00:00;9.9;0;SOLEIL;3;4.1;0
Saint-Dié-des-Vosges;48.29;6.95;25/09/2026;01:00;9.9;0;SOLEIL;3;3.6;0
Saint-Dié-des-Vosges;48.29;6.95;25/09/2026;02:00;7.6;0;SOLEIL;5;3.3;0
Saint-Dié-des-Vosges;48.29;6.95;25/09/2026;03:00;7.6;0;SOLEIL;5;3.6;0
Saint-Dié-des-Vosges;48.29;6.95;25/09/2026;04:00;7.6;0;SOLEIL;5;4.0;0
Saint-Dié-des-Vosges;48.29;6.95;25/09/2026;05:00;8.7;0;SOLEIL;3;4.0;0
Saint-Dié-des-Vosges;48.29;6.95;25/09/2026;06:00;8.7;0;SOLEIL;3;3.6;0
Saint-Dié-des-Vosges;48.29;6.95;25/09/2026;07:00;8.7;0;SOLEIL;3;2.9;0
Saint-Dié-des-Vosges;48.29;6.95;25/09/2026;08:00;10.8;0;SOLEIL;5;3.2;0
Saint-Dié-des-Vosges;48.29;6.95;25/09/2026;09:00;12.4;0;SOLEIL;5;5.8;0
Saint-Dié-des-Vosges;48.29;6.95;25/09/2026;10:00;14.0;0;SOLEIL;5;9.4;0
Saint-Dié-des-Vosges;48.29;6.95;25/09/2026;11:00;21.4;0;SOLEIL;4;11.9;0
Saint-Dié-des-Vosges;48.29;6.95;25/09/2026;12:00;21.4;0;SOLEIL;4;13.0;0
Saint-Dié-des-Vosges;48.29;6.95;25/09/2026;13:00;21.4;0;SOLEIL;4;13.0;0
Saint-Dié-des-Vosges;48.29;6.95;25/09/2026;14:00;20.3;0;SOLEIL;5;12.6;0
Saint-Dié-des-Vosges;48.29;6.95;25/09/2026;15:00;21.9;0;SOLEIL;5;11.9;0
Saint-Dié-des-Vosges;48.29;6.95;25/09/2026;16:00;20.3;0;SOLEIL;5;10.4;0
Saint-Dié-des-Vosges;48.29;6.95;25/09/2026;17:00;17.6;0;SOLEIL;3;9.4;0
Saint-Dié-des-Vosges;48.29;6.95;25/09/2026;18:00;17.6;0;SOLEIL;3;8.6;0
Saint-Dié-des-Vosges;48.29;6.95;25/09/2026;19:00;17.6;0;SOLEIL;3;7.9;0
Saint-Dié-des-Vosges;48.29;6.95;25/09/2026;20:00;14.0;0;SOLEIL;5;6.8;0
Saint-Dié-des-Vosges;48.29;6.95;25/09/2026;21:00;12.4;0;SOLEIL;5;5.4;0
Saint-Dié-des-Vosges;48.29;6.95;25/09/2026;22:00;10.8;0;SOLEIL;5;3.2;0
Saint-Dié-des-Vosges;48.29;6.95;25/09/2026;23:00;9.6;0;SOLEIL;3;2.2;0
