Ville;Latitude;Longitude;Date;Heure;temperature_2m;weathercode;Temps_Label;windspeed_10m;wind_gusts_10m;precipitation
Amiens;49.894;2.295;24/09/2026;00:00;15.6;2;NUAGEUX;3;33.1;0
Amiens;49.894;2.295;24/09/2026;01:00;15.2;2;NUAGEUX;2;25.6;0
Amiens;49.894;2.295;24/09/2026;02:00;14.7;0;SOLEIL;2;15.5;0
Amiens;49.894;2.295;24/09/2026;03:00;14.9;0;SOLEIL;2;11.9;0
Amiens;49.894;2.295;24/09/2026;04:00;14.9;0;SOLEIL;2;8.3;0
Amiens;49.894;2.295;24/09/2026;05:00;14.4;0;SOLEIL;2;4.0;0
Amiens;49.894;2.295;24/09/2026;06:00;14.1;0;SOLEIL;2;8.6;0
Amiens;49.894;2.295;24/09/2026;07:00;15;0;SOLEIL;2;7.6;0
Amiens;49.894;2.295;24/09/2026;08:00;16.4;0;SOLEIL;2;5.8;0
Amiens;49.894;2.295;24/09/2026;09:00;17.6;0;SOLEIL;2;7.9;0
Amiens;49.894;2.295;24/09/2026;10:00;18.5;0;SOLEIL;2;9.4;0
Amiens;49.894;2.295;24/09/2026;11:00;19.4;0;SOLEIL;2;12.2;0
Amiens;49.894;2.295;24/09/2026;12:00;20.1;0;SOLEIL;1;13.3;0
Amiens;49.894;2.295;24/09/2026;13:00;20.6;0;SOLEIL;1;16.9;0
Amiens;49.894;2.295;24/09/2026;14:00;20.9;0;SOLEIL;2;18.4;0
Amiens;49.894;2.295;24/09/2026;15:00;21;0;SOLEIL;2;18.0;0
Amiens;49.894;2.295;24/09/2026;16:00;20.7;0;SOLEIL;2;16.6;0
Amiens;49.894;2.295;24/09/2026;17:00;20.2;0;SOLEIL;3;14.4;0
Amiens;49.894;2.295;24/09/2026;18:00;19.6;0;SOLEIL;3;12.6;0
Amiens;49.894;2.295;24/09/2026;19:00;18.4;0;SOLEIL;3;12.2;0
Amiens;49.894;2.295;24/09/2026;20:00;17.9;0;SOLEIL;3;11.9;0
Amiens;49.894;2.295;24/09/2026;21:00;17.2;0;SOLEIL;3;14.4;0
Amiens;49.894;2.295;24/09/2026;22:00;16.4;0;SOLEIL;3;14.8;0
Amiens;49.894;2.295;24/09/2026;23:00;15.5;0;SOLEIL;3;15.1;0
Amiens;49.894;2.295;25/09/2026;00:00;14.6;0;SOLEIL;3;16.2;0
Amiens;49.894;2.295;25/09/2026;01:00;14.6;0;SOLEIL;3;15.5;0
Amiens;49.894;2.295;25/09/2026;02:00;13.1;0;SOLEIL;2;16.6;0
Amiens;49.894;2.295;25/09/2026;03:00;13.1;0;SOLEIL;2;22.0;0
Amiens;49.894;2.295;25/09/2026;04:00;13.1;0;SOLEIL;2;22.3;0
Amiens;49.894;2.295;25/09/2026;05:00;12.9;0;SOLEIL;3;18.4;0
Amiens;49.894;2.295;25/09/2026;06:00;12.9;0;SOLEIL;3;14.0;0
Amiens;49.894;2.295;25/09/2026;07:00;12.9;0;SOLEIL;3;18.4;0
Amiens;49.894;2.295;25/09/2026;08:00;18;0;SOLEIL;3;19.1;0
Amiens;49.894;2.295;25/09/2026;09:00;18;0;SOLEIL;3;19.4;0
Amiens;49.894;2.295;25/09/2026;10:00;18;0;SOLEIL;3;21.6;0
Amiens;49.894;2.295;25/09/2026;11:00;23.6;0;SOLEIL;3;22.7;0
Amiens;49.894;2.295;25/09/2026;12:00;23.6;0;SOLEIL;3;24.1;0
Amiens;49.894;2.295;25/09/2026;13:00;23.6;0;SOLEIL;3;24.5;0
Amiens;49.894;2.295;25/09/2026;14:00;24.6;0;SOLEIL;2;25.6;0
Amiens;49.894;2.295;25/09/2026;15:00;24.6;0;SOLEIL;2;25.2;0
Amiens;49.894;2.295;25/09/2026;16:00;24.6;0;SOLEIL;2;22.3;0
Amiens;49.894;2.295;25/09/2026;17:00;21.5;0;SOLEIL;2;22.3;0
Amiens;49.894;2.295;25/09/2026;18:00;21.5;0;SOLEIL;2;19.8;0
Amiens;49.894;2.295;25/09/2026;19:00;21.5;0;SOLEIL;2;20.5;0
Amiens;49.894;2.295;25/09/2026;20:00;17.4;0;SOLEIL;2;19.8;0
Amiens;49.894;2.295;25/09/2026;21:00;17.4;0;SOLEIL;2;14.8;0
Amiens;49.894;2.295;25/09/2026;22:00;17.4;0;SOLEIL;2;18.0;0
Amiens;49.894;2.295;25/09/2026;23:00;15.6;0;SOLEIL;3;18.9;0
Amiens;49.894;2.295;26/09/2026;00:00;15.6;0;SOLEIL;3;20.6;0
Amiens;49.894;2.295;26/09/2026;01:00;15.6;0;SOLEIL;3;22.0;0
Amiens;49.894;2.295;26/09/2026;02:00;14.6;0;SOLEIL;3;22.0;0
Amiens;49.894;2.295;26/09/2026;03:00;14.6;0;SOLEIL;3;20.9;0
Amiens;49.894;2.295;26/09/2026;04:00;14.6;0;SOLEIL;3;20.2;0
Amiens;49.894;2.295;26/09/2026;05:00;14;0;SOLEIL;3;21.2;0
Amiens;49.894;2.295;26/09/2026;06:00;14;0;SOLEIL;3;21.2;0
Amiens;49.894;2.295;26/09/2026;07:00;14;0;SOLEIL;3;19.1;0
Amiens;49.894;2.295;26/09/2026;08:00;18.9;0;SOLEIL;3;14.8;0
Amiens;49.894;2.295;26/09/2026;09:00;18.9;0;SOLEIL;3;13.7;0
Amiens;49.894;2.295;26/09/2026;10:00;18.9;0;SOLEIL;3;14.8;0
Amiens;49.894;2.295;26/09/2026;11:00;23.1;5;SOLEIL VOILÉ;2;22.0;0
Amiens;49.894;2.295;26/09/2026;12:00;23.1;5;SOLEIL VOILÉ;2;30.6;0
Amiens;49.894;2.295;26/09/2026;13:00;23.1;5;SOLEIL VOILÉ;2;32.8;0
Amiens;49.894;2.295;26/09/2026;14:00;22.6;5;SOLEIL VOILÉ;3;35.3;0
Amiens;49.894;2.295;26/09/2026;15:00;22.6;5;SOLEIL VOILÉ;3;36.0;0
Amiens;49.894;2.295;26/09/2026;16:00;22.6;5;SOLEIL VOILÉ;3;35.6;0
Amiens;49.894;2.295;26/09/2026;17:00;20;5;SOLEIL VOILÉ;3;35.6;0
Amiens;49.894;2.295;26/09/2026;18:00;20;5;SOLEIL VOILÉ;3;34.9;0
Amiens;49.894;2.295;26/09/2026;19:00;20;5;SOLEIL VOILÉ;3;33.8;0
Amiens;49.894;2.295;26/09/2026;20:00;18.2;2;NUAGEUX;5;26.6;0
Amiens;49.894;2.295;26/09/2026;21:00;16.9;2;NUAGEUX;5;19.8;0
Amiens;49.894;2.295;26/09/2026;22:00;15.7;2;NUAGEUX;5;14.4;0
Amiens;49.894;2.295;26/09/2026;23:00;15.4;0;SOLEIL;2;11.9;0
Amiens;49.894;2.295;27/09/2026;00:00;15.4;0;SOLEIL;2;9.4;0
Amiens;49.894;2.295;27/09/2026;01:00;15.4;0;SOLEIL;2;10.1;0
Amiens;49.894;2.295;27/09/2026;02:00;12.7;2;NUAGEUX;5;9.7;0
Amiens;49.894;2.295;27/09/2026;03:00;12.7;2;NUAGEUX;5;9.4;0
Amiens;49.894;2.295;27/09/2026;04:00;12.7;2;NUAGEUX;5;8.6;0
Amiens;49.894;2.295;27/09/2026;05:00;13.6;2;NUAGEUX;2;8.6;0
Amiens;49.894;2.295;27/09/2026;06:00;13.6;2;NUAGEUX;2;8.6;0
Amiens;49.894;2.295;27/09/2026;07:00;13.6;2;NUAGEUX;2;8.6;0
Amiens;49.894;2.295;27/09/2026;08:00;15.1;2;NUAGEUX;5;9.7;0
Amiens;49.894;2.295;27/09/2026;09:00;16.3;2;NUAGEUX;5;12.2;0
Amiens;49.894;2.295;27/09/2026;10:00;17.5;2;NUAGEUX;5;15.5;0
Amiens;49.894;2.295;27/09/2026;11:00;21;2;NUAGEUX;3;18.4;0
Amiens;49.894;2.295;27/09/2026;12:00;21;2;NUAGEUX;3;20.2;0
Amiens;49.894;2.295;27/09/2026;13:00;21;2;NUAGEUX;3;21.6;0
Amiens;49.894;2.295;27/09/2026;14:00;22.2;2;NUAGEUX;5;23.4;0
Amiens;49.894;2.295;27/09/2026;15:00;23.4;2;NUAGEUX;5;27.0;0
Amiens;49.894;2.295;27/09/2026;16:00;22.2;2;NUAGEUX;5;31.0;0
Amiens;49.894;2.295;27/09/2026;17:00;20;2;NUAGEUX;2;33.5;0
Amiens;49.894;2.295;27/09/2026;18:00;20;2;NUAGEUX;2;33.1;0
Amiens;49.894;2.295;27/09/2026;19:00;20;2;NUAGEUX;2;31.3;0
Amiens;49.894;2.295;27/09/2026;20:00;17.5;2;NUAGEUX;5;28.4;0
Amiens;49.894;2.295;27/09/2026;21:00;16.3;2;NUAGEUX;5;23.8;0
Amiens;49.894;2.295;27/09/2026;22:00;15.1;2;NUAGEUX;5;18.0;0
Amiens;49.894;2.295;27/09/2026;23:00;16.6;2;NUAGEUX;2;13.3;0
Amiens;49.894;2.295;28/09/2026;00:00;16.6;2;NUAGEUX;2;10.4;0
Amiens;49.894;2.295;28/09/2026;01:00;16.6;2;NUAGEUX;2;8.3;0
Amiens;49.894;2.295;28/09/2026;02:00;14.1;7;PLUIE FAIBLE;5;7.6;0
Amiens;49.894;2.295;28/09/2026;03:00;14.1;7;PLUIE FAIBLE;5;9.0;0
Amiens;49.894;2.295;28/09/2026;04:00;14.1;7;PLUIE FAIBLE;5;11.9;0
Amiens;49.894;2.295;28/09/2026;05:00;14.9;7;PLUIE FAIBLE;2;13.7;0
Amiens;49.894;2.295;28/09/2026;06:00;14.9;7;PLUIE FAIBLE;2;13.7;0
Amiens;49.894;2.295;28/09/2026;07:00;14.9;7;PLUIE FAIBLE;2;13.0;0
Amiens;49.894;2.295;28/09/2026;08:00;15.8;7;PLUIE FAIBLE;5;12.2;0
Amiens;49.894;2.295;28/09/2026;09:00;16.7;7;PLUIE FAIBLE;5;12.2;0
Amiens;49.894;2.295;28/09/2026;10:00;17.6;7;PLUIE FAIBLE;5;13.0;0
Amiens;49.894;2.295;28/09/2026;11:00;20.1;7;PLUIE FAIBLE;2;13.7;0
Amiens;49.894;2.295;28/09/2026;12:00;20.1;7;PLUIE FAIBLE;2;15.1;0
Amiens;49.894;2.295;28/09/2026;13:00;20.1;7;PLUIE FAIBLE;2;16.6;0
Amiens;49.894;2.295;28/09/2026;14:00;21.0;7;PLUIE FAIBLE;5;18.0;0
Amiens;49.894;2.295;28/09/2026;15:00;21.9;7;PLUIE FAIBLE;5;18.7;0
Amiens;49.894;2.295;28/09/2026;16:00;21.0;7;PLUIE FAIBLE;5;19.1;0
Amiens;49.894;2.295;28/09/2026;17:00;19.9;2;NUAGEUX;2;19.1;0
Amiens;49.894;2.295;28/09/2026;18:00;19.9;2;NUAGEUX;2;18.0;0
Amiens;49.894;2.295;28/09/2026;19:00;19.9;2;NUAGEUX;2;16.2;0
Amiens;49.894;2.295;28/09/2026;20:00;17.6;7;PLUIE FAIBLE;5;14.8;0
Amiens;49.894;2.295;28/09/2026;21:00;16.7;7;PLUIE FAIBLE;5;13.0;0
Amiens;49.894;2.295;28/09/2026;22:00;15.8;7;PLUIE FAIBLE;5;11.2;0
Amiens;49.894;2.295;28/09/2026;23:00;17.6;2;NUAGEUX;3;11.2;0
Château-Thierry;49.046;3.403;24/09/2026;00:00;15.1;0;SOLEIL;2;16.6;0
Château-Thierry;49.046;3.403;24/09/2026;01:00;14.2;3;TRÈS NUAGEUX;2;12.2;0
Château-Thierry;49.046;3.403;24/09/2026;02:00;15;3;TRÈS NUAGEUX;2;9.7;0
Château-Thierry;49.046;3.403;24/09/2026;03:00;14.6;3;TRÈS NUAGEUX;2;10.4;0
Château-Thierry;49.046;3.403;24/09/2026;04:00;14.2;0;SOLEIL;2;11.5;0
Château-Thierry;49.046;3.403;24/09/2026;05:00;13.1;0;SOLEIL;0;12.6;0
Château-Thierry;49.046;3.403;24/09/2026;06:00;12.9;3;TRÈS NUAGEUX;1;13.3;0
Château-Thierry;49.046;3.403;24/09/2026;07:00;14.1;3;TRÈS NUAGEUX;1;11.5;0
Château-Thierry;49.046;3.403;24/09/2026;08:00;16.1;3;TRÈS NUAGEUX;2;10.4;0
Château-Thierry;49.046;3.403;24/09/2026;09:00;17;0;SOLEIL;3;10.8;0
Château-Thierry;49.046;3.403;24/09/2026;10:00;18.6;0;SOLEIL;3;12.2;0
Château-Thierry;49.046;3.403;24/09/2026;11:00;19.6;0;SOLEIL;2;16.9;0
Château-Thierry;49.046;3.403;24/09/2026;12:00;21.5;0;SOLEIL;2;16.9;0
Château-Thierry;49.046;3.403;24/09/2026;13:00;22.9;0;SOLEIL;2;16.9;0
Château-Thierry;49.046;3.403;24/09/2026;14:00;23.1;0;SOLEIL;2;17.6;0
Château-Thierry;49.046;3.403;24/09/2026;15:00;23;0;SOLEIL;2;17.3;0
Château-Thierry;49.046;3.403;24/09/2026;16:00;22.9;0;SOLEIL;2;16.6;0
Château-Thierry;49.046;3.403;24/09/2026;17:00;22.2;0;SOLEIL;2;16.6;0
Château-Thierry;49.046;3.403;24/09/2026;18:00;21;0;SOLEIL;2;15.8;0
Château-Thierry;49.046;3.403;24/09/2026;19:00;19.2;0;SOLEIL;3;18.7;0
Château-Thierry;49.046;3.403;24/09/2026;20:00;17.4;0;SOLEIL;3;19.4;0
Château-Thierry;49.046;3.403;24/09/2026;21:00;16.1;0;SOLEIL;3;17.3;0
Château-Thierry;49.046;3.403;24/09/2026;22:00;15.5;0;SOLEIL;2;19.4;0
Château-Thierry;49.046;3.403;24/09/2026;23:00;14.2;0;SOLEIL;2;18.7;0
Château-Thierry;49.046;3.403;25/09/2026;00:00;13.6;0;SOLEIL;2;16.6;0
Château-Thierry;49.046;3.403;25/09/2026;01:00;13.6;0;SOLEIL;2;13.7;0
Château-Thierry;49.046;3.403;25/09/2026;02:00;11.1;0;SOLEIL;2;17.3;0
Château-Thierry;49.046;3.403;25/09/2026;03:00;11.1;0;SOLEIL;2;19.1;0
Château-Thierry;49.046;3.403;25/09/2026;04:00;11.1;0;SOLEIL;2;18.0;0
Château-Thierry;49.046;3.403;25/09/2026;05:00;10.5;0;SOLEIL;2;10.1;0
Château-Thierry;49.046;3.403;25/09/2026;06:00;10.5;0;SOLEIL;2;12.6;0
Château-Thierry;49.046;3.403;25/09/2026;07:00;10.5;0;SOLEIL;2;15.8;0
Château-Thierry;49.046;3.403;25/09/2026;08:00;17.2;0;SOLEIL;2;16.2;0
Château-Thierry;49.046;3.403;25/09/2026;09:00;17.2;0;SOLEIL;2;14.4;0
Château-Thierry;49.046;3.403;25/09/2026;10:00;17.2;0;SOLEIL;2;18.0;0
Château-Thierry;49.046;3.403;25/09/2026;11:00;24.4;0;SOLEIL;3;16.6;0
Château-Thierry;49.046;3.403;25/09/2026;12:00;24.4;0;SOLEIL;3;21.6;0
Château-Thierry;49.046;3.403;25/09/2026;13:00;24.4;0;SOLEIL;3;24.1;0
Château-Thierry;49.046;3.403;25/09/2026;14:00;26;0;SOLEIL;3;24.1;0
Château-Thierry;49.046;3.403;25/09/2026;15:00;26;0;SOLEIL;3;23.0;0
Château-Thierry;49.046;3.403;25/09/2026;16:00;26;0;SOLEIL;3;21.6;0
Château-Thierry;49.046;3.403;25/09/2026;17:00;22.4;0;SOLEIL;2;21.2;0
Château-Thierry;49.046;3.403;25/09/2026;18:00;22.4;0;SOLEIL;2;19.1;0
Château-Thierry;49.046;3.403;25/09/2026;19:00;22.4;0;SOLEIL;2;20.5;0
Château-Thierry;49.046;3.403;25/09/2026;20:00;16.9;0;SOLEIL;3;20.2;0
Château-Thierry;49.046;3.403;25/09/2026;21:00;16.9;0;SOLEIL;3;13.7;0
Château-Thierry;49.046;3.403;25/09/2026;22:00;16.9;0;SOLEIL;3;14.0;0
Château-Thierry;49.046;3.403;25/09/2026;23:00;14.5;0;SOLEIL;2;16.0;0
Château-Thierry;49.046;3.403;26/09/2026;00:00;14.5;0;SOLEIL;2;18.6;0
Château-Thierry;49.046;3.403;26/09/2026;01:00;14.5;0;SOLEIL;2;20.2;0
Château-Thierry;49.046;3.403;26/09/2026;02:00;12.6;0;SOLEIL;2;19.1;0
Château-Thierry;49.046;3.403;26/09/2026;03:00;12.6;0;SOLEIL;2;16.6;0
Château-Thierry;49.046;3.403;26/09/2026;04:00;12.6;0;SOLEIL;2;10.8;0
Château-Thierry;49.046;3.403;26/09/2026;05:00;12.1;0;SOLEIL;1;7.9;0
Château-Thierry;49.046;3.403;26/09/2026;06:00;12.1;0;SOLEIL;1;11.5;0
Château-Thierry;49.046;3.403;26/09/2026;07:00;12.1;0;SOLEIL;1;12.6;0
Château-Thierry;49.046;3.403;26/09/2026;08:00;17.6;0;SOLEIL;2;14.0;0
Château-Thierry;49.046;3.403;26/09/2026;09:00;17.6;0;SOLEIL;2;18.0;0
Château-Thierry;49.046;3.403;26/09/2026;10:00;17.6;0;SOLEIL;2;25.6;0
Château-Thierry;49.046;3.403;26/09/2026;11:00;22.9;0;SOLEIL;3;25.6;0
Château-Thierry;49.046;3.403;26/09/2026;12:00;22.9;0;SOLEIL;3;30.6;0
Château-Thierry;49.046;3.403;26/09/2026;13:00;22.9;0;SOLEIL;3;31.0;0
Château-Thierry;49.046;3.403;26/09/2026;14:00;22.7;5;SOLEIL VOILÉ;4;29.2;0
Château-Thierry;49.046;3.403;26/09/2026;15:00;22.7;5;SOLEIL VOILÉ;4;28.8;0
Château-Thierry;49.046;3.403;26/09/2026;16:00;22.7;5;SOLEIL VOILÉ;4;24.5;0
Château-Thierry;49.046;3.403;26/09/2026;17:00;20.1;5;SOLEIL VOILÉ;3;30.2;0
Château-Thierry;49.046;3.403;26/09/2026;18:00;20.1;5;SOLEIL VOILÉ;3;30.6;0
Château-Thierry;49.046;3.403;26/09/2026;19:00;20.1;5;SOLEIL VOILÉ;3;25.6;0
Château-Thierry;49.046;3.403;26/09/2026;20:00;16.9;0;SOLEIL;5;19.4;0
Château-Thierry;49.046;3.403;26/09/2026;21:00;15.5;0;SOLEIL;5;18.7;0
Château-Thierry;49.046;3.403;26/09/2026;22:00;14.1;0;SOLEIL;5;17.6;0
Château-Thierry;49.046;3.403;26/09/2026;23:00;14.9;0;SOLEIL;2;16.2;0
Château-Thierry;49.046;3.403;27/09/2026;00:00;14.9;0;SOLEIL;2;16.6;0
Château-Thierry;49.046;3.403;27/09/2026;01:00;14.9;0;SOLEIL;2;15.1;0
Château-Thierry;49.046;3.403;27/09/2026;02:00;12.9;2;NUAGEUX;5;11.5;0
Château-Thierry;49.046;3.403;27/09/2026;03:00;12.9;2;NUAGEUX;5;11.2;0
Château-Thierry;49.046;3.403;27/09/2026;04:00;12.9;2;NUAGEUX;5;11.2;0
Château-Thierry;49.046;3.403;27/09/2026;05:00;13.5;6;AVERSES;2;11.5;0
Château-Thierry;49.046;3.403;27/09/2026;06:00;13.5;6;AVERSES;2;12.6;0
Château-Thierry;49.046;3.403;27/09/2026;07:00;13.5;6;AVERSES;2;14.0;0
Château-Thierry;49.046;3.403;27/09/2026;08:00;15.4;2;NUAGEUX;5;15.5;0
Château-Thierry;49.046;3.403;27/09/2026;09:00;16.6;2;NUAGEUX;5;17.3;0
Château-Thierry;49.046;3.403;27/09/2026;10:00;17.8;2;NUAGEUX;5;18.7;0
Château-Thierry;49.046;3.403;27/09/2026;11:00;22.4;2;NUAGEUX;3;20.9;0
Château-Thierry;49.046;3.403;27/09/2026;12:00;22.4;2;NUAGEUX;3;23.4;0
Château-Thierry;49.046;3.403;27/09/2026;13:00;22.4;2;NUAGEUX;3;25.9;0
Château-Thierry;49.046;3.403;27/09/2026;14:00;22.8;2;NUAGEUX;5;28.1;0
Château-Thierry;49.046;3.403;27/09/2026;15:00;24.0;2;NUAGEUX;5;29.5;0
Château-Thierry;49.046;3.403;27/09/2026;16:00;22.8;2;NUAGEUX;5;30.6;0
Château-Thierry;49.046;3.403;27/09/2026;17:00;20.1;2;NUAGEUX;2;30.6;0
Château-Thierry;49.046;3.403;27/09/2026;18:00;20.1;2;NUAGEUX;2;28.8;0
Château-Thierry;49.046;3.403;27/09/2026;19:00;20.1;2;NUAGEUX;2;25.9;0
Château-Thierry;49.046;3.403;27/09/2026;20:00;17.8;2;NUAGEUX;5;22.3;0
Château-Thierry;49.046;3.403;27/09/2026;21:00;16.6;2;NUAGEUX;5;18.0;0
Château-Thierry;49.046;3.403;27/09/2026;22:00;15.4;2;NUAGEUX;5;13.7;0
Château-Thierry;49.046;3.403;27/09/2026;23:00;16.6;2;NUAGEUX;2;10.1;0
Château-Thierry;49.046;3.403;28/09/2026;00:00;16.6;2;NUAGEUX;2;8.3;0
Château-Thierry;49.046;3.403;28/09/2026;01:00;16.6;2;NUAGEUX;2;7.6;0
Château-Thierry;49.046;3.403;28/09/2026;02:00;13.7;7;PLUIE FAIBLE;5;7.6;0
Château-Thierry;49.046;3.403;28/09/2026;03:00;13.7;7;PLUIE FAIBLE;5;7.9;0
Château-Thierry;49.046;3.403;28/09/2026;04:00;13.7;7;PLUIE FAIBLE;5;9.0;0
Château-Thierry;49.046;3.403;28/09/2026;05:00;14.4;7;PLUIE FAIBLE;1;9.7;0
Château-Thierry;49.046;3.403;28/09/2026;06:00;14.4;7;PLUIE FAIBLE;1;9.7;0
Château-Thierry;49.046;3.403;28/09/2026;07:00;14.4;7;PLUIE FAIBLE;1;9.4;0
Château-Thierry;49.046;3.403;28/09/2026;08:00;15.7;7;PLUIE FAIBLE;5;9.4;0
Château-Thierry;49.046;3.403;28/09/2026;09:00;16.7;7;PLUIE FAIBLE;5;10.1;0
Château-Thierry;49.046;3.403;28/09/2026;10:00;17.7;7;PLUIE FAIBLE;5;11.5;0
Château-Thierry;49.046;3.403;28/09/2026;11:00;21.2;7;PLUIE FAIBLE;3;13.3;0
Château-Thierry;49.046;3.403;28/09/2026;12:00;21.2;7;PLUIE FAIBLE;3;15.5;0
Château-Thierry;49.046;3.403;28/09/2026;13:00;21.2;7;PLUIE FAIBLE;3;18.4;0
Château-Thierry;49.046;3.403;28/09/2026;14:00;21.7;7;PLUIE FAIBLE;5;20.5;0
Château-Thierry;49.046;3.403;28/09/2026;15:00;22.7;7;PLUIE FAIBLE;5;22.3;0
Château-Thierry;49.046;3.403;28/09/2026;16:00;21.7;7;PLUIE FAIBLE;5;23.8;0
Château-Thierry;49.046;3.403;28/09/2026;17:00;19.6;7;PLUIE FAIBLE;3;23.8;0
Château-Thierry;49.046;3.403;28/09/2026;18:00;19.6;7;PLUIE FAIBLE;3;20.9;0
Château-Thierry;49.046;3.403;28/09/2026;19:00;19.6;7;PLUIE FAIBLE;3;16.6;0
Château-Thierry;49.046;3.403;28/09/2026;20:00;17.7;7;PLUIE FAIBLE;5;13.7;0
Château-Thierry;49.046;3.403;28/09/2026;21:00;16.7;7;PLUIE FAIBLE;5;12.6;0
Château-Thierry;49.046;3.403;28/09/2026;22:00;15.7;7;PLUIE FAIBLE;5;13.0;0
Château-Thierry;49.046;3.403;28/09/2026;23:00;17;2;NUAGEUX;4;14.4;0
Laon;49.56;3.62;24/09/2026;00:00;12.2;0;SOLEIL;2;1.8;0
Laon;49.56;3.62;24/09/2026;01:00;11.6;0;SOLEIL;3;2.2;0
Laon;49.56;3.62;24/09/2026;02:00;12;0;SOLEIL;3;3.2;0
Laon;49.56;3.62;24/09/2026;03:00;12.1;0;SOLEIL;2;3.2;0
Laon;49.56;3.62;24/09/2026;04:00;11.4;3;TRÈS NUAGEUX;2;3.6;0
Laon;49.56;3.62;24/09/2026;05:00;10.6;3;TRÈS NUAGEUX;2;4.3;0
Laon;49.56;3.62;24/09/2026;06:00;11.1;3;TRÈS NUAGEUX;2;6.5;0
Laon;49.56;3.62;24/09/2026;07:00;13.2;3;TRÈS NUAGEUX;2;6.5;0
Laon;49.56;3.62;24/09/2026;08:00;15.6;3;TRÈS NUAGEUX;1;5.4;0
Laon;49.56;3.62;24/09/2026;09:00;18.7;0;SOLEIL;2;6.1;0
Laon;49.56;3.62;24/09/2026;10:00;21;0;SOLEIL;2;10.1;0
Laon;49.56;3.62;24/09/2026;11:00;23.1;0;SOLEIL;2;13.3;0
Laon;49.56;3.62;24/09/2026;12:00;23.6;0;SOLEIL;2;14.4;0
Laon;49.56;3.62;24/09/2026;13:00;24.9;0;SOLEIL;2;11.5;0
Laon;49.56;3.62;24/09/2026;14:00;25.1;0;SOLEIL;3;8.3;0
Laon;49.56;3.62;24/09/2026;15:00;24.1;0;SOLEIL;2;5.8;0
Laon;49.56;3.62;24/09/2026;16:00;23.2;0;SOLEIL;2;9.4;0
Laon;49.56;3.62;24/09/2026;17:00;22.6;0;SOLEIL;3;10.1;0
Laon;49.56;3.62;24/09/2026;18:00;19.5;0;SOLEIL;2;15.8;0
Laon;49.56;3.62;24/09/2026;19:00;18.1;0;SOLEIL;2;15.8;0
Laon;49.56;3.62;24/09/2026;20:00;16.6;0;SOLEIL;2;13.0;0
Laon;49.56;3.62;24/09/2026;21:00;13.9;0;SOLEIL;2;11.2;0
Laon;49.56;3.62;24/09/2026;22:00;13.6;0;SOLEIL;2;9.0;0
Laon;49.56;3.62;24/09/2026;23:00;12.9;0;SOLEIL;2;6.8;0
Laon;49.56;3.62;25/09/2026;00:00;11.5;0;SOLEIL;2;6.8;0
Laon;49.56;3.62;25/09/2026;01:00;11.5;0;SOLEIL;2;6.8;0
Laon;49.56;3.62;25/09/2026;02:00;7.1;0;SOLEIL;2;6.8;0
Laon;49.56;3.62;25/09/2026;03:00;7.1;0;SOLEIL;2;6.8;0
Laon;49.56;3.62;25/09/2026;04:00;7.1;0;SOLEIL;2;6.1;0
Laon;49.56;3.62;25/09/2026;05:00;6.2;0;SOLEIL;2;6.1;0
Laon;49.56;3.62;25/09/2026;06:00;6.2;0;SOLEIL;2;6.5;0
Laon;49.56;3.62;25/09/2026;07:00;6.2;0;SOLEIL;2;6.1;0
Laon;49.56;3.62;25/09/2026;08:00;18.6;0;SOLEIL;2;5.8;0
Laon;49.56;3.62;25/09/2026;09:00;18.6;0;SOLEIL;2;6.8;0
Laon;49.56;3.62;25/09/2026;10:00;18.6;0;SOLEIL;2;8.1;0
Laon;49.56;3.62;25/09/2026;11:00;24.9;0;SOLEIL;2;11.2;0
Laon;49.56;3.62;25/09/2026;12:00;24.9;0;SOLEIL;2;16.2;0
Laon;49.56;3.62;25/09/2026;13:00;24.9;0;SOLEIL;2;18.0;0
Laon;49.56;3.62;25/09/2026;14:00;26.2;0;SOLEIL;2;18.7;0
Laon;49.56;3.62;25/09/2026;15:00;26.2;0;SOLEIL;2;18.7;0
Laon;49.56;3.62;25/09/2026;16:00;26.2;0;SOLEIL;2;18.7;0
Laon;49.56;3.62;25/09/2026;17:00;19.5;0;SOLEIL;2;18.0;0
Laon;49.56;3.62;25/09/2026;18:00;19.5;0;SOLEIL;2;16.6;0
Laon;49.56;3.62;25/09/2026;19:00;19.5;0;SOLEIL;2;14.8;0
Laon;49.56;3.62;25/09/2026;20:00;11.1;0;SOLEIL;2;10.8;0
Laon;49.56;3.62;25/09/2026;21:00;11.1;0;SOLEIL;2;8.6;0
Laon;49.56;3.62;25/09/2026;22:00;11.1;0;SOLEIL;2;9.0;0
Laon;49.56;3.62;25/09/2026;23:00;8.2;0;SOLEIL;1;9.4;0
Laon;49.56;3.62;26/09/2026;00:00;8.2;0;SOLEIL;1;10.4;0
Laon;49.56;3.62;26/09/2026;01:00;8.2;0;SOLEIL;1;10.4;0
Laon;49.56;3.62;26/09/2026;02:00;7.6;0;SOLEIL;2;9.4;0
Laon;49.56;3.62;26/09/2026;03:00;7.6;0;SOLEIL;2;8.6;0
Laon;49.56;3.62;26/09/2026;04:00;7.6;0;SOLEIL;2;7.6;0
Laon;49.56;3.62;26/09/2026;05:00;8.4;0;SOLEIL;2;6.5;0
Laon;49.56;3.62;26/09/2026;06:00;8.4;0;SOLEIL;2;6.8;0
Laon;49.56;3.62;26/09/2026;07:00;8.4;0;SOLEIL;2;8.3;0
Laon;49.56;3.62;26/09/2026;08:00;20.1;0;SOLEIL;3;7.6;0
Laon;49.56;3.62;26/09/2026;09:00;20.1;0;SOLEIL;3;9.4;0
Laon;49.56;3.62;26/09/2026;10:00;20.1;0;SOLEIL;3;20.9;0
Laon;49.56;3.62;26/09/2026;11:00;25.5;0;SOLEIL;3;28.8;0
Laon;49.56;3.62;26/09/2026;12:00;25.5;0;SOLEIL;3;28.8;0
Laon;49.56;3.62;26/09/2026;13:00;25.5;0;SOLEIL;3;25.6;0
Laon;49.56;3.62;26/09/2026;14:00;26.5;0;SOLEIL;3;23.4;0
Laon;49.56;3.62;26/09/2026;15:00;26.5;0;SOLEIL;3;24.5;0
Laon;49.56;3.62;26/09/2026;16:00;26.5;0;SOLEIL;3;26.3;0
Laon;49.56;3.62;26/09/2026;17:00;20.5;0;SOLEIL;2;26.3;0
Laon;49.56;3.62;26/09/2026;18:00;20.5;0;SOLEIL;2;22.3;0
Laon;49.56;3.62;26/09/2026;19:00;20.5;0;SOLEIL;2;16.2;0
Laon;49.56;3.62;26/09/2026;20:00;15.8;0;SOLEIL;5;11.9;0
Laon;49.56;3.62;26/09/2026;21:00;13.6;0;SOLEIL;5;11.2;0
Laon;49.56;3.62;26/09/2026;22:00;11.3;0;SOLEIL;5;11.9;0
Laon;49.56;3.62;26/09/2026;23:00;12.1;0;SOLEIL;2;12.2;0
Laon;49.56;3.62;27/09/2026;00:00;12.1;0;SOLEIL;2;10.8;0
Laon;49.56;3.62;27/09/2026;01:00;12.1;0;SOLEIL;2;8.6;0
Laon;49.56;3.62;27/09/2026;02:00;10.9;2;NUAGEUX;5;6.8;0
Laon;49.56;3.62;27/09/2026;03:00;10.9;2;NUAGEUX;5;6.5;0
Laon;49.56;3.62;27/09/2026;04:00;10.9;2;NUAGEUX;5;6.5;0
Laon;49.56;3.62;27/09/2026;05:00;12.2;2;NUAGEUX;2;6.5;0
Laon;49.56;3.62;27/09/2026;06:00;12.2;2;NUAGEUX;2;6.5;0
Laon;49.56;3.62;27/09/2026;07:00;12.2;2;NUAGEUX;2;6.5;0
Laon;49.56;3.62;27/09/2026;08:00;14.1;2;NUAGEUX;5;7.2;0
Laon;49.56;3.62;27/09/2026;09:00;15.6;2;NUAGEUX;5;9.0;0
Laon;49.56;3.62;27/09/2026;10:00;17.2;2;NUAGEUX;5;11.2;0
Laon;49.56;3.62;27/09/2026;11:00;23.5;2;NUAGEUX;3;13.7;0
Laon;49.56;3.62;27/09/2026;12:00;23.5;2;NUAGEUX;3;16.6;0
Laon;49.56;3.62;27/09/2026;13:00;23.5;2;NUAGEUX;3;19.8;0
Laon;49.56;3.62;27/09/2026;14:00;23.5;2;NUAGEUX;5;22.0;0
Laon;49.56;3.62;27/09/2026;15:00;25.1;2;NUAGEUX;5;23.0;0
Laon;49.56;3.62;27/09/2026;16:00;23.5;2;NUAGEUX;5;23.8;0
Laon;49.56;3.62;27/09/2026;17:00;20.2;2;NUAGEUX;2;22.7;0
Laon;49.56;3.62;27/09/2026;18:00;20.2;2;NUAGEUX;2;19.4;0
Laon;49.56;3.62;27/09/2026;19:00;20.2;2;NUAGEUX;2;14.8;0
Laon;49.56;3.62;27/09/2026;20:00;17.2;2;NUAGEUX;5;11.2;0
Laon;49.56;3.62;27/09/2026;21:00;15.6;2;NUAGEUX;5;9.4;0
Laon;49.56;3.62;27/09/2026;22:00;14.1;2;NUAGEUX;5;8.6;0
Laon;49.56;3.62;27/09/2026;23:00;16.5;2;NUAGEUX;2;7.6;0
Laon;49.56;3.62;28/09/2026;00:00;16.5;2;NUAGEUX;2;6.1;0
Laon;49.56;3.62;28/09/2026;01:00;16.5;2;NUAGEUX;2;5.0;0
Laon;49.56;3.62;28/09/2026;02:00;13.7;7;PLUIE FAIBLE;5;4.0;0
Laon;49.56;3.62;28/09/2026;03:00;13.7;7;PLUIE FAIBLE;5;3.2;0
Laon;49.56;3.62;28/09/2026;04:00;13.7;7;PLUIE FAIBLE;5;3.2;0
Laon;49.56;3.62;28/09/2026;05:00;14.7;2;NUAGEUX;2;3.2;0
Laon;49.56;3.62;28/09/2026;06:00;14.7;2;NUAGEUX;2;7.5;0
Laon;49.56;3.62;28/09/2026;07:00;14.7;2;NUAGEUX;2;8.6;0
Laon;49.56;3.62;28/09/2026;08:00;15.9;7;PLUIE FAIBLE;5;7.8;0
Laon;49.56;3.62;28/09/2026;09:00;16.9;7;PLUIE FAIBLE;5;9.0;0
Laon;49.56;3.62;28/09/2026;10:00;18.0;7;PLUIE FAIBLE;5;9.4;0
Laon;49.56;3.62;28/09/2026;11:00;21.4;7;PLUIE FAIBLE;3;10.1;0
Laon;49.56;3.62;28/09/2026;12:00;21.4;7;PLUIE FAIBLE;3;11.2;0
Laon;49.56;3.62;28/09/2026;13:00;21.4;7;PLUIE FAIBLE;3;12.6;0
Laon;49.56;3.62;28/09/2026;14:00;22.3;7;PLUIE FAIBLE;5;14.0;0
Laon;49.56;3.62;28/09/2026;15:00;23.4;7;PLUIE FAIBLE;5;15.5;0
Laon;49.56;3.62;28/09/2026;16:00;22.3;7;PLUIE FAIBLE;5;16.9;0
Laon;49.56;3.62;28/09/2026;17:00;19.9;7;PLUIE FAIBLE;2;17.6;0
Laon;49.56;3.62;28/09/2026;18:00;19.9;7;PLUIE FAIBLE;2;16.9;0
Laon;49.56;3.62;28/09/2026;19:00;19.9;7;PLUIE FAIBLE;2;15.5;0
Laon;49.56;3.62;28/09/2026;20:00;18.0;7;PLUIE FAIBLE;5;14.0;0
Laon;49.56;3.62;28/09/2026;21:00;16.9;7;PLUIE FAIBLE;5;12.6;0
Laon;49.56;3.62;28/09/2026;22:00;15.9;7;PLUIE FAIBLE;5;10.8;0
Laon;49.56;3.62;28/09/2026;23:00;16.7;2;NUAGEUX;4;9.4;0
Saint-Quentin;49.85;3.29;24/09/2026;00:00;15.2;0;SOLEIL;2;19.4;0
Saint-Quentin;49.85;3.29;24/09/2026;01:00;14.6;0;SOLEIL;2;15.8;0
Saint-Quentin;49.85;3.29;24/09/2026;02:00;14.7;0;SOLEIL;2;14.0;0
Saint-Quentin;49.85;3.29;24/09/2026;03:00;13.6;3;TRÈS NUAGEUX;2;19.1;0
Saint-Quentin;49.85;3.29;24/09/2026;04:00;13.6;3;TRÈS NUAGEUX;2;19.1;0
Saint-Quentin;49.85;3.29;24/09/2026;05:00;13.2;3;TRÈS NUAGEUX;2;14.4;0
Saint-Quentin;49.85;3.29;24/09/2026;06:00;13.1;3;TRÈS NUAGEUX;2;11.9;0
Saint-Quentin;49.85;3.29;24/09/2026;07:00;14.7;3;TRÈS NUAGEUX;2;13.3;0
Saint-Quentin;49.85;3.29;24/09/2026;08:00;15.2;3;TRÈS NUAGEUX;2;10.8;0
Saint-Quentin;49.85;3.29;24/09/2026;09:00;15.6;0;SOLEIL;2;5.4;0
Saint-Quentin;49.85;3.29;24/09/2026;10:00;17.2;0;SOLEIL;2;10.1;0
Saint-Quentin;49.85;3.29;24/09/2026;11:00;19.5;0;SOLEIL;2;14.0;0
Saint-Quentin;49.85;3.29;24/09/2026;12:00;20.6;0;SOLEIL;2;15.8;0
Saint-Quentin;49.85;3.29;24/09/2026;13:00;21;0;SOLEIL;2;18.7;0
Saint-Quentin;49.85;3.29;24/09/2026;14:00;21.4;0;SOLEIL;2;19.1;0
Saint-Quentin;49.85;3.29;24/09/2026;15:00;21.5;0;SOLEIL;2;20.2;0
Saint-Quentin;49.85;3.29;24/09/2026;16:00;22;0;SOLEIL;2;21.2;0
Saint-Quentin;49.85;3.29;24/09/2026;17:00;21.6;0;SOLEIL;2;21.6;0
Saint-Quentin;49.85;3.29;24/09/2026;18:00;19.9;0;SOLEIL;2;21.6;0
Saint-Quentin;49.85;3.29;24/09/2026;19:00;19.2;0;SOLEIL;2;20.2;0
Saint-Quentin;49.85;3.29;24/09/2026;20:00;18;0;SOLEIL;2;15.8;0
Saint-Quentin;49.85;3.29;24/09/2026;21:00;17.4;0;SOLEIL;2;14.4;0
Saint-Quentin;49.85;3.29;24/09/2026;22:00;16.1;0;SOLEIL;2;12.2;0
Saint-Quentin;49.85;3.29;24/09/2026;23:00;15.1;0;SOLEIL;2;10.8;0
Saint-Quentin;49.85;3.29;25/09/2026;00:00;14.6;0;SOLEIL;2;12.2;0
Saint-Quentin;49.85;3.29;25/09/2026;01:00;14.6;0;SOLEIL;2;15.8;0
Saint-Quentin;49.85;3.29;25/09/2026;02:00;12.2;0;SOLEIL;3;18.7;0
Saint-Quentin;49.85;3.29;25/09/2026;03:00;12.2;0;SOLEIL;3;20.9;0
Saint-Quentin;49.85;3.29;25/09/2026;04:00;12.2;0;SOLEIL;3;22.0;0
Saint-Quentin;49.85;3.29;25/09/2026;05:00;11.1;0;SOLEIL;3;21.6;0
Saint-Quentin;49.85;3.29;25/09/2026;06:00;11.1;0;SOLEIL;3;7.2;0
Saint-Quentin;49.85;3.29;25/09/2026;07:00;11.1;0;SOLEIL;3;10.1;0
Saint-Quentin;49.85;3.29;25/09/2026;08:00;17.1;0;SOLEIL;2;10.1;0
Saint-Quentin;49.85;3.29;25/09/2026;09:00;17.1;0;SOLEIL;2;10.1;0
Saint-Quentin;49.85;3.29;25/09/2026;10:00;17.1;0;SOLEIL;2;10.4;0
Saint-Quentin;49.85;3.29;25/09/2026;11:00;23;0;SOLEIL;2;15.8;0
Saint-Quentin;49.85;3.29;25/09/2026;12:00;23;0;SOLEIL;2;19.4;0
Saint-Quentin;49.85;3.29;25/09/2026;13:00;23;0;SOLEIL;2;19.8;0
Saint-Quentin;49.85;3.29;25/09/2026;14:00;24.7;0;SOLEIL;2;23.4;0
Saint-Quentin;49.85;3.29;25/09/2026;15:00;24.7;0;SOLEIL;2;23.0;0
Saint-Quentin;49.85;3.29;25/09/2026;16:00;24.7;0;SOLEIL;2;20.9;0
Saint-Quentin;49.85;3.29;25/09/2026;17:00;21.1;0;SOLEIL;2;18.7;0
Saint-Quentin;49.85;3.29;25/09/2026;18:00;21.1;0;SOLEIL;2;19.4;0
Saint-Quentin;49.85;3.29;25/09/2026;19:00;21.1;0;SOLEIL;2;19.4;0
Saint-Quentin;49.85;3.29;25/09/2026;20:00;17;0;SOLEIL;2;13.3;0
Saint-Quentin;49.85;3.29;25/09/2026;21:00;17;0;SOLEIL;2;12.2;0
Saint-Quentin;49.85;3.29;25/09/2026;22:00;17;0;SOLEIL;2;13.4;0
Saint-Quentin;49.85;3.29;25/09/2026;23:00;14.6;0;SOLEIL;2;12.6;0
Saint-Quentin;49.85;3.29;26/09/2026;00:00;14.6;0;SOLEIL;2;15.6;0
Saint-Quentin;49.85;3.29;26/09/2026;01:00;14.6;0;SOLEIL;2;16.9;0
Saint-Quentin;49.85;3.29;26/09/2026;02:00;12.6;0;SOLEIL;2;17.3;0
Saint-Quentin;49.85;3.29;26/09/2026;03:00;12.6;0;SOLEIL;2;18.0;0
Saint-Quentin;49.85;3.29;26/09/2026;04:00;12.6;0;SOLEIL;2;18.4;0
Saint-Quentin;49.85;3.29;26/09/2026;05:00;12.2;0;SOLEIL;2;16.6;0
Saint-Quentin;49.85;3.29;26/09/2026;06:00;12.2;0;SOLEIL;2;14.8;0
Saint-Quentin;49.85;3.29;26/09/2026;07:00;12.2;0;SOLEIL;2;13.0;0
Saint-Quentin;49.85;3.29;26/09/2026;08:00;17.6;0;SOLEIL;2;11.9;0
Saint-Quentin;49.85;3.29;26/09/2026;09:00;17.6;0;SOLEIL;2;14.4;0
Saint-Quentin;49.85;3.29;26/09/2026;10:00;17.6;0;SOLEIL;2;14.4;0
Saint-Quentin;49.85;3.29;26/09/2026;11:00;24.4;0;SOLEIL;2;16.2;0
Saint-Quentin;49.85;3.29;26/09/2026;12:00;24.4;0;SOLEIL;2;19.8;0
Saint-Quentin;49.85;3.29;26/09/2026;13:00;24.4;0;SOLEIL;2;23.0;0
Saint-Quentin;49.85;3.29;26/09/2026;14:00;24.7;0;SOLEIL;3;25.9;0
Saint-Quentin;49.85;3.29;26/09/2026;15:00;24.7;0;SOLEIL;3;25.9;0
Saint-Quentin;49.85;3.29;26/09/2026;16:00;24.7;0;SOLEIL;3;25.6;0
Saint-Quentin;49.85;3.29;26/09/2026;17:00;20.9;0;SOLEIL;2;24.5;0
Saint-Quentin;49.85;3.29;26/09/2026;18:00;20.9;0;SOLEIL;2;22.0;0
Saint-Quentin;49.85;3.29;26/09/2026;19:00;20.9;0;SOLEIL;2;17.6;0
Saint-Quentin;49.85;3.29;26/09/2026;20:00;18.4;0;SOLEIL;5;10.1;0
Saint-Quentin;49.85;3.29;26/09/2026;21:00;16.7;0;SOLEIL;5;15.1;0
Saint-Quentin;49.85;3.29;26/09/2026;22:00;15.0;0;SOLEIL;5;17.3;0
Saint-Quentin;49.85;3.29;26/09/2026;23:00;15.1;0;SOLEIL;2;15.5;0
Saint-Quentin;49.85;3.29;27/09/2026;00:00;15.1;0;SOLEIL;2;15.5;0
Saint-Quentin;49.85;3.29;27/09/2026;01:00;15.1;0;SOLEIL;2;14.8;0
Saint-Quentin;49.85;3.29;27/09/2026;02:00;11.6;2;NUAGEUX;5;12.2;0
Saint-Quentin;49.85;3.29;27/09/2026;03:00;11.6;2;NUAGEUX;5;11.2;0
Saint-Quentin;49.85;3.29;27/09/2026;04:00;11.6;2;NUAGEUX;5;10.4;0
Saint-Quentin;49.85;3.29;27/09/2026;05:00;12.6;2;NUAGEUX;2;9.7;0
Saint-Quentin;49.85;3.29;27/09/2026;06:00;12.6;2;NUAGEUX;2;9.4;0
Saint-Quentin;49.85;3.29;27/09/2026;07:00;12.6;2;NUAGEUX;2;9.4;0
Saint-Quentin;49.85;3.29;27/09/2026;08:00;14.4;2;NUAGEUX;5;10.1;0
Saint-Quentin;49.85;3.29;27/09/2026;09:00;15.9;2;NUAGEUX;5;12.2;0
Saint-Quentin;49.85;3.29;27/09/2026;10:00;17.3;2;NUAGEUX;5;15.5;0
Saint-Quentin;49.85;3.29;27/09/2026;11:00;22.6;2;NUAGEUX;3;18.4;0
Saint-Quentin;49.85;3.29;27/09/2026;12:00;22.6;2;NUAGEUX;3;21.6;0
Saint-Quentin;49.85;3.29;27/09/2026;13:00;22.6;2;NUAGEUX;3;24.5;0
Saint-Quentin;49.85;3.29;27/09/2026;14:00;23.0;2;NUAGEUX;5;26.6;0
Saint-Quentin;49.85;3.29;27/09/2026;15:00;24.4;2;NUAGEUX;5;27.7;0
Saint-Quentin;49.85;3.29;27/09/2026;16:00;23.0;2;NUAGEUX;5;27.4;0
Saint-Quentin;49.85;3.29;27/09/2026;17:00;19.5;2;NUAGEUX;3;26.6;0
Saint-Quentin;49.85;3.29;27/09/2026;18:00;19.5;2;NUAGEUX;3;24.8;0
Saint-Quentin;49.85;3.29;27/09/2026;19:00;19.5;2;NUAGEUX;3;22.3;0
Saint-Quentin;49.85;3.29;27/09/2026;20:00;17.3;2;NUAGEUX;5;18.7;0
Saint-Quentin;49.85;3.29;27/09/2026;21:00;15.9;2;NUAGEUX;5;13.3;0
Saint-Quentin;49.85;3.29;27/09/2026;22:00;14.4;2;NUAGEUX;5;6.8;0
Saint-Quentin;49.85;3.29;27/09/2026;23:00;16;2;NUAGEUX;2;2.9;0
Saint-Quentin;49.85;3.29;28/09/2026;00:00;16;2;NUAGEUX;2;3.2;0
Saint-Quentin;49.85;3.29;28/09/2026;01:00;16;2;NUAGEUX;2;6.1;0
Saint-Quentin;49.85;3.29;28/09/2026;02:00;13.7;7;PLUIE FAIBLE;5;8.6;0
Saint-Quentin;49.85;3.29;28/09/2026;03:00;13.7;7;PLUIE FAIBLE;5;9.4;0
Saint-Quentin;49.85;3.29;28/09/2026;04:00;13.7;7;PLUIE FAIBLE;5;9.4;0
Saint-Quentin;49.85;3.29;28/09/2026;05:00;14.4;7;PLUIE FAIBLE;2;9.4;0
Saint-Quentin;49.85;3.29;28/09/2026;06:00;14.4;7;PLUIE FAIBLE;2;9.4;0
Saint-Quentin;49.85;3.29;28/09/2026;07:00;14.4;7;PLUIE FAIBLE;2;9.7;0
Saint-Quentin;49.85;3.29;28/09/2026;08:00;15.6;7;PLUIE FAIBLE;5;9.7;0
Saint-Quentin;49.85;3.29;28/09/2026;09:00;16.5;7;PLUIE FAIBLE;5;9.7;0
Saint-Quentin;49.85;3.29;28/09/2026;10:00;17.5;7;PLUIE FAIBLE;5;9.4;0
Saint-Quentin;49.85;3.29;28/09/2026;11:00;20.4;7;PLUIE FAIBLE;3;9.7;0
Saint-Quentin;49.85;3.29;28/09/2026;12:00;20.4;7;PLUIE FAIBLE;3;10.4;0
Saint-Quentin;49.85;3.29;28/09/2026;13:00;20.4;7;PLUIE FAIBLE;3;11.5;0
Saint-Quentin;49.85;3.29;28/09/2026;14:00;21.3;7;PLUIE FAIBLE;5;12.6;0
Saint-Quentin;49.85;3.29;28/09/2026;15:00;22.2;7;PLUIE FAIBLE;5;13.7;0
Saint-Quentin;49.85;3.29;28/09/2026;16:00;21.3;7;PLUIE FAIBLE;5;14.4;0
Saint-Quentin;49.85;3.29;28/09/2026;17:00;18.9;2;NUAGEUX;2;14.8;0
Saint-Quentin;49.85;3.29;28/09/2026;18:00;18.9;2;NUAGEUX;2;13.3;0
Saint-Quentin;49.85;3.29;28/09/2026;19:00;18.9;2;NUAGEUX;2;11.5;0
Saint-Quentin;49.85;3.29;28/09/2026;20:00;17.5;7;PLUIE FAIBLE;5;10.4;0
Saint-Quentin;49.85;3.29;28/09/2026;21:00;16.5;7;PLUIE FAIBLE;5;11.5;0
Saint-Quentin;49.85;3.29;28/09/2026;22:00;15.6;7;PLUIE FAIBLE;5;14.0;0
Saint-Quentin;49.85;3.29;28/09/2026;23:00;16.6;2;NUAGEUX;3;16.6;0
Soissons;49.38;3.32;24/09/2026;00:00;14.6;0;SOLEIL;3;21.6;0
Soissons;49.38;3.32;24/09/2026;01:00;14.7;0;SOLEIL;3;18.4;0
Soissons;49.38;3.32;24/09/2026;02:00;14.7;0;SOLEIL;3;20.5;0
Soissons;49.38;3.32;24/09/2026;03:00;13.7;0;SOLEIL;3;23.4;0
Soissons;49.38;3.32;24/09/2026;04:00;14.1;0;SOLEIL;2;21.2;0
Soissons;49.38;3.32;24/09/2026;05:00;13.9;0;SOLEIL;2;18.4;0
Soissons;49.38;3.32;24/09/2026;06:00;13.7;0;SOLEIL;2;24.1;0
Soissons;49.38;3.32;24/09/2026;07:00;14.4;0;SOLEIL;2;25.6;0
Soissons;49.38;3.32;24/09/2026;08:00;15.6;0;SOLEIL;2;21.6;0
Soissons;49.38;3.32;24/09/2026;09:00;16.9;0;SOLEIL;2;16.9;0
Soissons;49.38;3.32;24/09/2026;10:00;18.6;0;SOLEIL;2;15.1;0
Soissons;49.38;3.32;24/09/2026;11:00;20.1;0;SOLEIL;2;14.4;0
Soissons;49.38;3.32;24/09/2026;12:00;21;0;SOLEIL;2;16.9;0
Soissons;49.38;3.32;24/09/2026;13:00;22.2;0;SOLEIL;2;18.0;0
Soissons;49.38;3.32;24/09/2026;14:00;22.4;0;SOLEIL;2;18.7;0
Soissons;49.38;3.32;24/09/2026;15:00;22.2;0;SOLEIL;2;20.2;0
Soissons;49.38;3.32;24/09/2026;16:00;22.6;0;SOLEIL;2;20.2;0
Soissons;49.38;3.32;24/09/2026;17:00;22;0;SOLEIL;3;19.8;0
Soissons;49.38;3.32;24/09/2026;18:00;19.9;0;SOLEIL;2;19.8;0
Soissons;49.38;3.32;24/09/2026;19:00;18.6;0;SOLEIL;2;19.1;0
Soissons;49.38;3.32;24/09/2026;20:00;17.7;0;SOLEIL;2;15.8;0
Soissons;49.38;3.32;24/09/2026;21:00;16.2;0;SOLEIL;2;15.5;0
Soissons;49.38;3.32;24/09/2026;22:00;15.1;0;SOLEIL;2;14.0;0
Soissons;49.38;3.32;24/09/2026;23:00;14.6;0;SOLEIL;2;16.6;0
Soissons;49.38;3.32;25/09/2026;00:00;14.1;0;SOLEIL;2;17.3;0
Soissons;49.38;3.32;25/09/2026;01:00;14.1;0;SOLEIL;2;16.2;0
Soissons;49.38;3.32;25/09/2026;02:00;11.7;0;SOLEIL;3;16.2;0
Soissons;49.38;3.32;25/09/2026;03:00;11.7;0;SOLEIL;3;20.5;0
Soissons;49.38;3.32;25/09/2026;04:00;11.7;0;SOLEIL;3;25.9;0
Soissons;49.38;3.32;25/09/2026;05:00;11.4;0;SOLEIL;3;22.0;0
Soissons;49.38;3.32;25/09/2026;06:00;11.4;0;SOLEIL;3;12.2;0
Soissons;49.38;3.32;25/09/2026;07:00;11.4;0;SOLEIL;3;15.5;0
Soissons;49.38;3.32;25/09/2026;08:00;17.7;0;SOLEIL;3;16.9;0
Soissons;49.38;3.32;25/09/2026;09:00;17.7;0;SOLEIL;3;17.6;0
Soissons;49.38;3.32;25/09/2026;10:00;17.7;0;SOLEIL;3;18.0;0
Soissons;49.38;3.32;25/09/2026;11:00;24;0;SOLEIL;2;20.9;0
Soissons;49.38;3.32;25/09/2026;12:00;24;0;SOLEIL;2;21.2;0
Soissons;49.38;3.32;25/09/2026;13:00;24;0;SOLEIL;2;21.6;0
Soissons;49.38;3.32;25/09/2026;14:00;25.9;0;SOLEIL;2;21.6;0
Soissons;49.38;3.32;25/09/2026;15:00;25.9;0;SOLEIL;2;21.2;0
Soissons;49.38;3.32;25/09/2026;16:00;25.9;0;SOLEIL;2;20.2;0
Soissons;49.38;3.32;25/09/2026;17:00;21.5;0;SOLEIL;2;19.1;0
Soissons;49.38;3.32;25/09/2026;18:00;21.5;0;SOLEIL;2;19.1;0
Soissons;49.38;3.32;25/09/2026;19:00;21.5;0;SOLEIL;2;19.8;0
Soissons;49.38;3.32;25/09/2026;20:00;17.1;0;SOLEIL;2;19.4;0
Soissons;49.38;3.32;25/09/2026;21:00;17.1;0;SOLEIL;2;18.4;0
Soissons;49.38;3.32;25/09/2026;22:00;17.1;0;SOLEIL;2;16.7;0
Soissons;49.38;3.32;25/09/2026;23:00;14.6;0;SOLEIL;3;17.1;0
Soissons;49.38;3.32;26/09/2026;00:00;14.6;0;SOLEIL;3;18.3;0
Soissons;49.38;3.32;26/09/2026;01:00;14.6;0;SOLEIL;3;18.7;0
Soissons;49.38;3.32;26/09/2026;02:00;13.1;0;SOLEIL;2;19.8;0
Soissons;49.38;3.32;26/09/2026;03:00;13.1;0;SOLEIL;2;20.2;0
Soissons;49.38;3.32;26/09/2026;04:00;13.1;0;SOLEIL;2;19.8;0
Soissons;49.38;3.32;26/09/2026;05:00;12.7;0;SOLEIL;3;17.6;0
Soissons;49.38;3.32;26/09/2026;06:00;12.7;0;SOLEIL;3;16.2;0
Soissons;49.38;3.32;26/09/2026;07:00;12.7;0;SOLEIL;3;16.2;0
Soissons;49.38;3.32;26/09/2026;08:00;18.6;0;SOLEIL;3;12.6;0
Soissons;49.38;3.32;26/09/2026;09:00;18.6;0;SOLEIL;3;13.0;0
Soissons;49.38;3.32;26/09/2026;10:00;18.6;0;SOLEIL;3;12.2;0
Soissons;49.38;3.32;26/09/2026;11:00;25.6;0;SOLEIL;2;16.2;0
Soissons;49.38;3.32;26/09/2026;12:00;25.6;0;SOLEIL;2;21.6;0
Soissons;49.38;3.32;26/09/2026;13:00;25.6;0;SOLEIL;2;25.2;0
Soissons;49.38;3.32;26/09/2026;14:00;25.1;0;SOLEIL;3;25.6;0
Soissons;49.38;3.32;26/09/2026;15:00;25.1;0;SOLEIL;3;25.6;0
Soissons;49.38;3.32;26/09/2026;16:00;25.1;0;SOLEIL;3;25.6;0
Soissons;49.38;3.32;26/09/2026;17:00;20.6;0;SOLEIL;3;27.7;0
Soissons;49.38;3.32;26/09/2026;18:00;20.6;0;SOLEIL;3;27.4;0
Soissons;49.38;3.32;26/09/2026;19:00;20.6;0;SOLEIL;3;22.3;0
Soissons;49.38;3.32;26/09/2026;20:00;19.0;0;SOLEIL;5;24.1;0
Soissons;49.38;3.32;26/09/2026;21:00;17.2;0;SOLEIL;5;26.3;0
Soissons;49.38;3.32;26/09/2026;22:00;15.5;0;SOLEIL;5;27.4;0
Soissons;49.38;3.32;26/09/2026;23:00;14.6;0;SOLEIL;2;25.6;0
Soissons;49.38;3.32;27/09/2026;00:00;14.6;0;SOLEIL;2;23.0;0
Soissons;49.38;3.32;27/09/2026;01:00;14.6;0;SOLEIL;2;20.5;0
Soissons;49.38;3.32;27/09/2026;02:00;12.4;2;NUAGEUX;5;16.9;0
Soissons;49.38;3.32;27/09/2026;03:00;12.4;2;NUAGEUX;5;15.8;0
Soissons;49.38;3.32;27/09/2026;04:00;12.4;2;NUAGEUX;5;15.5;0
Soissons;49.38;3.32;27/09/2026;05:00;13.4;6;AVERSES;2;15.5;0
Soissons;49.38;3.32;27/09/2026;06:00;13.4;6;AVERSES;2;15.1;0
Soissons;49.38;3.32;27/09/2026;07:00;13.4;6;AVERSES;2;14.8;0
Soissons;49.38;3.32;27/09/2026;08:00;15.0;2;NUAGEUX;5;15.1;0
Soissons;49.38;3.32;27/09/2026;09:00;16.3;2;NUAGEUX;5;16.9;0
Soissons;49.38;3.32;27/09/2026;10:00;17.6;2;NUAGEUX;5;19.1;0
Soissons;49.38;3.32;27/09/2026;11:00;22.2;2;NUAGEUX;3;21.6;0
Soissons;49.38;3.32;27/09/2026;12:00;22.2;2;NUAGEUX;3;24.1;0
Soissons;49.38;3.32;27/09/2026;13:00;22.2;2;NUAGEUX;3;26.6;0
Soissons;49.38;3.32;27/09/2026;14:00;22.9;2;NUAGEUX;5;28.8;0
Soissons;49.38;3.32;27/09/2026;15:00;24.2;2;NUAGEUX;5;29.9;0
Soissons;49.38;3.32;27/09/2026;16:00;22.9;2;NUAGEUX;5;30.6;0
Soissons;49.38;3.32;27/09/2026;17:00;20.4;2;NUAGEUX;2;30.2;0
Soissons;49.38;3.32;27/09/2026;18:00;20.4;2;NUAGEUX;2;29.5;0
Soissons;49.38;3.32;27/09/2026;19:00;20.4;2;NUAGEUX;2;28.4;0
Soissons;49.38;3.32;27/09/2026;20:00;17.6;2;NUAGEUX;5;25.2;0
Soissons;49.38;3.32;27/09/2026;21:00;16.3;2;NUAGEUX;5;18.7;0
Soissons;49.38;3.32;27/09/2026;22:00;15.0;2;NUAGEUX;5;10.1;0
Soissons;49.38;3.32;27/09/2026;23:00;16.5;2;NUAGEUX;2;4.0;0
Soissons;49.38;3.32;28/09/2026;00:00;16.5;2;NUAGEUX;2;2.2;0
Soissons;49.38;3.32;28/09/2026;01:00;16.5;2;NUAGEUX;2;2.5;0
Soissons;49.38;3.32;28/09/2026;02:00;14.1;7;PLUIE FAIBLE;5;3.2;0
Soissons;49.38;3.32;28/09/2026;03:00;14.1;7;PLUIE FAIBLE;5;3.2;0
Soissons;49.38;3.32;28/09/2026;04:00;14.1;7;PLUIE FAIBLE;5;3.6;0
Soissons;49.38;3.32;28/09/2026;05:00;14.6;2;NUAGEUX;2;4.3;0
Soissons;49.38;3.32;28/09/2026;06:00;14.6;2;NUAGEUX;2;5.4;0
Soissons;49.38;3.32;28/09/2026;07:00;14.6;2;NUAGEUX;2;6.8;0
Soissons;49.38;3.32;28/09/2026;08:00;16.0;7;PLUIE FAIBLE;5;8.3;0
Soissons;49.38;3.32;28/09/2026;09:00;16.9;7;PLUIE FAIBLE;5;10.1;0
Soissons;49.38;3.32;28/09/2026;10:00;17.9;7;PLUIE FAIBLE;5;11.9;0
Soissons;49.38;3.32;28/09/2026;11:00;21.1;7;PLUIE FAIBLE;3;13.7;0
Soissons;49.38;3.32;28/09/2026;12:00;21.1;7;PLUIE FAIBLE;3;15.1;0
Soissons;49.38;3.32;28/09/2026;13:00;21.1;7;PLUIE FAIBLE;3;16.6;0
Soissons;49.38;3.32;28/09/2026;14:00;21.7;7;PLUIE FAIBLE;5;18.0;0
Soissons;49.38;3.32;28/09/2026;15:00;22.6;7;PLUIE FAIBLE;5;19.1;0
Soissons;49.38;3.32;28/09/2026;16:00;21.7;7;PLUIE FAIBLE;5;20.2;0
Soissons;49.38;3.32;28/09/2026;17:00;20.1;7;PLUIE FAIBLE;2;20.5;0
Soissons;49.38;3.32;28/09/2026;18:00;20.1;7;PLUIE FAIBLE;2;20.5;0
Soissons;49.38;3.32;28/09/2026;19:00;20.1;7;PLUIE FAIBLE;2;19.8;0
Soissons;49.38;3.32;28/09/2026;20:00;17.9;7;PLUIE FAIBLE;5;19.4;0
Soissons;49.38;3.32;28/09/2026;21:00;16.9;7;PLUIE FAIBLE;5;19.1;0
Soissons;49.38;3.32;28/09/2026;22:00;16.0;7;PLUIE FAIBLE;5;19.1;0
Soissons;49.38;3.32;28/09/2026;23:00;17.2;2;NUAGEUX;4;19.1;0
Vervins;49.83;3.91;24/09/2026;00:00;13.4;0;SOLEIL;1;14.0;0
Vervins;49.83;3.91;24/09/2026;01:00;13.2;0;SOLEIL;1;14.0;0
Vervins;49.83;3.91;24/09/2026;02:00;13.5;0;SOLEIL;1;9.0;0
Vervins;49.83;3.91;24/09/2026;03:00;13.2;0;SOLEIL;1;8.6;0
Vervins;49.83;3.91;24/09/2026;04:00;12.9;3;TRÈS NUAGEUX;1;9.0;0
Vervins;49.83;3.91;24/09/2026;05:00;12.2;3;TRÈS NUAGEUX;1;7.6;0
Vervins;49.83;3.91;24/09/2026;06:00;11.9;3;TRÈS NUAGEUX;1;4.3;0
Vervins;49.83;3.91;24/09/2026;07:00;13.1;3;TRÈS NUAGEUX;1;8.6;0
Vervins;49.83;3.91;24/09/2026;08:00;15;0;SOLEIL;1;9.4;0
Vervins;49.83;3.91;24/09/2026;09:00;17.6;0;SOLEIL;2;11.5;0
Vervins;49.83;3.91;24/09/2026;10:00;20.4;0;SOLEIL;2;14.8;0
Vervins;49.83;3.91;24/09/2026;11:00;22.1;0;SOLEIL;1;15.5;0
Vervins;49.83;3.91;24/09/2026;12:00;23.5;0;SOLEIL;1;17.3;0
Vervins;49.83;3.91;24/09/2026;13:00;24.2;0;SOLEIL;1;17.6;0
Vervins;49.83;3.91;24/09/2026;14:00;24.1;0;SOLEIL;2;16.9;0
Vervins;49.83;3.91;24/09/2026;15:00;24;0;SOLEIL;2;15.8;0
Vervins;49.83;3.91;24/09/2026;16:00;23.7;0;SOLEIL;2;14.8;0
Vervins;49.83;3.91;24/09/2026;17:00;22.5;0;SOLEIL;3;16.6;0
Vervins;49.83;3.91;24/09/2026;18:00;20.2;0;SOLEIL;2;19.4;0
Vervins;49.83;3.91;24/09/2026;19:00;18.2;0;SOLEIL;2;19.1;0
Vervins;49.83;3.91;24/09/2026;20:00;16.6;0;SOLEIL;2;16.9;0
Vervins;49.83;3.91;24/09/2026;21:00;15.1;0;SOLEIL;2;14.0;0
Vervins;49.83;3.91;24/09/2026;22:00;14.1;0;SOLEIL;2;12.6;0
Vervins;49.83;3.91;24/09/2026;23:00;13;0;SOLEIL;2;12.6;0
Vervins;49.83;3.91;25/09/2026;00:00;12.2;0;SOLEIL;2;14.0;0
Vervins;49.83;3.91;25/09/2026;01:00;12.2;0;SOLEIL;2;15.5;0
Vervins;49.83;3.91;25/09/2026;02:00;9.4;0;SOLEIL;2;15.8;0
Vervins;49.83;3.91;25/09/2026;03:00;9.4;0;SOLEIL;2;15.1;0
Vervins;49.83;3.91;25/09/2026;04:00;9.4;0;SOLEIL;2;15.1;0
Vervins;49.83;3.91;25/09/2026;05:00;9.2;0;SOLEIL;2;11.9;0
Vervins;49.83;3.91;25/09/2026;06:00;9.2;0;SOLEIL;2;6.1;0
Vervins;49.83;3.91;25/09/2026;07:00;9.2;0;SOLEIL;2;9.0;0
Vervins;49.83;3.91;25/09/2026;08:00;17.9;0;SOLEIL;2;8.6;0
Vervins;49.83;3.91;25/09/2026;09:00;17.9;0;SOLEIL;2;13.0;0
Vervins;49.83;3.91;25/09/2026;10:00;17.9;0;SOLEIL;2;11.9;0
Vervins;49.83;3.91;25/09/2026;11:00;25.1;0;SOLEIL;2;15.8;0
Vervins;49.83;3.91;25/09/2026;12:00;25.1;0;SOLEIL;2;19.1;0
Vervins;49.83;3.91;25/09/2026;13:00;25.1;0;SOLEIL;2;18.7;0
Vervins;49.83;3.91;25/09/2026;14:00;27.1;0;SOLEIL;2;22.7;0
Vervins;49.83;3.91;25/09/2026;15:00;27.1;0;SOLEIL;2;23.0;0
Vervins;49.83;3.91;25/09/2026;16:00;27.1;0;SOLEIL;2;21.2;0
Vervins;49.83;3.91;25/09/2026;17:00;22.1;0;SOLEIL;2;19.1;0
Vervins;49.83;3.91;25/09/2026;18:00;22.1;0;SOLEIL;2;20.5;0
Vervins;49.83;3.91;25/09/2026;19:00;22.1;0;SOLEIL;2;20.5;0
Vervins;49.83;3.91;25/09/2026;20:00;14.1;0;SOLEIL;3;18.7;0
Vervins;49.83;3.91;25/09/2026;21:00;14.1;0;SOLEIL;3;13.0;0
Vervins;49.83;3.91;25/09/2026;22:00;14.1;0;SOLEIL;3;11.6;0
Vervins;49.83;3.91;25/09/2026;23:00;11.5;0;SOLEIL;1;13.0;0
Vervins;49.83;3.91;26/09/2026;00:00;11.5;0;SOLEIL;1;15.3;0
Vervins;49.83;3.91;26/09/2026;01:00;11.5;0;SOLEIL;1;17.6;0
Vervins;49.83;3.91;26/09/2026;02:00;8.6;0;SOLEIL;1;18.0;0
Vervins;49.83;3.91;26/09/2026;03:00;8.6;0;SOLEIL;1;18.7;0
Vervins;49.83;3.91;26/09/2026;04:00;8.6;0;SOLEIL;1;18.4;0
Vervins;49.83;3.91;26/09/2026;05:00;9.9;0;SOLEIL;1;15.8;0
Vervins;49.83;3.91;26/09/2026;06:00;9.9;0;SOLEIL;1;15.5;0
Vervins;49.83;3.91;26/09/2026;07:00;9.9;0;SOLEIL;1;14.0;0
Vervins;49.83;3.91;26/09/2026;08:00;19;0;SOLEIL;2;13.0;0
Vervins;49.83;3.91;26/09/2026;09:00;19;0;SOLEIL;2;13.3;0
Vervins;49.83;3.91;26/09/2026;10:00;19;0;SOLEIL;2;16.9;0
Vervins;49.83;3.91;26/09/2026;11:00;27.2;0;SOLEIL;3;22.0;0
Vervins;49.83;3.91;26/09/2026;12:00;27.2;0;SOLEIL;3;23.8;0
Vervins;49.83;3.91;26/09/2026;13:00;27.2;0;SOLEIL;3;25.2;0
Vervins;49.83;3.91;26/09/2026;14:00;27;0;SOLEIL;3;26.3;0
Vervins;49.83;3.91;26/09/2026;15:00;27;0;SOLEIL;3;26.3;0
Vervins;49.83;3.91;26/09/2026;16:00;27;0;SOLEIL;3;24.8;0
Vervins;49.83;3.91;26/09/2026;17:00;21.5;0;SOLEIL;2;22.3;0
Vervins;49.83;3.91;26/09/2026;18:00;21.5;0;SOLEIL;2;21.2;0
Vervins;49.83;3.91;26/09/2026;19:00;21.5;0;SOLEIL;2;21.2;0
Vervins;49.83;3.91;26/09/2026;20:00;17.3;0;SOLEIL;5;11.9;0
Vervins;49.83;3.91;26/09/2026;21:00;15.0;0;SOLEIL;5;11.2;0
Vervins;49.83;3.91;26/09/2026;22:00;12.7;0;SOLEIL;5;15.5;0
Vervins;49.83;3.91;26/09/2026;23:00;14.1;0;SOLEIL;2;16.6;0
Vervins;49.83;3.91;27/09/2026;00:00;14.1;0;SOLEIL;2;14.8;0
Vervins;49.83;3.91;27/09/2026;01:00;14.1;0;SOLEIL;2;13.7;0
Vervins;49.83;3.91;27/09/2026;02:00;11.6;2;NUAGEUX;5;11.9;0
Vervins;49.83;3.91;27/09/2026;03:00;11.6;2;NUAGEUX;5;11.2;0
Vervins;49.83;3.91;27/09/2026;04:00;11.6;2;NUAGEUX;5;10.4;0
Vervins;49.83;3.91;27/09/2026;05:00;13;2;NUAGEUX;2;10.4;0
Vervins;49.83;3.91;27/09/2026;06:00;13;2;NUAGEUX;2;10.8;0
Vervins;49.83;3.91;27/09/2026;07:00;13;2;NUAGEUX;2;11.2;0
Vervins;49.83;3.91;27/09/2026;08:00;14.7;2;NUAGEUX;5;12.2;0
Vervins;49.83;3.91;27/09/2026;09:00;16.3;2;NUAGEUX;5;13.7;0
Vervins;49.83;3.91;27/09/2026;10:00;17.8;2;NUAGEUX;5;15.8;0
Vervins;49.83;3.91;27/09/2026;11:00;23.6;2;NUAGEUX;3;18.0;0
Vervins;49.83;3.91;27/09/2026;12:00;23.6;2;NUAGEUX;3;20.9;0
Vervins;49.83;3.91;27/09/2026;13:00;23.6;2;NUAGEUX;3;23.8;0
Vervins;49.83;3.91;27/09/2026;14:00;24.0;2;NUAGEUX;5;25.9;0
Vervins;49.83;3.91;27/09/2026;15:00;25.6;2;NUAGEUX;5;27.0;0
Vervins;49.83;3.91;27/09/2026;16:00;24.0;2;NUAGEUX;5;27.4;0
Vervins;49.83;3.91;27/09/2026;17:00;20.2;2;NUAGEUX;2;25.9;0
Vervins;49.83;3.91;27/09/2026;18:00;20.2;2;NUAGEUX;2;22.3;0
Vervins;49.83;3.91;27/09/2026;19:00;20.2;2;NUAGEUX;2;16.9;0
Vervins;49.83;3.91;27/09/2026;20:00;17.8;2;NUAGEUX;5;12.2;0
Vervins;49.83;3.91;27/09/2026;21:00;16.3;2;NUAGEUX;5;8.6;0
Vervins;49.83;3.91;27/09/2026;22:00;14.7;2;NUAGEUX;5;5.8;0
Vervins;49.83;3.91;27/09/2026;23:00;16.1;2;NUAGEUX;2;4.3;0
Vervins;49.83;3.91;28/09/2026;00:00;16.1;2;NUAGEUX;2;5.0;0
Vervins;49.83;3.91;28/09/2026;01:00;16.1;2;NUAGEUX;2;7.2;0
Vervins;49.83;3.91;28/09/2026;02:00;13.9;7;PLUIE FAIBLE;5;9.4;0
Vervins;49.83;3.91;28/09/2026;03:00;13.9;7;PLUIE FAIBLE;5;10.8;0
Vervins;49.83;3.91;28/09/2026;04:00;13.9;7;PLUIE FAIBLE;5;12.6;0
Vervins;49.83;3.91;28/09/2026;05:00;14.7;2;NUAGEUX;2;13.7;0
Vervins;49.83;3.91;28/09/2026;06:00;14.7;2;NUAGEUX;2;14.4;0
Vervins;49.83;3.91;28/09/2026;07:00;14.7;2;NUAGEUX;2;14.8;0
Vervins;49.83;3.91;28/09/2026;08:00;16.1;7;PLUIE FAIBLE;5;14.8;0
Vervins;49.83;3.91;28/09/2026;09:00;17.2;7;PLUIE FAIBLE;5;13.3;0
Vervins;49.83;3.91;28/09/2026;10:00;18.3;7;PLUIE FAIBLE;5;11.5;0
Vervins;49.83;3.91;28/09/2026;11:00;22.1;7;PLUIE FAIBLE;3;10.8;0
Vervins;49.83;3.91;28/09/2026;12:00;22.1;7;PLUIE FAIBLE;3;13.0;0
Vervins;49.83;3.91;28/09/2026;13:00;22.1;7;PLUIE FAIBLE;3;16.2;0
Vervins;49.83;3.91;28/09/2026;14:00;22.6;7;PLUIE FAIBLE;5;18.4;0
Vervins;49.83;3.91;28/09/2026;15:00;23.7;7;PLUIE FAIBLE;5;18.7;0
Vervins;49.83;3.91;28/09/2026;16:00;22.6;7;PLUIE FAIBLE;5;18.0;0
Vervins;49.83;3.91;28/09/2026;17:00;19.9;7;PLUIE FAIBLE;2;17.3;0
Vervins;49.83;3.91;28/09/2026;18:00;19.9;7;PLUIE FAIBLE;2;15.8;0
Vervins;49.83;3.91;28/09/2026;19:00;19.9;7;PLUIE FAIBLE;2;14.4;0
Vervins;49.83;3.91;28/09/2026;20:00;18.3;7;PLUIE FAIBLE;5;13.3;0
Vervins;49.83;3.91;28/09/2026;21:00;17.2;7;PLUIE FAIBLE;5;12.6;0
Vervins;49.83;3.91;28/09/2026;22:00;16.1;7;PLUIE FAIBLE;5;12.2;0
Vervins;49.83;3.91;28/09/2026;23:00;16.9;2;NUAGEUX;4;14.0;0
Avesnes-sur-Helpe;50.12;3.93;24/09/2026;00:00;14.1;0;SOLEIL;4;18.7;0
Avesnes-sur-Helpe;50.12;3.93;24/09/2026;01:00;14.4;0;SOLEIL;4;13.7;0
Avesnes-sur-Helpe;50.12;3.93;24/09/2026;02:00;13.7;0;SOLEIL;4;15.8;0
Avesnes-sur-Helpe;50.12;3.93;24/09/2026;03:00;13.5;3;TRÈS NUAGEUX;4;22.3;0
Avesnes-sur-Helpe;50.12;3.93;24/09/2026;04:00;13.4;3;TRÈS NUAGEUX;3;22.0;0
Avesnes-sur-Helpe;50.12;3.93;24/09/2026;05:00;13.5;3;TRÈS NUAGEUX;3;21.2;0
Avesnes-sur-Helpe;50.12;3.93;24/09/2026;06:00;13.5;3;TRÈS NUAGEUX;3;22.0;0
Avesnes-sur-Helpe;50.12;3.93;24/09/2026;07:00;13.6;3;TRÈS NUAGEUX;2;21.2;0
Avesnes-sur-Helpe;50.12;3.93;24/09/2026;08:00;14.9;3;TRÈS NUAGEUX;3;18.4;0
Avesnes-sur-Helpe;50.12;3.93;24/09/2026;09:00;16.1;0;SOLEIL;3;14.0;0
Avesnes-sur-Helpe;50.12;3.93;24/09/2026;10:00;17.4;0;SOLEIL;3;6.8;0
Avesnes-sur-Helpe;50.12;3.93;24/09/2026;11:00;18.6;0;SOLEIL;2;11.5;0
Avesnes-sur-Helpe;50.12;3.93;24/09/2026;12:00;20;0;SOLEIL;2;14.0;0
Avesnes-sur-Helpe;50.12;3.93;24/09/2026;13:00;20.7;0;SOLEIL;2;18.4;0
Avesnes-sur-Helpe;50.12;3.93;24/09/2026;14:00;21.1;0;SOLEIL;2;19.8;0
Avesnes-sur-Helpe;50.12;3.93;24/09/2026;15:00;21.2;0;SOLEIL;3;22.3;0
Avesnes-sur-Helpe;50.12;3.93;24/09/2026;16:00;21.2;0;SOLEIL;3;22.3;0
Avesnes-sur-Helpe;50.12;3.93;24/09/2026;17:00;20.2;0;SOLEIL;3;22.7;0
Avesnes-sur-Helpe;50.12;3.93;24/09/2026;18:00;17.6;0;SOLEIL;3;22.7;0
Avesnes-sur-Helpe;50.12;3.93;24/09/2026;19:00;16.7;0;SOLEIL;3;21.6;0
Avesnes-sur-Helpe;50.12;3.93;24/09/2026;20:00;15.5;0;SOLEIL;3;17.6;0
Avesnes-sur-Helpe;50.12;3.93;24/09/2026;21:00;14.7;0;SOLEIL;3;12.2;0
Avesnes-sur-Helpe;50.12;3.93;24/09/2026;22:00;14;0;SOLEIL;3;12.2;0
Avesnes-sur-Helpe;50.12;3.93;24/09/2026;23:00;13.4;0;SOLEIL;3;12.2;0
Avesnes-sur-Helpe;50.12;3.93;25/09/2026;00:00;13.6;0;SOLEIL;3;14.0;0
Avesnes-sur-Helpe;50.12;3.93;25/09/2026;01:00;13.6;0;SOLEIL;3;16.6;0
Avesnes-sur-Helpe;50.12;3.93;25/09/2026;02:00;11.6;0;SOLEIL;3;16.6;0
Avesnes-sur-Helpe;50.12;3.93;25/09/2026;03:00;11.6;0;SOLEIL;3;20.2;0
Avesnes-sur-Helpe;50.12;3.93;25/09/2026;04:00;11.6;0;SOLEIL;3;24.5;0
Avesnes-sur-Helpe;50.12;3.93;25/09/2026;05:00;11.1;0;SOLEIL;4;25.6;0
Avesnes-sur-Helpe;50.12;3.93;25/09/2026;06:00;11.1;0;SOLEIL;4;21.2;0
Avesnes-sur-Helpe;50.12;3.93;25/09/2026;07:00;11.1;0;SOLEIL;4;14.0;0
Avesnes-sur-Helpe;50.12;3.93;25/09/2026;08:00;17.2;0;SOLEIL;4;16.9;0
Avesnes-sur-Helpe;50.12;3.93;25/09/2026;09:00;17.2;0;SOLEIL;4;18.7;0
Avesnes-sur-Helpe;50.12;3.93;25/09/2026;10:00;17.2;0;SOLEIL;4;18.7;0
Avesnes-sur-Helpe;50.12;3.93;25/09/2026;11:00;22.2;0;SOLEIL;3;19.4;0
Avesnes-sur-Helpe;50.12;3.93;25/09/2026;12:00;22.2;0;SOLEIL;3;21.6;0
Avesnes-sur-Helpe;50.12;3.93;25/09/2026;13:00;22.2;0;SOLEIL;3;22.7;0
Avesnes-sur-Helpe;50.12;3.93;25/09/2026;14:00;23.5;0;SOLEIL;2;26.6;0
Avesnes-sur-Helpe;50.12;3.93;25/09/2026;15:00;23.5;0;SOLEIL;2;26.3;0
Avesnes-sur-Helpe;50.12;3.93;25/09/2026;16:00;23.5;0;SOLEIL;2;24.5;0
Avesnes-sur-Helpe;50.12;3.93;25/09/2026;17:00;19.2;0;SOLEIL;2;21.6;0
Avesnes-sur-Helpe;50.12;3.93;25/09/2026;18:00;19.2;0;SOLEIL;2;22.0;0
Avesnes-sur-Helpe;50.12;3.93;25/09/2026;19:00;19.2;0;SOLEIL;2;20.9;0
Avesnes-sur-Helpe;50.12;3.93;25/09/2026;20:00;15.2;0;SOLEIL;3;12.6;0
Avesnes-sur-Helpe;50.12;3.93;25/09/2026;21:00;15.2;0;SOLEIL;3;12.2;0
Avesnes-sur-Helpe;50.12;3.93;25/09/2026;22:00;15.2;0;SOLEIL;3;13.5;0
Avesnes-sur-Helpe;50.12;3.93;25/09/2026;23:00;12.9;0;SOLEIL;3;17.1;0
Avesnes-sur-Helpe;50.12;3.93;26/09/2026;00:00;12.9;0;SOLEIL;3;17.6;0
Avesnes-sur-Helpe;50.12;3.93;26/09/2026;01:00;12.9;0;SOLEIL;3;17.3;0
Avesnes-sur-Helpe;50.12;3.93;26/09/2026;02:00;11.6;0;SOLEIL;3;19.8;0
Avesnes-sur-Helpe;50.12;3.93;26/09/2026;03:00;11.6;0;SOLEIL;3;20.5;0
Avesnes-sur-Helpe;50.12;3.93;26/09/2026;04:00;11.6;0;SOLEIL;3;21.6;0
Avesnes-sur-Helpe;50.12;3.93;26/09/2026;05:00;11.1;0;SOLEIL;4;20.9;0
Avesnes-sur-Helpe;50.12;3.93;26/09/2026;06:00;11.1;0;SOLEIL;4;19.8;0
Avesnes-sur-Helpe;50.12;3.93;26/09/2026;07:00;11.1;0;SOLEIL;4;20.9;0
Avesnes-sur-Helpe;50.12;3.93;26/09/2026;08:00;18.1;0;SOLEIL;3;20.2;0
Avesnes-sur-Helpe;50.12;3.93;26/09/2026;09:00;18.1;0;SOLEIL;3;19.8;0
Avesnes-sur-Helpe;50.12;3.93;26/09/2026;10:00;18.1;0;SOLEIL;3;20.5;0
Avesnes-sur-Helpe;50.12;3.93;26/09/2026;11:00;23.5;0;SOLEIL;3;18.4;0
Avesnes-sur-Helpe;50.12;3.93;26/09/2026;12:00;23.5;0;SOLEIL;3;18.0;0
Avesnes-sur-Helpe;50.12;3.93;26/09/2026;13:00;23.5;0;SOLEIL;3;19.8;0
Avesnes-sur-Helpe;50.12;3.93;26/09/2026;14:00;24.6;0;SOLEIL;3;23.8;0
Avesnes-sur-Helpe;50.12;3.93;26/09/2026;15:00;24.6;0;SOLEIL;3;25.2;0
Avesnes-sur-Helpe;50.12;3.93;26/09/2026;16:00;24.6;0;SOLEIL;3;25.2;0
Avesnes-sur-Helpe;50.12;3.93;26/09/2026;17:00;19.9;0;SOLEIL;2;23.8;0
Avesnes-sur-Helpe;50.12;3.93;26/09/2026;18:00;19.9;0;SOLEIL;2;21.6;0
Avesnes-sur-Helpe;50.12;3.93;26/09/2026;19:00;19.9;0;SOLEIL;2;20.2;0
Avesnes-sur-Helpe;50.12;3.93;26/09/2026;20:00;16.9;0;SOLEIL;5;20.9;0
Avesnes-sur-Helpe;50.12;3.93;26/09/2026;21:00;15.3;0;SOLEIL;5;29.5;0
Avesnes-sur-Helpe;50.12;3.93;26/09/2026;22:00;13.7;0;SOLEIL;5;24.8;0
Avesnes-sur-Helpe;50.12;3.93;26/09/2026;23:00;13.9;0;SOLEIL;2;24.8;0
Avesnes-sur-Helpe;50.12;3.93;27/09/2026;00:00;13.9;0;SOLEIL;2;20.2;0
Avesnes-sur-Helpe;50.12;3.93;27/09/2026;01:00;13.9;0;SOLEIL;2;19.4;0
Avesnes-sur-Helpe;50.12;3.93;27/09/2026;02:00;12;2;NUAGEUX;5;18.7;0
Avesnes-sur-Helpe;50.12;3.93;27/09/2026;03:00;12;2;NUAGEUX;5;18.0;0
Avesnes-sur-Helpe;50.12;3.93;27/09/2026;04:00;12;2;NUAGEUX;5;17.6;0
Avesnes-sur-Helpe;50.12;3.93;27/09/2026;05:00;12.9;2;NUAGEUX;2;17.3;0
Avesnes-sur-Helpe;50.12;3.93;27/09/2026;06:00;12.9;2;NUAGEUX;2;15.8;0
Avesnes-sur-Helpe;50.12;3.93;27/09/2026;07:00;12.9;2;NUAGEUX;2;14.0;0
Avesnes-sur-Helpe;50.12;3.93;27/09/2026;08:00;14.7;2;NUAGEUX;5;13.7;0
Avesnes-sur-Helpe;50.12;3.93;27/09/2026;09:00;16.0;2;NUAGEUX;5;15.8;0
Avesnes-sur-Helpe;50.12;3.93;27/09/2026;10:00;17.3;2;NUAGEUX;5;19.4;0
Avesnes-sur-Helpe;50.12;3.93;27/09/2026;11:00;22;2;NUAGEUX;3;23.0;0
Avesnes-sur-Helpe;50.12;3.93;27/09/2026;12:00;22;2;NUAGEUX;3;26.3;0
Avesnes-sur-Helpe;50.12;3.93;27/09/2026;13:00;22;2;NUAGEUX;3;29.2;0
Avesnes-sur-Helpe;50.12;3.93;27/09/2026;14:00;22.7;2;NUAGEUX;5;31.3;0
Avesnes-sur-Helpe;50.12;3.93;27/09/2026;15:00;24.0;2;NUAGEUX;5;32.4;0
Avesnes-sur-Helpe;50.12;3.93;27/09/2026;16:00;22.7;2;NUAGEUX;5;32.4;0
Avesnes-sur-Helpe;50.12;3.93;27/09/2026;17:00;19.4;2;NUAGEUX;2;31.3;0
Avesnes-sur-Helpe;50.12;3.93;27/09/2026;18:00;19.4;2;NUAGEUX;2;28.8;0
Avesnes-sur-Helpe;50.12;3.93;27/09/2026;19:00;19.4;2;NUAGEUX;2;24.8;0
Avesnes-sur-Helpe;50.12;3.93;27/09/2026;20:00;17.3;2;NUAGEUX;5;20.2;0
Avesnes-sur-Helpe;50.12;3.93;27/09/2026;21:00;16.0;2;NUAGEUX;5;14.0;0
Avesnes-sur-Helpe;50.12;3.93;27/09/2026;22:00;14.7;2;NUAGEUX;5;6.8;0
Avesnes-sur-Helpe;50.12;3.93;27/09/2026;23:00;15.9;2;NUAGEUX;2;2.9;0
Avesnes-sur-Helpe;50.12;3.93;28/09/2026;00:00;15.9;2;NUAGEUX;2;4.0;0
Avesnes-sur-Helpe;50.12;3.93;28/09/2026;01:00;15.9;2;NUAGEUX;2;7.9;0
Avesnes-sur-Helpe;50.12;3.93;28/09/2026;02:00;14.1;7;PLUIE FAIBLE;5;11.2;0
Avesnes-sur-Helpe;50.12;3.93;28/09/2026;03:00;14.1;7;PLUIE FAIBLE;5;11.9;0
Avesnes-sur-Helpe;50.12;3.93;28/09/2026;04:00;14.1;7;PLUIE FAIBLE;5;11.9;0
Avesnes-sur-Helpe;50.12;3.93;28/09/2026;05:00;14.6;2;NUAGEUX;2;11.2;0
Avesnes-sur-Helpe;50.12;3.93;28/09/2026;06:00;14.6;2;NUAGEUX;2;9.4;0
Avesnes-sur-Helpe;50.12;3.93;28/09/2026;07:00;14.6;2;NUAGEUX;2;6.8;0
Avesnes-sur-Helpe;50.12;3.93;28/09/2026;08:00;15.9;7;PLUIE FAIBLE;5;5.8;0
Avesnes-sur-Helpe;50.12;3.93;28/09/2026;09:00;16.8;7;PLUIE FAIBLE;5;7.2;0
Avesnes-sur-Helpe;50.12;3.93;28/09/2026;10:00;17.7;7;PLUIE FAIBLE;5;9.7;0
Avesnes-sur-Helpe;50.12;3.93;28/09/2026;11:00;20.4;7;PLUIE FAIBLE;3;12.6;0
Avesnes-sur-Helpe;50.12;3.93;28/09/2026;12:00;20.4;7;PLUIE FAIBLE;3;15.1;0
Avesnes-sur-Helpe;50.12;3.93;28/09/2026;13:00;20.4;7;PLUIE FAIBLE;3;17.6;0
Avesnes-sur-Helpe;50.12;3.93;28/09/2026;14:00;21.2;7;PLUIE FAIBLE;5;19.4;0
Avesnes-sur-Helpe;50.12;3.93;28/09/2026;15:00;22.1;7;PLUIE FAIBLE;5;20.5;0
Avesnes-sur-Helpe;50.12;3.93;28/09/2026;16:00;21.2;7;PLUIE FAIBLE;5;20.5;0
Avesnes-sur-Helpe;50.12;3.93;28/09/2026;17:00;18.6;7;PLUIE FAIBLE;3;19.8;0
Avesnes-sur-Helpe;50.12;3.93;28/09/2026;18:00;18.6;7;PLUIE FAIBLE;3;17.3;0
Avesnes-sur-Helpe;50.12;3.93;28/09/2026;19:00;18.6;7;PLUIE FAIBLE;3;13.7;0
Avesnes-sur-Helpe;50.12;3.93;28/09/2026;20:00;17.7;7;PLUIE FAIBLE;5;11.2;0
Avesnes-sur-Helpe;50.12;3.93;28/09/2026;21:00;16.8;7;PLUIE FAIBLE;5;10.4;0
Avesnes-sur-Helpe;50.12;3.93;28/09/2026;22:00;15.9;7;PLUIE FAIBLE;5;10.8;0
Avesnes-sur-Helpe;50.12;3.93;28/09/2026;23:00;17.2;2;NUAGEUX;4;13.0;0
Cambrai;50.17;3.23;24/09/2026;00:00;13.7;2;NUAGEUX;2;7.6;0
Cambrai;50.17;3.23;24/09/2026;01:00;13.6;2;NUAGEUX;3;5.4;0
Cambrai;50.17;3.23;24/09/2026;02:00;13.1;0;SOLEIL;3;14.0;0
Cambrai;50.17;3.23;24/09/2026;03:00;12.9;0;SOLEIL;3;13.7;0
Cambrai;50.17;3.23;24/09/2026;04:00;12.6;0;SOLEIL;2;12.2;0
Cambrai;50.17;3.23;24/09/2026;05:00;12.5;3;TRÈS NUAGEUX;2;17.3;0
Cambrai;50.17;3.23;24/09/2026;06:00;12.4;3;TRÈS NUAGEUX;2;17.6;0
Cambrai;50.17;3.23;24/09/2026;07:00;13.9;0;SOLEIL;2;12.2;0
Cambrai;50.17;3.23;24/09/2026;08:00;15.5;0;SOLEIL;2;8.6;0
Cambrai;50.17;3.23;24/09/2026;09:00;16.6;0;SOLEIL;2;7.6;0
Cambrai;50.17;3.23;24/09/2026;10:00;17.9;0;SOLEIL;2;11.9;0
Cambrai;50.17;3.23;24/09/2026;11:00;19.1;0;SOLEIL;2;15.1;0
Cambrai;50.17;3.23;24/09/2026;12:00;20.6;0;SOLEIL;2;15.1;0
Cambrai;50.17;3.23;24/09/2026;13:00;21.2;0;SOLEIL;2;16.2;0
Cambrai;50.17;3.23;24/09/2026;14:00;21.7;0;SOLEIL;3;15.8;0
Cambrai;50.17;3.23;24/09/2026;15:00;21.6;0;SOLEIL;3;14.8;0
Cambrai;50.17;3.23;24/09/2026;16:00;20.6;0;SOLEIL;3;12.6;0
Cambrai;50.17;3.23;24/09/2026;17:00;19.5;0;SOLEIL;3;11.5;0
Cambrai;50.17;3.23;24/09/2026;18:00;16.4;0;SOLEIL;2;9.7;0
Cambrai;50.17;3.23;24/09/2026;19:00;15;0;SOLEIL;2;11.9;0
Cambrai;50.17;3.23;24/09/2026;20:00;13.9;0;SOLEIL;2;12.2;0
Cambrai;50.17;3.23;24/09/2026;21:00;13.1;0;SOLEIL;2;10.8;0
Cambrai;50.17;3.23;24/09/2026;22:00;12.1;0;SOLEIL;2;10.1;0
Cambrai;50.17;3.23;24/09/2026;23:00;11.5;0;SOLEIL;2;7.2;0
Cambrai;50.17;3.23;25/09/2026;00:00;10.7;0;SOLEIL;2;6.5;0
Cambrai;50.17;3.23;25/09/2026;01:00;10.7;0;SOLEIL;2;8.3;0
Cambrai;50.17;3.23;25/09/2026;02:00;9.6;0;SOLEIL;3;10.1;0
Cambrai;50.17;3.23;25/09/2026;03:00;9.6;0;SOLEIL;3;10.8;0
Cambrai;50.17;3.23;25/09/2026;04:00;9.6;0;SOLEIL;3;13.0;0
Cambrai;50.17;3.23;25/09/2026;05:00;10.6;0;SOLEIL;4;12.6;0
Cambrai;50.17;3.23;25/09/2026;06:00;10.6;0;SOLEIL;4;9.4;0
Cambrai;50.17;3.23;25/09/2026;07:00;10.6;0;SOLEIL;4;10.8;0
Cambrai;50.17;3.23;25/09/2026;08:00;18.6;0;SOLEIL;4;12.6;0
Cambrai;50.17;3.23;25/09/2026;09:00;18.6;0;SOLEIL;4;14.8;0
Cambrai;50.17;3.23;25/09/2026;10:00;18.6;0;SOLEIL;4;17.6;0
Cambrai;50.17;3.23;25/09/2026;11:00;23.9;0;SOLEIL;3;20.5;0
Cambrai;50.17;3.23;25/09/2026;12:00;23.9;0;SOLEIL;3;20.9;0
Cambrai;50.17;3.23;25/09/2026;13:00;23.9;0;SOLEIL;3;20.9;0
Cambrai;50.17;3.23;25/09/2026;14:00;25.7;0;SOLEIL;3;20.5;0
Cambrai;50.17;3.23;25/09/2026;15:00;25.7;0;SOLEIL;3;19.1;0
Cambrai;50.17;3.23;25/09/2026;16:00;25.7;0;SOLEIL;3;19.1;0
Cambrai;50.17;3.23;25/09/2026;17:00;19;0;SOLEIL;2;18.0;0
Cambrai;50.17;3.23;25/09/2026;18:00;19;0;SOLEIL;2;15.5;0
Cambrai;50.17;3.23;25/09/2026;19:00;19;0;SOLEIL;2;10.8;0
Cambrai;50.17;3.23;25/09/2026;20:00;14.6;0;SOLEIL;3;10.4;0
Cambrai;50.17;3.23;25/09/2026;21:00;14.6;0;SOLEIL;3;8.3;0
Cambrai;50.17;3.23;25/09/2026;22:00;14.6;0;SOLEIL;3;10.3;0
Cambrai;50.17;3.23;25/09/2026;23:00;13.9;0;SOLEIL;4;14.4;0
Cambrai;50.17;3.23;26/09/2026;00:00;13.9;0;SOLEIL;4;16.2;0
Cambrai;50.17;3.23;26/09/2026;01:00;13.9;0;SOLEIL;4;18.0;0
Cambrai;50.17;3.23;26/09/2026;02:00;12.5;0;SOLEIL;4;19.8;0
Cambrai;50.17;3.23;26/09/2026;03:00;12.5;0;SOLEIL;4;21.6;0
Cambrai;50.17;3.23;26/09/2026;04:00;12.5;0;SOLEIL;4;22.0;0
Cambrai;50.17;3.23;26/09/2026;05:00;12.1;0;SOLEIL;4;21.6;0
Cambrai;50.17;3.23;26/09/2026;06:00;12.1;0;SOLEIL;4;22.3;0
Cambrai;50.17;3.23;26/09/2026;07:00;12.1;0;SOLEIL;4;22.3;0
Cambrai;50.17;3.23;26/09/2026;08:00;19.4;0;SOLEIL;4;21.6;0
Cambrai;50.17;3.23;26/09/2026;09:00;19.4;0;SOLEIL;4;22.3;0
Cambrai;50.17;3.23;26/09/2026;10:00;19.4;0;SOLEIL;4;21.6;0
Cambrai;50.17;3.23;26/09/2026;11:00;26.1;0;SOLEIL;3;21.6;0
Cambrai;50.17;3.23;26/09/2026;12:00;26.1;0;SOLEIL;3;21.6;0
Cambrai;50.17;3.23;26/09/2026;13:00;26.1;0;SOLEIL;3;20.5;0
Cambrai;50.17;3.23;26/09/2026;14:00;25.6;0;SOLEIL;3;22.3;0
Cambrai;50.17;3.23;26/09/2026;15:00;25.6;0;SOLEIL;3;23.4;0
Cambrai;50.17;3.23;26/09/2026;16:00;25.6;0;SOLEIL;3;23.4;0
Cambrai;50.17;3.23;26/09/2026;17:00;20.2;0;SOLEIL;3;22.7;0
Cambrai;50.17;3.23;26/09/2026;18:00;20.2;0;SOLEIL;3;19.8;0
Cambrai;50.17;3.23;26/09/2026;19:00;20.2;0;SOLEIL;3;25.9;0
Cambrai;50.17;3.23;26/09/2026;20:00;18.5;0;SOLEIL;5;28.8;0
Cambrai;50.17;3.23;26/09/2026;21:00;16.8;0;SOLEIL;5;18.0;0
Cambrai;50.17;3.23;26/09/2026;22:00;15.1;0;SOLEIL;5;18.4;0
Cambrai;50.17;3.23;26/09/2026;23:00;13.6;0;SOLEIL;2;16.6;0
Cambrai;50.17;3.23;27/09/2026;00:00;13.6;0;SOLEIL;2;13.7;0
Cambrai;50.17;3.23;27/09/2026;01:00;13.6;0;SOLEIL;2;10.8;0
Cambrai;50.17;3.23;27/09/2026;02:00;11.7;2;NUAGEUX;5;9.4;0
Cambrai;50.17;3.23;27/09/2026;03:00;11.7;2;NUAGEUX;5;9.7;0
Cambrai;50.17;3.23;27/09/2026;04:00;11.7;2;NUAGEUX;5;11.5;0
Cambrai;50.17;3.23;27/09/2026;05:00;13.1;2;NUAGEUX;3;12.6;0
Cambrai;50.17;3.23;27/09/2026;06:00;13.1;2;NUAGEUX;3;12.6;0
Cambrai;50.17;3.23;27/09/2026;07:00;13.1;2;NUAGEUX;3;12.2;0
Cambrai;50.17;3.23;27/09/2026;08:00;14.6;2;NUAGEUX;5;13.0;0
Cambrai;50.17;3.23;27/09/2026;09:00;16.0;2;NUAGEUX;5;14.8;0
Cambrai;50.17;3.23;27/09/2026;10:00;17.5;2;NUAGEUX;5;17.6;0
Cambrai;50.17;3.23;27/09/2026;11:00;23.5;2;NUAGEUX;4;20.5;0
Cambrai;50.17;3.23;27/09/2026;12:00;23.5;2;NUAGEUX;4;24.1;0
Cambrai;50.17;3.23;27/09/2026;13:00;23.5;2;NUAGEUX;4;28.4;0
Cambrai;50.17;3.23;27/09/2026;14:00;23.3;2;NUAGEUX;5;31.3;0
Cambrai;50.17;3.23;27/09/2026;15:00;24.7;2;NUAGEUX;5;32.4;0
Cambrai;50.17;3.23;27/09/2026;16:00;23.3;2;NUAGEUX;5;32.0;0
Cambrai;50.17;3.23;27/09/2026;17:00;19.5;2;NUAGEUX;3;31.3;0
Cambrai;50.17;3.23;27/09/2026;18:00;19.5;2;NUAGEUX;3;30.2;0
Cambrai;50.17;3.23;27/09/2026;19:00;19.5;2;NUAGEUX;3;28.1;0
Cambrai;50.17;3.23;27/09/2026;20:00;17.5;2;NUAGEUX;5;24.8;0
Cambrai;50.17;3.23;27/09/2026;21:00;16.0;2;NUAGEUX;5;18.7;0
Cambrai;50.17;3.23;27/09/2026;22:00;14.6;2;NUAGEUX;5;11.2;0
Cambrai;50.17;3.23;27/09/2026;23:00;15.6;2;NUAGEUX;3;5.8;0
Cambrai;50.17;3.23;28/09/2026;00:00;15.6;2;NUAGEUX;3;4.3;0
Cambrai;50.17;3.23;28/09/2026;01:00;15.6;2;NUAGEUX;3;5.4;0
Cambrai;50.17;3.23;28/09/2026;02:00;14;2;NUAGEUX;5;6.1;0
Cambrai;50.17;3.23;28/09/2026;03:00;14;2;NUAGEUX;5;6.1;0
Cambrai;50.17;3.23;28/09/2026;04:00;14;2;NUAGEUX;5;5.8;0
Cambrai;50.17;3.23;28/09/2026;05:00;14.6;2;NUAGEUX;3;6.5;0
Cambrai;50.17;3.23;28/09/2026;06:00;14.6;2;NUAGEUX;3;8.3;0
Cambrai;50.17;3.23;28/09/2026;07:00;14.6;2;NUAGEUX;3;11.2;0
Cambrai;50.17;3.23;28/09/2026;08:00;16.0;2;NUAGEUX;5;13.3;0
Cambrai;50.17;3.23;28/09/2026;09:00;17.0;2;NUAGEUX;5;15.1;0
Cambrai;50.17;3.23;28/09/2026;10:00;18.0;2;NUAGEUX;5;16.6;0
Cambrai;50.17;3.23;28/09/2026;11:00;21.4;2;NUAGEUX;3;17.6;0
Cambrai;50.17;3.23;28/09/2026;12:00;21.4;2;NUAGEUX;3;18.7;0
Cambrai;50.17;3.23;28/09/2026;13:00;21.4;2;NUAGEUX;3;19.4;0
Cambrai;50.17;3.23;28/09/2026;14:00;21.9;2;NUAGEUX;5;20.2;0
Cambrai;50.17;3.23;28/09/2026;15:00;22.9;2;NUAGEUX;5;20.5;0
Cambrai;50.17;3.23;28/09/2026;16:00;21.9;2;NUAGEUX;5;20.9;0
Cambrai;50.17;3.23;28/09/2026;17:00;18.7;7;PLUIE FAIBLE;2;20.5;0
Cambrai;50.17;3.23;28/09/2026;18:00;18.7;7;PLUIE FAIBLE;2;19.1;0
Cambrai;50.17;3.23;28/09/2026;19:00;18.7;7;PLUIE FAIBLE;2;17.3;0
Cambrai;50.17;3.23;28/09/2026;20:00;18.0;2;NUAGEUX;5;15.1;0
Cambrai;50.17;3.23;28/09/2026;21:00;17.0;2;NUAGEUX;5;12.6;0
Cambrai;50.17;3.23;28/09/2026;22:00;16.0;2;NUAGEUX;5;10.1;0
Cambrai;50.17;3.23;28/09/2026;23:00;16.7;2;NUAGEUX;5;9.0;0
Dunkerque;51.03;2.37;24/09/2026;00:00;15.5;2;NUAGEUX;3;15.1;0
Dunkerque;51.03;2.37;24/09/2026;01:00;14.9;2;NUAGEUX;3;15.1;0
Dunkerque;51.03;2.37;24/09/2026;02:00;14.9;0;SOLEIL;2;19.1;0
Dunkerque;51.03;2.37;24/09/2026;03:00;14.1;0;SOLEIL;2;18.4;0
Dunkerque;51.03;2.37;24/09/2026;04:00;13.7;0;SOLEIL;2;15.1;0
Dunkerque;51.03;2.37;24/09/2026;05:00;13.9;0;SOLEIL;2;16.2;0
Dunkerque;51.03;2.37;24/09/2026;06:00;14.1;0;SOLEIL;2;13.3;0
Dunkerque;51.03;2.37;24/09/2026;07:00;14.7;0;SOLEIL;2;11.9;0
Dunkerque;51.03;2.37;24/09/2026;08:00;15.9;0;SOLEIL;2;11.5;0
Dunkerque;51.03;2.37;24/09/2026;09:00;16.9;0;SOLEIL;2;11.5;0
Dunkerque;51.03;2.37;24/09/2026;10:00;18.2;0;SOLEIL;2;10.4;0
Dunkerque;51.03;2.37;24/09/2026;11:00;19.2;0;SOLEIL;2;12.2;0
Dunkerque;51.03;2.37;24/09/2026;12:00;20.1;0;SOLEIL;2;15.8;0
Dunkerque;51.03;2.37;24/09/2026;13:00;21.4;0;SOLEIL;2;17.6;0
Dunkerque;51.03;2.37;24/09/2026;14:00;21.6;0;SOLEIL;2;19.4;0
Dunkerque;51.03;2.37;24/09/2026;15:00;21.6;0;SOLEIL;2;19.4;0
Dunkerque;51.03;2.37;24/09/2026;16:00;21.4;0;SOLEIL;2;18.7;0
Dunkerque;51.03;2.37;24/09/2026;17:00;21.4;0;SOLEIL;2;16.6;0
Dunkerque;51.03;2.37;24/09/2026;18:00;19.4;0;SOLEIL;3;15.5;0
Dunkerque;51.03;2.37;24/09/2026;19:00;18.2;0;SOLEIL;2;15.1;0
Dunkerque;51.03;2.37;24/09/2026;20:00;17.1;0;SOLEIL;2;13.7;0
Dunkerque;51.03;2.37;24/09/2026;21:00;16;0;SOLEIL;2;12.6;0
Dunkerque;51.03;2.37;24/09/2026;22:00;15.1;0;SOLEIL;2;14.4;0
Dunkerque;51.03;2.37;24/09/2026;23:00;14.6;0;SOLEIL;3;18.0;0
Dunkerque;51.03;2.37;25/09/2026;00:00;14.1;0;SOLEIL;3;18.0;0
Dunkerque;51.03;2.37;25/09/2026;01:00;14.1;0;SOLEIL;3;15.8;0
Dunkerque;51.03;2.37;25/09/2026;02:00;13;0;SOLEIL;3;17.6;0
Dunkerque;51.03;2.37;25/09/2026;03:00;13;0;SOLEIL;3;24.8;0
Dunkerque;51.03;2.37;25/09/2026;04:00;13;0;SOLEIL;3;26.3;0
Dunkerque;51.03;2.37;25/09/2026;05:00;12.1;0;SOLEIL;4;24.8;0
Dunkerque;51.03;2.37;25/09/2026;06:00;12.1;0;SOLEIL;4;21.6;0
Dunkerque;51.03;2.37;25/09/2026;07:00;12.1;0;SOLEIL;4;23.8;0
Dunkerque;51.03;2.37;25/09/2026;08:00;18.2;0;SOLEIL;3;25.2;0
Dunkerque;51.03;2.37;25/09/2026;09:00;18.2;0;SOLEIL;3;23.8;0
Dunkerque;51.03;2.37;25/09/2026;10:00;18.2;0;SOLEIL;3;24.1;0
Dunkerque;51.03;2.37;25/09/2026;11:00;24;0;SOLEIL;3;25.6;0
Dunkerque;51.03;2.37;25/09/2026;12:00;24;0;SOLEIL;3;25.6;0
Dunkerque;51.03;2.37;25/09/2026;13:00;24;0;SOLEIL;3;25.2;0
Dunkerque;51.03;2.37;25/09/2026;14:00;25.1;0;SOLEIL;2;24.8;0
Dunkerque;51.03;2.37;25/09/2026;15:00;25.1;0;SOLEIL;2;23.4;0
Dunkerque;51.03;2.37;25/09/2026;16:00;25.1;0;SOLEIL;2;22.3;0
Dunkerque;51.03;2.37;25/09/2026;17:00;20.9;0;SOLEIL;2;20.5;0
Dunkerque;51.03;2.37;25/09/2026;18:00;20.9;0;SOLEIL;2;20.2;0
Dunkerque;51.03;2.37;25/09/2026;19:00;20.9;0;SOLEIL;2;19.1;0
Dunkerque;51.03;2.37;25/09/2026;20:00;17.1;0;SOLEIL;3;17.3;0
Dunkerque;51.03;2.37;25/09/2026;21:00;17.1;0;SOLEIL;3;17.6;0
Dunkerque;51.03;2.37;25/09/2026;22:00;17.1;0;SOLEIL;3;18.3;0
Dunkerque;51.03;2.37;25/09/2026;23:00;15.6;0;SOLEIL;3;20.5;0
Dunkerque;51.03;2.37;26/09/2026;00:00;15.6;0;SOLEIL;3;23.2;0
Dunkerque;51.03;2.37;26/09/2026;01:00;15.6;0;SOLEIL;3;25.2;0
Dunkerque;51.03;2.37;26/09/2026;02:00;14.9;0;SOLEIL;3;26.6;0
Dunkerque;51.03;2.37;26/09/2026;03:00;14.9;0;SOLEIL;3;27.0;0
Dunkerque;51.03;2.37;26/09/2026;04:00;14.9;0;SOLEIL;3;26.6;0
Dunkerque;51.03;2.37;26/09/2026;05:00;14.1;0;SOLEIL;3;25.9;0
Dunkerque;51.03;2.37;26/09/2026;06:00;14.1;0;SOLEIL;3;24.1;0
Dunkerque;51.03;2.37;26/09/2026;07:00;14.1;0;SOLEIL;3;22.3;0
Dunkerque;51.03;2.37;26/09/2026;08:00;19.1;0;SOLEIL;3;19.4;0
Dunkerque;51.03;2.37;26/09/2026;09:00;19.1;0;SOLEIL;3;17.3;0
Dunkerque;51.03;2.37;26/09/2026;10:00;19.1;0;SOLEIL;3;16.9;0
Dunkerque;51.03;2.37;26/09/2026;11:00;24.6;5;SOLEIL VOILÉ;2;19.1;0
Dunkerque;51.03;2.37;26/09/2026;12:00;24.6;5;SOLEIL VOILÉ;2;23.8;0
Dunkerque;51.03;2.37;26/09/2026;13:00;24.6;5;SOLEIL VOILÉ;2;25.2;0
Dunkerque;51.03;2.37;26/09/2026;14:00;23.5;5;SOLEIL VOILÉ;4;27.4;0
Dunkerque;51.03;2.37;26/09/2026;15:00;23.5;5;SOLEIL VOILÉ;4;28.1;0
Dunkerque;51.03;2.37;26/09/2026;16:00;23.5;5;SOLEIL VOILÉ;4;27.7;0
Dunkerque;51.03;2.37;26/09/2026;17:00;19.2;5;SOLEIL VOILÉ;3;27.4;0
Dunkerque;51.03;2.37;26/09/2026;18:00;19.2;5;SOLEIL VOILÉ;3;27.4;0
Dunkerque;51.03;2.37;26/09/2026;19:00;19.2;5;SOLEIL VOILÉ;3;27.4;0
Dunkerque;51.03;2.37;26/09/2026;20:00;18.9;2;NUAGEUX;5;26.3;0
Dunkerque;51.03;2.37;26/09/2026;21:00;17.6;2;NUAGEUX;5;26.3;0
Dunkerque;51.03;2.37;26/09/2026;22:00;16.2;2;NUAGEUX;5;19.8;0
Dunkerque;51.03;2.37;26/09/2026;23:00;14.9;0;SOLEIL;2;15.5;0
Dunkerque;51.03;2.37;27/09/2026;00:00;14.9;0;SOLEIL;2;13.7;0
Dunkerque;51.03;2.37;27/09/2026;01:00;14.9;0;SOLEIL;2;11.5;0
Dunkerque;51.03;2.37;27/09/2026;02:00;12.5;2;NUAGEUX;5;9.7;0
Dunkerque;51.03;2.37;27/09/2026;03:00;12.5;2;NUAGEUX;5;9.0;0
Dunkerque;51.03;2.37;27/09/2026;04:00;12.5;2;NUAGEUX;5;9.4;0
Dunkerque;51.03;2.37;27/09/2026;05:00;13.5;2;NUAGEUX;2;9.7;0
Dunkerque;51.03;2.37;27/09/2026;06:00;13.5;2;NUAGEUX;2;10.4;0
Dunkerque;51.03;2.37;27/09/2026;07:00;13.5;2;NUAGEUX;2;11.9;0
Dunkerque;51.03;2.37;27/09/2026;08:00;15.0;2;NUAGEUX;5;13.3;0
Dunkerque;51.03;2.37;27/09/2026;09:00;16.2;2;NUAGEUX;5;15.5;0
Dunkerque;51.03;2.37;27/09/2026;10:00;17.5;2;NUAGEUX;5;17.6;0
Dunkerque;51.03;2.37;27/09/2026;11:00;22;2;NUAGEUX;3;20.5;0
Dunkerque;51.03;2.37;27/09/2026;12:00;22;2;NUAGEUX;3;24.1;0
Dunkerque;51.03;2.37;27/09/2026;13:00;22;2;NUAGEUX;3;27.7;0
Dunkerque;51.03;2.37;27/09/2026;14:00;22.5;2;NUAGEUX;5;30.6;0
Dunkerque;51.03;2.37;27/09/2026;15:00;23.7;2;NUAGEUX;5;31.7;0
Dunkerque;51.03;2.37;27/09/2026;16:00;22.5;2;NUAGEUX;5;31.7;0
Dunkerque;51.03;2.37;27/09/2026;17:00;20.1;2;NUAGEUX;2;31.3;0
Dunkerque;51.03;2.37;27/09/2026;18:00;20.1;2;NUAGEUX;2;31.0;0
Dunkerque;51.03;2.37;27/09/2026;19:00;20.1;2;NUAGEUX;2;29.9;0
Dunkerque;51.03;2.37;27/09/2026;20:00;17.5;2;NUAGEUX;5;27.0;0
Dunkerque;51.03;2.37;27/09/2026;21:00;16.2;2;NUAGEUX;5;20.9;0
Dunkerque;51.03;2.37;27/09/2026;22:00;15.0;2;NUAGEUX;5;13.0;0
Dunkerque;51.03;2.37;27/09/2026;23:00;16.5;2;NUAGEUX;2;7.2;0
Dunkerque;51.03;2.37;28/09/2026;00:00;16.5;2;NUAGEUX;2;5.8;0
Dunkerque;51.03;2.37;28/09/2026;01:00;16.5;2;NUAGEUX;2;6.1;0
Dunkerque;51.03;2.37;28/09/2026;02:00;14.2;7;PLUIE FAIBLE;5;6.8;0
Dunkerque;51.03;2.37;28/09/2026;03:00;14.2;7;PLUIE FAIBLE;5;6.8;0
Dunkerque;51.03;2.37;28/09/2026;04:00;14.2;7;PLUIE FAIBLE;5;7.2;0
Dunkerque;51.03;2.37;28/09/2026;05:00;15;2;NUAGEUX;2;7.2;0
Dunkerque;51.03;2.37;28/09/2026;06:00;15;2;NUAGEUX;2;6.5;0
Dunkerque;51.03;2.37;28/09/2026;07:00;15;2;NUAGEUX;2;5.8;0
Dunkerque;51.03;2.37;28/09/2026;08:00;16.0;7;PLUIE FAIBLE;5;6.1;0
Dunkerque;51.03;2.37;28/09/2026;09:00;16.9;7;PLUIE FAIBLE;5;9.4;0
Dunkerque;51.03;2.37;28/09/2026;10:00;17.8;7;PLUIE FAIBLE;5;14.0;0
Dunkerque;51.03;2.37;28/09/2026;11:00;20.7;7;PLUIE FAIBLE;3;17.6;0
Dunkerque;51.03;2.37;28/09/2026;12:00;20.7;7;PLUIE FAIBLE;3;19.1;0
Dunkerque;51.03;2.37;28/09/2026;13:00;20.7;7;PLUIE FAIBLE;3;19.8;0
Dunkerque;51.03;2.37;28/09/2026;14:00;21.3;7;PLUIE FAIBLE;5;20.5;0
Dunkerque;51.03;2.37;28/09/2026;15:00;22.2;7;PLUIE FAIBLE;5;22.0;0
Dunkerque;51.03;2.37;28/09/2026;16:00;21.3;7;PLUIE FAIBLE;5;23.8;0
Dunkerque;51.03;2.37;28/09/2026;17:00;19.9;7;PLUIE FAIBLE;2;24.8;0
Dunkerque;51.03;2.37;28/09/2026;18:00;19.9;7;PLUIE FAIBLE;2;24.5;0
Dunkerque;51.03;2.37;28/09/2026;19:00;19.9;7;PLUIE FAIBLE;2;23.4;0
Dunkerque;51.03;2.37;28/09/2026;20:00;17.8;7;PLUIE FAIBLE;5;21.6;0
Dunkerque;51.03;2.37;28/09/2026;21:00;16.9;7;PLUIE FAIBLE;5;18.0;0
Dunkerque;51.03;2.37;28/09/2026;22:00;16.0;7;PLUIE FAIBLE;5;13.3;0
Dunkerque;51.03;2.37;28/09/2026;23:00;17.1;2;NUAGEUX;4;10.8;0
Hazebrouck;50.72;2.53;24/09/2026;00:00;17.2;2;NUAGEUX;5;34.2;0
Hazebrouck;50.72;2.53;24/09/2026;01:00;17.1;2;NUAGEUX;5;27.0;0
Hazebrouck;50.72;2.53;24/09/2026;02:00;16.7;0;SOLEIL;5;25.6;0
Hazebrouck;50.72;2.53;24/09/2026;03:00;16.5;0;SOLEIL;4;23.0;0
Hazebrouck;50.72;2.53;24/09/2026;04:00;16.2;0;SOLEIL;4;23.8;0
Hazebrouck;50.72;2.53;24/09/2026;05:00;16.1;0;SOLEIL;4;23.8;0
Hazebrouck;50.72;2.53;24/09/2026;06:00;15.1;0;SOLEIL;2;18.7;0
Hazebrouck;50.72;2.53;24/09/2026;07:00;15.1;0;SOLEIL;1;16.6;0
Hazebrouck;50.72;2.53;24/09/2026;08:00;16.6;0;SOLEIL;2;14.8;0
Hazebrouck;50.72;2.53;24/09/2026;09:00;17.5;0;SOLEIL;2;10.4;0
Hazebrouck;50.72;2.53;24/09/2026;10:00;18.1;0;SOLEIL;2;11.9;0
Hazebrouck;50.72;2.53;24/09/2026;11:00;19.1;0;SOLEIL;3;14.0;0
Hazebrouck;50.72;2.53;24/09/2026;12:00;19.2;0;SOLEIL;3;13.3;0
Hazebrouck;50.72;2.53;24/09/2026;13:00;19;0;SOLEIL;3;14.8;0
Hazebrouck;50.72;2.53;24/09/2026;14:00;18.9;0;SOLEIL;4;17.3;0
Hazebrouck;50.72;2.53;24/09/2026;15:00;18.9;0;SOLEIL;4;19.1;0
Hazebrouck;50.72;2.53;24/09/2026;16:00;19;0;SOLEIL;4;19.8;0
Hazebrouck;50.72;2.53;24/09/2026;17:00;18.6;0;SOLEIL;4;19.4;0
Hazebrouck;50.72;2.53;24/09/2026;18:00;17.6;0;SOLEIL;4;19.4;0
Hazebrouck;50.72;2.53;24/09/2026;19:00;17.9;0;SOLEIL;4;19.4;0
Hazebrouck;50.72;2.53;24/09/2026;20:00;16.9;0;SOLEIL;4;19.4;0
Hazebrouck;50.72;2.53;24/09/2026;21:00;16.1;0;SOLEIL;3;18.7;0
Hazebrouck;50.72;2.53;24/09/2026;22:00;15.5;0;SOLEIL;4;24.5;0
Hazebrouck;50.72;2.53;24/09/2026;23:00;15.1;0;SOLEIL;4;24.8;0
Hazebrouck;50.72;2.53;25/09/2026;00:00;14.5;0;SOLEIL;4;22.3;0
Hazebrouck;50.72;2.53;25/09/2026;01:00;14.5;0;SOLEIL;4;20.9;0
Hazebrouck;50.72;2.53;25/09/2026;02:00;12.9;0;SOLEIL;4;20.5;0
Hazebrouck;50.72;2.53;25/09/2026;03:00;12.9;0;SOLEIL;4;20.2;0
Hazebrouck;50.72;2.53;25/09/2026;04:00;12.9;0;SOLEIL;4;18.0;0
Hazebrouck;50.72;2.53;25/09/2026;05:00;13.1;0;SOLEIL;3;16.9;0
Hazebrouck;50.72;2.53;25/09/2026;06:00;13.1;0;SOLEIL;3;17.3;0
Hazebrouck;50.72;2.53;25/09/2026;07:00;13.1;0;SOLEIL;3;15.5;0
Hazebrouck;50.72;2.53;25/09/2026;08:00;18.1;0;SOLEIL;3;15.1;0
Hazebrouck;50.72;2.53;25/09/2026;09:00;18.1;0;SOLEIL;3;17.6;0
Hazebrouck;50.72;2.53;25/09/2026;10:00;18.1;0;SOLEIL;3;19.4;0
Hazebrouck;50.72;2.53;25/09/2026;11:00;22.7;0;SOLEIL;3;22.0;0
Hazebrouck;50.72;2.53;25/09/2026;12:00;22.7;0;SOLEIL;3;23.0;0
Hazebrouck;50.72;2.53;25/09/2026;13:00;22.7;0;SOLEIL;3;24.5;0
Hazebrouck;50.72;2.53;25/09/2026;14:00;23.1;0;SOLEIL;3;23.8;0
Hazebrouck;50.72;2.53;25/09/2026;15:00;23.1;0;SOLEIL;3;23.0;0
Hazebrouck;50.72;2.53;25/09/2026;16:00;23.1;0;SOLEIL;3;22.0;0
Hazebrouck;50.72;2.53;25/09/2026;17:00;20.2;0;SOLEIL;2;21.6;0
Hazebrouck;50.72;2.53;25/09/2026;18:00;20.2;0;SOLEIL;2;20.5;0
Hazebrouck;50.72;2.53;25/09/2026;19:00;20.2;0;SOLEIL;2;16.2;0
Hazebrouck;50.72;2.53;25/09/2026;20:00;19;0;SOLEIL;3;15.1;0
Hazebrouck;50.72;2.53;25/09/2026;21:00;19;0;SOLEIL;3;18.4;0
Hazebrouck;50.72;2.53;25/09/2026;22:00;19;0;SOLEIL;3;20.6;0
Hazebrouck;50.72;2.53;25/09/2026;23:00;17.5;0;SOLEIL;4;21.2;0
Hazebrouck;50.72;2.53;26/09/2026;00:00;17.5;0;SOLEIL;4;23.8;0
Hazebrouck;50.72;2.53;26/09/2026;01:00;17.5;0;SOLEIL;4;25.6;0
Hazebrouck;50.72;2.53;26/09/2026;02:00;16.6;0;SOLEIL;3;25.6;0
Hazebrouck;50.72;2.53;26/09/2026;03:00;16.6;0;SOLEIL;3;24.5;0
Hazebrouck;50.72;2.53;26/09/2026;04:00;16.6;0;SOLEIL;3;22.0;0
Hazebrouck;50.72;2.53;26/09/2026;05:00;15.6;5;SOLEIL VOILÉ;3;20.5;0
Hazebrouck;50.72;2.53;26/09/2026;06:00;15.6;5;SOLEIL VOILÉ;3;18.0;0
Hazebrouck;50.72;2.53;26/09/2026;07:00;15.6;5;SOLEIL VOILÉ;3;18.0;0
Hazebrouck;50.72;2.53;26/09/2026;08:00;18.4;5;SOLEIL VOILÉ;6;23.8;0
Hazebrouck;50.72;2.53;26/09/2026;09:00;18.4;5;SOLEIL VOILÉ;6;34.2;0
Hazebrouck;50.72;2.53;26/09/2026;10:00;18.4;5;SOLEIL VOILÉ;6;42.1;0
Hazebrouck;50.72;2.53;26/09/2026;11:00;19.1;5;SOLEIL VOILÉ;6;41.8;0
Hazebrouck;50.72;2.53;26/09/2026;12:00;19.1;5;SOLEIL VOILÉ;6;42.5;0
Hazebrouck;50.72;2.53;26/09/2026;13:00;19.1;5;SOLEIL VOILÉ;6;43.9;0
Hazebrouck;50.72;2.53;26/09/2026;14:00;19.4;5;SOLEIL VOILÉ;5;45.4;0
Hazebrouck;50.72;2.53;26/09/2026;15:00;19.4;5;SOLEIL VOILÉ;5;44.3;0
Hazebrouck;50.72;2.53;26/09/2026;16:00;19.4;5;SOLEIL VOILÉ;5;40.3;0
Hazebrouck;50.72;2.53;26/09/2026;17:00;17.9;5;SOLEIL VOILÉ;4;38.2;0
Hazebrouck;50.72;2.53;26/09/2026;18:00;17.9;5;SOLEIL VOILÉ;4;35.6;0
Hazebrouck;50.72;2.53;26/09/2026;19:00;17.9;5;SOLEIL VOILÉ;4;33.5;0
Hazebrouck;50.72;2.53;26/09/2026;20:00;17.3;5;SOLEIL VOILÉ;5;30.2;0
Hazebrouck;50.72;2.53;26/09/2026;21:00;16.8;5;SOLEIL VOILÉ;5;22.0;0
Hazebrouck;50.72;2.53;26/09/2026;22:00;16.2;5;SOLEIL VOILÉ;5;18.0;0
Hazebrouck;50.72;2.53;26/09/2026;23:00;16.4;0;SOLEIL;2;13.3;0
Hazebrouck;50.72;2.53;27/09/2026;00:00;16.4;0;SOLEIL;2;10.4;0
Hazebrouck;50.72;2.53;27/09/2026;01:00;16.4;0;SOLEIL;2;9.7;0
Hazebrouck;50.72;2.53;27/09/2026;02:00;13.1;2;NUAGEUX;5;9.0;0
Hazebrouck;50.72;2.53;27/09/2026;03:00;13.1;2;NUAGEUX;5;8.6;0
Hazebrouck;50.72;2.53;27/09/2026;04:00;13.1;2;NUAGEUX;5;8.6;0
Hazebrouck;50.72;2.53;27/09/2026;05:00;13.6;6;AVERSES;2;9.0;0
Hazebrouck;50.72;2.53;27/09/2026;06:00;13.6;6;AVERSES;2;9.4;0
Hazebrouck;50.72;2.53;27/09/2026;07:00;13.6;6;AVERSES;2;9.7;0
Hazebrouck;50.72;2.53;27/09/2026;08:00;14.9;2;NUAGEUX;5;11.2;0
Hazebrouck;50.72;2.53;27/09/2026;09:00;15.8;2;NUAGEUX;5;14.0;0
Hazebrouck;50.72;2.53;27/09/2026;10:00;16.7;2;NUAGEUX;5;18.0;0
Hazebrouck;50.72;2.53;27/09/2026;11:00;19.7;7;PLUIE FAIBLE;4;21.6;0
Hazebrouck;50.72;2.53;27/09/2026;12:00;19.7;7;PLUIE FAIBLE;4;25.2;0
Hazebrouck;50.72;2.53;27/09/2026;13:00;19.7;7;PLUIE FAIBLE;4;28.4;0
Hazebrouck;50.72;2.53;27/09/2026;14:00;20.2;2;NUAGEUX;5;31.3;0
Hazebrouck;50.72;2.53;27/09/2026;15:00;21.1;2;NUAGEUX;5;33.1;0
Hazebrouck;50.72;2.53;27/09/2026;16:00;20.2;2;NUAGEUX;5;34.2;0
Hazebrouck;50.72;2.53;27/09/2026;17:00;18.2;2;NUAGEUX;3;34.2;0
Hazebrouck;50.72;2.53;27/09/2026;18:00;18.2;2;NUAGEUX;3;33.8;0
Hazebrouck;50.72;2.53;27/09/2026;19:00;18.2;2;NUAGEUX;3;32.4;0
Hazebrouck;50.72;2.53;27/09/2026;20:00;16.7;2;NUAGEUX;5;29.2;0
Hazebrouck;50.72;2.53;27/09/2026;21:00;15.8;2;NUAGEUX;5;22.3;0
Hazebrouck;50.72;2.53;27/09/2026;22:00;14.9;2;NUAGEUX;5;13.3;0
Hazebrouck;50.72;2.53;27/09/2026;23:00;16.4;2;NUAGEUX;3;7.6;0
Hazebrouck;50.72;2.53;28/09/2026;00:00;16.4;2;NUAGEUX;3;7.6;0
Hazebrouck;50.72;2.53;28/09/2026;01:00;16.4;2;NUAGEUX;3;10.8;0
Hazebrouck;50.72;2.53;28/09/2026;02:00;14.6;7;PLUIE FAIBLE;5;13.3;0
Hazebrouck;50.72;2.53;28/09/2026;03:00;14.6;7;PLUIE FAIBLE;5;13.7;0
Hazebrouck;50.72;2.53;28/09/2026;04:00;14.6;7;PLUIE FAIBLE;5;13.7;0
Hazebrouck;50.72;2.53;28/09/2026;05:00;15.2;2;NUAGEUX;2;13.7;0
Hazebrouck;50.72;2.53;28/09/2026;06:00;15.2;2;NUAGEUX;2;14.8;0
Hazebrouck;50.72;2.53;28/09/2026;07:00;15.2;2;NUAGEUX;2;15.8;0
Hazebrouck;50.72;2.53;28/09/2026;08:00;15.9;7;PLUIE FAIBLE;5;16.9;0
Hazebrouck;50.72;2.53;28/09/2026;09:00;16.6;7;PLUIE FAIBLE;5;17.6;0
Hazebrouck;50.72;2.53;28/09/2026;10:00;17.3;7;PLUIE FAIBLE;5;18.0;0
Hazebrouck;50.72;2.53;28/09/2026;11:00;19.6;7;PLUIE FAIBLE;3;18.7;0
Hazebrouck;50.72;2.53;28/09/2026;12:00;19.6;7;PLUIE FAIBLE;3;20.2;0
Hazebrouck;50.72;2.53;28/09/2026;13:00;19.6;7;PLUIE FAIBLE;3;21.6;0
Hazebrouck;50.72;2.53;28/09/2026;14:00;19.9;7;PLUIE FAIBLE;5;22.7;0
Hazebrouck;50.72;2.53;28/09/2026;15:00;20.6;7;PLUIE FAIBLE;5;22.7;0
Hazebrouck;50.72;2.53;28/09/2026;16:00;19.9;7;PLUIE FAIBLE;5;22.3;0
Hazebrouck;50.72;2.53;28/09/2026;17:00;17.6;7;PLUIE FAIBLE;3;21.6;0
Hazebrouck;50.72;2.53;28/09/2026;18:00;17.6;7;PLUIE FAIBLE;3;20.9;0
Hazebrouck;50.72;2.53;28/09/2026;19:00;17.6;7;PLUIE FAIBLE;3;19.4;0
Hazebrouck;50.72;2.53;28/09/2026;20:00;17.3;7;PLUIE FAIBLE;5;18.4;0
Hazebrouck;50.72;2.53;28/09/2026;21:00;16.6;7;PLUIE FAIBLE;5;16.6;0
Hazebrouck;50.72;2.53;28/09/2026;22:00;15.9;7;PLUIE FAIBLE;5;14.4;0
Hazebrouck;50.72;2.53;28/09/2026;23:00;17;2;NUAGEUX;4;14.0;0
Lille;50.62;3.05;24/09/2026;00:00;16.2;2;NUAGEUX;3;20.9;0
Lille;50.62;3.05;24/09/2026;01:00;14.6;2;NUAGEUX;2;16.9;0
Lille;50.62;3.05;24/09/2026;02:00;13.7;0;SOLEIL;2;12.6;0
Lille;50.62;3.05;24/09/2026;03:00;13.6;0;SOLEIL;2;6.8;0
Lille;50.62;3.05;24/09/2026;04:00;13.6;0;SOLEIL;2;4.0;0
Lille;50.62;3.05;24/09/2026;05:00;12.9;0;SOLEIL;2;3.2;0
Lille;50.62;3.05;24/09/2026;06:00;12.9;0;SOLEIL;1;6.5;0
Lille;50.62;3.05;24/09/2026;07:00;14.1;0;SOLEIL;0;5.4;0
Lille;50.62;3.05;24/09/2026;08:00;16;0;SOLEIL;1;6.1;0
Lille;50.62;3.05;24/09/2026;09:00;17.1;0;SOLEIL;2;2.9;0
Lille;50.62;3.05;24/09/2026;10:00;18.6;0;SOLEIL;2;7.6;0
Lille;50.62;3.05;24/09/2026;11:00;19.9;0;SOLEIL;2;10.4;0
Lille;50.62;3.05;24/09/2026;12:00;20.5;0;SOLEIL;2;10.4;0
Lille;50.62;3.05;24/09/2026;13:00;20.7;0;SOLEIL;2;14.0;0
Lille;50.62;3.05;24/09/2026;14:00;21.4;0;SOLEIL;2;14.8;0
Lille;50.62;3.05;24/09/2026;15:00;20.9;0;SOLEIL;2;14.8;0
Lille;50.62;3.05;24/09/2026;16:00;20.9;0;SOLEIL;2;14.0;0
Lille;50.62;3.05;24/09/2026;17:00;20.2;0;SOLEIL;2;13.3;0
Lille;50.62;3.05;24/09/2026;18:00;18.5;0;SOLEIL;3;12.2;0
Lille;50.62;3.05;24/09/2026;19:00;17.4;0;SOLEIL;2;12.6;0
Lille;50.62;3.05;24/09/2026;20:00;16.1;0;SOLEIL;2;12.2;0
Lille;50.62;3.05;24/09/2026;21:00;14.9;0;SOLEIL;2;12.2;0
Lille;50.62;3.05;24/09/2026;22:00;14.4;0;SOLEIL;2;10.4;0
Lille;50.62;3.05;24/09/2026;23:00;13.6;0;SOLEIL;2;10.8;0
Lille;50.62;3.05;25/09/2026;00:00;12.2;0;SOLEIL;2;13.3;0
Lille;50.62;3.05;25/09/2026;01:00;12.2;0;SOLEIL;2;13.3;0
Lille;50.62;3.05;25/09/2026;02:00;10.5;0;SOLEIL;2;14.4;0
Lille;50.62;3.05;25/09/2026;03:00;10.5;0;SOLEIL;2;14.8;0
Lille;50.62;3.05;25/09/2026;04:00;10.5;0;SOLEIL;2;14.0;0
Lille;50.62;3.05;25/09/2026;05:00;10.2;0;SOLEIL;2;12.6;0
Lille;50.62;3.05;25/09/2026;06:00;10.2;0;SOLEIL;2;11.9;0
Lille;50.62;3.05;25/09/2026;07:00;10.2;0;SOLEIL;2;11.9;0
Lille;50.62;3.05;25/09/2026;08:00;17.9;0;SOLEIL;3;12.2;0
Lille;50.62;3.05;25/09/2026;09:00;17.9;0;SOLEIL;3;13.3;0
Lille;50.62;3.05;25/09/2026;10:00;17.9;0;SOLEIL;3;15.1;0
Lille;50.62;3.05;25/09/2026;11:00;24.1;0;SOLEIL;3;19.4;0
Lille;50.62;3.05;25/09/2026;12:00;24.1;0;SOLEIL;3;22.0;0
Lille;50.62;3.05;25/09/2026;13:00;24.1;0;SOLEIL;3;24.5;0
Lille;50.62;3.05;25/09/2026;14:00;25.4;0;SOLEIL;3;25.6;0
Lille;50.62;3.05;25/09/2026;15:00;25.4;0;SOLEIL;3;24.8;0
Lille;50.62;3.05;25/09/2026;16:00;25.4;0;SOLEIL;3;24.5;0
Lille;50.62;3.05;25/09/2026;17:00;21.5;0;SOLEIL;2;22.7;0
Lille;50.62;3.05;25/09/2026;18:00;21.5;0;SOLEIL;2;20.5;0
Lille;50.62;3.05;25/09/2026;19:00;21.5;0;SOLEIL;2;20.2;0
Lille;50.62;3.05;25/09/2026;20:00;17.1;0;SOLEIL;2;13.3;0
Lille;50.62;3.05;25/09/2026;21:00;17.1;0;SOLEIL;2;10.4;0
Lille;50.62;3.05;25/09/2026;22:00;17.1;0;SOLEIL;2;15.1;0
Lille;50.62;3.05;25/09/2026;23:00;14.4;0;SOLEIL;3;16.0;0
Lille;50.62;3.05;26/09/2026;00:00;14.4;0;SOLEIL;3;16.3;0
Lille;50.62;3.05;26/09/2026;01:00;14.4;0;SOLEIL;3;18.0;0
Lille;50.62;3.05;26/09/2026;02:00;12.6;0;SOLEIL;2;18.0;0
Lille;50.62;3.05;26/09/2026;03:00;12.6;0;SOLEIL;2;15.5;0
Lille;50.62;3.05;26/09/2026;04:00;12.6;0;SOLEIL;2;16.6;0
Lille;50.62;3.05;26/09/2026;05:00;11.9;0;SOLEIL;1;16.9;0
Lille;50.62;3.05;26/09/2026;06:00;11.9;0;SOLEIL;1;14.8;0
Lille;50.62;3.05;26/09/2026;07:00;11.9;0;SOLEIL;1;10.4;0
Lille;50.62;3.05;26/09/2026;08:00;18.9;5;SOLEIL VOILÉ;2;13.7;0
Lille;50.62;3.05;26/09/2026;09:00;18.9;5;SOLEIL VOILÉ;2;17.6;0
Lille;50.62;3.05;26/09/2026;10:00;18.9;5;SOLEIL VOILÉ;2;29.5;0
Lille;50.62;3.05;26/09/2026;11:00;21;5;SOLEIL VOILÉ;4;36.4;0
Lille;50.62;3.05;26/09/2026;12:00;21;5;SOLEIL VOILÉ;4;36.0;0
Lille;50.62;3.05;26/09/2026;13:00;21;5;SOLEIL VOILÉ;4;34.9;0
Lille;50.62;3.05;26/09/2026;14:00;19.2;5;SOLEIL VOILÉ;4;36.4;0
Lille;50.62;3.05;26/09/2026;15:00;19.2;5;SOLEIL VOILÉ;4;38.5;0
Lille;50.62;3.05;26/09/2026;16:00;19.2;5;SOLEIL VOILÉ;4;38.5;0
Lille;50.62;3.05;26/09/2026;17:00;17.4;5;SOLEIL VOILÉ;3;35.6;0
Lille;50.62;3.05;26/09/2026;18:00;17.4;5;SOLEIL VOILÉ;3;31.0;0
Lille;50.62;3.05;26/09/2026;19:00;17.4;5;SOLEIL VOILÉ;3;28.8;0
Lille;50.62;3.05;26/09/2026;20:00;16.0;5;SOLEIL VOILÉ;5;23.0;0
Lille;50.62;3.05;26/09/2026;21:00;14.8;5;SOLEIL VOILÉ;5;17.6;0
Lille;50.62;3.05;26/09/2026;22:00;13.7;5;SOLEIL VOILÉ;5;15.8;0
Lille;50.62;3.05;26/09/2026;23:00;13.6;0;SOLEIL;1;13.3;0
Lille;50.62;3.05;27/09/2026;00:00;13.6;0;SOLEIL;1;9.7;0
Lille;50.62;3.05;27/09/2026;01:00;13.6;0;SOLEIL;1;8.6;0
Lille;50.62;3.05;27/09/2026;02:00;11.7;2;NUAGEUX;5;9.7;0
Lille;50.62;3.05;27/09/2026;03:00;11.7;2;NUAGEUX;5;9.7;0
Lille;50.62;3.05;27/09/2026;04:00;11.7;2;NUAGEUX;5;10.1;0
Lille;50.62;3.05;27/09/2026;05:00;12.6;6;AVERSES;2;10.1;0
Lille;50.62;3.05;27/09/2026;06:00;12.6;6;AVERSES;2;9.4;0
Lille;50.62;3.05;27/09/2026;07:00;12.6;6;AVERSES;2;8.3;0
Lille;50.62;3.05;27/09/2026;08:00;14.1;2;NUAGEUX;5;8.6;0
Lille;50.62;3.05;27/09/2026;09:00;15.3;2;NUAGEUX;5;11.5;0
Lille;50.62;3.05;27/09/2026;10:00;16.5;2;NUAGEUX;5;15.5;0
Lille;50.62;3.05;27/09/2026;11:00;20.7;2;NUAGEUX;3;19.1;0
Lille;50.62;3.05;27/09/2026;12:00;20.7;2;NUAGEUX;3;21.2;0
Lille;50.62;3.05;27/09/2026;13:00;20.7;2;NUAGEUX;3;23.4;0
Lille;50.62;3.05;27/09/2026;14:00;21.4;2;NUAGEUX;5;25.2;0
Lille;50.62;3.05;27/09/2026;15:00;22.6;2;NUAGEUX;5;28.1;0
Lille;50.62;3.05;27/09/2026;16:00;21.4;2;NUAGEUX;5;31.3;0
Lille;50.62;3.05;27/09/2026;17:00;18.1;2;NUAGEUX;2;32.4;0
Lille;50.62;3.05;27/09/2026;18:00;18.1;2;NUAGEUX;2;29.9;0
Lille;50.62;3.05;27/09/2026;19:00;18.1;2;NUAGEUX;2;25.2;0
Lille;50.62;3.05;27/09/2026;20:00;16.5;2;NUAGEUX;5;20.5;0
Lille;50.62;3.05;27/09/2026;21:00;15.3;2;NUAGEUX;5;16.6;0
Lille;50.62;3.05;27/09/2026;22:00;14.1;2;NUAGEUX;5;12.6;0
Lille;50.62;3.05;27/09/2026;23:00;15.5;2;NUAGEUX;3;9.4;0
Lille;50.62;3.05;28/09/2026;00:00;15.5;2;NUAGEUX;3;7.2;0
Lille;50.62;3.05;28/09/2026;01:00;15.5;2;NUAGEUX;3;5.8;0
Lille;50.62;3.05;28/09/2026;02:00;13.1;2;NUAGEUX;5;5.4;0
Lille;50.62;3.05;28/09/2026;03:00;13.1;2;NUAGEUX;5;6.5;0
Lille;50.62;3.05;28/09/2026;04:00;13.1;2;NUAGEUX;5;8.6;0
Lille;50.62;3.05;28/09/2026;05:00;13.6;2;NUAGEUX;2;10.1;0
Lille;50.62;3.05;28/09/2026;06:00;13.6;2;NUAGEUX;2;10.4;0
Lille;50.62;3.05;28/09/2026;07:00;13.6;2;NUAGEUX;2;10.1;0
Lille;50.62;3.05;28/09/2026;08:00;15.1;2;NUAGEUX;5;10.4;0
Lille;50.62;3.05;28/09/2026;09:00;16.1;2;NUAGEUX;5;11.5;0
Lille;50.62;3.05;28/09/2026;10:00;17.1;2;NUAGEUX;5;13.0;0
Lille;50.62;3.05;28/09/2026;11:00;20.6;2;NUAGEUX;3;14.8;0
Lille;50.62;3.05;28/09/2026;12:00;20.6;2;NUAGEUX;3;16.9;0
Lille;50.62;3.05;28/09/2026;13:00;20.6;2;NUAGEUX;3;19.4;0
Lille;50.62;3.05;28/09/2026;14:00;21.1;2;NUAGEUX;5;21.2;0
Lille;50.62;3.05;28/09/2026;15:00;22.1;2;NUAGEUX;5;21.6;0
Lille;50.62;3.05;28/09/2026;16:00;21.1;2;NUAGEUX;5;21.2;0
Lille;50.62;3.05;28/09/2026;17:00;18.4;7;PLUIE FAIBLE;3;20.5;0
Lille;50.62;3.05;28/09/2026;18:00;18.4;7;PLUIE FAIBLE;3;20.2;0
Lille;50.62;3.05;28/09/2026;19:00;18.4;7;PLUIE FAIBLE;3;19.8;0
Lille;50.62;3.05;28/09/2026;20:00;17.1;2;NUAGEUX;5;18.7;0
Lille;50.62;3.05;28/09/2026;21:00;16.1;2;NUAGEUX;5;15.5;0
Lille;50.62;3.05;28/09/2026;22:00;15.1;2;NUAGEUX;5;11.9;0
Lille;50.62;3.05;28/09/2026;23:00;16.1;2;NUAGEUX;3;10.4;0
Valenciennes;50.36;3.52;24/09/2026;00:00;14.9;2;NUAGEUX;3;12.2;0
Valenciennes;50.36;3.52;24/09/2026;01:00;14.6;2;NUAGEUX;3;24.1;0
Valenciennes;50.36;3.52;24/09/2026;02:00;14.2;0;SOLEIL;2;24.1;0
Valenciennes;50.36;3.52;24/09/2026;03:00;13.2;0;SOLEIL;2;18.7;0
Valenciennes;50.36;3.52;24/09/2026;04:00;13.1;0;SOLEIL;2;16.6;0
Valenciennes;50.36;3.52;24/09/2026;05:00;13.6;0;SOLEIL;2;10.8;0
Valenciennes;50.36;3.52;24/09/2026;06:00;13.4;0;SOLEIL;2;5.8;0
Valenciennes;50.36;3.52;24/09/2026;07:00;14.5;0;SOLEIL;1;10.4;0
Valenciennes;50.36;3.52;24/09/2026;08:00;15.7;0;SOLEIL;1;9.4;0
Valenciennes;50.36;3.52;24/09/2026;09:00;17;0;SOLEIL;2;9.7;0
Valenciennes;50.36;3.52;24/09/2026;10:00;17.6;0;SOLEIL;2;10.1;0
Valenciennes;50.36;3.52;24/09/2026;11:00;19;0;SOLEIL;2;12.2;0
Valenciennes;50.36;3.52;24/09/2026;12:00;19.6;0;SOLEIL;1;14.4;0
Valenciennes;50.36;3.52;24/09/2026;13:00;20.2;0;SOLEIL;2;16.6;0
Valenciennes;50.36;3.52;24/09/2026;14:00;21.1;0;SOLEIL;2;17.3;0
Valenciennes;50.36;3.52;24/09/2026;15:00;20.6;0;SOLEIL;2;16.9;0
Valenciennes;50.36;3.52;24/09/2026;16:00;20.2;0;SOLEIL;2;15.8;0
Valenciennes;50.36;3.52;24/09/2026;17:00;19.5;0;SOLEIL;3;15.8;0
Valenciennes;50.36;3.52;24/09/2026;18:00;18;0;SOLEIL;3;14.8;0
Valenciennes;50.36;3.52;24/09/2026;19:00;16.7;0;SOLEIL;2;13.7;0
Valenciennes;50.36;3.52;24/09/2026;20:00;15.1;0;SOLEIL;2;13.0;0
Valenciennes;50.36;3.52;24/09/2026;21:00;14.4;0;SOLEIL;2;14.0;0
Valenciennes;50.36;3.52;24/09/2026;22:00;14;0;SOLEIL;2;16.2;0
Valenciennes;50.36;3.52;24/09/2026;23:00;13.6;0;SOLEIL;2;16.2;0
Valenciennes;50.36;3.52;25/09/2026;00:00;12.4;0;SOLEIL;3;14.8;0
Valenciennes;50.36;3.52;25/09/2026;01:00;12.4;0;SOLEIL;3;13.3;0
Valenciennes;50.36;3.52;25/09/2026;02:00;12.1;0;SOLEIL;2;14.4;0
Valenciennes;50.36;3.52;25/09/2026;03:00;12.1;0;SOLEIL;2;22.0;0
Valenciennes;50.36;3.52;25/09/2026;04:00;12.1;0;SOLEIL;2;22.0;0
Valenciennes;50.36;3.52;25/09/2026;05:00;12.6;0;SOLEIL;2;19.1;0
Valenciennes;50.36;3.52;25/09/2026;06:00;12.6;0;SOLEIL;2;15.1;0
Valenciennes;50.36;3.52;25/09/2026;07:00;12.6;0;SOLEIL;2;16.2;0
Valenciennes;50.36;3.52;25/09/2026;08:00;18.6;0;SOLEIL;2;24.1;0
Valenciennes;50.36;3.52;25/09/2026;09:00;18.6;0;SOLEIL;2;24.1;0
Valenciennes;50.36;3.52;25/09/2026;10:00;18.6;0;SOLEIL;2;23.8;0
Valenciennes;50.36;3.52;25/09/2026;11:00;23.5;0;SOLEIL;2;22.3;0
Valenciennes;50.36;3.52;25/09/2026;12:00;23.5;0;SOLEIL;2;22.7;0
Valenciennes;50.36;3.52;25/09/2026;13:00;23.5;0;SOLEIL;2;23.0;0
Valenciennes;50.36;3.52;25/09/2026;14:00;25.1;0;SOLEIL;2;22.7;0
Valenciennes;50.36;3.52;25/09/2026;15:00;25.1;0;SOLEIL;2;20.9;0
Valenciennes;50.36;3.52;25/09/2026;16:00;25.1;0;SOLEIL;2;20.9;0
Valenciennes;50.36;3.52;25/09/2026;17:00;20.5;0;SOLEIL;2;19.8;0
Valenciennes;50.36;3.52;25/09/2026;18:00;20.5;0;SOLEIL;2;19.1;0
Valenciennes;50.36;3.52;25/09/2026;19:00;20.5;0;SOLEIL;2;16.6;0
Valenciennes;50.36;3.52;25/09/2026;20:00;15.6;0;SOLEIL;2;17.3;0
Valenciennes;50.36;3.52;25/09/2026;21:00;15.6;0;SOLEIL;2;16.6;0
Valenciennes;50.36;3.52;25/09/2026;22:00;15.6;0;SOLEIL;2;16.4;0
Valenciennes;50.36;3.52;25/09/2026;23:00;14.6;0;SOLEIL;3;19.1;0
Valenciennes;50.36;3.52;26/09/2026;00:00;14.6;0;SOLEIL;3;22.1;0
Valenciennes;50.36;3.52;26/09/2026;01:00;14.6;0;SOLEIL;3;24.1;0
Valenciennes;50.36;3.52;26/09/2026;02:00;14.4;0;SOLEIL;3;24.5;0
Valenciennes;50.36;3.52;26/09/2026;03:00;14.4;0;SOLEIL;3;24.5;0
Valenciennes;50.36;3.52;26/09/2026;04:00;14.4;0;SOLEIL;3;24.5;0
Valenciennes;50.36;3.52;26/09/2026;05:00;13.6;0;SOLEIL;2;23.0;0
Valenciennes;50.36;3.52;26/09/2026;06:00;13.6;0;SOLEIL;2;21.2;0
Valenciennes;50.36;3.52;26/09/2026;07:00;13.6;0;SOLEIL;2;20.5;0
Valenciennes;50.36;3.52;26/09/2026;08:00;19.6;0;SOLEIL;2;21.2;0
Valenciennes;50.36;3.52;26/09/2026;09:00;19.6;0;SOLEIL;2;19.8;0
Valenciennes;50.36;3.52;26/09/2026;10:00;19.6;0;SOLEIL;2;19.8;0
Valenciennes;50.36;3.52;26/09/2026;11:00;24.5;5;SOLEIL VOILÉ;1;20.9;0
Valenciennes;50.36;3.52;26/09/2026;12:00;24.5;5;SOLEIL VOILÉ;1;23.4;0
Valenciennes;50.36;3.52;26/09/2026;13:00;24.5;5;SOLEIL VOILÉ;1;25.6;0
Valenciennes;50.36;3.52;26/09/2026;14:00;24.6;5;SOLEIL VOILÉ;3;25.6;0
Valenciennes;50.36;3.52;26/09/2026;15:00;24.6;5;SOLEIL VOILÉ;3;27.4;0
Valenciennes;50.36;3.52;26/09/2026;16:00;24.6;5;SOLEIL VOILÉ;3;29.9;0
Valenciennes;50.36;3.52;26/09/2026;17:00;19.5;5;SOLEIL VOILÉ;3;32.8;0
Valenciennes;50.36;3.52;26/09/2026;18:00;19.5;5;SOLEIL VOILÉ;3;32.0;0
Valenciennes;50.36;3.52;26/09/2026;19:00;19.5;5;SOLEIL VOILÉ;3;29.5;0
Valenciennes;50.36;3.52;26/09/2026;20:00;18.8;2;NUAGEUX;5;30.2;0
Valenciennes;50.36;3.52;26/09/2026;21:00;17.3;2;NUAGEUX;5;25.9;0
Valenciennes;50.36;3.52;26/09/2026;22:00;15.9;2;NUAGEUX;5;19.1;0
Valenciennes;50.36;3.52;26/09/2026;23:00;14.2;0;SOLEIL;2;16.9;0
Valenciennes;50.36;3.52;27/09/2026;00:00;14.2;0;SOLEIL;2;13.0;0
Valenciennes;50.36;3.52;27/09/2026;01:00;14.2;0;SOLEIL;2;9.7;0
Valenciennes;50.36;3.52;27/09/2026;02:00;12.6;2;NUAGEUX;5;8.3;0
Valenciennes;50.36;3.52;27/09/2026;03:00;12.6;2;NUAGEUX;5;7.2;0
Valenciennes;50.36;3.52;27/09/2026;04:00;12.6;2;NUAGEUX;5;6.8;0
Valenciennes;50.36;3.52;27/09/2026;05:00;13.7;6;AVERSES;2;7.6;0
Valenciennes;50.36;3.52;27/09/2026;06:00;13.7;6;AVERSES;2;9.0;0
Valenciennes;50.36;3.52;27/09/2026;07:00;13.7;6;AVERSES;2;11.5;0
Valenciennes;50.36;3.52;27/09/2026;08:00;15.1;2;NUAGEUX;5;13.7;0
Valenciennes;50.36;3.52;27/09/2026;09:00;16.3;2;NUAGEUX;5;14.8;0
Valenciennes;50.36;3.52;27/09/2026;10:00;17.5;2;NUAGEUX;5;15.5;0
Valenciennes;50.36;3.52;27/09/2026;11:00;22;2;NUAGEUX;3;17.6;0
Valenciennes;50.36;3.52;27/09/2026;12:00;22;2;NUAGEUX;3;22.3;0
Valenciennes;50.36;3.52;27/09/2026;13:00;22;2;NUAGEUX;3;28.1;0
Valenciennes;50.36;3.52;27/09/2026;14:00;22.5;2;NUAGEUX;5;32.4;0
Valenciennes;50.36;3.52;27/09/2026;15:00;23.7;2;NUAGEUX;5;34.2;0
Valenciennes;50.36;3.52;27/09/2026;16:00;22.5;2;NUAGEUX;5;34.6;0
Valenciennes;50.36;3.52;27/09/2026;17:00;20.4;2;NUAGEUX;2;33.8;0
Valenciennes;50.36;3.52;27/09/2026;18:00;20.4;2;NUAGEUX;2;32.4;0
Valenciennes;50.36;3.52;27/09/2026;19:00;20.4;2;NUAGEUX;2;29.9;0
Valenciennes;50.36;3.52;27/09/2026;20:00;17.5;2;NUAGEUX;5;26.6;0
Valenciennes;50.36;3.52;27/09/2026;21:00;16.3;2;NUAGEUX;5;22.7;0
Valenciennes;50.36;3.52;27/09/2026;22:00;15.1;2;NUAGEUX;5;18.0;0
Valenciennes;50.36;3.52;27/09/2026;23:00;16.2;2;NUAGEUX;2;14.0;0
Valenciennes;50.36;3.52;28/09/2026;00:00;16.2;2;NUAGEUX;2;11.9;0
Valenciennes;50.36;3.52;28/09/2026;01:00;16.2;2;NUAGEUX;2;10.4;0
Valenciennes;50.36;3.52;28/09/2026;02:00;14.4;7;PLUIE FAIBLE;5;9.0;0
Valenciennes;50.36;3.52;28/09/2026;03:00;14.4;7;PLUIE FAIBLE;5;7.6;0
Valenciennes;50.36;3.52;28/09/2026;04:00;14.4;7;PLUIE FAIBLE;5;6.1;0
Valenciennes;50.36;3.52;28/09/2026;05:00;15.2;2;NUAGEUX;2;5.8;0
Valenciennes;50.36;3.52;28/09/2026;06:00;15.2;2;NUAGEUX;2;6.1;0
Valenciennes;50.36;3.52;28/09/2026;07:00;15.2;2;NUAGEUX;2;7.2;0
Valenciennes;50.36;3.52;28/09/2026;08:00;16.1;7;PLUIE FAIBLE;5;9.0;0
Valenciennes;50.36;3.52;28/09/2026;09:00;17.0;7;PLUIE FAIBLE;5;11.9;0
Valenciennes;50.36;3.52;28/09/2026;10:00;17.9;7;PLUIE FAIBLE;5;15.5;0
Valenciennes;50.36;3.52;28/09/2026;11:00;21;7;PLUIE FAIBLE;3;18.7;0
Valenciennes;50.36;3.52;28/09/2026;12:00;21;7;PLUIE FAIBLE;3;20.9;0
Valenciennes;50.36;3.52;28/09/2026;13:00;21;7;PLUIE FAIBLE;3;22.3;0
Valenciennes;50.36;3.52;28/09/2026;14:00;21.3;7;PLUIE FAIBLE;5;23.4;0
Valenciennes;50.36;3.52;28/09/2026;15:00;22.2;7;PLUIE FAIBLE;5;23.4;0
Valenciennes;50.36;3.52;28/09/2026;16:00;21.3;7;PLUIE FAIBLE;5;22.7;0
Valenciennes;50.36;3.52;28/09/2026;17:00;19.6;7;PLUIE FAIBLE;2;22.0;0
Valenciennes;50.36;3.52;28/09/2026;18:00;19.6;7;PLUIE FAIBLE;2;22.3;0
Valenciennes;50.36;3.52;28/09/2026;19:00;19.6;7;PLUIE FAIBLE;2;22.7;0
Valenciennes;50.36;3.52;28/09/2026;20:00;17.9;7;PLUIE FAIBLE;5;22.0;0
Valenciennes;50.36;3.52;28/09/2026;21:00;17.0;7;PLUIE FAIBLE;5;18.7;0
Valenciennes;50.36;3.52;28/09/2026;22:00;16.1;7;PLUIE FAIBLE;5;14.4;0
Valenciennes;50.36;3.52;28/09/2026;23:00;17.2;2;NUAGEUX;3;12.2;0
Beauvais;49.43;2.08;24/09/2026;00:00;13.6;0;SOLEIL;2;10.4;0
Beauvais;49.43;2.08;24/09/2026;01:00;14.1;0;SOLEIL;1;9.4;0
Beauvais;49.43;2.08;24/09/2026;02:00;13.1;0;SOLEIL;1;6.1;0
Beauvais;49.43;2.08;24/09/2026;03:00;13.6;3;TRÈS NUAGEUX;1;6.8;0
Beauvais;49.43;2.08;24/09/2026;04:00;13.1;3;TRÈS NUAGEUX;1;6.8;0
Beauvais;49.43;2.08;24/09/2026;05:00;13.1;3;TRÈS NUAGEUX;1;5.8;0
Beauvais;49.43;2.08;24/09/2026;06:00;13.1;3;TRÈS NUAGEUX;2;4.3;0
Beauvais;49.43;2.08;24/09/2026;07:00;14.4;3;TRÈS NUAGEUX;2;4.0;0
Beauvais;49.43;2.08;24/09/2026;08:00;15.5;3;TRÈS NUAGEUX;2;4.7;0
Beauvais;49.43;2.08;24/09/2026;09:00;17.4;0;SOLEIL;2;6.1;0
Beauvais;49.43;2.08;24/09/2026;10:00;19.1;0;SOLEIL;2;13.7;0
Beauvais;49.43;2.08;24/09/2026;11:00;21.1;0;SOLEIL;2;14.0;0
Beauvais;49.43;2.08;24/09/2026;12:00;22.2;0;SOLEIL;2;18.4;0
Beauvais;49.43;2.08;24/09/2026;13:00;23.5;0;SOLEIL;2;18.7;0
Beauvais;49.43;2.08;24/09/2026;14:00;24;0;SOLEIL;2;17.3;0
Beauvais;49.43;2.08;24/09/2026;15:00;23.9;0;SOLEIL;2;14.4;0
Beauvais;49.43;2.08;24/09/2026;16:00;23.9;0;SOLEIL;2;12.2;0
Beauvais;49.43;2.08;24/09/2026;17:00;23.1;0;SOLEIL;2;13.0;0
Beauvais;49.43;2.08;24/09/2026;18:00;21.1;0;SOLEIL;2;14.0;0
Beauvais;49.43;2.08;24/09/2026;19:00;19;0;SOLEIL;2;13.7;0
Beauvais;49.43;2.08;24/09/2026;20:00;17.7;0;SOLEIL;2;14.4;0
Beauvais;49.43;2.08;24/09/2026;21:00;15.2;0;SOLEIL;2;11.9;0
Beauvais;49.43;2.08;24/09/2026;22:00;14.7;0;SOLEIL;2;9.4;0
Beauvais;49.43;2.08;24/09/2026;23:00;13.6;0;SOLEIL;1;9.7;0
Beauvais;49.43;2.08;25/09/2026;00:00;12;0;SOLEIL;1;7.9;0
Beauvais;49.43;2.08;25/09/2026;01:00;12;0;SOLEIL;1;7.2;0
Beauvais;49.43;2.08;25/09/2026;02:00;9.5;0;SOLEIL;2;7.2;0
Beauvais;49.43;2.08;25/09/2026;03:00;9.5;0;SOLEIL;2;7.2;0
Beauvais;49.43;2.08;25/09/2026;04:00;9.5;0;SOLEIL;2;6.5;0
Beauvais;49.43;2.08;25/09/2026;05:00;9.1;0;SOLEIL;2;6.1;0
Beauvais;49.43;2.08;25/09/2026;06:00;9.1;0;SOLEIL;2;5.8;0
Beauvais;49.43;2.08;25/09/2026;07:00;9.1;0;SOLEIL;2;5.0;0
Beauvais;49.43;2.08;25/09/2026;08:00;19.1;0;SOLEIL;2;6.5;0
Beauvais;49.43;2.08;25/09/2026;09:00;19.1;0;SOLEIL;2;5.9;0
Beauvais;49.43;2.08;25/09/2026;10:00;19.1;0;SOLEIL;2;9.4;0
Beauvais;49.43;2.08;25/09/2026;11:00;24.6;0;SOLEIL;3;18.9;0
Beauvais;49.43;2.08;25/09/2026;12:00;24.6;0;SOLEIL;3;23.8;0
Beauvais;49.43;2.08;25/09/2026;13:00;24.6;0;SOLEIL;3;26.3;0
Beauvais;49.43;2.08;25/09/2026;14:00;26.5;0;SOLEIL;3;26.6;0
Beauvais;49.43;2.08;25/09/2026;15:00;26.5;0;SOLEIL;3;26.6;0
Beauvais;49.43;2.08;25/09/2026;16:00;26.5;0;SOLEIL;3;26.3;0
Beauvais;49.43;2.08;25/09/2026;17:00;20.5;0;SOLEIL;2;24.5;0
Beauvais;49.43;2.08;25/09/2026;18:00;20.5;0;SOLEIL;2;22.7;0
Beauvais;49.43;2.08;25/09/2026;19:00;20.5;0;SOLEIL;2;21.2;0
Beauvais;49.43;2.08;25/09/2026;20:00;14.6;0;SOLEIL;3;15.5;0
Beauvais;49.43;2.08;25/09/2026;21:00;14.6;0;SOLEIL;3;8.6;0
Beauvais;49.43;2.08;25/09/2026;22:00;14.6;0;SOLEIL;3;10.8;0
Beauvais;49.43;2.08;25/09/2026;23:00;12.5;0;SOLEIL;2;10.4;0
Beauvais;49.43;2.08;26/09/2026;00:00;12.5;0;SOLEIL;2;9.4;0
Beauvais;49.43;2.08;26/09/2026;01:00;12.5;0;SOLEIL;2;2.5;0
Beauvais;49.43;2.08;26/09/2026;02:00;11.5;0;SOLEIL;0;2.5;0
Beauvais;49.43;2.08;26/09/2026;03:00;11.5;0;SOLEIL;0;12.2;0
Beauvais;49.43;2.08;26/09/2026;04:00;11.5;0;SOLEIL;0;11.5;0
Beauvais;49.43;2.08;26/09/2026;05:00;11.4;0;SOLEIL;0;11.2;0
Beauvais;49.43;2.08;26/09/2026;06:00;11.4;0;SOLEIL;0;12.6;0
Beauvais;49.43;2.08;26/09/2026;07:00;11.4;0;SOLEIL;0;15.1;0
Beauvais;49.43;2.08;26/09/2026;08:00;18.9;0;SOLEIL;3;14.4;0
Beauvais;49.43;2.08;26/09/2026;09:00;18.9;0;SOLEIL;3;22.3;0
Beauvais;49.43;2.08;26/09/2026;10:00;18.9;0;SOLEIL;3;29.2;0
Beauvais;49.43;2.08;26/09/2026;11:00;23.1;0;SOLEIL;4;28.1;0
Beauvais;49.43;2.08;26/09/2026;12:00;23.1;0;SOLEIL;4;31.3;0
Beauvais;49.43;2.08;26/09/2026;13:00;23.1;0;SOLEIL;4;31.0;0
Beauvais;49.43;2.08;26/09/2026;14:00;23.2;0;SOLEIL;4;22.3;0
Beauvais;49.43;2.08;26/09/2026;15:00;23.2;0;SOLEIL;4;22.0;0
Beauvais;49.43;2.08;26/09/2026;16:00;23.2;0;SOLEIL;4;22.3;0
Beauvais;49.43;2.08;26/09/2026;17:00;19.1;5;SOLEIL VOILÉ;3;22.3;0
Beauvais;49.43;2.08;26/09/2026;18:00;19.1;5;SOLEIL VOILÉ;3;22.3;0
Beauvais;49.43;2.08;26/09/2026;19:00;19.1;5;SOLEIL VOILÉ;3;22.0;0
Beauvais;49.43;2.08;26/09/2026;20:00;16.7;0;SOLEIL;5;20.5;0
Beauvais;49.43;2.08;26/09/2026;21:00;15.1;0;SOLEIL;5;16.2;0
Beauvais;49.43;2.08;26/09/2026;22:00;13.6;0;SOLEIL;5;10.8;0
Beauvais;49.43;2.08;26/09/2026;23:00;13.5;0;SOLEIL;2;6.5;0
Beauvais;49.43;2.08;27/09/2026;00:00;13.5;0;SOLEIL;2;4.3;0
Beauvais;49.43;2.08;27/09/2026;01:00;13.5;0;SOLEIL;2;2.9;0
Beauvais;49.43;2.08;27/09/2026;02:00;11.6;2;NUAGEUX;5;2.5;0
Beauvais;49.43;2.08;27/09/2026;03:00;11.6;2;NUAGEUX;5;2.9;0
Beauvais;49.43;2.08;27/09/2026;04:00;11.6;2;NUAGEUX;5;3.6;0
Beauvais;49.43;2.08;27/09/2026;05:00;12.6;6;AVERSES;2;4.3;0
Beauvais;49.43;2.08;27/09/2026;06:00;12.6;6;AVERSES;2;4.3;0
Beauvais;49.43;2.08;27/09/2026;07:00;12.6;6;AVERSES;2;4.0;0
Beauvais;49.43;2.08;27/09/2026;08:00;14.2;2;NUAGEUX;5;5.0;0
Beauvais;49.43;2.08;27/09/2026;09:00;15.6;2;NUAGEUX;5;7.2;0
Beauvais;49.43;2.08;27/09/2026;10:00;16.9;2;NUAGEUX;5;10.8;0
Beauvais;49.43;2.08;27/09/2026;11:00;22.1;2;NUAGEUX;3;15.8;0
Beauvais;49.43;2.08;27/09/2026;12:00;22.1;2;NUAGEUX;3;25.2;0
Beauvais;49.43;2.08;27/09/2026;13:00;22.1;2;NUAGEUX;3;36.0;0
Beauvais;49.43;2.08;27/09/2026;14:00;22.2;2;NUAGEUX;5;43.2;0
Beauvais;49.43;2.08;27/09/2026;15:00;23.5;2;NUAGEUX;5;43.6;0
Beauvais;49.43;2.08;27/09/2026;16:00;22.2;2;NUAGEUX;5;39.6;0
Beauvais;49.43;2.08;27/09/2026;17:00;19.6;2;NUAGEUX;3;35.3;0
Beauvais;49.43;2.08;27/09/2026;18:00;19.6;2;NUAGEUX;3;31.0;0
Beauvais;49.43;2.08;27/09/2026;19:00;19.6;2;NUAGEUX;3;26.3;0
Beauvais;49.43;2.08;27/09/2026;20:00;16.9;2;NUAGEUX;5;21.2;0
Beauvais;49.43;2.08;27/09/2026;21:00;15.6;2;NUAGEUX;5;15.5;0
Beauvais;49.43;2.08;27/09/2026;22:00;14.2;2;NUAGEUX;5;9.4;0
Beauvais;49.43;2.08;27/09/2026;23:00;15.7;2;NUAGEUX;2;5.4;0
Beauvais;49.43;2.08;28/09/2026;00:00;15.7;2;NUAGEUX;2;5.0;0
Beauvais;49.43;2.08;28/09/2026;01:00;15.7;2;NUAGEUX;2;6.5;0
Beauvais;49.43;2.08;28/09/2026;02:00;13.1;7;PLUIE FAIBLE;5;7.9;0
Beauvais;49.43;2.08;28/09/2026;03:00;13.1;7;PLUIE FAIBLE;5;9.0;0
Beauvais;49.43;2.08;28/09/2026;04:00;13.1;7;PLUIE FAIBLE;5;10.1;0
Beauvais;49.43;2.08;28/09/2026;05:00;14.1;7;PLUIE FAIBLE;2;10.8;0
Beauvais;49.43;2.08;28/09/2026;06:00;14.1;7;PLUIE FAIBLE;2;11.3;0
Beauvais;49.43;2.08;28/09/2026;07:00;14.1;7;PLUIE FAIBLE;2;11.5;0
Beauvais;49.43;2.08;28/09/2026;08:00;15.1;7;PLUIE FAIBLE;5;11.5;0
Beauvais;49.43;2.08;28/09/2026;09:00;16.1;7;PLUIE FAIBLE;5;6.1;0
Beauvais;49.43;2.08;28/09/2026;10:00;17.1;7;PLUIE FAIBLE;5;6.1;0
Beauvais;49.43;2.08;28/09/2026;11:00;20.6;7;PLUIE FAIBLE;3;7.9;0
Beauvais;49.43;2.08;28/09/2026;12:00;20.6;7;PLUIE FAIBLE;3;14.4;0
Beauvais;49.43;2.08;28/09/2026;13:00;20.6;7;PLUIE FAIBLE;3;23.0;0
Beauvais;49.43;2.08;28/09/2026;14:00;21.0;7;PLUIE FAIBLE;5;27.7;0
Beauvais;49.43;2.08;28/09/2026;15:00;22.0;7;PLUIE FAIBLE;5;24.1;0
Beauvais;49.43;2.08;28/09/2026;16:00;21.0;7;PLUIE FAIBLE;5;16.9;0
Beauvais;49.43;2.08;28/09/2026;17:00;19.2;7;PLUIE FAIBLE;3;10.8;0
Beauvais;49.43;2.08;28/09/2026;18:00;19.2;7;PLUIE FAIBLE;3;8.6;0
Beauvais;49.43;2.08;28/09/2026;19:00;19.2;7;PLUIE FAIBLE;3;7.9;0
Beauvais;49.43;2.08;28/09/2026;20:00;17.1;7;PLUIE FAIBLE;5;7.6;0
Beauvais;49.43;2.08;28/09/2026;21:00;16.1;7;PLUIE FAIBLE;5;7.6;0
Beauvais;49.43;2.08;28/09/2026;22:00;15.1;7;PLUIE FAIBLE;5;7.9;0
Beauvais;49.43;2.08;28/09/2026;23:00;16.4;2;NUAGEUX;4;8.6;0
Compiègne;49.41;2.82;24/09/2026;00:00;14.1;0;SOLEIL;1;17.3;0
Compiègne;49.41;2.82;24/09/2026;01:00;13.6;3;TRÈS NUAGEUX;2;15.1;0
Compiègne;49.41;2.82;24/09/2026;02:00;13.4;3;TRÈS NUAGEUX;3;9.7;0
Compiègne;49.41;2.82;24/09/2026;03:00;13.2;3;TRÈS NUAGEUX;2;9.4;0
Compiègne;49.41;2.82;24/09/2026;04:00;13.2;3;TRÈS NUAGEUX;2;9.0;0
Compiègne;49.41;2.82;24/09/2026;05:00;13.1;3;TRÈS NUAGEUX;2;14.8;0
Compiègne;49.41;2.82;24/09/2026;06:00;12.9;3;TRÈS NUAGEUX;2;14.8;0
Compiègne;49.41;2.82;24/09/2026;07:00;13.2;3;TRÈS NUAGEUX;2;14.4;0
Compiègne;49.41;2.82;24/09/2026;08:00;14.6;3;TRÈS NUAGEUX;2;13.3;0
Compiègne;49.41;2.82;24/09/2026;09:00;16.7;0;SOLEIL;2;12.6;0
Compiègne;49.41;2.82;24/09/2026;10:00;19.4;0;SOLEIL;2;14.0;0
Compiègne;49.41;2.82;24/09/2026;11:00;21.4;0;SOLEIL;2;16.2;0
Compiègne;49.41;2.82;24/09/2026;12:00;22.6;0;SOLEIL;2;16.9;0
Compiègne;49.41;2.82;24/09/2026;13:00;23.4;0;SOLEIL;2;17.3;0
Compiègne;49.41;2.82;24/09/2026;14:00;23.7;0;SOLEIL;2;17.3;0
Compiègne;49.41;2.82;24/09/2026;15:00;23.4;0;SOLEIL;2;17.3;0
Compiègne;49.41;2.82;24/09/2026;16:00;23.6;0;SOLEIL;2;16.9;0
Compiègne;49.41;2.82;24/09/2026;17:00;22.6;0;SOLEIL;2;16.9;0
Compiègne;49.41;2.82;24/09/2026;18:00;20.6;0;SOLEIL;2;17.6;0
Compiègne;49.41;2.82;24/09/2026;19:00;19.1;0;SOLEIL;2;17.6;0
Compiègne;49.41;2.82;24/09/2026;20:00;18;0;SOLEIL;2;16.9;0
Compiègne;49.41;2.82;24/09/2026;21:00;16.4;0;SOLEIL;2;15.5;0
Compiègne;49.41;2.82;24/09/2026;22:00;15.4;0;SOLEIL;2;15.8;0
Compiègne;49.41;2.82;24/09/2026;23:00;14.4;0;SOLEIL;2;17.6;0
Compiègne;49.41;2.82;25/09/2026;00:00;13.4;0;SOLEIL;2;17.3;0
Compiègne;49.41;2.82;25/09/2026;01:00;13.4;0;SOLEIL;2;13.7;0
Compiègne;49.41;2.82;25/09/2026;02:00;10.6;0;SOLEIL;2;12.6;0
Compiègne;49.41;2.82;25/09/2026;03:00;10.6;0;SOLEIL;2;14.8;0
Compiègne;49.41;2.82;25/09/2026;04:00;10.6;0;SOLEIL;2;14.0;0
Compiègne;49.41;2.82;25/09/2026;05:00;9.6;0;SOLEIL;1;7.6;0
Compiègne;49.41;2.82;25/09/2026;06:00;9.6;0;SOLEIL;1;5.0;0
Compiègne;49.41;2.82;25/09/2026;07:00;9.6;0;SOLEIL;1;6.5;0
Compiègne;49.41;2.82;25/09/2026;08:00;17.5;0;SOLEIL;1;9.7;0
Compiègne;49.41;2.82;25/09/2026;09:00;17.5;0;SOLEIL;1;10.1;0
Compiègne;49.41;2.82;25/09/2026;10:00;17.5;0;SOLEIL;1;10.8;0
Compiègne;49.41;2.82;25/09/2026;11:00;24.6;0;SOLEIL;2;15.1;0
Compiègne;49.41;2.82;25/09/2026;12:00;24.6;0;SOLEIL;2;15.5;0
Compiègne;49.41;2.82;25/09/2026;13:00;24.6;0;SOLEIL;2;20.5;0
Compiègne;49.41;2.82;25/09/2026;14:00;26.6;0;SOLEIL;2;20.9;0
Compiègne;49.41;2.82;25/09/2026;15:00;26.6;0;SOLEIL;2;20.2;0
Compiègne;49.41;2.82;25/09/2026;16:00;26.6;0;SOLEIL;2;19.1;0
Compiègne;49.41;2.82;25/09/2026;17:00;21.6;0;SOLEIL;1;18.7;0
Compiègne;49.41;2.82;25/09/2026;18:00;21.6;0;SOLEIL;1;18.4;0
Compiègne;49.41;2.82;25/09/2026;19:00;21.6;0;SOLEIL;1;16.6;0
Compiègne;49.41;2.82;25/09/2026;20:00;16.1;0;SOLEIL;1;13.3;0
Compiègne;49.41;2.82;25/09/2026;21:00;16.1;0;SOLEIL;1;11.5;0
Compiègne;49.41;2.82;25/09/2026;22:00;16.1;0;SOLEIL;1;12.2;0
Compiègne;49.41;2.82;25/09/2026;23:00;14;0;SOLEIL;1;14.8;0
Compiègne;49.41;2.82;26/09/2026;00:00;14;0;SOLEIL;1;16.1;0
Compiègne;49.41;2.82;26/09/2026;01:00;14;0;SOLEIL;1;19.1;0
Compiègne;49.41;2.82;26/09/2026;02:00;12.7;0;SOLEIL;1;17.6;0
Compiègne;49.41;2.82;26/09/2026;03:00;12.7;0;SOLEIL;1;17.6;0
Compiègne;49.41;2.82;26/09/2026;04:00;12.7;0;SOLEIL;1;14.8;0
Compiègne;49.41;2.82;26/09/2026;05:00;11.5;0;SOLEIL;2;14.8;0
Compiègne;49.41;2.82;26/09/2026;06:00;11.5;0;SOLEIL;2;14.8;0
Compiègne;49.41;2.82;26/09/2026;07:00;11.5;0;SOLEIL;2;14.8;0
Compiègne;49.41;2.82;26/09/2026;08:00;18.1;0;SOLEIL;1;13.0;0
Compiègne;49.41;2.82;26/09/2026;09:00;18.1;0;SOLEIL;1;17.6;0
Compiègne;49.41;2.82;26/09/2026;10:00;18.1;0;SOLEIL;1;20.9;0
Compiègne;49.41;2.82;26/09/2026;11:00;24.5;0;SOLEIL;3;24.1;0
Compiègne;49.41;2.82;26/09/2026;12:00;24.5;0;SOLEIL;3;25.2;0
Compiègne;49.41;2.82;26/09/2026;13:00;24.5;0;SOLEIL;3;27.4;0
Compiègne;49.41;2.82;26/09/2026;14:00;25.4;0;SOLEIL;3;27.7;0
Compiègne;49.41;2.82;26/09/2026;15:00;25.4;0;SOLEIL;3;27.4;0
Compiègne;49.41;2.82;26/09/2026;16:00;25.4;0;SOLEIL;3;27.0;0
Compiègne;49.41;2.82;26/09/2026;17:00;21.1;0;SOLEIL;3;26.6;0
Compiègne;49.41;2.82;26/09/2026;18:00;21.1;0;SOLEIL;3;24.5;0
Compiègne;49.41;2.82;26/09/2026;19:00;21.1;0;SOLEIL;3;20.5;0
Compiègne;49.41;2.82;26/09/2026;20:00;17.4;0;SOLEIL;5;12.6;0
Compiègne;49.41;2.82;26/09/2026;21:00;15.7;0;SOLEIL;5;22.7;0
Compiègne;49.41;2.82;26/09/2026;22:00;14.0;0;SOLEIL;5;22.7;0
Compiègne;49.41;2.82;26/09/2026;23:00;14.6;0;SOLEIL;2;20.2;0
Compiègne;49.41;2.82;27/09/2026;00:00;14.6;0;SOLEIL;2;20.5;0
Compiègne;49.41;2.82;27/09/2026;01:00;14.6;0;SOLEIL;2;19.1;0
Compiègne;49.41;2.82;27/09/2026;02:00;12.2;2;NUAGEUX;5;16.2;0
Compiègne;49.41;2.82;27/09/2026;03:00;12.2;2;NUAGEUX;5;15.5;0
Compiègne;49.41;2.82;27/09/2026;04:00;12.2;2;NUAGEUX;5;15.1;0
Compiègne;49.41;2.82;27/09/2026;05:00;13;2;NUAGEUX;1;14.8;0
Compiègne;49.41;2.82;27/09/2026;06:00;13;2;NUAGEUX;1;13.7;0
Compiègne;49.41;2.82;27/09/2026;07:00;13;2;NUAGEUX;1;12.2;0
Compiègne;49.41;2.82;27/09/2026;08:00;14.9;2;NUAGEUX;5;11.9;0
Compiègne;49.41;2.82;27/09/2026;09:00;16.3;2;NUAGEUX;5;12.2;0
Compiègne;49.41;2.82;27/09/2026;10:00;17.6;2;NUAGEUX;5;13.3;0
Compiègne;49.41;2.82;27/09/2026;11:00;22.5;2;NUAGEUX;3;15.5;0
Compiègne;49.41;2.82;27/09/2026;12:00;22.5;2;NUAGEUX;3;19.4;0
Compiègne;49.41;2.82;27/09/2026;13:00;22.5;2;NUAGEUX;3;24.5;0
Compiègne;49.41;2.82;27/09/2026;14:00;23.0;2;NUAGEUX;5;28.1;0
Compiègne;49.41;2.82;27/09/2026;15:00;24.4;2;NUAGEUX;5;29.5;0
Compiègne;49.41;2.82;27/09/2026;16:00;23.0;2;NUAGEUX;5;29.2;0
Compiègne;49.41;2.82;27/09/2026;17:00;20.1;2;NUAGEUX;2;28.1;0
Compiègne;49.41;2.82;27/09/2026;18:00;20.1;2;NUAGEUX;2;25.6;0
Compiègne;49.41;2.82;27/09/2026;19:00;20.1;2;NUAGEUX;2;22.0;0
Compiègne;49.41;2.82;27/09/2026;20:00;17.6;2;NUAGEUX;5;18.4;0
Compiègne;49.41;2.82;27/09/2026;21:00;16.3;2;NUAGEUX;5;14.4;0
Compiègne;49.41;2.82;27/09/2026;22:00;14.9;2;NUAGEUX;5;10.1;0
Compiègne;49.41;2.82;27/09/2026;23:00;16.6;2;NUAGEUX;2;6.8;0
Compiègne;49.41;2.82;28/09/2026;00:00;16.6;2;NUAGEUX;2;5.4;0
Compiègne;49.41;2.82;28/09/2026;01:00;16.6;2;NUAGEUX;2;4.7;0
Compiègne;49.41;2.82;28/09/2026;02:00;14.2;7;PLUIE FAIBLE;5;5.4;0
Compiègne;49.41;2.82;28/09/2026;03:00;14.2;7;PLUIE FAIBLE;5;7.6;0
Compiègne;49.41;2.82;28/09/2026;04:00;14.2;7;PLUIE FAIBLE;5;10.8;0
Compiègne;49.41;2.82;28/09/2026;05:00;14.9;2;NUAGEUX;2;13.0;0
Compiègne;49.41;2.82;28/09/2026;06:00;14.9;2;NUAGEUX;2;12.6;0
Compiègne;49.41;2.82;28/09/2026;07:00;14.9;2;NUAGEUX;2;10.8;0
Compiègne;49.41;2.82;28/09/2026;08:00;16.1;7;PLUIE FAIBLE;5;9.7;0
Compiègne;49.41;2.82;28/09/2026;09:00;17.0;7;PLUIE FAIBLE;5;9.7;0
Compiègne;49.41;2.82;28/09/2026;10:00;18.0;7;PLUIE FAIBLE;5;10.1;0
Compiègne;49.41;2.82;28/09/2026;11:00;21.5;7;PLUIE FAIBLE;3;11.2;0
Compiègne;49.41;2.82;28/09/2026;12:00;21.5;7;PLUIE FAIBLE;3;13.0;0
Compiègne;49.41;2.82;28/09/2026;13:00;21.5;7;PLUIE FAIBLE;3;15.5;0
Compiègne;49.41;2.82;28/09/2026;14:00;21.8;7;PLUIE FAIBLE;5;18.0;0
Compiègne;49.41;2.82;28/09/2026;15:00;22.7;7;PLUIE FAIBLE;5;20.2;0
Compiègne;49.41;2.82;28/09/2026;16:00;21.8;7;PLUIE FAIBLE;5;22.3;0
Compiègne;49.41;2.82;28/09/2026;17:00;20;7;PLUIE FAIBLE;2;23.4;0
Compiègne;49.41;2.82;28/09/2026;18:00;20;7;PLUIE FAIBLE;2;22.3;0
Compiègne;49.41;2.82;28/09/2026;19:00;20;7;PLUIE FAIBLE;2;19.8;0
Compiègne;49.41;2.82;28/09/2026;20:00;18.0;7;PLUIE FAIBLE;5;18.0;0
Compiègne;49.41;2.82;28/09/2026;21:00;17.0;7;PLUIE FAIBLE;5;16.6;0
Compiègne;49.41;2.82;28/09/2026;22:00;16.1;7;PLUIE FAIBLE;5;15.8;0
Compiègne;49.41;2.82;28/09/2026;23:00;17.6;2;NUAGEUX;3;16.6;0
Senlis;49.207;2.585;24/09/2026;00:00;13.2;0;SOLEIL;2;5.0;0
Senlis;49.207;2.585;24/09/2026;01:00;13;0;SOLEIL;3;3.6;0
Senlis;49.207;2.585;24/09/2026;02:00;12.7;0;SOLEIL;3;3.2;0
Senlis;49.207;2.585;24/09/2026;03:00;13.4;0;SOLEIL;3;3.2;0
Senlis;49.207;2.585;24/09/2026;04:00;13.6;0;SOLEIL;2;2.5;0
Senlis;49.207;2.585;24/09/2026;05:00;13.1;3;TRÈS NUAGEUX;2;2.2;0
Senlis;49.207;2.585;24/09/2026;06:00;13.1;3;TRÈS NUAGEUX;2;4.3;0
Senlis;49.207;2.585;24/09/2026;07:00;13.6;3;TRÈS NUAGEUX;2;4.7;0
Senlis;49.207;2.585;24/09/2026;08:00;15.1;3;TRÈS NUAGEUX;2;7.6;0
Senlis;49.207;2.585;24/09/2026;09:00;17.4;0;SOLEIL;2;14.0;0
Senlis;49.207;2.585;24/09/2026;10:00;19.6;0;SOLEIL;2;14.4;0
Senlis;49.207;2.585;24/09/2026;11:00;21.6;0;SOLEIL;2;13.3;0
Senlis;49.207;2.585;24/09/2026;12:00;22.9;0;SOLEIL;1;15.8;0
Senlis;49.207;2.585;24/09/2026;13:00;23.6;0;SOLEIL;1;15.5;0
Senlis;49.207;2.585;24/09/2026;14:00;24.4;0;SOLEIL;2;11.9;0
Senlis;49.207;2.585;24/09/2026;15:00;24.2;0;SOLEIL;2;10.8;0
Senlis;49.207;2.585;24/09/2026;16:00;24;0;SOLEIL;2;12.6;0
Senlis;49.207;2.585;24/09/2026;17:00;22.6;0;SOLEIL;2;12.2;0
Senlis;49.207;2.585;24/09/2026;18:00;20.4;0;SOLEIL;3;14.8;0
Senlis;49.207;2.585;24/09/2026;19:00;19.1;0;SOLEIL;2;16.2;0
Senlis;49.207;2.585;24/09/2026;20:00;17.6;0;SOLEIL;2;13.0;0
Senlis;49.207;2.585;24/09/2026;21:00;15.7;0;SOLEIL;2;11.9;0
Senlis;49.207;2.585;24/09/2026;22:00;14.9;0;SOLEIL;2;13.3;0
Senlis;49.207;2.585;24/09/2026;23:00;13.7;0;SOLEIL;2;13.3;0
Senlis;49.207;2.585;25/09/2026;00:00;12.6;0;SOLEIL;2;10.4;0
Senlis;49.207;2.585;25/09/2026;01:00;12.6;0;SOLEIL;2;9.0;0
Senlis;49.207;2.585;25/09/2026;02:00;9.1;0;SOLEIL;1;7.2;0
Senlis;49.207;2.585;25/09/2026;03:00;9.1;0;SOLEIL;1;6.8;0
Senlis;49.207;2.585;25/09/2026;04:00;9.1;0;SOLEIL;1;6.5;0
Senlis;49.207;2.585;25/09/2026;05:00;8.2;0;SOLEIL;1;5.4;0
Senlis;49.207;2.585;25/09/2026;06:00;8.2;0;SOLEIL;1;5.0;0
Senlis;49.207;2.585;25/09/2026;07:00;8.2;0;SOLEIL;1;5.0;0
Senlis;49.207;2.585;25/09/2026;08:00;18.4;0;SOLEIL;1;6.1;0
Senlis;49.207;2.585;25/09/2026;09:00;18.4;0;SOLEIL;1;6.9;0
Senlis;49.207;2.585;25/09/2026;10:00;18.4;0;SOLEIL;1;10.1;0
Senlis;49.207;2.585;25/09/2026;11:00;25.1;0;SOLEIL;2;16.7;0
Senlis;49.207;2.585;25/09/2026;12:00;25.1;0;SOLEIL;2;21.2;0
Senlis;49.207;2.585;25/09/2026;13:00;25.1;0;SOLEIL;2;22.0;0
Senlis;49.207;2.585;25/09/2026;14:00;26.6;0;SOLEIL;2;22.0;0
Senlis;49.207;2.585;25/09/2026;15:00;26.6;0;SOLEIL;2;21.2;0
Senlis;49.207;2.585;25/09/2026;16:00;26.6;0;SOLEIL;2;20.9;0
Senlis;49.207;2.585;25/09/2026;17:00;21.1;0;SOLEIL;2;19.8;0
Senlis;49.207;2.585;25/09/2026;18:00;21.1;0;SOLEIL;2;17.6;0
Senlis;49.207;2.585;25/09/2026;19:00;21.1;0;SOLEIL;2;15.8;0
Senlis;49.207;2.585;25/09/2026;20:00;15.6;0;SOLEIL;1;10.4;0
Senlis;49.207;2.585;25/09/2026;21:00;15.6;0;SOLEIL;1;11.9;0
Senlis;49.207;2.585;25/09/2026;22:00;15.6;0;SOLEIL;1;13.3;0
Senlis;49.207;2.585;25/09/2026;23:00;13.1;0;SOLEIL;2;14.4;0
Senlis;49.207;2.585;26/09/2026;00:00;13.1;0;SOLEIL;2;13.0;0
Senlis;49.207;2.585;26/09/2026;01:00;13.1;0;SOLEIL;2;9.7;0
Senlis;49.207;2.585;26/09/2026;02:00;12.6;0;SOLEIL;1;7.6;0
Senlis;49.207;2.585;26/09/2026;03:00;12.6;0;SOLEIL;1;2.9;0
Senlis;49.207;2.585;26/09/2026;04:00;12.6;0;SOLEIL;1;4.3;0
Senlis;49.207;2.585;26/09/2026;05:00;11.2;0;SOLEIL;1;7.9;0
Senlis;49.207;2.585;26/09/2026;06:00;11.2;0;SOLEIL;1;11.9;0
Senlis;49.207;2.585;26/09/2026;07:00;11.2;0;SOLEIL;1;9.7;0
Senlis;49.207;2.585;26/09/2026;08:00;19.1;0;SOLEIL;2;10.1;0
Senlis;49.207;2.585;26/09/2026;09:00;19.1;0;SOLEIL;2;13.0;0
Senlis;49.207;2.585;26/09/2026;10:00;19.1;0;SOLEIL;2;29.9;0
Senlis;49.207;2.585;26/09/2026;11:00;24.4;0;SOLEIL;3;28.4;0
Senlis;49.207;2.585;26/09/2026;12:00;24.4;0;SOLEIL;3;24.1;0
Senlis;49.207;2.585;26/09/2026;13:00;24.4;0;SOLEIL;3;25.2;0
Senlis;49.207;2.585;26/09/2026;14:00;25.2;0;SOLEIL;3;25.6;0
Senlis;49.207;2.585;26/09/2026;15:00;25.2;0;SOLEIL;3;25.2;0
Senlis;49.207;2.585;26/09/2026;16:00;25.2;0;SOLEIL;3;24.8;0
Senlis;49.207;2.585;26/09/2026;17:00;20.9;0;SOLEIL;3;24.1;0
Senlis;49.207;2.585;26/09/2026;18:00;20.9;0;SOLEIL;3;22.0;0
Senlis;49.207;2.585;26/09/2026;19:00;20.9;0;SOLEIL;3;19.4;0
Senlis;49.207;2.585;26/09/2026;20:00;17.4;0;SOLEIL;5;16.6;0
Senlis;49.207;2.585;26/09/2026;21:00;15.7;0;SOLEIL;5;13.7;0
Senlis;49.207;2.585;26/09/2026;22:00;14.0;0;SOLEIL;5;10.4;0
Senlis;49.207;2.585;26/09/2026;23:00;14;0;SOLEIL;2;7.9;0
Senlis;49.207;2.585;27/09/2026;00:00;14;0;SOLEIL;2;6.5;0
Senlis;49.207;2.585;27/09/2026;01:00;14;0;SOLEIL;2;6.1;0
Senlis;49.207;2.585;27/09/2026;02:00;11.6;2;NUAGEUX;5;5.8;0
Senlis;49.207;2.585;27/09/2026;03:00;11.6;2;NUAGEUX;5;5.4;0
Senlis;49.207;2.585;27/09/2026;04:00;11.6;2;NUAGEUX;5;5.4;0
Senlis;49.207;2.585;27/09/2026;05:00;12.6;2;NUAGEUX;1;5.8;0
Senlis;49.207;2.585;27/09/2026;06:00;12.6;2;NUAGEUX;1;6.1;0
Senlis;49.207;2.585;27/09/2026;07:00;12.6;2;NUAGEUX;1;6.5;0
Senlis;49.207;2.585;27/09/2026;08:00;14.4;2;NUAGEUX;5;7.6;0
Senlis;49.207;2.585;27/09/2026;09:00;15.8;2;NUAGEUX;5;9.4;0
Senlis;49.207;2.585;27/09/2026;10:00;17.2;2;NUAGEUX;5;11.5;0
Senlis;49.207;2.585;27/09/2026;11:00;22.5;2;NUAGEUX;3;14.8;0
Senlis;49.207;2.585;27/09/2026;12:00;22.5;2;NUAGEUX;3;19.4;0
Senlis;49.207;2.585;27/09/2026;13:00;22.5;2;NUAGEUX;3;25.2;0
Senlis;49.207;2.585;27/09/2026;14:00;22.8;2;NUAGEUX;5;29.2;0
Senlis;49.207;2.585;27/09/2026;15:00;24.2;2;NUAGEUX;5;31.3;0
Senlis;49.207;2.585;27/09/2026;16:00;22.8;2;NUAGEUX;5;32.4;0
Senlis;49.207;2.585;27/09/2026;17:00;19.6;2;NUAGEUX;2;30.6;0
Senlis;49.207;2.585;27/09/2026;18:00;19.6;2;NUAGEUX;2;24.8;0
Senlis;49.207;2.585;27/09/2026;19:00;19.6;2;NUAGEUX;2;16.6;0
Senlis;49.207;2.585;27/09/2026;20:00;17.2;2;NUAGEUX;5;10.1;0
Senlis;49.207;2.585;27/09/2026;21:00;15.8;2;NUAGEUX;5;7.2;0
Senlis;49.207;2.585;27/09/2026;22:00;14.4;2;NUAGEUX;5;6.5;0
Senlis;49.207;2.585;27/09/2026;23:00;15.9;2;NUAGEUX;2;6.8;0
Senlis;49.207;2.585;28/09/2026;00:00;15.9;2;NUAGEUX;2;9.0;0
Senlis;49.207;2.585;28/09/2026;01:00;15.9;2;NUAGEUX;2;12.2;0
Senlis;49.207;2.585;28/09/2026;02:00;13.7;7;PLUIE FAIBLE;5;14.0;0
Senlis;49.207;2.585;28/09/2026;03:00;13.7;7;PLUIE FAIBLE;5;13.3;0
Senlis;49.207;2.585;28/09/2026;04:00;13.7;7;PLUIE FAIBLE;5;11.2;0
Senlis;49.207;2.585;28/09/2026;05:00;14.5;7;PLUIE FAIBLE;2;9.4;0
Senlis;49.207;2.585;28/09/2026;06:00;14.5;7;PLUIE FAIBLE;2;8.1;0
Senlis;49.207;2.585;28/09/2026;07:00;14.5;7;PLUIE FAIBLE;2;7.4;0
Senlis;49.207;2.585;28/09/2026;08:00;15.7;7;PLUIE FAIBLE;5;6.9;0
Senlis;49.207;2.585;28/09/2026;09:00;16.7;7;PLUIE FAIBLE;5;4.0;0
Senlis;49.207;2.585;28/09/2026;10:00;17.7;7;PLUIE FAIBLE;5;5.0;0
Senlis;49.207;2.585;28/09/2026;11:00;21.1;7;PLUIE FAIBLE;3;8.6;0
Senlis;49.207;2.585;28/09/2026;12:00;21.1;7;PLUIE FAIBLE;3;18.7;0
Senlis;49.207;2.585;28/09/2026;13:00;21.1;7;PLUIE FAIBLE;3;31.7;0
Senlis;49.207;2.585;28/09/2026;14:00;21.6;7;PLUIE FAIBLE;5;38.2;0
Senlis;49.207;2.585;28/09/2026;15:00;22.6;7;PLUIE FAIBLE;5;32.0;0
Senlis;49.207;2.585;28/09/2026;16:00;21.6;7;PLUIE FAIBLE;5;19.8;0
Senlis;49.207;2.585;28/09/2026;17:00;19.6;2;NUAGEUX;2;10.1;0
Senlis;49.207;2.585;28/09/2026;18:00;19.6;2;NUAGEUX;2;7.6;0
Senlis;49.207;2.585;28/09/2026;19:00;19.6;2;NUAGEUX;2;7.9;0
Senlis;49.207;2.585;28/09/2026;20:00;17.7;7;PLUIE FAIBLE;5;8.3;0
Senlis;49.207;2.585;28/09/2026;21:00;16.7;7;PLUIE FAIBLE;5;7.9;0
Senlis;49.207;2.585;28/09/2026;22:00;15.7;7;PLUIE FAIBLE;5;7.9;0
Senlis;49.207;2.585;28/09/2026;23:00;16.6;2;NUAGEUX;3;7.6;0
Feuquières;49.64;1.85;24/09/2026;00:00;13.6;3;TRÈS NUAGEUX;3;10.4;0
Feuquières;49.64;1.85;24/09/2026;01:00;13.1;3;TRÈS NUAGEUX;4;6.5;0
Feuquières;49.64;1.85;24/09/2026;02:00;13.4;3;TRÈS NUAGEUX;3;6.5;0
Feuquières;49.64;1.85;24/09/2026;03:00;13.5;3;TRÈS NUAGEUX;3;7.9;0
Feuquières;49.64;1.85;24/09/2026;04:00;12.4;3;TRÈS NUAGEUX;3;8.3;0
Feuquières;49.64;1.85;24/09/2026;05:00;12.6;3;TRÈS NUAGEUX;3;8.6;0
Feuquières;49.64;1.85;24/09/2026;06:00;13;3;TRÈS NUAGEUX;2;10.1;0
Feuquières;49.64;1.85;24/09/2026;07:00;13.6;3;TRÈS NUAGEUX;2;10.1;0
Feuquières;49.64;1.85;24/09/2026;08:00;14.6;3;TRÈS NUAGEUX;3;8.3;0
Feuquières;49.64;1.85;24/09/2026;09:00;16.4;3;TRÈS NUAGEUX;4;9.4;0
Feuquières;49.64;1.85;24/09/2026;10:00;17.7;0;SOLEIL;3;14.8;0
Feuquières;49.64;1.85;24/09/2026;11:00;19.9;0;SOLEIL;3;19.1;0
Feuquières;49.64;1.85;24/09/2026;12:00;20.6;0;SOLEIL;2;19.4;0
Feuquières;49.64;1.85;24/09/2026;13:00;21.6;0;SOLEIL;2;18.7;0
Feuquières;49.64;1.85;24/09/2026;14:00;22.4;0;SOLEIL;2;17.3;0
Feuquières;49.64;1.85;24/09/2026;15:00;22.4;0;SOLEIL;2;14.8;0
Feuquières;49.64;1.85;24/09/2026;16:00;22.1;0;SOLEIL;2;11.2;0
Feuquières;49.64;1.85;24/09/2026;17:00;21.1;0;SOLEIL;3;10.8;0
Feuquières;49.64;1.85;24/09/2026;18:00;18.9;0;SOLEIL;3;11.5;0
Feuquières;49.64;1.85;24/09/2026;19:00;17.5;0;SOLEIL;3;12.6;0
Feuquières;49.64;1.85;24/09/2026;20:00;16;0;SOLEIL;3;9.7;0
Feuquières;49.64;1.85;24/09/2026;21:00;14.5;0;SOLEIL;3;9.4;0
Feuquières;49.64;1.85;24/09/2026;22:00;13.6;0;SOLEIL;3;9.4;0
Feuquières;49.64;1.85;24/09/2026;23:00;12.6;0;SOLEIL;3;8.3;0
Feuquières;49.64;1.85;25/09/2026;00:00;12.1;0;SOLEIL;3;8.3;0
Feuquières;49.64;1.85;25/09/2026;01:00;12.1;0;SOLEIL;3;6.5;0
Feuquières;49.64;1.85;25/09/2026;02:00;10.6;0;SOLEIL;3;6.5;0
Feuquières;49.64;1.85;25/09/2026;03:00;10.6;0;SOLEIL;3;6.8;0
Feuquières;49.64;1.85;25/09/2026;04:00;10.6;0;SOLEIL;3;6.5;0
Feuquières;49.64;1.85;25/09/2026;05:00;10.9;0;SOLEIL;3;6.5;0
Feuquières;49.64;1.85;25/09/2026;06:00;10.9;0;SOLEIL;3;6.5;0
Feuquières;49.64;1.85;25/09/2026;07:00;10.9;0;SOLEIL;3;5.8;0
Feuquières;49.64;1.85;25/09/2026;08:00;18.7;0;SOLEIL;3;5.8;0
Feuquières;49.64;1.85;25/09/2026;09:00;18.7;0;SOLEIL;3;6.2;0
Feuquières;49.64;1.85;25/09/2026;10:00;18.7;0;SOLEIL;3;14.6;0
Feuquières;49.64;1.85;25/09/2026;11:00;23.9;0;SOLEIL;3;22.8;0
Feuquières;49.64;1.85;25/09/2026;12:00;23.9;0;SOLEIL;3;25.2;0
Feuquières;49.64;1.85;25/09/2026;13:00;23.9;0;SOLEIL;3;27.4;0
Feuquières;49.64;1.85;25/09/2026;14:00;25.7;0;SOLEIL;3;27.4;0
Feuquières;49.64;1.85;25/09/2026;15:00;25.7;0;SOLEIL;3;27.0;0
Feuquières;49.64;1.85;25/09/2026;16:00;25.7;0;SOLEIL;3;26.3;0
Feuquières;49.64;1.85;25/09/2026;17:00;20.9;0;SOLEIL;3;24.5;0
Feuquières;49.64;1.85;25/09/2026;18:00;20.9;0;SOLEIL;3;23.0;0
Feuquières;49.64;1.85;25/09/2026;19:00;20.9;0;SOLEIL;3;22.3;0
Feuquières;49.64;1.85;25/09/2026;20:00;15.6;0;SOLEIL;4;17.3;0
Feuquières;49.64;1.85;25/09/2026;21:00;15.6;0;SOLEIL;4;12.2;0
Feuquières;49.64;1.85;25/09/2026;22:00;15.6;0;SOLEIL;4;13.0;0
Feuquières;49.64;1.85;25/09/2026;23:00;13.5;0;SOLEIL;3;13.7;0
Feuquières;49.64;1.85;26/09/2026;00:00;13.5;0;SOLEIL;3;10.4;0
Feuquières;49.64;1.85;26/09/2026;01:00;13.5;0;SOLEIL;3;6.5;0
Feuquières;49.64;1.85;26/09/2026;02:00;12.2;0;SOLEIL;3;10.4;0
Feuquières;49.64;1.85;26/09/2026;03:00;12.2;0;SOLEIL;3;14.4;0
Feuquières;49.64;1.85;26/09/2026;04:00;12.2;0;SOLEIL;3;13.7;0
Feuquières;49.64;1.85;26/09/2026;05:00;13.1;0;SOLEIL;4;18.0;0
Feuquières;49.64;1.85;26/09/2026;06:00;13.1;0;SOLEIL;4;18.4;0
Feuquières;49.64;1.85;26/09/2026;07:00;13.1;0;SOLEIL;4;18.7;0
Feuquières;49.64;1.85;26/09/2026;08:00;18.5;0;SOLEIL;2;21.6;0
Feuquières;49.64;1.85;26/09/2026;09:00;18.5;0;SOLEIL;2;24.1;0
Feuquières;49.64;1.85;26/09/2026;10:00;18.5;0;SOLEIL;2;27.0;0
Feuquières;49.64;1.85;26/09/2026;11:00;20.6;0;SOLEIL;4;27.4;0
Feuquières;49.64;1.85;26/09/2026;12:00;20.6;0;SOLEIL;4;27.7;0
Feuquières;49.64;1.85;26/09/2026;13:00;20.6;0;SOLEIL;4;23.8;0
Feuquières;49.64;1.85;26/09/2026;14:00;21.1;0;SOLEIL;4;24.1;0
Feuquières;49.64;1.85;26/09/2026;15:00;21.1;0;SOLEIL;4;24.5;0
Feuquières;49.64;1.85;26/09/2026;16:00;21.1;0;SOLEIL;4;25.2;0
Feuquières;49.64;1.85;26/09/2026;17:00;17.4;5;SOLEIL VOILÉ;3;25.2;0
Feuquières;49.64;1.85;26/09/2026;18:00;17.4;5;SOLEIL VOILÉ;3;24.5;0
Feuquières;49.64;1.85;26/09/2026;19:00;17.4;5;SOLEIL VOILÉ;3;23.4;0
Feuquières;49.64;1.85;26/09/2026;20:00;16.2;0;SOLEIL;5;21.2;0
Feuquières;49.64;1.85;26/09/2026;21:00;15.0;0;SOLEIL;5;16.9;0
Feuquières;49.64;1.85;26/09/2026;22:00;13.9;0;SOLEIL;5;11.5;0
Feuquières;49.64;1.85;26/09/2026;23:00;12.7;0;SOLEIL;2;7.6;0
Feuquières;49.64;1.85;27/09/2026;00:00;12.7;0;SOLEIL;2;6.1;0
Feuquières;49.64;1.85;27/09/2026;01:00;12.7;0;SOLEIL;2;6.5;0
Feuquières;49.64;1.85;27/09/2026;02:00;11.6;2;NUAGEUX;5;6.5;0
Feuquières;49.64;1.85;27/09/2026;03:00;11.6;2;NUAGEUX;5;6.1;0
Feuquières;49.64;1.85;27/09/2026;04:00;11.6;2;NUAGEUX;5;6.1;0
Feuquières;49.64;1.85;27/09/2026;05:00;12.5;6;AVERSES;3;6.1;0
Feuquières;49.64;1.85;27/09/2026;06:00;12.5;6;AVERSES;3;6.1;0
Feuquières;49.64;1.85;27/09/2026;07:00;12.5;6;AVERSES;3;6.1;0
Feuquières;49.64;1.85;27/09/2026;08:00;13.9;2;NUAGEUX;5;7.6;0
Feuquières;49.64;1.85;27/09/2026;09:00;15.1;2;NUAGEUX;5;11.2;0
Feuquières;49.64;1.85;27/09/2026;10:00;16.2;2;NUAGEUX;5;16.2;0
Feuquières;49.64;1.85;27/09/2026;11:00;20.9;2;NUAGEUX;4;21.2;0
Feuquières;49.64;1.85;27/09/2026;12:00;20.9;2;NUAGEUX;4;25.9;0
Feuquières;49.64;1.85;27/09/2026;13:00;20.9;2;NUAGEUX;4;31.0;0
Feuquières;49.64;1.85;27/09/2026;14:00;20.8;2;NUAGEUX;5;34.6;0
Feuquières;49.64;1.85;27/09/2026;15:00;22.0;2;NUAGEUX;5;37.1;0
Feuquières;49.64;1.85;27/09/2026;16:00;20.8;2;NUAGEUX;5;38.5;0
Feuquières;49.64;1.85;27/09/2026;17:00;18.1;2;NUAGEUX;3;37.8;0
Feuquières;49.64;1.85;27/09/2026;18:00;18.1;2;NUAGEUX;3;33.5;0
Feuquières;49.64;1.85;27/09/2026;19:00;18.1;2;NUAGEUX;3;26.6;0
Feuquières;49.64;1.85;27/09/2026;20:00;16.2;2;NUAGEUX;5;20.2;0
Feuquières;49.64;1.85;27/09/2026;21:00;15.1;2;NUAGEUX;5;14.8;0
Feuquières;49.64;1.85;27/09/2026;22:00;13.9;2;NUAGEUX;5;9.4;0
Feuquières;49.64;1.85;27/09/2026;23:00;15.1;2;NUAGEUX;3;6.5;0
Feuquières;49.64;1.85;28/09/2026;00:00;15.1;2;NUAGEUX;3;7.2;0
Feuquières;49.64;1.85;28/09/2026;01:00;15.1;2;NUAGEUX;3;10.1;0
Feuquières;49.64;1.85;28/09/2026;02:00;12.7;2;NUAGEUX;5;12.2;0
Feuquières;49.64;1.85;28/09/2026;03:00;12.7;2;NUAGEUX;5;13.0;0
Feuquières;49.64;1.85;28/09/2026;04:00;12.7;2;NUAGEUX;5;13.0;0
Feuquières;49.64;1.85;28/09/2026;05:00;13.5;2;NUAGEUX;2;13.3;0
Feuquières;49.64;1.85;28/09/2026;06:00;13.5;2;NUAGEUX;2;14.0;0
Feuquières;49.64;1.85;28/09/2026;07:00;13.5;2;NUAGEUX;2;15.1;0
Feuquières;49.64;1.85;28/09/2026;08:00;14.6;2;NUAGEUX;5;16.3;0
Feuquières;49.64;1.85;28/09/2026;09:00;15.5;2;NUAGEUX;5;8.3;0
Feuquières;49.64;1.85;28/09/2026;10:00;16.4;2;NUAGEUX;5;11.9;0
Feuquières;49.64;1.85;28/09/2026;11:00;20;7;PLUIE FAIBLE;3;15.8;0
Feuquières;49.64;1.85;28/09/2026;12:00;20;7;PLUIE FAIBLE;3;20.9;0
Feuquières;49.64;1.85;28/09/2026;13:00;20;7;PLUIE FAIBLE;3;26.3;0
Feuquières;49.64;1.85;28/09/2026;14:00;20.2;2;NUAGEUX;5;29.2;0
Feuquières;49.64;1.85;28/09/2026;15:00;21.1;2;NUAGEUX;5;27.7;0
Feuquières;49.64;1.85;28/09/2026;16:00;20.2;2;NUAGEUX;5;23.4;0
Feuquières;49.64;1.85;28/09/2026;17:00;18.1;2;NUAGEUX;3;19.1;0
Feuquières;49.64;1.85;28/09/2026;18:00;18.1;2;NUAGEUX;3;14.8;0
Feuquières;49.64;1.85;28/09/2026;19:00;18.1;2;NUAGEUX;3;10.1;0
Feuquières;49.64;1.85;28/09/2026;20:00;16.4;2;NUAGEUX;5;7.2;0
Feuquières;49.64;1.85;28/09/2026;21:00;15.5;2;NUAGEUX;5;6.8;0
Feuquières;49.64;1.85;28/09/2026;22:00;14.6;2;NUAGEUX;5;7.6;0
Feuquières;49.64;1.85;28/09/2026;23:00;15.7;2;NUAGEUX;5;9.0;0
Rosoy-en-Multien;49.098;2.995;24/09/2026;00:00;10.6;0;SOLEIL;2;6.8;0
Rosoy-en-Multien;49.098;2.995;24/09/2026;01:00;10.4;0;SOLEIL;2;6.5;0
Rosoy-en-Multien;49.098;2.995;24/09/2026;02:00;10.6;3;TRÈS NUAGEUX;2;4.3;0
Rosoy-en-Multien;49.098;2.995;24/09/2026;03:00;10.4;3;TRÈS NUAGEUX;2;2.5;0
Rosoy-en-Multien;49.098;2.995;24/09/2026;04:00;10.1;3;TRÈS NUAGEUX;2;2.5;0
Rosoy-en-Multien;49.098;2.995;24/09/2026;05:00;10;3;TRÈS NUAGEUX;0;2.2;0
Rosoy-en-Multien;49.098;2.995;24/09/2026;06:00;10.2;3;TRÈS NUAGEUX;2;4.3;0
Rosoy-en-Multien;49.098;2.995;24/09/2026;07:00;12.1;3;TRÈS NUAGEUX;2;7.6;0
Rosoy-en-Multien;49.098;2.995;24/09/2026;08:00;14.1;3;TRÈS NUAGEUX;3;7.9;0
Rosoy-en-Multien;49.098;2.995;24/09/2026;09:00;17.1;0;SOLEIL;3;12.2;0
Rosoy-en-Multien;49.098;2.995;24/09/2026;10:00;19.9;0;SOLEIL;3;16.2;0
Rosoy-en-Multien;49.098;2.995;24/09/2026;11:00;21.7;0;SOLEIL;2;14.0;0
Rosoy-en-Multien;49.098;2.995;24/09/2026;12:00;22.4;0;SOLEIL;2;14.8;0
Rosoy-en-Multien;49.098;2.995;24/09/2026;13:00;23.1;0;SOLEIL;2;14.4;0
Rosoy-en-Multien;49.098;2.995;24/09/2026;14:00;24.2;0;SOLEIL;2;7.2;0
Rosoy-en-Multien;49.098;2.995;24/09/2026;15:00;24.4;0;SOLEIL;2;6.5;0
Rosoy-en-Multien;49.098;2.995;24/09/2026;16:00;23.7;0;SOLEIL;2;8.6;0
Rosoy-en-Multien;49.098;2.995;24/09/2026;17:00;21.5;0;SOLEIL;3;11.2;0
Rosoy-en-Multien;49.098;2.995;24/09/2026;18:00;18.1;0;SOLEIL;2;12.2;0
Rosoy-en-Multien;49.098;2.995;24/09/2026;19:00;15.9;0;SOLEIL;2;12.6;0
Rosoy-en-Multien;49.098;2.995;24/09/2026;20:00;13.6;0;SOLEIL;2;13.0;0
Rosoy-en-Multien;49.098;2.995;24/09/2026;21:00;12.4;0;SOLEIL;2;8.6;0
Rosoy-en-Multien;49.098;2.995;24/09/2026;22:00;12.4;0;SOLEIL;2;8.6;0
Rosoy-en-Multien;49.098;2.995;24/09/2026;23:00;11.9;0;SOLEIL;2;8.3;0
Rosoy-en-Multien;49.098;2.995;25/09/2026;00:00;10.4;0;SOLEIL;2;7.2;0
Rosoy-en-Multien;49.098;2.995;25/09/2026;01:00;10.4;0;SOLEIL;2;6.5;0
Rosoy-en-Multien;49.098;2.995;25/09/2026;02:00;8.1;0;SOLEIL;2;7.2;0
Rosoy-en-Multien;49.098;2.995;25/09/2026;03:00;8.1;0;SOLEIL;2;6.8;0
Rosoy-en-Multien;49.098;2.995;25/09/2026;04:00;8.1;0;SOLEIL;2;7.2;0
Rosoy-en-Multien;49.098;2.995;25/09/2026;05:00;5.4;0;SOLEIL;2;6.5;0
Rosoy-en-Multien;49.098;2.995;25/09/2026;06:00;5.4;0;SOLEIL;2;5.4;0
Rosoy-en-Multien;49.098;2.995;25/09/2026;07:00;5.4;0;SOLEIL;2;5.4;0
Rosoy-en-Multien;49.098;2.995;25/09/2026;08:00;18.7;0;SOLEIL;2;5.8;0
Rosoy-en-Multien;49.098;2.995;25/09/2026;09:00;18.7;0;SOLEIL;2;5.3;0
Rosoy-en-Multien;49.098;2.995;25/09/2026;10:00;18.7;0;SOLEIL;2;7.4;0
Rosoy-en-Multien;49.098;2.995;25/09/2026;11:00;25.1;0;SOLEIL;2;13.8;0
Rosoy-en-Multien;49.098;2.995;25/09/2026;12:00;25.1;0;SOLEIL;2;17.6;0
Rosoy-en-Multien;49.098;2.995;25/09/2026;13:00;25.1;0;SOLEIL;2;18.0;0
Rosoy-en-Multien;49.098;2.995;25/09/2026;14:00;26.7;0;SOLEIL;2;18.0;0
Rosoy-en-Multien;49.098;2.995;25/09/2026;15:00;26.7;0;SOLEIL;2;18.0;0
Rosoy-en-Multien;49.098;2.995;25/09/2026;16:00;26.7;0;SOLEIL;2;17.6;0
Rosoy-en-Multien;49.098;2.995;25/09/2026;17:00;17.1;0;SOLEIL;2;16.9;0
Rosoy-en-Multien;49.098;2.995;25/09/2026;18:00;17.1;0;SOLEIL;2;15.5;0
Rosoy-en-Multien;49.098;2.995;25/09/2026;19:00;17.1;0;SOLEIL;2;14.0;0
Rosoy-en-Multien;49.098;2.995;25/09/2026;20:00;12;0;SOLEIL;3;10.8;0
Rosoy-en-Multien;49.098;2.995;25/09/2026;21:00;12;0;SOLEIL;3;9.7;0
Rosoy-en-Multien;49.098;2.995;25/09/2026;22:00;12;0;SOLEIL;3;8.6;0
Rosoy-en-Multien;49.098;2.995;25/09/2026;23:00;9.6;0;SOLEIL;1;9.7;0
Rosoy-en-Multien;49.098;2.995;26/09/2026;00:00;9.6;0;SOLEIL;1;10.1;0
Rosoy-en-Multien;49.098;2.995;26/09/2026;01:00;9.6;0;SOLEIL;1;8.3;0
Rosoy-en-Multien;49.098;2.995;26/09/2026;02:00;7.6;0;SOLEIL;1;6.8;0
Rosoy-en-Multien;49.098;2.995;26/09/2026;03:00;7.6;0;SOLEIL;1;7.2;0
Rosoy-en-Multien;49.098;2.995;26/09/2026;04:00;7.6;0;SOLEIL;1;6.1;0
Rosoy-en-Multien;49.098;2.995;26/09/2026;05:00;5.9;0;SOLEIL;1;5.4;0
Rosoy-en-Multien;49.098;2.995;26/09/2026;06:00;5.9;0;SOLEIL;1;7.9;0
Rosoy-en-Multien;49.098;2.995;26/09/2026;07:00;5.9;0;SOLEIL;1;9.0;0
Rosoy-en-Multien;49.098;2.995;26/09/2026;08:00;19.2;0;SOLEIL;2;9.4;0
Rosoy-en-Multien;49.098;2.995;26/09/2026;09:00;19.2;0;SOLEIL;2;10.1;0
Rosoy-en-Multien;49.098;2.995;26/09/2026;10:00;19.2;0;SOLEIL;2;19.8;0
Rosoy-en-Multien;49.098;2.995;26/09/2026;11:00;25.1;0;SOLEIL;3;27.7;0
Rosoy-en-Multien;49.098;2.995;26/09/2026;12:00;25.1;0;SOLEIL;3;26.6;0
Rosoy-en-Multien;49.098;2.995;26/09/2026;13:00;25.1;0;SOLEIL;3;22.0;0
Rosoy-en-Multien;49.098;2.995;26/09/2026;14:00;25.6;0;SOLEIL;2;24.1;0
Rosoy-en-Multien;49.098;2.995;26/09/2026;15:00;25.6;0;SOLEIL;2;24.1;0
Rosoy-en-Multien;49.098;2.995;26/09/2026;16:00;25.6;0;SOLEIL;2;24.8;0
Rosoy-en-Multien;49.098;2.995;26/09/2026;17:00;19.7;0;SOLEIL;2;24.8;0
Rosoy-en-Multien;49.098;2.995;26/09/2026;18:00;19.7;0;SOLEIL;2;23.8;0
Rosoy-en-Multien;49.098;2.995;26/09/2026;19:00;19.7;0;SOLEIL;2;22.0;0
Rosoy-en-Multien;49.098;2.995;26/09/2026;20:00;14.5;0;SOLEIL;5;19.8;0
Rosoy-en-Multien;49.098;2.995;26/09/2026;21:00;12.2;0;SOLEIL;5;16.6;0
Rosoy-en-Multien;49.098;2.995;26/09/2026;22:00;9.8;0;SOLEIL;5;12.2;0
Rosoy-en-Multien;49.098;2.995;26/09/2026;23:00;11.5;0;SOLEIL;2;9.0;0
Rosoy-en-Multien;49.098;2.995;27/09/2026;00:00;11.5;0;SOLEIL;2;6.8;0
Rosoy-en-Multien;49.098;2.995;27/09/2026;01:00;11.5;0;SOLEIL;2;5.4;0
Rosoy-en-Multien;49.098;2.995;27/09/2026;02:00;10.1;2;NUAGEUX;5;4.7;0
Rosoy-en-Multien;49.098;2.995;27/09/2026;03:00;10.1;2;NUAGEUX;5;4.7;0
Rosoy-en-Multien;49.098;2.995;27/09/2026;04:00;10.1;2;NUAGEUX;5;5.0;0
Rosoy-en-Multien;49.098;2.995;27/09/2026;05:00;11.4;2;NUAGEUX;2;5.4;0
Rosoy-en-Multien;49.098;2.995;27/09/2026;06:00;11.4;2;NUAGEUX;2;5.4;0
Rosoy-en-Multien;49.098;2.995;27/09/2026;07:00;11.4;2;NUAGEUX;2;5.4;0
Rosoy-en-Multien;49.098;2.995;27/09/2026;08:00;13.4;2;NUAGEUX;5;6.5;0
Rosoy-en-Multien;49.098;2.995;27/09/2026;09:00;15.0;2;NUAGEUX;5;9.0;0
Rosoy-en-Multien;49.098;2.995;27/09/2026;10:00;16.7;2;NUAGEUX;5;12.6;0
Rosoy-en-Multien;49.098;2.995;27/09/2026;11:00;22.9;2;NUAGEUX;3;15.5;0
Rosoy-en-Multien;49.098;2.995;27/09/2026;12:00;22.9;2;NUAGEUX;3;17.6;0
Rosoy-en-Multien;49.098;2.995;27/09/2026;13:00;22.9;2;NUAGEUX;3;19.4;0
Rosoy-en-Multien;49.098;2.995;27/09/2026;14:00;23.3;2;NUAGEUX;5;20.9;0
Rosoy-en-Multien;49.098;2.995;27/09/2026;15:00;24.9;2;NUAGEUX;5;23.0;0
Rosoy-en-Multien;49.098;2.995;27/09/2026;16:00;23.3;2;NUAGEUX;5;25.2;0
Rosoy-en-Multien;49.098;2.995;27/09/2026;17:00;19;2;NUAGEUX;2;25.2;0
Rosoy-en-Multien;49.098;2.995;27/09/2026;18:00;19;2;NUAGEUX;2;21.2;0
Rosoy-en-Multien;49.098;2.995;27/09/2026;19:00;19;2;NUAGEUX;2;15.1;0
Rosoy-en-Multien;49.098;2.995;27/09/2026;20:00;16.7;2;NUAGEUX;5;10.4;0
Rosoy-en-Multien;49.098;2.995;27/09/2026;21:00;15.0;2;NUAGEUX;5;7.6;0
Rosoy-en-Multien;49.098;2.995;27/09/2026;22:00;13.4;2;NUAGEUX;5;5.8;0
Rosoy-en-Multien;49.098;2.995;27/09/2026;23:00;15.1;2;NUAGEUX;2;6.1;0
Rosoy-en-Multien;49.098;2.995;28/09/2026;00:00;15.1;2;NUAGEUX;2;9.7;0
Rosoy-en-Multien;49.098;2.995;28/09/2026;01:00;15.1;2;NUAGEUX;2;15.5;0
Rosoy-en-Multien;49.098;2.995;28/09/2026;02:00;12.9;7;PLUIE FAIBLE;5;19.4;0
Rosoy-en-Multien;49.098;2.995;28/09/2026;03:00;12.9;7;PLUIE FAIBLE;5;20.5;0
Rosoy-en-Multien;49.098;2.995;28/09/2026;04:00;12.9;7;PLUIE FAIBLE;5;20.2;0
Rosoy-en-Multien;49.098;2.995;28/09/2026;05:00;13.6;2;NUAGEUX;2;18.4;0
Rosoy-en-Multien;49.098;2.995;28/09/2026;06:00;13.6;2;NUAGEUX;2;14.9;0
Rosoy-en-Multien;49.098;2.995;28/09/2026;07:00;13.6;2;NUAGEUX;2;9.5;0
Rosoy-en-Multien;49.098;2.995;28/09/2026;08:00;15.2;7;PLUIE FAIBLE;5;5.2;0
Rosoy-en-Multien;49.098;2.995;28/09/2026;09:00;16.3;7;PLUIE FAIBLE;5;4.0;0
Rosoy-en-Multien;49.098;2.995;28/09/2026;10:00;17.4;7;PLUIE FAIBLE;5;4.3;0
Rosoy-en-Multien;49.098;2.995;28/09/2026;11:00;21.5;7;PLUIE FAIBLE;3;7.6;0
Rosoy-en-Multien;49.098;2.995;28/09/2026;12:00;21.5;7;PLUIE FAIBLE;3;17.3;0
Rosoy-en-Multien;49.098;2.995;28/09/2026;13:00;21.5;7;PLUIE FAIBLE;3;29.9;0
Rosoy-en-Multien;49.098;2.995;28/09/2026;14:00;22.0;7;PLUIE FAIBLE;5;36.4;0
Rosoy-en-Multien;49.098;2.995;28/09/2026;15:00;23.1;7;PLUIE FAIBLE;5;31.3;0
Rosoy-en-Multien;49.098;2.995;28/09/2026;16:00;22.0;7;PLUIE FAIBLE;5;20.5;0
Rosoy-en-Multien;49.098;2.995;28/09/2026;17:00;18.6;7;PLUIE FAIBLE;2;11.9;0
Rosoy-en-Multien;49.098;2.995;28/09/2026;18:00;18.6;7;PLUIE FAIBLE;2;9.4;0
Rosoy-en-Multien;49.098;2.995;28/09/2026;19:00;18.6;7;PLUIE FAIBLE;2;9.4;0
Rosoy-en-Multien;49.098;2.995;28/09/2026;20:00;17.4;7;PLUIE FAIBLE;5;9.7;0
Rosoy-en-Multien;49.098;2.995;28/09/2026;21:00;16.3;7;PLUIE FAIBLE;5;9.4;0
Rosoy-en-Multien;49.098;2.995;28/09/2026;22:00;15.2;7;PLUIE FAIBLE;5;9.4;0
Rosoy-en-Multien;49.098;2.995;28/09/2026;23:00;15.9;2;NUAGEUX;4;9.4;0
Arras;50.29;2.78;24/09/2026;00:00;14.5;3;TRÈS NUAGEUX;3;15.1;0
Arras;50.29;2.78;24/09/2026;01:00;14.6;2;NUAGEUX;3;20.9;0
Arras;50.29;2.78;24/09/2026;02:00;14.7;0;SOLEIL;2;22.0;0
Arras;50.29;2.78;24/09/2026;03:00;13.7;0;SOLEIL;2;22.0;0
Arras;50.29;2.78;24/09/2026;04:00;13.2;0;SOLEIL;2;15.8;0
Arras;50.29;2.78;24/09/2026;05:00;12.9;0;SOLEIL;2;13.0;0
Arras;50.29;2.78;24/09/2026;06:00;12.7;0;SOLEIL;2;11.9;0
Arras;50.29;2.78;24/09/2026;07:00;14;0;SOLEIL;2;12.6;0
Arras;50.29;2.78;24/09/2026;08:00;15.7;0;SOLEIL;2;14.0;0
Arras;50.29;2.78;24/09/2026;09:00;17.2;0;SOLEIL;2;13.7;0
Arras;50.29;2.78;24/09/2026;10:00;18.4;0;SOLEIL;2;12.2;0
Arras;50.29;2.78;24/09/2026;11:00;19.5;0;SOLEIL;2;13.7;0
Arras;50.29;2.78;24/09/2026;12:00;20.6;0;SOLEIL;2;14.8;0
Arras;50.29;2.78;24/09/2026;13:00;20.9;0;SOLEIL;2;16.6;0
Arras;50.29;2.78;24/09/2026;14:00;21.4;0;SOLEIL;2;17.3;0
Arras;50.29;2.78;24/09/2026;15:00;21.5;0;SOLEIL;2;16.6;0
Arras;50.29;2.78;24/09/2026;16:00;21.2;0;SOLEIL;2;13.7;0
Arras;50.29;2.78;24/09/2026;17:00;20.5;0;SOLEIL;3;13.3;0
Arras;50.29;2.78;24/09/2026;18:00;18.6;0;SOLEIL;3;12.6;0
Arras;50.29;2.78;24/09/2026;19:00;16.6;0;SOLEIL;3;14.0;0
Arras;50.29;2.78;24/09/2026;20:00;15.5;0;SOLEIL;2;15.1;0
Arras;50.29;2.78;24/09/2026;21:00;14.6;0;SOLEIL;2;18.4;0
Arras;50.29;2.78;24/09/2026;22:00;13.9;0;SOLEIL;2;18.7;0
Arras;50.29;2.78;24/09/2026;23:00;13.1;0;SOLEIL;2;18.0;0
Arras;50.29;2.78;25/09/2026;00:00;12.6;0;SOLEIL;2;18.4;0
Arras;50.29;2.78;25/09/2026;01:00;12.6;0;SOLEIL;2;17.3;0
Arras;50.29;2.78;25/09/2026;02:00;9.9;0;SOLEIL;3;17.6;0
Arras;50.29;2.78;25/09/2026;03:00;9.9;0;SOLEIL;3;22.0;0
Arras;50.29;2.78;25/09/2026;04:00;9.9;0;SOLEIL;3;20.5;0
Arras;50.29;2.78;25/09/2026;05:00;11.1;0;SOLEIL;3;17.3;0
Arras;50.29;2.78;25/09/2026;06:00;11.1;0;SOLEIL;3;16.6;0
Arras;50.29;2.78;25/09/2026;07:00;11.1;0;SOLEIL;3;13.7;0
Arras;50.29;2.78;25/09/2026;08:00;18.1;0;SOLEIL;3;13.7;0
Arras;50.29;2.78;25/09/2026;09:00;18.1;0;SOLEIL;3;13.7;0
Arras;50.29;2.78;25/09/2026;10:00;18.1;0;SOLEIL;3;18.0;0
Arras;50.29;2.78;25/09/2026;11:00;24.1;0;SOLEIL;3;19.4;0
Arras;50.29;2.78;25/09/2026;12:00;24.1;0;SOLEIL;3;23.0;0
Arras;50.29;2.78;25/09/2026;13:00;24.1;0;SOLEIL;3;24.1;0
Arras;50.29;2.78;25/09/2026;14:00;25.1;0;SOLEIL;3;24.8;0
Arras;50.29;2.78;25/09/2026;15:00;25.1;0;SOLEIL;3;24.1;0
Arras;50.29;2.78;25/09/2026;16:00;25.1;0;SOLEIL;3;22.3;0
Arras;50.29;2.78;25/09/2026;17:00;20.5;0;SOLEIL;2;22.0;0
Arras;50.29;2.78;25/09/2026;18:00;20.5;0;SOLEIL;2;18.0;0
Arras;50.29;2.78;25/09/2026;19:00;20.5;0;SOLEIL;2;16.6;0
Arras;50.29;2.78;25/09/2026;20:00;16;0;SOLEIL;3;15.8;0
Arras;50.29;2.78;25/09/2026;21:00;16;0;SOLEIL;3;15.5;0
Arras;50.29;2.78;25/09/2026;22:00;16;0;SOLEIL;3;18.1;0
Arras;50.29;2.78;25/09/2026;23:00;13.7;0;SOLEIL;3;18.5;0
Arras;50.29;2.78;26/09/2026;00:00;13.7;0;SOLEIL;3;18.9;0
Arras;50.29;2.78;26/09/2026;01:00;13.7;0;SOLEIL;3;22.0;0
Arras;50.29;2.78;26/09/2026;02:00;12.7;0;SOLEIL;3;23.8;0
Arras;50.29;2.78;26/09/2026;03:00;12.7;0;SOLEIL;3;23.8;0
Arras;50.29;2.78;26/09/2026;04:00;12.7;0;SOLEIL;3;22.3;0
Arras;50.29;2.78;26/09/2026;05:00;10.9;0;SOLEIL;3;21.6;0
Arras;50.29;2.78;26/09/2026;06:00;10.9;0;SOLEIL;3;21.2;0
Arras;50.29;2.78;26/09/2026;07:00;10.9;0;SOLEIL;3;18.7;0
Arras;50.29;2.78;26/09/2026;08:00;19;0;SOLEIL;3;16.9;0
Arras;50.29;2.78;26/09/2026;09:00;19;0;SOLEIL;3;16.2;0
Arras;50.29;2.78;26/09/2026;10:00;19;0;SOLEIL;3;19.4;0
Arras;50.29;2.78;26/09/2026;11:00;22.9;0;SOLEIL;4;24.5;0
Arras;50.29;2.78;26/09/2026;12:00;22.9;0;SOLEIL;4;27.7;0
Arras;50.29;2.78;26/09/2026;13:00;22.9;0;SOLEIL;4;30.2;0
Arras;50.29;2.78;26/09/2026;14:00;22.6;5;SOLEIL VOILÉ;4;30.2;0
Arras;50.29;2.78;26/09/2026;15:00;22.6;5;SOLEIL VOILÉ;4;29.2;0
Arras;50.29;2.78;26/09/2026;16:00;22.6;5;SOLEIL VOILÉ;4;30.2;0
Arras;50.29;2.78;26/09/2026;17:00;19;5;SOLEIL VOILÉ;4;32.0;0
Arras;50.29;2.78;26/09/2026;18:00;19;5;SOLEIL VOILÉ;4;33.1;0
Arras;50.29;2.78;26/09/2026;19:00;19;5;SOLEIL VOILÉ;4;31.7;0
Arras;50.29;2.78;26/09/2026;20:00;16.1;0;SOLEIL;5;28.8;0
Arras;50.29;2.78;26/09/2026;21:00;14.6;0;SOLEIL;5;19.8;0
Arras;50.29;2.78;26/09/2026;22:00;13.0;0;SOLEIL;5;18.0;0
Arras;50.29;2.78;26/09/2026;23:00;13.7;0;SOLEIL;2;16.2;0
Arras;50.29;2.78;27/09/2026;00:00;13.7;0;SOLEIL;2;14.0;0
Arras;50.29;2.78;27/09/2026;01:00;13.7;0;SOLEIL;2;13.0;0
Arras;50.29;2.78;27/09/2026;02:00;12.2;2;NUAGEUX;5;10.4;0
Arras;50.29;2.78;27/09/2026;03:00;12.2;2;NUAGEUX;5;9.7;0
Arras;50.29;2.78;27/09/2026;04:00;12.2;2;NUAGEUX;5;9.4;0
Arras;50.29;2.78;27/09/2026;05:00;13.2;6;AVERSES;2;9.4;0
Arras;50.29;2.78;27/09/2026;06:00;13.2;6;AVERSES;2;10.1;0
Arras;50.29;2.78;27/09/2026;07:00;13.2;6;AVERSES;2;11.2;0
Arras;50.29;2.78;27/09/2026;08:00;14.7;2;NUAGEUX;5;12.6;0
Arras;50.29;2.78;27/09/2026;09:00;16.0;2;NUAGEUX;5;14.8;0
Arras;50.29;2.78;27/09/2026;10:00;17.3;2;NUAGEUX;5;17.3;0
Arras;50.29;2.78;27/09/2026;11:00;22;2;NUAGEUX;3;19.8;0
Arras;50.29;2.78;27/09/2026;12:00;22;2;NUAGEUX;3;22.3;0
Arras;50.29;2.78;27/09/2026;13:00;22;2;NUAGEUX;3;24.8;0
Arras;50.29;2.78;27/09/2026;14:00;22.3;2;NUAGEUX;5;27.0;0
Arras;50.29;2.78;27/09/2026;15:00;23.6;2;NUAGEUX;5;29.2;0
Arras;50.29;2.78;27/09/2026;16:00;22.3;2;NUAGEUX;5;31.0;0
Arras;50.29;2.78;27/09/2026;17:00;19.6;2;NUAGEUX;3;31.7;0
Arras;50.29;2.78;27/09/2026;18:00;19.6;2;NUAGEUX;3;30.2;0
Arras;50.29;2.78;27/09/2026;19:00;19.6;2;NUAGEUX;3;27.4;0
Arras;50.29;2.78;27/09/2026;20:00;17.3;2;NUAGEUX;5;24.1;0
Arras;50.29;2.78;27/09/2026;21:00;16.0;2;NUAGEUX;5;19.8;0
Arras;50.29;2.78;27/09/2026;22:00;14.7;2;NUAGEUX;5;15.1;0
Arras;50.29;2.78;27/09/2026;23:00;16.1;7;PLUIE FAIBLE;3;11.2;0
Arras;50.29;2.78;28/09/2026;00:00;16.1;7;PLUIE FAIBLE;3;9.0;0
Arras;50.29;2.78;28/09/2026;01:00;16.1;7;PLUIE FAIBLE;3;7.9;0
Arras;50.29;2.78;28/09/2026;02:00;13.7;7;PLUIE FAIBLE;5;6.8;0
Arras;50.29;2.78;28/09/2026;03:00;13.7;7;PLUIE FAIBLE;5;6.1;0
Arras;50.29;2.78;28/09/2026;04:00;13.7;7;PLUIE FAIBLE;5;5.4;0
Arras;50.29;2.78;28/09/2026;05:00;14.6;2;NUAGEUX;2;5.0;0
Arras;50.29;2.78;28/09/2026;06:00;14.6;2;NUAGEUX;2;4.3;0
Arras;50.29;2.78;28/09/2026;07:00;14.6;2;NUAGEUX;2;4.0;0
Arras;50.29;2.78;28/09/2026;08:00;15.6;7;PLUIE FAIBLE;5;4.3;0
Arras;50.29;2.78;28/09/2026;09:00;16.6;7;PLUIE FAIBLE;5;6.8;0
Arras;50.29;2.78;28/09/2026;10:00;17.6;7;PLUIE FAIBLE;5;10.1;0
Arras;50.29;2.78;28/09/2026;11:00;20.6;7;PLUIE FAIBLE;3;13.3;0
Arras;50.29;2.78;28/09/2026;12:00;20.6;7;PLUIE FAIBLE;3;15.8;0
Arras;50.29;2.78;28/09/2026;13:00;20.6;7;PLUIE FAIBLE;3;18.0;0
Arras;50.29;2.78;28/09/2026;14:00;21.4;7;PLUIE FAIBLE;5;20.2;0
Arras;50.29;2.78;28/09/2026;15:00;22.4;7;PLUIE FAIBLE;5;22.3;0
Arras;50.29;2.78;28/09/2026;16:00;21.4;7;PLUIE FAIBLE;5;24.1;0
Arras;50.29;2.78;28/09/2026;17:00;19.1;7;PLUIE FAIBLE;3;24.1;0
Arras;50.29;2.78;28/09/2026;18:00;19.1;7;PLUIE FAIBLE;3;20.9;0
Arras;50.29;2.78;28/09/2026;19:00;19.1;7;PLUIE FAIBLE;3;16.2;0
Arras;50.29;2.78;28/09/2026;20:00;17.6;7;PLUIE FAIBLE;5;12.2;0
Arras;50.29;2.78;28/09/2026;21:00;16.6;7;PLUIE FAIBLE;5;10.1;0
Arras;50.29;2.78;28/09/2026;22:00;15.6;7;PLUIE FAIBLE;5;9.0;0
Arras;50.29;2.78;28/09/2026;23:00;16.5;2;NUAGEUX;4;10.1;0
Berck;50.4;1.57;24/09/2026;00:00;17.1;3;TRÈS NUAGEUX;5;20.9;0
Berck;50.4;1.57;24/09/2026;01:00;15.7;2;NUAGEUX;4;20.9;0
Berck;50.4;1.57;24/09/2026;02:00;15.1;0;SOLEIL;3;18.4;0
Berck;50.4;1.57;24/09/2026;03:00;14.6;0;SOLEIL;3;16.6;0
Berck;50.4;1.57;24/09/2026;04:00;14;0;SOLEIL;2;12.6;0
Berck;50.4;1.57;24/09/2026;05:00;14.2;0;SOLEIL;2;13.0;0
Berck;50.4;1.57;24/09/2026;06:00;13.6;0;SOLEIL;2;13.3;0
Berck;50.4;1.57;24/09/2026;07:00;14.1;0;SOLEIL;3;10.4;0
Berck;50.4;1.57;24/09/2026;08:00;15.4;0;SOLEIL;3;10.8;0
Berck;50.4;1.57;24/09/2026;09:00;17;0;SOLEIL;4;9.7;0
Berck;50.4;1.57;24/09/2026;10:00;17.2;0;SOLEIL;4;14.0;0
Berck;50.4;1.57;24/09/2026;11:00;18.1;0;SOLEIL;3;19.1;0
Berck;50.4;1.57;24/09/2026;12:00;18.9;0;SOLEIL;2;20.5;0
Berck;50.4;1.57;24/09/2026;13:00;18.4;0;SOLEIL;4;15.5;0
Berck;50.4;1.57;24/09/2026;14:00;18.1;0;SOLEIL;4;10.1;0
Berck;50.4;1.57;24/09/2026;15:00;18.5;0;SOLEIL;5;9.0;0
Berck;50.4;1.57;24/09/2026;16:00;18.6;0;SOLEIL;5;11.2;0
Berck;50.4;1.57;24/09/2026;17:00;19;0;SOLEIL;5;12.6;0
Berck;50.4;1.57;24/09/2026;18:00;19.1;0;SOLEIL;4;17.3;0
Berck;50.4;1.57;24/09/2026;19:00;18.5;0;SOLEIL;4;15.1;0
Berck;50.4;1.57;24/09/2026;20:00;17.5;0;SOLEIL;5;16.9;0
Berck;50.4;1.57;24/09/2026;21:00;16.6;0;SOLEIL;5;16.2;0
Berck;50.4;1.57;24/09/2026;22:00;16.1;0;SOLEIL;5;18.0;0
Berck;50.4;1.57;24/09/2026;23:00;15.5;0;SOLEIL;5;19.4;0
Berck;50.4;1.57;25/09/2026;00:00;14.7;0;SOLEIL;5;21.2;0
Berck;50.4;1.57;25/09/2026;01:00;14.7;0;SOLEIL;5;22.0;0
Berck;50.4;1.57;25/09/2026;02:00;13.1;0;SOLEIL;4;22.0;0
Berck;50.4;1.57;25/09/2026;03:00;13.1;0;SOLEIL;4;22.0;0
Berck;50.4;1.57;25/09/2026;04:00;13.1;0;SOLEIL;4;22.0;0
Berck;50.4;1.57;25/09/2026;05:00;12.6;0;SOLEIL;4;21.6;0
Berck;50.4;1.57;25/09/2026;06:00;12.6;0;SOLEIL;4;20.2;0
Berck;50.4;1.57;25/09/2026;07:00;12.6;0;SOLEIL;4;20.9;0
Berck;50.4;1.57;25/09/2026;08:00;17.9;0;SOLEIL;4;20.5;0
Berck;50.4;1.57;25/09/2026;09:00;17.9;0;SOLEIL;4;19.1;0
Berck;50.4;1.57;25/09/2026;10:00;17.9;0;SOLEIL;4;22.3;0
Berck;50.4;1.57;25/09/2026;11:00;22.6;0;SOLEIL;3;24.5;0
Berck;50.4;1.57;25/09/2026;12:00;22.6;0;SOLEIL;3;25.9;0
Berck;50.4;1.57;25/09/2026;13:00;22.6;0;SOLEIL;3;24.1;0
Berck;50.4;1.57;25/09/2026;14:00;23.6;0;SOLEIL;1;23.4;0
Berck;50.4;1.57;25/09/2026;15:00;23.6;0;SOLEIL;1;20.5;0
Berck;50.4;1.57;25/09/2026;16:00;23.6;0;SOLEIL;1;18.0;0
Berck;50.4;1.57;25/09/2026;17:00;20.6;0;SOLEIL;2;14.8;0
Berck;50.4;1.57;25/09/2026;18:00;20.6;0;SOLEIL;2;11.5;0
Berck;50.4;1.57;25/09/2026;19:00;20.6;0;SOLEIL;2;8.6;0
Berck;50.4;1.57;25/09/2026;20:00;18.1;0;SOLEIL;4;9.7;0
Berck;50.4;1.57;25/09/2026;21:00;18.1;0;SOLEIL;4;9.7;0
Berck;50.4;1.57;25/09/2026;22:00;18.1;0;SOLEIL;4;9.4;0
Berck;50.4;1.57;25/09/2026;23:00;15.6;0;SOLEIL;4;7.2;0
Berck;50.4;1.57;26/09/2026;00:00;15.6;0;SOLEIL;4;3.6;0
Berck;50.4;1.57;26/09/2026;01:00;15.6;0;SOLEIL;4;5.4;0
Berck;50.4;1.57;26/09/2026;02:00;15.1;0;SOLEIL;4;10.8;0
Berck;50.4;1.57;26/09/2026;03:00;15.1;0;SOLEIL;4;10.8;0
Berck;50.4;1.57;26/09/2026;04:00;15.1;0;SOLEIL;4;13.7;0
Berck;50.4;1.57;26/09/2026;05:00;15.1;0;SOLEIL;3;15.1;0
Berck;50.4;1.57;26/09/2026;06:00;15.1;0;SOLEIL;3;16.6;0
Berck;50.4;1.57;26/09/2026;07:00;15.1;0;SOLEIL;3;20.2;0
Berck;50.4;1.57;26/09/2026;08:00;18.2;5;SOLEIL VOILÉ;5;24.8;0
Berck;50.4;1.57;26/09/2026;09:00;18.2;5;SOLEIL VOILÉ;5;23.4;0
Berck;50.4;1.57;26/09/2026;10:00;18.2;5;SOLEIL VOILÉ;5;31.0;0
Berck;50.4;1.57;26/09/2026;11:00;19.6;5;SOLEIL VOILÉ;5;32.0;0
Berck;50.4;1.57;26/09/2026;12:00;19.6;5;SOLEIL VOILÉ;5;29.5;0
Berck;50.4;1.57;26/09/2026;13:00;19.6;5;SOLEIL VOILÉ;5;26.3;0
Berck;50.4;1.57;26/09/2026;14:00;18.2;5;SOLEIL VOILÉ;5;26.6;0
Berck;50.4;1.57;26/09/2026;15:00;18.2;5;SOLEIL VOILÉ;5;26.6;0
Berck;50.4;1.57;26/09/2026;16:00;18.2;5;SOLEIL VOILÉ;5;27.7;0
Berck;50.4;1.57;26/09/2026;17:00;16.7;5;SOLEIL VOILÉ;4;27.0;0
Berck;50.4;1.57;26/09/2026;18:00;16.7;5;SOLEIL VOILÉ;4;23.8;0
Berck;50.4;1.57;26/09/2026;19:00;16.7;5;SOLEIL VOILÉ;4;19.4;0
Berck;50.4;1.57;26/09/2026;20:00;17.1;5;SOLEIL VOILÉ;5;15.5;0
Berck;50.4;1.57;26/09/2026;21:00;16.4;5;SOLEIL VOILÉ;5;12.2;0
Berck;50.4;1.57;26/09/2026;22:00;15.8;5;SOLEIL VOILÉ;5;9.4;0
Berck;50.4;1.57;26/09/2026;23:00;13.6;0;SOLEIL;3;7.6;0
Berck;50.4;1.57;27/09/2026;00:00;13.6;0;SOLEIL;3;7.6;0
Berck;50.4;1.57;27/09/2026;01:00;13.6;0;SOLEIL;3;8.6;0
Berck;50.4;1.57;27/09/2026;02:00;12.6;2;NUAGEUX;5;9.4;0
Berck;50.4;1.57;27/09/2026;03:00;12.6;2;NUAGEUX;5;9.4;0
Berck;50.4;1.57;27/09/2026;04:00;12.6;2;NUAGEUX;5;9.4;0
Berck;50.4;1.57;27/09/2026;05:00;13.6;6;AVERSES;3;9.7;0
Berck;50.4;1.57;27/09/2026;06:00;13.6;6;AVERSES;3;10.1;0
Berck;50.4;1.57;27/09/2026;07:00;13.6;6;AVERSES;3;10.8;0
Berck;50.4;1.57;27/09/2026;08:00;14.4;2;NUAGEUX;5;12.6;0
Berck;50.4;1.57;27/09/2026;09:00;15.3;2;NUAGEUX;5;16.9;0
Berck;50.4;1.57;27/09/2026;10:00;16.2;2;NUAGEUX;5;22.7;0
Berck;50.4;1.57;27/09/2026;11:00;19.7;2;NUAGEUX;4;26.6;0
Berck;50.4;1.57;27/09/2026;12:00;19.7;2;NUAGEUX;4;27.7;0
Berck;50.4;1.57;27/09/2026;13:00;19.7;2;NUAGEUX;4;27.0;0
Berck;50.4;1.57;27/09/2026;14:00;19.7;2;NUAGEUX;5;27.4;0
Berck;50.4;1.57;27/09/2026;15:00;20.6;2;NUAGEUX;5;30.2;0
Berck;50.4;1.57;27/09/2026;16:00;19.7;2;NUAGEUX;5;33.8;0
Berck;50.4;1.57;27/09/2026;17:00;17.7;2;NUAGEUX;5;34.2;0
Berck;50.4;1.57;27/09/2026;18:00;17.7;2;NUAGEUX;5;28.8;0
Berck;50.4;1.57;27/09/2026;19:00;17.7;2;NUAGEUX;5;20.2;0
Berck;50.4;1.57;27/09/2026;20:00;16.2;2;NUAGEUX;5;13.3;0
Berck;50.4;1.57;27/09/2026;21:00;15.3;2;NUAGEUX;5;10.1;0
Berck;50.4;1.57;27/09/2026;22:00;14.4;2;NUAGEUX;5;9.0;0
Berck;50.4;1.57;27/09/2026;23:00;16.1;7;PLUIE FAIBLE;5;7.9;0
Berck;50.4;1.57;28/09/2026;00:00;16.1;7;PLUIE FAIBLE;5;7.2;0
Berck;50.4;1.57;28/09/2026;01:00;16.1;7;PLUIE FAIBLE;5;6.8;0
Berck;50.4;1.57;28/09/2026;02:00;14.1;7;PLUIE FAIBLE;5;6.8;0
Berck;50.4;1.57;28/09/2026;03:00;14.1;7;PLUIE FAIBLE;5;6.8;0
Berck;50.4;1.57;28/09/2026;04:00;14.1;7;PLUIE FAIBLE;5;6.8;0
Berck;50.4;1.57;28/09/2026;05:00;14.9;6;AVERSES;3;8.3;0
Berck;50.4;1.57;28/09/2026;06:00;14.9;6;AVERSES;3;13.8;0
Berck;50.4;1.57;28/09/2026;07:00;14.9;6;AVERSES;3;20.2;0
Berck;50.4;1.57;28/09/2026;08:00;15.5;7;PLUIE FAIBLE;5;24.8;0
Berck;50.4;1.57;28/09/2026;09:00;16.3;7;PLUIE FAIBLE;5;22.7;0
Berck;50.4;1.57;28/09/2026;10:00;17.0;7;PLUIE FAIBLE;5;20.5;0
Berck;50.4;1.57;28/09/2026;11:00;19.7;7;PLUIE FAIBLE;3;19.8;0
Berck;50.4;1.57;28/09/2026;12:00;19.7;7;PLUIE FAIBLE;3;21.2;0
Berck;50.4;1.57;28/09/2026;13:00;19.7;7;PLUIE FAIBLE;3;24.1;0
Berck;50.4;1.57;28/09/2026;14:00;19.9;7;PLUIE FAIBLE;5;24.5;0
Berck;50.4;1.57;28/09/2026;15:00;20.6;7;PLUIE FAIBLE;5;20.5;0
Berck;50.4;1.57;28/09/2026;16:00;19.9;7;PLUIE FAIBLE;5;14.4;0
Berck;50.4;1.57;28/09/2026;17:00;17.7;7;PLUIE FAIBLE;3;10.4;0
Berck;50.4;1.57;28/09/2026;18:00;17.7;7;PLUIE FAIBLE;3;10.4;0
Berck;50.4;1.57;28/09/2026;19:00;17.7;7;PLUIE FAIBLE;3;12.6;0
Berck;50.4;1.57;28/09/2026;20:00;17.0;7;PLUIE FAIBLE;5;14.0;0
Berck;50.4;1.57;28/09/2026;21:00;16.3;7;PLUIE FAIBLE;5;14.4;0
Berck;50.4;1.57;28/09/2026;22:00;15.5;7;PLUIE FAIBLE;5;14.0;0
Berck;50.4;1.57;28/09/2026;23:00;16.1;2;NUAGEUX;5;14.4;0
Calais;50.95;1.85;24/09/2026;00:00;17.7;2;NUAGEUX;4;34.9;0
Calais;50.95;1.85;24/09/2026;01:00;16.7;2;NUAGEUX;4;27.7;0
Calais;50.95;1.85;24/09/2026;02:00;16.6;0;SOLEIL;3;27.7;0
Calais;50.95;1.85;24/09/2026;03:00;16.1;0;SOLEIL;3;26.3;0
Calais;50.95;1.85;24/09/2026;04:00;15.7;0;SOLEIL;3;24.5;0
Calais;50.95;1.85;24/09/2026;05:00;15.5;0;SOLEIL;2;24.8;0
Calais;50.95;1.85;24/09/2026;06:00;15.2;0;SOLEIL;2;16.2;0
Calais;50.95;1.85;24/09/2026;07:00;15.4;0;SOLEIL;1;12.6;0
Calais;50.95;1.85;24/09/2026;08:00;16.7;0;SOLEIL;2;10.4;0
Calais;50.95;1.85;24/09/2026;09:00;17.6;0;SOLEIL;3;9.7;0
Calais;50.95;1.85;24/09/2026;10:00;18.9;0;SOLEIL;2;10.8;0
Calais;50.95;1.85;24/09/2026;11:00;19.9;0;SOLEIL;2;12.2;0
Calais;50.95;1.85;24/09/2026;12:00;20.5;0;SOLEIL;2;15.1;0
Calais;50.95;1.85;24/09/2026;13:00;21.2;0;SOLEIL;3;12.6;0
Calais;50.95;1.85;24/09/2026;14:00;21;0;SOLEIL;3;9.7;0
Calais;50.95;1.85;24/09/2026;15:00;20.5;0;SOLEIL;3;10.4;0
Calais;50.95;1.85;24/09/2026;16:00;20.2;0;SOLEIL;3;14.0;0
Calais;50.95;1.85;24/09/2026;17:00;20;0;SOLEIL;3;19.8;0
Calais;50.95;1.85;24/09/2026;18:00;18.1;0;SOLEIL;3;22.0;0
Calais;50.95;1.85;24/09/2026;19:00;17.6;0;SOLEIL;3;24.5;0
Calais;50.95;1.85;24/09/2026;20:00;16.2;0;SOLEIL;3;19.8;0
Calais;50.95;1.85;24/09/2026;21:00;15.2;0;SOLEIL;3;17.6;0
Calais;50.95;1.85;24/09/2026;22:00;14.9;0;SOLEIL;3;14.8;0
Calais;50.95;1.85;24/09/2026;23:00;14.4;0;SOLEIL;3;16.2;0
Calais;50.95;1.85;25/09/2026;00:00;14.2;0;SOLEIL;3;18.0;0
Calais;50.95;1.85;25/09/2026;01:00;14.2;0;SOLEIL;3;18.7;0
Calais;50.95;1.85;25/09/2026;02:00;13.6;0;SOLEIL;4;18.4;0
Calais;50.95;1.85;25/09/2026;03:00;13.6;0;SOLEIL;4;18.0;0
Calais;50.95;1.85;25/09/2026;04:00;13.6;0;SOLEIL;4;18.0;0
Calais;50.95;1.85;25/09/2026;05:00;13.2;0;SOLEIL;4;17.6;0
Calais;50.95;1.85;25/09/2026;06:00;13.2;0;SOLEIL;4;16.6;0
Calais;50.95;1.85;25/09/2026;07:00;13.2;0;SOLEIL;4;15.1;0
Calais;50.95;1.85;25/09/2026;08:00;20.5;0;SOLEIL;4;12.6;0
Calais;50.95;1.85;25/09/2026;09:00;20.5;0;SOLEIL;4;8.9;0
Calais;50.95;1.85;25/09/2026;10:00;20.5;0;SOLEIL;4;6.8;0
Calais;50.95;1.85;25/09/2026;11:00;23.2;0;SOLEIL;3;14.5;0
Calais;50.95;1.85;25/09/2026;12:00;23.2;0;SOLEIL;3;15.5;0
Calais;50.95;1.85;25/09/2026;13:00;23.2;0;SOLEIL;3;16.6;0
Calais;50.95;1.85;25/09/2026;14:00;24.2;0;SOLEIL;2;17.3;0
Calais;50.95;1.85;25/09/2026;15:00;24.2;0;SOLEIL;2;16.2;0
Calais;50.95;1.85;25/09/2026;16:00;24.2;0;SOLEIL;2;13.0;0
Calais;50.95;1.85;25/09/2026;17:00;18.7;0;SOLEIL;2;8.3;0
Calais;50.95;1.85;25/09/2026;18:00;18.7;0;SOLEIL;2;7.9;0
Calais;50.95;1.85;25/09/2026;19:00;18.7;0;SOLEIL;2;6.5;0
Calais;50.95;1.85;25/09/2026;20:00;19.1;0;SOLEIL;4;8.6;0
Calais;50.95;1.85;25/09/2026;21:00;19.1;0;SOLEIL;4;7.6;0
Calais;50.95;1.85;25/09/2026;22:00;19.1;0;SOLEIL;4;5.4;0
Calais;50.95;1.85;25/09/2026;23:00;17.1;0;SOLEIL;5;4.0;0
Calais;50.95;1.85;26/09/2026;00:00;17.1;0;SOLEIL;5;5.8;0
Calais;50.95;1.85;26/09/2026;01:00;17.1;0;SOLEIL;5;6.8;0
Calais;50.95;1.85;26/09/2026;02:00;15.7;0;SOLEIL;5;11.9;0
Calais;50.95;1.85;26/09/2026;03:00;15.7;0;SOLEIL;5;12.2;0
Calais;50.95;1.85;26/09/2026;04:00;15.7;0;SOLEIL;5;23.8;0
Calais;50.95;1.85;26/09/2026;05:00;17;5;SOLEIL VOILÉ;7;29.5;0
Calais;50.95;1.85;26/09/2026;06:00;17;5;SOLEIL VOILÉ;7;32.8;0
Calais;50.95;1.85;26/09/2026;07:00;17;5;SOLEIL VOILÉ;7;31.7;0
Calais;50.95;1.85;26/09/2026;08:00;19.1;5;SOLEIL VOILÉ;7;33.8;0
Calais;50.95;1.85;26/09/2026;09:00;19.1;5;SOLEIL VOILÉ;7;33.1;0
Calais;50.95;1.85;26/09/2026;10:00;19.1;5;SOLEIL VOILÉ;7;38.9;0
Calais;50.95;1.85;26/09/2026;11:00;19;5;SOLEIL VOILÉ;6;38.9;0
Calais;50.95;1.85;26/09/2026;12:00;19;5;SOLEIL VOILÉ;6;36.7;0
Calais;50.95;1.85;26/09/2026;13:00;19;5;SOLEIL VOILÉ;6;34.6;0
Calais;50.95;1.85;26/09/2026;14:00;19.1;5;SOLEIL VOILÉ;6;32.8;0
Calais;50.95;1.85;26/09/2026;15:00;19.1;5;SOLEIL VOILÉ;6;30.6;0
Calais;50.95;1.85;26/09/2026;16:00;19.1;5;SOLEIL VOILÉ;6;28.1;0
Calais;50.95;1.85;26/09/2026;17:00;17.5;5;SOLEIL VOILÉ;5;25.2;0
Calais;50.95;1.85;26/09/2026;18:00;17.5;5;SOLEIL VOILÉ;5;21.6;0
Calais;50.95;1.85;26/09/2026;19:00;17.5;5;SOLEIL VOILÉ;5;17.6;0
Calais;50.95;1.85;26/09/2026;20:00;17.1;5;SOLEIL VOILÉ;5;14.0;0
Calais;50.95;1.85;26/09/2026;21:00;16.6;5;SOLEIL VOILÉ;5;11.2;0
Calais;50.95;1.85;26/09/2026;22:00;16.0;5;SOLEIL VOILÉ;5;8.6;0
Calais;50.95;1.85;26/09/2026;23:00;15.5;0;SOLEIL;3;7.2;0
Calais;50.95;1.85;27/09/2026;00:00;15.5;0;SOLEIL;3;7.2;0
Calais;50.95;1.85;27/09/2026;01:00;15.5;0;SOLEIL;3;8.6;0
Calais;50.95;1.85;27/09/2026;02:00;13.4;2;NUAGEUX;5;9.4;0
Calais;50.95;1.85;27/09/2026;03:00;13.4;2;NUAGEUX;5;9.0;0
Calais;50.95;1.85;27/09/2026;04:00;13.4;2;NUAGEUX;5;8.6;0
Calais;50.95;1.85;27/09/2026;05:00;14.4;2;NUAGEUX;3;8.6;0
Calais;50.95;1.85;27/09/2026;06:00;14.4;2;NUAGEUX;3;9.4;0
Calais;50.95;1.85;27/09/2026;07:00;14.4;2;NUAGEUX;3;10.8;0
Calais;50.95;1.85;27/09/2026;08:00;15.2;2;NUAGEUX;5;13.0;0
Calais;50.95;1.85;27/09/2026;09:00;16.1;2;NUAGEUX;5;16.2;0
Calais;50.95;1.85;27/09/2026;10:00;17.0;2;NUAGEUX;5;19.8;0
Calais;50.95;1.85;27/09/2026;11:00;20.4;2;NUAGEUX;5;23.0;0
Calais;50.95;1.85;27/09/2026;12:00;20.4;2;NUAGEUX;5;24.5;0
Calais;50.95;1.85;27/09/2026;13:00;20.4;2;NUAGEUX;5;24.8;0
Calais;50.95;1.85;27/09/2026;14:00;20.5;2;NUAGEUX;5;26.3;0
Calais;50.95;1.85;27/09/2026;15:00;21.4;2;NUAGEUX;5;30.2;0
Calais;50.95;1.85;27/09/2026;16:00;20.5;2;NUAGEUX;5;35.3;0
Calais;50.95;1.85;27/09/2026;17:00;18;2;NUAGEUX;5;37.4;0
Calais;50.95;1.85;27/09/2026;18:00;18;2;NUAGEUX;5;34.9;0
Calais;50.95;1.85;27/09/2026;19:00;18;2;NUAGEUX;5;29.9;0
Calais;50.95;1.85;27/09/2026;20:00;17.0;2;NUAGEUX;5;24.5;0
Calais;50.95;1.85;27/09/2026;21:00;16.1;2;NUAGEUX;5;19.4;0
Calais;50.95;1.85;27/09/2026;22:00;15.2;2;NUAGEUX;5;14.4;0
Calais;50.95;1.85;27/09/2026;23:00;16.6;7;PLUIE FAIBLE;6;10.8;0
Calais;50.95;1.85;28/09/2026;00:00;16.6;7;PLUIE FAIBLE;6;9.0;0
Calais;50.95;1.85;28/09/2026;01:00;16.6;7;PLUIE FAIBLE;6;8.6;0
Calais;50.95;1.85;28/09/2026;02:00;14.6;7;PLUIE FAIBLE;5;8.3;0
Calais;50.95;1.85;28/09/2026;03:00;14.6;7;PLUIE FAIBLE;5;6.8;0
Calais;50.95;1.85;28/09/2026;04:00;14.6;7;PLUIE FAIBLE;5;5.4;0
Calais;50.95;1.85;28/09/2026;05:00;15.5;7;PLUIE FAIBLE;3;5.4;0
Calais;50.95;1.85;28/09/2026;06:00;15.5;7;PLUIE FAIBLE;3;8.0;0
Calais;50.95;1.85;28/09/2026;07:00;15.5;7;PLUIE FAIBLE;3;11.2;0
Calais;50.95;1.85;28/09/2026;08:00;16.0;7;PLUIE FAIBLE;5;13.1;0
Calais;50.95;1.85;28/09/2026;09:00;16.8;7;PLUIE FAIBLE;5;19.1;0
Calais;50.95;1.85;28/09/2026;10:00;17.5;7;PLUIE FAIBLE;5;19.8;0
Calais;50.95;1.85;28/09/2026;11:00;20.4;7;PLUIE FAIBLE;4;19.8;0
Calais;50.95;1.85;28/09/2026;12:00;20.4;7;PLUIE FAIBLE;4;19.1;0
Calais;50.95;1.85;28/09/2026;13:00;20.4;7;PLUIE FAIBLE;4;17.6;0
Calais;50.95;1.85;28/09/2026;14:00;20.4;7;PLUIE FAIBLE;5;17.3;0
Calais;50.95;1.85;28/09/2026;15:00;21.1;7;PLUIE FAIBLE;5;18.4;0
Calais;50.95;1.85;28/09/2026;16:00;20.4;7;PLUIE FAIBLE;5;20.2;0
Calais;50.95;1.85;28/09/2026;17:00;18.1;2;NUAGEUX;4;22.3;0
Calais;50.95;1.85;28/09/2026;18:00;18.1;2;NUAGEUX;4;24.5;0
Calais;50.95;1.85;28/09/2026;19:00;18.1;2;NUAGEUX;4;26.6;0
Calais;50.95;1.85;28/09/2026;20:00;17.5;7;PLUIE FAIBLE;5;27.7;0
Calais;50.95;1.85;28/09/2026;21:00;16.8;7;PLUIE FAIBLE;5;26.6;0
Calais;50.95;1.85;28/09/2026;22:00;16.0;7;PLUIE FAIBLE;5;24.5;0
Calais;50.95;1.85;28/09/2026;23:00;16.2;2;NUAGEUX;5;22.7;0
Renty;50.58;2.06;24/09/2026;00:00;13.6;2;NUAGEUX;3;7.2;0
Renty;50.58;2.06;24/09/2026;01:00;13.7;2;NUAGEUX;3;10.1;0
Renty;50.58;2.06;24/09/2026;02:00;13.4;0;SOLEIL;3;11.9;0
Renty;50.58;2.06;24/09/2026;03:00;13;0;SOLEIL;2;11.9;0
Renty;50.58;2.06;24/09/2026;04:00;12.6;0;SOLEIL;2;10.4;0
Renty;50.58;2.06;24/09/2026;05:00;12.6;0;SOLEIL;2;7.9;0
Renty;50.58;2.06;24/09/2026;06:00;12.4;0;SOLEIL;2;6.5;0
Renty;50.58;2.06;24/09/2026;07:00;13.1;0;SOLEIL;1;6.1;0
Renty;50.58;2.06;24/09/2026;08:00;14.9;0;SOLEIL;1;4.3;0
Renty;50.58;2.06;24/09/2026;09:00;16.2;0;SOLEIL;3;2.9;0
Renty;50.58;2.06;24/09/2026;10:00;17.5;0;SOLEIL;3;4.7;0
Renty;50.58;2.06;24/09/2026;11:00;18.5;0;SOLEIL;2;11.2;0
Renty;50.58;2.06;24/09/2026;12:00;19;0;SOLEIL;2;12.6;0
Renty;50.58;2.06;24/09/2026;13:00;19.6;0;SOLEIL;2;12.2;0
Renty;50.58;2.06;24/09/2026;14:00;20.4;0;SOLEIL;1;10.8;0
Renty;50.58;2.06;24/09/2026;15:00;20;0;SOLEIL;2;8.6;0
Renty;50.58;2.06;24/09/2026;16:00;19.9;0;SOLEIL;2;6.1;0
Renty;50.58;2.06;24/09/2026;17:00;18.6;0;SOLEIL;2;9.4;0
Renty;50.58;2.06;24/09/2026;18:00;16.6;0;SOLEIL;2;13.0;0
Renty;50.58;2.06;24/09/2026;19:00;15.6;0;SOLEIL;2;14.8;0
Renty;50.58;2.06;24/09/2026;20:00;14.4;0;SOLEIL;3;14.0;0
Renty;50.58;2.06;24/09/2026;21:00;13.1;0;SOLEIL;2;11.9;0
Renty;50.58;2.06;24/09/2026;22:00;12.6;0;SOLEIL;2;9.7;0
Renty;50.58;2.06;24/09/2026;23:00;12.1;0;SOLEIL;3;8.6;0
Renty;50.58;2.06;25/09/2026;00:00;11.9;0;SOLEIL;3;10.1;0
Renty;50.58;2.06;25/09/2026;01:00;11.9;0;SOLEIL;3;10.1;0
Renty;50.58;2.06;25/09/2026;02:00;10.5;0;SOLEIL;3;9.7;0
Renty;50.58;2.06;25/09/2026;03:00;10.5;0;SOLEIL;3;10.1;0
Renty;50.58;2.06;25/09/2026;04:00;10.5;0;SOLEIL;3;10.1;0
Renty;50.58;2.06;25/09/2026;05:00;10.6;0;SOLEIL;3;9.7;0
Renty;50.58;2.06;25/09/2026;06:00;10.6;0;SOLEIL;3;9.4;0
Renty;50.58;2.06;25/09/2026;07:00;10.6;0;SOLEIL;3;9.4;0
Renty;50.58;2.06;25/09/2026;08:00;17.5;0;SOLEIL;3;9.0;0
Renty;50.58;2.06;25/09/2026;09:00;17.5;0;SOLEIL;3;9.3;0
Renty;50.58;2.06;25/09/2026;10:00;17.5;0;SOLEIL;3;16.2;0
Renty;50.58;2.06;25/09/2026;11:00;22.7;0;SOLEIL;3;22.3;0
Renty;50.58;2.06;25/09/2026;12:00;22.7;0;SOLEIL;3;27.4;0
Renty;50.58;2.06;25/09/2026;13:00;22.7;0;SOLEIL;3;27.4;0
Renty;50.58;2.06;25/09/2026;14:00;24.1;0;SOLEIL;2;27.4;0
Renty;50.58;2.06;25/09/2026;15:00;24.1;0;SOLEIL;2;24.5;0
Renty;50.58;2.06;25/09/2026;16:00;24.1;0;SOLEIL;2;22.0;0
Renty;50.58;2.06;25/09/2026;17:00;19.4;0;SOLEIL;2;19.8;0
Renty;50.58;2.06;25/09/2026;18:00;19.4;0;SOLEIL;2;18.4;0
Renty;50.58;2.06;25/09/2026;19:00;19.4;0;SOLEIL;2;14.8;0
Renty;50.58;2.06;25/09/2026;20:00;14.9;0;SOLEIL;3;10.1;0
Renty;50.58;2.06;25/09/2026;21:00;14.9;0;SOLEIL;3;10.8;0
Renty;50.58;2.06;25/09/2026;22:00;14.9;0;SOLEIL;3;10.8;0
Renty;50.58;2.06;25/09/2026;23:00;13.9;0;SOLEIL;3;10.1;0
Renty;50.58;2.06;26/09/2026;00:00;13.9;0;SOLEIL;3;9.4;0
Renty;50.58;2.06;26/09/2026;01:00;13.9;0;SOLEIL;3;11.9;0
Renty;50.58;2.06;26/09/2026;02:00;12.6;0;SOLEIL;3;13.0;0
Renty;50.58;2.06;26/09/2026;03:00;12.6;0;SOLEIL;3;14.0;0
Renty;50.58;2.06;26/09/2026;04:00;12.6;0;SOLEIL;3;13.3;0
Renty;50.58;2.06;26/09/2026;05:00;11.4;0;SOLEIL;3;14.4;0
Renty;50.58;2.06;26/09/2026;06:00;11.4;0;SOLEIL;3;12.2;0
Renty;50.58;2.06;26/09/2026;07:00;11.4;0;SOLEIL;3;16.6;0
Renty;50.58;2.06;26/09/2026;08:00;18.6;2;NUAGEUX;5;18.7;0
Renty;50.58;2.06;26/09/2026;09:00;18.6;2;NUAGEUX;5;18.7;0
Renty;50.58;2.06;26/09/2026;10:00;18.6;2;NUAGEUX;5;28.8;0
Renty;50.58;2.06;26/09/2026;11:00;19.6;5;SOLEIL VOILÉ;5;29.5;0
Renty;50.58;2.06;26/09/2026;12:00;19.6;5;SOLEIL VOILÉ;5;30.6;0
Renty;50.58;2.06;26/09/2026;13:00;19.6;5;SOLEIL VOILÉ;5;30.2;0
Renty;50.58;2.06;26/09/2026;14:00;19.1;5;SOLEIL VOILÉ;5;29.9;0
Renty;50.58;2.06;26/09/2026;15:00;19.1;5;SOLEIL VOILÉ;5;28.4;0
Renty;50.58;2.06;26/09/2026;16:00;19.1;5;SOLEIL VOILÉ;5;26.3;0
Renty;50.58;2.06;26/09/2026;17:00;17;5;SOLEIL VOILÉ;3;24.1;0
Renty;50.58;2.06;26/09/2026;18:00;17;5;SOLEIL VOILÉ;3;22.0;0
Renty;50.58;2.06;26/09/2026;19:00;17;5;SOLEIL VOILÉ;3;19.8;0
Renty;50.58;2.06;26/09/2026;20:00;15.0;2;NUAGEUX;5;17.3;0
Renty;50.58;2.06;26/09/2026;21:00;13.9;2;NUAGEUX;5;14.8;0
Renty;50.58;2.06;26/09/2026;22:00;12.8;2;NUAGEUX;5;12.2;0
Renty;50.58;2.06;26/09/2026;23:00;12.2;0;SOLEIL;2;10.1;0
Renty;50.58;2.06;27/09/2026;00:00;12.2;0;SOLEIL;2;9.0;0
Renty;50.58;2.06;27/09/2026;01:00;12.2;0;SOLEIL;2;8.3;0
Renty;50.58;2.06;27/09/2026;02:00;11.5;2;NUAGEUX;5;7.9;0
Renty;50.58;2.06;27/09/2026;03:00;11.5;2;NUAGEUX;5;7.6;0
Renty;50.58;2.06;27/09/2026;04:00;11.5;2;NUAGEUX;5;7.2;0
Renty;50.58;2.06;27/09/2026;05:00;12.2;6;AVERSES;2;7.2;0
Renty;50.58;2.06;27/09/2026;06:00;12.2;6;AVERSES;2;6.8;0
Renty;50.58;2.06;27/09/2026;07:00;12.2;6;AVERSES;2;6.8;0
Renty;50.58;2.06;27/09/2026;08:00;13.5;2;NUAGEUX;5;8.3;0
Renty;50.58;2.06;27/09/2026;09:00;14.6;2;NUAGEUX;5;12.2;0
Renty;50.58;2.06;27/09/2026;10:00;15.6;2;NUAGEUX;5;17.3;0
Renty;50.58;2.06;27/09/2026;11:00;19.2;2;NUAGEUX;3;22.0;0
Renty;50.58;2.06;27/09/2026;12:00;19.2;2;NUAGEUX;3;24.8;0
Renty;50.58;2.06;27/09/2026;13:00;19.2;2;NUAGEUX;3;26.6;0
Renty;50.58;2.06;27/09/2026;14:00;19.7;2;NUAGEUX;5;28.8;0
Renty;50.58;2.06;27/09/2026;15:00;20.7;2;NUAGEUX;5;31.7;0
Renty;50.58;2.06;27/09/2026;16:00;19.7;2;NUAGEUX;5;34.6;0
Renty;50.58;2.06;27/09/2026;17:00;16.9;2;NUAGEUX;2;35.6;0
Renty;50.58;2.06;27/09/2026;18:00;16.9;2;NUAGEUX;2;33.5;0
Renty;50.58;2.06;27/09/2026;19:00;16.9;2;NUAGEUX;2;29.2;0
Renty;50.58;2.06;27/09/2026;20:00;15.6;2;NUAGEUX;5;24.5;0
Renty;50.58;2.06;27/09/2026;21:00;14.6;2;NUAGEUX;5;19.1;0
Renty;50.58;2.06;27/09/2026;22:00;13.5;2;NUAGEUX;5;13.3;0
Renty;50.58;2.06;27/09/2026;23:00;15;2;NUAGEUX;3;9.0;0
Renty;50.58;2.06;28/09/2026;00:00;15;2;NUAGEUX;3;6.8;0
Renty;50.58;2.06;28/09/2026;01:00;15;2;NUAGEUX;3;5.8;0
Renty;50.58;2.06;28/09/2026;02:00;12.9;7;PLUIE FAIBLE;5;5.8;0
Renty;50.58;2.06;28/09/2026;03:00;12.9;7;PLUIE FAIBLE;5;6.1;0
Renty;50.58;2.06;28/09/2026;04:00;12.9;7;PLUIE FAIBLE;5;6.8;0
Renty;50.58;2.06;28/09/2026;05:00;13.5;7;PLUIE FAIBLE;2;9.0;0
Renty;50.58;2.06;28/09/2026;06:00;13.5;7;PLUIE FAIBLE;2;12.7;0
Renty;50.58;2.06;28/09/2026;07:00;13.5;7;PLUIE FAIBLE;2;16.7;0
Renty;50.58;2.06;28/09/2026;08:00;14.6;7;PLUIE FAIBLE;5;18.7;0
Renty;50.58;2.06;28/09/2026;09:00;15.4;7;PLUIE FAIBLE;5;18.0;0
Renty;50.58;2.06;28/09/2026;10:00;16.3;7;PLUIE FAIBLE;5;15.5;0
Renty;50.58;2.06;28/09/2026;11:00;19.1;6;AVERSES;3;15.1;0
Renty;50.58;2.06;28/09/2026;12:00;19.1;6;AVERSES;3;19.8;0
Renty;50.58;2.06;28/09/2026;13:00;19.1;6;AVERSES;3;26.6;0
Renty;50.58;2.06;28/09/2026;14:00;19.7;7;PLUIE FAIBLE;5;30.6;0
Renty;50.58;2.06;28/09/2026;15:00;20.5;7;PLUIE FAIBLE;5;28.8;0
Renty;50.58;2.06;28/09/2026;16:00;19.7;7;PLUIE FAIBLE;5;24.1;0
Renty;50.58;2.06;28/09/2026;17:00;17.2;7;PLUIE FAIBLE;3;20.2;0
Renty;50.58;2.06;28/09/2026;18:00;17.2;7;PLUIE FAIBLE;3;18.0;0
Renty;50.58;2.06;28/09/2026;19:00;17.2;7;PLUIE FAIBLE;3;16.6;0
Renty;50.58;2.06;28/09/2026;20:00;16.3;7;PLUIE FAIBLE;5;15.5;0
Renty;50.58;2.06;28/09/2026;21:00;15.4;7;PLUIE FAIBLE;5;14.8;0
Renty;50.58;2.06;28/09/2026;22:00;14.6;7;PLUIE FAIBLE;5;14.0;0
Renty;50.58;2.06;28/09/2026;23:00;15.6;2;NUAGEUX;4;13.7;0
Saint-Pol-sur-Ternoise;50.38;2.33;24/09/2026;00:00;12.6;3;TRÈS NUAGEUX;3;8.6;0
Saint-Pol-sur-Ternoise;50.38;2.33;24/09/2026;01:00;13.4;3;TRÈS NUAGEUX;3;11.9;0
Saint-Pol-sur-Ternoise;50.38;2.33;24/09/2026;02:00;13.2;0;SOLEIL;3;12.6;0
Saint-Pol-sur-Ternoise;50.38;2.33;24/09/2026;03:00;13.5;0;SOLEIL;2;12.2;0
Saint-Pol-sur-Ternoise;50.38;2.33;24/09/2026;04:00;12.6;0;SOLEIL;2;10.8;0
Saint-Pol-sur-Ternoise;50.38;2.33;24/09/2026;05:00;12.4;0;SOLEIL;2;9.0;0
Saint-Pol-sur-Ternoise;50.38;2.33;24/09/2026;06:00;12.4;0;SOLEIL;2;7.2;0
Saint-Pol-sur-Ternoise;50.38;2.33;24/09/2026;07:00;13.7;0;SOLEIL;0;13.0;0
Saint-Pol-sur-Ternoise;50.38;2.33;24/09/2026;08:00;15.5;0;SOLEIL;2;13.3;0
Saint-Pol-sur-Ternoise;50.38;2.33;24/09/2026;09:00;17.4;0;SOLEIL;3;13.0;0
Saint-Pol-sur-Ternoise;50.38;2.33;24/09/2026;10:00;18.7;0;SOLEIL;3;10.8;0
Saint-Pol-sur-Ternoise;50.38;2.33;24/09/2026;11:00;19.7;0;SOLEIL;2;14.0;0
Saint-Pol-sur-Ternoise;50.38;2.33;24/09/2026;12:00;20.4;0;SOLEIL;2;15.1;0
Saint-Pol-sur-Ternoise;50.38;2.33;24/09/2026;13:00;21.4;0;SOLEIL;2;15.1;0
Saint-Pol-sur-Ternoise;50.38;2.33;24/09/2026;14:00;21.9;0;SOLEIL;1;15.1;0
Saint-Pol-sur-Ternoise;50.38;2.33;24/09/2026;15:00;21.6;0;SOLEIL;2;14.0;0
Saint-Pol-sur-Ternoise;50.38;2.33;24/09/2026;16:00;21.1;0;SOLEIL;2;12.6;0
Saint-Pol-sur-Ternoise;50.38;2.33;24/09/2026;17:00;20.2;0;SOLEIL;2;12.6;0
Saint-Pol-sur-Ternoise;50.38;2.33;24/09/2026;18:00;17.5;0;SOLEIL;3;12.6;0
Saint-Pol-sur-Ternoise;50.38;2.33;24/09/2026;19:00;15.6;0;SOLEIL;3;13.3;0
Saint-Pol-sur-Ternoise;50.38;2.33;24/09/2026;20:00;14.4;0;SOLEIL;3;12.2;0
Saint-Pol-sur-Ternoise;50.38;2.33;24/09/2026;21:00;13;0;SOLEIL;3;11.5;0
Saint-Pol-sur-Ternoise;50.38;2.33;24/09/2026;22:00;12.6;0;SOLEIL;3;14.4;0
Saint-Pol-sur-Ternoise;50.38;2.33;24/09/2026;23:00;11.6;0;SOLEIL;3;15.1;0
Saint-Pol-sur-Ternoise;50.38;2.33;25/09/2026;00:00;10.9;0;SOLEIL;3;14.0;0
Saint-Pol-sur-Ternoise;50.38;2.33;25/09/2026;01:00;10.9;0;SOLEIL;3;15.8;0
Saint-Pol-sur-Ternoise;50.38;2.33;25/09/2026;02:00;9.6;0;SOLEIL;3;20.9;0
Saint-Pol-sur-Ternoise;50.38;2.33;25/09/2026;03:00;9.6;0;SOLEIL;3;22.0;0
Saint-Pol-sur-Ternoise;50.38;2.33;25/09/2026;04:00;9.6;0;SOLEIL;3;23.0;0
Saint-Pol-sur-Ternoise;50.38;2.33;25/09/2026;05:00;9.1;0;SOLEIL;3;23.0;0
Saint-Pol-sur-Ternoise;50.38;2.33;25/09/2026;06:00;9.1;0;SOLEIL;3;18.7;0
Saint-Pol-sur-Ternoise;50.38;2.33;25/09/2026;07:00;9.1;0;SOLEIL;3;17.6;0
Saint-Pol-sur-Ternoise;50.38;2.33;25/09/2026;08:00;18.2;0;SOLEIL;3;16.2;0
Saint-Pol-sur-Ternoise;50.38;2.33;25/09/2026;09:00;18.2;0;SOLEIL;3;19.4;0
Saint-Pol-sur-Ternoise;50.38;2.33;25/09/2026;10:00;18.2;0;SOLEIL;3;23.0;0
Saint-Pol-sur-Ternoise;50.38;2.33;25/09/2026;11:00;23.7;0;SOLEIL;3;24.8;0
Saint-Pol-sur-Ternoise;50.38;2.33;25/09/2026;12:00;23.7;0;SOLEIL;3;25.2;0
Saint-Pol-sur-Ternoise;50.38;2.33;25/09/2026;13:00;23.7;0;SOLEIL;3;27.0;0
Saint-Pol-sur-Ternoise;50.38;2.33;25/09/2026;14:00;25.1;0;SOLEIL;3;28.1;0
Saint-Pol-sur-Ternoise;50.38;2.33;25/09/2026;15:00;25.1;0;SOLEIL;3;27.0;0
Saint-Pol-sur-Ternoise;50.38;2.33;25/09/2026;16:00;25.1;0;SOLEIL;3;25.2;0
Saint-Pol-sur-Ternoise;50.38;2.33;25/09/2026;17:00;19.4;0;SOLEIL;2;23.4;0
Saint-Pol-sur-Ternoise;50.38;2.33;25/09/2026;18:00;19.4;0;SOLEIL;2;20.2;0
Saint-Pol-sur-Ternoise;50.38;2.33;25/09/2026;19:00;19.4;0;SOLEIL;2;20.2;0
Saint-Pol-sur-Ternoise;50.38;2.33;25/09/2026;20:00;14.5;0;SOLEIL;3;16.6;0
Saint-Pol-sur-Ternoise;50.38;2.33;25/09/2026;21:00;14.5;0;SOLEIL;3;13.0;0
Saint-Pol-sur-Ternoise;50.38;2.33;25/09/2026;22:00;14.5;0;SOLEIL;3;15.8;0
Saint-Pol-sur-Ternoise;50.38;2.33;25/09/2026;23:00;12.6;0;SOLEIL;4;18.5;0
Saint-Pol-sur-Ternoise;50.38;2.33;26/09/2026;00:00;12.6;0;SOLEIL;4;22.9;0
Saint-Pol-sur-Ternoise;50.38;2.33;26/09/2026;01:00;12.6;0;SOLEIL;4;25.6;0
Saint-Pol-sur-Ternoise;50.38;2.33;26/09/2026;02:00;11.5;0;SOLEIL;3;25.9;0
Saint-Pol-sur-Ternoise;50.38;2.33;26/09/2026;03:00;11.5;0;SOLEIL;3;24.1;0
Saint-Pol-sur-Ternoise;50.38;2.33;26/09/2026;04:00;11.5;0;SOLEIL;3;19.4;0
Saint-Pol-sur-Ternoise;50.38;2.33;26/09/2026;05:00;10.7;0;SOLEIL;3;19.1;0
Saint-Pol-sur-Ternoise;50.38;2.33;26/09/2026;06:00;10.7;0;SOLEIL;3;17.6;0
Saint-Pol-sur-Ternoise;50.38;2.33;26/09/2026;07:00;10.7;0;SOLEIL;3;16.6;0
Saint-Pol-sur-Ternoise;50.38;2.33;26/09/2026;08:00;19;0;SOLEIL;0;17.3;0
Saint-Pol-sur-Ternoise;50.38;2.33;26/09/2026;09:00;19;0;SOLEIL;0;18.0;0
Saint-Pol-sur-Ternoise;50.38;2.33;26/09/2026;10:00;19;0;SOLEIL;0;25.9;0
Saint-Pol-sur-Ternoise;50.38;2.33;26/09/2026;11:00;21.6;5;SOLEIL VOILÉ;4;32.4;0
Saint-Pol-sur-Ternoise;50.38;2.33;26/09/2026;12:00;21.6;5;SOLEIL VOILÉ;4;32.8;0
Saint-Pol-sur-Ternoise;50.38;2.33;26/09/2026;13:00;21.6;5;SOLEIL VOILÉ;4;32.8;0
Saint-Pol-sur-Ternoise;50.38;2.33;26/09/2026;14:00;21.6;5;SOLEIL VOILÉ;4;31.7;0
Saint-Pol-sur-Ternoise;50.38;2.33;26/09/2026;15:00;21.6;5;SOLEIL VOILÉ;4;34.2;0
Saint-Pol-sur-Ternoise;50.38;2.33;26/09/2026;16:00;21.6;5;SOLEIL VOILÉ;4;34.2;0
Saint-Pol-sur-Ternoise;50.38;2.33;26/09/2026;17:00;17.5;5;SOLEIL VOILÉ;3;31.7;0
Saint-Pol-sur-Ternoise;50.38;2.33;26/09/2026;18:00;17.5;5;SOLEIL VOILÉ;3;32.8;0
Saint-Pol-sur-Ternoise;50.38;2.33;26/09/2026;19:00;17.5;5;SOLEIL VOILÉ;3;30.6;0
Saint-Pol-sur-Ternoise;50.38;2.33;26/09/2026;20:00;15.5;2;NUAGEUX;5;23.4;0
Saint-Pol-sur-Ternoise;50.38;2.33;26/09/2026;21:00;14.0;2;NUAGEUX;5;19.4;0
Saint-Pol-sur-Ternoise;50.38;2.33;26/09/2026;22:00;12.6;2;NUAGEUX;5;18.4;0
Saint-Pol-sur-Ternoise;50.38;2.33;26/09/2026;23:00;12.6;2;NUAGEUX;3;18.4;0
Saint-Pol-sur-Ternoise;50.38;2.33;27/09/2026;00:00;12.6;2;NUAGEUX;3;17.3;0
Saint-Pol-sur-Ternoise;50.38;2.33;27/09/2026;01:00;12.6;2;NUAGEUX;3;15.1;0
Saint-Pol-sur-Ternoise;50.38;2.33;27/09/2026;02:00;11.5;2;NUAGEUX;5;15.5;0
Saint-Pol-sur-Ternoise;50.38;2.33;27/09/2026;03:00;11.5;2;NUAGEUX;5;15.1;0
Saint-Pol-sur-Ternoise;50.38;2.33;27/09/2026;04:00;11.5;2;NUAGEUX;5;14.8;0
Saint-Pol-sur-Ternoise;50.38;2.33;27/09/2026;05:00;12.5;6;AVERSES;3;14.8;0
Saint-Pol-sur-Ternoise;50.38;2.33;27/09/2026;06:00;12.5;6;AVERSES;3;14.8;0
Saint-Pol-sur-Ternoise;50.38;2.33;27/09/2026;07:00;12.5;6;AVERSES;3;14.4;0
Saint-Pol-sur-Ternoise;50.38;2.33;27/09/2026;08:00;13.9;2;NUAGEUX;5;15.1;0
Saint-Pol-sur-Ternoise;50.38;2.33;27/09/2026;09:00;15.0;2;NUAGEUX;5;16.6;0
Saint-Pol-sur-Ternoise;50.38;2.33;27/09/2026;10:00;16.2;2;NUAGEUX;5;19.1;0
Saint-Pol-sur-Ternoise;50.38;2.33;27/09/2026;11:00;20.6;2;NUAGEUX;3;21.2;0
Saint-Pol-sur-Ternoise;50.38;2.33;27/09/2026;12:00;20.6;2;NUAGEUX;3;23.4;0
Saint-Pol-sur-Ternoise;50.38;2.33;27/09/2026;13:00;20.6;2;NUAGEUX;3;25.6;0
Saint-Pol-sur-Ternoise;50.38;2.33;27/09/2026;14:00;20.9;2;NUAGEUX;5;27.4;0
Saint-Pol-sur-Ternoise;50.38;2.33;27/09/2026;15:00;22.1;2;NUAGEUX;5;29.2;0
Saint-Pol-sur-Ternoise;50.38;2.33;27/09/2026;16:00;20.9;2;NUAGEUX;5;30.2;0
Saint-Pol-sur-Ternoise;50.38;2.33;27/09/2026;17:00;17.6;2;NUAGEUX;3;30.2;0
Saint-Pol-sur-Ternoise;50.38;2.33;27/09/2026;18:00;17.6;2;NUAGEUX;3;28.4;0
Saint-Pol-sur-Ternoise;50.38;2.33;27/09/2026;19:00;17.6;2;NUAGEUX;3;25.6;0
Saint-Pol-sur-Ternoise;50.38;2.33;27/09/2026;20:00;16.2;2;NUAGEUX;5;21.6;0
Saint-Pol-sur-Ternoise;50.38;2.33;27/09/2026;21:00;15.0;2;NUAGEUX;5;16.2;0
Saint-Pol-sur-Ternoise;50.38;2.33;27/09/2026;22:00;13.9;2;NUAGEUX;5;10.1;0
Saint-Pol-sur-Ternoise;50.38;2.33;27/09/2026;23:00;15;2;NUAGEUX;3;5.4;0
Saint-Pol-sur-Ternoise;50.38;2.33;28/09/2026;00:00;15;2;NUAGEUX;3;3.6;0
Saint-Pol-sur-Ternoise;50.38;2.33;28/09/2026;01:00;15;2;NUAGEUX;3;3.2;0
Saint-Pol-sur-Ternoise;50.38;2.33;28/09/2026;02:00;12.6;7;PLUIE FAIBLE;5;4.3;0
Saint-Pol-sur-Ternoise;50.38;2.33;28/09/2026;03:00;12.6;7;PLUIE FAIBLE;5;6.8;0
Saint-Pol-sur-Ternoise;50.38;2.33;28/09/2026;04:00;12.6;7;PLUIE FAIBLE;5;10.4;0
Saint-Pol-sur-Ternoise;50.38;2.33;28/09/2026;05:00;13.4;7;PLUIE FAIBLE;2;13.0;0
Saint-Pol-sur-Ternoise;50.38;2.33;28/09/2026;06:00;13.4;7;PLUIE FAIBLE;2;13.0;0
Saint-Pol-sur-Ternoise;50.38;2.33;28/09/2026;07:00;13.4;7;PLUIE FAIBLE;2;11.9;0
Saint-Pol-sur-Ternoise;50.38;2.33;28/09/2026;08:00;14.6;7;PLUIE FAIBLE;5;11.5;0
Saint-Pol-sur-Ternoise;50.38;2.33;28/09/2026;09:00;15.6;7;PLUIE FAIBLE;5;11.9;0
Saint-Pol-sur-Ternoise;50.38;2.33;28/09/2026;10:00;16.6;7;PLUIE FAIBLE;5;13.0;0
Saint-Pol-sur-Ternoise;50.38;2.33;28/09/2026;11:00;20.1;7;PLUIE FAIBLE;3;14.4;0
Saint-Pol-sur-Ternoise;50.38;2.33;28/09/2026;12:00;20.1;7;PLUIE FAIBLE;3;17.3;0
Saint-Pol-sur-Ternoise;50.38;2.33;28/09/2026;13:00;20.1;7;PLUIE FAIBLE;3;20.9;0
Saint-Pol-sur-Ternoise;50.38;2.33;28/09/2026;14:00;20.6;7;PLUIE FAIBLE;5;23.4;0
Saint-Pol-sur-Ternoise;50.38;2.33;28/09/2026;15:00;21.6;7;PLUIE FAIBLE;5;24.5;0
Saint-Pol-sur-Ternoise;50.38;2.33;28/09/2026;16:00;20.6;7;PLUIE FAIBLE;5;24.8;0
Saint-Pol-sur-Ternoise;50.38;2.33;28/09/2026;17:00;17.9;7;PLUIE FAIBLE;3;23.8;0
Saint-Pol-sur-Ternoise;50.38;2.33;28/09/2026;18:00;17.9;7;PLUIE FAIBLE;3;20.5;0
Saint-Pol-sur-Ternoise;50.38;2.33;28/09/2026;19:00;17.9;7;PLUIE FAIBLE;3;16.2;0
Saint-Pol-sur-Ternoise;50.38;2.33;28/09/2026;20:00;16.6;7;PLUIE FAIBLE;5;13.0;0
Saint-Pol-sur-Ternoise;50.38;2.33;28/09/2026;21:00;15.6;7;PLUIE FAIBLE;5;11.9;0
Saint-Pol-sur-Ternoise;50.38;2.33;28/09/2026;22:00;14.6;7;PLUIE FAIBLE;5;11.9;0
Saint-Pol-sur-Ternoise;50.38;2.33;28/09/2026;23:00;15.7;2;NUAGEUX;4;13.3;0
Abbeville;50.11;1.83;24/09/2026;00:00;13.6;3;TRÈS NUAGEUX;3;4.0;0
Abbeville;50.11;1.83;24/09/2026;01:00;12.6;3;TRÈS NUAGEUX;3;1.4;0
Abbeville;50.11;1.83;24/09/2026;02:00;12.6;3;TRÈS NUAGEUX;2;2.9;0
Abbeville;50.11;1.83;24/09/2026;03:00;13.1;3;TRÈS NUAGEUX;1;4.7;0
Abbeville;50.11;1.83;24/09/2026;04:00;12.9;3;TRÈS NUAGEUX;0;4.3;0
Abbeville;50.11;1.83;24/09/2026;05:00;12.1;3;TRÈS NUAGEUX;0;4.7;0
Abbeville;50.11;1.83;24/09/2026;06:00;12.4;3;TRÈS NUAGEUX;0;5.0;0
Abbeville;50.11;1.83;24/09/2026;07:00;13.4;3;TRÈS NUAGEUX;0;4.7;0
Abbeville;50.11;1.83;24/09/2026;08:00;15.5;3;TRÈS NUAGEUX;2;5.8;0
Abbeville;50.11;1.83;24/09/2026;09:00;17.4;0;SOLEIL;2;6.1;0
Abbeville;50.11;1.83;24/09/2026;10:00;18.9;0;SOLEIL;3;5.8;0
Abbeville;50.11;1.83;24/09/2026;11:00;20.2;0;SOLEIL;2;8.6;0
Abbeville;50.11;1.83;24/09/2026;12:00;21.5;0;SOLEIL;2;14.0;0
Abbeville;50.11;1.83;24/09/2026;13:00;22.6;0;SOLEIL;2;15.8;0
Abbeville;50.11;1.83;24/09/2026;14:00;22.6;0;SOLEIL;2;14.0;0
Abbeville;50.11;1.83;24/09/2026;15:00;22.9;0;SOLEIL;2;9.7;0
Abbeville;50.11;1.83;24/09/2026;16:00;23.4;0;SOLEIL;2;10.4;0
Abbeville;50.11;1.83;24/09/2026;17:00;22.6;0;SOLEIL;3;12.6;0
Abbeville;50.11;1.83;24/09/2026;18:00;19.9;0;SOLEIL;3;15.8;0
Abbeville;50.11;1.83;24/09/2026;19:00;18;0;SOLEIL;3;15.5;0
Abbeville;50.11;1.83;24/09/2026;20:00;15.7;0;SOLEIL;3;14.4;0
Abbeville;50.11;1.83;24/09/2026;21:00;14.5;0;SOLEIL;3;10.4;0
Abbeville;50.11;1.83;24/09/2026;22:00;14.2;0;SOLEIL;2;10.8;0
Abbeville;50.11;1.83;24/09/2026;23:00;13.6;0;SOLEIL;2;9.7;0
Abbeville;50.11;1.83;25/09/2026;00:00;11.7;0;SOLEIL;2;9.0;0
Abbeville;50.11;1.83;25/09/2026;01:00;11.7;0;SOLEIL;2;9.0;0
Abbeville;50.11;1.83;25/09/2026;02:00;11.6;0;SOLEIL;3;10.1;0
Abbeville;50.11;1.83;25/09/2026;03:00;11.6;0;SOLEIL;3;10.4;0
Abbeville;50.11;1.83;25/09/2026;04:00;11.6;0;SOLEIL;3;10.4;0
Abbeville;50.11;1.83;25/09/2026;05:00;11.2;0;SOLEIL;3;10.8;0
Abbeville;50.11;1.83;25/09/2026;06:00;11.2;0;SOLEIL;3;10.8;0
Abbeville;50.11;1.83;25/09/2026;07:00;11.2;0;SOLEIL;3;11.2;0
Abbeville;50.11;1.83;25/09/2026;08:00;18.1;0;SOLEIL;3;11.2;0
Abbeville;50.11;1.83;25/09/2026;09:00;18.1;0;SOLEIL;3;13.0;0
Abbeville;50.11;1.83;25/09/2026;10:00;18.1;0;SOLEIL;3;19.8;0
Abbeville;50.11;1.83;25/09/2026;11:00;25.5;0;SOLEIL;3;25.0;0
Abbeville;50.11;1.83;25/09/2026;12:00;25.5;0;SOLEIL;3;27.7;0
Abbeville;50.11;1.83;25/09/2026;13:00;25.5;0;SOLEIL;3;27.7;0
Abbeville;50.11;1.83;25/09/2026;14:00;26.6;0;SOLEIL;3;25.9;0
Abbeville;50.11;1.83;25/09/2026;15:00;26.6;0;SOLEIL;3;24.8;0
Abbeville;50.11;1.83;25/09/2026;16:00;26.6;0;SOLEIL;3;21.2;0
Abbeville;50.11;1.83;25/09/2026;17:00;21.6;0;SOLEIL;2;18.4;0
Abbeville;50.11;1.83;25/09/2026;18:00;21.6;0;SOLEIL;2;15.8;0
Abbeville;50.11;1.83;25/09/2026;19:00;21.6;0;SOLEIL;2;11.5;0
Abbeville;50.11;1.83;25/09/2026;20:00;16.6;0;SOLEIL;3;11.5;0
Abbeville;50.11;1.83;25/09/2026;21:00;16.6;0;SOLEIL;3;12.6;0
Abbeville;50.11;1.83;25/09/2026;22:00;16.6;0;SOLEIL;3;12.2;0
Abbeville;50.11;1.83;25/09/2026;23:00;14.5;0;SOLEIL;3;10.8;0
Abbeville;50.11;1.83;26/09/2026;00:00;14.5;0;SOLEIL;3;7.9;0
Abbeville;50.11;1.83;26/09/2026;01:00;14.5;0;SOLEIL;3;8.3;0
Abbeville;50.11;1.83;26/09/2026;02:00;13.6;0;SOLEIL;3;13.3;0
Abbeville;50.11;1.83;26/09/2026;03:00;13.6;0;SOLEIL;3;14.0;0
Abbeville;50.11;1.83;26/09/2026;04:00;13.6;0;SOLEIL;3;11.9;0
Abbeville;50.11;1.83;26/09/2026;05:00;14.7;0;SOLEIL;2;14.8;0
Abbeville;50.11;1.83;26/09/2026;06:00;14.7;0;SOLEIL;2;15.1;0
Abbeville;50.11;1.83;26/09/2026;07:00;14.7;0;SOLEIL;2;15.8;0
Abbeville;50.11;1.83;26/09/2026;08:00;19.6;0;SOLEIL;3;21.2;0
Abbeville;50.11;1.83;26/09/2026;09:00;19.6;0;SOLEIL;3;23.0;0
Abbeville;50.11;1.83;26/09/2026;10:00;19.6;0;SOLEIL;3;24.5;0
Abbeville;50.11;1.83;26/09/2026;11:00;21.6;0;SOLEIL;3;25.9;0
Abbeville;50.11;1.83;26/09/2026;12:00;21.6;0;SOLEIL;3;26.6;0
Abbeville;50.11;1.83;26/09/2026;13:00;21.6;0;SOLEIL;3;26.6;0
Abbeville;50.11;1.83;26/09/2026;14:00;21.5;5;SOLEIL VOILÉ;4;23.8;0
Abbeville;50.11;1.83;26/09/2026;15:00;21.5;5;SOLEIL VOILÉ;4;25.2;0
Abbeville;50.11;1.83;26/09/2026;16:00;21.5;5;SOLEIL VOILÉ;4;27.4;0
Abbeville;50.11;1.83;26/09/2026;17:00;18.6;5;SOLEIL VOILÉ;2;27.4;0
Abbeville;50.11;1.83;26/09/2026;18:00;18.6;5;SOLEIL VOILÉ;2;23.8;0
Abbeville;50.11;1.83;26/09/2026;19:00;18.6;5;SOLEIL VOILÉ;2;18.0;0
Abbeville;50.11;1.83;26/09/2026;20:00;17.3;0;SOLEIL;5;13.3;0
Abbeville;50.11;1.83;26/09/2026;21:00;16.2;0;SOLEIL;5;10.8;0
Abbeville;50.11;1.83;26/09/2026;22:00;15.1;0;SOLEIL;5;9.7;0
Abbeville;50.11;1.83;26/09/2026;23:00;14;2;NUAGEUX;2;8.6;0
Abbeville;50.11;1.83;27/09/2026;00:00;14;2;NUAGEUX;2;7.6;0
Abbeville;50.11;1.83;27/09/2026;01:00;14;2;NUAGEUX;2;6.8;0
Abbeville;50.11;1.83;27/09/2026;02:00;13;2;NUAGEUX;5;6.5;0
Abbeville;50.11;1.83;27/09/2026;03:00;13;2;NUAGEUX;5;6.5;0
Abbeville;50.11;1.83;27/09/2026;04:00;13;2;NUAGEUX;5;6.8;0
Abbeville;50.11;1.83;27/09/2026;05:00;13.9;2;NUAGEUX;2;7.9;0
Abbeville;50.11;1.83;27/09/2026;06:00;13.9;2;NUAGEUX;2;9.0;0
Abbeville;50.11;1.83;27/09/2026;07:00;13.9;2;NUAGEUX;2;10.8;0
Abbeville;50.11;1.83;27/09/2026;08:00;15.5;2;NUAGEUX;5;13.3;0
Abbeville;50.11;1.83;27/09/2026;09:00;16.7;2;NUAGEUX;5;17.6;0
Abbeville;50.11;1.83;27/09/2026;10:00;17.9;2;NUAGEUX;5;23.0;0
Abbeville;50.11;1.83;27/09/2026;11:00;23;2;NUAGEUX;3;26.6;0
Abbeville;50.11;1.83;27/09/2026;12:00;23;2;NUAGEUX;3;27.0;0
Abbeville;50.11;1.83;27/09/2026;13:00;23;2;NUAGEUX;3;25.6;0
Abbeville;50.11;1.83;27/09/2026;14:00;22.9;2;NUAGEUX;5;25.2;0
Abbeville;50.11;1.83;27/09/2026;15:00;24.1;2;NUAGEUX;5;27.7;0
Abbeville;50.11;1.83;27/09/2026;16:00;22.9;2;NUAGEUX;5;31.3;0
Abbeville;50.11;1.83;27/09/2026;17:00;19.6;2;NUAGEUX;3;32.0;0
Abbeville;50.11;1.83;27/09/2026;18:00;19.6;2;NUAGEUX;3;26.6;0
Abbeville;50.11;1.83;27/09/2026;19:00;19.6;2;NUAGEUX;3;18.0;0
Abbeville;50.11;1.83;27/09/2026;20:00;17.9;2;NUAGEUX;5;11.5;0
Abbeville;50.11;1.83;27/09/2026;21:00;16.7;2;NUAGEUX;5;9.0;0
Abbeville;50.11;1.83;27/09/2026;22:00;15.5;2;NUAGEUX;5;7.9;0
Abbeville;50.11;1.83;27/09/2026;23:00;16.4;2;NUAGEUX;3;7.9;0
Abbeville;50.11;1.83;28/09/2026;00:00;16.4;2;NUAGEUX;3;8.3;0
Abbeville;50.11;1.83;28/09/2026;01:00;16.4;2;NUAGEUX;3;9.4;0
Abbeville;50.11;1.83;28/09/2026;02:00;14.5;7;PLUIE FAIBLE;5;10.4;0
Abbeville;50.11;1.83;28/09/2026;03:00;14.5;7;PLUIE FAIBLE;5;11.2;0
Abbeville;50.11;1.83;28/09/2026;04:00;14.5;7;PLUIE FAIBLE;5;11.5;0
Abbeville;50.11;1.83;28/09/2026;05:00;15.1;2;NUAGEUX;2;11.9;0
Abbeville;50.11;1.83;28/09/2026;06:00;15.1;2;NUAGEUX;2;12.2;0
Abbeville;50.11;1.83;28/09/2026;07:00;15.1;2;NUAGEUX;2;12.8;0
Abbeville;50.11;1.83;28/09/2026;08:00;16.4;7;PLUIE FAIBLE;5;13.4;0
Abbeville;50.11;1.83;28/09/2026;09:00;17.4;7;PLUIE FAIBLE;5;15.8;0
Abbeville;50.11;1.83;28/09/2026;10:00;18.3;7;PLUIE FAIBLE;5;12.2;0
Abbeville;50.11;1.83;28/09/2026;11:00;21.6;7;PLUIE FAIBLE;3;11.5;0
Abbeville;50.11;1.83;28/09/2026;12:00;21.6;7;PLUIE FAIBLE;3;17.3;0
Abbeville;50.11;1.83;28/09/2026;13:00;21.6;7;PLUIE FAIBLE;3;26.6;0
Abbeville;50.11;1.83;28/09/2026;14:00;22.1;7;PLUIE FAIBLE;5;32.0;0
Abbeville;50.11;1.83;28/09/2026;15:00;23.1;7;PLUIE FAIBLE;5;30.6;0
Abbeville;50.11;1.83;28/09/2026;16:00;22.1;7;PLUIE FAIBLE;5;25.2;0
Abbeville;50.11;1.83;28/09/2026;17:00;19.7;7;PLUIE FAIBLE;3;20.2;0
Abbeville;50.11;1.83;28/09/2026;18:00;19.7;7;PLUIE FAIBLE;3;15.5;0
Abbeville;50.11;1.83;28/09/2026;19:00;19.7;7;PLUIE FAIBLE;3;10.8;0
Abbeville;50.11;1.83;28/09/2026;20:00;18.3;7;PLUIE FAIBLE;5;7.9;0
Abbeville;50.11;1.83;28/09/2026;21:00;17.4;7;PLUIE FAIBLE;5;7.9;0
Abbeville;50.11;1.83;28/09/2026;22:00;16.4;7;PLUIE FAIBLE;5;9.4;0
Abbeville;50.11;1.83;28/09/2026;23:00;17.5;2;NUAGEUX;4;10.8;0
Estrées-Deniécourt;49.87;2.82;24/09/2026;00:00;14.6;3;TRÈS NUAGEUX;2;16.9;0
Estrées-Deniécourt;49.87;2.82;24/09/2026;01:00;14.6;3;TRÈS NUAGEUX;2;14.0;0
Estrées-Deniécourt;49.87;2.82;24/09/2026;02:00;13.6;3;TRÈS NUAGEUX;4;13.0;0
Estrées-Deniécourt;49.87;2.82;24/09/2026;03:00;13.4;3;TRÈS NUAGEUX;3;14.4;0
Estrées-Deniécourt;49.87;2.82;24/09/2026;04:00;13.2;0;SOLEIL;3;14.4;0
Estrées-Deniécourt;49.87;2.82;24/09/2026;05:00;12.5;0;SOLEIL;2;13.3;0
Estrées-Deniécourt;49.87;2.82;24/09/2026;06:00;12.2;3;TRÈS NUAGEUX;2;16.9;0
Estrées-Deniécourt;49.87;2.82;24/09/2026;07:00;13.6;3;TRÈS NUAGEUX;1;16.9;0
Estrées-Deniécourt;49.87;2.82;24/09/2026;08:00;16.1;3;TRÈS NUAGEUX;2;11.9;0
Estrées-Deniécourt;49.87;2.82;24/09/2026;09:00;18.1;0;SOLEIL;3;10.8;0
Estrées-Deniécourt;49.87;2.82;24/09/2026;10:00;18.7;0;SOLEIL;3;7.9;0
Estrées-Deniécourt;49.87;2.82;24/09/2026;11:00;20.1;0;SOLEIL;2;15.1;0
Estrées-Deniécourt;49.87;2.82;24/09/2026;12:00;21;0;SOLEIL;1;16.2;0
Estrées-Deniécourt;49.87;2.82;24/09/2026;13:00;22.5;0;SOLEIL;2;16.6;0
Estrées-Deniécourt;49.87;2.82;24/09/2026;14:00;23;0;SOLEIL;2;16.9;0
Estrées-Deniécourt;49.87;2.82;24/09/2026;15:00;22.4;0;SOLEIL;2;15.5;0
Estrées-Deniécourt;49.87;2.82;24/09/2026;16:00;22.1;0;SOLEIL;2;16.9;0
Estrées-Deniécourt;49.87;2.82;24/09/2026;17:00;21.2;0;SOLEIL;3;17.3;0
Estrées-Deniécourt;49.87;2.82;24/09/2026;18:00;18.6;0;SOLEIL;3;16.9;0
Estrées-Deniécourt;49.87;2.82;24/09/2026;19:00;17;0;SOLEIL;3;16.9;0
Estrées-Deniécourt;49.87;2.82;24/09/2026;20:00;15.9;0;SOLEIL;3;14.0;0
Estrées-Deniécourt;49.87;2.82;24/09/2026;21:00;14.9;0;SOLEIL;3;13.7;0
Estrées-Deniécourt;49.87;2.82;24/09/2026;22:00;14.1;0;SOLEIL;2;14.8;0
Estrées-Deniécourt;49.87;2.82;24/09/2026;23:00;12.9;0;SOLEIL;2;14.8;0
Estrées-Deniécourt;49.87;2.82;25/09/2026;00:00;12.4;0;SOLEIL;2;13.3;0
Estrées-Deniécourt;49.87;2.82;25/09/2026;01:00;12.4;0;SOLEIL;2;11.9;0
Estrées-Deniécourt;49.87;2.82;25/09/2026;02:00;10.5;0;SOLEIL;2;15.1;0
Estrées-Deniécourt;49.87;2.82;25/09/2026;03:00;10.5;0;SOLEIL;2;22.0;0
Estrées-Deniécourt;49.87;2.82;25/09/2026;04:00;10.5;0;SOLEIL;2;21.6;0
Estrées-Deniécourt;49.87;2.82;25/09/2026;05:00;10.1;0;SOLEIL;3;11.2;0
Estrées-Deniécourt;49.87;2.82;25/09/2026;06:00;10.1;0;SOLEIL;3;9.7;0
Estrées-Deniécourt;49.87;2.82;25/09/2026;07:00;10.1;0;SOLEIL;3;13.0;0
Estrées-Deniécourt;49.87;2.82;25/09/2026;08:00;17;0;SOLEIL;3;14.0;0
Estrées-Deniécourt;49.87;2.82;25/09/2026;09:00;17;0;SOLEIL;3;13.7;0
Estrées-Deniécourt;49.87;2.82;25/09/2026;10:00;17;0;SOLEIL;3;16.6;0
Estrées-Deniécourt;49.87;2.82;25/09/2026;11:00;23.5;0;SOLEIL;3;21.2;0
Estrées-Deniécourt;49.87;2.82;25/09/2026;12:00;23.5;0;SOLEIL;3;21.2;0
Estrées-Deniécourt;49.87;2.82;25/09/2026;13:00;23.5;0;SOLEIL;3;23.8;0
Estrées-Deniécourt;49.87;2.82;25/09/2026;14:00;25.5;0;SOLEIL;3;24.1;0
Estrées-Deniécourt;49.87;2.82;25/09/2026;15:00;25.5;0;SOLEIL;3;22.3;0
Estrées-Deniécourt;49.87;2.82;25/09/2026;16:00;25.5;0;SOLEIL;3;20.5;0
Estrées-Deniécourt;49.87;2.82;25/09/2026;17:00;20.6;0;SOLEIL;2;19.8;0
Estrées-Deniécourt;49.87;2.82;25/09/2026;18:00;20.6;0;SOLEIL;2;19.4;0
Estrées-Deniécourt;49.87;2.82;25/09/2026;19:00;20.6;0;SOLEIL;2;15.1;0
Estrées-Deniécourt;49.87;2.82;25/09/2026;20:00;15.9;0;SOLEIL;3;10.8;0
Estrées-Deniécourt;49.87;2.82;25/09/2026;21:00;15.9;0;SOLEIL;3;10.1;0
Estrées-Deniécourt;49.87;2.82;25/09/2026;22:00;15.9;0;SOLEIL;3;13.3;0
Estrées-Deniécourt;49.87;2.82;25/09/2026;23:00;12.7;0;SOLEIL;3;13.0;0
Estrées-Deniécourt;49.87;2.82;26/09/2026;00:00;12.7;0;SOLEIL;3;15.2;0
Estrées-Deniécourt;49.87;2.82;26/09/2026;01:00;12.7;0;SOLEIL;3;16.2;0
Estrées-Deniécourt;49.87;2.82;26/09/2026;02:00;11.6;0;SOLEIL;2;16.2;0
Estrées-Deniécourt;49.87;2.82;26/09/2026;03:00;11.6;0;SOLEIL;2;15.8;0
Estrées-Deniécourt;49.87;2.82;26/09/2026;04:00;11.6;0;SOLEIL;2;12.2;0
Estrées-Deniécourt;49.87;2.82;26/09/2026;05:00;10.6;0;SOLEIL;3;7.2;0
Estrées-Deniécourt;49.87;2.82;26/09/2026;06:00;10.6;0;SOLEIL;3;9.4;0
Estrées-Deniécourt;49.87;2.82;26/09/2026;07:00;10.6;0;SOLEIL;3;7.6;0
Estrées-Deniécourt;49.87;2.82;26/09/2026;08:00;18.2;0;SOLEIL;3;5.4;0
Estrées-Deniécourt;49.87;2.82;26/09/2026;09:00;18.2;0;SOLEIL;3;10.4;0
Estrées-Deniécourt;49.87;2.82;26/09/2026;10:00;18.2;0;SOLEIL;3;16.6;0
Estrées-Deniécourt;49.87;2.82;26/09/2026;11:00;23.7;0;SOLEIL;2;22.0;0
Estrées-Deniécourt;49.87;2.82;26/09/2026;12:00;23.7;0;SOLEIL;2;23.8;0
Estrées-Deniécourt;49.87;2.82;26/09/2026;13:00;23.7;0;SOLEIL;2;25.9;0
Estrées-Deniécourt;49.87;2.82;26/09/2026;14:00;24.6;5;SOLEIL VOILÉ;3;25.9;0
Estrées-Deniécourt;49.87;2.82;26/09/2026;15:00;24.6;5;SOLEIL VOILÉ;3;25.9;0
Estrées-Deniécourt;49.87;2.82;26/09/2026;16:00;24.6;5;SOLEIL VOILÉ;3;25.9;0
Estrées-Deniécourt;49.87;2.82;26/09/2026;17:00;19.9;5;SOLEIL VOILÉ;4;24.8;0
Estrées-Deniécourt;49.87;2.82;26/09/2026;18:00;19.9;5;SOLEIL VOILÉ;4;19.8;0
Estrées-Deniécourt;49.87;2.82;26/09/2026;19:00;19.9;5;SOLEIL VOILÉ;4;20.5;0
Estrées-Deniécourt;49.87;2.82;26/09/2026;20:00;16.8;0;SOLEIL;5;27.4;0
Estrées-Deniécourt;49.87;2.82;26/09/2026;21:00;15.1;0;SOLEIL;5;25.2;0
Estrées-Deniécourt;49.87;2.82;26/09/2026;22:00;13.3;0;SOLEIL;5;22.0;0
Estrées-Deniécourt;49.87;2.82;26/09/2026;23:00;14.6;0;SOLEIL;2;18.4;0
Estrées-Deniécourt;49.87;2.82;27/09/2026;00:00;14.6;0;SOLEIL;2;13.7;0
Estrées-Deniécourt;49.87;2.82;27/09/2026;01:00;14.6;0;SOLEIL;2;13.3;0
Estrées-Deniécourt;49.87;2.82;27/09/2026;02:00;12.1;2;NUAGEUX;5;11.9;0
Estrées-Deniécourt;49.87;2.82;27/09/2026;03:00;12.1;2;NUAGEUX;5;10.8;0
Estrées-Deniécourt;49.87;2.82;27/09/2026;04:00;12.1;2;NUAGEUX;5;10.1;0
Estrées-Deniécourt;49.87;2.82;27/09/2026;05:00;12.9;2;NUAGEUX;2;10.1;0
Estrées-Deniécourt;49.87;2.82;27/09/2026;06:00;12.9;2;NUAGEUX;2;10.8;0
Estrées-Deniécourt;49.87;2.82;27/09/2026;07:00;12.9;2;NUAGEUX;2;12.6;0
Estrées-Deniécourt;49.87;2.82;27/09/2026;08:00;14.7;2;NUAGEUX;5;14.4;0
Estrées-Deniécourt;49.87;2.82;27/09/2026;09:00;16.0;2;NUAGEUX;5;16.9;0
Estrées-Deniécourt;49.87;2.82;27/09/2026;10:00;17.3;2;NUAGEUX;5;19.4;0
Estrées-Deniécourt;49.87;2.82;27/09/2026;11:00;21.7;2;NUAGEUX;3;22.0;0
Estrées-Deniécourt;49.87;2.82;27/09/2026;12:00;21.7;2;NUAGEUX;3;23.8;0
Estrées-Deniécourt;49.87;2.82;27/09/2026;13:00;21.7;2;NUAGEUX;3;24.8;0
Estrées-Deniécourt;49.87;2.82;27/09/2026;14:00;22.6;2;NUAGEUX;5;25.9;0
Estrées-Deniécourt;49.87;2.82;27/09/2026;15:00;23.9;2;NUAGEUX;5;27.4;0
Estrées-Deniécourt;49.87;2.82;27/09/2026;16:00;22.6;2;NUAGEUX;5;28.4;0
Estrées-Deniécourt;49.87;2.82;27/09/2026;17:00;19.6;2;NUAGEUX;2;28.4;0
Estrées-Deniécourt;49.87;2.82;27/09/2026;18:00;19.6;2;NUAGEUX;2;27.0;0
Estrées-Deniécourt;49.87;2.82;27/09/2026;19:00;19.6;2;NUAGEUX;2;24.8;0
Estrées-Deniécourt;49.87;2.82;27/09/2026;20:00;17.3;2;NUAGEUX;5;21.2;0
Estrées-Deniécourt;49.87;2.82;27/09/2026;21:00;16.0;2;NUAGEUX;5;15.8;0
Estrées-Deniécourt;49.87;2.82;27/09/2026;22:00;14.7;2;NUAGEUX;5;9.7;0
Estrées-Deniécourt;49.87;2.82;27/09/2026;23:00;16;2;NUAGEUX;2;5.0;0
Estrées-Deniécourt;49.87;2.82;28/09/2026;00:00;16;2;NUAGEUX;2;3.2;0
Estrées-Deniécourt;49.87;2.82;28/09/2026;01:00;16;2;NUAGEUX;2;2.9;0
Estrées-Deniécourt;49.87;2.82;28/09/2026;02:00;13.2;7;PLUIE FAIBLE;5;3.6;0
Estrées-Deniécourt;49.87;2.82;28/09/2026;03:00;13.2;7;PLUIE FAIBLE;5;5.0;0
Estrées-Deniécourt;49.87;2.82;28/09/2026;04:00;13.2;7;PLUIE FAIBLE;5;7.2;0
Estrées-Deniécourt;49.87;2.82;28/09/2026;05:00;13.9;2;NUAGEUX;2;8.6;0
Estrées-Deniécourt;49.87;2.82;28/09/2026;06:00;13.9;2;NUAGEUX;2;7.6;0
Estrées-Deniécourt;49.87;2.82;28/09/2026;07:00;13.9;2;NUAGEUX;2;5.8;0
Estrées-Deniécourt;49.87;2.82;28/09/2026;08:00;15.2;7;PLUIE FAIBLE;5;5.0;0
Estrées-Deniécourt;49.87;2.82;28/09/2026;09:00;16.2;7;PLUIE FAIBLE;5;6.8;0
Estrées-Deniécourt;49.87;2.82;28/09/2026;10:00;17.2;7;PLUIE FAIBLE;5;10.1;0
Estrées-Deniécourt;49.87;2.82;28/09/2026;11:00;20.6;7;PLUIE FAIBLE;3;13.0;0
Estrées-Deniécourt;49.87;2.82;28/09/2026;12:00;20.6;7;PLUIE FAIBLE;3;14.8;0
Estrées-Deniécourt;49.87;2.82;28/09/2026;13:00;20.6;7;PLUIE FAIBLE;3;16.2;0
Estrées-Deniécourt;49.87;2.82;28/09/2026;14:00;21.1;7;PLUIE FAIBLE;5;18.0;0
Estrées-Deniécourt;49.87;2.82;28/09/2026;15:00;22.1;7;PLUIE FAIBLE;5;20.5;0
Estrées-Deniécourt;49.87;2.82;28/09/2026;16:00;21.1;7;PLUIE FAIBLE;5;22.7;0
Estrées-Deniécourt;49.87;2.82;28/09/2026;17:00;19.4;7;PLUIE FAIBLE;2;23.8;0
Estrées-Deniécourt;49.87;2.82;28/09/2026;18:00;19.4;7;PLUIE FAIBLE;2;22.0;0
Estrées-Deniécourt;49.87;2.82;28/09/2026;19:00;19.4;7;PLUIE FAIBLE;2;19.1;0
Estrées-Deniécourt;49.87;2.82;28/09/2026;20:00;17.2;7;PLUIE FAIBLE;5;16.2;0
Estrées-Deniécourt;49.87;2.82;28/09/2026;21:00;16.2;7;PLUIE FAIBLE;5;14.0;0
Estrées-Deniécourt;49.87;2.82;28/09/2026;22:00;15.2;7;PLUIE FAIBLE;5;12.2;0
Estrées-Deniécourt;49.87;2.82;28/09/2026;23:00;16.5;2;NUAGEUX;4;12.2;0
Montdidier;49.65;2.57;24/09/2026;00:00;13.6;3;TRÈS NUAGEUX;3;19.4;0
Montdidier;49.65;2.57;24/09/2026;01:00;13.6;3;TRÈS NUAGEUX;3;15.5;0
Montdidier;49.65;2.57;24/09/2026;02:00;13.2;3;TRÈS NUAGEUX;3;13.3;0
Montdidier;49.65;2.57;24/09/2026;03:00;13;3;TRÈS NUAGEUX;2;16.2;0
Montdidier;49.65;2.57;24/09/2026;04:00;12.5;3;TRÈS NUAGEUX;2;17.3;0
Montdidier;49.65;2.57;24/09/2026;05:00;12.1;3;TRÈS NUAGEUX;2;17.6;0
Montdidier;49.65;2.57;24/09/2026;06:00;11.6;3;TRÈS NUAGEUX;2;17.6;0
Montdidier;49.65;2.57;24/09/2026;07:00;13.2;3;TRÈS NUAGEUX;2;19.4;0
Montdidier;49.65;2.57;24/09/2026;08:00;15;3;TRÈS NUAGEUX;2;15.5;0
Montdidier;49.65;2.57;24/09/2026;09:00;17.1;0;SOLEIL;3;10.4;0
Montdidier;49.65;2.57;24/09/2026;10:00;18.7;0;SOLEIL;3;12.2;0
Montdidier;49.65;2.57;24/09/2026;11:00;20.1;0;SOLEIL;2;15.5;0
Montdidier;49.65;2.57;24/09/2026;12:00;21.5;0;SOLEIL;2;16.6;0
Montdidier;49.65;2.57;24/09/2026;13:00;22.2;0;SOLEIL;2;17.3;0
Montdidier;49.65;2.57;24/09/2026;14:00;22.9;0;SOLEIL;2;18.7;0
Montdidier;49.65;2.57;24/09/2026;15:00;22.7;0;SOLEIL;2;18.7;0
Montdidier;49.65;2.57;24/09/2026;16:00;22.6;0;SOLEIL;2;18.4;0
Montdidier;49.65;2.57;24/09/2026;17:00;22.1;0;SOLEIL;3;18.4;0
Montdidier;49.65;2.57;24/09/2026;18:00;19.6;0;SOLEIL;2;18.4;0
Montdidier;49.65;2.57;24/09/2026;19:00;17.6;0;SOLEIL;3;18.4;0
Montdidier;49.65;2.57;24/09/2026;20:00;16.2;0;SOLEIL;3;17.6;0
Montdidier;49.65;2.57;24/09/2026;21:00;15;0;SOLEIL;3;16.2;0
Montdidier;49.65;2.57;24/09/2026;22:00;14.1;0;SOLEIL;3;17.3;0
Montdidier;49.65;2.57;24/09/2026;23:00;13.2;0;SOLEIL;3;20.5;0
Montdidier;49.65;2.57;25/09/2026;00:00;11.6;0;SOLEIL;2;18.4;0
Montdidier;49.65;2.57;25/09/2026;01:00;11.6;0;SOLEIL;2;15.5;0
Montdidier;49.65;2.57;25/09/2026;02:00;8.7;0;SOLEIL;2;16.6;0
Montdidier;49.65;2.57;25/09/2026;03:00;8.7;0;SOLEIL;2;19.8;0
Montdidier;49.65;2.57;25/09/2026;04:00;8.7;0;SOLEIL;2;16.9;0
Montdidier;49.65;2.57;25/09/2026;05:00;8.6;0;SOLEIL;2;8.3;0
Montdidier;49.65;2.57;25/09/2026;06:00;8.6;0;SOLEIL;2;6.5;0
Montdidier;49.65;2.57;25/09/2026;07:00;8.6;0;SOLEIL;2;13.3;0
Montdidier;49.65;2.57;25/09/2026;08:00;18.1;0;SOLEIL;2;13.3;0
Montdidier;49.65;2.57;25/09/2026;09:00;18.1;0;SOLEIL;2;11.2;0
Montdidier;49.65;2.57;25/09/2026;10:00;18.1;0;SOLEIL;2;15.1;0
Montdidier;49.65;2.57;25/09/2026;11:00;24;0;SOLEIL;3;20.9;0
Montdidier;49.65;2.57;25/09/2026;12:00;24;0;SOLEIL;3;21.6;0
Montdidier;49.65;2.57;25/09/2026;13:00;24;0;SOLEIL;3;24.8;0
Montdidier;49.65;2.57;25/09/2026;14:00;25.1;0;SOLEIL;2;24.8;0
Montdidier;49.65;2.57;25/09/2026;15:00;25.1;0;SOLEIL;2;23.4;0
Montdidier;49.65;2.57;25/09/2026;16:00;25.1;0;SOLEIL;2;22.3;0
Montdidier;49.65;2.57;25/09/2026;17:00;20.4;0;SOLEIL;2;22.3;0
Montdidier;49.65;2.57;25/09/2026;18:00;20.4;0;SOLEIL;2;21.6;0
Montdidier;49.65;2.57;25/09/2026;19:00;20.4;0;SOLEIL;2;19.4;0
Montdidier;49.65;2.57;25/09/2026;20:00;15.2;0;SOLEIL;3;12.6;0
Montdidier;49.65;2.57;25/09/2026;21:00;15.2;0;SOLEIL;3;14.4;0
Montdidier;49.65;2.57;25/09/2026;22:00;15.2;0;SOLEIL;3;15.1;0
Montdidier;49.65;2.57;25/09/2026;23:00;13.2;0;SOLEIL;3;15.8;0
Montdidier;49.65;2.57;26/09/2026;00:00;13.2;0;SOLEIL;3;17.3;0
Montdidier;49.65;2.57;26/09/2026;01:00;13.2;0;SOLEIL;3;19.1;0
Montdidier;49.65;2.57;26/09/2026;02:00;13.1;0;SOLEIL;3;19.1;0
Montdidier;49.65;2.57;26/09/2026;03:00;13.1;0;SOLEIL;3;18.7;0
Montdidier;49.65;2.57;26/09/2026;04:00;13.1;0;SOLEIL;3;17.3;0
Montdidier;49.65;2.57;26/09/2026;05:00;11.5;0;SOLEIL;2;15.8;0
Montdidier;49.65;2.57;26/09/2026;06:00;11.5;0;SOLEIL;2;11.5;0
Montdidier;49.65;2.57;26/09/2026;07:00;11.5;0;SOLEIL;2;10.4;0
Montdidier;49.65;2.57;26/09/2026;08:00;19;0;SOLEIL;2;11.9;0
Montdidier;49.65;2.57;26/09/2026;09:00;19;0;SOLEIL;2;19.1;0
Montdidier;49.65;2.57;26/09/2026;10:00;19;0;SOLEIL;2;23.0;0
Montdidier;49.65;2.57;26/09/2026;11:00;23.9;0;SOLEIL;3;24.5;0
Montdidier;49.65;2.57;26/09/2026;12:00;23.9;0;SOLEIL;3;25.6;0
Montdidier;49.65;2.57;26/09/2026;13:00;23.9;0;SOLEIL;3;27.7;0
Montdidier;49.65;2.57;26/09/2026;14:00;24;0;SOLEIL;4;28.1;0
Montdidier;49.65;2.57;26/09/2026;15:00;24;0;SOLEIL;4;27.7;0
Montdidier;49.65;2.57;26/09/2026;16:00;24;0;SOLEIL;4;26.6;0
Montdidier;49.65;2.57;26/09/2026;17:00;19.9;5;SOLEIL VOILÉ;3;25.6;0
Montdidier;49.65;2.57;26/09/2026;18:00;19.9;5;SOLEIL VOILÉ;3;22.3;0
Montdidier;49.65;2.57;26/09/2026;19:00;19.9;5;SOLEIL VOILÉ;3;23.4;0
Montdidier;49.65;2.57;26/09/2026;20:00;17.3;0;SOLEIL;5;23.4;0
Montdidier;49.65;2.57;26/09/2026;21:00;15.8;0;SOLEIL;5;20.2;0
Montdidier;49.65;2.57;26/09/2026;22:00;14.2;0;SOLEIL;5;18.0;0
Montdidier;49.65;2.57;26/09/2026;23:00;13.4;0;SOLEIL;2;18.4;0
Montdidier;49.65;2.57;27/09/2026;00:00;13.4;0;SOLEIL;2;18.0;0
Montdidier;49.65;2.57;27/09/2026;01:00;13.4;0;SOLEIL;2;15.8;0
Montdidier;49.65;2.57;27/09/2026;02:00;12.4;2;NUAGEUX;5;13.3;0
Montdidier;49.65;2.57;27/09/2026;03:00;12.4;2;NUAGEUX;5;12.2;0
Montdidier;49.65;2.57;27/09/2026;04:00;12.4;2;NUAGEUX;5;11.9;0
Montdidier;49.65;2.57;27/09/2026;05:00;13.1;6;AVERSES;2;11.9;0
Montdidier;49.65;2.57;27/09/2026;06:00;13.1;6;AVERSES;2;13.0;0
Montdidier;49.65;2.57;27/09/2026;07:00;13.1;6;AVERSES;2;14.8;0
Montdidier;49.65;2.57;27/09/2026;08:00;14.9;2;NUAGEUX;5;16.6;0
Montdidier;49.65;2.57;27/09/2026;09:00;16.2;2;NUAGEUX;5;18.4;0
Montdidier;49.65;2.57;27/09/2026;10:00;17.4;2;NUAGEUX;5;20.2;0
Montdidier;49.65;2.57;27/09/2026;11:00;22.1;2;NUAGEUX;3;22.0;0
Montdidier;49.65;2.57;27/09/2026;12:00;22.1;2;NUAGEUX;3;24.5;0
Montdidier;49.65;2.57;27/09/2026;13:00;22.1;2;NUAGEUX;3;27.0;0
Montdidier;49.65;2.57;27/09/2026;14:00;22.4;2;NUAGEUX;5;28.8;0
Montdidier;49.65;2.57;27/09/2026;15:00;23.7;2;NUAGEUX;5;29.5;0
Montdidier;49.65;2.57;27/09/2026;16:00;22.4;2;NUAGEUX;5;29.9;0
Montdidier;49.65;2.57;27/09/2026;17:00;19.6;2;NUAGEUX;3;28.8;0
Montdidier;49.65;2.57;27/09/2026;18:00;19.6;2;NUAGEUX;3;26.3;0
Montdidier;49.65;2.57;27/09/2026;19:00;19.6;2;NUAGEUX;3;22.7;0
Montdidier;49.65;2.57;27/09/2026;20:00;17.4;2;NUAGEUX;5;19.1;0
Montdidier;49.65;2.57;27/09/2026;21:00;16.2;2;NUAGEUX;5;15.5;0
Montdidier;49.65;2.57;27/09/2026;22:00;14.9;2;NUAGEUX;5;11.5;0
Montdidier;49.65;2.57;27/09/2026;23:00;16.1;2;NUAGEUX;2;9.0;0
Montdidier;49.65;2.57;28/09/2026;00:00;16.1;2;NUAGEUX;2;7.9;0
Montdidier;49.65;2.57;28/09/2026;01:00;16.1;2;NUAGEUX;2;7.9;0
Montdidier;49.65;2.57;28/09/2026;02:00;13.5;2;NUAGEUX;5;8.3;0
Montdidier;49.65;2.57;28/09/2026;03:00;13.5;2;NUAGEUX;5;9.4;0
Montdidier;49.65;2.57;28/09/2026;04:00;13.5;2;NUAGEUX;5;10.8;0
Montdidier;49.65;2.57;28/09/2026;05:00;14.1;2;NUAGEUX;2;11.5;0
Montdidier;49.65;2.57;28/09/2026;06:00;14.1;2;NUAGEUX;2;10.1;0
Montdidier;49.65;2.57;28/09/2026;07:00;14.1;2;NUAGEUX;2;7.6;0
Montdidier;49.65;2.57;28/09/2026;08:00;15.4;2;NUAGEUX;5;6.5;0
Montdidier;49.65;2.57;28/09/2026;09:00;16.4;2;NUAGEUX;5;7.6;0
Montdidier;49.65;2.57;28/09/2026;10:00;17.4;2;NUAGEUX;5;9.7;0
Montdidier;49.65;2.57;28/09/2026;11:00;20.9;7;PLUIE FAIBLE;3;12.2;0
Montdidier;49.65;2.57;28/09/2026;12:00;20.9;7;PLUIE FAIBLE;3;14.0;0
Montdidier;49.65;2.57;28/09/2026;13:00;20.9;7;PLUIE FAIBLE;3;16.2;0
Montdidier;49.65;2.57;28/09/2026;14:00;21.2;2;NUAGEUX;5;18.4;0
Montdidier;49.65;2.57;28/09/2026;15:00;22.2;2;NUAGEUX;5;21.2;0
Montdidier;49.65;2.57;28/09/2026;16:00;21.2;2;NUAGEUX;5;24.5;0
Montdidier;49.65;2.57;28/09/2026;17:00;19.2;2;NUAGEUX;2;25.9;0
Montdidier;49.65;2.57;28/09/2026;18:00;19.2;2;NUAGEUX;2;24.1;0
Montdidier;49.65;2.57;28/09/2026;19:00;19.2;2;NUAGEUX;2;20.9;0
Montdidier;49.65;2.57;28/09/2026;20:00;17.4;2;NUAGEUX;5;18.0;0
Montdidier;49.65;2.57;28/09/2026;21:00;16.4;2;NUAGEUX;5;15.8;0
Montdidier;49.65;2.57;28/09/2026;22:00;15.4;2;NUAGEUX;5;14.4;0
Montdidier;49.65;2.57;28/09/2026;23:00;16.7;2;NUAGEUX;4;14.8;0
Boulogne-sur-Mer;50.726;1.614;24/09/2026;00:00;16;2;NUAGEUX;3;24.8;0
Boulogne-sur-Mer;50.726;1.614;24/09/2026;01:00;15.9;2;NUAGEUX;3;24.8;0
Boulogne-sur-Mer;50.726;1.614;24/09/2026;02:00;15.4;0;SOLEIL;3;20.5;0
Boulogne-sur-Mer;50.726;1.614;24/09/2026;03:00;15;0;SOLEIL;2;16.6;0
Boulogne-sur-Mer;50.726;1.614;24/09/2026;04:00;15;0;SOLEIL;2;16.6;0
Boulogne-sur-Mer;50.726;1.614;24/09/2026;05:00;13.9;0;SOLEIL;2;15.1;0
Boulogne-sur-Mer;50.726;1.614;24/09/2026;06:00;14;0;SOLEIL;2;13.0;0
Boulogne-sur-Mer;50.726;1.614;24/09/2026;07:00;14.9;0;SOLEIL;2;11.2;0
Boulogne-sur-Mer;50.726;1.614;24/09/2026;08:00;16.6;0;SOLEIL;2;10.4;0
Boulogne-sur-Mer;50.726;1.614;24/09/2026;09:00;17;0;SOLEIL;2;9.7;0
Boulogne-sur-Mer;50.726;1.614;24/09/2026;10:00;17.5;0;SOLEIL;2;11.5;0
Boulogne-sur-Mer;50.726;1.614;24/09/2026;11:00;18.2;0;SOLEIL;2;16.6;0
Boulogne-sur-Mer;50.726;1.614;24/09/2026;12:00;18.9;0;SOLEIL;2;17.3;0
Boulogne-sur-Mer;50.726;1.614;24/09/2026;13:00;19;0;SOLEIL;3;11.9;0
Boulogne-sur-Mer;50.726;1.614;24/09/2026;14:00;18.9;0;SOLEIL;3;8.3;0
Boulogne-sur-Mer;50.726;1.614;24/09/2026;15:00;19.1;0;SOLEIL;2;10.8;0
Boulogne-sur-Mer;50.726;1.614;24/09/2026;16:00;19.6;0;SOLEIL;2;10.4;0
Boulogne-sur-Mer;50.726;1.614;24/09/2026;17:00;19.5;0;SOLEIL;2;17.3;0
Boulogne-sur-Mer;50.726;1.614;24/09/2026;18:00;18.2;0;SOLEIL;3;18.7;0
Boulogne-sur-Mer;50.726;1.614;24/09/2026;19:00;18.4;0;SOLEIL;3;10.4;0
Boulogne-sur-Mer;50.726;1.614;24/09/2026;20:00;17.1;0;SOLEIL;4;14.4;0
Boulogne-sur-Mer;50.726;1.614;24/09/2026;21:00;16.4;0;SOLEIL;4;18.7;0
Boulogne-sur-Mer;50.726;1.614;24/09/2026;22:00;16.2;0;SOLEIL;4;20.5;0
Boulogne-sur-Mer;50.726;1.614;24/09/2026;23:00;16.6;0;SOLEIL;4;23.0;0
Boulogne-sur-Mer;50.726;1.614;25/09/2026;00:00;15.6;0;SOLEIL;4;25.2;0
Boulogne-sur-Mer;50.726;1.614;25/09/2026;01:00;15.6;0;SOLEIL;4;26.6;0
Boulogne-sur-Mer;50.726;1.614;25/09/2026;02:00;15.9;0;SOLEIL;5;26.6;0
Boulogne-sur-Mer;50.726;1.614;25/09/2026;03:00;15.9;0;SOLEIL;5;28.1;0
Boulogne-sur-Mer;50.726;1.614;25/09/2026;04:00;15.9;0;SOLEIL;5;29.2;0
Boulogne-sur-Mer;50.726;1.614;25/09/2026;05:00;14.9;0;SOLEIL;5;29.2;0
Boulogne-sur-Mer;50.726;1.614;25/09/2026;06:00;14.9;0;SOLEIL;5;28.1;0
Boulogne-sur-Mer;50.726;1.614;25/09/2026;07:00;14.9;0;SOLEIL;5;26.3;0
Boulogne-sur-Mer;50.726;1.614;25/09/2026;08:00;18.1;0;SOLEIL;4;25.2;0
Boulogne-sur-Mer;50.726;1.614;25/09/2026;09:00;18.1;0;SOLEIL;4;21.1;0
Boulogne-sur-Mer;50.726;1.614;25/09/2026;10:00;18.1;0;SOLEIL;4;21.1;0
Boulogne-sur-Mer;50.726;1.614;25/09/2026;11:00;21.6;0;SOLEIL;4;23.4;0
Boulogne-sur-Mer;50.726;1.614;25/09/2026;12:00;21.6;0;SOLEIL;4;25.2;0
Boulogne-sur-Mer;50.726;1.614;25/09/2026;13:00;21.6;0;SOLEIL;4;25.2;0
Boulogne-sur-Mer;50.726;1.614;25/09/2026;14:00;22.4;0;SOLEIL;2;24.5;0
Boulogne-sur-Mer;50.726;1.614;25/09/2026;15:00;22.4;0;SOLEIL;2;21.6;0
Boulogne-sur-Mer;50.726;1.614;25/09/2026;16:00;22.4;0;SOLEIL;2;17.3;0
Boulogne-sur-Mer;50.726;1.614;25/09/2026;17:00;20.1;0;SOLEIL;2;15.8;0
Boulogne-sur-Mer;50.726;1.614;25/09/2026;18:00;20.1;0;SOLEIL;2;14.4;0
Boulogne-sur-Mer;50.726;1.614;25/09/2026;19:00;20.1;0;SOLEIL;2;8.6;0
Boulogne-sur-Mer;50.726;1.614;25/09/2026;20:00;19.7;0;SOLEIL;5;6.1;0
Boulogne-sur-Mer;50.726;1.614;25/09/2026;21:00;19.7;0;SOLEIL;5;6.8;0
Boulogne-sur-Mer;50.726;1.614;25/09/2026;22:00;19.7;0;SOLEIL;5;6.1;0
Boulogne-sur-Mer;50.726;1.614;25/09/2026;23:00;18.5;0;SOLEIL;5;5.8;0
Boulogne-sur-Mer;50.726;1.614;26/09/2026;00:00;18.5;0;SOLEIL;5;7.2;0
Boulogne-sur-Mer;50.726;1.614;26/09/2026;01:00;18.5;0;SOLEIL;5;7.2;0
Boulogne-sur-Mer;50.726;1.614;26/09/2026;02:00;17;0;SOLEIL;4;9.0;0
Boulogne-sur-Mer;50.726;1.614;26/09/2026;03:00;17;0;SOLEIL;4;9.4;0
Boulogne-sur-Mer;50.726;1.614;26/09/2026;04:00;17;0;SOLEIL;4;17.6;0
Boulogne-sur-Mer;50.726;1.614;26/09/2026;05:00;16.6;5;SOLEIL VOILÉ;6;25.2;0
Boulogne-sur-Mer;50.726;1.614;26/09/2026;06:00;16.6;5;SOLEIL VOILÉ;6;27.4;0
Boulogne-sur-Mer;50.726;1.614;26/09/2026;07:00;16.6;5;SOLEIL VOILÉ;6;29.9;0
Boulogne-sur-Mer;50.726;1.614;26/09/2026;08:00;18.1;5;SOLEIL VOILÉ;7;32.8;0
Boulogne-sur-Mer;50.726;1.614;26/09/2026;09:00;18.1;5;SOLEIL VOILÉ;7;34.6;0
Boulogne-sur-Mer;50.726;1.614;26/09/2026;10:00;18.1;5;SOLEIL VOILÉ;7;36.0;0
Boulogne-sur-Mer;50.726;1.614;26/09/2026;11:00;18.2;5;SOLEIL VOILÉ;6;33.8;0
Boulogne-sur-Mer;50.726;1.614;26/09/2026;12:00;18.2;5;SOLEIL VOILÉ;6;33.1;0
Boulogne-sur-Mer;50.726;1.614;26/09/2026;13:00;18.2;5;SOLEIL VOILÉ;6;32.8;0
Boulogne-sur-Mer;50.726;1.614;26/09/2026;14:00;17.7;5;SOLEIL VOILÉ;5;32.4;0
Boulogne-sur-Mer;50.726;1.614;26/09/2026;15:00;17.7;5;SOLEIL VOILÉ;5;30.6;0
Boulogne-sur-Mer;50.726;1.614;26/09/2026;16:00;17.7;5;SOLEIL VOILÉ;5;28.4;0
Boulogne-sur-Mer;50.726;1.614;26/09/2026;17:00;17.4;5;SOLEIL VOILÉ;5;25.9;0
Boulogne-sur-Mer;50.726;1.614;26/09/2026;18:00;17.4;5;SOLEIL VOILÉ;5;22.7;0
Boulogne-sur-Mer;50.726;1.614;26/09/2026;19:00;17.4;5;SOLEIL VOILÉ;5;19.4;0
Boulogne-sur-Mer;50.726;1.614;26/09/2026;20:00;17.4;5;SOLEIL VOILÉ;5;16.2;0
Boulogne-sur-Mer;50.726;1.614;26/09/2026;21:00;17.1;5;SOLEIL VOILÉ;5;13.7;0
Boulogne-sur-Mer;50.726;1.614;26/09/2026;22:00;16.7;5;SOLEIL VOILÉ;5;11.2;0
Boulogne-sur-Mer;50.726;1.614;26/09/2026;23:00;15.1;0;SOLEIL;4;9.7;0
Boulogne-sur-Mer;50.726;1.614;27/09/2026;00:00;15.1;0;SOLEIL;4;9.4;0
Boulogne-sur-Mer;50.726;1.614;27/09/2026;01:00;15.1;0;SOLEIL;4;9.7;0
Boulogne-sur-Mer;50.726;1.614;27/09/2026;02:00;13.1;7;PLUIE FAIBLE;5;10.4;0
Boulogne-sur-Mer;50.726;1.614;27/09/2026;03:00;13.1;7;PLUIE FAIBLE;5;10.8;0
Boulogne-sur-Mer;50.726;1.614;27/09/2026;04:00;13.1;7;PLUIE FAIBLE;5;11.2;0
Boulogne-sur-Mer;50.726;1.614;27/09/2026;05:00;13.6;2;NUAGEUX;4;11.9;0
Boulogne-sur-Mer;50.726;1.614;27/09/2026;06:00;13.6;2;NUAGEUX;4;12.2;0
Boulogne-sur-Mer;50.726;1.614;27/09/2026;07:00;13.6;2;NUAGEUX;4;13.0;0
Boulogne-sur-Mer;50.726;1.614;27/09/2026;08:00;14.4;7;PLUIE FAIBLE;5;14.8;0
Boulogne-sur-Mer;50.726;1.614;27/09/2026;09:00;15.1;7;PLUIE FAIBLE;5;18.7;0
Boulogne-sur-Mer;50.726;1.614;27/09/2026;10:00;15.7;7;PLUIE FAIBLE;5;23.8;0
Boulogne-sur-Mer;50.726;1.614;27/09/2026;11:00;18.1;7;PLUIE FAIBLE;5;28.1;0
Boulogne-sur-Mer;50.726;1.614;27/09/2026;12:00;18.1;7;PLUIE FAIBLE;5;30.2;0
Boulogne-sur-Mer;50.726;1.614;27/09/2026;13:00;18.1;7;PLUIE FAIBLE;5;31.0;0
Boulogne-sur-Mer;50.726;1.614;27/09/2026;14:00;18.3;7;PLUIE FAIBLE;5;32.4;0
Boulogne-sur-Mer;50.726;1.614;27/09/2026;15:00;19.0;7;PLUIE FAIBLE;5;34.9;0
Boulogne-sur-Mer;50.726;1.614;27/09/2026;16:00;18.3;7;PLUIE FAIBLE;5;37.8;0
Boulogne-sur-Mer;50.726;1.614;27/09/2026;17:00;17.1;2;NUAGEUX;5;38.9;0
Boulogne-sur-Mer;50.726;1.614;27/09/2026;18:00;17.1;2;NUAGEUX;5;36.7;0
Boulogne-sur-Mer;50.726;1.614;27/09/2026;19:00;17.1;2;NUAGEUX;5;32.4;0
Boulogne-sur-Mer;50.726;1.614;27/09/2026;20:00;15.7;7;PLUIE FAIBLE;5;28.4;0
Boulogne-sur-Mer;50.726;1.614;27/09/2026;21:00;15.1;7;PLUIE FAIBLE;5;24.5;0
Boulogne-sur-Mer;50.726;1.614;27/09/2026;22:00;14.4;7;PLUIE FAIBLE;5;20.9;0
Boulogne-sur-Mer;50.726;1.614;27/09/2026;23:00;16.4;7;PLUIE FAIBLE;6;17.6;0
Boulogne-sur-Mer;50.726;1.614;28/09/2026;00:00;16.4;7;PLUIE FAIBLE;6;15.8;0
Boulogne-sur-Mer;50.726;1.614;28/09/2026;01:00;16.4;7;PLUIE FAIBLE;6;15.1;0
Boulogne-sur-Mer;50.726;1.614;28/09/2026;02:00;14.6;7;PLUIE FAIBLE;5;14.0;0
Boulogne-sur-Mer;50.726;1.614;28/09/2026;03:00;14.6;7;PLUIE FAIBLE;5;11.5;0
Boulogne-sur-Mer;50.726;1.614;28/09/2026;04:00;14.6;7;PLUIE FAIBLE;5;9.0;0
Boulogne-sur-Mer;50.726;1.614;28/09/2026;05:00;15;7;PLUIE FAIBLE;4;8.6;0
Boulogne-sur-Mer;50.726;1.614;28/09/2026;06:00;15;7;PLUIE FAIBLE;4;11.2;0
Boulogne-sur-Mer;50.726;1.614;28/09/2026;07:00;15;7;PLUIE FAIBLE;4;14.9;0
Boulogne-sur-Mer;50.726;1.614;28/09/2026;08:00;15.7;7;PLUIE FAIBLE;5;16.8;0
Boulogne-sur-Mer;50.726;1.614;28/09/2026;09:00;16.2;7;PLUIE FAIBLE;5;19.4;0
Boulogne-sur-Mer;50.726;1.614;28/09/2026;10:00;16.8;7;PLUIE FAIBLE;5;17.6;0
Boulogne-sur-Mer;50.726;1.614;28/09/2026;11:00;18.2;7;PLUIE FAIBLE;4;16.6;0
Boulogne-sur-Mer;50.726;1.614;28/09/2026;12:00;18.2;7;PLUIE FAIBLE;4;18.0;0
Boulogne-sur-Mer;50.726;1.614;28/09/2026;13:00;18.2;7;PLUIE FAIBLE;4;20.9;0
Boulogne-sur-Mer;50.726;1.614;28/09/2026;14:00;19.0;7;PLUIE FAIBLE;5;22.0;0
Boulogne-sur-Mer;50.726;1.614;28/09/2026;15:00;19.5;7;PLUIE FAIBLE;5;19.8;0
Boulogne-sur-Mer;50.726;1.614;28/09/2026;16:00;19.0;7;PLUIE FAIBLE;5;15.8;0
Boulogne-sur-Mer;50.726;1.614;28/09/2026;17:00;17.4;2;NUAGEUX;4;14.4;0
Boulogne-sur-Mer;50.726;1.614;28/09/2026;18:00;17.4;2;NUAGEUX;4;18.0;0
Boulogne-sur-Mer;50.726;1.614;28/09/2026;19:00;17.4;2;NUAGEUX;4;23.8;0
Boulogne-sur-Mer;50.726;1.614;28/09/2026;20:00;16.8;7;PLUIE FAIBLE;5;27.4;0
Boulogne-sur-Mer;50.726;1.614;28/09/2026;21:00;16.2;7;PLUIE FAIBLE;5;26.3;0
Boulogne-sur-Mer;50.726;1.614;28/09/2026;22:00;15.7;7;PLUIE FAIBLE;5;23.0;0
Boulogne-sur-Mer;50.726;1.614;28/09/2026;23:00;17;2;NUAGEUX;6;20.5;0
