Ville;Latitude;Longitude;Date;Heure;temperature_2m;weathercode;Temps_Label;windspeed_10m;wind_gusts_10m;precipitation
Lannion;48.73;-3.46;24/09/2026;00:00;15.6;0;SOLEIL;2;16.9;0
Lannion;48.73;-3.46;24/09/2026;01:00;14.6;5;SOLEIL VOILÉ;2;16.2;0
Lannion;48.73;-3.46;24/09/2026;02:00;14.5;5;SOLEIL VOILÉ;2;15.5;0
Lannion;48.73;-3.46;24/09/2026;03:00;13.6;5;SOLEIL VOILÉ;2;15.1;0
Lannion;48.73;-3.46;24/09/2026;04:00;13.4;5;SOLEIL VOILÉ;2;14.8;0
Lannion;48.73;-3.46;24/09/2026;05:00;13.1;5;SOLEIL VOILÉ;2;13.7;0
Lannion;48.73;-3.46;24/09/2026;06:00;13.1;5;SOLEIL VOILÉ;1;10.1;0
Lannion;48.73;-3.46;24/09/2026;07:00;14.7;5;SOLEIL VOILÉ;2;7.9;0
Lannion;48.73;-3.46;24/09/2026;08:00;17.4;5;SOLEIL VOILÉ;2;6.8;0
Lannion;48.73;-3.46;24/09/2026;09:00;19.9;5;SOLEIL VOILÉ;3;10.8;0
Lannion;48.73;-3.46;24/09/2026;10:00;22.7;5;SOLEIL VOILÉ;3;15.1;0
Lannion;48.73;-3.46;24/09/2026;11:00;25.1;5;SOLEIL VOILÉ;3;26.6;0
Lannion;48.73;-3.46;24/09/2026;12:00;27.1;5;SOLEIL VOILÉ;3;28.1;0
Lannion;48.73;-3.46;24/09/2026;13:00;29;5;SOLEIL VOILÉ;3;25.9;0
Lannion;48.73;-3.46;24/09/2026;14:00;29.7;5;SOLEIL VOILÉ;3;23.8;0
Lannion;48.73;-3.46;24/09/2026;15:00;29.1;5;SOLEIL VOILÉ;2;22.7;0
Lannion;48.73;-3.46;24/09/2026;16:00;30;5;SOLEIL VOILÉ;2;21.2;0
Lannion;48.73;-3.46;24/09/2026;17:00;29.5;5;SOLEIL VOILÉ;2;20.5;0
Lannion;48.73;-3.46;24/09/2026;18:00;27.1;5;SOLEIL VOILÉ;2;19.8;0
Lannion;48.73;-3.46;24/09/2026;19:00;25.6;5;SOLEIL VOILÉ;2;16.2;0
Lannion;48.73;-3.46;24/09/2026;20:00;24;5;SOLEIL VOILÉ;2;13.3;0
Lannion;48.73;-3.46;24/09/2026;21:00;22.1;0;SOLEIL;3;8.3;0
Lannion;48.73;-3.46;24/09/2026;22:00;20.6;0;SOLEIL;2;11.2;0
Lannion;48.73;-3.46;24/09/2026;23:00;19.6;0;SOLEIL;2;13.3;0
Lannion;48.73;-3.46;25/09/2026;00:00;18.1;0;SOLEIL;2;13.7;0
Lannion;48.73;-3.46;25/09/2026;01:00;18.1;0;SOLEIL;2;15.1;0
Lannion;48.73;-3.46;25/09/2026;02:00;16.2;0;SOLEIL;2;19.4;0
Lannion;48.73;-3.46;25/09/2026;03:00;16.2;0;SOLEIL;2;18.0;0
Lannion;48.73;-3.46;25/09/2026;04:00;16.2;0;SOLEIL;2;7.2;0
Lannion;48.73;-3.46;25/09/2026;05:00;14.7;0;SOLEIL;2;9.7;0
Lannion;48.73;-3.46;25/09/2026;06:00;14.7;0;SOLEIL;2;9.4;0
Lannion;48.73;-3.46;25/09/2026;07:00;14.7;0;SOLEIL;2;8.6;0
Lannion;48.73;-3.46;25/09/2026;08:00;20.9;0;SOLEIL;2;9.0;0
Lannion;48.73;-3.46;25/09/2026;09:00;20.9;0;SOLEIL;2;12.0;0
Lannion;48.73;-3.46;25/09/2026;10:00;20.9;0;SOLEIL;2;14.2;0
Lannion;48.73;-3.46;25/09/2026;11:00;29.1;0;SOLEIL;4;16.9;0
Lannion;48.73;-3.46;25/09/2026;12:00;29.1;0;SOLEIL;4;18.4;0
Lannion;48.73;-3.46;25/09/2026;13:00;29.1;0;SOLEIL;4;19.1;0
Lannion;48.73;-3.46;25/09/2026;14:00;30.1;0;SOLEIL;3;19.1;0
Lannion;48.73;-3.46;25/09/2026;15:00;30.1;0;SOLEIL;3;19.4;0
Lannion;48.73;-3.46;25/09/2026;16:00;30.1;0;SOLEIL;3;23.4;0
Lannion;48.73;-3.46;25/09/2026;17:00;26.5;0;SOLEIL;3;23.8;0
Lannion;48.73;-3.46;25/09/2026;18:00;26.5;0;SOLEIL;3;23.0;0
Lannion;48.73;-3.46;25/09/2026;19:00;26.5;0;SOLEIL;3;43.6;0
Lannion;48.73;-3.46;25/09/2026;20:00;17.6;0;SOLEIL;4;41.4;0
Lannion;48.73;-3.46;25/09/2026;21:00;17.6;0;SOLEIL;4;35.3;0
Lannion;48.73;-3.46;25/09/2026;22:00;17.6;0;SOLEIL;4;31.3;0
Lannion;48.73;-3.46;25/09/2026;23:00;16.5;0;SOLEIL;3;28.8;0
Lannion;48.73;-3.46;26/09/2026;00:00;16.5;0;SOLEIL;3;28.8;0
Lannion;48.73;-3.46;26/09/2026;01:00;16.5;0;SOLEIL;3;27.0;0
Lannion;48.73;-3.46;26/09/2026;02:00;16.1;2;NUAGEUX;3;25.2;0
Lannion;48.73;-3.46;26/09/2026;03:00;16.1;2;NUAGEUX;3;24.8;0
Lannion;48.73;-3.46;26/09/2026;04:00;16.1;2;NUAGEUX;3;21.6;0
Lannion;48.73;-3.46;26/09/2026;05:00;15.9;2;NUAGEUX;3;28.4;0
Lannion;48.73;-3.46;26/09/2026;06:00;15.9;2;NUAGEUX;3;27.7;0
Lannion;48.73;-3.46;26/09/2026;07:00;15.9;2;NUAGEUX;3;25.9;0
Lannion;48.73;-3.46;26/09/2026;08:00;19.2;2;NUAGEUX;3;21.2;0
Lannion;48.73;-3.46;26/09/2026;09:00;19.2;2;NUAGEUX;3;17.6;0
Lannion;48.73;-3.46;26/09/2026;10:00;19.2;2;NUAGEUX;3;17.3;0
Lannion;48.73;-3.46;26/09/2026;11:00;22.4;2;NUAGEUX;3;24.1;0
Lannion;48.73;-3.46;26/09/2026;12:00;22.4;2;NUAGEUX;3;26.6;0
Lannion;48.73;-3.46;26/09/2026;13:00;22.4;2;NUAGEUX;3;26.6;0
Lannion;48.73;-3.46;26/09/2026;14:00;22.9;0;SOLEIL;4;25.9;0
Lannion;48.73;-3.46;26/09/2026;15:00;22.9;0;SOLEIL;4;26.6;0
Lannion;48.73;-3.46;26/09/2026;16:00;22.9;0;SOLEIL;4;26.6;0
Lannion;48.73;-3.46;26/09/2026;17:00;20.1;0;SOLEIL;4;26.3;0
Lannion;48.73;-3.46;26/09/2026;18:00;20.1;0;SOLEIL;4;25.6;0
Lannion;48.73;-3.46;26/09/2026;19:00;20.1;0;SOLEIL;4;25.6;0
Lannion;48.73;-3.46;26/09/2026;20:00;18.9;2;NUAGEUX;5;24.1;0
Lannion;48.73;-3.46;26/09/2026;21:00;18.0;2;NUAGEUX;5;25.2;0
Lannion;48.73;-3.46;26/09/2026;22:00;17.1;2;NUAGEUX;5;25.2;0
Lannion;48.73;-3.46;26/09/2026;23:00;15.6;0;SOLEIL;2;21.2;0
Lannion;48.73;-3.46;27/09/2026;00:00;15.6;0;SOLEIL;2;18.0;0
Lannion;48.73;-3.46;27/09/2026;01:00;15.6;0;SOLEIL;2;15.1;0
Lannion;48.73;-3.46;27/09/2026;02:00;13.6;7;PLUIE FAIBLE;5;13.0;0
Lannion;48.73;-3.46;27/09/2026;03:00;13.6;7;PLUIE FAIBLE;5;10.8;0
Lannion;48.73;-3.46;27/09/2026;04:00;13.6;7;PLUIE FAIBLE;5;9.7;0
Lannion;48.73;-3.46;27/09/2026;05:00;14.4;2;NUAGEUX;2;8.6;0
Lannion;48.73;-3.46;27/09/2026;06:00;14.4;2;NUAGEUX;2;8.6;0
Lannion;48.73;-3.46;27/09/2026;07:00;14.4;2;NUAGEUX;2;8.6;0
Lannion;48.73;-3.46;27/09/2026;08:00;15.7;7;PLUIE FAIBLE;5;9.7;0
Lannion;48.73;-3.46;27/09/2026;09:00;16.7;7;PLUIE FAIBLE;5;10.8;0
Lannion;48.73;-3.46;27/09/2026;10:00;17.7;7;PLUIE FAIBLE;5;12.2;0
Lannion;48.73;-3.46;27/09/2026;11:00;21.6;7;PLUIE FAIBLE;4;16.2;0
Lannion;48.73;-3.46;27/09/2026;12:00;21.6;7;PLUIE FAIBLE;4;20.3;0
Lannion;48.73;-3.46;27/09/2026;13:00;21.6;7;PLUIE FAIBLE;4;21.4;0
Lannion;48.73;-3.46;27/09/2026;14:00;21.9;7;PLUIE FAIBLE;5;21.8;0
Lannion;48.73;-3.46;27/09/2026;15:00;22.9;7;PLUIE FAIBLE;5;22.3;0
Lannion;48.73;-3.46;27/09/2026;16:00;21.9;7;PLUIE FAIBLE;5;23.8;0
Lannion;48.73;-3.46;27/09/2026;17:00;20;7;PLUIE FAIBLE;3;24.5;0
Lannion;48.73;-3.46;27/09/2026;18:00;20;7;PLUIE FAIBLE;3;24.1;0
Lannion;48.73;-3.46;27/09/2026;19:00;20;7;PLUIE FAIBLE;3;22.7;0
Lannion;48.73;-3.46;27/09/2026;20:00;17.7;7;PLUIE FAIBLE;5;21.6;0
Lannion;48.73;-3.46;27/09/2026;21:00;16.7;7;PLUIE FAIBLE;5;20.5;0
Lannion;48.73;-3.46;27/09/2026;22:00;15.7;7;PLUIE FAIBLE;5;19.1;0
Lannion;48.73;-3.46;27/09/2026;23:00;16.7;7;PLUIE FAIBLE;2;18.4;0
Lannion;48.73;-3.46;28/09/2026;00:00;16.7;7;PLUIE FAIBLE;2;18.7;0
Lannion;48.73;-3.46;28/09/2026;01:00;16.7;7;PLUIE FAIBLE;2;19.8;0
Lannion;48.73;-3.46;28/09/2026;02:00;14.5;6;AVERSES;5;20.5;0
Lannion;48.73;-3.46;28/09/2026;03:00;14.5;6;AVERSES;5;20.5;0
Lannion;48.73;-3.46;28/09/2026;04:00;14.5;6;AVERSES;5;19.8;0
Lannion;48.73;-3.46;28/09/2026;05:00;15.1;2;NUAGEUX;2;18.0;0
Lannion;48.73;-3.46;28/09/2026;06:00;15.1;2;NUAGEUX;2;14.4;0
Lannion;48.73;-3.46;28/09/2026;07:00;15.1;2;NUAGEUX;2;9.7;0
Lannion;48.73;-3.46;28/09/2026;08:00;16.5;6;AVERSES;5;6.8;0
Lannion;48.73;-3.46;28/09/2026;09:00;17.5;6;AVERSES;5;7.6;0
Lannion;48.73;-3.46;28/09/2026;10:00;18.5;6;AVERSES;5;10.4;0
Lannion;48.73;-3.46;28/09/2026;11:00;21.2;6;AVERSES;3;13.3;0
Lannion;48.73;-3.46;28/09/2026;12:00;21.2;6;AVERSES;3;15.5;0
Lannion;48.73;-3.46;28/09/2026;13:00;21.2;6;AVERSES;3;17.3;0
Lannion;48.73;-3.46;28/09/2026;14:00;22.6;6;AVERSES;5;19.1;0
Lannion;48.73;-3.46;28/09/2026;15:00;23.6;6;AVERSES;5;20.5;0
Lannion;48.73;-3.46;28/09/2026;16:00;22.6;6;AVERSES;5;21.6;0
Lannion;48.73;-3.46;28/09/2026;17:00;20.9;7;PLUIE FAIBLE;3;21.2;0
Lannion;48.73;-3.46;28/09/2026;18:00;20.9;7;PLUIE FAIBLE;3;18.4;0
Lannion;48.73;-3.46;28/09/2026;19:00;20.9;7;PLUIE FAIBLE;3;14.4;0
Lannion;48.73;-3.46;28/09/2026;20:00;18.5;6;AVERSES;5;12.6;0
Lannion;48.73;-3.46;28/09/2026;21:00;17.5;6;AVERSES;5;14.4;0
Lannion;48.73;-3.46;28/09/2026;22:00;16.5;6;AVERSES;5;18.0;0
Lannion;48.73;-3.46;28/09/2026;23:00;18.7;2;NUAGEUX;4;22.7;0
Merdrignac;48.19;-2.41;24/09/2026;00:00;11.6;3;TRÈS NUAGEUX;1;1.1;0
Merdrignac;48.19;-2.41;24/09/2026;01:00;11.9;6;AVERSES;0;3.6;0
Merdrignac;48.19;-2.41;24/09/2026;02:00;11.6;6;AVERSES;1;5.0;0
Merdrignac;48.19;-2.41;24/09/2026;03:00;11.4;6;AVERSES;1;5.8;0
Merdrignac;48.19;-2.41;24/09/2026;04:00;12.1;6;AVERSES;1;7.2;0
Merdrignac;48.19;-2.41;24/09/2026;05:00;12.9;6;AVERSES;1;7.2;0
Merdrignac;48.19;-2.41;24/09/2026;06:00;13.4;6;AVERSES;2;7.6;0
Merdrignac;48.19;-2.41;24/09/2026;07:00;13.2;6;AVERSES;2;11.5;0
Merdrignac;48.19;-2.41;24/09/2026;08:00;15.6;6;AVERSES;2;14.0;0
Merdrignac;48.19;-2.41;24/09/2026;09:00;18.1;5;SOLEIL VOILÉ;3;16.2;0
Merdrignac;48.19;-2.41;24/09/2026;10:00;20.7;5;SOLEIL VOILÉ;3;15.1;0
Merdrignac;48.19;-2.41;24/09/2026;11:00;23.6;5;SOLEIL VOILÉ;3;17.6;0
Merdrignac;48.19;-2.41;24/09/2026;12:00;26.6;5;SOLEIL VOILÉ;2;19.4;0
Merdrignac;48.19;-2.41;24/09/2026;13:00;27.9;5;SOLEIL VOILÉ;2;22.7;0
Merdrignac;48.19;-2.41;24/09/2026;14:00;28.4;5;SOLEIL VOILÉ;4;22.7;0
Merdrignac;48.19;-2.41;24/09/2026;15:00;26.6;5;SOLEIL VOILÉ;4;23.4;0
Merdrignac;48.19;-2.41;24/09/2026;16:00;27.1;5;SOLEIL VOILÉ;3;25.6;0
Merdrignac;48.19;-2.41;24/09/2026;17:00;25.7;5;SOLEIL VOILÉ;2;25.9;0
Merdrignac;48.19;-2.41;24/09/2026;18:00;22.1;5;SOLEIL VOILÉ;3;31.0;0
Merdrignac;48.19;-2.41;24/09/2026;19:00;20.6;0;SOLEIL;2;20.5;0
Merdrignac;48.19;-2.41;24/09/2026;20:00;18.5;0;SOLEIL;1;24.5;0
Merdrignac;48.19;-2.41;24/09/2026;21:00;17.1;0;SOLEIL;1;19.1;0
Merdrignac;48.19;-2.41;24/09/2026;22:00;16.6;0;SOLEIL;1;4.3;0
Merdrignac;48.19;-2.41;24/09/2026;23:00;15.7;0;SOLEIL;1;15.1;0
Merdrignac;48.19;-2.41;25/09/2026;00:00;13.4;0;SOLEIL;1;17.6;0
Merdrignac;48.19;-2.41;25/09/2026;01:00;13.4;0;SOLEIL;1;18.0;0
Merdrignac;48.19;-2.41;25/09/2026;02:00;11.1;0;SOLEIL;2;13.3;0
Merdrignac;48.19;-2.41;25/09/2026;03:00;11.1;0;SOLEIL;2;10.8;0
Merdrignac;48.19;-2.41;25/09/2026;04:00;11.1;0;SOLEIL;2;9.7;0
Merdrignac;48.19;-2.41;25/09/2026;05:00;11.6;0;SOLEIL;3;10.8;0
Merdrignac;48.19;-2.41;25/09/2026;06:00;11.6;0;SOLEIL;3;16.6;0
Merdrignac;48.19;-2.41;25/09/2026;07:00;11.6;0;SOLEIL;3;17.3;0
Merdrignac;48.19;-2.41;25/09/2026;08:00;19.5;0;SOLEIL;3;15.5;0
Merdrignac;48.19;-2.41;25/09/2026;09:00;19.5;0;SOLEIL;3;20.9;0
Merdrignac;48.19;-2.41;25/09/2026;10:00;19.5;0;SOLEIL;3;20.7;0
Merdrignac;48.19;-2.41;25/09/2026;11:00;23.4;0;SOLEIL;3;22.2;0
Merdrignac;48.19;-2.41;25/09/2026;12:00;23.4;0;SOLEIL;3;21.2;0
Merdrignac;48.19;-2.41;25/09/2026;13:00;23.4;0;SOLEIL;3;21.2;0
Merdrignac;48.19;-2.41;25/09/2026;14:00;21;0;SOLEIL;4;24.1;0
Merdrignac;48.19;-2.41;25/09/2026;15:00;21;0;SOLEIL;4;28.4;0
Merdrignac;48.19;-2.41;25/09/2026;16:00;21;0;SOLEIL;4;29.2;0
Merdrignac;48.19;-2.41;25/09/2026;17:00;16.6;2;NUAGEUX;4;28.4;0
Merdrignac;48.19;-2.41;25/09/2026;18:00;16.6;2;NUAGEUX;4;27.0;0
Merdrignac;48.19;-2.41;25/09/2026;19:00;16.6;2;NUAGEUX;4;27.0;0
Merdrignac;48.19;-2.41;25/09/2026;20:00;16.4;0;SOLEIL;4;27.4;0
Merdrignac;48.19;-2.41;25/09/2026;21:00;16.4;0;SOLEIL;4;25.6;0
Merdrignac;48.19;-2.41;25/09/2026;22:00;16.4;0;SOLEIL;4;27.4;0
Merdrignac;48.19;-2.41;25/09/2026;23:00;15.4;5;SOLEIL VOILÉ;5;25.2;0
Merdrignac;48.19;-2.41;26/09/2026;00:00;15.4;5;SOLEIL VOILÉ;5;28.4;0
Merdrignac;48.19;-2.41;26/09/2026;01:00;15.4;5;SOLEIL VOILÉ;5;25.6;0
Merdrignac;48.19;-2.41;26/09/2026;02:00;14.2;5;SOLEIL VOILÉ;4;28.1;0
Merdrignac;48.19;-2.41;26/09/2026;03:00;14.2;5;SOLEIL VOILÉ;4;29.5;0
Merdrignac;48.19;-2.41;26/09/2026;04:00;14.2;5;SOLEIL VOILÉ;4;27.7;0
Merdrignac;48.19;-2.41;26/09/2026;05:00;14;5;SOLEIL VOILÉ;4;25.6;0
Merdrignac;48.19;-2.41;26/09/2026;06:00;14;5;SOLEIL VOILÉ;4;25.9;0
Merdrignac;48.19;-2.41;26/09/2026;07:00;14;5;SOLEIL VOILÉ;4;25.6;0
Merdrignac;48.19;-2.41;26/09/2026;08:00;17.4;5;SOLEIL VOILÉ;4;22.7;0
Merdrignac;48.19;-2.41;26/09/2026;09:00;17.4;5;SOLEIL VOILÉ;4;19.4;0
Merdrignac;48.19;-2.41;26/09/2026;10:00;17.4;5;SOLEIL VOILÉ;4;18.0;0
Merdrignac;48.19;-2.41;26/09/2026;11:00;18.9;5;SOLEIL VOILÉ;3;22.3;0
Merdrignac;48.19;-2.41;26/09/2026;12:00;18.9;5;SOLEIL VOILÉ;3;24.1;0
Merdrignac;48.19;-2.41;26/09/2026;13:00;18.9;5;SOLEIL VOILÉ;3;24.8;0
Merdrignac;48.19;-2.41;26/09/2026;14:00;19.1;5;SOLEIL VOILÉ;3;26.3;0
Merdrignac;48.19;-2.41;26/09/2026;15:00;19.1;5;SOLEIL VOILÉ;3;27.0;0
Merdrignac;48.19;-2.41;26/09/2026;16:00;19.1;5;SOLEIL VOILÉ;3;27.4;0
Merdrignac;48.19;-2.41;26/09/2026;17:00;16.6;5;SOLEIL VOILÉ;3;28.1;0
Merdrignac;48.19;-2.41;26/09/2026;18:00;16.6;5;SOLEIL VOILÉ;3;28.1;0
Merdrignac;48.19;-2.41;26/09/2026;19:00;16.6;5;SOLEIL VOILÉ;3;27.0;0
Merdrignac;48.19;-2.41;26/09/2026;20:00;16.4;5;SOLEIL VOILÉ;5;23.4;0
Merdrignac;48.19;-2.41;26/09/2026;21:00;15.6;5;SOLEIL VOILÉ;5;19.4;0
Merdrignac;48.19;-2.41;26/09/2026;22:00;14.9;5;SOLEIL VOILÉ;5;16.6;0
Merdrignac;48.19;-2.41;26/09/2026;23:00;13.1;2;NUAGEUX;3;13.3;0
Merdrignac;48.19;-2.41;27/09/2026;00:00;13.1;2;NUAGEUX;3;10.4;0
Merdrignac;48.19;-2.41;27/09/2026;01:00;13.1;2;NUAGEUX;3;8.3;0
Merdrignac;48.19;-2.41;27/09/2026;02:00;11.9;6;AVERSES;5;6.5;0
Merdrignac;48.19;-2.41;27/09/2026;03:00;11.9;6;AVERSES;5;9.7;0
Merdrignac;48.19;-2.41;27/09/2026;04:00;11.9;6;AVERSES;5;13.7;0
Merdrignac;48.19;-2.41;27/09/2026;05:00;13.6;2;NUAGEUX;4;16.2;0
Merdrignac;48.19;-2.41;27/09/2026;06:00;13.6;2;NUAGEUX;4;16.6;0
Merdrignac;48.19;-2.41;27/09/2026;07:00;13.6;2;NUAGEUX;4;14.4;0
Merdrignac;48.19;-2.41;27/09/2026;08:00;14.0;6;AVERSES;5;13.3;0
Merdrignac;48.19;-2.41;27/09/2026;09:00;15.1;6;AVERSES;5;13.7;0
Merdrignac;48.19;-2.41;27/09/2026;10:00;16.2;6;AVERSES;5;14.8;0
Merdrignac;48.19;-2.41;27/09/2026;11:00;20.6;6;AVERSES;5;19.1;0
Merdrignac;48.19;-2.41;27/09/2026;12:00;20.6;6;AVERSES;5;27.5;0
Merdrignac;48.19;-2.41;27/09/2026;13:00;20.6;6;AVERSES;5;33.5;0
Merdrignac;48.19;-2.41;27/09/2026;14:00;20.4;6;AVERSES;5;40.3;0
Merdrignac;48.19;-2.41;27/09/2026;15:00;21.5;6;AVERSES;5;46.8;0
Merdrignac;48.19;-2.41;27/09/2026;16:00;20.4;6;AVERSES;5;47.9;0
Merdrignac;48.19;-2.41;27/09/2026;17:00;17.5;6;AVERSES;4;47.9;0
Merdrignac;48.19;-2.41;27/09/2026;18:00;17.5;6;AVERSES;4;46.8;0
Merdrignac;48.19;-2.41;27/09/2026;19:00;17.5;6;AVERSES;4;44.3;0
Merdrignac;48.19;-2.41;27/09/2026;20:00;16.2;6;AVERSES;5;40.3;0
Merdrignac;48.19;-2.41;27/09/2026;21:00;15.1;6;AVERSES;5;33.8;0
Merdrignac;48.19;-2.41;27/09/2026;22:00;14.0;6;AVERSES;5;26.3;0
Merdrignac;48.19;-2.41;27/09/2026;23:00;14.6;7;PLUIE FAIBLE;3;20.9;0
Merdrignac;48.19;-2.41;28/09/2026;00:00;14.6;7;PLUIE FAIBLE;3;19.8;0
Merdrignac;48.19;-2.41;28/09/2026;01:00;14.6;7;PLUIE FAIBLE;3;21.2;0
Merdrignac;48.19;-2.41;28/09/2026;02:00;11.5;7;PLUIE FAIBLE;5;21.2;0
Merdrignac;48.19;-2.41;28/09/2026;03:00;11.5;7;PLUIE FAIBLE;5;18.7;0
Merdrignac;48.19;-2.41;28/09/2026;04:00;11.5;7;PLUIE FAIBLE;5;14.8;0
Merdrignac;48.19;-2.41;28/09/2026;05:00;12.1;2;NUAGEUX;2;11.9;0
Merdrignac;48.19;-2.41;28/09/2026;06:00;12.1;2;NUAGEUX;2;10.1;0
Merdrignac;48.19;-2.41;28/09/2026;07:00;12.1;2;NUAGEUX;2;9.0;0
Merdrignac;48.19;-2.41;28/09/2026;08:00;13.8;7;PLUIE FAIBLE;5;8.6;0
Merdrignac;48.19;-2.41;28/09/2026;09:00;15.0;7;PLUIE FAIBLE;5;9.4;0
Merdrignac;48.19;-2.41;28/09/2026;10:00;16.1;7;PLUIE FAIBLE;5;10.8;0
Merdrignac;48.19;-2.41;28/09/2026;11:00;20.6;7;PLUIE FAIBLE;4;12.6;0
Merdrignac;48.19;-2.41;28/09/2026;12:00;20.6;7;PLUIE FAIBLE;4;14.4;0
Merdrignac;48.19;-2.41;28/09/2026;13:00;20.6;7;PLUIE FAIBLE;4;16.2;0
Merdrignac;48.19;-2.41;28/09/2026;14:00;20.7;7;PLUIE FAIBLE;5;18.7;0
Merdrignac;48.19;-2.41;28/09/2026;15:00;21.9;7;PLUIE FAIBLE;5;22.7;0
Merdrignac;48.19;-2.41;28/09/2026;16:00;20.7;7;PLUIE FAIBLE;5;27.7;0
Merdrignac;48.19;-2.41;28/09/2026;17:00;18.1;6;AVERSES;5;31.7;0
Merdrignac;48.19;-2.41;28/09/2026;18:00;18.1;6;AVERSES;5;34.6;0
Merdrignac;48.19;-2.41;28/09/2026;19:00;18.1;6;AVERSES;5;36.7;0
Merdrignac;48.19;-2.41;28/09/2026;20:00;16.1;7;PLUIE FAIBLE;5;37.4;0
Merdrignac;48.19;-2.41;28/09/2026;21:00;15.0;7;PLUIE FAIBLE;5;34.9;0
Merdrignac;48.19;-2.41;28/09/2026;22:00;13.8;7;PLUIE FAIBLE;5;30.6;0
Merdrignac;48.19;-2.41;28/09/2026;23:00;16.2;7;PLUIE FAIBLE;7;28.8;0
Rostrenen;48.23;-3.31;24/09/2026;00:00;14.6;0;SOLEIL;4;26.3;0
Rostrenen;48.23;-3.31;24/09/2026;01:00;14.4;5;SOLEIL VOILÉ;3;28.4;0
Rostrenen;48.23;-3.31;24/09/2026;02:00;14.4;5;SOLEIL VOILÉ;3;28.8;0
Rostrenen;48.23;-3.31;24/09/2026;03:00;13.6;2;NUAGEUX;3;26.3;0
Rostrenen;48.23;-3.31;24/09/2026;04:00;13.1;2;NUAGEUX;3;23.4;0
Rostrenen;48.23;-3.31;24/09/2026;05:00;12.4;2;NUAGEUX;2;19.1;0
Rostrenen;48.23;-3.31;24/09/2026;06:00;12.6;2;NUAGEUX;2;17.6;0
Rostrenen;48.23;-3.31;24/09/2026;07:00;13.1;2;NUAGEUX;2;15.8;0
Rostrenen;48.23;-3.31;24/09/2026;08:00;15.4;5;SOLEIL VOILÉ;2;11.5;0
Rostrenen;48.23;-3.31;24/09/2026;09:00;18.6;5;SOLEIL VOILÉ;3;11.5;0
Rostrenen;48.23;-3.31;24/09/2026;10:00;21.4;5;SOLEIL VOILÉ;3;16.2;0
Rostrenen;48.23;-3.31;24/09/2026;11:00;23.5;5;SOLEIL VOILÉ;3;23.8;0
Rostrenen;48.23;-3.31;24/09/2026;12:00;25.6;5;SOLEIL VOILÉ;3;24.5;0
Rostrenen;48.23;-3.31;24/09/2026;13:00;27.4;5;SOLEIL VOILÉ;2;23.8;0
Rostrenen;48.23;-3.31;24/09/2026;14:00;28.2;5;SOLEIL VOILÉ;3;23.0;0
Rostrenen;48.23;-3.31;24/09/2026;15:00;28.2;5;SOLEIL VOILÉ;2;22.7;0
Rostrenen;48.23;-3.31;24/09/2026;16:00;28.2;5;SOLEIL VOILÉ;2;24.1;0
Rostrenen;48.23;-3.31;24/09/2026;17:00;27.9;5;SOLEIL VOILÉ;2;24.8;0
Rostrenen;48.23;-3.31;24/09/2026;18:00;24.4;5;SOLEIL VOILÉ;2;24.1;0
Rostrenen;48.23;-3.31;24/09/2026;19:00;21.6;5;SOLEIL VOILÉ;2;19.4;0
Rostrenen;48.23;-3.31;24/09/2026;20:00;19.6;0;SOLEIL;2;14.0;0
Rostrenen;48.23;-3.31;24/09/2026;21:00;18.4;0;SOLEIL;3;4.3;0
Rostrenen;48.23;-3.31;24/09/2026;22:00;18.1;0;SOLEIL;2;2.9;0
Rostrenen;48.23;-3.31;24/09/2026;23:00;16.9;0;SOLEIL;2;2.2;0
Rostrenen;48.23;-3.31;25/09/2026;00:00;16.4;0;SOLEIL;2;6.5;0
Rostrenen;48.23;-3.31;25/09/2026;01:00;16.4;0;SOLEIL;2;6.8;0
Rostrenen;48.23;-3.31;25/09/2026;02:00;14;0;SOLEIL;2;6.1;0
Rostrenen;48.23;-3.31;25/09/2026;03:00;14;0;SOLEIL;2;3.6;0
Rostrenen;48.23;-3.31;25/09/2026;04:00;14;0;SOLEIL;2;2.5;0
Rostrenen;48.23;-3.31;25/09/2026;05:00;13.2;0;SOLEIL;2;4.7;0
Rostrenen;48.23;-3.31;25/09/2026;06:00;13.2;0;SOLEIL;2;6.1;0
Rostrenen;48.23;-3.31;25/09/2026;07:00;13.2;0;SOLEIL;2;6.1;0
Rostrenen;48.23;-3.31;25/09/2026;08:00;20.4;0;SOLEIL;3;3.2;0
Rostrenen;48.23;-3.31;25/09/2026;09:00;20.4;0;SOLEIL;3;3.2;0
Rostrenen;48.23;-3.31;25/09/2026;10:00;20.4;0;SOLEIL;3;11.7;0
Rostrenen;48.23;-3.31;25/09/2026;11:00;27.1;0;SOLEIL;4;9.9;0
Rostrenen;48.23;-3.31;25/09/2026;12:00;27.1;0;SOLEIL;4;12.6;0
Rostrenen;48.23;-3.31;25/09/2026;13:00;27.1;0;SOLEIL;4;13.3;0
Rostrenen;48.23;-3.31;25/09/2026;14:00;28.5;0;SOLEIL;4;6.5;0
Rostrenen;48.23;-3.31;25/09/2026;15:00;28.5;0;SOLEIL;4;7.2;0
Rostrenen;48.23;-3.31;25/09/2026;16:00;28.5;0;SOLEIL;4;4.0;0
Rostrenen;48.23;-3.31;25/09/2026;17:00;22.1;0;SOLEIL;5;24.5;0
Rostrenen;48.23;-3.31;25/09/2026;18:00;22.1;0;SOLEIL;5;35.6;0
Rostrenen;48.23;-3.31;25/09/2026;19:00;22.1;0;SOLEIL;5;39.6;0
Rostrenen;48.23;-3.31;25/09/2026;20:00;15.6;0;SOLEIL;4;42.8;0
Rostrenen;48.23;-3.31;25/09/2026;21:00;15.6;0;SOLEIL;4;45.0;0
Rostrenen;48.23;-3.31;25/09/2026;22:00;15.6;0;SOLEIL;4;44.6;0
Rostrenen;48.23;-3.31;25/09/2026;23:00;14.6;0;SOLEIL;5;40.3;0
Rostrenen;48.23;-3.31;26/09/2026;00:00;14.6;0;SOLEIL;5;34.6;0
Rostrenen;48.23;-3.31;26/09/2026;01:00;14.6;0;SOLEIL;5;32.0;0
Rostrenen;48.23;-3.31;26/09/2026;02:00;14.6;2;NUAGEUX;5;31.0;0
Rostrenen;48.23;-3.31;26/09/2026;03:00;14.6;2;NUAGEUX;5;29.2;0
Rostrenen;48.23;-3.31;26/09/2026;04:00;14.6;2;NUAGEUX;5;28.8;0
Rostrenen;48.23;-3.31;26/09/2026;05:00;14.4;5;SOLEIL VOILÉ;4;28.8;0
Rostrenen;48.23;-3.31;26/09/2026;06:00;14.4;5;SOLEIL VOILÉ;4;31.0;0
Rostrenen;48.23;-3.31;26/09/2026;07:00;14.4;5;SOLEIL VOILÉ;4;31.0;0
Rostrenen;48.23;-3.31;26/09/2026;08:00;17.4;5;SOLEIL VOILÉ;5;27.7;0
Rostrenen;48.23;-3.31;26/09/2026;09:00;17.4;5;SOLEIL VOILÉ;5;23.8;0
Rostrenen;48.23;-3.31;26/09/2026;10:00;17.4;5;SOLEIL VOILÉ;5;24.1;0
Rostrenen;48.23;-3.31;26/09/2026;11:00;20.2;5;SOLEIL VOILÉ;4;27.4;0
Rostrenen;48.23;-3.31;26/09/2026;12:00;20.2;5;SOLEIL VOILÉ;4;29.5;0
Rostrenen;48.23;-3.31;26/09/2026;13:00;20.2;5;SOLEIL VOILÉ;4;29.5;0
Rostrenen;48.23;-3.31;26/09/2026;14:00;22;5;SOLEIL VOILÉ;4;30.2;0
Rostrenen;48.23;-3.31;26/09/2026;15:00;22;5;SOLEIL VOILÉ;4;30.6;0
Rostrenen;48.23;-3.31;26/09/2026;16:00;22;5;SOLEIL VOILÉ;4;30.2;0
Rostrenen;48.23;-3.31;26/09/2026;17:00;17.7;5;SOLEIL VOILÉ;3;29.2;0
Rostrenen;48.23;-3.31;26/09/2026;18:00;17.7;5;SOLEIL VOILÉ;3;27.0;0
Rostrenen;48.23;-3.31;26/09/2026;19:00;17.7;5;SOLEIL VOILÉ;3;25.6;0
Rostrenen;48.23;-3.31;26/09/2026;20:00;17.7;5;SOLEIL VOILÉ;5;23.0;0
Rostrenen;48.23;-3.31;26/09/2026;21:00;16.7;5;SOLEIL VOILÉ;5;22.0;0
Rostrenen;48.23;-3.31;26/09/2026;22:00;15.7;5;SOLEIL VOILÉ;5;22.7;0
Rostrenen;48.23;-3.31;26/09/2026;23:00;13.6;2;NUAGEUX;3;20.2;0
Rostrenen;48.23;-3.31;27/09/2026;00:00;13.6;2;NUAGEUX;3;18.0;0
Rostrenen;48.23;-3.31;27/09/2026;01:00;13.6;2;NUAGEUX;3;16.6;0
Rostrenen;48.23;-3.31;27/09/2026;02:00;12.2;6;AVERSES;5;15.5;0
Rostrenen;48.23;-3.31;27/09/2026;03:00;12.2;6;AVERSES;5;15.1;0
Rostrenen;48.23;-3.31;27/09/2026;04:00;12.2;6;AVERSES;5;13.0;0
Rostrenen;48.23;-3.31;27/09/2026;05:00;13.2;2;NUAGEUX;3;11.5;0
Rostrenen;48.23;-3.31;27/09/2026;06:00;13.2;2;NUAGEUX;3;10.4;0
Rostrenen;48.23;-3.31;27/09/2026;07:00;13.2;2;NUAGEUX;3;9.7;0
Rostrenen;48.23;-3.31;27/09/2026;08:00;14.2;6;AVERSES;5;8.3;0
Rostrenen;48.23;-3.31;27/09/2026;09:00;15.1;6;AVERSES;5;7.6;0
Rostrenen;48.23;-3.31;27/09/2026;10:00;16.1;6;AVERSES;5;6.1;0
Rostrenen;48.23;-3.31;27/09/2026;11:00;20;7;PLUIE FAIBLE;5;11.9;0
Rostrenen;48.23;-3.31;27/09/2026;12:00;20;7;PLUIE FAIBLE;5;20.1;0
Rostrenen;48.23;-3.31;27/09/2026;13:00;20;7;PLUIE FAIBLE;5;25.4;0
Rostrenen;48.23;-3.31;27/09/2026;14:00;20.0;6;AVERSES;5;27.8;0
Rostrenen;48.23;-3.31;27/09/2026;15:00;21.0;6;AVERSES;5;29.5;0
Rostrenen;48.23;-3.31;27/09/2026;16:00;20.0;6;AVERSES;5;31.0;0
Rostrenen;48.23;-3.31;27/09/2026;17:00;17.5;6;AVERSES;3;31.0;0
Rostrenen;48.23;-3.31;27/09/2026;18:00;17.5;6;AVERSES;3;29.5;0
Rostrenen;48.23;-3.31;27/09/2026;19:00;17.5;6;AVERSES;3;26.6;0
Rostrenen;48.23;-3.31;27/09/2026;20:00;16.1;6;AVERSES;5;24.5;0
Rostrenen;48.23;-3.31;27/09/2026;21:00;15.1;6;AVERSES;5;23.8;0
Rostrenen;48.23;-3.31;27/09/2026;22:00;14.2;6;AVERSES;5;23.8;0
Rostrenen;48.23;-3.31;27/09/2026;23:00;14.7;2;NUAGEUX;2;23.0;0
Rostrenen;48.23;-3.31;28/09/2026;00:00;14.7;2;NUAGEUX;2;21.2;0
Rostrenen;48.23;-3.31;28/09/2026;01:00;14.7;2;NUAGEUX;2;19.1;0
Rostrenen;48.23;-3.31;28/09/2026;02:00;12.9;2;NUAGEUX;5;16.9;0
Rostrenen;48.23;-3.31;28/09/2026;03:00;12.9;2;NUAGEUX;5;14.8;0
Rostrenen;48.23;-3.31;28/09/2026;04:00;12.9;2;NUAGEUX;5;12.2;0
Rostrenen;48.23;-3.31;28/09/2026;05:00;13.5;2;NUAGEUX;2;10.8;0
Rostrenen;48.23;-3.31;28/09/2026;06:00;13.5;2;NUAGEUX;2;10.1;0
Rostrenen;48.23;-3.31;28/09/2026;07:00;13.5;2;NUAGEUX;2;10.1;0
Rostrenen;48.23;-3.31;28/09/2026;08:00;14.9;2;NUAGEUX;5;10.8;0
Rostrenen;48.23;-3.31;28/09/2026;09:00;15.9;2;NUAGEUX;5;12.6;0
Rostrenen;48.23;-3.31;28/09/2026;10:00;16.9;2;NUAGEUX;5;14.8;0
Rostrenen;48.23;-3.31;28/09/2026;11:00;20.1;2;NUAGEUX;4;16.6;0
Rostrenen;48.23;-3.31;28/09/2026;12:00;20.1;2;NUAGEUX;4;16.6;0
Rostrenen;48.23;-3.31;28/09/2026;13:00;20.1;2;NUAGEUX;4;15.5;0
Rostrenen;48.23;-3.31;28/09/2026;14:00;21.0;2;NUAGEUX;5;15.8;0
Rostrenen;48.23;-3.31;28/09/2026;15:00;22.0;2;NUAGEUX;5;18.4;0
Rostrenen;48.23;-3.31;28/09/2026;16:00;21.0;2;NUAGEUX;5;21.6;0
Rostrenen;48.23;-3.31;28/09/2026;17:00;18.2;7;PLUIE FAIBLE;4;24.1;0
Rostrenen;48.23;-3.31;28/09/2026;18:00;18.2;7;PLUIE FAIBLE;4;24.8;0
Rostrenen;48.23;-3.31;28/09/2026;19:00;18.2;7;PLUIE FAIBLE;4;24.5;0
Rostrenen;48.23;-3.31;28/09/2026;20:00;16.9;2;NUAGEUX;5;23.8;0
Rostrenen;48.23;-3.31;28/09/2026;21:00;15.9;2;NUAGEUX;5;21.2;0
Rostrenen;48.23;-3.31;28/09/2026;22:00;14.9;2;NUAGEUX;5;18.4;0
Rostrenen;48.23;-3.31;28/09/2026;23:00;16.1;2;NUAGEUX;5;17.3;0
Saint-Brieuc;48.51;-2.76;24/09/2026;00:00;13.6;0;SOLEIL;3;14.8;0
Saint-Brieuc;48.51;-2.76;24/09/2026;01:00;13.6;3;TRÈS NUAGEUX;3;16.6;0
Saint-Brieuc;48.51;-2.76;24/09/2026;02:00;13;3;TRÈS NUAGEUX;3;16.9;0
Saint-Brieuc;48.51;-2.76;24/09/2026;03:00;13.2;6;AVERSES;3;16.9;0
Saint-Brieuc;48.51;-2.76;24/09/2026;04:00;13.1;6;AVERSES;3;18.4;0
Saint-Brieuc;48.51;-2.76;24/09/2026;05:00;13.1;6;AVERSES;3;20.5;0
Saint-Brieuc;48.51;-2.76;24/09/2026;06:00;13.1;6;AVERSES;3;19.4;0
Saint-Brieuc;48.51;-2.76;24/09/2026;07:00;14;6;AVERSES;3;18.4;0
Saint-Brieuc;48.51;-2.76;24/09/2026;08:00;15.7;4;COUVERT;3;14.8;0
Saint-Brieuc;48.51;-2.76;24/09/2026;09:00;18.4;5;SOLEIL VOILÉ;3;13.0;0
Saint-Brieuc;48.51;-2.76;24/09/2026;10:00;21.7;5;SOLEIL VOILÉ;4;14.4;0
Saint-Brieuc;48.51;-2.76;24/09/2026;11:00;24.2;5;SOLEIL VOILÉ;3;24.8;0
Saint-Brieuc;48.51;-2.76;24/09/2026;12:00;25.6;5;SOLEIL VOILÉ;3;25.2;0
Saint-Brieuc;48.51;-2.76;24/09/2026;13:00;27.1;5;SOLEIL VOILÉ;3;24.5;0
Saint-Brieuc;48.51;-2.76;24/09/2026;14:00;28;5;SOLEIL VOILÉ;3;25.2;0
Saint-Brieuc;48.51;-2.76;24/09/2026;15:00;28;5;SOLEIL VOILÉ;3;25.9;0
Saint-Brieuc;48.51;-2.76;24/09/2026;16:00;28.1;5;SOLEIL VOILÉ;3;26.3;0
Saint-Brieuc;48.51;-2.76;24/09/2026;17:00;27.5;5;SOLEIL VOILÉ;4;25.6;0
Saint-Brieuc;48.51;-2.76;24/09/2026;18:00;24.4;5;SOLEIL VOILÉ;3;25.6;0
Saint-Brieuc;48.51;-2.76;24/09/2026;19:00;22.4;0;SOLEIL;2;25.6;0
Saint-Brieuc;48.51;-2.76;24/09/2026;20:00;21;0;SOLEIL;1;20.9;0
Saint-Brieuc;48.51;-2.76;24/09/2026;21:00;19.1;0;SOLEIL;1;14.4;0
Saint-Brieuc;48.51;-2.76;24/09/2026;22:00;18.1;0;SOLEIL;2;10.4;0
Saint-Brieuc;48.51;-2.76;24/09/2026;23:00;17.5;0;SOLEIL;2;9.0;0
Saint-Brieuc;48.51;-2.76;25/09/2026;00:00;17;0;SOLEIL;2;10.8;0
Saint-Brieuc;48.51;-2.76;25/09/2026;01:00;17;0;SOLEIL;2;10.8;0
Saint-Brieuc;48.51;-2.76;25/09/2026;02:00;13.6;0;SOLEIL;1;7.9;0
Saint-Brieuc;48.51;-2.76;25/09/2026;03:00;13.6;0;SOLEIL;1;5.4;0
Saint-Brieuc;48.51;-2.76;25/09/2026;04:00;13.6;0;SOLEIL;1;5.4;0
Saint-Brieuc;48.51;-2.76;25/09/2026;05:00;12.7;0;SOLEIL;3;3.6;0
Saint-Brieuc;48.51;-2.76;25/09/2026;06:00;12.7;0;SOLEIL;3;0.7;0
Saint-Brieuc;48.51;-2.76;25/09/2026;07:00;12.7;0;SOLEIL;3;5.8;0
Saint-Brieuc;48.51;-2.76;25/09/2026;08:00;19.6;0;SOLEIL;3;16.2;0
Saint-Brieuc;48.51;-2.76;25/09/2026;09:00;19.6;0;SOLEIL;3;14.8;0
Saint-Brieuc;48.51;-2.76;25/09/2026;10:00;19.6;0;SOLEIL;3;11.5;0
Saint-Brieuc;48.51;-2.76;25/09/2026;11:00;25.5;0;SOLEIL;3;15.0;0
Saint-Brieuc;48.51;-2.76;25/09/2026;12:00;25.5;0;SOLEIL;3;12.6;0
Saint-Brieuc;48.51;-2.76;25/09/2026;13:00;25.5;0;SOLEIL;3;13.7;0
Saint-Brieuc;48.51;-2.76;25/09/2026;14:00;26.1;0;SOLEIL;3;16.2;0
Saint-Brieuc;48.51;-2.76;25/09/2026;15:00;26.1;0;SOLEIL;3;22.0;0
Saint-Brieuc;48.51;-2.76;25/09/2026;16:00;26.1;0;SOLEIL;3;25.6;0
Saint-Brieuc;48.51;-2.76;25/09/2026;17:00;17.1;0;SOLEIL;5;27.7;0
Saint-Brieuc;48.51;-2.76;25/09/2026;18:00;17.1;0;SOLEIL;5;33.8;0
Saint-Brieuc;48.51;-2.76;25/09/2026;19:00;17.1;0;SOLEIL;5;33.5;0
Saint-Brieuc;48.51;-2.76;25/09/2026;20:00;14.5;0;SOLEIL;4;35.6;0
Saint-Brieuc;48.51;-2.76;25/09/2026;21:00;14.5;0;SOLEIL;4;36.0;0
Saint-Brieuc;48.51;-2.76;25/09/2026;22:00;14.5;0;SOLEIL;4;32.8;0
Saint-Brieuc;48.51;-2.76;25/09/2026;23:00;14.7;2;NUAGEUX;4;28.8;0
Saint-Brieuc;48.51;-2.76;26/09/2026;00:00;14.7;2;NUAGEUX;4;32.4;0
Saint-Brieuc;48.51;-2.76;26/09/2026;01:00;14.7;2;NUAGEUX;4;29.2;0
Saint-Brieuc;48.51;-2.76;26/09/2026;02:00;13.7;2;NUAGEUX;4;24.8;0
Saint-Brieuc;48.51;-2.76;26/09/2026;03:00;13.7;2;NUAGEUX;4;28.1;0
Saint-Brieuc;48.51;-2.76;26/09/2026;04:00;13.7;2;NUAGEUX;4;27.7;0
Saint-Brieuc;48.51;-2.76;26/09/2026;05:00;12.6;2;NUAGEUX;3;25.9;0
Saint-Brieuc;48.51;-2.76;26/09/2026;06:00;12.6;2;NUAGEUX;3;23.8;0
Saint-Brieuc;48.51;-2.76;26/09/2026;07:00;12.6;2;NUAGEUX;3;21.2;0
Saint-Brieuc;48.51;-2.76;26/09/2026;08:00;15.6;5;SOLEIL VOILÉ;3;20.9;0
Saint-Brieuc;48.51;-2.76;26/09/2026;09:00;15.6;5;SOLEIL VOILÉ;3;20.2;0
Saint-Brieuc;48.51;-2.76;26/09/2026;10:00;15.6;5;SOLEIL VOILÉ;3;20.2;0
Saint-Brieuc;48.51;-2.76;26/09/2026;11:00;19.1;5;SOLEIL VOILÉ;3;25.6;0
Saint-Brieuc;48.51;-2.76;26/09/2026;12:00;19.1;5;SOLEIL VOILÉ;3;25.9;0
Saint-Brieuc;48.51;-2.76;26/09/2026;13:00;19.1;5;SOLEIL VOILÉ;3;25.2;0
Saint-Brieuc;48.51;-2.76;26/09/2026;14:00;20.4;5;SOLEIL VOILÉ;3;25.6;0
Saint-Brieuc;48.51;-2.76;26/09/2026;15:00;20.4;5;SOLEIL VOILÉ;3;25.9;0
Saint-Brieuc;48.51;-2.76;26/09/2026;16:00;20.4;5;SOLEIL VOILÉ;3;25.9;0
Saint-Brieuc;48.51;-2.76;26/09/2026;17:00;17.1;5;SOLEIL VOILÉ;3;27.0;0
Saint-Brieuc;48.51;-2.76;26/09/2026;18:00;17.1;5;SOLEIL VOILÉ;3;27.0;0
Saint-Brieuc;48.51;-2.76;26/09/2026;19:00;17.1;5;SOLEIL VOILÉ;3;25.2;0
Saint-Brieuc;48.51;-2.76;26/09/2026;20:00;16.0;5;SOLEIL VOILÉ;5;21.2;0
Saint-Brieuc;48.51;-2.76;26/09/2026;21:00;15.0;5;SOLEIL VOILÉ;5;19.8;0
Saint-Brieuc;48.51;-2.76;26/09/2026;22:00;14.0;5;SOLEIL VOILÉ;5;19.8;0
Saint-Brieuc;48.51;-2.76;26/09/2026;23:00;13;2;NUAGEUX;2;19.1;0
Saint-Brieuc;48.51;-2.76;27/09/2026;00:00;13;2;NUAGEUX;2;16.9;0
Saint-Brieuc;48.51;-2.76;27/09/2026;01:00;13;2;NUAGEUX;2;14.4;0
Saint-Brieuc;48.51;-2.76;27/09/2026;02:00;12.5;7;PLUIE FAIBLE;5;12.2;0
Saint-Brieuc;48.51;-2.76;27/09/2026;03:00;12.5;7;PLUIE FAIBLE;5;11.9;0
Saint-Brieuc;48.51;-2.76;27/09/2026;04:00;12.5;7;PLUIE FAIBLE;5;13.0;0
Saint-Brieuc;48.51;-2.76;27/09/2026;05:00;13.5;7;PLUIE FAIBLE;3;14.0;0
Saint-Brieuc;48.51;-2.76;27/09/2026;06:00;13.5;7;PLUIE FAIBLE;3;14.4;0
Saint-Brieuc;48.51;-2.76;27/09/2026;07:00;13.5;7;PLUIE FAIBLE;3;14.0;0
Saint-Brieuc;48.51;-2.76;27/09/2026;08:00;14.1;7;PLUIE FAIBLE;5;14.0;0
Saint-Brieuc;48.51;-2.76;27/09/2026;09:00;14.9;7;PLUIE FAIBLE;5;12.2;0
Saint-Brieuc;48.51;-2.76;27/09/2026;10:00;15.7;7;PLUIE FAIBLE;5;11.2;0
Saint-Brieuc;48.51;-2.76;27/09/2026;11:00;18.6;7;PLUIE FAIBLE;5;17.3;0
Saint-Brieuc;48.51;-2.76;27/09/2026;12:00;18.6;7;PLUIE FAIBLE;5;21.9;0
Saint-Brieuc;48.51;-2.76;27/09/2026;13:00;18.6;7;PLUIE FAIBLE;5;28.3;0
Saint-Brieuc;48.51;-2.76;27/09/2026;14:00;18.8;7;PLUIE FAIBLE;5;36.5;0
Saint-Brieuc;48.51;-2.76;27/09/2026;15:00;19.6;7;PLUIE FAIBLE;5;41.4;0
Saint-Brieuc;48.51;-2.76;27/09/2026;16:00;18.8;7;PLUIE FAIBLE;5;41.0;0
Saint-Brieuc;48.51;-2.76;27/09/2026;17:00;16.2;6;AVERSES;4;40.0;0
Saint-Brieuc;48.51;-2.76;27/09/2026;18:00;16.2;6;AVERSES;4;38.2;0
Saint-Brieuc;48.51;-2.76;27/09/2026;19:00;16.2;6;AVERSES;4;35.6;0
Saint-Brieuc;48.51;-2.76;27/09/2026;20:00;15.7;7;PLUIE FAIBLE;5;32.4;0
Saint-Brieuc;48.51;-2.76;27/09/2026;21:00;14.9;7;PLUIE FAIBLE;5;27.0;0
Saint-Brieuc;48.51;-2.76;27/09/2026;22:00;14.1;7;PLUIE FAIBLE;5;20.9;0
Saint-Brieuc;48.51;-2.76;27/09/2026;23:00;14.1;7;PLUIE FAIBLE;2;16.6;0
Saint-Brieuc;48.51;-2.76;28/09/2026;00:00;14.1;7;PLUIE FAIBLE;2;15.1;0
Saint-Brieuc;48.51;-2.76;28/09/2026;01:00;14.1;7;PLUIE FAIBLE;2;15.5;0
Saint-Brieuc;48.51;-2.76;28/09/2026;02:00;12;7;PLUIE FAIBLE;5;15.8;0
Saint-Brieuc;48.51;-2.76;28/09/2026;03:00;12;7;PLUIE FAIBLE;5;16.6;0
Saint-Brieuc;48.51;-2.76;28/09/2026;04:00;12;7;PLUIE FAIBLE;5;17.3;0
Saint-Brieuc;48.51;-2.76;28/09/2026;05:00;12.6;6;AVERSES;2;17.3;0
Saint-Brieuc;48.51;-2.76;28/09/2026;06:00;12.6;6;AVERSES;2;15.5;0
Saint-Brieuc;48.51;-2.76;28/09/2026;07:00;12.6;6;AVERSES;2;12.6;0
Saint-Brieuc;48.51;-2.76;28/09/2026;08:00;13.8;7;PLUIE FAIBLE;5;11.2;0
Saint-Brieuc;48.51;-2.76;28/09/2026;09:00;14.7;7;PLUIE FAIBLE;5;12.6;0
Saint-Brieuc;48.51;-2.76;28/09/2026;10:00;15.6;7;PLUIE FAIBLE;5;15.8;0
Saint-Brieuc;48.51;-2.76;28/09/2026;11:00;18.1;7;PLUIE FAIBLE;4;18.4;0
Saint-Brieuc;48.51;-2.76;28/09/2026;12:00;18.1;7;PLUIE FAIBLE;4;19.1;0
Saint-Brieuc;48.51;-2.76;28/09/2026;13:00;18.1;7;PLUIE FAIBLE;4;19.4;0
Saint-Brieuc;48.51;-2.76;28/09/2026;14:00;19.2;7;PLUIE FAIBLE;5;20.5;0
Saint-Brieuc;48.51;-2.76;28/09/2026;15:00;20.1;7;PLUIE FAIBLE;5;24.1;0
Saint-Brieuc;48.51;-2.76;28/09/2026;16:00;19.2;7;PLUIE FAIBLE;5;28.8;0
Saint-Brieuc;48.51;-2.76;28/09/2026;17:00;17;7;PLUIE FAIBLE;5;32.0;0
Saint-Brieuc;48.51;-2.76;28/09/2026;18:00;17;7;PLUIE FAIBLE;5;33.5;0
Saint-Brieuc;48.51;-2.76;28/09/2026;19:00;17;7;PLUIE FAIBLE;5;33.8;0
Saint-Brieuc;48.51;-2.76;28/09/2026;20:00;15.6;7;PLUIE FAIBLE;5;33.1;0
Saint-Brieuc;48.51;-2.76;28/09/2026;21:00;14.7;7;PLUIE FAIBLE;5;30.2;0
Saint-Brieuc;48.51;-2.76;28/09/2026;22:00;13.8;7;PLUIE FAIBLE;5;27.0;0
Saint-Brieuc;48.51;-2.76;28/09/2026;23:00;15.7;2;NUAGEUX;6;26.3;0
Brest;48.39;-4.48;24/09/2026;00:00;14.4;2;NUAGEUX;1;8.3;0
Brest;48.39;-4.48;24/09/2026;01:00;13.7;2;NUAGEUX;1;8.3;0
Brest;48.39;-4.48;24/09/2026;02:00;14;2;NUAGEUX;1;8.3;0
Brest;48.39;-4.48;24/09/2026;03:00;14.6;4;COUVERT;1;7.6;0
Brest;48.39;-4.48;24/09/2026;04:00;14.6;6;AVERSES;1;5.4;0
Brest;48.39;-4.48;24/09/2026;05:00;14.6;6;AVERSES;1;7.6;0
Brest;48.39;-4.48;24/09/2026;06:00;14.4;6;AVERSES;1;7.2;0
Brest;48.39;-4.48;24/09/2026;07:00;15.1;6;AVERSES;2;10.8;0
Brest;48.39;-4.48;24/09/2026;08:00;17.1;2;NUAGEUX;2;10.8;0
Brest;48.39;-4.48;24/09/2026;09:00;19.1;5;SOLEIL VOILÉ;2;9.7;0
Brest;48.39;-4.48;24/09/2026;10:00;21;5;SOLEIL VOILÉ;3;16.2;0
Brest;48.39;-4.48;24/09/2026;11:00;23.1;5;SOLEIL VOILÉ;3;16.9;0
Brest;48.39;-4.48;24/09/2026;12:00;24.1;5;SOLEIL VOILÉ;3;19.4;0
Brest;48.39;-4.48;24/09/2026;13:00;24.9;5;SOLEIL VOILÉ;3;23.0;0
Brest;48.39;-4.48;24/09/2026;14:00;25;5;SOLEIL VOILÉ;3;23.4;0
Brest;48.39;-4.48;24/09/2026;15:00;25;5;SOLEIL VOILÉ;3;22.0;0
Brest;48.39;-4.48;24/09/2026;16:00;24.6;5;SOLEIL VOILÉ;2;24.8;0
Brest;48.39;-4.48;24/09/2026;17:00;24.6;5;SOLEIL VOILÉ;2;24.5;0
Brest;48.39;-4.48;24/09/2026;18:00;21.6;5;SOLEIL VOILÉ;2;19.1;0
Brest;48.39;-4.48;24/09/2026;19:00;20.2;5;SOLEIL VOILÉ;1;15.8;0
Brest;48.39;-4.48;24/09/2026;20:00;19.4;0;SOLEIL;2;10.4;0
Brest;48.39;-4.48;24/09/2026;21:00;17.9;0;SOLEIL;2;7.6;0
Brest;48.39;-4.48;24/09/2026;22:00;18.6;0;SOLEIL;2;6.8;0
Brest;48.39;-4.48;24/09/2026;23:00;18.9;0;SOLEIL;2;4.3;0
Brest;48.39;-4.48;25/09/2026;00:00;17.6;0;SOLEIL;2;5.4;0
Brest;48.39;-4.48;25/09/2026;01:00;17.6;0;SOLEIL;2;7.2;0
Brest;48.39;-4.48;25/09/2026;02:00;16.6;0;SOLEIL;2;8.3;0
Brest;48.39;-4.48;25/09/2026;03:00;16.6;0;SOLEIL;2;8.3;0
Brest;48.39;-4.48;25/09/2026;04:00;16.6;0;SOLEIL;2;10.1;0
Brest;48.39;-4.48;25/09/2026;05:00;17.1;0;SOLEIL;3;10.4;0
Brest;48.39;-4.48;25/09/2026;06:00;17.1;0;SOLEIL;3;10.8;0
Brest;48.39;-4.48;25/09/2026;07:00;17.1;0;SOLEIL;3;10.4;0
Brest;48.39;-4.48;25/09/2026;08:00;22.2;0;SOLEIL;3;16.9;0
Brest;48.39;-4.48;25/09/2026;09:00;22.2;0;SOLEIL;3;19.4;0
Brest;48.39;-4.48;25/09/2026;10:00;22.2;0;SOLEIL;3;14.6;0
Brest;48.39;-4.48;25/09/2026;11:00;25.6;0;SOLEIL;4;17.8;0
Brest;48.39;-4.48;25/09/2026;12:00;25.6;0;SOLEIL;4;18.4;0
Brest;48.39;-4.48;25/09/2026;13:00;25.6;0;SOLEIL;4;19.4;0
Brest;48.39;-4.48;25/09/2026;14:00;24.1;0;SOLEIL;4;20.5;0
Brest;48.39;-4.48;25/09/2026;15:00;24.1;0;SOLEIL;4;22.3;0
Brest;48.39;-4.48;25/09/2026;16:00;24.1;0;SOLEIL;4;22.3;0
Brest;48.39;-4.48;25/09/2026;17:00;17.6;0;SOLEIL;4;26.3;0
Brest;48.39;-4.48;25/09/2026;18:00;17.6;0;SOLEIL;4;36.7;0
Brest;48.39;-4.48;25/09/2026;19:00;17.6;0;SOLEIL;4;36.4;0
Brest;48.39;-4.48;25/09/2026;20:00;15.5;0;SOLEIL;4;34.6;0
Brest;48.39;-4.48;25/09/2026;21:00;15.5;0;SOLEIL;4;34.2;0
Brest;48.39;-4.48;25/09/2026;22:00;15.5;0;SOLEIL;4;29.9;0
Brest;48.39;-4.48;25/09/2026;23:00;16;0;SOLEIL;4;29.9;0
Brest;48.39;-4.48;26/09/2026;00:00;16;0;SOLEIL;4;28.4;0
Brest;48.39;-4.48;26/09/2026;01:00;16;0;SOLEIL;4;27.7;0
Brest;48.39;-4.48;26/09/2026;02:00;16.1;2;NUAGEUX;4;25.2;0
Brest;48.39;-4.48;26/09/2026;03:00;16.1;2;NUAGEUX;4;26.6;0
Brest;48.39;-4.48;26/09/2026;04:00;16.1;2;NUAGEUX;4;26.6;0
Brest;48.39;-4.48;26/09/2026;05:00;15.6;5;SOLEIL VOILÉ;4;24.1;0
Brest;48.39;-4.48;26/09/2026;06:00;15.6;5;SOLEIL VOILÉ;4;23.4;0
Brest;48.39;-4.48;26/09/2026;07:00;15.6;5;SOLEIL VOILÉ;4;27.0;0
Brest;48.39;-4.48;26/09/2026;08:00;17.1;2;NUAGEUX;4;27.4;0
Brest;48.39;-4.48;26/09/2026;09:00;17.1;2;NUAGEUX;4;26.3;0
Brest;48.39;-4.48;26/09/2026;10:00;17.1;2;NUAGEUX;4;27.4;0
Brest;48.39;-4.48;26/09/2026;11:00;19.1;5;SOLEIL VOILÉ;4;28.1;0
Brest;48.39;-4.48;26/09/2026;12:00;19.1;5;SOLEIL VOILÉ;4;29.5;0
Brest;48.39;-4.48;26/09/2026;13:00;19.1;5;SOLEIL VOILÉ;4;29.9;0
Brest;48.39;-4.48;26/09/2026;14:00;18.5;5;SOLEIL VOILÉ;4;29.9;0
Brest;48.39;-4.48;26/09/2026;15:00;18.5;5;SOLEIL VOILÉ;4;29.5;0
Brest;48.39;-4.48;26/09/2026;16:00;18.5;5;SOLEIL VOILÉ;4;29.5;0
Brest;48.39;-4.48;26/09/2026;17:00;16.1;5;SOLEIL VOILÉ;3;28.8;0
Brest;48.39;-4.48;26/09/2026;18:00;16.1;5;SOLEIL VOILÉ;3;27.4;0
Brest;48.39;-4.48;26/09/2026;19:00;16.1;5;SOLEIL VOILÉ;3;25.6;0
Brest;48.39;-4.48;26/09/2026;20:00;17.2;5;SOLEIL VOILÉ;5;21.2;0
Brest;48.39;-4.48;26/09/2026;21:00;16.7;5;SOLEIL VOILÉ;5;17.6;0
Brest;48.39;-4.48;26/09/2026;22:00;16.2;5;SOLEIL VOILÉ;5;13.3;0
Brest;48.39;-4.48;26/09/2026;23:00;14.5;0;SOLEIL;1;11.2;0
Brest;48.39;-4.48;27/09/2026;00:00;14.5;0;SOLEIL;1;10.8;0
Brest;48.39;-4.48;27/09/2026;01:00;14.5;0;SOLEIL;1;11.9;0
Brest;48.39;-4.48;27/09/2026;02:00;13.5;6;AVERSES;5;11.5;0
Brest;48.39;-4.48;27/09/2026;03:00;13.5;6;AVERSES;5;10.8;0
Brest;48.39;-4.48;27/09/2026;04:00;13.5;6;AVERSES;5;7.2;0
Brest;48.39;-4.48;27/09/2026;05:00;14.9;2;NUAGEUX;3;6.1;0
Brest;48.39;-4.48;27/09/2026;06:00;14.9;2;NUAGEUX;3;8.6;0
Brest;48.39;-4.48;27/09/2026;07:00;14.9;2;NUAGEUX;3;11.2;0
Brest;48.39;-4.48;27/09/2026;08:00;15.5;6;AVERSES;5;12.6;0
Brest;48.39;-4.48;27/09/2026;09:00;16.5;6;AVERSES;5;12.6;0
Brest;48.39;-4.48;27/09/2026;10:00;17.5;6;AVERSES;5;15.5;0
Brest;48.39;-4.48;27/09/2026;11:00;21.4;6;AVERSES;5;19.4;0
Brest;48.39;-4.48;27/09/2026;12:00;21.4;6;AVERSES;5;24.4;0
Brest;48.39;-4.48;27/09/2026;13:00;21.4;6;AVERSES;5;25.7;0
Brest;48.39;-4.48;27/09/2026;14:00;21.4;6;AVERSES;5;26.4;0
Brest;48.39;-4.48;27/09/2026;15:00;22.4;6;AVERSES;5;28.1;0
Brest;48.39;-4.48;27/09/2026;16:00;21.4;6;AVERSES;5;31.3;0
Brest;48.39;-4.48;27/09/2026;17:00;17.7;6;AVERSES;4;33.8;0
Brest;48.39;-4.48;27/09/2026;18:00;17.7;6;AVERSES;4;34.2;0
Brest;48.39;-4.48;27/09/2026;19:00;17.7;6;AVERSES;4;33.1;0
Brest;48.39;-4.48;27/09/2026;20:00;17.5;6;AVERSES;5;32.0;0
Brest;48.39;-4.48;27/09/2026;21:00;16.5;6;AVERSES;5;31.0;0
Brest;48.39;-4.48;27/09/2026;22:00;15.5;6;AVERSES;5;29.5;0
Brest;48.39;-4.48;27/09/2026;23:00;15.6;7;PLUIE FAIBLE;3;27.7;0
Brest;48.39;-4.48;28/09/2026;00:00;15.6;7;PLUIE FAIBLE;3;24.5;0
Brest;48.39;-4.48;28/09/2026;01:00;15.6;7;PLUIE FAIBLE;3;20.9;0
Brest;48.39;-4.48;28/09/2026;02:00;14;7;PLUIE FAIBLE;5;18.0;0
Brest;48.39;-4.48;28/09/2026;03:00;14;7;PLUIE FAIBLE;5;16.9;0
Brest;48.39;-4.48;28/09/2026;04:00;14;7;PLUIE FAIBLE;5;16.6;0
Brest;48.39;-4.48;28/09/2026;05:00;14.5;2;NUAGEUX;2;16.2;0
Brest;48.39;-4.48;28/09/2026;06:00;14.5;2;NUAGEUX;2;15.1;0
Brest;48.39;-4.48;28/09/2026;07:00;14.5;2;NUAGEUX;2;14.4;0
Brest;48.39;-4.48;28/09/2026;08:00;15.9;7;PLUIE FAIBLE;5;13.7;0
Brest;48.39;-4.48;28/09/2026;09:00;16.8;7;PLUIE FAIBLE;5;13.3;0
Brest;48.39;-4.48;28/09/2026;10:00;17.7;7;PLUIE FAIBLE;5;13.7;0
Brest;48.39;-4.48;28/09/2026;11:00;20.9;7;PLUIE FAIBLE;4;14.4;0
Brest;48.39;-4.48;28/09/2026;12:00;20.9;7;PLUIE FAIBLE;4;16.2;0
Brest;48.39;-4.48;28/09/2026;13:00;20.9;7;PLUIE FAIBLE;4;18.4;0
Brest;48.39;-4.48;28/09/2026;14:00;21.5;7;PLUIE FAIBLE;5;20.5;0
Brest;48.39;-4.48;28/09/2026;15:00;22.4;7;PLUIE FAIBLE;5;22.7;0
Brest;48.39;-4.48;28/09/2026;16:00;21.5;7;PLUIE FAIBLE;5;24.5;0
Brest;48.39;-4.48;28/09/2026;17:00;18.5;7;PLUIE FAIBLE;4;25.9;0
Brest;48.39;-4.48;28/09/2026;18:00;18.5;7;PLUIE FAIBLE;4;26.6;0
Brest;48.39;-4.48;28/09/2026;19:00;18.5;7;PLUIE FAIBLE;4;27.0;0
Brest;48.39;-4.48;28/09/2026;20:00;17.7;7;PLUIE FAIBLE;5;26.6;0
Brest;48.39;-4.48;28/09/2026;21:00;16.8;7;PLUIE FAIBLE;5;24.8;0
Brest;48.39;-4.48;28/09/2026;22:00;15.9;7;PLUIE FAIBLE;5;22.0;0
Brest;48.39;-4.48;28/09/2026;23:00;17.2;2;NUAGEUX;6;21.6;0
Île-de-Sein;48.03;-4.85;24/09/2026;00:00;13.6;0;SOLEIL;3;21.6;0
Île-de-Sein;48.03;-4.85;24/09/2026;01:00;13;0;SOLEIL;3;21.6;0
Île-de-Sein;48.03;-4.85;24/09/2026;02:00;13.1;0;SOLEIL;2;21.6;0
Île-de-Sein;48.03;-4.85;24/09/2026;03:00;13.1;0;SOLEIL;2;20.9;0
Île-de-Sein;48.03;-4.85;24/09/2026;04:00;13.6;0;SOLEIL;2;19.8;0
Île-de-Sein;48.03;-4.85;24/09/2026;05:00;13.4;5;SOLEIL VOILÉ;2;17.6;0
Île-de-Sein;48.03;-4.85;24/09/2026;06:00;13.7;5;SOLEIL VOILÉ;2;12.2;0
Île-de-Sein;48.03;-4.85;24/09/2026;07:00;15;5;SOLEIL VOILÉ;2;11.9;0
Île-de-Sein;48.03;-4.85;24/09/2026;08:00;16.9;5;SOLEIL VOILÉ;2;10.8;0
Île-de-Sein;48.03;-4.85;24/09/2026;09:00;17.7;5;SOLEIL VOILÉ;2;15.1;0
Île-de-Sein;48.03;-4.85;24/09/2026;10:00;20.6;5;SOLEIL VOILÉ;3;15.1;0
Île-de-Sein;48.03;-4.85;24/09/2026;11:00;23.1;5;SOLEIL VOILÉ;3;15.1;0
Île-de-Sein;48.03;-4.85;24/09/2026;12:00;24.7;5;SOLEIL VOILÉ;2;15.5;0
Île-de-Sein;48.03;-4.85;24/09/2026;13:00;26.6;5;SOLEIL VOILÉ;2;18.7;0
Île-de-Sein;48.03;-4.85;24/09/2026;14:00;27.1;5;SOLEIL VOILÉ;2;18.4;0
Île-de-Sein;48.03;-4.85;24/09/2026;15:00;26.5;5;SOLEIL VOILÉ;2;15.5;0
Île-de-Sein;48.03;-4.85;24/09/2026;16:00;26.5;5;SOLEIL VOILÉ;3;21.6;0
Île-de-Sein;48.03;-4.85;24/09/2026;17:00;25.9;0;SOLEIL;2;25.6;0
Île-de-Sein;48.03;-4.85;24/09/2026;18:00;21.7;0;SOLEIL;3;23.4;0
Île-de-Sein;48.03;-4.85;24/09/2026;19:00;20.1;0;SOLEIL;2;20.5;0
Île-de-Sein;48.03;-4.85;24/09/2026;20:00;18.6;0;SOLEIL;2;17.3;0
Île-de-Sein;48.03;-4.85;24/09/2026;21:00;17;0;SOLEIL;2;12.2;0
Île-de-Sein;48.03;-4.85;24/09/2026;22:00;17.6;0;SOLEIL;2;9.0;0
Île-de-Sein;48.03;-4.85;24/09/2026;23:00;16.5;0;SOLEIL;1;11.9;0
Île-de-Sein;48.03;-4.85;25/09/2026;00:00;15.1;0;SOLEIL;1;12.2;0
Île-de-Sein;48.03;-4.85;25/09/2026;01:00;15.1;0;SOLEIL;1;11.9;0
Île-de-Sein;48.03;-4.85;25/09/2026;02:00;13.2;0;SOLEIL;0;7.9;0
Île-de-Sein;48.03;-4.85;25/09/2026;03:00;13.2;0;SOLEIL;0;6.1;0
Île-de-Sein;48.03;-4.85;25/09/2026;04:00;13.2;0;SOLEIL;0;10.1;0
Île-de-Sein;48.03;-4.85;25/09/2026;05:00;13;0;SOLEIL;0;10.1;0
Île-de-Sein;48.03;-4.85;25/09/2026;06:00;13;0;SOLEIL;0;14.0;0
Île-de-Sein;48.03;-4.85;25/09/2026;07:00;13;0;SOLEIL;0;16.2;0
Île-de-Sein;48.03;-4.85;25/09/2026;08:00;18.1;0;SOLEIL;3;21.6;0
Île-de-Sein;48.03;-4.85;25/09/2026;09:00;18.1;0;SOLEIL;3;20.8;0
Île-de-Sein;48.03;-4.85;25/09/2026;10:00;18.1;0;SOLEIL;3;21.2;0
Île-de-Sein;48.03;-4.85;25/09/2026;11:00;21.7;0;SOLEIL;3;20.7;0
Île-de-Sein;48.03;-4.85;25/09/2026;12:00;21.7;0;SOLEIL;3;19.4;0
Île-de-Sein;48.03;-4.85;25/09/2026;13:00;21.7;0;SOLEIL;3;22.7;0
Île-de-Sein;48.03;-4.85;25/09/2026;14:00;19.2;0;SOLEIL;4;27.0;0
Île-de-Sein;48.03;-4.85;25/09/2026;15:00;19.2;0;SOLEIL;4;30.2;0
Île-de-Sein;48.03;-4.85;25/09/2026;16:00;19.2;0;SOLEIL;4;31.0;0
Île-de-Sein;48.03;-4.85;25/09/2026;17:00;16.1;0;SOLEIL;4;31.3;0
Île-de-Sein;48.03;-4.85;25/09/2026;18:00;16.1;0;SOLEIL;4;30.2;0
Île-de-Sein;48.03;-4.85;25/09/2026;19:00;16.1;0;SOLEIL;4;29.5;0
Île-de-Sein;48.03;-4.85;25/09/2026;20:00;15.5;2;NUAGEUX;4;28.1;0
Île-de-Sein;48.03;-4.85;25/09/2026;21:00;15.5;2;NUAGEUX;4;22.7;0
Île-de-Sein;48.03;-4.85;25/09/2026;22:00;15.5;2;NUAGEUX;4;29.2;0
Île-de-Sein;48.03;-4.85;25/09/2026;23:00;14.6;5;SOLEIL VOILÉ;4;28.1;0
Île-de-Sein;48.03;-4.85;26/09/2026;00:00;14.6;5;SOLEIL VOILÉ;4;16.9;0
Île-de-Sein;48.03;-4.85;26/09/2026;01:00;14.6;5;SOLEIL VOILÉ;4;20.9;0
Île-de-Sein;48.03;-4.85;26/09/2026;02:00;14.1;5;SOLEIL VOILÉ;4;24.5;0
Île-de-Sein;48.03;-4.85;26/09/2026;03:00;14.1;5;SOLEIL VOILÉ;4;24.5;0
Île-de-Sein;48.03;-4.85;26/09/2026;04:00;14.1;5;SOLEIL VOILÉ;4;22.0;0
Île-de-Sein;48.03;-4.85;26/09/2026;05:00;14.2;5;SOLEIL VOILÉ;3;20.2;0
Île-de-Sein;48.03;-4.85;26/09/2026;06:00;14.2;5;SOLEIL VOILÉ;3;18.0;0
Île-de-Sein;48.03;-4.85;26/09/2026;07:00;14.2;5;SOLEIL VOILÉ;3;15.8;0
Île-de-Sein;48.03;-4.85;26/09/2026;08:00;17.2;5;SOLEIL VOILÉ;4;13.7;0
Île-de-Sein;48.03;-4.85;26/09/2026;09:00;17.2;5;SOLEIL VOILÉ;4;11.9;0
Île-de-Sein;48.03;-4.85;26/09/2026;10:00;17.2;5;SOLEIL VOILÉ;4;10.8;0
Île-de-Sein;48.03;-4.85;26/09/2026;11:00;19.2;5;SOLEIL VOILÉ;4;18.0;0
Île-de-Sein;48.03;-4.85;26/09/2026;12:00;19.2;5;SOLEIL VOILÉ;4;20.2;0
Île-de-Sein;48.03;-4.85;26/09/2026;13:00;19.2;5;SOLEIL VOILÉ;4;22.3;0
Île-de-Sein;48.03;-4.85;26/09/2026;14:00;19.7;5;SOLEIL VOILÉ;4;22.7;0
Île-de-Sein;48.03;-4.85;26/09/2026;15:00;19.7;5;SOLEIL VOILÉ;4;23.0;0
Île-de-Sein;48.03;-4.85;26/09/2026;16:00;19.7;5;SOLEIL VOILÉ;4;23.8;0
Île-de-Sein;48.03;-4.85;26/09/2026;17:00;17.2;5;SOLEIL VOILÉ;3;23.8;0
Île-de-Sein;48.03;-4.85;26/09/2026;18:00;17.2;5;SOLEIL VOILÉ;3;23.0;0
Île-de-Sein;48.03;-4.85;26/09/2026;19:00;17.2;5;SOLEIL VOILÉ;3;22.7;0
Île-de-Sein;48.03;-4.85;26/09/2026;20:00;16.4;5;SOLEIL VOILÉ;5;27.4;0
Île-de-Sein;48.03;-4.85;26/09/2026;21:00;15.7;5;SOLEIL VOILÉ;5;27.0;0
Île-de-Sein;48.03;-4.85;26/09/2026;22:00;15.0;5;SOLEIL VOILÉ;5;25.9;0
Île-de-Sein;48.03;-4.85;26/09/2026;23:00;14.2;2;NUAGEUX;3;23.0;0
Île-de-Sein;48.03;-4.85;27/09/2026;00:00;14.2;2;NUAGEUX;3;18.4;0
Île-de-Sein;48.03;-4.85;27/09/2026;01:00;14.2;2;NUAGEUX;3;15.8;0
Île-de-Sein;48.03;-4.85;27/09/2026;02:00;13.2;7;PLUIE FAIBLE;5;15.5;0
Île-de-Sein;48.03;-4.85;27/09/2026;03:00;13.2;7;PLUIE FAIBLE;5;15.1;0
Île-de-Sein;48.03;-4.85;27/09/2026;04:00;13.2;7;PLUIE FAIBLE;5;14.4;0
Île-de-Sein;48.03;-4.85;27/09/2026;05:00;14.9;7;PLUIE FAIBLE;4;15.8;0
Île-de-Sein;48.03;-4.85;27/09/2026;06:00;14.9;7;PLUIE FAIBLE;4;15.8;0
Île-de-Sein;48.03;-4.85;27/09/2026;07:00;14.9;7;PLUIE FAIBLE;4;15.8;0
Île-de-Sein;48.03;-4.85;27/09/2026;08:00;14.7;7;PLUIE FAIBLE;5;14.4;0
Île-de-Sein;48.03;-4.85;27/09/2026;09:00;15.5;7;PLUIE FAIBLE;5;15.1;0
Île-de-Sein;48.03;-4.85;27/09/2026;10:00;16.3;7;PLUIE FAIBLE;5;18.4;0
Île-de-Sein;48.03;-4.85;27/09/2026;11:00;19.2;7;PLUIE FAIBLE;6;24.5;0
Île-de-Sein;48.03;-4.85;27/09/2026;12:00;19.2;7;PLUIE FAIBLE;6;31.5;0
Île-de-Sein;48.03;-4.85;27/09/2026;13:00;19.2;7;PLUIE FAIBLE;6;38.3;0
Île-de-Sein;48.03;-4.85;27/09/2026;14:00;19.3;7;PLUIE FAIBLE;5;44.0;0
Île-de-Sein;48.03;-4.85;27/09/2026;15:00;20.1;7;PLUIE FAIBLE;5;46.8;0
Île-de-Sein;48.03;-4.85;27/09/2026;16:00;19.3;7;PLUIE FAIBLE;5;45.0;0
Île-de-Sein;48.03;-4.85;27/09/2026;17:00;17.1;7;PLUIE FAIBLE;3;42.8;0
Île-de-Sein;48.03;-4.85;27/09/2026;18:00;17.1;7;PLUIE FAIBLE;3;40.0;0
Île-de-Sein;48.03;-4.85;27/09/2026;19:00;17.1;7;PLUIE FAIBLE;3;36.4;0
Île-de-Sein;48.03;-4.85;27/09/2026;20:00;16.3;7;PLUIE FAIBLE;5;32.0;0
Île-de-Sein;48.03;-4.85;27/09/2026;21:00;15.5;7;PLUIE FAIBLE;5;26.6;0
Île-de-Sein;48.03;-4.85;27/09/2026;22:00;14.7;7;PLUIE FAIBLE;5;21.2;0
Île-de-Sein;48.03;-4.85;27/09/2026;23:00;14.9;7;PLUIE FAIBLE;2;16.6;0
Île-de-Sein;48.03;-4.85;28/09/2026;00:00;14.9;7;PLUIE FAIBLE;2;14.4;0
Île-de-Sein;48.03;-4.85;28/09/2026;01:00;14.9;7;PLUIE FAIBLE;2;13.3;0
Île-de-Sein;48.03;-4.85;28/09/2026;02:00;13.1;6;AVERSES;5;12.2;0
Île-de-Sein;48.03;-4.85;28/09/2026;03:00;13.1;6;AVERSES;5;10.1;0
Île-de-Sein;48.03;-4.85;28/09/2026;04:00;13.1;6;AVERSES;5;7.9;0
Île-de-Sein;48.03;-4.85;28/09/2026;05:00;13.5;2;NUAGEUX;2;6.5;0
Île-de-Sein;48.03;-4.85;28/09/2026;06:00;13.5;2;NUAGEUX;2;5.8;0
Île-de-Sein;48.03;-4.85;28/09/2026;07:00;13.5;2;NUAGEUX;2;6.1;0
Île-de-Sein;48.03;-4.85;28/09/2026;08:00;14.8;6;AVERSES;5;6.8;0
Île-de-Sein;48.03;-4.85;28/09/2026;09:00;15.7;6;AVERSES;5;9.0;0
Île-de-Sein;48.03;-4.85;28/09/2026;10:00;16.6;6;AVERSES;5;11.5;0
Île-de-Sein;48.03;-4.85;28/09/2026;11:00;19.6;6;AVERSES;5;14.4;0
Île-de-Sein;48.03;-4.85;28/09/2026;12:00;19.6;6;AVERSES;5;16.9;0
Île-de-Sein;48.03;-4.85;28/09/2026;13:00;19.6;6;AVERSES;5;19.4;0
Île-de-Sein;48.03;-4.85;28/09/2026;14:00;20.0;6;AVERSES;5;22.0;0
Île-de-Sein;48.03;-4.85;28/09/2026;15:00;20.9;6;AVERSES;5;24.8;0
Île-de-Sein;48.03;-4.85;28/09/2026;16:00;20.0;6;AVERSES;5;27.4;0
Île-de-Sein;48.03;-4.85;28/09/2026;17:00;17.7;6;AVERSES;5;29.2;0
Île-de-Sein;48.03;-4.85;28/09/2026;18:00;17.7;6;AVERSES;5;29.2;0
Île-de-Sein;48.03;-4.85;28/09/2026;19:00;17.7;6;AVERSES;5;28.1;0
Île-de-Sein;48.03;-4.85;28/09/2026;20:00;16.6;6;AVERSES;5;28.1;0
Île-de-Sein;48.03;-4.85;28/09/2026;21:00;15.7;6;AVERSES;5;30.6;0
Île-de-Sein;48.03;-4.85;28/09/2026;22:00;14.8;6;AVERSES;5;34.2;0
Île-de-Sein;48.03;-4.85;28/09/2026;23:00;16.7;2;NUAGEUX;7;37.8;0
Morlaix;48.57;-3.82;24/09/2026;00:00;16.1;0;SOLEIL;6;31.3;0
Morlaix;48.57;-3.82;24/09/2026;01:00;16.6;0;SOLEIL;6;28.4;0
Morlaix;48.57;-3.82;24/09/2026;02:00;16.6;0;SOLEIL;5;28.1;0
Morlaix;48.57;-3.82;24/09/2026;03:00;18.1;0;SOLEIL;5;24.8;0
Morlaix;48.57;-3.82;24/09/2026;04:00;19.2;0;SOLEIL;4;23.4;0
Morlaix;48.57;-3.82;24/09/2026;05:00;18.5;5;SOLEIL VOILÉ;4;21.6;0
Morlaix;48.57;-3.82;24/09/2026;06:00;16.5;5;SOLEIL VOILÉ;4;13.0;0
Morlaix;48.57;-3.82;24/09/2026;07:00;18.4;5;SOLEIL VOILÉ;4;13.3;0
Morlaix;48.57;-3.82;24/09/2026;08:00;18.2;5;SOLEIL VOILÉ;3;14.8;0
Morlaix;48.57;-3.82;24/09/2026;09:00;17.6;5;SOLEIL VOILÉ;4;15.8;0
Morlaix;48.57;-3.82;24/09/2026;10:00;18.9;5;SOLEIL VOILÉ;5;16.2;0
Morlaix;48.57;-3.82;24/09/2026;11:00;18.6;5;SOLEIL VOILÉ;5;24.8;0
Morlaix;48.57;-3.82;24/09/2026;12:00;24.1;5;SOLEIL VOILÉ;5;24.1;0
Morlaix;48.57;-3.82;24/09/2026;13:00;25.1;5;SOLEIL VOILÉ;6;23.4;0
Morlaix;48.57;-3.82;24/09/2026;14:00;24.7;5;SOLEIL VOILÉ;6;25.6;0
Morlaix;48.57;-3.82;24/09/2026;15:00;25.9;5;SOLEIL VOILÉ;5;29.2;0
Morlaix;48.57;-3.82;24/09/2026;16:00;25.6;0;SOLEIL;5;27.4;0
Morlaix;48.57;-3.82;24/09/2026;17:00;24.5;0;SOLEIL;4;22.3;0
Morlaix;48.57;-3.82;24/09/2026;18:00;21.6;0;SOLEIL;3;16.6;0
Morlaix;48.57;-3.82;24/09/2026;19:00;20.6;0;SOLEIL;3;13.7;0
Morlaix;48.57;-3.82;24/09/2026;20:00;20.5;0;SOLEIL;3;10.4;0
Morlaix;48.57;-3.82;24/09/2026;21:00;19.7;0;SOLEIL;3;6.1;0
Morlaix;48.57;-3.82;24/09/2026;22:00;19.1;0;SOLEIL;3;6.1;0
Morlaix;48.57;-3.82;24/09/2026;23:00;20;0;SOLEIL;2;7.6;0
Morlaix;48.57;-3.82;25/09/2026;00:00;20;0;SOLEIL;2;7.9;0
Morlaix;48.57;-3.82;25/09/2026;01:00;20;0;SOLEIL;2;9.0;0
Morlaix;48.57;-3.82;25/09/2026;02:00;16.5;0;SOLEIL;3;8.3;0
Morlaix;48.57;-3.82;25/09/2026;03:00;16.5;0;SOLEIL;3;11.9;0
Morlaix;48.57;-3.82;25/09/2026;04:00;16.5;0;SOLEIL;3;15.1;0
Morlaix;48.57;-3.82;25/09/2026;05:00;16.2;0;SOLEIL;0;18.7;0
Morlaix;48.57;-3.82;25/09/2026;06:00;16.2;0;SOLEIL;0;22.7;0
Morlaix;48.57;-3.82;25/09/2026;07:00;16.2;0;SOLEIL;0;24.8;0
Morlaix;48.57;-3.82;25/09/2026;08:00;17.5;0;SOLEIL;3;25.2;0
Morlaix;48.57;-3.82;25/09/2026;09:00;17.5;0;SOLEIL;3;25.9;0
Morlaix;48.57;-3.82;25/09/2026;10:00;17.5;0;SOLEIL;3;24.8;0
Morlaix;48.57;-3.82;25/09/2026;11:00;18.7;0;SOLEIL;5;24.9;0
Morlaix;48.57;-3.82;25/09/2026;12:00;18.7;0;SOLEIL;5;23.0;0
Morlaix;48.57;-3.82;25/09/2026;13:00;18.7;0;SOLEIL;5;23.4;0
Morlaix;48.57;-3.82;25/09/2026;14:00;18.1;0;SOLEIL;7;24.1;0
Morlaix;48.57;-3.82;25/09/2026;15:00;18.1;0;SOLEIL;7;27.7;0
Morlaix;48.57;-3.82;25/09/2026;16:00;18.1;0;SOLEIL;7;28.4;0
Morlaix;48.57;-3.82;25/09/2026;17:00;16.5;0;SOLEIL;8;29.5;0
Morlaix;48.57;-3.82;25/09/2026;18:00;16.5;0;SOLEIL;8;29.5;0
Morlaix;48.57;-3.82;25/09/2026;19:00;16.5;0;SOLEIL;8;29.5;0
Morlaix;48.57;-3.82;25/09/2026;20:00;16.4;0;SOLEIL;7;29.2;0
Morlaix;48.57;-3.82;25/09/2026;21:00;16.4;0;SOLEIL;7;24.1;0
Morlaix;48.57;-3.82;25/09/2026;22:00;16.4;0;SOLEIL;7;15.1;0
Morlaix;48.57;-3.82;25/09/2026;23:00;15.7;5;SOLEIL VOILÉ;7;34.6;0
Morlaix;48.57;-3.82;26/09/2026;00:00;15.7;5;SOLEIL VOILÉ;7;34.6;0
Morlaix;48.57;-3.82;26/09/2026;01:00;15.7;5;SOLEIL VOILÉ;7;21.2;0
Morlaix;48.57;-3.82;26/09/2026;02:00;15.2;5;SOLEIL VOILÉ;7;29.2;0
Morlaix;48.57;-3.82;26/09/2026;03:00;15.2;5;SOLEIL VOILÉ;7;30.6;0
Morlaix;48.57;-3.82;26/09/2026;04:00;15.2;5;SOLEIL VOILÉ;7;29.9;0
Morlaix;48.57;-3.82;26/09/2026;05:00;15.1;5;SOLEIL VOILÉ;6;29.9;0
Morlaix;48.57;-3.82;26/09/2026;06:00;15.1;5;SOLEIL VOILÉ;6;28.8;0
Morlaix;48.57;-3.82;26/09/2026;07:00;15.1;5;SOLEIL VOILÉ;6;27.4;0
Morlaix;48.57;-3.82;26/09/2026;08:00;16.7;5;SOLEIL VOILÉ;6;25.2;0
Morlaix;48.57;-3.82;26/09/2026;09:00;16.7;5;SOLEIL VOILÉ;6;23.0;0
Morlaix;48.57;-3.82;26/09/2026;10:00;16.7;5;SOLEIL VOILÉ;6;22.3;0
Morlaix;48.57;-3.82;26/09/2026;11:00;18.5;5;SOLEIL VOILÉ;5;21.2;0
Morlaix;48.57;-3.82;26/09/2026;12:00;18.5;5;SOLEIL VOILÉ;5;20.2;0
Morlaix;48.57;-3.82;26/09/2026;13:00;18.5;5;SOLEIL VOILÉ;5;20.2;0
Morlaix;48.57;-3.82;26/09/2026;14:00;18.4;5;SOLEIL VOILÉ;5;19.1;0
Morlaix;48.57;-3.82;26/09/2026;15:00;18.4;5;SOLEIL VOILÉ;5;16.6;0
Morlaix;48.57;-3.82;26/09/2026;16:00;18.4;5;SOLEIL VOILÉ;5;13.0;0
Morlaix;48.57;-3.82;26/09/2026;17:00;16.9;5;SOLEIL VOILÉ;5;15.8;0
Morlaix;48.57;-3.82;26/09/2026;18:00;16.9;5;SOLEIL VOILÉ;5;19.1;0
Morlaix;48.57;-3.82;26/09/2026;19:00;16.9;5;SOLEIL VOILÉ;5;19.4;0
Morlaix;48.57;-3.82;26/09/2026;20:00;16.6;5;SOLEIL VOILÉ;5;17.6;0
Morlaix;48.57;-3.82;26/09/2026;21:00;16.1;5;SOLEIL VOILÉ;5;14.8;0
Morlaix;48.57;-3.82;26/09/2026;22:00;15.6;5;SOLEIL VOILÉ;5;12.2;0
Morlaix;48.57;-3.82;26/09/2026;23:00;15.6;2;NUAGEUX;4;12.2;0
Morlaix;48.57;-3.82;27/09/2026;00:00;15.6;2;NUAGEUX;4;10.1;0
Morlaix;48.57;-3.82;27/09/2026;01:00;15.6;2;NUAGEUX;4;7.9;0
Morlaix;48.57;-3.82;27/09/2026;02:00;15.1;7;PLUIE FAIBLE;5;18.0;0
Morlaix;48.57;-3.82;27/09/2026;03:00;15.1;7;PLUIE FAIBLE;5;24.1;0
Morlaix;48.57;-3.82;27/09/2026;04:00;15.1;7;PLUIE FAIBLE;5;24.8;0
Morlaix;48.57;-3.82;27/09/2026;05:00;16.2;7;PLUIE FAIBLE;6;23.4;0
Morlaix;48.57;-3.82;27/09/2026;06:00;16.2;7;PLUIE FAIBLE;6;24.8;0
Morlaix;48.57;-3.82;27/09/2026;07:00;16.2;7;PLUIE FAIBLE;6;25.6;0
Morlaix;48.57;-3.82;27/09/2026;08:00;16.0;7;PLUIE FAIBLE;5;26.3;0
Morlaix;48.57;-3.82;27/09/2026;09:00;16.4;7;PLUIE FAIBLE;5;28.1;0
Morlaix;48.57;-3.82;27/09/2026;10:00;16.8;7;PLUIE FAIBLE;5;28.1;0
Morlaix;48.57;-3.82;27/09/2026;11:00;18.2;7;PLUIE FAIBLE;7;25.9;0
Morlaix;48.57;-3.82;27/09/2026;12:00;18.2;7;PLUIE FAIBLE;7;27.5;0
Morlaix;48.57;-3.82;27/09/2026;13:00;18.2;7;PLUIE FAIBLE;7;29.5;0
Morlaix;48.57;-3.82;27/09/2026;14:00;18.6;7;PLUIE FAIBLE;5;32.2;0
Morlaix;48.57;-3.82;27/09/2026;15:00;19.0;7;PLUIE FAIBLE;5;33.5;0
Morlaix;48.57;-3.82;27/09/2026;16:00;18.6;7;PLUIE FAIBLE;5;32.8;0
Morlaix;48.57;-3.82;27/09/2026;17:00;17;7;PLUIE FAIBLE;5;31.3;0
Morlaix;48.57;-3.82;27/09/2026;18:00;17;7;PLUIE FAIBLE;5;28.1;0
Morlaix;48.57;-3.82;27/09/2026;19:00;17;7;PLUIE FAIBLE;5;23.8;0
Morlaix;48.57;-3.82;27/09/2026;20:00;16.8;7;PLUIE FAIBLE;5;20.9;0
Morlaix;48.57;-3.82;27/09/2026;21:00;16.4;7;PLUIE FAIBLE;5;20.2;0
Morlaix;48.57;-3.82;27/09/2026;22:00;16.0;7;PLUIE FAIBLE;5;20.2;0
Morlaix;48.57;-3.82;27/09/2026;23:00;15.7;2;NUAGEUX;3;20.2;0
Morlaix;48.57;-3.82;28/09/2026;00:00;15.7;2;NUAGEUX;3;19.1;0
Morlaix;48.57;-3.82;28/09/2026;01:00;15.7;2;NUAGEUX;3;17.6;0
Morlaix;48.57;-3.82;28/09/2026;02:00;14.9;2;NUAGEUX;5;15.8;0
Morlaix;48.57;-3.82;28/09/2026;03:00;14.9;2;NUAGEUX;5;13.7;0
Morlaix;48.57;-3.82;28/09/2026;04:00;14.9;2;NUAGEUX;5;11.2;0
Morlaix;48.57;-3.82;28/09/2026;05:00;15.5;2;NUAGEUX;3;9.0;0
Morlaix;48.57;-3.82;28/09/2026;06:00;15.5;2;NUAGEUX;3;7.6;0
Morlaix;48.57;-3.82;28/09/2026;07:00;15.5;2;NUAGEUX;3;6.8;0
Morlaix;48.57;-3.82;28/09/2026;08:00;15.8;2;NUAGEUX;5;7.2;0
Morlaix;48.57;-3.82;28/09/2026;09:00;16.3;2;NUAGEUX;5;9.0;0
Morlaix;48.57;-3.82;28/09/2026;10:00;16.8;2;NUAGEUX;5;11.9;0
Morlaix;48.57;-3.82;28/09/2026;11:00;17.7;2;NUAGEUX;6;14.0;0
Morlaix;48.57;-3.82;28/09/2026;12:00;17.7;2;NUAGEUX;6;15.1;0
Morlaix;48.57;-3.82;28/09/2026;13:00;17.7;2;NUAGEUX;6;15.8;0
Morlaix;48.57;-3.82;28/09/2026;14:00;18.6;2;NUAGEUX;5;16.2;0
Morlaix;48.57;-3.82;28/09/2026;15:00;19.1;2;NUAGEUX;5;15.8;0
Morlaix;48.57;-3.82;28/09/2026;16:00;18.6;2;NUAGEUX;5;15.1;0
Morlaix;48.57;-3.82;28/09/2026;17:00;17.1;2;NUAGEUX;8;14.8;0
Morlaix;48.57;-3.82;28/09/2026;18:00;17.1;2;NUAGEUX;8;13.7;0
Morlaix;48.57;-3.82;28/09/2026;19:00;17.1;2;NUAGEUX;8;12.2;0
Morlaix;48.57;-3.82;28/09/2026;20:00;16.8;2;NUAGEUX;5;14.4;0
Morlaix;48.57;-3.82;28/09/2026;21:00;16.3;2;NUAGEUX;5;22.3;0
Morlaix;48.57;-3.82;28/09/2026;22:00;15.8;2;NUAGEUX;5;33.5;0
Morlaix;48.57;-3.82;28/09/2026;23:00;17.4;7;PLUIE FAIBLE;11;42.1;0
Ouessant;48.45;-5.09;24/09/2026;00:00;11.9;2;NUAGEUX;1;4.3;0
Ouessant;48.45;-5.09;24/09/2026;01:00;12.6;3;TRÈS NUAGEUX;1;5.0;0
Ouessant;48.45;-5.09;24/09/2026;02:00;11.9;3;TRÈS NUAGEUX;2;9.0;0
Ouessant;48.45;-5.09;24/09/2026;03:00;11.9;6;AVERSES;2;10.1;0
Ouessant;48.45;-5.09;24/09/2026;04:00;13.1;6;AVERSES;1;7.2;0
Ouessant;48.45;-5.09;24/09/2026;05:00;12.7;3;TRÈS NUAGEUX;2;10.8;0
Ouessant;48.45;-5.09;24/09/2026;06:00;12.5;5;SOLEIL VOILÉ;2;11.2;0
Ouessant;48.45;-5.09;24/09/2026;07:00;12.9;5;SOLEIL VOILÉ;2;9.7;0
Ouessant;48.45;-5.09;24/09/2026;08:00;15.2;5;SOLEIL VOILÉ;2;9.4;0
Ouessant;48.45;-5.09;24/09/2026;09:00;18.6;5;SOLEIL VOILÉ;3;13.7;0
Ouessant;48.45;-5.09;24/09/2026;10:00;21.7;5;SOLEIL VOILÉ;3;18.7;0
Ouessant;48.45;-5.09;24/09/2026;11:00;25.4;5;SOLEIL VOILÉ;3;21.2;0
Ouessant;48.45;-5.09;24/09/2026;12:00;27;5;SOLEIL VOILÉ;2;23.8;0
Ouessant;48.45;-5.09;24/09/2026;13:00;27.6;5;SOLEIL VOILÉ;3;23.4;0
Ouessant;48.45;-5.09;24/09/2026;14:00;27.6;5;SOLEIL VOILÉ;3;23.0;0
Ouessant;48.45;-5.09;24/09/2026;15:00;27.1;5;SOLEIL VOILÉ;3;24.1;0
Ouessant;48.45;-5.09;24/09/2026;16:00;26;5;SOLEIL VOILÉ;3;25.6;0
Ouessant;48.45;-5.09;24/09/2026;17:00;24.6;5;SOLEIL VOILÉ;2;25.9;0
Ouessant;48.45;-5.09;24/09/2026;18:00;21.9;0;SOLEIL;2;23.8;0
Ouessant;48.45;-5.09;24/09/2026;19:00;20;0;SOLEIL;1;20.9;0
Ouessant;48.45;-5.09;24/09/2026;20:00;18.6;0;SOLEIL;1;15.1;0
Ouessant;48.45;-5.09;24/09/2026;21:00;17.1;0;SOLEIL;1;12.6;0
Ouessant;48.45;-5.09;24/09/2026;22:00;16.6;0;SOLEIL;1;8.3;0
Ouessant;48.45;-5.09;24/09/2026;23:00;14.7;0;SOLEIL;1;6.1;0
Ouessant;48.45;-5.09;25/09/2026;00:00;13.5;0;SOLEIL;1;7.9;0
Ouessant;48.45;-5.09;25/09/2026;01:00;13.5;0;SOLEIL;1;7.6;0
Ouessant;48.45;-5.09;25/09/2026;02:00;12.2;0;SOLEIL;2;9.0;0
Ouessant;48.45;-5.09;25/09/2026;03:00;12.2;0;SOLEIL;2;7.6;0
Ouessant;48.45;-5.09;25/09/2026;04:00;12.2;0;SOLEIL;2;6.8;0
Ouessant;48.45;-5.09;25/09/2026;05:00;12.7;0;SOLEIL;3;10.1;0
Ouessant;48.45;-5.09;25/09/2026;06:00;12.7;0;SOLEIL;3;10.1;0
Ouessant;48.45;-5.09;25/09/2026;07:00;12.7;0;SOLEIL;3;9.0;0
Ouessant;48.45;-5.09;25/09/2026;08:00;19.2;0;SOLEIL;2;6.8;0
Ouessant;48.45;-5.09;25/09/2026;09:00;19.2;0;SOLEIL;2;16.8;0
Ouessant;48.45;-5.09;25/09/2026;10:00;19.2;0;SOLEIL;2;15.5;0
Ouessant;48.45;-5.09;25/09/2026;11:00;23.6;0;SOLEIL;3;16.2;0
Ouessant;48.45;-5.09;25/09/2026;12:00;23.6;0;SOLEIL;3;16.2;0
Ouessant;48.45;-5.09;25/09/2026;13:00;23.6;0;SOLEIL;3;20.2;0
Ouessant;48.45;-5.09;25/09/2026;14:00;20.6;0;SOLEIL;4;23.4;0
Ouessant;48.45;-5.09;25/09/2026;15:00;20.6;0;SOLEIL;4;28.4;0
Ouessant;48.45;-5.09;25/09/2026;16:00;20.6;0;SOLEIL;4;28.4;0
Ouessant;48.45;-5.09;25/09/2026;17:00;16.5;2;NUAGEUX;4;27.7;0
Ouessant;48.45;-5.09;25/09/2026;18:00;16.5;2;NUAGEUX;4;26.6;0
Ouessant;48.45;-5.09;25/09/2026;19:00;16.5;2;NUAGEUX;4;27.4;0
Ouessant;48.45;-5.09;25/09/2026;20:00;15.6;2;NUAGEUX;4;27.4;0
Ouessant;48.45;-5.09;25/09/2026;21:00;15.6;2;NUAGEUX;4;23.0;0
Ouessant;48.45;-5.09;25/09/2026;22:00;15.6;2;NUAGEUX;4;28.1;0
Ouessant;48.45;-5.09;25/09/2026;23:00;15.2;2;NUAGEUX;4;27.0;0
Ouessant;48.45;-5.09;26/09/2026;00:00;15.2;2;NUAGEUX;4;23.4;0
Ouessant;48.45;-5.09;26/09/2026;01:00;15.2;2;NUAGEUX;4;23.4;0
Ouessant;48.45;-5.09;26/09/2026;02:00;14.4;5;SOLEIL VOILÉ;4;26.6;0
Ouessant;48.45;-5.09;26/09/2026;03:00;14.4;5;SOLEIL VOILÉ;4;27.4;0
Ouessant;48.45;-5.09;26/09/2026;04:00;14.4;5;SOLEIL VOILÉ;4;26.3;0
Ouessant;48.45;-5.09;26/09/2026;05:00;13.7;5;SOLEIL VOILÉ;3;24.8;0
Ouessant;48.45;-5.09;26/09/2026;06:00;13.7;5;SOLEIL VOILÉ;3;23.8;0
Ouessant;48.45;-5.09;26/09/2026;07:00;13.7;5;SOLEIL VOILÉ;3;23.4;0
Ouessant;48.45;-5.09;26/09/2026;08:00;17.2;5;SOLEIL VOILÉ;3;21.6;0
Ouessant;48.45;-5.09;26/09/2026;09:00;17.2;5;SOLEIL VOILÉ;3;19.4;0
Ouessant;48.45;-5.09;26/09/2026;10:00;17.2;5;SOLEIL VOILÉ;3;18.4;0
Ouessant;48.45;-5.09;26/09/2026;11:00;19.1;5;SOLEIL VOILÉ;3;23.0;0
Ouessant;48.45;-5.09;26/09/2026;12:00;19.1;5;SOLEIL VOILÉ;3;24.1;0
Ouessant;48.45;-5.09;26/09/2026;13:00;19.1;5;SOLEIL VOILÉ;3;24.5;0
Ouessant;48.45;-5.09;26/09/2026;14:00;19.1;5;SOLEIL VOILÉ;3;25.9;0
Ouessant;48.45;-5.09;26/09/2026;15:00;19.1;5;SOLEIL VOILÉ;3;26.3;0
Ouessant;48.45;-5.09;26/09/2026;16:00;19.1;5;SOLEIL VOILÉ;3;27.0;0
Ouessant;48.45;-5.09;26/09/2026;17:00;17;5;SOLEIL VOILÉ;3;27.7;0
Ouessant;48.45;-5.09;26/09/2026;18:00;17;5;SOLEIL VOILÉ;3;27.7;0
Ouessant;48.45;-5.09;26/09/2026;19:00;17;5;SOLEIL VOILÉ;3;27.4;0
Ouessant;48.45;-5.09;26/09/2026;20:00;16.2;5;SOLEIL VOILÉ;5;23.8;0
Ouessant;48.45;-5.09;26/09/2026;21:00;15.4;5;SOLEIL VOILÉ;5;20.2;0
Ouessant;48.45;-5.09;26/09/2026;22:00;14.7;5;SOLEIL VOILÉ;5;18.7;0
Ouessant;48.45;-5.09;26/09/2026;23:00;13.7;2;NUAGEUX;2;16.6;0
Ouessant;48.45;-5.09;27/09/2026;00:00;13.7;2;NUAGEUX;2;14.4;0
Ouessant;48.45;-5.09;27/09/2026;01:00;13.7;2;NUAGEUX;2;11.5;0
Ouessant;48.45;-5.09;27/09/2026;02:00;12.2;7;PLUIE FAIBLE;5;9.0;0
Ouessant;48.45;-5.09;27/09/2026;03:00;12.2;7;PLUIE FAIBLE;5;10.4;0
Ouessant;48.45;-5.09;27/09/2026;04:00;12.2;7;PLUIE FAIBLE;5;12.2;0
Ouessant;48.45;-5.09;27/09/2026;05:00;14.6;7;PLUIE FAIBLE;4;15.1;0
Ouessant;48.45;-5.09;27/09/2026;06:00;14.6;7;PLUIE FAIBLE;4;15.1;0
Ouessant;48.45;-5.09;27/09/2026;07:00;14.6;7;PLUIE FAIBLE;4;18.0;0
Ouessant;48.45;-5.09;27/09/2026;08:00;14.1;7;PLUIE FAIBLE;5;19.4;0
Ouessant;48.45;-5.09;27/09/2026;09:00;15.1;7;PLUIE FAIBLE;5;19.4;0
Ouessant;48.45;-5.09;27/09/2026;10:00;16.1;7;PLUIE FAIBLE;5;20.2;0
Ouessant;48.45;-5.09;27/09/2026;11:00;20.1;6;AVERSES;6;23.0;0
Ouessant;48.45;-5.09;27/09/2026;12:00;20.1;6;AVERSES;6;29.2;0
Ouessant;48.45;-5.09;27/09/2026;13:00;20.1;6;AVERSES;6;34.2;0
Ouessant;48.45;-5.09;27/09/2026;14:00;19.9;7;PLUIE FAIBLE;5;40.7;0
Ouessant;48.45;-5.09;27/09/2026;15:00;20.9;7;PLUIE FAIBLE;5;45.4;0
Ouessant;48.45;-5.09;27/09/2026;16:00;19.9;7;PLUIE FAIBLE;5;44.3;0
Ouessant;48.45;-5.09;27/09/2026;17:00;17.4;7;PLUIE FAIBLE;3;42.8;0
Ouessant;48.45;-5.09;27/09/2026;18:00;17.4;7;PLUIE FAIBLE;3;41.4;0
Ouessant;48.45;-5.09;27/09/2026;19:00;17.4;7;PLUIE FAIBLE;3;39.2;0
Ouessant;48.45;-5.09;27/09/2026;20:00;16.1;7;PLUIE FAIBLE;5;35.6;0
Ouessant;48.45;-5.09;27/09/2026;21:00;15.1;7;PLUIE FAIBLE;5;29.5;0
Ouessant;48.45;-5.09;27/09/2026;22:00;14.1;7;PLUIE FAIBLE;5;22.3;0
Ouessant;48.45;-5.09;27/09/2026;23:00;14.5;2;NUAGEUX;3;16.9;0
Ouessant;48.45;-5.09;28/09/2026;00:00;14.5;2;NUAGEUX;3;15.8;0
Ouessant;48.45;-5.09;28/09/2026;01:00;14.5;2;NUAGEUX;3;16.9;0
Ouessant;48.45;-5.09;28/09/2026;02:00;12.2;7;PLUIE FAIBLE;5;16.9;0
Ouessant;48.45;-5.09;28/09/2026;03:00;12.2;7;PLUIE FAIBLE;5;14.8;0
Ouessant;48.45;-5.09;28/09/2026;04:00;12.2;7;PLUIE FAIBLE;5;11.9;0
Ouessant;48.45;-5.09;28/09/2026;05:00;12.9;2;NUAGEUX;2;9.7;0
Ouessant;48.45;-5.09;28/09/2026;06:00;12.9;2;NUAGEUX;2;9.0;0
Ouessant;48.45;-5.09;28/09/2026;07:00;12.9;2;NUAGEUX;2;9.4;0
Ouessant;48.45;-5.09;28/09/2026;08:00;14.2;7;PLUIE FAIBLE;5;9.7;0
Ouessant;48.45;-5.09;28/09/2026;09:00;15.2;7;PLUIE FAIBLE;5;10.1;0
Ouessant;48.45;-5.09;28/09/2026;10:00;16.2;7;PLUIE FAIBLE;5;10.8;0
Ouessant;48.45;-5.09;28/09/2026;11:00;20.1;7;PLUIE FAIBLE;5;12.2;0
Ouessant;48.45;-5.09;28/09/2026;12:00;20.1;7;PLUIE FAIBLE;5;14.8;0
Ouessant;48.45;-5.09;28/09/2026;13:00;20.1;7;PLUIE FAIBLE;5;17.6;0
Ouessant;48.45;-5.09;28/09/2026;14:00;20.1;7;PLUIE FAIBLE;5;20.5;0
Ouessant;48.45;-5.09;28/09/2026;15:00;21.1;7;PLUIE FAIBLE;5;23.0;0
Ouessant;48.45;-5.09;28/09/2026;16:00;20.1;7;PLUIE FAIBLE;5;25.6;0
Ouessant;48.45;-5.09;28/09/2026;17:00;18.1;7;PLUIE FAIBLE;6;27.7;0
Ouessant;48.45;-5.09;28/09/2026;18:00;18.1;7;PLUIE FAIBLE;6;29.2;0
Ouessant;48.45;-5.09;28/09/2026;19:00;18.1;7;PLUIE FAIBLE;6;30.6;0
Ouessant;48.45;-5.09;28/09/2026;20:00;16.2;7;PLUIE FAIBLE;5;31.3;0
Ouessant;48.45;-5.09;28/09/2026;21:00;15.2;7;PLUIE FAIBLE;5;31.0;0
Ouessant;48.45;-5.09;28/09/2026;22:00;14.2;7;PLUIE FAIBLE;5;30.2;0
Ouessant;48.45;-5.09;28/09/2026;23:00;16.6;2;NUAGEUX;7;31.3;0
Quimper;47.99;-4.09;24/09/2026;00:00;15.1;0;SOLEIL;4;26.3;0
Quimper;47.99;-4.09;24/09/2026;01:00;15.1;0;SOLEIL;4;26.6;0
Quimper;47.99;-4.09;24/09/2026;02:00;15.1;0;SOLEIL;4;25.9;0
Quimper;47.99;-4.09;24/09/2026;03:00;14.5;0;SOLEIL;4;22.7;0
Quimper;47.99;-4.09;24/09/2026;04:00;14;5;SOLEIL VOILÉ;4;21.6;0
Quimper;47.99;-4.09;24/09/2026;05:00;13.7;5;SOLEIL VOILÉ;3;20.5;0
Quimper;47.99;-4.09;24/09/2026;06:00;13.7;5;SOLEIL VOILÉ;3;19.8;0
Quimper;47.99;-4.09;24/09/2026;07:00;14.4;5;SOLEIL VOILÉ;4;16.6;0
Quimper;47.99;-4.09;24/09/2026;08:00;15.6;5;SOLEIL VOILÉ;4;14.4;0
Quimper;47.99;-4.09;24/09/2026;09:00;17.7;5;SOLEIL VOILÉ;4;14.8;0
Quimper;47.99;-4.09;24/09/2026;10:00;19.5;5;SOLEIL VOILÉ;4;15.1;0
Quimper;47.99;-4.09;24/09/2026;11:00;21.6;5;SOLEIL VOILÉ;4;16.6;0
Quimper;47.99;-4.09;24/09/2026;12:00;21.4;5;SOLEIL VOILÉ;3;19.8;0
Quimper;47.99;-4.09;24/09/2026;13:00;22.4;5;SOLEIL VOILÉ;3;20.5;0
Quimper;47.99;-4.09;24/09/2026;14:00;22.2;5;SOLEIL VOILÉ;3;19.8;0
Quimper;47.99;-4.09;24/09/2026;15:00;21.7;0;SOLEIL;4;15.8;0
Quimper;47.99;-4.09;24/09/2026;16:00;20.6;0;SOLEIL;2;18.4;0
Quimper;47.99;-4.09;24/09/2026;17:00;20;0;SOLEIL;3;19.1;0
Quimper;47.99;-4.09;24/09/2026;18:00;19.1;0;SOLEIL;3;17.3;0
Quimper;47.99;-4.09;24/09/2026;19:00;18;0;SOLEIL;3;14.0;0
Quimper;47.99;-4.09;24/09/2026;20:00;18.6;0;SOLEIL;3;10.8;0
Quimper;47.99;-4.09;24/09/2026;21:00;18;0;SOLEIL;2;5.0;0
Quimper;47.99;-4.09;24/09/2026;22:00;18.6;0;SOLEIL;3;2.5;0
Quimper;47.99;-4.09;24/09/2026;23:00;17.7;0;SOLEIL;3;3.2;0
Quimper;47.99;-4.09;25/09/2026;00:00;17.1;0;SOLEIL;3;5.4;0
Quimper;47.99;-4.09;25/09/2026;01:00;17.1;0;SOLEIL;3;6.5;0
Quimper;47.99;-4.09;25/09/2026;02:00;16.1;0;SOLEIL;3;8.6;0
Quimper;47.99;-4.09;25/09/2026;03:00;16.1;0;SOLEIL;3;11.5;0
Quimper;47.99;-4.09;25/09/2026;04:00;16.1;0;SOLEIL;3;15.5;0
Quimper;47.99;-4.09;25/09/2026;05:00;15.6;0;SOLEIL;4;20.9;0
Quimper;47.99;-4.09;25/09/2026;06:00;15.6;0;SOLEIL;4;21.6;0
Quimper;47.99;-4.09;25/09/2026;07:00;15.6;0;SOLEIL;4;22.7;0
Quimper;47.99;-4.09;25/09/2026;08:00;17.6;0;SOLEIL;4;23.4;0
Quimper;47.99;-4.09;25/09/2026;09:00;17.6;0;SOLEIL;4;22.9;0
Quimper;47.99;-4.09;25/09/2026;10:00;17.6;0;SOLEIL;4;21.2;0
Quimper;47.99;-4.09;25/09/2026;11:00;18.6;2;NUAGEUX;5;19.4;0
Quimper;47.99;-4.09;25/09/2026;12:00;18.6;2;NUAGEUX;5;19.4;0
Quimper;47.99;-4.09;25/09/2026;13:00;18.6;2;NUAGEUX;5;19.1;0
Quimper;47.99;-4.09;25/09/2026;14:00;18.7;0;SOLEIL;6;22.3;0
Quimper;47.99;-4.09;25/09/2026;15:00;18.7;0;SOLEIL;6;22.0;0
Quimper;47.99;-4.09;25/09/2026;16:00;18.7;0;SOLEIL;6;20.2;0
Quimper;47.99;-4.09;25/09/2026;17:00;16.9;0;SOLEIL;6;19.1;0
Quimper;47.99;-4.09;25/09/2026;18:00;16.9;0;SOLEIL;6;19.1;0
Quimper;47.99;-4.09;25/09/2026;19:00;16.9;0;SOLEIL;6;16.9;0
Quimper;47.99;-4.09;25/09/2026;20:00;15.7;5;SOLEIL VOILÉ;6;32.8;0
Quimper;47.99;-4.09;25/09/2026;21:00;15.7;5;SOLEIL VOILÉ;6;34.6;0
Quimper;47.99;-4.09;25/09/2026;22:00;15.7;5;SOLEIL VOILÉ;6;33.5;0
Quimper;47.99;-4.09;25/09/2026;23:00;15.9;5;SOLEIL VOILÉ;7;22.0;0
Quimper;47.99;-4.09;26/09/2026;00:00;15.9;5;SOLEIL VOILÉ;7;22.3;0
Quimper;47.99;-4.09;26/09/2026;01:00;15.9;5;SOLEIL VOILÉ;7;32.8;0
Quimper;47.99;-4.09;26/09/2026;02:00;15.2;5;SOLEIL VOILÉ;7;33.1;0
Quimper;47.99;-4.09;26/09/2026;03:00;15.2;5;SOLEIL VOILÉ;7;30.6;0
Quimper;47.99;-4.09;26/09/2026;04:00;15.2;5;SOLEIL VOILÉ;7;29.9;0
Quimper;47.99;-4.09;26/09/2026;05:00;14.6;5;SOLEIL VOILÉ;6;27.4;0
Quimper;47.99;-4.09;26/09/2026;06:00;14.6;5;SOLEIL VOILÉ;6;26.6;0
Quimper;47.99;-4.09;26/09/2026;07:00;14.6;5;SOLEIL VOILÉ;6;24.8;0
Quimper;47.99;-4.09;26/09/2026;08:00;17.1;5;SOLEIL VOILÉ;5;22.3;0
Quimper;47.99;-4.09;26/09/2026;09:00;17.1;5;SOLEIL VOILÉ;5;20.5;0
Quimper;47.99;-4.09;26/09/2026;10:00;17.1;5;SOLEIL VOILÉ;5;19.1;0
Quimper;47.99;-4.09;26/09/2026;11:00;18.4;5;SOLEIL VOILÉ;5;18.0;0
Quimper;47.99;-4.09;26/09/2026;12:00;18.4;5;SOLEIL VOILÉ;5;16.9;0
Quimper;47.99;-4.09;26/09/2026;13:00;18.4;5;SOLEIL VOILÉ;5;17.6;0
Quimper;47.99;-4.09;26/09/2026;14:00;17.5;5;SOLEIL VOILÉ;6;18.4;0
Quimper;47.99;-4.09;26/09/2026;15:00;17.5;5;SOLEIL VOILÉ;6;18.0;0
Quimper;47.99;-4.09;26/09/2026;16:00;17.5;5;SOLEIL VOILÉ;6;20.2;0
Quimper;47.99;-4.09;26/09/2026;17:00;16.7;5;SOLEIL VOILÉ;5;23.4;0
Quimper;47.99;-4.09;26/09/2026;18:00;16.7;5;SOLEIL VOILÉ;5;24.8;0
Quimper;47.99;-4.09;26/09/2026;19:00;16.7;5;SOLEIL VOILÉ;5;27.4;0
Quimper;47.99;-4.09;26/09/2026;20:00;16.3;5;SOLEIL VOILÉ;5;31.0;0
Quimper;47.99;-4.09;26/09/2026;21:00;15.8;5;SOLEIL VOILÉ;5;33.1;0
Quimper;47.99;-4.09;26/09/2026;22:00;15.2;5;SOLEIL VOILÉ;5;33.5;0
Quimper;47.99;-4.09;26/09/2026;23:00;15.5;2;NUAGEUX;4;31.0;0
Quimper;47.99;-4.09;27/09/2026;00:00;15.5;2;NUAGEUX;4;27.4;0
Quimper;47.99;-4.09;27/09/2026;01:00;15.5;2;NUAGEUX;4;28.8;0
Quimper;47.99;-4.09;27/09/2026;02:00;14.1;7;PLUIE FAIBLE;5;31.7;0
Quimper;47.99;-4.09;27/09/2026;03:00;14.1;7;PLUIE FAIBLE;5;33.5;0
Quimper;47.99;-4.09;27/09/2026;04:00;14.1;7;PLUIE FAIBLE;5;33.5;0
Quimper;47.99;-4.09;27/09/2026;05:00;15.9;7;PLUIE FAIBLE;7;29.2;0
Quimper;47.99;-4.09;27/09/2026;06:00;15.9;7;PLUIE FAIBLE;7;25.9;0
Quimper;47.99;-4.09;27/09/2026;07:00;15.9;7;PLUIE FAIBLE;7;28.1;0
Quimper;47.99;-4.09;27/09/2026;08:00;15.1;7;PLUIE FAIBLE;5;30.6;0
Quimper;47.99;-4.09;27/09/2026;09:00;15.6;7;PLUIE FAIBLE;5;34.6;0
Quimper;47.99;-4.09;27/09/2026;10:00;16.1;7;PLUIE FAIBLE;5;36.7;0
Quimper;47.99;-4.09;27/09/2026;11:00;17.9;7;PLUIE FAIBLE;7;37.8;0
Quimper;47.99;-4.09;27/09/2026;12:00;17.9;7;PLUIE FAIBLE;7;39.2;0
Quimper;47.99;-4.09;27/09/2026;13:00;17.9;7;PLUIE FAIBLE;7;40.9;0
Quimper;47.99;-4.09;27/09/2026;14:00;18.0;7;PLUIE FAIBLE;5;41.4;0
Quimper;47.99;-4.09;27/09/2026;15:00;18.5;7;PLUIE FAIBLE;5;38.2;0
Quimper;47.99;-4.09;27/09/2026;16:00;18.0;7;PLUIE FAIBLE;5;33.8;0
Quimper;47.99;-4.09;27/09/2026;17:00;16.5;2;NUAGEUX;5;30.2;0
Quimper;47.99;-4.09;27/09/2026;18:00;16.5;2;NUAGEUX;5;28.4;0
Quimper;47.99;-4.09;27/09/2026;19:00;16.5;2;NUAGEUX;5;27.0;0
Quimper;47.99;-4.09;27/09/2026;20:00;16.1;7;PLUIE FAIBLE;5;25.6;0
Quimper;47.99;-4.09;27/09/2026;21:00;15.6;7;PLUIE FAIBLE;5;23.4;0
Quimper;47.99;-4.09;27/09/2026;22:00;15.1;7;PLUIE FAIBLE;5;20.9;0
Quimper;47.99;-4.09;27/09/2026;23:00;15.1;7;PLUIE FAIBLE;4;18.7;0
Quimper;47.99;-4.09;28/09/2026;00:00;15.1;7;PLUIE FAIBLE;4;16.9;0
Quimper;47.99;-4.09;28/09/2026;01:00;15.1;7;PLUIE FAIBLE;4;15.1;0
Quimper;47.99;-4.09;28/09/2026;02:00;14.1;2;NUAGEUX;5;13.7;0
Quimper;47.99;-4.09;28/09/2026;03:00;14.1;2;NUAGEUX;5;12.6;0
Quimper;47.99;-4.09;28/09/2026;04:00;14.1;2;NUAGEUX;5;11.9;0
Quimper;47.99;-4.09;28/09/2026;05:00;14.7;2;NUAGEUX;4;11.5;0
Quimper;47.99;-4.09;28/09/2026;06:00;14.7;2;NUAGEUX;4;12.2;0
Quimper;47.99;-4.09;28/09/2026;07:00;14.7;2;NUAGEUX;4;13.3;0
Quimper;47.99;-4.09;28/09/2026;08:00;15.1;2;NUAGEUX;5;14.8;0
Quimper;47.99;-4.09;28/09/2026;09:00;15.6;2;NUAGEUX;5;16.2;0
Quimper;47.99;-4.09;28/09/2026;10:00;16.1;2;NUAGEUX;5;17.3;0
Quimper;47.99;-4.09;28/09/2026;11:00;17.5;0;SOLEIL;6;18.4;0
Quimper;47.99;-4.09;28/09/2026;12:00;17.5;0;SOLEIL;6;18.7;0
Quimper;47.99;-4.09;28/09/2026;13:00;17.5;0;SOLEIL;6;18.7;0
Quimper;47.99;-4.09;28/09/2026;14:00;18.0;2;NUAGEUX;5;18.0;0
Quimper;47.99;-4.09;28/09/2026;15:00;18.5;2;NUAGEUX;5;15.5;0
Quimper;47.99;-4.09;28/09/2026;16:00;18.0;2;NUAGEUX;5;12.6;0
Quimper;47.99;-4.09;28/09/2026;17:00;16.6;2;NUAGEUX;9;12.6;0
Quimper;47.99;-4.09;28/09/2026;18:00;16.6;2;NUAGEUX;9;17.6;0
Quimper;47.99;-4.09;28/09/2026;19:00;16.6;2;NUAGEUX;9;25.9;0
Quimper;47.99;-4.09;28/09/2026;20:00;16.1;2;NUAGEUX;5;32.4;0
Quimper;47.99;-4.09;28/09/2026;21:00;15.6;2;NUAGEUX;5;35.6;0
Quimper;47.99;-4.09;28/09/2026;22:00;15.1;2;NUAGEUX;5;37.8;0
Quimper;47.99;-4.09;28/09/2026;23:00;16.6;2;NUAGEUX;12;40.0;0
Fougères;48.35;-1.2;24/09/2026;00:00;13.6;0;SOLEIL;2;23.0;0
Fougères;48.35;-1.2;24/09/2026;01:00;13.4;0;SOLEIL;2;19.1;0
Fougères;48.35;-1.2;24/09/2026;02:00;13.1;0;SOLEIL;2;17.3;0
Fougères;48.35;-1.2;24/09/2026;03:00;12.2;0;SOLEIL;1;16.6;0
Fougères;48.35;-1.2;24/09/2026;04:00;12.2;0;SOLEIL;1;15.5;0
Fougères;48.35;-1.2;24/09/2026;05:00;12.1;5;SOLEIL VOILÉ;1;10.4;0
Fougères;48.35;-1.2;24/09/2026;06:00;11.7;5;SOLEIL VOILÉ;1;9.0;0
Fougères;48.35;-1.2;24/09/2026;07:00;13.4;5;SOLEIL VOILÉ;1;8.3;0
Fougères;48.35;-1.2;24/09/2026;08:00;17;5;SOLEIL VOILÉ;2;9.0;0
Fougères;48.35;-1.2;24/09/2026;09:00;20.6;5;SOLEIL VOILÉ;3;11.2;0
Fougères;48.35;-1.2;24/09/2026;10:00;24;5;SOLEIL VOILÉ;3;19.1;0
Fougères;48.35;-1.2;24/09/2026;11:00;26.6;5;SOLEIL VOILÉ;3;20.2;0
Fougères;48.35;-1.2;24/09/2026;12:00;26.7;5;SOLEIL VOILÉ;4;22.7;0
Fougères;48.35;-1.2;24/09/2026;13:00;27.6;5;SOLEIL VOILÉ;4;25.9;0
Fougères;48.35;-1.2;24/09/2026;14:00;27.9;5;SOLEIL VOILÉ;4;31.0;0
Fougères;48.35;-1.2;24/09/2026;15:00;27.6;5;SOLEIL VOILÉ;3;32.0;0
Fougères;48.35;-1.2;24/09/2026;16:00;27.9;5;SOLEIL VOILÉ;3;32.0;0
Fougères;48.35;-1.2;24/09/2026;17:00;25.6;0;SOLEIL;3;31.0;0
Fougères;48.35;-1.2;24/09/2026;18:00;22.9;0;SOLEIL;2;27.7;0
Fougères;48.35;-1.2;24/09/2026;19:00;20.2;0;SOLEIL;1;22.3;0
Fougères;48.35;-1.2;24/09/2026;20:00;18.7;0;SOLEIL;2;17.6;0
Fougères;48.35;-1.2;24/09/2026;21:00;17.1;0;SOLEIL;1;11.5;0
Fougères;48.35;-1.2;24/09/2026;22:00;16.6;0;SOLEIL;1;9.0;0
Fougères;48.35;-1.2;24/09/2026;23:00;15.5;0;SOLEIL;1;7.9;0
Fougères;48.35;-1.2;25/09/2026;00:00;14.2;0;SOLEIL;1;9.0;0
Fougères;48.35;-1.2;25/09/2026;01:00;14.2;0;SOLEIL;1;10.8;0
Fougères;48.35;-1.2;25/09/2026;02:00;12.5;0;SOLEIL;2;10.8;0
Fougères;48.35;-1.2;25/09/2026;03:00;12.5;0;SOLEIL;2;9.0;0
Fougères;48.35;-1.2;25/09/2026;04:00;12.5;0;SOLEIL;2;5.4;0
Fougères;48.35;-1.2;25/09/2026;05:00;12.4;0;SOLEIL;2;6.8;0
Fougères;48.35;-1.2;25/09/2026;06:00;12.4;0;SOLEIL;2;9.4;0
Fougères;48.35;-1.2;25/09/2026;07:00;12.4;0;SOLEIL;2;10.8;0
Fougères;48.35;-1.2;25/09/2026;08:00;19.1;0;SOLEIL;3;14.4;0
Fougères;48.35;-1.2;25/09/2026;09:00;19.1;0;SOLEIL;3;14.2;0
Fougères;48.35;-1.2;25/09/2026;10:00;19.1;0;SOLEIL;3;13.9;0
Fougères;48.35;-1.2;25/09/2026;11:00;24.1;0;SOLEIL;3;23.0;0
Fougères;48.35;-1.2;25/09/2026;12:00;24.1;0;SOLEIL;3;22.7;0
Fougères;48.35;-1.2;25/09/2026;13:00;24.1;0;SOLEIL;3;24.5;0
Fougères;48.35;-1.2;25/09/2026;14:00;22.6;0;SOLEIL;3;24.8;0
Fougères;48.35;-1.2;25/09/2026;15:00;22.6;0;SOLEIL;3;26.6;0
Fougères;48.35;-1.2;25/09/2026;16:00;22.6;0;SOLEIL;3;30.2;0
Fougères;48.35;-1.2;25/09/2026;17:00;16.5;0;SOLEIL;5;30.6;0
Fougères;48.35;-1.2;25/09/2026;18:00;16.5;0;SOLEIL;5;31.3;0
Fougères;48.35;-1.2;25/09/2026;19:00;16.5;0;SOLEIL;5;35.3;0
Fougères;48.35;-1.2;25/09/2026;20:00;15.1;0;SOLEIL;4;35.3;0
Fougères;48.35;-1.2;25/09/2026;21:00;15.1;0;SOLEIL;4;34.6;0
Fougères;48.35;-1.2;25/09/2026;22:00;15.1;0;SOLEIL;4;27.4;0
Fougères;48.35;-1.2;25/09/2026;23:00;15.5;2;NUAGEUX;4;23.0;0
Fougères;48.35;-1.2;26/09/2026;00:00;15.5;2;NUAGEUX;4;28.4;0
Fougères;48.35;-1.2;26/09/2026;01:00;15.5;2;NUAGEUX;4;25.2;0
Fougères;48.35;-1.2;26/09/2026;02:00;14.4;5;SOLEIL VOILÉ;4;19.4;0
Fougères;48.35;-1.2;26/09/2026;03:00;14.4;5;SOLEIL VOILÉ;4;24.1;0
Fougères;48.35;-1.2;26/09/2026;04:00;14.4;5;SOLEIL VOILÉ;4;24.1;0
Fougères;48.35;-1.2;26/09/2026;05:00;13.6;5;SOLEIL VOILÉ;3;22.0;0
Fougères;48.35;-1.2;26/09/2026;06:00;13.6;5;SOLEIL VOILÉ;3;20.5;0
Fougères;48.35;-1.2;26/09/2026;07:00;13.6;5;SOLEIL VOILÉ;3;18.7;0
Fougères;48.35;-1.2;26/09/2026;08:00;17.5;5;SOLEIL VOILÉ;3;16.9;0
Fougères;48.35;-1.2;26/09/2026;09:00;17.5;5;SOLEIL VOILÉ;3;14.8;0
Fougères;48.35;-1.2;26/09/2026;10:00;17.5;5;SOLEIL VOILÉ;3;13.0;0
Fougères;48.35;-1.2;26/09/2026;11:00;20.6;5;SOLEIL VOILÉ;3;22.0;0
Fougères;48.35;-1.2;26/09/2026;12:00;20.6;5;SOLEIL VOILÉ;3;23.0;0
Fougères;48.35;-1.2;26/09/2026;13:00;20.6;5;SOLEIL VOILÉ;3;23.0;0
Fougères;48.35;-1.2;26/09/2026;14:00;21.1;5;SOLEIL VOILÉ;3;22.7;0
Fougères;48.35;-1.2;26/09/2026;15:00;21.1;5;SOLEIL VOILÉ;3;22.3;0
Fougères;48.35;-1.2;26/09/2026;16:00;21.1;5;SOLEIL VOILÉ;3;22.3;0
Fougères;48.35;-1.2;26/09/2026;17:00;18.7;5;SOLEIL VOILÉ;4;22.0;0
Fougères;48.35;-1.2;26/09/2026;18:00;18.7;5;SOLEIL VOILÉ;4;18.7;0
Fougères;48.35;-1.2;26/09/2026;19:00;18.7;5;SOLEIL VOILÉ;4;14.8;0
Fougères;48.35;-1.2;26/09/2026;20:00;16.8;5;SOLEIL VOILÉ;5;12.6;0
Fougères;48.35;-1.2;26/09/2026;21:00;15.9;5;SOLEIL VOILÉ;5;9.0;0
Fougères;48.35;-1.2;26/09/2026;22:00;14.9;5;SOLEIL VOILÉ;5;4.3;0
Fougères;48.35;-1.2;26/09/2026;23:00;14.4;2;NUAGEUX;3;11.2;0
Fougères;48.35;-1.2;27/09/2026;00:00;14.4;2;NUAGEUX;3;13.0;0
Fougères;48.35;-1.2;27/09/2026;01:00;14.4;2;NUAGEUX;3;13.0;0
Fougères;48.35;-1.2;27/09/2026;02:00;12.6;6;AVERSES;5;15.1;0
Fougères;48.35;-1.2;27/09/2026;03:00;12.6;6;AVERSES;5;16.2;0
Fougères;48.35;-1.2;27/09/2026;04:00;12.6;6;AVERSES;5;16.2;0
Fougères;48.35;-1.2;27/09/2026;05:00;14.7;7;PLUIE FAIBLE;3;14.8;0
Fougères;48.35;-1.2;27/09/2026;06:00;14.7;7;PLUIE FAIBLE;3;13.7;0
Fougères;48.35;-1.2;27/09/2026;07:00;14.7;7;PLUIE FAIBLE;3;13.0;0
Fougères;48.35;-1.2;27/09/2026;08:00;14.3;6;AVERSES;5;13.0;0
Fougères;48.35;-1.2;27/09/2026;09:00;15.1;6;AVERSES;5;9.7;0
Fougères;48.35;-1.2;27/09/2026;10:00;16.0;6;AVERSES;5;9.4;0
Fougères;48.35;-1.2;27/09/2026;11:00;19.5;6;AVERSES;5;18.0;0
Fougères;48.35;-1.2;27/09/2026;12:00;19.5;6;AVERSES;5;22.1;0
Fougères;48.35;-1.2;27/09/2026;13:00;19.5;6;AVERSES;5;29.3;0
Fougères;48.35;-1.2;27/09/2026;14:00;19.4;6;AVERSES;5;34.2;0
Fougères;48.35;-1.2;27/09/2026;15:00;20.2;6;AVERSES;5;37.8;0
Fougères;48.35;-1.2;27/09/2026;16:00;19.4;6;AVERSES;5;37.1;0
Fougères;48.35;-1.2;27/09/2026;17:00;17.6;6;AVERSES;3;36.0;0
Fougères;48.35;-1.2;27/09/2026;18:00;17.6;6;AVERSES;3;34.9;0
Fougères;48.35;-1.2;27/09/2026;19:00;17.6;6;AVERSES;3;33.1;0
Fougères;48.35;-1.2;27/09/2026;20:00;16.0;6;AVERSES;5;29.9;0
Fougères;48.35;-1.2;27/09/2026;21:00;15.1;6;AVERSES;5;23.8;0
Fougères;48.35;-1.2;27/09/2026;22:00;14.3;6;AVERSES;5;16.6;0
Fougères;48.35;-1.2;27/09/2026;23:00;14.9;2;NUAGEUX;2;12.2;0
Fougères;48.35;-1.2;28/09/2026;00:00;14.9;2;NUAGEUX;2;13.3;0
Fougères;48.35;-1.2;28/09/2026;01:00;14.9;2;NUAGEUX;2;17.6;0
Fougères;48.35;-1.2;28/09/2026;02:00;12.4;7;PLUIE FAIBLE;5;20.2;0
Fougères;48.35;-1.2;28/09/2026;03:00;12.4;7;PLUIE FAIBLE;5;19.4;0
Fougères;48.35;-1.2;28/09/2026;04:00;12.4;7;PLUIE FAIBLE;5;17.6;0
Fougères;48.35;-1.2;28/09/2026;05:00;13.1;2;NUAGEUX;2;15.8;0
Fougères;48.35;-1.2;28/09/2026;06:00;13.1;2;NUAGEUX;2;14.4;0
Fougères;48.35;-1.2;28/09/2026;07:00;13.1;2;NUAGEUX;2;13.3;0
Fougères;48.35;-1.2;28/09/2026;08:00;14.2;7;PLUIE FAIBLE;5;13.3;0
Fougères;48.35;-1.2;28/09/2026;09:00;15.1;7;PLUIE FAIBLE;5;15.5;0
Fougères;48.35;-1.2;28/09/2026;10:00;16.0;7;PLUIE FAIBLE;5;18.7;0
Fougères;48.35;-1.2;28/09/2026;11:00;19.5;7;PLUIE FAIBLE;5;20.9;0
Fougères;48.35;-1.2;28/09/2026;12:00;19.5;7;PLUIE FAIBLE;5;20.9;0
Fougères;48.35;-1.2;28/09/2026;13:00;19.5;7;PLUIE FAIBLE;5;20.2;0
Fougères;48.35;-1.2;28/09/2026;14:00;19.7;7;PLUIE FAIBLE;5;20.9;0
Fougères;48.35;-1.2;28/09/2026;15:00;20.6;7;PLUIE FAIBLE;5;24.1;0
Fougères;48.35;-1.2;28/09/2026;16:00;19.7;7;PLUIE FAIBLE;5;28.8;0
Fougères;48.35;-1.2;28/09/2026;17:00;18.4;6;AVERSES;4;32.0;0
Fougères;48.35;-1.2;28/09/2026;18:00;18.4;6;AVERSES;4;33.1;0
Fougères;48.35;-1.2;28/09/2026;19:00;18.4;6;AVERSES;4;33.1;0
Fougères;48.35;-1.2;28/09/2026;20:00;16.0;7;PLUIE FAIBLE;5;32.4;0
Fougères;48.35;-1.2;28/09/2026;21:00;15.1;7;PLUIE FAIBLE;5;30.2;0
Fougères;48.35;-1.2;28/09/2026;22:00;14.2;7;PLUIE FAIBLE;5;27.7;0
Fougères;48.35;-1.2;28/09/2026;23:00;17.4;7;PLUIE FAIBLE;5;27.4;0
Redon;47.65;-2.08;24/09/2026;00:00;14.6;0;SOLEIL;2;9.0;0
Redon;47.65;-2.08;24/09/2026;01:00;14.4;5;SOLEIL VOILÉ;2;9.0;0
Redon;47.65;-2.08;24/09/2026;02:00;14.1;5;SOLEIL VOILÉ;2;8.3;0
Redon;47.65;-2.08;24/09/2026;03:00;13.9;5;SOLEIL VOILÉ;2;7.6;0
Redon;47.65;-2.08;24/09/2026;04:00;13.4;5;SOLEIL VOILÉ;2;8.3;0
Redon;47.65;-2.08;24/09/2026;05:00;13.1;5;SOLEIL VOILÉ;2;9.0;0
Redon;47.65;-2.08;24/09/2026;06:00;13.1;5;SOLEIL VOILÉ;2;8.6;0
Redon;47.65;-2.08;24/09/2026;07:00;14.5;5;SOLEIL VOILÉ;2;9.0;0
Redon;47.65;-2.08;24/09/2026;08:00;16.9;5;SOLEIL VOILÉ;3;9.0;0
Redon;47.65;-2.08;24/09/2026;09:00;19.5;5;SOLEIL VOILÉ;3;8.3;0
Redon;47.65;-2.08;24/09/2026;10:00;22.6;5;SOLEIL VOILÉ;3;9.0;0
Redon;47.65;-2.08;24/09/2026;11:00;24.4;5;SOLEIL VOILÉ;3;19.4;0
Redon;47.65;-2.08;24/09/2026;12:00;26.1;5;SOLEIL VOILÉ;3;22.0;0
Redon;47.65;-2.08;24/09/2026;13:00;27.1;5;SOLEIL VOILÉ;3;22.7;0
Redon;47.65;-2.08;24/09/2026;14:00;27.6;5;SOLEIL VOILÉ;3;22.7;0
Redon;47.65;-2.08;24/09/2026;15:00;28;5;SOLEIL VOILÉ;2;20.9;0
Redon;47.65;-2.08;24/09/2026;16:00;28.1;5;SOLEIL VOILÉ;1;17.3;0
Redon;47.65;-2.08;24/09/2026;17:00;28.2;5;SOLEIL VOILÉ;2;14.0;0
Redon;47.65;-2.08;24/09/2026;18:00;25.4;5;SOLEIL VOILÉ;2;10.8;0
Redon;47.65;-2.08;24/09/2026;19:00;23.4;5;SOLEIL VOILÉ;2;9.0;0
Redon;47.65;-2.08;24/09/2026;20:00;21.7;5;SOLEIL VOILÉ;1;6.5;0
Redon;47.65;-2.08;24/09/2026;21:00;20.1;5;SOLEIL VOILÉ;2;7.9;0
Redon;47.65;-2.08;24/09/2026;22:00;18.6;0;SOLEIL;2;9.7;0
Redon;47.65;-2.08;24/09/2026;23:00;18.5;0;SOLEIL;2;10.4;0
Redon;47.65;-2.08;25/09/2026;00:00;17.6;0;SOLEIL;2;10.4;0
Redon;47.65;-2.08;25/09/2026;01:00;17.6;0;SOLEIL;2;10.4;0
Redon;47.65;-2.08;25/09/2026;02:00;15.6;0;SOLEIL;3;9.7;0
Redon;47.65;-2.08;25/09/2026;03:00;15.6;0;SOLEIL;3;9.4;0
Redon;47.65;-2.08;25/09/2026;04:00;15.6;0;SOLEIL;3;9.0;0
Redon;47.65;-2.08;25/09/2026;05:00;14.7;0;SOLEIL;4;9.7;0
Redon;47.65;-2.08;25/09/2026;06:00;14.7;0;SOLEIL;4;10.1;0
Redon;47.65;-2.08;25/09/2026;07:00;14.7;0;SOLEIL;4;10.1;0
Redon;47.65;-2.08;25/09/2026;08:00;22;0;SOLEIL;3;9.4;0
Redon;47.65;-2.08;25/09/2026;09:00;22;0;SOLEIL;3;10.6;0
Redon;47.65;-2.08;25/09/2026;10:00;22;0;SOLEIL;3;16.9;0
Redon;47.65;-2.08;25/09/2026;11:00;29.1;0;SOLEIL;4;22.0;0
Redon;47.65;-2.08;25/09/2026;12:00;29.1;0;SOLEIL;4;22.7;0
Redon;47.65;-2.08;25/09/2026;13:00;29.1;0;SOLEIL;4;24.1;0
Redon;47.65;-2.08;25/09/2026;14:00;29.9;0;SOLEIL;4;23.8;0
Redon;47.65;-2.08;25/09/2026;15:00;29.9;0;SOLEIL;4;22.3;0
Redon;47.65;-2.08;25/09/2026;16:00;29.9;0;SOLEIL;4;23.0;0
Redon;47.65;-2.08;25/09/2026;17:00;26.1;0;SOLEIL;2;26.3;0
Redon;47.65;-2.08;25/09/2026;18:00;26.1;0;SOLEIL;2;35.6;0
Redon;47.65;-2.08;25/09/2026;19:00;26.1;0;SOLEIL;2;36.4;0
Redon;47.65;-2.08;25/09/2026;20:00;17.6;0;SOLEIL;4;34.2;0
Redon;47.65;-2.08;25/09/2026;21:00;17.6;0;SOLEIL;4;30.6;0
Redon;47.65;-2.08;25/09/2026;22:00;17.6;0;SOLEIL;4;30.6;0
Redon;47.65;-2.08;25/09/2026;23:00;16.1;2;NUAGEUX;4;27.0;0
Redon;47.65;-2.08;26/09/2026;00:00;16.1;2;NUAGEUX;4;24.5;0
Redon;47.65;-2.08;26/09/2026;01:00;16.1;2;NUAGEUX;4;23.0;0
Redon;47.65;-2.08;26/09/2026;02:00;16;0;SOLEIL;4;20.9;0
Redon;47.65;-2.08;26/09/2026;03:00;16;0;SOLEIL;4;13.7;0
Redon;47.65;-2.08;26/09/2026;04:00;16;0;SOLEIL;4;14.8;0
Redon;47.65;-2.08;26/09/2026;05:00;14.6;2;NUAGEUX;3;11.2;0
Redon;47.65;-2.08;26/09/2026;06:00;14.6;2;NUAGEUX;3;11.2;0
Redon;47.65;-2.08;26/09/2026;07:00;14.6;2;NUAGEUX;3;11.2;0
Redon;47.65;-2.08;26/09/2026;08:00;18.4;2;NUAGEUX;4;9.0;0
Redon;47.65;-2.08;26/09/2026;09:00;18.4;2;NUAGEUX;4;6.8;0
Redon;47.65;-2.08;26/09/2026;10:00;18.4;2;NUAGEUX;4;9.7;0
Redon;47.65;-2.08;26/09/2026;11:00;22.1;2;NUAGEUX;3;16.9;0
Redon;47.65;-2.08;26/09/2026;12:00;22.1;2;NUAGEUX;3;16.9;0
Redon;47.65;-2.08;26/09/2026;13:00;22.1;2;NUAGEUX;3;14.0;0
Redon;47.65;-2.08;26/09/2026;14:00;22.1;2;NUAGEUX;3;11.5;0
Redon;47.65;-2.08;26/09/2026;15:00;22.1;2;NUAGEUX;3;10.4;0
Redon;47.65;-2.08;26/09/2026;16:00;22.1;2;NUAGEUX;3;10.1;0
Redon;47.65;-2.08;26/09/2026;17:00;19.9;0;SOLEIL;3;9.7;0
Redon;47.65;-2.08;26/09/2026;18:00;19.9;0;SOLEIL;3;9.7;0
Redon;47.65;-2.08;26/09/2026;19:00;19.9;0;SOLEIL;3;9.7;0
Redon;47.65;-2.08;26/09/2026;20:00;18.3;2;NUAGEUX;5;11.2;0
Redon;47.65;-2.08;26/09/2026;21:00;17.3;2;NUAGEUX;5;14.8;0
Redon;47.65;-2.08;26/09/2026;22:00;16.2;2;NUAGEUX;5;19.4;0
Redon;47.65;-2.08;26/09/2026;23:00;14.5;0;SOLEIL;3;22.7;0
Redon;47.65;-2.08;27/09/2026;00:00;14.5;0;SOLEIL;3;23.0;0
Redon;47.65;-2.08;27/09/2026;01:00;14.5;0;SOLEIL;3;21.6;0
Redon;47.65;-2.08;27/09/2026;02:00;13.1;7;PLUIE FAIBLE;5;20.5;0
Redon;47.65;-2.08;27/09/2026;03:00;13.1;7;PLUIE FAIBLE;5;20.5;0
Redon;47.65;-2.08;27/09/2026;04:00;13.1;7;PLUIE FAIBLE;5;20.5;0
Redon;47.65;-2.08;27/09/2026;05:00;13.9;2;NUAGEUX;3;20.5;0
Redon;47.65;-2.08;27/09/2026;06:00;13.9;2;NUAGEUX;3;19.8;0
Redon;47.65;-2.08;27/09/2026;07:00;13.9;2;NUAGEUX;3;18.7;0
Redon;47.65;-2.08;27/09/2026;08:00;15.1;7;PLUIE FAIBLE;5;18.7;0
Redon;47.65;-2.08;27/09/2026;09:00;16.1;7;PLUIE FAIBLE;5;21.2;0
Redon;47.65;-2.08;27/09/2026;10:00;17.1;7;PLUIE FAIBLE;5;24.8;0
Redon;47.65;-2.08;27/09/2026;11:00;21.1;2;NUAGEUX;4;28.1;0
Redon;47.65;-2.08;27/09/2026;12:00;21.1;2;NUAGEUX;4;30.2;0
Redon;47.65;-2.08;27/09/2026;13:00;21.1;2;NUAGEUX;4;32.0;0
Redon;47.65;-2.08;27/09/2026;14:00;21.2;7;PLUIE FAIBLE;5;32.8;0
Redon;47.65;-2.08;27/09/2026;15:00;22.2;7;PLUIE FAIBLE;5;32.4;0
Redon;47.65;-2.08;27/09/2026;16:00;21.2;7;PLUIE FAIBLE;5;30.6;0
Redon;47.65;-2.08;27/09/2026;17:00;19.1;7;PLUIE FAIBLE;3;29.2;0
Redon;47.65;-2.08;27/09/2026;18:00;19.1;7;PLUIE FAIBLE;3;27.7;0
Redon;47.65;-2.08;27/09/2026;19:00;19.1;7;PLUIE FAIBLE;3;26.3;0
Redon;47.65;-2.08;27/09/2026;20:00;17.1;7;PLUIE FAIBLE;5;24.1;0
Redon;47.65;-2.08;27/09/2026;21:00;16.1;7;PLUIE FAIBLE;5;20.9;0
Redon;47.65;-2.08;27/09/2026;22:00;15.1;7;PLUIE FAIBLE;5;17.6;0
Redon;47.65;-2.08;27/09/2026;23:00;15.9;7;PLUIE FAIBLE;2;15.5;0
Redon;47.65;-2.08;28/09/2026;00:00;15.9;7;PLUIE FAIBLE;2;16.6;0
Redon;47.65;-2.08;28/09/2026;01:00;15.9;7;PLUIE FAIBLE;2;18.7;0
Redon;47.65;-2.08;28/09/2026;02:00;13.6;2;NUAGEUX;5;19.8;0
Redon;47.65;-2.08;28/09/2026;03:00;13.6;2;NUAGEUX;5;18.0;0
Redon;47.65;-2.08;28/09/2026;04:00;13.6;2;NUAGEUX;5;14.8;0
Redon;47.65;-2.08;28/09/2026;05:00;14.1;7;PLUIE FAIBLE;2;11.9;0
Redon;47.65;-2.08;28/09/2026;06:00;14.1;7;PLUIE FAIBLE;2;10.4;0
Redon;47.65;-2.08;28/09/2026;07:00;14.1;7;PLUIE FAIBLE;2;9.7;0
Redon;47.65;-2.08;28/09/2026;08:00;15.6;2;NUAGEUX;5;9.3;0
Redon;47.65;-2.08;28/09/2026;09:00;16.6;2;NUAGEUX;5;15.8;0
Redon;47.65;-2.08;28/09/2026;10:00;17.6;2;NUAGEUX;5;23.0;0
Redon;47.65;-2.08;28/09/2026;11:00;20.2;6;AVERSES;4;28.1;0
Redon;47.65;-2.08;28/09/2026;12:00;20.2;6;AVERSES;4;28.4;0
Redon;47.65;-2.08;28/09/2026;13:00;20.2;6;AVERSES;4;26.6;0
Redon;47.65;-2.08;28/09/2026;14:00;21.6;2;NUAGEUX;5;24.5;0
Redon;47.65;-2.08;28/09/2026;15:00;22.6;2;NUAGEUX;5;22.3;0
Redon;47.65;-2.08;28/09/2026;16:00;21.6;2;NUAGEUX;5;19.8;0
Redon;47.65;-2.08;28/09/2026;17:00;19.6;2;NUAGEUX;3;17.6;0
Redon;47.65;-2.08;28/09/2026;18:00;19.6;2;NUAGEUX;3;15.8;0
Redon;47.65;-2.08;28/09/2026;19:00;19.6;2;NUAGEUX;3;14.4;0
Redon;47.65;-2.08;28/09/2026;20:00;17.6;2;NUAGEUX;5;13.7;0
Redon;47.65;-2.08;28/09/2026;21:00;16.6;2;NUAGEUX;5;14.4;0
Redon;47.65;-2.08;28/09/2026;22:00;15.6;2;NUAGEUX;5;16.2;0
Redon;47.65;-2.08;28/09/2026;23:00;18;2;NUAGEUX;5;18.0;0
Rennes;48.11;-1.67;24/09/2026;00:00;15.1;0;SOLEIL;2;20.2;0
Rennes;48.11;-1.67;24/09/2026;01:00;15.1;0;SOLEIL;2;16.6;0
Rennes;48.11;-1.67;24/09/2026;02:00;14.6;5;SOLEIL VOILÉ;2;19.1;0
Rennes;48.11;-1.67;24/09/2026;03:00;14.1;0;SOLEIL;2;17.6;0
Rennes;48.11;-1.67;24/09/2026;04:00;13.7;5;SOLEIL VOILÉ;2;16.2;0
Rennes;48.11;-1.67;24/09/2026;05:00;13.2;5;SOLEIL VOILÉ;2;14.4;0
Rennes;48.11;-1.67;24/09/2026;06:00;13.1;5;SOLEIL VOILÉ;2;13.3;0
Rennes;48.11;-1.67;24/09/2026;07:00;14.1;5;SOLEIL VOILÉ;2;13.0;0
Rennes;48.11;-1.67;24/09/2026;08:00;16.5;5;SOLEIL VOILÉ;3;9.0;0
Rennes;48.11;-1.67;24/09/2026;09:00;20.1;5;SOLEIL VOILÉ;3;11.5;0
Rennes;48.11;-1.67;24/09/2026;10:00;23.5;5;SOLEIL VOILÉ;3;19.1;0
Rennes;48.11;-1.67;24/09/2026;11:00;26.6;5;SOLEIL VOILÉ;3;22.3;0
Rennes;48.11;-1.67;24/09/2026;12:00;28.5;5;SOLEIL VOILÉ;3;22.3;0
Rennes;48.11;-1.67;24/09/2026;13:00;29.6;5;SOLEIL VOILÉ;3;23.0;0
Rennes;48.11;-1.67;24/09/2026;14:00;30;5;SOLEIL VOILÉ;3;25.2;0
Rennes;48.11;-1.67;24/09/2026;15:00;30.4;5;SOLEIL VOILÉ;2;25.2;0
Rennes;48.11;-1.67;24/09/2026;16:00;30.4;5;SOLEIL VOILÉ;2;24.5;0
Rennes;48.11;-1.67;24/09/2026;17:00;30;5;SOLEIL VOILÉ;2;24.5;0
Rennes;48.11;-1.67;24/09/2026;18:00;27.2;5;SOLEIL VOILÉ;2;19.4;0
Rennes;48.11;-1.67;24/09/2026;19:00;25.1;5;SOLEIL VOILÉ;2;18.4;0
Rennes;48.11;-1.67;24/09/2026;20:00;22.7;5;SOLEIL VOILÉ;2;20.2;0
Rennes;48.11;-1.67;24/09/2026;21:00;21.2;0;SOLEIL;2;15.8;0
Rennes;48.11;-1.67;24/09/2026;22:00;20.6;0;SOLEIL;2;6.5;0
Rennes;48.11;-1.67;24/09/2026;23:00;19.2;0;SOLEIL;2;4.0;0
Rennes;48.11;-1.67;25/09/2026;00:00;18.2;0;SOLEIL;2;2.5;0
Rennes;48.11;-1.67;25/09/2026;01:00;18.2;0;SOLEIL;2;4.0;0
Rennes;48.11;-1.67;25/09/2026;02:00;14.9;0;SOLEIL;2;5.0;0
Rennes;48.11;-1.67;25/09/2026;03:00;14.9;0;SOLEIL;2;3.6;0
Rennes;48.11;-1.67;25/09/2026;04:00;14.9;0;SOLEIL;2;1.8;0
Rennes;48.11;-1.67;25/09/2026;05:00;13.4;0;SOLEIL;2;0.7;0
Rennes;48.11;-1.67;25/09/2026;06:00;13.4;0;SOLEIL;2;0.7;0
Rennes;48.11;-1.67;25/09/2026;07:00;13.4;0;SOLEIL;2;3.2;0
Rennes;48.11;-1.67;25/09/2026;08:00;20.9;0;SOLEIL;2;3.2;0
Rennes;48.11;-1.67;25/09/2026;09:00;20.9;0;SOLEIL;2;6.4;0
Rennes;48.11;-1.67;25/09/2026;10:00;20.9;0;SOLEIL;2;12.1;0
Rennes;48.11;-1.67;25/09/2026;11:00;29.6;0;SOLEIL;3;11.3;0
Rennes;48.11;-1.67;25/09/2026;12:00;29.6;0;SOLEIL;3;14.4;0
Rennes;48.11;-1.67;25/09/2026;13:00;29.6;0;SOLEIL;3;15.8;0
Rennes;48.11;-1.67;25/09/2026;14:00;30.1;0;SOLEIL;4;15.8;0
Rennes;48.11;-1.67;25/09/2026;15:00;30.1;0;SOLEIL;4;19.4;0
Rennes;48.11;-1.67;25/09/2026;16:00;30.1;0;SOLEIL;4;23.4;0
Rennes;48.11;-1.67;25/09/2026;17:00;24.2;0;SOLEIL;3;29.5;0
Rennes;48.11;-1.67;25/09/2026;18:00;24.2;0;SOLEIL;3;29.5;0
Rennes;48.11;-1.67;25/09/2026;19:00;24.2;0;SOLEIL;3;29.2;0
Rennes;48.11;-1.67;25/09/2026;20:00;17.6;0;SOLEIL;3;28.4;0
Rennes;48.11;-1.67;25/09/2026;21:00;17.6;0;SOLEIL;3;20.5;0
Rennes;48.11;-1.67;25/09/2026;22:00;17.6;0;SOLEIL;3;33.5;0
Rennes;48.11;-1.67;25/09/2026;23:00;16.6;0;SOLEIL;3;31.0;0
Rennes;48.11;-1.67;26/09/2026;00:00;16.6;0;SOLEIL;3;28.8;0
Rennes;48.11;-1.67;26/09/2026;01:00;16.6;0;SOLEIL;3;24.1;0
Rennes;48.11;-1.67;26/09/2026;02:00;15.9;0;SOLEIL;2;23.4;0
Rennes;48.11;-1.67;26/09/2026;03:00;15.9;0;SOLEIL;2;23.4;0
Rennes;48.11;-1.67;26/09/2026;04:00;15.9;0;SOLEIL;2;22.7;0
Rennes;48.11;-1.67;26/09/2026;05:00;16;0;SOLEIL;3;23.0;0
Rennes;48.11;-1.67;26/09/2026;06:00;16;0;SOLEIL;3;21.2;0
Rennes;48.11;-1.67;26/09/2026;07:00;16;0;SOLEIL;3;25.2;0
Rennes;48.11;-1.67;26/09/2026;08:00;18.7;2;NUAGEUX;3;23.4;0
Rennes;48.11;-1.67;26/09/2026;09:00;18.7;2;NUAGEUX;3;19.8;0
Rennes;48.11;-1.67;26/09/2026;10:00;18.7;2;NUAGEUX;3;21.6;0
Rennes;48.11;-1.67;26/09/2026;11:00;22.7;0;SOLEIL;3;24.8;0
Rennes;48.11;-1.67;26/09/2026;12:00;22.7;0;SOLEIL;3;25.6;0
Rennes;48.11;-1.67;26/09/2026;13:00;22.7;0;SOLEIL;3;25.9;0
Rennes;48.11;-1.67;26/09/2026;14:00;23.9;0;SOLEIL;3;25.6;0
Rennes;48.11;-1.67;26/09/2026;15:00;23.9;0;SOLEIL;3;25.9;0
Rennes;48.11;-1.67;26/09/2026;16:00;23.9;0;SOLEIL;3;26.3;0
Rennes;48.11;-1.67;26/09/2026;17:00;20.9;5;SOLEIL VOILÉ;4;26.3;0
Rennes;48.11;-1.67;26/09/2026;18:00;20.9;5;SOLEIL VOILÉ;4;23.8;0
Rennes;48.11;-1.67;26/09/2026;19:00;20.9;5;SOLEIL VOILÉ;4;21.2;0
Rennes;48.11;-1.67;26/09/2026;20:00;19.0;0;SOLEIL;5;19.1;0
Rennes;48.11;-1.67;26/09/2026;21:00;17.9;0;SOLEIL;5;17.3;0
Rennes;48.11;-1.67;26/09/2026;22:00;16.9;0;SOLEIL;5;23.4;0
Rennes;48.11;-1.67;26/09/2026;23:00;15.2;0;SOLEIL;2;23.4;0
Rennes;48.11;-1.67;27/09/2026;00:00;15.2;0;SOLEIL;2;21.2;0
Rennes;48.11;-1.67;27/09/2026;01:00;15.2;0;SOLEIL;2;18.4;0
Rennes;48.11;-1.67;27/09/2026;02:00;12.9;7;PLUIE FAIBLE;5;16.2;0
Rennes;48.11;-1.67;27/09/2026;03:00;12.9;7;PLUIE FAIBLE;5;14.4;0
Rennes;48.11;-1.67;27/09/2026;04:00;12.9;7;PLUIE FAIBLE;5;13.3;0
Rennes;48.11;-1.67;27/09/2026;05:00;13.6;2;NUAGEUX;2;12.6;0
Rennes;48.11;-1.67;27/09/2026;06:00;13.6;2;NUAGEUX;2;10.4;0
Rennes;48.11;-1.67;27/09/2026;07:00;13.6;2;NUAGEUX;2;10.4;0
Rennes;48.11;-1.67;27/09/2026;08:00;15.1;7;PLUIE FAIBLE;5;10.8;0
Rennes;48.11;-1.67;27/09/2026;09:00;16.1;7;PLUIE FAIBLE;5;10.4;0
Rennes;48.11;-1.67;27/09/2026;10:00;17.2;7;PLUIE FAIBLE;5;9.7;0
Rennes;48.11;-1.67;27/09/2026;11:00;21.5;6;AVERSES;4;13.3;0
Rennes;48.11;-1.67;27/09/2026;12:00;21.5;6;AVERSES;4;17.0;0
Rennes;48.11;-1.67;27/09/2026;13:00;21.5;6;AVERSES;4;22.5;0
Rennes;48.11;-1.67;27/09/2026;14:00;21.5;7;PLUIE FAIBLE;5;26.1;0
Rennes;48.11;-1.67;27/09/2026;15:00;22.6;7;PLUIE FAIBLE;5;27.7;0
Rennes;48.11;-1.67;27/09/2026;16:00;21.5;7;PLUIE FAIBLE;5;28.8;0
Rennes;48.11;-1.67;27/09/2026;17:00;19.4;7;PLUIE FAIBLE;3;28.4;0
Rennes;48.11;-1.67;27/09/2026;18:00;19.4;7;PLUIE FAIBLE;3;25.2;0
Rennes;48.11;-1.67;27/09/2026;19:00;19.4;7;PLUIE FAIBLE;3;20.9;0
Rennes;48.11;-1.67;27/09/2026;20:00;17.2;7;PLUIE FAIBLE;5;17.6;0
Rennes;48.11;-1.67;27/09/2026;21:00;16.1;7;PLUIE FAIBLE;5;17.6;0
Rennes;48.11;-1.67;27/09/2026;22:00;15.1;7;PLUIE FAIBLE;5;18.7;0
Rennes;48.11;-1.67;27/09/2026;23:00;16;7;PLUIE FAIBLE;2;19.8;0
Rennes;48.11;-1.67;28/09/2026;00:00;16;7;PLUIE FAIBLE;2;19.8;0
Rennes;48.11;-1.67;28/09/2026;01:00;16;7;PLUIE FAIBLE;2;19.1;0
Rennes;48.11;-1.67;28/09/2026;02:00;14.1;2;NUAGEUX;5;18.0;0
Rennes;48.11;-1.67;28/09/2026;03:00;14.1;2;NUAGEUX;5;15.8;0
Rennes;48.11;-1.67;28/09/2026;04:00;14.1;2;NUAGEUX;5;13.3;0
Rennes;48.11;-1.67;28/09/2026;05:00;14.7;2;NUAGEUX;2;11.2;0
Rennes;48.11;-1.67;28/09/2026;06:00;14.7;2;NUAGEUX;2;9.7;0
Rennes;48.11;-1.67;28/09/2026;07:00;14.7;2;NUAGEUX;2;8.6;0
Rennes;48.11;-1.67;28/09/2026;08:00;16.2;2;NUAGEUX;5;8.3;0
Rennes;48.11;-1.67;28/09/2026;09:00;17.2;2;NUAGEUX;5;9.4;0
Rennes;48.11;-1.67;28/09/2026;10:00;18.3;2;NUAGEUX;5;11.5;0
Rennes;48.11;-1.67;28/09/2026;11:00;21.2;6;AVERSES;3;13.3;0
Rennes;48.11;-1.67;28/09/2026;12:00;21.2;6;AVERSES;3;15.1;0
Rennes;48.11;-1.67;28/09/2026;13:00;21.2;6;AVERSES;3;16.6;0
Rennes;48.11;-1.67;28/09/2026;14:00;22.5;2;NUAGEUX;5;18.0;0
Rennes;48.11;-1.67;28/09/2026;15:00;23.5;2;NUAGEUX;5;19.1;0
Rennes;48.11;-1.67;28/09/2026;16:00;22.5;2;NUAGEUX;5;19.8;0
Rennes;48.11;-1.67;28/09/2026;17:00;20.4;2;NUAGEUX;3;20.2;0
Rennes;48.11;-1.67;28/09/2026;18:00;20.4;2;NUAGEUX;3;18.7;0
Rennes;48.11;-1.67;28/09/2026;19:00;20.4;2;NUAGEUX;3;16.9;0
Rennes;48.11;-1.67;28/09/2026;20:00;18.3;2;NUAGEUX;5;16.9;0
Rennes;48.11;-1.67;28/09/2026;21:00;17.2;2;NUAGEUX;5;20.9;0
Rennes;48.11;-1.67;28/09/2026;22:00;16.2;2;NUAGEUX;5;26.6;0
Rennes;48.11;-1.67;28/09/2026;23:00;18;2;NUAGEUX;4;31.0;0
Saint-Malo;48.64;-2.02;24/09/2026;00:00;16.4;5;SOLEIL VOILÉ;2;20.2;0
Saint-Malo;48.64;-2.02;24/09/2026;01:00;15.6;5;SOLEIL VOILÉ;2;22.0;0
Saint-Malo;48.64;-2.02;24/09/2026;02:00;14.6;5;SOLEIL VOILÉ;1;20.2;0
Saint-Malo;48.64;-2.02;24/09/2026;03:00;13.6;5;SOLEIL VOILÉ;1;16.6;0
Saint-Malo;48.64;-2.02;24/09/2026;04:00;13.2;5;SOLEIL VOILÉ;2;10.8;0
Saint-Malo;48.64;-2.02;24/09/2026;05:00;12.7;5;SOLEIL VOILÉ;2;9.4;0
Saint-Malo;48.64;-2.02;24/09/2026;06:00;12.6;5;SOLEIL VOILÉ;2;9.0;0
Saint-Malo;48.64;-2.02;24/09/2026;07:00;14;2;NUAGEUX;2;5.8;0
Saint-Malo;48.64;-2.02;24/09/2026;08:00;16.4;5;SOLEIL VOILÉ;3;6.1;0
Saint-Malo;48.64;-2.02;24/09/2026;09:00;19;5;SOLEIL VOILÉ;3;9.4;0
Saint-Malo;48.64;-2.02;24/09/2026;10:00;21.5;5;SOLEIL VOILÉ;3;17.3;0
Saint-Malo;48.64;-2.02;24/09/2026;11:00;24.1;5;SOLEIL VOILÉ;3;19.1;0
Saint-Malo;48.64;-2.02;24/09/2026;12:00;24.9;5;SOLEIL VOILÉ;3;19.4;0
Saint-Malo;48.64;-2.02;24/09/2026;13:00;25.6;5;SOLEIL VOILÉ;3;20.5;0
Saint-Malo;48.64;-2.02;24/09/2026;14:00;26.2;5;SOLEIL VOILÉ;3;20.5;0
Saint-Malo;48.64;-2.02;24/09/2026;15:00;26.6;5;SOLEIL VOILÉ;3;18.7;0
Saint-Malo;48.64;-2.02;24/09/2026;16:00;26.6;5;SOLEIL VOILÉ;3;12.6;0
Saint-Malo;48.64;-2.02;24/09/2026;17:00;25.4;5;SOLEIL VOILÉ;3;24.5;0
Saint-Malo;48.64;-2.02;24/09/2026;18:00;23.1;5;SOLEIL VOILÉ;3;24.5;0
Saint-Malo;48.64;-2.02;24/09/2026;19:00;21.4;5;SOLEIL VOILÉ;2;19.8;0
Saint-Malo;48.64;-2.02;24/09/2026;20:00;20.1;5;SOLEIL VOILÉ;2;18.0;0
Saint-Malo;48.64;-2.02;24/09/2026;21:00;19.7;0;SOLEIL;3;15.1;0
Saint-Malo;48.64;-2.02;24/09/2026;22:00;19;0;SOLEIL;3;9.7;0
Saint-Malo;48.64;-2.02;24/09/2026;23:00;19.7;0;SOLEIL;3;19.4;0
Saint-Malo;48.64;-2.02;25/09/2026;00:00;18.1;0;SOLEIL;3;20.2;0
Saint-Malo;48.64;-2.02;25/09/2026;01:00;18.1;0;SOLEIL;3;15.8;0
Saint-Malo;48.64;-2.02;25/09/2026;02:00;16.5;0;SOLEIL;4;13.7;0
Saint-Malo;48.64;-2.02;25/09/2026;03:00;16.5;0;SOLEIL;4;13.7;0
Saint-Malo;48.64;-2.02;25/09/2026;04:00;16.5;0;SOLEIL;4;15.1;0
Saint-Malo;48.64;-2.02;25/09/2026;05:00;16.4;0;SOLEIL;4;11.5;0
Saint-Malo;48.64;-2.02;25/09/2026;06:00;16.4;0;SOLEIL;4;10.4;0
Saint-Malo;48.64;-2.02;25/09/2026;07:00;16.4;0;SOLEIL;4;11.2;0
Saint-Malo;48.64;-2.02;25/09/2026;08:00;20.1;0;SOLEIL;4;10.1;0
Saint-Malo;48.64;-2.02;25/09/2026;09:00;20.1;0;SOLEIL;4;11.0;0
Saint-Malo;48.64;-2.02;25/09/2026;10:00;20.1;0;SOLEIL;4;23.6;0
Saint-Malo;48.64;-2.02;25/09/2026;11:00;26.6;0;SOLEIL;4;22.6;0
Saint-Malo;48.64;-2.02;25/09/2026;12:00;26.6;0;SOLEIL;4;20.5;0
Saint-Malo;48.64;-2.02;25/09/2026;13:00;26.6;0;SOLEIL;4;18.0;0
Saint-Malo;48.64;-2.02;25/09/2026;14:00;25.5;0;SOLEIL;4;29.2;0
Saint-Malo;48.64;-2.02;25/09/2026;15:00;25.5;0;SOLEIL;4;34.9;0
Saint-Malo;48.64;-2.02;25/09/2026;16:00;25.5;0;SOLEIL;4;38.2;0
Saint-Malo;48.64;-2.02;25/09/2026;17:00;17.6;0;SOLEIL;7;39.2;0
Saint-Malo;48.64;-2.02;25/09/2026;18:00;17.6;0;SOLEIL;7;43.2;0
Saint-Malo;48.64;-2.02;25/09/2026;19:00;17.6;0;SOLEIL;7;43.6;0
Saint-Malo;48.64;-2.02;25/09/2026;20:00;16.9;0;SOLEIL;7;39.6;0
Saint-Malo;48.64;-2.02;25/09/2026;21:00;16.9;0;SOLEIL;7;38.5;0
Saint-Malo;48.64;-2.02;25/09/2026;22:00;16.9;0;SOLEIL;7;37.4;0
Saint-Malo;48.64;-2.02;25/09/2026;23:00;18.2;0;SOLEIL;7;37.4;0
Saint-Malo;48.64;-2.02;26/09/2026;00:00;18.2;0;SOLEIL;7;36.4;0
Saint-Malo;48.64;-2.02;26/09/2026;01:00;18.2;0;SOLEIL;7;35.6;0
Saint-Malo;48.64;-2.02;26/09/2026;02:00;17.4;0;SOLEIL;7;34.9;0
Saint-Malo;48.64;-2.02;26/09/2026;03:00;17.4;0;SOLEIL;7;36.7;0
Saint-Malo;48.64;-2.02;26/09/2026;04:00;17.4;0;SOLEIL;7;37.1;0
Saint-Malo;48.64;-2.02;26/09/2026;05:00;16.6;5;SOLEIL VOILÉ;7;35.3;0
Saint-Malo;48.64;-2.02;26/09/2026;06:00;16.6;5;SOLEIL VOILÉ;7;33.8;0
Saint-Malo;48.64;-2.02;26/09/2026;07:00;16.6;5;SOLEIL VOILÉ;7;31.3;0
Saint-Malo;48.64;-2.02;26/09/2026;08:00;18.2;5;SOLEIL VOILÉ;5;29.2;0
Saint-Malo;48.64;-2.02;26/09/2026;09:00;18.2;5;SOLEIL VOILÉ;5;28.8;0
Saint-Malo;48.64;-2.02;26/09/2026;10:00;18.2;5;SOLEIL VOILÉ;5;30.6;0
Saint-Malo;48.64;-2.02;26/09/2026;11:00;19.5;5;SOLEIL VOILÉ;5;30.6;0
Saint-Malo;48.64;-2.02;26/09/2026;12:00;19.5;5;SOLEIL VOILÉ;5;28.4;0
Saint-Malo;48.64;-2.02;26/09/2026;13:00;19.5;5;SOLEIL VOILÉ;5;29.2;0
Saint-Malo;48.64;-2.02;26/09/2026;14:00;19.1;5;SOLEIL VOILÉ;4;28.8;0
Saint-Malo;48.64;-2.02;26/09/2026;15:00;19.1;5;SOLEIL VOILÉ;4;28.8;0
Saint-Malo;48.64;-2.02;26/09/2026;16:00;19.1;5;SOLEIL VOILÉ;4;28.4;0
Saint-Malo;48.64;-2.02;26/09/2026;17:00;17.5;5;SOLEIL VOILÉ;4;26.3;0
Saint-Malo;48.64;-2.02;26/09/2026;18:00;17.5;5;SOLEIL VOILÉ;4;25.2;0
Saint-Malo;48.64;-2.02;26/09/2026;19:00;17.5;5;SOLEIL VOILÉ;4;24.8;0
Saint-Malo;48.64;-2.02;26/09/2026;20:00;17.7;5;SOLEIL VOILÉ;5;23.0;0
Saint-Malo;48.64;-2.02;26/09/2026;21:00;17.3;5;SOLEIL VOILÉ;5;19.1;0
Saint-Malo;48.64;-2.02;26/09/2026;22:00;16.8;5;SOLEIL VOILÉ;5;20.9;0
Saint-Malo;48.64;-2.02;26/09/2026;23:00;14.2;0;SOLEIL;3;22.7;0
Saint-Malo;48.64;-2.02;27/09/2026;00:00;14.2;0;SOLEIL;3;22.7;0
Saint-Malo;48.64;-2.02;27/09/2026;01:00;14.2;0;SOLEIL;3;19.8;0
Saint-Malo;48.64;-2.02;27/09/2026;02:00;14;7;PLUIE FAIBLE;5;14.0;0
Saint-Malo;48.64;-2.02;27/09/2026;03:00;14;7;PLUIE FAIBLE;5;10.8;0
Saint-Malo;48.64;-2.02;27/09/2026;04:00;14;7;PLUIE FAIBLE;5;8.6;0
Saint-Malo;48.64;-2.02;27/09/2026;05:00;14.9;2;NUAGEUX;4;7.6;0
Saint-Malo;48.64;-2.02;27/09/2026;06:00;14.9;2;NUAGEUX;4;7.2;0
Saint-Malo;48.64;-2.02;27/09/2026;07:00;14.9;2;NUAGEUX;4;10.1;0
Saint-Malo;48.64;-2.02;27/09/2026;08:00;15.7;7;PLUIE FAIBLE;5;12.2;0
Saint-Malo;48.64;-2.02;27/09/2026;09:00;16.5;7;PLUIE FAIBLE;5;15.1;0
Saint-Malo;48.64;-2.02;27/09/2026;10:00;17.4;7;PLUIE FAIBLE;5;16.9;0
Saint-Malo;48.64;-2.02;27/09/2026;11:00;20.9;7;PLUIE FAIBLE;6;20.2;0
Saint-Malo;48.64;-2.02;27/09/2026;12:00;20.9;7;PLUIE FAIBLE;6;24.0;0
Saint-Malo;48.64;-2.02;27/09/2026;13:00;20.9;7;PLUIE FAIBLE;6;25.9;0
Saint-Malo;48.64;-2.02;27/09/2026;14:00;20.8;7;PLUIE FAIBLE;5;25.7;0
Saint-Malo;48.64;-2.02;27/09/2026;15:00;21.6;7;PLUIE FAIBLE;5;25.6;0
Saint-Malo;48.64;-2.02;27/09/2026;16:00;20.8;7;PLUIE FAIBLE;5;26.3;0
Saint-Malo;48.64;-2.02;27/09/2026;17:00;18.4;6;AVERSES;6;27.0;0
Saint-Malo;48.64;-2.02;27/09/2026;18:00;18.4;6;AVERSES;6;27.0;0
Saint-Malo;48.64;-2.02;27/09/2026;19:00;18.4;6;AVERSES;6;26.3;0
Saint-Malo;48.64;-2.02;27/09/2026;20:00;17.4;7;PLUIE FAIBLE;5;26.3;0
Saint-Malo;48.64;-2.02;27/09/2026;21:00;16.5;7;PLUIE FAIBLE;5;27.4;0
Saint-Malo;48.64;-2.02;27/09/2026;22:00;15.7;7;PLUIE FAIBLE;5;29.2;0
Saint-Malo;48.64;-2.02;27/09/2026;23:00;16.1;7;PLUIE FAIBLE;5;29.5;0
Saint-Malo;48.64;-2.02;28/09/2026;00:00;16.1;7;PLUIE FAIBLE;5;27.0;0
Saint-Malo;48.64;-2.02;28/09/2026;01:00;16.1;7;PLUIE FAIBLE;5;23.4;0
Saint-Malo;48.64;-2.02;28/09/2026;02:00;14.1;7;PLUIE FAIBLE;5;20.2;0
Saint-Malo;48.64;-2.02;28/09/2026;03:00;14.1;7;PLUIE FAIBLE;5;18.7;0
Saint-Malo;48.64;-2.02;28/09/2026;04:00;14.1;7;PLUIE FAIBLE;5;18.0;0
Saint-Malo;48.64;-2.02;28/09/2026;05:00;14.6;7;PLUIE FAIBLE;4;16.9;0
Saint-Malo;48.64;-2.02;28/09/2026;06:00;14.6;7;PLUIE FAIBLE;4;14.4;0
Saint-Malo;48.64;-2.02;28/09/2026;07:00;14.6;7;PLUIE FAIBLE;4;11.5;0
Saint-Malo;48.64;-2.02;28/09/2026;08:00;15.9;7;PLUIE FAIBLE;5;9.4;0
Saint-Malo;48.64;-2.02;28/09/2026;09:00;16.8;7;PLUIE FAIBLE;5;9.0;0
Saint-Malo;48.64;-2.02;28/09/2026;10:00;17.7;7;PLUIE FAIBLE;5;9.4;0
Saint-Malo;48.64;-2.02;28/09/2026;11:00;20.9;7;PLUIE FAIBLE;4;10.8;0
Saint-Malo;48.64;-2.02;28/09/2026;12:00;20.9;7;PLUIE FAIBLE;4;13.0;0
Saint-Malo;48.64;-2.02;28/09/2026;13:00;20.9;7;PLUIE FAIBLE;4;15.8;0
Saint-Malo;48.64;-2.02;28/09/2026;14:00;21.2;7;PLUIE FAIBLE;5;18.4;0
Saint-Malo;48.64;-2.02;28/09/2026;15:00;22.1;7;PLUIE FAIBLE;5;20.9;0
Saint-Malo;48.64;-2.02;28/09/2026;16:00;21.2;7;PLUIE FAIBLE;5;23.0;0
Saint-Malo;48.64;-2.02;28/09/2026;17:00;19.1;7;PLUIE FAIBLE;6;24.5;0
Saint-Malo;48.64;-2.02;28/09/2026;18:00;19.1;7;PLUIE FAIBLE;6;25.2;0
Saint-Malo;48.64;-2.02;28/09/2026;19:00;19.1;7;PLUIE FAIBLE;6;25.2;0
Saint-Malo;48.64;-2.02;28/09/2026;20:00;17.7;7;PLUIE FAIBLE;5;24.5;0
Saint-Malo;48.64;-2.02;28/09/2026;21:00;16.8;7;PLUIE FAIBLE;5;21.2;0
Saint-Malo;48.64;-2.02;28/09/2026;22:00;15.9;7;PLUIE FAIBLE;5;16.9;0
Saint-Malo;48.64;-2.02;28/09/2026;23:00;18;2;NUAGEUX;7;15.8;0
Lorient;47.74;-3.36;24/09/2026;00:00;15;0;SOLEIL;3;25.9;0
Lorient;47.74;-3.36;24/09/2026;01:00;14.4;0;SOLEIL;3;23.8;0
Lorient;47.74;-3.36;24/09/2026;02:00;14.1;0;SOLEIL;3;22.7;0
Lorient;47.74;-3.36;24/09/2026;03:00;13.9;0;SOLEIL;3;23.8;0
Lorient;47.74;-3.36;24/09/2026;04:00;13.9;0;SOLEIL;3;23.8;0
Lorient;47.74;-3.36;24/09/2026;05:00;13.7;5;SOLEIL VOILÉ;3;23.0;0
Lorient;47.74;-3.36;24/09/2026;06:00;14;5;SOLEIL VOILÉ;3;21.6;0
Lorient;47.74;-3.36;24/09/2026;07:00;15.1;5;SOLEIL VOILÉ;3;22.7;0
Lorient;47.74;-3.36;24/09/2026;08:00;17.4;5;SOLEIL VOILÉ;3;22.3;0
Lorient;47.74;-3.36;24/09/2026;09:00;20.6;5;SOLEIL VOILÉ;3;23.0;0
Lorient;47.74;-3.36;24/09/2026;10:00;22.9;5;SOLEIL VOILÉ;3;24.8;0
Lorient;47.74;-3.36;24/09/2026;11:00;25.1;5;SOLEIL VOILÉ;3;24.8;0
Lorient;47.74;-3.36;24/09/2026;12:00;25.6;5;SOLEIL VOILÉ;3;22.3;0
Lorient;47.74;-3.36;24/09/2026;13:00;26.9;5;SOLEIL VOILÉ;4;21.6;0
Lorient;47.74;-3.36;24/09/2026;14:00;27.4;5;SOLEIL VOILÉ;4;23.0;0
Lorient;47.74;-3.36;24/09/2026;15:00;27;5;SOLEIL VOILÉ;4;30.2;0
Lorient;47.74;-3.36;24/09/2026;16:00;26.6;5;SOLEIL VOILÉ;3;30.6;0
Lorient;47.74;-3.36;24/09/2026;17:00;24.9;5;SOLEIL VOILÉ;2;27.0;0
Lorient;47.74;-3.36;24/09/2026;18:00;22.1;0;SOLEIL;2;21.6;0
Lorient;47.74;-3.36;24/09/2026;19:00;20.4;0;SOLEIL;2;17.3;0
Lorient;47.74;-3.36;24/09/2026;20:00;18.7;0;SOLEIL;2;14.0;0
Lorient;47.74;-3.36;24/09/2026;21:00;17.4;0;SOLEIL;2;10.1;0
Lorient;47.74;-3.36;24/09/2026;22:00;17.1;0;SOLEIL;2;7.2;0
Lorient;47.74;-3.36;24/09/2026;23:00;17.1;0;SOLEIL;2;12.2;0
Lorient;47.74;-3.36;25/09/2026;00:00;15.7;0;SOLEIL;2;13.3;0
Lorient;47.74;-3.36;25/09/2026;01:00;15.7;0;SOLEIL;2;11.2;0
Lorient;47.74;-3.36;25/09/2026;02:00;14.7;0;SOLEIL;3;6.1;0
Lorient;47.74;-3.36;25/09/2026;03:00;14.7;0;SOLEIL;3;5.0;0
Lorient;47.74;-3.36;25/09/2026;04:00;14.7;0;SOLEIL;3;4.3;0
Lorient;47.74;-3.36;25/09/2026;05:00;14.6;0;SOLEIL;3;4.3;0
Lorient;47.74;-3.36;25/09/2026;06:00;14.6;0;SOLEIL;3;5.0;0
Lorient;47.74;-3.36;25/09/2026;07:00;14.6;0;SOLEIL;3;6.1;0
Lorient;47.74;-3.36;25/09/2026;08:00;20.6;0;SOLEIL;3;6.5;0
Lorient;47.74;-3.36;25/09/2026;09:00;20.6;0;SOLEIL;3;7.7;0
Lorient;47.74;-3.36;25/09/2026;10:00;20.6;0;SOLEIL;3;7.7;0
Lorient;47.74;-3.36;25/09/2026;11:00;24.1;0;SOLEIL;3;12.7;0
Lorient;47.74;-3.36;25/09/2026;12:00;24.1;0;SOLEIL;3;11.2;0
Lorient;47.74;-3.36;25/09/2026;13:00;24.1;0;SOLEIL;3;9.4;0
Lorient;47.74;-3.36;25/09/2026;14:00;22.4;0;SOLEIL;4;18.4;0
Lorient;47.74;-3.36;25/09/2026;15:00;22.4;0;SOLEIL;4;24.1;0
Lorient;47.74;-3.36;25/09/2026;16:00;22.4;0;SOLEIL;4;24.1;0
Lorient;47.74;-3.36;25/09/2026;17:00;18.2;0;SOLEIL;3;25.6;0
Lorient;47.74;-3.36;25/09/2026;18:00;18.2;0;SOLEIL;3;25.2;0
Lorient;47.74;-3.36;25/09/2026;19:00;18.2;0;SOLEIL;3;31.3;0
Lorient;47.74;-3.36;25/09/2026;20:00;15.6;0;SOLEIL;5;38.5;0
Lorient;47.74;-3.36;25/09/2026;21:00;15.6;0;SOLEIL;5;40.0;0
Lorient;47.74;-3.36;25/09/2026;22:00;15.6;0;SOLEIL;5;38.5;0
Lorient;47.74;-3.36;25/09/2026;23:00;15.6;0;SOLEIL;4;32.0;0
Lorient;47.74;-3.36;26/09/2026;00:00;15.6;0;SOLEIL;4;25.9;0
Lorient;47.74;-3.36;26/09/2026;01:00;15.6;0;SOLEIL;4;25.9;0
Lorient;47.74;-3.36;26/09/2026;02:00;15.1;2;NUAGEUX;4;22.0;0
Lorient;47.74;-3.36;26/09/2026;03:00;15.1;2;NUAGEUX;4;21.2;0
Lorient;47.74;-3.36;26/09/2026;04:00;15.1;2;NUAGEUX;4;22.7;0
Lorient;47.74;-3.36;26/09/2026;05:00;13.6;5;SOLEIL VOILÉ;3;22.0;0
Lorient;47.74;-3.36;26/09/2026;06:00;13.6;5;SOLEIL VOILÉ;3;19.1;0
Lorient;47.74;-3.36;26/09/2026;07:00;13.6;5;SOLEIL VOILÉ;3;17.3;0
Lorient;47.74;-3.36;26/09/2026;08:00;17.9;5;SOLEIL VOILÉ;3;16.2;0
Lorient;47.74;-3.36;26/09/2026;09:00;17.9;5;SOLEIL VOILÉ;3;14.8;0
Lorient;47.74;-3.36;26/09/2026;10:00;17.9;5;SOLEIL VOILÉ;3;16.2;0
Lorient;47.74;-3.36;26/09/2026;11:00;21.1;5;SOLEIL VOILÉ;3;21.6;0
Lorient;47.74;-3.36;26/09/2026;12:00;21.1;5;SOLEIL VOILÉ;3;22.3;0
Lorient;47.74;-3.36;26/09/2026;13:00;21.1;5;SOLEIL VOILÉ;3;23.4;0
Lorient;47.74;-3.36;26/09/2026;14:00;20.6;5;SOLEIL VOILÉ;3;23.4;0
Lorient;47.74;-3.36;26/09/2026;15:00;20.6;5;SOLEIL VOILÉ;3;22.7;0
Lorient;47.74;-3.36;26/09/2026;16:00;20.6;5;SOLEIL VOILÉ;3;23.0;0
Lorient;47.74;-3.36;26/09/2026;17:00;17.7;5;SOLEIL VOILÉ;4;26.6;0
Lorient;47.74;-3.36;26/09/2026;18:00;17.7;5;SOLEIL VOILÉ;4;28.1;0
Lorient;47.74;-3.36;26/09/2026;19:00;17.7;5;SOLEIL VOILÉ;4;26.3;0
Lorient;47.74;-3.36;26/09/2026;20:00;16.9;5;SOLEIL VOILÉ;5;22.7;0
Lorient;47.74;-3.36;26/09/2026;21:00;15.9;5;SOLEIL VOILÉ;5;20.9;0
Lorient;47.74;-3.36;26/09/2026;22:00;15.0;5;SOLEIL VOILÉ;5;20.2;0
Lorient;47.74;-3.36;26/09/2026;23:00;15.1;2;NUAGEUX;3;19.8;0
Lorient;47.74;-3.36;27/09/2026;00:00;15.1;2;NUAGEUX;3;20.2;0
Lorient;47.74;-3.36;27/09/2026;01:00;15.1;2;NUAGEUX;3;20.5;0
Lorient;47.74;-3.36;27/09/2026;02:00;14.1;6;AVERSES;5;19.4;0
Lorient;47.74;-3.36;27/09/2026;03:00;14.1;6;AVERSES;5;19.1;0
Lorient;47.74;-3.36;27/09/2026;04:00;14.1;6;AVERSES;5;19.1;0
Lorient;47.74;-3.36;27/09/2026;05:00;15.1;7;PLUIE FAIBLE;2;18.7;0
Lorient;47.74;-3.36;27/09/2026;06:00;15.1;7;PLUIE FAIBLE;2;16.2;0
Lorient;47.74;-3.36;27/09/2026;07:00;15.1;7;PLUIE FAIBLE;2;15.1;0
Lorient;47.74;-3.36;27/09/2026;08:00;15.6;6;AVERSES;5;13.3;0
Lorient;47.74;-3.36;27/09/2026;09:00;16.3;6;AVERSES;5;11.5;0
Lorient;47.74;-3.36;27/09/2026;10:00;17.0;6;AVERSES;5;10.4;0
Lorient;47.74;-3.36;27/09/2026;11:00;20.1;6;AVERSES;5;16.9;0
Lorient;47.74;-3.36;27/09/2026;12:00;20.1;6;AVERSES;5;18.9;0
Lorient;47.74;-3.36;27/09/2026;13:00;20.1;6;AVERSES;5;24.8;0
Lorient;47.74;-3.36;27/09/2026;14:00;20.0;6;AVERSES;5;29.4;0
Lorient;47.74;-3.36;27/09/2026;15:00;20.7;6;AVERSES;5;32.8;0
Lorient;47.74;-3.36;27/09/2026;16:00;20.0;6;AVERSES;5;34.9;0
Lorient;47.74;-3.36;27/09/2026;17:00;18.2;6;AVERSES;3;36.0;0
Lorient;47.74;-3.36;27/09/2026;18:00;18.2;6;AVERSES;3;36.4;0
Lorient;47.74;-3.36;27/09/2026;19:00;18.2;6;AVERSES;3;35.3;0
Lorient;47.74;-3.36;27/09/2026;20:00;17.0;6;AVERSES;5;32.8;0
Lorient;47.74;-3.36;27/09/2026;21:00;16.3;6;AVERSES;5;26.6;0
Lorient;47.74;-3.36;27/09/2026;22:00;15.6;6;AVERSES;5;19.1;0
Lorient;47.74;-3.36;27/09/2026;23:00;16.1;7;PLUIE FAIBLE;3;13.3;0
Lorient;47.74;-3.36;28/09/2026;00:00;16.1;7;PLUIE FAIBLE;3;11.9;0
Lorient;47.74;-3.36;28/09/2026;01:00;16.1;7;PLUIE FAIBLE;3;12.6;0
Lorient;47.74;-3.36;28/09/2026;02:00;13.9;6;AVERSES;5;13.3;0
Lorient;47.74;-3.36;28/09/2026;03:00;13.9;6;AVERSES;5;13.3;0
Lorient;47.74;-3.36;28/09/2026;04:00;13.9;6;AVERSES;5;13.7;0
Lorient;47.74;-3.36;28/09/2026;05:00;14.4;7;PLUIE FAIBLE;2;14.0;0
Lorient;47.74;-3.36;28/09/2026;06:00;14.4;7;PLUIE FAIBLE;2;14.4;0
Lorient;47.74;-3.36;28/09/2026;07:00;14.4;7;PLUIE FAIBLE;2;15.1;0
Lorient;47.74;-3.36;28/09/2026;08:00;15.7;6;AVERSES;5;15.8;0
Lorient;47.74;-3.36;28/09/2026;09:00;16.6;6;AVERSES;5;17.3;0
Lorient;47.74;-3.36;28/09/2026;10:00;17.5;6;AVERSES;5;19.4;0
Lorient;47.74;-3.36;28/09/2026;11:00;21;6;AVERSES;5;20.5;0
Lorient;47.74;-3.36;28/09/2026;12:00;21;6;AVERSES;5;19.8;0
Lorient;47.74;-3.36;28/09/2026;13:00;21;6;AVERSES;5;18.0;0
Lorient;47.74;-3.36;28/09/2026;14:00;21.0;6;AVERSES;5;18.4;0
Lorient;47.74;-3.36;28/09/2026;15:00;21.9;6;AVERSES;5;22.3;0
Lorient;47.74;-3.36;28/09/2026;16:00;21.0;6;AVERSES;5;27.7;0
Lorient;47.74;-3.36;28/09/2026;17:00;18.9;6;AVERSES;4;32.0;0
Lorient;47.74;-3.36;28/09/2026;18:00;18.9;6;AVERSES;4;33.8;0
Lorient;47.74;-3.36;28/09/2026;19:00;18.9;6;AVERSES;4;34.2;0
Lorient;47.74;-3.36;28/09/2026;20:00;17.5;6;AVERSES;5;34.2;0
Lorient;47.74;-3.36;28/09/2026;21:00;16.6;6;AVERSES;5;32.8;0
Lorient;47.74;-3.36;28/09/2026;22:00;15.7;6;AVERSES;5;30.2;0
Lorient;47.74;-3.36;28/09/2026;23:00;17.9;7;PLUIE FAIBLE;6;30.2;0
Pontivy;48.06;-2.96;24/09/2026;00:00;12.6;0;SOLEIL;2;13.3;0
Pontivy;48.06;-2.96;24/09/2026;01:00;12.6;0;SOLEIL;2;14.4;0
Pontivy;48.06;-2.96;24/09/2026;02:00;12.7;3;TRÈS NUAGEUX;2;14.4;0
Pontivy;48.06;-2.96;24/09/2026;03:00;12.6;3;TRÈS NUAGEUX;2;12.6;0
Pontivy;48.06;-2.96;24/09/2026;04:00;13;2;NUAGEUX;2;11.2;0
Pontivy;48.06;-2.96;24/09/2026;05:00;13.4;2;NUAGEUX;2;11.5;0
Pontivy;48.06;-2.96;24/09/2026;06:00;12.6;2;NUAGEUX;1;10.8;0
Pontivy;48.06;-2.96;24/09/2026;07:00;13.1;2;NUAGEUX;1;10.4;0
Pontivy;48.06;-2.96;24/09/2026;08:00;14.4;5;SOLEIL VOILÉ;1;10.1;0
Pontivy;48.06;-2.96;24/09/2026;09:00;18.1;5;SOLEIL VOILÉ;2;10.8;0
Pontivy;48.06;-2.96;24/09/2026;10:00;21.6;5;SOLEIL VOILÉ;3;9.7;0
Pontivy;48.06;-2.96;24/09/2026;11:00;24.2;5;SOLEIL VOILÉ;3;18.4;0
Pontivy;48.06;-2.96;24/09/2026;12:00;27;5;SOLEIL VOILÉ;3;20.2;0
Pontivy;48.06;-2.96;24/09/2026;13:00;28;5;SOLEIL VOILÉ;3;20.2;0
Pontivy;48.06;-2.96;24/09/2026;14:00;29.5;5;SOLEIL VOILÉ;3;23.8;0
Pontivy;48.06;-2.96;24/09/2026;15:00;29.1;5;SOLEIL VOILÉ;2;25.6;0
Pontivy;48.06;-2.96;24/09/2026;16:00;30.4;5;SOLEIL VOILÉ;2;25.9;0
Pontivy;48.06;-2.96;24/09/2026;17:00;28.5;5;SOLEIL VOILÉ;3;24.8;0
Pontivy;48.06;-2.96;24/09/2026;18:00;25.2;5;SOLEIL VOILÉ;2;25.9;0
Pontivy;48.06;-2.96;24/09/2026;19:00;22.7;0;SOLEIL;2;24.5;0
Pontivy;48.06;-2.96;24/09/2026;20:00;20.5;0;SOLEIL;0;20.5;0
Pontivy;48.06;-2.96;24/09/2026;21:00;18.5;0;SOLEIL;2;13.7;0
Pontivy;48.06;-2.96;24/09/2026;22:00;17.7;0;SOLEIL;1;10.1;0
Pontivy;48.06;-2.96;24/09/2026;23:00;16.4;0;SOLEIL;1;1.1;0
Pontivy;48.06;-2.96;25/09/2026;00:00;15.2;0;SOLEIL;1;2.9;0
Pontivy;48.06;-2.96;25/09/2026;01:00;15.2;0;SOLEIL;1;3.6;0
Pontivy;48.06;-2.96;25/09/2026;02:00;12.6;0;SOLEIL;1;4.7;0
Pontivy;48.06;-2.96;25/09/2026;03:00;12.6;0;SOLEIL;1;3.2;0
Pontivy;48.06;-2.96;25/09/2026;04:00;12.6;0;SOLEIL;1;1.8;0
Pontivy;48.06;-2.96;25/09/2026;05:00;11.7;0;SOLEIL;2;2.2;0
Pontivy;48.06;-2.96;25/09/2026;06:00;11.7;0;SOLEIL;2;2.2;0
Pontivy;48.06;-2.96;25/09/2026;07:00;11.7;0;SOLEIL;2;1.8;0
Pontivy;48.06;-2.96;25/09/2026;08:00;19.4;0;SOLEIL;2;4.0;0
Pontivy;48.06;-2.96;25/09/2026;09:00;19.4;0;SOLEIL;2;5.8;0
Pontivy;48.06;-2.96;25/09/2026;10:00;19.4;0;SOLEIL;2;6.7;0
Pontivy;48.06;-2.96;25/09/2026;11:00;26.6;0;SOLEIL;3;10.9;0
Pontivy;48.06;-2.96;25/09/2026;12:00;26.6;0;SOLEIL;3;8.3;0
Pontivy;48.06;-2.96;25/09/2026;13:00;26.6;0;SOLEIL;3;10.1;0
Pontivy;48.06;-2.96;25/09/2026;14:00;27;0;SOLEIL;3;11.2;0
Pontivy;48.06;-2.96;25/09/2026;15:00;27;0;SOLEIL;3;14.4;0
Pontivy;48.06;-2.96;25/09/2026;16:00;27;0;SOLEIL;3;16.2;0
Pontivy;48.06;-2.96;25/09/2026;17:00;22.6;0;SOLEIL;2;16.9;0
Pontivy;48.06;-2.96;25/09/2026;18:00;22.6;0;SOLEIL;2;17.6;0
Pontivy;48.06;-2.96;25/09/2026;19:00;22.6;0;SOLEIL;2;37.8;0
Pontivy;48.06;-2.96;25/09/2026;20:00;15.5;0;SOLEIL;4;38.2;0
Pontivy;48.06;-2.96;25/09/2026;21:00;15.5;0;SOLEIL;4;38.9;0
Pontivy;48.06;-2.96;25/09/2026;22:00;15.5;0;SOLEIL;4;37.1;0
Pontivy;48.06;-2.96;25/09/2026;23:00;15;0;SOLEIL;4;29.9;0
Pontivy;48.06;-2.96;26/09/2026;00:00;15;0;SOLEIL;4;28.4;0
Pontivy;48.06;-2.96;26/09/2026;01:00;15;0;SOLEIL;4;28.4;0
Pontivy;48.06;-2.96;26/09/2026;02:00;14.4;2;NUAGEUX;4;23.4;0
Pontivy;48.06;-2.96;26/09/2026;03:00;14.4;2;NUAGEUX;4;28.1;0
Pontivy;48.06;-2.96;26/09/2026;04:00;14.4;2;NUAGEUX;4;28.4;0
Pontivy;48.06;-2.96;26/09/2026;05:00;14.1;5;SOLEIL VOILÉ;3;26.6;0
Pontivy;48.06;-2.96;26/09/2026;06:00;14.1;5;SOLEIL VOILÉ;3;24.5;0
Pontivy;48.06;-2.96;26/09/2026;07:00;14.1;5;SOLEIL VOILÉ;3;22.7;0
Pontivy;48.06;-2.96;26/09/2026;08:00;17.1;5;SOLEIL VOILÉ;3;20.2;0
Pontivy;48.06;-2.96;26/09/2026;09:00;17.1;5;SOLEIL VOILÉ;3;19.1;0
Pontivy;48.06;-2.96;26/09/2026;10:00;17.1;5;SOLEIL VOILÉ;3;21.6;0
Pontivy;48.06;-2.96;26/09/2026;11:00;20.7;5;SOLEIL VOILÉ;3;25.2;0
Pontivy;48.06;-2.96;26/09/2026;12:00;20.7;5;SOLEIL VOILÉ;3;25.6;0
Pontivy;48.06;-2.96;26/09/2026;13:00;20.7;5;SOLEIL VOILÉ;3;27.0;0
Pontivy;48.06;-2.96;26/09/2026;14:00;22.1;5;SOLEIL VOILÉ;3;28.1;0
Pontivy;48.06;-2.96;26/09/2026;15:00;22.1;5;SOLEIL VOILÉ;3;29.2;0
Pontivy;48.06;-2.96;26/09/2026;16:00;22.1;5;SOLEIL VOILÉ;3;29.2;0
Pontivy;48.06;-2.96;26/09/2026;17:00;19.1;5;SOLEIL VOILÉ;4;29.2;0
Pontivy;48.06;-2.96;26/09/2026;18:00;19.1;5;SOLEIL VOILÉ;4;28.4;0
Pontivy;48.06;-2.96;26/09/2026;19:00;19.1;5;SOLEIL VOILÉ;4;25.6;0
Pontivy;48.06;-2.96;26/09/2026;20:00;17.5;5;SOLEIL VOILÉ;5;23.0;0
Pontivy;48.06;-2.96;26/09/2026;21:00;16.5;5;SOLEIL VOILÉ;5;20.9;0
Pontivy;48.06;-2.96;26/09/2026;22:00;15.4;5;SOLEIL VOILÉ;5;20.2;0
Pontivy;48.06;-2.96;26/09/2026;23:00;13.7;2;NUAGEUX;2;18.4;0
Pontivy;48.06;-2.96;27/09/2026;00:00;13.7;2;NUAGEUX;2;16.6;0
Pontivy;48.06;-2.96;27/09/2026;01:00;13.7;2;NUAGEUX;2;13.3;0
Pontivy;48.06;-2.96;27/09/2026;02:00;12.5;7;PLUIE FAIBLE;5;12.2;0
Pontivy;48.06;-2.96;27/09/2026;03:00;12.5;7;PLUIE FAIBLE;5;11.2;0
Pontivy;48.06;-2.96;27/09/2026;04:00;12.5;7;PLUIE FAIBLE;5;9.7;0
Pontivy;48.06;-2.96;27/09/2026;05:00;13.6;7;PLUIE FAIBLE;3;6.8;0
Pontivy;48.06;-2.96;27/09/2026;06:00;13.6;7;PLUIE FAIBLE;3;6.1;0
Pontivy;48.06;-2.96;27/09/2026;07:00;13.6;7;PLUIE FAIBLE;3;6.1;0
Pontivy;48.06;-2.96;27/09/2026;08:00;14.4;7;PLUIE FAIBLE;5;5.8;0
Pontivy;48.06;-2.96;27/09/2026;09:00;15.3;7;PLUIE FAIBLE;5;3.2;0
Pontivy;48.06;-2.96;27/09/2026;10:00;16.2;7;PLUIE FAIBLE;5;4.3;0
Pontivy;48.06;-2.96;27/09/2026;11:00;19.7;7;PLUIE FAIBLE;5;11.2;0
Pontivy;48.06;-2.96;27/09/2026;12:00;19.7;7;PLUIE FAIBLE;5;16.8;0
Pontivy;48.06;-2.96;27/09/2026;13:00;19.7;7;PLUIE FAIBLE;5;22.5;0
Pontivy;48.06;-2.96;27/09/2026;14:00;20.0;7;PLUIE FAIBLE;5;30.2;0
Pontivy;48.06;-2.96;27/09/2026;15:00;20.9;7;PLUIE FAIBLE;5;33.5;0
Pontivy;48.06;-2.96;27/09/2026;16:00;20.0;7;PLUIE FAIBLE;5;34.2;0
Pontivy;48.06;-2.96;27/09/2026;17:00;17.6;7;PLUIE FAIBLE;3;34.6;0
Pontivy;48.06;-2.96;27/09/2026;18:00;17.6;7;PLUIE FAIBLE;3;34.9;0
Pontivy;48.06;-2.96;27/09/2026;19:00;17.6;7;PLUIE FAIBLE;3;34.6;0
Pontivy;48.06;-2.96;27/09/2026;20:00;16.2;7;PLUIE FAIBLE;5;32.8;0
Pontivy;48.06;-2.96;27/09/2026;21:00;15.3;7;PLUIE FAIBLE;5;28.8;0
Pontivy;48.06;-2.96;27/09/2026;22:00;14.4;7;PLUIE FAIBLE;5;23.8;0
Pontivy;48.06;-2.96;27/09/2026;23:00;14.6;2;NUAGEUX;2;19.1;0
Pontivy;48.06;-2.96;28/09/2026;00:00;14.6;2;NUAGEUX;2;15.8;0
Pontivy;48.06;-2.96;28/09/2026;01:00;14.6;2;NUAGEUX;2;13.7;0
Pontivy;48.06;-2.96;28/09/2026;02:00;12.6;6;AVERSES;5;11.9;0
Pontivy;48.06;-2.96;28/09/2026;03:00;12.6;6;AVERSES;5;11.2;0
Pontivy;48.06;-2.96;28/09/2026;04:00;12.6;6;AVERSES;5;11.5;0
Pontivy;48.06;-2.96;28/09/2026;05:00;13.1;2;NUAGEUX;2;11.9;0
Pontivy;48.06;-2.96;28/09/2026;06:00;13.1;2;NUAGEUX;2;11.9;0
Pontivy;48.06;-2.96;28/09/2026;07:00;13.1;2;NUAGEUX;2;12.2;0
Pontivy;48.06;-2.96;28/09/2026;08:00;14.6;6;AVERSES;5;13.0;0
Pontivy;48.06;-2.96;28/09/2026;09:00;15.6;6;AVERSES;5;15.1;0
Pontivy;48.06;-2.96;28/09/2026;10:00;16.6;6;AVERSES;5;17.6;0
Pontivy;48.06;-2.96;28/09/2026;11:00;19.9;6;AVERSES;4;19.4;0
Pontivy;48.06;-2.96;28/09/2026;12:00;19.9;6;AVERSES;4;19.4;0
Pontivy;48.06;-2.96;28/09/2026;13:00;19.9;6;AVERSES;4;18.7;0
Pontivy;48.06;-2.96;28/09/2026;14:00;20.7;6;AVERSES;5;18.7;0
Pontivy;48.06;-2.96;28/09/2026;15:00;21.7;6;AVERSES;5;20.2;0
Pontivy;48.06;-2.96;28/09/2026;16:00;20.7;6;AVERSES;5;22.0;0
Pontivy;48.06;-2.96;28/09/2026;17:00;18.2;6;AVERSES;3;23.4;0
Pontivy;48.06;-2.96;28/09/2026;18:00;18.2;6;AVERSES;3;24.1;0
Pontivy;48.06;-2.96;28/09/2026;19:00;18.2;6;AVERSES;3;24.8;0
Pontivy;48.06;-2.96;28/09/2026;20:00;16.6;6;AVERSES;5;24.8;0
Pontivy;48.06;-2.96;28/09/2026;21:00;15.6;6;AVERSES;5;23.8;0
Pontivy;48.06;-2.96;28/09/2026;22:00;14.6;6;AVERSES;5;22.3;0
Pontivy;48.06;-2.96;28/09/2026;23:00;16.2;2;NUAGEUX;5;22.7;0
Vannes;47.65;-2.76;24/09/2026;00:00;15.5;0;SOLEIL;3;27.7;0
Vannes;47.65;-2.76;24/09/2026;01:00;14.9;0;SOLEIL;3;20.9;0
Vannes;47.65;-2.76;24/09/2026;02:00;14.6;0;SOLEIL;3;22.7;0
Vannes;47.65;-2.76;24/09/2026;03:00;14.5;0;SOLEIL;3;22.0;0
Vannes;47.65;-2.76;24/09/2026;04:00;13.9;0;SOLEIL;3;21.6;0
Vannes;47.65;-2.76;24/09/2026;05:00;14;5;SOLEIL VOILÉ;3;19.4;0
Vannes;47.65;-2.76;24/09/2026;06:00;14.5;5;SOLEIL VOILÉ;3;18.4;0
Vannes;47.65;-2.76;24/09/2026;07:00;15.9;5;SOLEIL VOILÉ;3;19.1;0
Vannes;47.65;-2.76;24/09/2026;08:00;18.4;5;SOLEIL VOILÉ;4;18.7;0
Vannes;47.65;-2.76;24/09/2026;09:00;21;5;SOLEIL VOILÉ;3;21.6;0
Vannes;47.65;-2.76;24/09/2026;10:00;24.2;5;SOLEIL VOILÉ;4;23.8;0
Vannes;47.65;-2.76;24/09/2026;11:00;27.1;5;SOLEIL VOILÉ;3;23.4;0
Vannes;47.65;-2.76;24/09/2026;12:00;28.2;5;SOLEIL VOILÉ;3;24.5;0
Vannes;47.65;-2.76;24/09/2026;13:00;29;5;SOLEIL VOILÉ;3;25.2;0
Vannes;47.65;-2.76;24/09/2026;14:00;29.6;5;SOLEIL VOILÉ;3;25.6;0
Vannes;47.65;-2.76;24/09/2026;15:00;29.6;5;SOLEIL VOILÉ;3;26.6;0
Vannes;47.65;-2.76;24/09/2026;16:00;29.2;5;SOLEIL VOILÉ;3;28.1;0
Vannes;47.65;-2.76;24/09/2026;17:00;27.9;5;SOLEIL VOILÉ;2;28.1;0
Vannes;47.65;-2.76;24/09/2026;18:00;24.9;0;SOLEIL;2;23.8;0
Vannes;47.65;-2.76;24/09/2026;19:00;22.1;0;SOLEIL;1;23.4;0
Vannes;47.65;-2.76;24/09/2026;20:00;20.4;0;SOLEIL;1;18.7;0
Vannes;47.65;-2.76;24/09/2026;21:00;18.7;0;SOLEIL;1;15.8;0
Vannes;47.65;-2.76;24/09/2026;22:00;18.4;0;SOLEIL;2;2.5;0
Vannes;47.65;-2.76;24/09/2026;23:00;19;0;SOLEIL;2;4.7;0
Vannes;47.65;-2.76;25/09/2026;00:00;17.4;0;SOLEIL;1;6.1;0
Vannes;47.65;-2.76;25/09/2026;01:00;17.4;0;SOLEIL;1;4.7;0
Vannes;47.65;-2.76;25/09/2026;02:00;15.1;0;SOLEIL;3;4.3;0
Vannes;47.65;-2.76;25/09/2026;03:00;15.1;0;SOLEIL;3;4.3;0
Vannes;47.65;-2.76;25/09/2026;04:00;15.1;0;SOLEIL;3;4.3;0
Vannes;47.65;-2.76;25/09/2026;05:00;14.4;0;SOLEIL;3;3.2;0
Vannes;47.65;-2.76;25/09/2026;06:00;14.4;0;SOLEIL;3;3.6;0
Vannes;47.65;-2.76;25/09/2026;07:00;14.4;0;SOLEIL;3;3.2;0
Vannes;47.65;-2.76;25/09/2026;08:00;23.4;0;SOLEIL;3;4.0;0
Vannes;47.65;-2.76;25/09/2026;09:00;23.4;0;SOLEIL;3;8.4;0
Vannes;47.65;-2.76;25/09/2026;10:00;23.4;0;SOLEIL;3;9.0;0
Vannes;47.65;-2.76;25/09/2026;11:00;26.6;0;SOLEIL;4;11.1;0
Vannes;47.65;-2.76;25/09/2026;12:00;26.6;0;SOLEIL;4;11.5;0
Vannes;47.65;-2.76;25/09/2026;13:00;26.6;0;SOLEIL;4;13.0;0
Vannes;47.65;-2.76;25/09/2026;14:00;25.5;0;SOLEIL;4;19.1;0
Vannes;47.65;-2.76;25/09/2026;15:00;25.5;0;SOLEIL;4;25.9;0
Vannes;47.65;-2.76;25/09/2026;16:00;25.5;0;SOLEIL;4;28.4;0
Vannes;47.65;-2.76;25/09/2026;17:00;19.5;0;SOLEIL;3;28.8;0
Vannes;47.65;-2.76;25/09/2026;18:00;19.5;0;SOLEIL;3;28.1;0
Vannes;47.65;-2.76;25/09/2026;19:00;19.5;0;SOLEIL;3;24.1;0
Vannes;47.65;-2.76;25/09/2026;20:00;17.1;0;SOLEIL;3;18.7;0
Vannes;47.65;-2.76;25/09/2026;21:00;17.1;0;SOLEIL;3;37.4;0
Vannes;47.65;-2.76;25/09/2026;22:00;17.1;0;SOLEIL;3;39.6;0
Vannes;47.65;-2.76;25/09/2026;23:00;14.9;0;SOLEIL;4;37.8;0
Vannes;47.65;-2.76;26/09/2026;00:00;14.9;0;SOLEIL;4;33.1;0
Vannes;47.65;-2.76;26/09/2026;01:00;14.9;0;SOLEIL;4;29.2;0
Vannes;47.65;-2.76;26/09/2026;02:00;14.7;0;SOLEIL;3;26.3;0
Vannes;47.65;-2.76;26/09/2026;03:00;14.7;0;SOLEIL;3;21.2;0
Vannes;47.65;-2.76;26/09/2026;04:00;14.7;0;SOLEIL;3;23.8;0
Vannes;47.65;-2.76;26/09/2026;05:00;14.2;5;SOLEIL VOILÉ;3;24.5;0
Vannes;47.65;-2.76;26/09/2026;06:00;14.2;5;SOLEIL VOILÉ;3;23.4;0
Vannes;47.65;-2.76;26/09/2026;07:00;14.2;5;SOLEIL VOILÉ;3;22.7;0
Vannes;47.65;-2.76;26/09/2026;08:00;18.9;2;NUAGEUX;3;20.5;0
Vannes;47.65;-2.76;26/09/2026;09:00;18.9;2;NUAGEUX;3;19.1;0
Vannes;47.65;-2.76;26/09/2026;10:00;18.9;2;NUAGEUX;3;19.1;0
Vannes;47.65;-2.76;26/09/2026;11:00;22.4;5;SOLEIL VOILÉ;2;24.1;0
Vannes;47.65;-2.76;26/09/2026;12:00;22.4;5;SOLEIL VOILÉ;2;24.5;0
Vannes;47.65;-2.76;26/09/2026;13:00;22.4;5;SOLEIL VOILÉ;2;23.8;0
Vannes;47.65;-2.76;26/09/2026;14:00;22.9;0;SOLEIL;3;23.8;0
Vannes;47.65;-2.76;26/09/2026;15:00;22.9;0;SOLEIL;3;24.1;0
Vannes;47.65;-2.76;26/09/2026;16:00;22.9;0;SOLEIL;3;24.5;0
Vannes;47.65;-2.76;26/09/2026;17:00;19.5;5;SOLEIL VOILÉ;4;24.5;0
Vannes;47.65;-2.76;26/09/2026;18:00;19.5;5;SOLEIL VOILÉ;4;23.8;0
Vannes;47.65;-2.76;26/09/2026;19:00;19.5;5;SOLEIL VOILÉ;4;22.3;0
Vannes;47.65;-2.76;26/09/2026;20:00;18.3;2;NUAGEUX;5;21.2;0
Vannes;47.65;-2.76;26/09/2026;21:00;17.2;2;NUAGEUX;5;23.4;0
Vannes;47.65;-2.76;26/09/2026;22:00;16.1;2;NUAGEUX;5;25.2;0
Vannes;47.65;-2.76;26/09/2026;23:00;15.4;0;SOLEIL;3;25.9;0
Vannes;47.65;-2.76;27/09/2026;00:00;15.4;0;SOLEIL;3;26.6;0
Vannes;47.65;-2.76;27/09/2026;01:00;15.4;0;SOLEIL;3;25.9;0
Vannes;47.65;-2.76;27/09/2026;02:00;14.1;6;AVERSES;5;24.5;0
Vannes;47.65;-2.76;27/09/2026;03:00;14.1;6;AVERSES;5;23.4;0
Vannes;47.65;-2.76;27/09/2026;04:00;14.1;6;AVERSES;5;22.7;0
Vannes;47.65;-2.76;27/09/2026;05:00;15.1;2;NUAGEUX;3;22.3;0
Vannes;47.65;-2.76;27/09/2026;06:00;15.1;2;NUAGEUX;3;21.2;0
Vannes;47.65;-2.76;27/09/2026;07:00;15.1;2;NUAGEUX;3;18.7;0
Vannes;47.65;-2.76;27/09/2026;08:00;15.9;6;AVERSES;5;16.9;0
Vannes;47.65;-2.76;27/09/2026;09:00;16.7;6;AVERSES;5;16.2;0
Vannes;47.65;-2.76;27/09/2026;10:00;17.6;6;AVERSES;5;15.5;0
Vannes;47.65;-2.76;27/09/2026;11:00;21.1;6;AVERSES;5;17.6;0
Vannes;47.65;-2.76;27/09/2026;12:00;21.1;6;AVERSES;5;22.8;0
Vannes;47.65;-2.76;27/09/2026;13:00;21.1;6;AVERSES;5;27.0;0
Vannes;47.65;-2.76;27/09/2026;14:00;21.1;6;AVERSES;5;32.9;0
Vannes;47.65;-2.76;27/09/2026;15:00;22.0;6;AVERSES;5;34.6;0
Vannes;47.65;-2.76;27/09/2026;16:00;21.1;6;AVERSES;5;33.1;0
Vannes;47.65;-2.76;27/09/2026;17:00;18.9;6;AVERSES;3;31.7;0
Vannes;47.65;-2.76;27/09/2026;18:00;18.9;6;AVERSES;3;30.2;0
Vannes;47.65;-2.76;27/09/2026;19:00;18.9;6;AVERSES;3;29.2;0
Vannes;47.65;-2.76;27/09/2026;20:00;17.6;6;AVERSES;5;28.1;0
Vannes;47.65;-2.76;27/09/2026;21:00;16.7;6;AVERSES;5;28.8;0
Vannes;47.65;-2.76;27/09/2026;22:00;15.9;6;AVERSES;5;29.9;0
Vannes;47.65;-2.76;27/09/2026;23:00;16.6;2;NUAGEUX;3;28.8;0
Vannes;47.65;-2.76;28/09/2026;00:00;16.6;2;NUAGEUX;3;23.8;0
Vannes;47.65;-2.76;28/09/2026;01:00;16.6;2;NUAGEUX;3;16.9;0
Vannes;47.65;-2.76;28/09/2026;02:00;14.6;7;PLUIE FAIBLE;5;11.2;0
Vannes;47.65;-2.76;28/09/2026;03:00;14.6;7;PLUIE FAIBLE;5;7.6;0
Vannes;47.65;-2.76;28/09/2026;04:00;14.6;7;PLUIE FAIBLE;5;5.0;0
Vannes;47.65;-2.76;28/09/2026;05:00;15.1;7;PLUIE FAIBLE;1;4.3;0
Vannes;47.65;-2.76;28/09/2026;06:00;15.1;7;PLUIE FAIBLE;1;6.1;0
Vannes;47.65;-2.76;28/09/2026;07:00;15.1;7;PLUIE FAIBLE;1;9.4;0
Vannes;47.65;-2.76;28/09/2026;08:00;16.5;7;PLUIE FAIBLE;5;13.0;0
Vannes;47.65;-2.76;28/09/2026;09:00;17.4;7;PLUIE FAIBLE;5;16.2;0
Vannes;47.65;-2.76;28/09/2026;10:00;18.4;7;PLUIE FAIBLE;5;19.4;0
Vannes;47.65;-2.76;28/09/2026;11:00;21.7;6;AVERSES;4;21.6;0
Vannes;47.65;-2.76;28/09/2026;12:00;21.7;6;AVERSES;4;22.3;0
Vannes;47.65;-2.76;28/09/2026;13:00;21.7;6;AVERSES;4;22.3;0
Vannes;47.65;-2.76;28/09/2026;14:00;22.2;7;PLUIE FAIBLE;5;22.7;0
Vannes;47.65;-2.76;28/09/2026;15:00;23.1;7;PLUIE FAIBLE;5;24.1;0
Vannes;47.65;-2.76;28/09/2026;16:00;22.2;7;PLUIE FAIBLE;5;25.9;0
Vannes;47.65;-2.76;28/09/2026;17:00;19.6;7;PLUIE FAIBLE;3;27.0;0
Vannes;47.65;-2.76;28/09/2026;18:00;19.6;7;PLUIE FAIBLE;3;25.9;0
Vannes;47.65;-2.76;28/09/2026;19:00;19.6;7;PLUIE FAIBLE;3;24.5;0
Vannes;47.65;-2.76;28/09/2026;20:00;18.4;7;PLUIE FAIBLE;5;23.8;0
Vannes;47.65;-2.76;28/09/2026;21:00;17.4;7;PLUIE FAIBLE;5;25.6;0
Vannes;47.65;-2.76;28/09/2026;22:00;16.5;7;PLUIE FAIBLE;5;28.4;0
Vannes;47.65;-2.76;28/09/2026;23:00;18.1;2;NUAGEUX;5;31.3;0
