Ville;Latitude;Longitude;Date;Heure;temperature_2m;weathercode;Temps_Label;windspeed_10m;wind_gusts_10m;precipitation
Barcelonnette;44.38;6.65;22/09/2026;00:00;21.4;0;SOLEIL;2;6.1;0
Barcelonnette;44.38;6.65;22/09/2026;01:00;20.5;0;SOLEIL;1;2.9;0
Barcelonnette;44.38;6.65;22/09/2026;02:00;20.2;0;SOLEIL;1;8.6;0
Barcelonnette;44.38;6.65;22/09/2026;03:00;19.2;0;SOLEIL;1;10.4;0
Barcelonnette;44.38;6.65;22/09/2026;04:00;18.7;0;SOLEIL;1;10.4;0
Barcelonnette;44.38;6.65;22/09/2026;05:00;18.6;0;SOLEIL;1;10.1;0
Barcelonnette;44.38;6.65;22/09/2026;06:00;19.1;0;SOLEIL;1;7.9;0
Barcelonnette;44.38;6.65;22/09/2026;07:00;20.1;0;SOLEIL;0;5.8;0
Barcelonnette;44.38;6.65;22/09/2026;08:00;22.9;0;SOLEIL;1;7.6;0
Barcelonnette;44.38;6.65;22/09/2026;09:00;24.5;0;SOLEIL;2;8.3;0
Barcelonnette;44.38;6.65;22/09/2026;10:00;25.1;0;SOLEIL;2;4.3;0
Barcelonnette;44.38;6.65;22/09/2026;11:00;25;0;SOLEIL;3;14.4;0
Barcelonnette;44.38;6.65;22/09/2026;12:00;25.6;0;SOLEIL;3;16.6;0
Barcelonnette;44.38;6.65;22/09/2026;13:00;25.4;0;SOLEIL;3;19.4;0
Barcelonnette;44.38;6.65;22/09/2026;14:00;25.5;0;SOLEIL;3;23.8;0
Barcelonnette;44.38;6.65;22/09/2026;15:00;25.7;0;SOLEIL;2;23.4;0
Barcelonnette;44.38;6.65;22/09/2026;16:00;25.8;0;SOLEIL;2;23.0;0
Barcelonnette;44.38;6.65;22/09/2026;17:00;24.9;0;SOLEIL;2;21.6;0
Barcelonnette;44.38;6.65;22/09/2026;18:00;24.1;0;SOLEIL;1;19.8;0
Barcelonnette;44.38;6.65;22/09/2026;19:00;23.6;0;SOLEIL;1;18.0;0
Barcelonnette;44.38;6.65;22/09/2026;20:00;22.7;0;SOLEIL;1;14.0;0
Barcelonnette;44.38;6.65;22/09/2026;21:00;22.2;0;SOLEIL;1;9.0;0
Barcelonnette;44.38;6.65;22/09/2026;22:00;22;0;SOLEIL;2;7.9;0
Barcelonnette;44.38;6.65;22/09/2026;23:00;21.4;0;SOLEIL;2;7.6;0
Barcelonnette;44.38;6.65;23/09/2026;00:00;20.9;0;SOLEIL;2;5.8;0
Barcelonnette;44.38;6.65;23/09/2026;01:00;20.9;0;SOLEIL;2;7.6;0
Barcelonnette;44.38;6.65;23/09/2026;02:00;20.4;0;SOLEIL;3;9.7;0
Barcelonnette;44.38;6.65;23/09/2026;03:00;20.4;0;SOLEIL;3;9.4;0
Barcelonnette;44.38;6.65;23/09/2026;04:00;20.4;0;SOLEIL;3;13.0;0
Barcelonnette;44.38;6.65;23/09/2026;05:00;19.6;0;SOLEIL;3;13.3;0
Barcelonnette;44.38;6.65;23/09/2026;06:00;19.6;0;SOLEIL;3;12.6;0
Barcelonnette;44.38;6.65;23/09/2026;07:00;19.6;0;SOLEIL;3;11.9;0
Barcelonnette;44.38;6.65;23/09/2026;08:00;25.1;0;SOLEIL;1;13.7;0
Barcelonnette;44.38;6.65;23/09/2026;09:00;25.1;0;SOLEIL;1;16.2;0
Barcelonnette;44.38;6.65;23/09/2026;10:00;25.1;0;SOLEIL;1;17.3;0
Barcelonnette;44.38;6.65;23/09/2026;11:00;26.1;0;SOLEIL;4;13.3;0
Barcelonnette;44.38;6.65;23/09/2026;12:00;26.1;0;SOLEIL;4;17.7;0
Barcelonnette;44.38;6.65;23/09/2026;13:00;26.1;0;SOLEIL;4;23.9;0
Barcelonnette;44.38;6.65;23/09/2026;14:00;26.5;0;SOLEIL;3;26.0;0
Barcelonnette;44.38;6.65;23/09/2026;15:00;26.5;0;SOLEIL;3;26.6;0
Barcelonnette;44.38;6.65;23/09/2026;16:00;26.5;0;SOLEIL;3;26.6;0
Barcelonnette;44.38;6.65;23/09/2026;17:00;24.1;0;SOLEIL;1;23.4;0
Barcelonnette;44.38;6.65;23/09/2026;18:00;24.1;0;SOLEIL;1;21.2;0
Barcelonnette;44.38;6.65;23/09/2026;19:00;24.1;0;SOLEIL;1;16.9;0
Barcelonnette;44.38;6.65;23/09/2026;20:00;22.1;0;SOLEIL;1;12.2;0
Barcelonnette;44.38;6.65;23/09/2026;21:00;22.1;0;SOLEIL;1;5.4;0
Barcelonnette;44.38;6.65;23/09/2026;22:00;22.1;0;SOLEIL;1;3.6;0
Barcelonnette;44.38;6.65;23/09/2026;23:00;20.4;0;SOLEIL;2;12.2;0
Barcelonnette;44.38;6.65;24/09/2026;00:00;20.4;0;SOLEIL;2;13.0;0
Barcelonnette;44.38;6.65;24/09/2026;01:00;20.4;0;SOLEIL;2;11.5;0
Barcelonnette;44.38;6.65;24/09/2026;02:00;18.4;0;SOLEIL;2;13.7;0
Barcelonnette;44.38;6.65;24/09/2026;03:00;18.4;0;SOLEIL;2;14.8;0
Barcelonnette;44.38;6.65;24/09/2026;04:00;18.4;0;SOLEIL;2;18.4;0
Barcelonnette;44.38;6.65;24/09/2026;05:00;18.1;0;SOLEIL;3;16.9;0
Barcelonnette;44.38;6.65;24/09/2026;06:00;18.1;0;SOLEIL;3;8.6;0
Barcelonnette;44.38;6.65;24/09/2026;07:00;18.1;0;SOLEIL;3;5.8;0
Barcelonnette;44.38;6.65;24/09/2026;08:00;23.7;0;SOLEIL;4;5.0;0
Barcelonnette;44.38;6.65;24/09/2026;09:00;23.7;0;SOLEIL;4;5.4;0
Barcelonnette;44.38;6.65;24/09/2026;10:00;23.7;0;SOLEIL;4;16.6;0
Barcelonnette;44.38;6.65;24/09/2026;11:00;26.6;5;SOLEIL VOILÉ;5;28.1;0
Barcelonnette;44.38;6.65;24/09/2026;12:00;26.6;5;SOLEIL VOILÉ;5;35.6;0
Barcelonnette;44.38;6.65;24/09/2026;13:00;26.6;5;SOLEIL VOILÉ;5;42.1;0
Barcelonnette;44.38;6.65;24/09/2026;14:00;26.9;5;SOLEIL VOILÉ;10;48.2;0
Barcelonnette;44.38;6.65;24/09/2026;15:00;26.9;5;SOLEIL VOILÉ;10;52.9;0
Barcelonnette;44.38;6.65;24/09/2026;16:00;26.9;5;SOLEIL VOILÉ;10;56.5;0
Barcelonnette;44.38;6.65;24/09/2026;17:00;25.4;0;SOLEIL;9;60.1;0
Barcelonnette;44.38;6.65;24/09/2026;18:00;25.4;0;SOLEIL;9;63.7;0
Barcelonnette;44.38;6.65;24/09/2026;19:00;25.4;0;SOLEIL;9;64.8;0
Barcelonnette;44.38;6.65;24/09/2026;20:00;21.7;0;SOLEIL;5;64.1;0
Barcelonnette;44.38;6.65;24/09/2026;21:00;20.6;0;SOLEIL;5;59.0;0
Barcelonnette;44.38;6.65;24/09/2026;22:00;19.5;0;SOLEIL;5;56.5;0
Barcelonnette;44.38;6.65;24/09/2026;23:00;20.6;0;SOLEIL;7;49.7;0
Barcelonnette;44.38;6.65;25/09/2026;00:00;20.6;0;SOLEIL;7;40.0;0
Barcelonnette;44.38;6.65;25/09/2026;01:00;20.6;0;SOLEIL;7;33.1;0
Barcelonnette;44.38;6.65;25/09/2026;02:00;17.9;0;SOLEIL;5;26.3;0
Barcelonnette;44.38;6.65;25/09/2026;03:00;17.9;0;SOLEIL;5;13.3;0
Barcelonnette;44.38;6.65;25/09/2026;04:00;17.9;0;SOLEIL;5;10.1;0
Barcelonnette;44.38;6.65;25/09/2026;05:00;18.7;2;NUAGEUX;5;10.4;0
Barcelonnette;44.38;6.65;25/09/2026;06:00;18.7;2;NUAGEUX;5;7.2;0
Barcelonnette;44.38;6.65;25/09/2026;07:00;18.7;2;NUAGEUX;5;4.0;0
Barcelonnette;44.38;6.65;25/09/2026;08:00;19.9;0;SOLEIL;5;2.9;0
Barcelonnette;44.38;6.65;25/09/2026;09:00;20.8;0;SOLEIL;5;0.4;0
Barcelonnette;44.38;6.65;25/09/2026;10:00;21.8;0;SOLEIL;5;3.6;0
Barcelonnette;44.38;6.65;25/09/2026;11:00;25.9;0;SOLEIL;2;16.6;0
Barcelonnette;44.38;6.65;25/09/2026;12:00;25.9;0;SOLEIL;2;22.6;0
Barcelonnette;44.38;6.65;25/09/2026;13:00;25.9;0;SOLEIL;2;26.1;0
Barcelonnette;44.38;6.65;25/09/2026;14:00;25.7;0;SOLEIL;5;29.5;0
Barcelonnette;44.38;6.65;25/09/2026;15:00;26.7;0;SOLEIL;5;31.3;0
Barcelonnette;44.38;6.65;25/09/2026;16:00;25.7;0;SOLEIL;5;31.3;0
Barcelonnette;44.38;6.65;25/09/2026;17:00;24.2;0;SOLEIL;5;30.2;0
Barcelonnette;44.38;6.65;25/09/2026;18:00;24.2;0;SOLEIL;5;28.1;0
Barcelonnette;44.38;6.65;25/09/2026;19:00;24.2;0;SOLEIL;5;25.2;0
Barcelonnette;44.38;6.65;25/09/2026;20:00;21.8;0;SOLEIL;5;23.0;0
Barcelonnette;44.38;6.65;25/09/2026;21:00;20.8;0;SOLEIL;5;22.3;0
Barcelonnette;44.38;6.65;25/09/2026;22:00;19.9;0;SOLEIL;5;22.3;0
Barcelonnette;44.38;6.65;25/09/2026;23:00;21.2;0;SOLEIL;3;21.2;0
Barcelonnette;44.38;6.65;26/09/2026;00:00;21.2;0;SOLEIL;3;18.4;0
Barcelonnette;44.38;6.65;26/09/2026;01:00;21.2;0;SOLEIL;3;14.4;0
Barcelonnette;44.38;6.65;26/09/2026;02:00;18.6;0;SOLEIL;5;11.5;0
Barcelonnette;44.38;6.65;26/09/2026;03:00;18.6;0;SOLEIL;5;10.4;0
Barcelonnette;44.38;6.65;26/09/2026;04:00;18.6;0;SOLEIL;5;10.4;0
Barcelonnette;44.38;6.65;26/09/2026;05:00;19.4;0;SOLEIL;2;11.2;0
Barcelonnette;44.38;6.65;26/09/2026;06:00;19.4;0;SOLEIL;2;12.2;0
Barcelonnette;44.38;6.65;26/09/2026;07:00;19.4;0;SOLEIL;2;13.3;0
Barcelonnette;44.38;6.65;26/09/2026;08:00;20.4;0;SOLEIL;5;15.1;0
Barcelonnette;44.38;6.65;26/09/2026;09:00;21.3;0;SOLEIL;5;16.6;0
Barcelonnette;44.38;6.65;26/09/2026;10:00;22.2;0;SOLEIL;5;18.0;0
Barcelonnette;44.38;6.65;26/09/2026;11:00;26.1;0;SOLEIL;5;21.2;0
Barcelonnette;44.38;6.65;26/09/2026;12:00;26.1;0;SOLEIL;5;28.1;0
Barcelonnette;44.38;6.65;26/09/2026;13:00;26.1;0;SOLEIL;5;36.4;0
Barcelonnette;44.38;6.65;26/09/2026;14:00;25.7;0;SOLEIL;5;42.5;0
Barcelonnette;44.38;6.65;26/09/2026;15:00;26.6;0;SOLEIL;5;44.3;0
Barcelonnette;44.38;6.65;26/09/2026;16:00;25.7;0;SOLEIL;5;43.9;0
Barcelonnette;44.38;6.65;26/09/2026;17:00;23.9;0;SOLEIL;4;42.8;0
Barcelonnette;44.38;6.65;26/09/2026;18:00;23.9;0;SOLEIL;4;41.8;0
Barcelonnette;44.38;6.65;26/09/2026;19:00;23.9;0;SOLEIL;4;40.0;0
Barcelonnette;44.38;6.65;26/09/2026;20:00;22.2;0;SOLEIL;5;37.4;0
Barcelonnette;44.38;6.65;26/09/2026;21:00;21.3;0;SOLEIL;5;33.1;0
Barcelonnette;44.38;6.65;26/09/2026;22:00;20.4;0;SOLEIL;5;28.1;0
Barcelonnette;44.38;6.65;26/09/2026;23:00;21.6;0;SOLEIL;3;23.8;0
Digne-les-Bains;44.09;6.23;22/09/2026;00:00;8.5;0;SOLEIL;1;4.3;0
Digne-les-Bains;44.09;6.23;22/09/2026;01:00;8;0;SOLEIL;1;5.0;0
Digne-les-Bains;44.09;6.23;22/09/2026;02:00;7.6;0;SOLEIL;1;5.0;0
Digne-les-Bains;44.09;6.23;22/09/2026;03:00;6.9;0;SOLEIL;1;5.0;0
Digne-les-Bains;44.09;6.23;22/09/2026;04:00;6.4;0;SOLEIL;1;6.1;0
Digne-les-Bains;44.09;6.23;22/09/2026;05:00;5.9;0;SOLEIL;1;6.5;0
Digne-les-Bains;44.09;6.23;22/09/2026;06:00;6.6;0;SOLEIL;1;6.1;0
Digne-les-Bains;44.09;6.23;22/09/2026;07:00;10.5;0;SOLEIL;1;6.1;0
Digne-les-Bains;44.09;6.23;22/09/2026;08:00;15.6;0;SOLEIL;0;6.5;0
Digne-les-Bains;44.09;6.23;22/09/2026;09:00;19.1;0;SOLEIL;0;6.5;0
Digne-les-Bains;44.09;6.23;22/09/2026;10:00;21.5;0;SOLEIL;0;4.3;0
Digne-les-Bains;44.09;6.23;22/09/2026;11:00;24;0;SOLEIL;0;4.0;0
Digne-les-Bains;44.09;6.23;22/09/2026;12:00;23.9;0;SOLEIL;3;9.4;0
Digne-les-Bains;44.09;6.23;22/09/2026;13:00;24.1;0;SOLEIL;3;22.0;0
Digne-les-Bains;44.09;6.23;22/09/2026;14:00;23.6;0;SOLEIL;3;33.8;0
Digne-les-Bains;44.09;6.23;22/09/2026;15:00;24.1;0;SOLEIL;3;39.2;0
Digne-les-Bains;44.09;6.23;22/09/2026;16:00;23.3;0;SOLEIL;2;41.8;0
Digne-les-Bains;44.09;6.23;22/09/2026;17:00;20.6;0;SOLEIL;1;41.8;0
Digne-les-Bains;44.09;6.23;22/09/2026;18:00;16.1;0;SOLEIL;1;40.7;0
Digne-les-Bains;44.09;6.23;22/09/2026;19:00;14.1;0;SOLEIL;1;33.1;0
Digne-les-Bains;44.09;6.23;22/09/2026;20:00;11.8;0;SOLEIL;1;18.0;0
Digne-les-Bains;44.09;6.23;22/09/2026;21:00;10.6;0;SOLEIL;1;6.5;0
Digne-les-Bains;44.09;6.23;22/09/2026;22:00;9.5;0;SOLEIL;1;5.8;0
Digne-les-Bains;44.09;6.23;22/09/2026;23:00;8.5;0;SOLEIL;1;5.4;0
Digne-les-Bains;44.09;6.23;23/09/2026;00:00;8;0;SOLEIL;1;5.4;0
Digne-les-Bains;44.09;6.23;23/09/2026;01:00;8;0;SOLEIL;1;5.4;0
Digne-les-Bains;44.09;6.23;23/09/2026;02:00;7.1;0;SOLEIL;1;5.8;0
Digne-les-Bains;44.09;6.23;23/09/2026;03:00;7.1;0;SOLEIL;1;4.7;0
Digne-les-Bains;44.09;6.23;23/09/2026;04:00;7.1;0;SOLEIL;1;4.7;0
Digne-les-Bains;44.09;6.23;23/09/2026;05:00;7;0;SOLEIL;0;4.7;0
Digne-les-Bains;44.09;6.23;23/09/2026;06:00;7;0;SOLEIL;0;4.7;0
Digne-les-Bains;44.09;6.23;23/09/2026;07:00;7;0;SOLEIL;0;4.3;0
Digne-les-Bains;44.09;6.23;23/09/2026;08:00;18.5;0;SOLEIL;2;4.0;0
Digne-les-Bains;44.09;6.23;23/09/2026;09:00;18.5;0;SOLEIL;2;2.5;0
Digne-les-Bains;44.09;6.23;23/09/2026;10:00;18.5;0;SOLEIL;2;3.6;0
Digne-les-Bains;44.09;6.23;23/09/2026;11:00;23.2;0;SOLEIL;2;7.9;0
Digne-les-Bains;44.09;6.23;23/09/2026;12:00;23.2;0;SOLEIL;2;23.7;0
Digne-les-Bains;44.09;6.23;23/09/2026;13:00;23.2;0;SOLEIL;2;30.8;0
Digne-les-Bains;44.09;6.23;23/09/2026;14:00;23.7;0;SOLEIL;2;31.2;0
Digne-les-Bains;44.09;6.23;23/09/2026;15:00;23.7;0;SOLEIL;2;28.8;0
Digne-les-Bains;44.09;6.23;23/09/2026;16:00;23.7;0;SOLEIL;2;28.4;0
Digne-les-Bains;44.09;6.23;23/09/2026;17:00;15.2;0;SOLEIL;2;26.6;0
Digne-les-Bains;44.09;6.23;23/09/2026;18:00;15.2;0;SOLEIL;2;25.6;0
Digne-les-Bains;44.09;6.23;23/09/2026;19:00;15.2;0;SOLEIL;2;24.1;0
Digne-les-Bains;44.09;6.23;23/09/2026;20:00;9.6;0;SOLEIL;1;18.0;0
Digne-les-Bains;44.09;6.23;23/09/2026;21:00;9.6;0;SOLEIL;1;15.1;0
Digne-les-Bains;44.09;6.23;23/09/2026;22:00;9.6;0;SOLEIL;1;10.4;0
Digne-les-Bains;44.09;6.23;23/09/2026;23:00;7.4;0;SOLEIL;0;14.0;0
Digne-les-Bains;44.09;6.23;24/09/2026;00:00;7.4;0;SOLEIL;0;15.8;0
Digne-les-Bains;44.09;6.23;24/09/2026;01:00;7.4;0;SOLEIL;0;15.8;0
Digne-les-Bains;44.09;6.23;24/09/2026;02:00;5.6;0;SOLEIL;1;16.6;0
Digne-les-Bains;44.09;6.23;24/09/2026;03:00;5.6;0;SOLEIL;1;15.8;0
Digne-les-Bains;44.09;6.23;24/09/2026;04:00;5.6;0;SOLEIL;1;18.0;0
Digne-les-Bains;44.09;6.23;24/09/2026;05:00;6.1;0;SOLEIL;1;19.8;0
Digne-les-Bains;44.09;6.23;24/09/2026;06:00;6.1;0;SOLEIL;1;17.3;0
Digne-les-Bains;44.09;6.23;24/09/2026;07:00;6.1;0;SOLEIL;1;12.6;0
Digne-les-Bains;44.09;6.23;24/09/2026;08:00;18.4;0;SOLEIL;1;10.4;0
Digne-les-Bains;44.09;6.23;24/09/2026;09:00;18.4;0;SOLEIL;1;12.6;0
Digne-les-Bains;44.09;6.23;24/09/2026;10:00;18.4;0;SOLEIL;1;11.9;0
Digne-les-Bains;44.09;6.23;24/09/2026;11:00;23.9;5;SOLEIL VOILÉ;2;10.8;0
Digne-les-Bains;44.09;6.23;24/09/2026;12:00;23.9;5;SOLEIL VOILÉ;2;10.1;0
Digne-les-Bains;44.09;6.23;24/09/2026;13:00;23.9;5;SOLEIL VOILÉ;2;15.5;0
Digne-les-Bains;44.09;6.23;24/09/2026;14:00;23.5;5;SOLEIL VOILÉ;2;18.7;0
Digne-les-Bains;44.09;6.23;24/09/2026;15:00;23.5;5;SOLEIL VOILÉ;2;19.8;0
Digne-les-Bains;44.09;6.23;24/09/2026;16:00;23.5;5;SOLEIL VOILÉ;2;20.2;0
Digne-les-Bains;44.09;6.23;24/09/2026;17:00;15;0;SOLEIL;2;19.8;0
Digne-les-Bains;44.09;6.23;24/09/2026;18:00;15;0;SOLEIL;2;17.3;0
Digne-les-Bains;44.09;6.23;24/09/2026;19:00;15;0;SOLEIL;2;14.0;0
Digne-les-Bains;44.09;6.23;24/09/2026;20:00;13.8;0;SOLEIL;5;12.2;0
Digne-les-Bains;44.09;6.23;24/09/2026;21:00;11.5;0;SOLEIL;5;13.7;0
Digne-les-Bains;44.09;6.23;24/09/2026;22:00;9.2;0;SOLEIL;5;16.6;0
Digne-les-Bains;44.09;6.23;24/09/2026;23:00;7.5;0;SOLEIL;2;18.7;0
Digne-les-Bains;44.09;6.23;25/09/2026;00:00;7.5;0;SOLEIL;2;18.4;0
Digne-les-Bains;44.09;6.23;25/09/2026;01:00;7.5;0;SOLEIL;2;17.3;0
Digne-les-Bains;44.09;6.23;25/09/2026;02:00;4.6;2;NUAGEUX;5;15.8;0
Digne-les-Bains;44.09;6.23;25/09/2026;03:00;4.6;2;NUAGEUX;5;15.1;0
Digne-les-Bains;44.09;6.23;25/09/2026;04:00;4.6;2;NUAGEUX;5;14.0;0
Digne-les-Bains;44.09;6.23;25/09/2026;05:00;6.1;2;NUAGEUX;2;13.3;0
Digne-les-Bains;44.09;6.23;25/09/2026;06:00;6.1;2;NUAGEUX;2;12.2;0
Digne-les-Bains;44.09;6.23;25/09/2026;07:00;6.1;2;NUAGEUX;2;10.8;0
Digne-les-Bains;44.09;6.23;25/09/2026;08:00;9.0;2;NUAGEUX;5;10.8;0
Digne-les-Bains;44.09;6.23;25/09/2026;09:00;11.2;2;NUAGEUX;5;12.2;0
Digne-les-Bains;44.09;6.23;25/09/2026;10:00;13.4;2;NUAGEUX;5;14.4;0
Digne-les-Bains;44.09;6.23;25/09/2026;11:00;23.6;2;NUAGEUX;3;17.3;0
Digne-les-Bains;44.09;6.23;25/09/2026;12:00;23.6;2;NUAGEUX;3;21.2;0
Digne-les-Bains;44.09;6.23;25/09/2026;13:00;23.6;2;NUAGEUX;3;25.9;0
Digne-les-Bains;44.09;6.23;25/09/2026;14:00;22.3;2;NUAGEUX;5;29.2;0
Digne-les-Bains;44.09;6.23;25/09/2026;15:00;24.5;2;NUAGEUX;5;30.2;0
Digne-les-Bains;44.09;6.23;25/09/2026;16:00;22.3;2;NUAGEUX;5;29.5;0
Digne-les-Bains;44.09;6.23;25/09/2026;17:00;15.4;0;SOLEIL;0;28.1;0
Digne-les-Bains;44.09;6.23;25/09/2026;18:00;15.4;0;SOLEIL;0;24.8;0
Digne-les-Bains;44.09;6.23;25/09/2026;19:00;15.4;0;SOLEIL;0;20.5;0
Digne-les-Bains;44.09;6.23;25/09/2026;20:00;13.4;2;NUAGEUX;5;16.9;0
Digne-les-Bains;44.09;6.23;25/09/2026;21:00;11.2;2;NUAGEUX;5;15.5;0
Digne-les-Bains;44.09;6.23;25/09/2026;22:00;9.0;2;NUAGEUX;5;14.8;0
Digne-les-Bains;44.09;6.23;25/09/2026;23:00;7.1;0;SOLEIL;0;14.4;0
Digne-les-Bains;44.09;6.23;26/09/2026;00:00;7.1;0;SOLEIL;0;14.0;0
Digne-les-Bains;44.09;6.23;26/09/2026;01:00;7.1;0;SOLEIL;0;13.7;0
Digne-les-Bains;44.09;6.23;26/09/2026;02:00;3.7;0;SOLEIL;5;13.0;0
Digne-les-Bains;44.09;6.23;26/09/2026;03:00;3.7;0;SOLEIL;5;11.9;0
Digne-les-Bains;44.09;6.23;26/09/2026;04:00;3.7;0;SOLEIL;5;10.4;0
Digne-les-Bains;44.09;6.23;26/09/2026;05:00;5.5;0;SOLEIL;1;9.0;0
Digne-les-Bains;44.09;6.23;26/09/2026;06:00;5.5;0;SOLEIL;1;9.9;0
Digne-les-Bains;44.09;6.23;26/09/2026;07:00;5.5;0;SOLEIL;1;10.4;0
Digne-les-Bains;44.09;6.23;26/09/2026;08:00;8.5;0;SOLEIL;5;11.4;0
Digne-les-Bains;44.09;6.23;26/09/2026;09:00;11.0;0;SOLEIL;5;16.6;0
Digne-les-Bains;44.09;6.23;26/09/2026;10:00;13.4;0;SOLEIL;5;16.9;0
Digne-les-Bains;44.09;6.23;26/09/2026;11:00;24.1;0;SOLEIL;2;17.6;0
Digne-les-Bains;44.09;6.23;26/09/2026;12:00;24.1;0;SOLEIL;2;19.8;0
Digne-les-Bains;44.09;6.23;26/09/2026;13:00;24.1;0;SOLEIL;2;22.3;0
Digne-les-Bains;44.09;6.23;26/09/2026;14:00;23.1;0;SOLEIL;5;24.5;0
Digne-les-Bains;44.09;6.23;26/09/2026;15:00;25.5;0;SOLEIL;5;25.9;0
Digne-les-Bains;44.09;6.23;26/09/2026;16:00;23.1;0;SOLEIL;5;26.6;0
Digne-les-Bains;44.09;6.23;26/09/2026;17:00;15.4;0;SOLEIL;0;26.6;0
Digne-les-Bains;44.09;6.23;26/09/2026;18:00;15.4;0;SOLEIL;0;25.2;0
Digne-les-Bains;44.09;6.23;26/09/2026;19:00;15.4;0;SOLEIL;0;23.0;0
Digne-les-Bains;44.09;6.23;26/09/2026;20:00;13.4;0;SOLEIL;5;21.6;0
Digne-les-Bains;44.09;6.23;26/09/2026;21:00;11.0;0;SOLEIL;5;20.9;0
Digne-les-Bains;44.09;6.23;26/09/2026;22:00;8.5;0;SOLEIL;5;20.9;0
Digne-les-Bains;44.09;6.23;26/09/2026;23:00;8.4;0;SOLEIL;1;21.2;0
Forcalquier;43.96;5.78;22/09/2026;00:00;16.6;0;SOLEIL;1;7.2;0
Forcalquier;43.96;5.78;22/09/2026;01:00;16.4;0;SOLEIL;1;8.6;0
Forcalquier;43.96;5.78;22/09/2026;02:00;15.9;0;SOLEIL;1;12.2;0
Forcalquier;43.96;5.78;22/09/2026;03:00;15.2;0;SOLEIL;1;12.2;0
Forcalquier;43.96;5.78;22/09/2026;04:00;14.4;0;SOLEIL;1;11.2;0
Forcalquier;43.96;5.78;22/09/2026;05:00;14.1;0;SOLEIL;1;11.5;0
Forcalquier;43.96;5.78;22/09/2026;06:00;15.2;0;SOLEIL;0;11.5;0
Forcalquier;43.96;5.78;22/09/2026;07:00;17.4;0;SOLEIL;0;11.2;0
Forcalquier;43.96;5.78;22/09/2026;08:00;20;0;SOLEIL;0;9.0;0
Forcalquier;43.96;5.78;22/09/2026;09:00;23;0;SOLEIL;1;7.9;0
Forcalquier;43.96;5.78;22/09/2026;10:00;25.6;0;SOLEIL;2;6.5;0
Forcalquier;43.96;5.78;22/09/2026;11:00;27.1;0;SOLEIL;3;10.4;0
Forcalquier;43.96;5.78;22/09/2026;12:00;28.2;0;SOLEIL;3;15.1;0
Forcalquier;43.96;5.78;22/09/2026;13:00;28.7;0;SOLEIL;3;19.8;0
Forcalquier;43.96;5.78;22/09/2026;14:00;28.7;0;SOLEIL;3;20.2;0
Forcalquier;43.96;5.78;22/09/2026;15:00;28.7;0;SOLEIL;3;22.0;0
Forcalquier;43.96;5.78;22/09/2026;16:00;28;0;SOLEIL;3;21.6;0
Forcalquier;43.96;5.78;22/09/2026;17:00;26.1;0;SOLEIL;3;24.5;0
Forcalquier;43.96;5.78;22/09/2026;18:00;23.1;0;SOLEIL;3;27.4;0
Forcalquier;43.96;5.78;22/09/2026;19:00;20.9;0;SOLEIL;3;28.4;0
Forcalquier;43.96;5.78;22/09/2026;20:00;19;0;SOLEIL;2;25.2;0
Forcalquier;43.96;5.78;22/09/2026;21:00;17.5;0;SOLEIL;1;14.8;0
Forcalquier;43.96;5.78;22/09/2026;22:00;17.5;0;SOLEIL;1;7.6;0
Forcalquier;43.96;5.78;22/09/2026;23:00;16.1;0;SOLEIL;1;13.3;0
Forcalquier;43.96;5.78;23/09/2026;00:00;15.2;0;SOLEIL;1;13.3;0
Forcalquier;43.96;5.78;23/09/2026;01:00;15.2;0;SOLEIL;1;10.4;0
Forcalquier;43.96;5.78;23/09/2026;02:00;12.6;0;SOLEIL;1;10.4;0
Forcalquier;43.96;5.78;23/09/2026;03:00;12.6;0;SOLEIL;1;10.8;0
Forcalquier;43.96;5.78;23/09/2026;04:00;12.6;0;SOLEIL;1;10.4;0
Forcalquier;43.96;5.78;23/09/2026;05:00;13;0;SOLEIL;1;10.4;0
Forcalquier;43.96;5.78;23/09/2026;06:00;13;0;SOLEIL;1;11.5;0
Forcalquier;43.96;5.78;23/09/2026;07:00;13;0;SOLEIL;1;11.2;0
Forcalquier;43.96;5.78;23/09/2026;08:00;21.4;0;SOLEIL;1;11.9;0
Forcalquier;43.96;5.78;23/09/2026;09:00;21.4;0;SOLEIL;1;9.4;0
Forcalquier;43.96;5.78;23/09/2026;10:00;21.4;0;SOLEIL;1;5.8;0
Forcalquier;43.96;5.78;23/09/2026;11:00;25.7;0;SOLEIL;3;11.5;0
Forcalquier;43.96;5.78;23/09/2026;12:00;25.7;0;SOLEIL;3;16.7;0
Forcalquier;43.96;5.78;23/09/2026;13:00;25.7;0;SOLEIL;3;21.4;0
Forcalquier;43.96;5.78;23/09/2026;14:00;26.1;0;SOLEIL;3;21.7;0
Forcalquier;43.96;5.78;23/09/2026;15:00;26.1;0;SOLEIL;3;21.6;0
Forcalquier;43.96;5.78;23/09/2026;16:00;26.1;0;SOLEIL;3;21.2;0
Forcalquier;43.96;5.78;23/09/2026;17:00;22.1;0;SOLEIL;3;20.5;0
Forcalquier;43.96;5.78;23/09/2026;18:00;22.1;0;SOLEIL;3;20.9;0
Forcalquier;43.96;5.78;23/09/2026;19:00;22.1;0;SOLEIL;3;20.9;0
Forcalquier;43.96;5.78;23/09/2026;20:00;15.4;0;SOLEIL;2;19.1;0
Forcalquier;43.96;5.78;23/09/2026;21:00;15.4;0;SOLEIL;2;7.6;0
Forcalquier;43.96;5.78;23/09/2026;22:00;15.4;0;SOLEIL;2;5.8;0
Forcalquier;43.96;5.78;23/09/2026;23:00;12.6;0;SOLEIL;0;9.0;0
Forcalquier;43.96;5.78;24/09/2026;00:00;12.6;0;SOLEIL;0;9.0;0
Forcalquier;43.96;5.78;24/09/2026;01:00;12.6;0;SOLEIL;0;10.1;0
Forcalquier;43.96;5.78;24/09/2026;02:00;10.4;0;SOLEIL;1;10.1;0
Forcalquier;43.96;5.78;24/09/2026;03:00;10.4;0;SOLEIL;1;9.7;0
Forcalquier;43.96;5.78;24/09/2026;04:00;10.4;0;SOLEIL;1;10.1;0
Forcalquier;43.96;5.78;24/09/2026;05:00;10.1;0;SOLEIL;1;10.4;0
Forcalquier;43.96;5.78;24/09/2026;06:00;10.1;0;SOLEIL;1;9.7;0
Forcalquier;43.96;5.78;24/09/2026;07:00;10.1;0;SOLEIL;1;10.1;0
Forcalquier;43.96;5.78;24/09/2026;08:00;19.6;0;SOLEIL;1;10.1;0
Forcalquier;43.96;5.78;24/09/2026;09:00;19.6;0;SOLEIL;1;9.4;0
Forcalquier;43.96;5.78;24/09/2026;10:00;19.6;0;SOLEIL;1;7.6;0
Forcalquier;43.96;5.78;24/09/2026;11:00;26.7;5;SOLEIL VOILÉ;3;10.8;0
Forcalquier;43.96;5.78;24/09/2026;12:00;26.7;5;SOLEIL VOILÉ;3;16.6;0
Forcalquier;43.96;5.78;24/09/2026;13:00;26.7;5;SOLEIL VOILÉ;3;28.1;0
Forcalquier;43.96;5.78;24/09/2026;14:00;27.7;5;SOLEIL VOILÉ;4;34.2;0
Forcalquier;43.96;5.78;24/09/2026;15:00;27.7;5;SOLEIL VOILÉ;4;38.9;0
Forcalquier;43.96;5.78;24/09/2026;16:00;27.7;5;SOLEIL VOILÉ;4;41.4;0
Forcalquier;43.96;5.78;24/09/2026;17:00;21.1;5;SOLEIL VOILÉ;3;40.7;0
Forcalquier;43.96;5.78;24/09/2026;18:00;21.1;5;SOLEIL VOILÉ;3;34.6;0
Forcalquier;43.96;5.78;24/09/2026;19:00;21.1;5;SOLEIL VOILÉ;3;25.2;0
Forcalquier;43.96;5.78;24/09/2026;20:00;17.6;2;NUAGEUX;5;17.3;0
Forcalquier;43.96;5.78;24/09/2026;21:00;15.4;2;NUAGEUX;5;13.3;0
Forcalquier;43.96;5.78;24/09/2026;22:00;13.1;2;NUAGEUX;5;10.8;0
Forcalquier;43.96;5.78;24/09/2026;23:00;13.1;0;SOLEIL;1;9.4;0
Forcalquier;43.96;5.78;25/09/2026;00:00;13.1;0;SOLEIL;1;9.0;0
Forcalquier;43.96;5.78;25/09/2026;01:00;13.1;0;SOLEIL;1;9.4;0
Forcalquier;43.96;5.78;25/09/2026;02:00;8.6;0;SOLEIL;5;9.7;0
Forcalquier;43.96;5.78;25/09/2026;03:00;8.6;0;SOLEIL;5;9.7;0
Forcalquier;43.96;5.78;25/09/2026;04:00;8.6;0;SOLEIL;5;9.7;0
Forcalquier;43.96;5.78;25/09/2026;05:00;10;2;NUAGEUX;1;10.1;0
Forcalquier;43.96;5.78;25/09/2026;06:00;10;2;NUAGEUX;1;11.2;0
Forcalquier;43.96;5.78;25/09/2026;07:00;10;2;NUAGEUX;1;12.2;0
Forcalquier;43.96;5.78;25/09/2026;08:00;12.8;0;SOLEIL;5;12.6;0
Forcalquier;43.96;5.78;25/09/2026;09:00;14.9;0;SOLEIL;5;10.1;0
Forcalquier;43.96;5.78;25/09/2026;10:00;17.0;0;SOLEIL;5;6.8;0
Forcalquier;43.96;5.78;25/09/2026;11:00;25.7;0;SOLEIL;3;6.1;0
Forcalquier;43.96;5.78;25/09/2026;12:00;25.7;0;SOLEIL;3;11.2;0
Forcalquier;43.96;5.78;25/09/2026;13:00;25.7;0;SOLEIL;3;19.1;0
Forcalquier;43.96;5.78;25/09/2026;14:00;25.4;0;SOLEIL;5;24.8;0
Forcalquier;43.96;5.78;25/09/2026;15:00;27.5;0;SOLEIL;5;26.3;0
Forcalquier;43.96;5.78;25/09/2026;16:00;25.4;0;SOLEIL;5;25.6;0
Forcalquier;43.96;5.78;25/09/2026;17:00;19.7;0;SOLEIL;2;24.8;0
Forcalquier;43.96;5.78;25/09/2026;18:00;19.7;0;SOLEIL;2;25.6;0
Forcalquier;43.96;5.78;25/09/2026;19:00;19.7;0;SOLEIL;2;25.9;0
Forcalquier;43.96;5.78;25/09/2026;20:00;17.0;0;SOLEIL;5;24.1;0
Forcalquier;43.96;5.78;25/09/2026;21:00;14.9;0;SOLEIL;5;17.6;0
Forcalquier;43.96;5.78;25/09/2026;22:00;12.8;0;SOLEIL;5;9.4;0
Forcalquier;43.96;5.78;25/09/2026;23:00;13.6;0;SOLEIL;1;3.6;0
Forcalquier;43.96;5.78;26/09/2026;00:00;13.6;0;SOLEIL;1;3.6;0
Forcalquier;43.96;5.78;26/09/2026;01:00;13.6;0;SOLEIL;1;6.1;0
Forcalquier;43.96;5.78;26/09/2026;02:00;10.1;0;SOLEIL;5;8.3;0
Forcalquier;43.96;5.78;26/09/2026;03:00;10.1;0;SOLEIL;5;8.6;0
Forcalquier;43.96;5.78;26/09/2026;04:00;10.1;0;SOLEIL;5;8.3;0
Forcalquier;43.96;5.78;26/09/2026;05:00;11.1;0;SOLEIL;1;7.9;0
Forcalquier;43.96;5.78;26/09/2026;06:00;11.1;0;SOLEIL;1;8.6;0
Forcalquier;43.96;5.78;26/09/2026;07:00;11.1;0;SOLEIL;1;9.4;0
Forcalquier;43.96;5.78;26/09/2026;08:00;14.0;0;SOLEIL;5;10.1;0
Forcalquier;43.96;5.78;26/09/2026;09:00;15.9;0;SOLEIL;5;12.2;0
Forcalquier;43.96;5.78;26/09/2026;10:00;17.9;0;SOLEIL;5;10.4;0
Forcalquier;43.96;5.78;26/09/2026;11:00;25.2;0;SOLEIL;3;10.1;0
Forcalquier;43.96;5.78;26/09/2026;12:00;25.2;0;SOLEIL;3;12.2;0
Forcalquier;43.96;5.78;26/09/2026;13:00;25.2;0;SOLEIL;3;15.5;0
Forcalquier;43.96;5.78;26/09/2026;14:00;25.7;0;SOLEIL;5;18.4;0
Forcalquier;43.96;5.78;26/09/2026;15:00;27.6;0;SOLEIL;5;20.9;0
Forcalquier;43.96;5.78;26/09/2026;16:00;25.7;0;SOLEIL;5;22.7;0
Forcalquier;43.96;5.78;26/09/2026;17:00;20.6;0;SOLEIL;1;23.0;0
Forcalquier;43.96;5.78;26/09/2026;18:00;20.6;0;SOLEIL;1;19.8;0
Forcalquier;43.96;5.78;26/09/2026;19:00;20.6;0;SOLEIL;1;15.1;0
Forcalquier;43.96;5.78;26/09/2026;20:00;17.9;0;SOLEIL;5;11.2;0
Forcalquier;43.96;5.78;26/09/2026;21:00;15.9;0;SOLEIL;5;9.7;0
Forcalquier;43.96;5.78;26/09/2026;22:00;14.0;0;SOLEIL;5;9.7;0
Forcalquier;43.96;5.78;26/09/2026;23:00;13.6;0;SOLEIL;1;9.7;0
Briançon;44.89;6.64;22/09/2026;00:00;15.1;0;SOLEIL;1;11.9;0
Briançon;44.89;6.64;22/09/2026;01:00;14.2;0;SOLEIL;1;10.4;0
Briançon;44.89;6.64;22/09/2026;02:00;13.6;0;SOLEIL;0;11.2;0
Briançon;44.89;6.64;22/09/2026;03:00;13.2;0;SOLEIL;1;10.1;0
Briançon;44.89;6.64;22/09/2026;04:00;12.6;0;SOLEIL;0;10.1;0
Briançon;44.89;6.64;22/09/2026;05:00;12.6;0;SOLEIL;0;9.4;0
Briançon;44.89;6.64;22/09/2026;06:00;13.6;0;SOLEIL;0;11.5;0
Briançon;44.89;6.64;22/09/2026;07:00;16.5;0;SOLEIL;0;11.9;0
Briançon;44.89;6.64;22/09/2026;08:00;20.1;0;SOLEIL;0;11.2;0
Briançon;44.89;6.64;22/09/2026;09:00;24.2;0;SOLEIL;1;7.9;0
Briançon;44.89;6.64;22/09/2026;10:00;26.7;0;SOLEIL;1;6.1;0
Briançon;44.89;6.64;22/09/2026;11:00;27.5;0;SOLEIL;2;10.1;0
Briançon;44.89;6.64;22/09/2026;12:00;28.1;0;SOLEIL;3;14.0;0
Briançon;44.89;6.64;22/09/2026;13:00;28;0;SOLEIL;3;18.4;0
Briançon;44.89;6.64;22/09/2026;14:00;28.2;0;SOLEIL;4;18.0;0
Briançon;44.89;6.64;22/09/2026;15:00;28.1;0;SOLEIL;4;18.7;0
Briançon;44.89;6.64;22/09/2026;16:00;27.1;0;SOLEIL;4;19.1;0
Briançon;44.89;6.64;22/09/2026;17:00;26;0;SOLEIL;4;27.0;0
Briançon;44.89;6.64;22/09/2026;18:00;23.2;0;SOLEIL;3;33.8;0
Briançon;44.89;6.64;22/09/2026;19:00;21.1;0;SOLEIL;3;32.8;0
Briançon;44.89;6.64;22/09/2026;20:00;19.2;0;SOLEIL;2;26.6;0
Briançon;44.89;6.64;22/09/2026;21:00;18.1;0;SOLEIL;1;22.7;0
Briançon;44.89;6.64;22/09/2026;22:00;15.6;0;SOLEIL;1;16.9;0
Briançon;44.89;6.64;22/09/2026;23:00;15.6;0;SOLEIL;1;11.5;0
Briançon;44.89;6.64;23/09/2026;00:00;14.6;0;SOLEIL;1;10.1;0
Briançon;44.89;6.64;23/09/2026;01:00;14.6;0;SOLEIL;1;9.4;0
Briançon;44.89;6.64;23/09/2026;02:00;14.1;0;SOLEIL;2;7.6;0
Briançon;44.89;6.64;23/09/2026;03:00;14.1;0;SOLEIL;2;6.8;0
Briançon;44.89;6.64;23/09/2026;04:00;14.1;0;SOLEIL;2;12.6;0
Briançon;44.89;6.64;23/09/2026;05:00;13.4;0;SOLEIL;1;14.8;0
Briançon;44.89;6.64;23/09/2026;06:00;13.4;0;SOLEIL;1;14.8;0
Briançon;44.89;6.64;23/09/2026;07:00;13.4;0;SOLEIL;1;13.3;0
Briançon;44.89;6.64;23/09/2026;08:00;22.6;0;SOLEIL;2;12.2;0
Briançon;44.89;6.64;23/09/2026;09:00;22.6;0;SOLEIL;2;9.4;0
Briançon;44.89;6.64;23/09/2026;10:00;22.6;0;SOLEIL;2;5.8;0
Briançon;44.89;6.64;23/09/2026;11:00;26.5;0;SOLEIL;2;13.0;0
Briançon;44.89;6.64;23/09/2026;12:00;26.5;0;SOLEIL;2;15.5;0
Briançon;44.89;6.64;23/09/2026;13:00;26.5;0;SOLEIL;2;16.7;0
Briançon;44.89;6.64;23/09/2026;14:00;26.7;0;SOLEIL;4;19.7;0
Briançon;44.89;6.64;23/09/2026;15:00;26.7;0;SOLEIL;4;20.5;0
Briançon;44.89;6.64;23/09/2026;16:00;26.7;0;SOLEIL;4;22.3;0
Briançon;44.89;6.64;23/09/2026;17:00;23.1;0;SOLEIL;3;25.2;0
Briançon;44.89;6.64;23/09/2026;18:00;23.1;0;SOLEIL;3;28.8;0
Briançon;44.89;6.64;23/09/2026;19:00;23.1;0;SOLEIL;3;28.8;0
Briançon;44.89;6.64;23/09/2026;20:00;17.1;0;SOLEIL;3;22.7;0
Briançon;44.89;6.64;23/09/2026;21:00;17.1;0;SOLEIL;3;21.2;0
Briançon;44.89;6.64;23/09/2026;22:00;17.1;0;SOLEIL;3;20.2;0
Briançon;44.89;6.64;23/09/2026;23:00;13.5;0;SOLEIL;2;21.2;0
Briançon;44.89;6.64;24/09/2026;00:00;13.5;0;SOLEIL;2;16.6;0
Briançon;44.89;6.64;24/09/2026;01:00;13.5;0;SOLEIL;2;14.0;0
Briançon;44.89;6.64;24/09/2026;02:00;11.6;0;SOLEIL;1;13.3;0
Briançon;44.89;6.64;24/09/2026;03:00;11.6;0;SOLEIL;1;11.2;0
Briançon;44.89;6.64;24/09/2026;04:00;11.6;0;SOLEIL;1;11.5;0
Briançon;44.89;6.64;24/09/2026;05:00;12;0;SOLEIL;1;11.2;0
Briançon;44.89;6.64;24/09/2026;06:00;12;0;SOLEIL;1;9.4;0
Briançon;44.89;6.64;24/09/2026;07:00;12;0;SOLEIL;1;10.4;0
Briançon;44.89;6.64;24/09/2026;08:00;22.1;0;SOLEIL;0;9.4;0
Briançon;44.89;6.64;24/09/2026;09:00;22.1;0;SOLEIL;0;11.9;0
Briançon;44.89;6.64;24/09/2026;10:00;22.1;0;SOLEIL;0;12.6;0
Briançon;44.89;6.64;24/09/2026;11:00;26.9;5;SOLEIL VOILÉ;3;13.0;0
Briançon;44.89;6.64;24/09/2026;12:00;26.9;5;SOLEIL VOILÉ;3;34.6;0
Briançon;44.89;6.64;24/09/2026;13:00;26.9;5;SOLEIL VOILÉ;3;43.9;0
Briançon;44.89;6.64;24/09/2026;14:00;28.7;5;SOLEIL VOILÉ;5;47.9;0
Briançon;44.89;6.64;24/09/2026;15:00;28.7;5;SOLEIL VOILÉ;5;52.9;0
Briançon;44.89;6.64;24/09/2026;16:00;28.7;5;SOLEIL VOILÉ;5;55.1;0
Briançon;44.89;6.64;24/09/2026;17:00;23;5;SOLEIL VOILÉ;5;56.9;0
Briançon;44.89;6.64;24/09/2026;18:00;23;5;SOLEIL VOILÉ;5;60.5;0
Briançon;44.89;6.64;24/09/2026;19:00;23;5;SOLEIL VOILÉ;5;63.7;0
Briançon;44.89;6.64;24/09/2026;20:00;19.2;2;NUAGEUX;5;63.0;0
Briançon;44.89;6.64;24/09/2026;21:00;17.1;2;NUAGEUX;5;55.1;0
Briançon;44.89;6.64;24/09/2026;22:00;15.0;2;NUAGEUX;5;43.2;0
Briançon;44.89;6.64;24/09/2026;23:00;15.2;0;SOLEIL;3;33.1;0
Briançon;44.89;6.64;25/09/2026;00:00;15.2;0;SOLEIL;3;26.6;0
Briançon;44.89;6.64;25/09/2026;01:00;15.2;0;SOLEIL;3;22.0;0
Briançon;44.89;6.64;25/09/2026;02:00;10.5;0;SOLEIL;5;18.0;0
Briançon;44.89;6.64;25/09/2026;03:00;10.5;0;SOLEIL;5;14.0;0
Briançon;44.89;6.64;25/09/2026;04:00;10.5;0;SOLEIL;5;10.8;0
Briançon;44.89;6.64;25/09/2026;05:00;11.4;2;NUAGEUX;1;9.0;0
Briançon;44.89;6.64;25/09/2026;06:00;11.4;2;NUAGEUX;1;9.7;0
Briançon;44.89;6.64;25/09/2026;07:00;11.4;2;NUAGEUX;1;11.5;0
Briançon;44.89;6.64;25/09/2026;08:00;14.1;0;SOLEIL;5;13.3;0
Briançon;44.89;6.64;25/09/2026;09:00;16.0;0;SOLEIL;5;13.7;0
Briançon;44.89;6.64;25/09/2026;10:00;17.8;0;SOLEIL;5;13.7;0
Briançon;44.89;6.64;25/09/2026;11:00;25.6;0;SOLEIL;3;14.4;0
Briançon;44.89;6.64;25/09/2026;12:00;25.6;0;SOLEIL;3;16.9;0
Briançon;44.89;6.64;25/09/2026;13:00;25.6;0;SOLEIL;3;20.5;0
Briançon;44.89;6.64;25/09/2026;14:00;25.1;0;SOLEIL;5;24.1;0
Briançon;44.89;6.64;25/09/2026;15:00;26.9;0;SOLEIL;5;27.7;0
Briançon;44.89;6.64;25/09/2026;16:00;25.1;0;SOLEIL;5;31.7;0
Briançon;44.89;6.64;25/09/2026;17:00;21.1;0;SOLEIL;2;34.6;0
Briançon;44.89;6.64;25/09/2026;18:00;21.1;0;SOLEIL;2;37.4;0
Briançon;44.89;6.64;25/09/2026;19:00;21.1;0;SOLEIL;2;40.0;0
Briançon;44.89;6.64;25/09/2026;20:00;17.8;0;SOLEIL;5;38.5;0
Briançon;44.89;6.64;25/09/2026;21:00;16.0;0;SOLEIL;5;30.2;0
Briançon;44.89;6.64;25/09/2026;22:00;14.1;0;SOLEIL;5;18.4;0
Briançon;44.89;6.64;25/09/2026;23:00;13.6;0;SOLEIL;1;10.1;0
Briançon;44.89;6.64;26/09/2026;00:00;13.6;0;SOLEIL;1;8.6;0
Briançon;44.89;6.64;26/09/2026;01:00;13.6;0;SOLEIL;1;10.4;0
Briançon;44.89;6.64;26/09/2026;02:00;10.7;0;SOLEIL;5;12.2;0
Briançon;44.89;6.64;26/09/2026;03:00;10.7;0;SOLEIL;5;12.6;0
Briançon;44.89;6.64;26/09/2026;04:00;10.7;0;SOLEIL;5;13.0;0
Briançon;44.89;6.64;26/09/2026;05:00;11.7;0;SOLEIL;1;13.3;0
Briançon;44.89;6.64;26/09/2026;06:00;11.7;0;SOLEIL;1;14.0;0
Briançon;44.89;6.64;26/09/2026;07:00;11.7;0;SOLEIL;1;14.2;0
Briançon;44.89;6.64;26/09/2026;08:00;14.4;0;SOLEIL;5;14.5;0
Briançon;44.89;6.64;26/09/2026;09:00;16.3;0;SOLEIL;5;19.1;0
Briançon;44.89;6.64;26/09/2026;10:00;18.1;0;SOLEIL;5;17.3;0
Briançon;44.89;6.64;26/09/2026;11:00;25.5;0;SOLEIL;2;16.6;0
Briançon;44.89;6.64;26/09/2026;12:00;25.5;0;SOLEIL;2;17.6;0
Briançon;44.89;6.64;26/09/2026;13:00;25.5;0;SOLEIL;2;19.8;0
Briançon;44.89;6.64;26/09/2026;14:00;25.5;0;SOLEIL;5;22.0;0
Briançon;44.89;6.64;26/09/2026;15:00;27.4;0;SOLEIL;5;23.4;0
Briançon;44.89;6.64;26/09/2026;16:00;25.5;0;SOLEIL;5;24.5;0
Briançon;44.89;6.64;26/09/2026;17:00;21.1;0;SOLEIL;2;25.2;0
Briançon;44.89;6.64;26/09/2026;18:00;21.1;0;SOLEIL;2;25.9;0
Briançon;44.89;6.64;26/09/2026;19:00;21.1;0;SOLEIL;2;26.6;0
Briançon;44.89;6.64;26/09/2026;20:00;18.1;0;SOLEIL;5;25.2;0
Briançon;44.89;6.64;26/09/2026;21:00;16.3;0;SOLEIL;5;20.5;0
Briançon;44.89;6.64;26/09/2026;22:00;14.4;0;SOLEIL;5;14.0;0
Briançon;44.89;6.64;26/09/2026;23:00;13.5;0;SOLEIL;1;9.4;0
Étoile-Saint-Cyrice;44.31;5.63;22/09/2026;00:00;12.1;0;SOLEIL;1;15.8;0
Étoile-Saint-Cyrice;44.31;5.63;22/09/2026;01:00;11.5;0;SOLEIL;1;14.8;0
Étoile-Saint-Cyrice;44.31;5.63;22/09/2026;02:00;10.9;0;SOLEIL;1;14.4;0
Étoile-Saint-Cyrice;44.31;5.63;22/09/2026;03:00;10.2;0;SOLEIL;1;14.8;0
Étoile-Saint-Cyrice;44.31;5.63;22/09/2026;04:00;10.1;0;SOLEIL;1;14.4;0
Étoile-Saint-Cyrice;44.31;5.63;22/09/2026;05:00;9.9;0;SOLEIL;1;14.4;0
Étoile-Saint-Cyrice;44.31;5.63;22/09/2026;06:00;9.1;0;SOLEIL;1;14.0;0
Étoile-Saint-Cyrice;44.31;5.63;22/09/2026;07:00;11.1;0;SOLEIL;1;14.0;0
Étoile-Saint-Cyrice;44.31;5.63;22/09/2026;08:00;13.1;0;SOLEIL;1;14.4;0
Étoile-Saint-Cyrice;44.31;5.63;22/09/2026;09:00;19.1;0;SOLEIL;1;12.2;0
Étoile-Saint-Cyrice;44.31;5.63;22/09/2026;10:00;22.9;0;SOLEIL;1;6.1;0
Étoile-Saint-Cyrice;44.31;5.63;22/09/2026;11:00;24.7;0;SOLEIL;2;5.8;0
Étoile-Saint-Cyrice;44.31;5.63;22/09/2026;12:00;25.1;0;SOLEIL;2;10.8;0
Étoile-Saint-Cyrice;44.31;5.63;22/09/2026;13:00;27;0;SOLEIL;2;14.4;0
Étoile-Saint-Cyrice;44.31;5.63;22/09/2026;14:00;26.5;0;SOLEIL;2;14.0;0
Étoile-Saint-Cyrice;44.31;5.63;22/09/2026;15:00;25.5;0;SOLEIL;2;17.6;0
Étoile-Saint-Cyrice;44.31;5.63;22/09/2026;16:00;25.3;0;SOLEIL;2;20.9;0
Étoile-Saint-Cyrice;44.31;5.63;22/09/2026;17:00;21.6;0;SOLEIL;2;22.0;0
Étoile-Saint-Cyrice;44.31;5.63;22/09/2026;18:00;18.7;0;SOLEIL;2;23.0;0
Étoile-Saint-Cyrice;44.31;5.63;22/09/2026;19:00;17.6;0;SOLEIL;2;20.5;0
Étoile-Saint-Cyrice;44.31;5.63;22/09/2026;20:00;14.8;0;SOLEIL;1;8.3;0
Étoile-Saint-Cyrice;44.31;5.63;22/09/2026;21:00;14.2;0;SOLEIL;1;11.5;0
Étoile-Saint-Cyrice;44.31;5.63;22/09/2026;22:00;13;0;SOLEIL;1;11.5;0
Étoile-Saint-Cyrice;44.31;5.63;22/09/2026;23:00;11.5;0;SOLEIL;1;13.3;0
Étoile-Saint-Cyrice;44.31;5.63;23/09/2026;00:00;11.1;0;SOLEIL;1;13.7;0
Étoile-Saint-Cyrice;44.31;5.63;23/09/2026;01:00;11.1;0;SOLEIL;1;13.3;0
Étoile-Saint-Cyrice;44.31;5.63;23/09/2026;02:00;9.4;0;SOLEIL;1;11.2;0
Étoile-Saint-Cyrice;44.31;5.63;23/09/2026;03:00;9.4;0;SOLEIL;1;7.9;0
Étoile-Saint-Cyrice;44.31;5.63;23/09/2026;04:00;9.4;0;SOLEIL;1;8.6;0
Étoile-Saint-Cyrice;44.31;5.63;23/09/2026;05:00;8;0;SOLEIL;0;9.0;0
Étoile-Saint-Cyrice;44.31;5.63;23/09/2026;06:00;8;0;SOLEIL;0;9.7;0
Étoile-Saint-Cyrice;44.31;5.63;23/09/2026;07:00;8;0;SOLEIL;0;9.7;0
Étoile-Saint-Cyrice;44.31;5.63;23/09/2026;08:00;17.2;0;SOLEIL;1;10.1;0
Étoile-Saint-Cyrice;44.31;5.63;23/09/2026;09:00;17.2;0;SOLEIL;1;7.6;0
Étoile-Saint-Cyrice;44.31;5.63;23/09/2026;10:00;17.2;0;SOLEIL;1;5.0;0
Étoile-Saint-Cyrice;44.31;5.63;23/09/2026;11:00;23.1;0;SOLEIL;2;13.3;0
Étoile-Saint-Cyrice;44.31;5.63;23/09/2026;12:00;23.1;0;SOLEIL;2;21.5;0
Étoile-Saint-Cyrice;44.31;5.63;23/09/2026;13:00;23.1;0;SOLEIL;2;24.1;0
Étoile-Saint-Cyrice;44.31;5.63;23/09/2026;14:00;24.2;0;SOLEIL;1;25.2;0
Étoile-Saint-Cyrice;44.31;5.63;23/09/2026;15:00;24.2;0;SOLEIL;1;25.2;0
Étoile-Saint-Cyrice;44.31;5.63;23/09/2026;16:00;24.2;0;SOLEIL;1;23.0;0
Étoile-Saint-Cyrice;44.31;5.63;23/09/2026;17:00;16.6;0;SOLEIL;2;20.5;0
Étoile-Saint-Cyrice;44.31;5.63;23/09/2026;18:00;16.6;0;SOLEIL;2;18.0;0
Étoile-Saint-Cyrice;44.31;5.63;23/09/2026;19:00;16.6;0;SOLEIL;2;13.3;0
Étoile-Saint-Cyrice;44.31;5.63;23/09/2026;20:00;12.6;0;SOLEIL;1;10.8;0
Étoile-Saint-Cyrice;44.31;5.63;23/09/2026;21:00;12.6;0;SOLEIL;1;10.8;0
Étoile-Saint-Cyrice;44.31;5.63;23/09/2026;22:00;12.6;0;SOLEIL;1;8.3;0
Étoile-Saint-Cyrice;44.31;5.63;23/09/2026;23:00;11.2;0;SOLEIL;1;9.7;0
Étoile-Saint-Cyrice;44.31;5.63;24/09/2026;00:00;11.2;0;SOLEIL;1;10.8;0
Étoile-Saint-Cyrice;44.31;5.63;24/09/2026;01:00;11.2;0;SOLEIL;1;11.9;0
Étoile-Saint-Cyrice;44.31;5.63;24/09/2026;02:00;9.4;0;SOLEIL;1;13.0;0
Étoile-Saint-Cyrice;44.31;5.63;24/09/2026;03:00;9.4;0;SOLEIL;1;14.0;0
Étoile-Saint-Cyrice;44.31;5.63;24/09/2026;04:00;9.4;0;SOLEIL;1;16.2;0
Étoile-Saint-Cyrice;44.31;5.63;24/09/2026;05:00;8.4;0;SOLEIL;1;15.8;0
Étoile-Saint-Cyrice;44.31;5.63;24/09/2026;06:00;8.4;0;SOLEIL;1;13.3;0
Étoile-Saint-Cyrice;44.31;5.63;24/09/2026;07:00;8.4;0;SOLEIL;1;13.7;0
Étoile-Saint-Cyrice;44.31;5.63;24/09/2026;08:00;16.6;5;SOLEIL VOILÉ;1;11.9;0
Étoile-Saint-Cyrice;44.31;5.63;24/09/2026;09:00;16.6;5;SOLEIL VOILÉ;1;10.8;0
Étoile-Saint-Cyrice;44.31;5.63;24/09/2026;10:00;16.6;5;SOLEIL VOILÉ;1;10.1;0
Étoile-Saint-Cyrice;44.31;5.63;24/09/2026;11:00;21.4;5;SOLEIL VOILÉ;2;19.1;0
Étoile-Saint-Cyrice;44.31;5.63;24/09/2026;12:00;21.4;5;SOLEIL VOILÉ;2;26.3;0
Étoile-Saint-Cyrice;44.31;5.63;24/09/2026;13:00;21.4;5;SOLEIL VOILÉ;2;33.1;0
Étoile-Saint-Cyrice;44.31;5.63;24/09/2026;14:00;21.5;5;SOLEIL VOILÉ;2;40.3;0
Étoile-Saint-Cyrice;44.31;5.63;24/09/2026;15:00;21.5;5;SOLEIL VOILÉ;2;43.6;0
Étoile-Saint-Cyrice;44.31;5.63;24/09/2026;16:00;21.5;5;SOLEIL VOILÉ;2;45.0;0
Étoile-Saint-Cyrice;44.31;5.63;24/09/2026;17:00;14.5;0;SOLEIL;2;43.6;0
Étoile-Saint-Cyrice;44.31;5.63;24/09/2026;18:00;14.5;0;SOLEIL;2;37.8;0
Étoile-Saint-Cyrice;44.31;5.63;24/09/2026;19:00;14.5;0;SOLEIL;2;29.2;0
Étoile-Saint-Cyrice;44.31;5.63;24/09/2026;20:00;14.3;2;NUAGEUX;5;22.3;0
Étoile-Saint-Cyrice;44.31;5.63;24/09/2026;21:00;12.6;2;NUAGEUX;5;18.7;0
Étoile-Saint-Cyrice;44.31;5.63;24/09/2026;22:00;10.9;2;NUAGEUX;5;16.9;0
Étoile-Saint-Cyrice;44.31;5.63;24/09/2026;23:00;9.1;0;SOLEIL;2;15.8;0
Étoile-Saint-Cyrice;44.31;5.63;25/09/2026;00:00;9.1;0;SOLEIL;2;16.2;0
Étoile-Saint-Cyrice;44.31;5.63;25/09/2026;01:00;9.1;0;SOLEIL;2;17.3;0
Étoile-Saint-Cyrice;44.31;5.63;25/09/2026;02:00;6.9;2;NUAGEUX;5;18.4;0
Étoile-Saint-Cyrice;44.31;5.63;25/09/2026;03:00;6.9;2;NUAGEUX;5;18.4;0
Étoile-Saint-Cyrice;44.31;5.63;25/09/2026;04:00;6.9;2;NUAGEUX;5;17.6;0
Étoile-Saint-Cyrice;44.31;5.63;25/09/2026;05:00;8;2;NUAGEUX;2;17.3;0
Étoile-Saint-Cyrice;44.31;5.63;25/09/2026;06:00;8;2;NUAGEUX;2;17.3;0
Étoile-Saint-Cyrice;44.31;5.63;25/09/2026;07:00;8;2;NUAGEUX;2;16.9;0
Étoile-Saint-Cyrice;44.31;5.63;25/09/2026;08:00;11.0;2;NUAGEUX;5;16.6;0
Étoile-Saint-Cyrice;44.31;5.63;25/09/2026;09:00;13.0;2;NUAGEUX;5;14.8;0
Étoile-Saint-Cyrice;44.31;5.63;25/09/2026;10:00;15.0;2;NUAGEUX;5;12.6;0
Étoile-Saint-Cyrice;44.31;5.63;25/09/2026;11:00;24.1;2;NUAGEUX;3;11.9;0
Étoile-Saint-Cyrice;44.31;5.63;25/09/2026;12:00;24.1;2;NUAGEUX;3;13.7;0
Étoile-Saint-Cyrice;44.31;5.63;25/09/2026;13:00;24.1;2;NUAGEUX;3;16.9;0
Étoile-Saint-Cyrice;44.31;5.63;25/09/2026;14:00;23.2;2;NUAGEUX;5;19.8;0
Étoile-Saint-Cyrice;44.31;5.63;25/09/2026;15:00;25.2;2;NUAGEUX;5;21.2;0
Étoile-Saint-Cyrice;44.31;5.63;25/09/2026;16:00;23.2;2;NUAGEUX;5;22.3;0
Étoile-Saint-Cyrice;44.31;5.63;25/09/2026;17:00;15.5;0;SOLEIL;2;22.3;0
Étoile-Saint-Cyrice;44.31;5.63;25/09/2026;18:00;15.5;0;SOLEIL;2;20.9;0
Étoile-Saint-Cyrice;44.31;5.63;25/09/2026;19:00;15.5;0;SOLEIL;2;18.7;0
Étoile-Saint-Cyrice;44.31;5.63;25/09/2026;20:00;15.0;2;NUAGEUX;5;16.6;0
Étoile-Saint-Cyrice;44.31;5.63;25/09/2026;21:00;13.0;2;NUAGEUX;5;14.4;0
Étoile-Saint-Cyrice;44.31;5.63;25/09/2026;22:00;11.0;2;NUAGEUX;5;12.2;0
Étoile-Saint-Cyrice;44.31;5.63;25/09/2026;23:00;9.1;0;SOLEIL;1;10.8;0
Étoile-Saint-Cyrice;44.31;5.63;26/09/2026;00:00;9.1;0;SOLEIL;1;10.8;0
Étoile-Saint-Cyrice;44.31;5.63;26/09/2026;01:00;9.1;0;SOLEIL;1;11.5;0
Étoile-Saint-Cyrice;44.31;5.63;26/09/2026;02:00;6.5;0;SOLEIL;5;12.2;0
Étoile-Saint-Cyrice;44.31;5.63;26/09/2026;03:00;6.5;0;SOLEIL;5;11.9;0
Étoile-Saint-Cyrice;44.31;5.63;26/09/2026;04:00;6.5;0;SOLEIL;5;11.5;0
Étoile-Saint-Cyrice;44.31;5.63;26/09/2026;05:00;7.6;0;SOLEIL;1;11.2;0
Étoile-Saint-Cyrice;44.31;5.63;26/09/2026;06:00;7.6;0;SOLEIL;1;11.1;0
Étoile-Saint-Cyrice;44.31;5.63;26/09/2026;07:00;7.6;0;SOLEIL;1;11.0;0
Étoile-Saint-Cyrice;44.31;5.63;26/09/2026;08:00;10.9;0;SOLEIL;5;10.5;0
Étoile-Saint-Cyrice;44.31;5.63;26/09/2026;09:00;13.1;0;SOLEIL;5;12.2;0
Étoile-Saint-Cyrice;44.31;5.63;26/09/2026;10:00;15.3;0;SOLEIL;5;11.2;0
Étoile-Saint-Cyrice;44.31;5.63;26/09/2026;11:00;24.5;0;SOLEIL;2;10.4;0
Étoile-Saint-Cyrice;44.31;5.63;26/09/2026;12:00;24.5;0;SOLEIL;2;10.4;0
Étoile-Saint-Cyrice;44.31;5.63;26/09/2026;13:00;24.5;0;SOLEIL;2;11.2;0
Étoile-Saint-Cyrice;44.31;5.63;26/09/2026;14:00;24.0;0;SOLEIL;5;12.2;0
Étoile-Saint-Cyrice;44.31;5.63;26/09/2026;15:00;26.2;0;SOLEIL;5;14.4;0
Étoile-Saint-Cyrice;44.31;5.63;26/09/2026;16:00;24.0;0;SOLEIL;5;17.3;0
Étoile-Saint-Cyrice;44.31;5.63;26/09/2026;17:00;16.6;0;SOLEIL;1;18.7;0
Étoile-Saint-Cyrice;44.31;5.63;26/09/2026;18:00;16.6;0;SOLEIL;1;18.0;0
Étoile-Saint-Cyrice;44.31;5.63;26/09/2026;19:00;16.6;0;SOLEIL;1;16.2;0
Étoile-Saint-Cyrice;44.31;5.63;26/09/2026;20:00;15.3;0;SOLEIL;5;14.0;0
Étoile-Saint-Cyrice;44.31;5.63;26/09/2026;21:00;13.1;0;SOLEIL;5;11.5;0
Étoile-Saint-Cyrice;44.31;5.63;26/09/2026;22:00;10.9;0;SOLEIL;5;9.0;0
Étoile-Saint-Cyrice;44.31;5.63;26/09/2026;23:00;10.5;0;SOLEIL;0;6.8;0
Gap;44.56;6.07;22/09/2026;00:00;10.1;0;SOLEIL;1;5.8;0
Gap;44.56;6.07;22/09/2026;01:00;9.1;0;SOLEIL;1;4.7;0
Gap;44.56;6.07;22/09/2026;02:00;8.6;0;SOLEIL;1;3.2;0
Gap;44.56;6.07;22/09/2026;03:00;8.1;0;SOLEIL;1;4.0;0
Gap;44.56;6.07;22/09/2026;04:00;7.6;0;SOLEIL;1;2.9;0
Gap;44.56;6.07;22/09/2026;05:00;7.1;0;SOLEIL;1;1.8;0
Gap;44.56;6.07;22/09/2026;06:00;7.6;0;SOLEIL;1;2.5;0
Gap;44.56;6.07;22/09/2026;07:00;10.7;0;SOLEIL;0;2.5;0
Gap;44.56;6.07;22/09/2026;08:00;16.4;0;SOLEIL;0;3.2;0
Gap;44.56;6.07;22/09/2026;09:00;20.9;0;SOLEIL;0;1.8;0
Gap;44.56;6.07;22/09/2026;10:00;23.7;0;SOLEIL;1;4.3;0
Gap;44.56;6.07;22/09/2026;11:00;25.7;0;SOLEIL;1;5.0;0
Gap;44.56;6.07;22/09/2026;12:00;27.1;0;SOLEIL;3;5.8;0
Gap;44.56;6.07;22/09/2026;13:00;26.5;0;SOLEIL;2;7.6;0
Gap;44.56;6.07;22/09/2026;14:00;26.9;0;SOLEIL;2;7.6;0
Gap;44.56;6.07;22/09/2026;15:00;26.6;0;SOLEIL;2;18.4;0
Gap;44.56;6.07;22/09/2026;16:00;25.5;0;SOLEIL;2;19.4;0
Gap;44.56;6.07;22/09/2026;17:00;24;0;SOLEIL;2;23.8;0
Gap;44.56;6.07;22/09/2026;18:00;20.1;0;SOLEIL;2;26.3;0
Gap;44.56;6.07;22/09/2026;19:00;17.6;0;SOLEIL;1;23.0;0
Gap;44.56;6.07;22/09/2026;20:00;15.8;0;SOLEIL;0;13.7;0
Gap;44.56;6.07;22/09/2026;21:00;13.2;0;SOLEIL;0;6.5;0
Gap;44.56;6.07;22/09/2026;22:00;11.1;0;SOLEIL;1;7.6;0
Gap;44.56;6.07;22/09/2026;23:00;10.1;0;SOLEIL;1;6.8;0
Gap;44.56;6.07;23/09/2026;00:00;9.6;0;SOLEIL;1;4.7;0
Gap;44.56;6.07;23/09/2026;01:00;9.6;0;SOLEIL;1;2.5;0
Gap;44.56;6.07;23/09/2026;02:00;9.1;0;SOLEIL;0;1.8;0
Gap;44.56;6.07;23/09/2026;03:00;9.1;0;SOLEIL;0;1.8;0
Gap;44.56;6.07;23/09/2026;04:00;9.1;0;SOLEIL;0;1.8;0
Gap;44.56;6.07;23/09/2026;05:00;8.6;0;SOLEIL;0;2.9;0
Gap;44.56;6.07;23/09/2026;06:00;8.6;0;SOLEIL;0;2.5;0
Gap;44.56;6.07;23/09/2026;07:00;8.6;0;SOLEIL;0;2.5;0
Gap;44.56;6.07;23/09/2026;08:00;20;0;SOLEIL;2;3.2;0
Gap;44.56;6.07;23/09/2026;09:00;20;0;SOLEIL;2;4.7;0
Gap;44.56;6.07;23/09/2026;10:00;20;0;SOLEIL;2;3.2;0
Gap;44.56;6.07;23/09/2026;11:00;24.1;0;SOLEIL;3;5.8;0
Gap;44.56;6.07;23/09/2026;12:00;24.1;0;SOLEIL;3;12.6;0
Gap;44.56;6.07;23/09/2026;13:00;24.1;0;SOLEIL;3;21.6;0
Gap;44.56;6.07;23/09/2026;14:00;23.9;0;SOLEIL;3;27.2;0
Gap;44.56;6.07;23/09/2026;15:00;23.9;0;SOLEIL;3;33.1;0
Gap;44.56;6.07;23/09/2026;16:00;23.9;0;SOLEIL;3;34.2;0
Gap;44.56;6.07;23/09/2026;17:00;18.7;0;SOLEIL;3;34.9;0
Gap;44.56;6.07;23/09/2026;18:00;18.7;0;SOLEIL;3;34.2;0
Gap;44.56;6.07;23/09/2026;19:00;18.7;0;SOLEIL;3;29.5;0
Gap;44.56;6.07;23/09/2026;20:00;14.5;0;SOLEIL;2;27.7;0
Gap;44.56;6.07;23/09/2026;21:00;14.5;0;SOLEIL;2;23.4;0
Gap;44.56;6.07;23/09/2026;22:00;14.5;0;SOLEIL;2;23.0;0
Gap;44.56;6.07;23/09/2026;23:00;10.4;0;SOLEIL;1;24.5;0
Gap;44.56;6.07;24/09/2026;00:00;10.4;0;SOLEIL;1;25.9;0
Gap;44.56;6.07;24/09/2026;01:00;10.4;0;SOLEIL;1;25.9;0
Gap;44.56;6.07;24/09/2026;02:00;8.1;0;SOLEIL;1;23.0;0
Gap;44.56;6.07;24/09/2026;03:00;8.1;0;SOLEIL;1;21.2;0
Gap;44.56;6.07;24/09/2026;04:00;8.1;0;SOLEIL;1;20.5;0
Gap;44.56;6.07;24/09/2026;05:00;8.1;0;SOLEIL;1;20.5;0
Gap;44.56;6.07;24/09/2026;06:00;8.1;0;SOLEIL;1;20.9;0
Gap;44.56;6.07;24/09/2026;07:00;8.1;0;SOLEIL;1;22.3;0
Gap;44.56;6.07;24/09/2026;08:00;19.6;0;SOLEIL;3;22.3;0
Gap;44.56;6.07;24/09/2026;09:00;19.6;0;SOLEIL;3;24.1;0
Gap;44.56;6.07;24/09/2026;10:00;19.6;0;SOLEIL;3;25.2;0
Gap;44.56;6.07;24/09/2026;11:00;24.5;5;SOLEIL VOILÉ;4;32.8;0
Gap;44.56;6.07;24/09/2026;12:00;24.5;5;SOLEIL VOILÉ;4;41.0;0
Gap;44.56;6.07;24/09/2026;13:00;24.5;5;SOLEIL VOILÉ;4;45.7;0
Gap;44.56;6.07;24/09/2026;14:00;22.6;5;SOLEIL VOILÉ;5;47.2;0
Gap;44.56;6.07;24/09/2026;15:00;22.6;5;SOLEIL VOILÉ;5;49.3;0
Gap;44.56;6.07;24/09/2026;16:00;22.6;5;SOLEIL VOILÉ;5;50.0;0
Gap;44.56;6.07;24/09/2026;17:00;18;5;SOLEIL VOILÉ;4;48.6;0
Gap;44.56;6.07;24/09/2026;18:00;18;5;SOLEIL VOILÉ;4;43.9;0
Gap;44.56;6.07;24/09/2026;19:00;18;5;SOLEIL VOILÉ;4;37.1;0
Gap;44.56;6.07;24/09/2026;20:00;15.2;2;NUAGEUX;5;31.7;0
Gap;44.56;6.07;24/09/2026;21:00;13.2;2;NUAGEUX;5;30.2;0
Gap;44.56;6.07;24/09/2026;22:00;11.2;2;NUAGEUX;5;30.2;0
Gap;44.56;6.07;24/09/2026;23:00;11;2;NUAGEUX;2;29.5;0
Gap;44.56;6.07;25/09/2026;00:00;11;2;NUAGEUX;2;26.3;0
Gap;44.56;6.07;25/09/2026;01:00;11;2;NUAGEUX;2;22.3;0
Gap;44.56;6.07;25/09/2026;02:00;6.1;0;SOLEIL;5;18.7;0
Gap;44.56;6.07;25/09/2026;03:00;6.1;0;SOLEIL;5;15.8;0
Gap;44.56;6.07;25/09/2026;04:00;6.1;0;SOLEIL;5;13.3;0
Gap;44.56;6.07;25/09/2026;05:00;7.4;2;NUAGEUX;1;11.2;0
Gap;44.56;6.07;25/09/2026;06:00;7.4;2;NUAGEUX;1;8.3;0
Gap;44.56;6.07;25/09/2026;07:00;7.4;2;NUAGEUX;1;5.4;0
Gap;44.56;6.07;25/09/2026;08:00;10.5;0;SOLEIL;5;4.7;0
Gap;44.56;6.07;25/09/2026;09:00;12.6;0;SOLEIL;5;7.2;0
Gap;44.56;6.07;25/09/2026;10:00;14.8;0;SOLEIL;5;11.5;0
Gap;44.56;6.07;25/09/2026;11:00;24.2;0;SOLEIL;3;16.6;0
Gap;44.56;6.07;25/09/2026;12:00;24.2;0;SOLEIL;3;22.0;0
Gap;44.56;6.07;25/09/2026;13:00;24.2;0;SOLEIL;3;27.7;0
Gap;44.56;6.07;25/09/2026;14:00;23.5;0;SOLEIL;5;32.4;0
Gap;44.56;6.07;25/09/2026;15:00;25.7;0;SOLEIL;5;35.3;0
Gap;44.56;6.07;25/09/2026;16:00;23.5;0;SOLEIL;5;36.7;0
Gap;44.56;6.07;25/09/2026;17:00;17.1;0;SOLEIL;2;37.1;0
Gap;44.56;6.07;25/09/2026;18:00;17.1;0;SOLEIL;2;36.4;0
Gap;44.56;6.07;25/09/2026;19:00;17.1;0;SOLEIL;2;34.6;0
Gap;44.56;6.07;25/09/2026;20:00;14.8;0;SOLEIL;5;32.4;0
Gap;44.56;6.07;25/09/2026;21:00;12.6;0;SOLEIL;5;30.2;0
Gap;44.56;6.07;25/09/2026;22:00;10.5;0;SOLEIL;5;27.4;0
Gap;44.56;6.07;25/09/2026;23:00;9.1;0;SOLEIL;1;24.1;0
Gap;44.56;6.07;26/09/2026;00:00;9.1;0;SOLEIL;1;19.8;0
Gap;44.56;6.07;26/09/2026;01:00;9.1;0;SOLEIL;1;15.1;0
Gap;44.56;6.07;26/09/2026;02:00;5.7;0;SOLEIL;5;11.2;0
Gap;44.56;6.07;26/09/2026;03:00;5.7;0;SOLEIL;5;8.6;0
Gap;44.56;6.07;26/09/2026;04:00;5.7;0;SOLEIL;5;6.8;0
Gap;44.56;6.07;26/09/2026;05:00;6.9;0;SOLEIL;1;5.8;0
Gap;44.56;6.07;26/09/2026;06:00;6.9;0;SOLEIL;1;7.4;0
Gap;44.56;6.07;26/09/2026;07:00;6.9;0;SOLEIL;1;9.7;0
Gap;44.56;6.07;26/09/2026;08:00;10.1;0;SOLEIL;5;12.2;0
Gap;44.56;6.07;26/09/2026;09:00;12.4;0;SOLEIL;5;16.6;0
Gap;44.56;6.07;26/09/2026;10:00;14.6;0;SOLEIL;5;19.4;0
Gap;44.56;6.07;26/09/2026;11:00;23.6;0;SOLEIL;3;21.6;0
Gap;44.56;6.07;26/09/2026;12:00;23.6;0;SOLEIL;3;22.7;0
Gap;44.56;6.07;26/09/2026;13:00;23.6;0;SOLEIL;3;23.0;0
Gap;44.56;6.07;26/09/2026;14:00;23.5;0;SOLEIL;5;23.4;0
Gap;44.56;6.07;26/09/2026;15:00;25.7;0;SOLEIL;5;24.8;0
Gap;44.56;6.07;26/09/2026;16:00;23.5;0;SOLEIL;5;26.3;0
Gap;44.56;6.07;26/09/2026;17:00;16.9;0;SOLEIL;1;26.6;0
Gap;44.56;6.07;26/09/2026;18:00;16.9;0;SOLEIL;1;24.8;0
Gap;44.56;6.07;26/09/2026;19:00;16.9;0;SOLEIL;1;21.6;0
Gap;44.56;6.07;26/09/2026;20:00;14.6;0;SOLEIL;5;18.4;0
Gap;44.56;6.07;26/09/2026;21:00;12.4;0;SOLEIL;5;15.1;0
Gap;44.56;6.07;26/09/2026;22:00;10.1;0;SOLEIL;5;11.9;0
Gap;44.56;6.07;26/09/2026;23:00;9.5;0;SOLEIL;1;9.7;0
Vallouise;44.84;6.48;22/09/2026;00:00;15.6;0;SOLEIL;2;10.4;0
Vallouise;44.84;6.48;22/09/2026;01:00;15.6;0;SOLEIL;2;5.0;0
Vallouise;44.84;6.48;22/09/2026;02:00;14.7;0;SOLEIL;2;6.1;0
Vallouise;44.84;6.48;22/09/2026;03:00;14.1;0;SOLEIL;2;7.2;0
Vallouise;44.84;6.48;22/09/2026;04:00;13.6;0;SOLEIL;2;6.5;0
Vallouise;44.84;6.48;22/09/2026;05:00;13.6;0;SOLEIL;2;6.5;0
Vallouise;44.84;6.48;22/09/2026;06:00;14.4;0;SOLEIL;2;6.5;0
Vallouise;44.84;6.48;22/09/2026;07:00;16.4;0;SOLEIL;1;6.1;0
Vallouise;44.84;6.48;22/09/2026;08:00;19.5;0;SOLEIL;0;6.5;0
Vallouise;44.84;6.48;22/09/2026;09:00;22.7;0;SOLEIL;0;9.0;0
Vallouise;44.84;6.48;22/09/2026;10:00;25.5;0;SOLEIL;0;13.7;0
Vallouise;44.84;6.48;22/09/2026;11:00;26.6;0;SOLEIL;1;14.8;0
Vallouise;44.84;6.48;22/09/2026;12:00;28.1;0;SOLEIL;1;13.7;0
Vallouise;44.84;6.48;22/09/2026;13:00;28.6;0;SOLEIL;2;9.4;0
Vallouise;44.84;6.48;22/09/2026;14:00;29;0;SOLEIL;2;10.4;0
Vallouise;44.84;6.48;22/09/2026;15:00;28.4;0;SOLEIL;3;12.6;0
Vallouise;44.84;6.48;22/09/2026;16:00;27.2;0;SOLEIL;3;12.6;0
Vallouise;44.84;6.48;22/09/2026;17:00;24.2;0;SOLEIL;3;21.2;0
Vallouise;44.84;6.48;22/09/2026;18:00;21;0;SOLEIL;2;26.6;0
Vallouise;44.84;6.48;22/09/2026;19:00;19.2;0;SOLEIL;2;27.0;0
Vallouise;44.84;6.48;22/09/2026;20:00;18.1;0;SOLEIL;2;21.2;0
Vallouise;44.84;6.48;22/09/2026;21:00;17.6;0;SOLEIL;2;11.9;0
Vallouise;44.84;6.48;22/09/2026;22:00;16.4;0;SOLEIL;1;5.8;0
Vallouise;44.84;6.48;22/09/2026;23:00;16;0;SOLEIL;1;5.8;0
Vallouise;44.84;6.48;23/09/2026;00:00;14.7;0;SOLEIL;1;5.8;0
Vallouise;44.84;6.48;23/09/2026;01:00;14.7;0;SOLEIL;1;4.7;0
Vallouise;44.84;6.48;23/09/2026;02:00;13.5;0;SOLEIL;1;6.5;0
Vallouise;44.84;6.48;23/09/2026;03:00;13.5;0;SOLEIL;1;6.5;0
Vallouise;44.84;6.48;23/09/2026;04:00;13.5;0;SOLEIL;1;6.8;0
Vallouise;44.84;6.48;23/09/2026;05:00;14.5;0;SOLEIL;1;6.8;0
Vallouise;44.84;6.48;23/09/2026;06:00;14.5;0;SOLEIL;1;6.5;0
Vallouise;44.84;6.48;23/09/2026;07:00;14.5;0;SOLEIL;1;6.5;0
Vallouise;44.84;6.48;23/09/2026;08:00;21.4;0;SOLEIL;0;5.8;0
Vallouise;44.84;6.48;23/09/2026;09:00;21.4;0;SOLEIL;0;5.8;0
Vallouise;44.84;6.48;23/09/2026;10:00;21.4;0;SOLEIL;0;4.7;0
Vallouise;44.84;6.48;23/09/2026;11:00;26.5;0;SOLEIL;3;7.6;0
Vallouise;44.84;6.48;23/09/2026;12:00;26.5;0;SOLEIL;3;13.1;0
Vallouise;44.84;6.48;23/09/2026;13:00;26.5;0;SOLEIL;3;19.8;0
Vallouise;44.84;6.48;23/09/2026;14:00;27.6;0;SOLEIL;3;22.8;0
Vallouise;44.84;6.48;23/09/2026;15:00;27.6;0;SOLEIL;3;24.1;0
Vallouise;44.84;6.48;23/09/2026;16:00;27.6;0;SOLEIL;3;24.8;0
Vallouise;44.84;6.48;23/09/2026;17:00;22.2;0;SOLEIL;2;21.2;0
Vallouise;44.84;6.48;23/09/2026;18:00;22.2;0;SOLEIL;2;22.0;0
Vallouise;44.84;6.48;23/09/2026;19:00;22.2;0;SOLEIL;2;16.9;0
Vallouise;44.84;6.48;23/09/2026;20:00;17.6;0;SOLEIL;1;9.7;0
Vallouise;44.84;6.48;23/09/2026;21:00;17.6;0;SOLEIL;1;10.8;0
Vallouise;44.84;6.48;23/09/2026;22:00;17.6;0;SOLEIL;1;10.4;0
Vallouise;44.84;6.48;23/09/2026;23:00;15.6;0;SOLEIL;1;10.1;0
Vallouise;44.84;6.48;24/09/2026;00:00;15.6;0;SOLEIL;1;10.4;0
Vallouise;44.84;6.48;24/09/2026;01:00;15.6;0;SOLEIL;1;10.4;0
Vallouise;44.84;6.48;24/09/2026;02:00;14.4;0;SOLEIL;1;10.4;0
Vallouise;44.84;6.48;24/09/2026;03:00;14.4;0;SOLEIL;1;10.4;0
Vallouise;44.84;6.48;24/09/2026;04:00;14.4;0;SOLEIL;1;10.8;0
Vallouise;44.84;6.48;24/09/2026;05:00;14.9;0;SOLEIL;1;11.2;0
Vallouise;44.84;6.48;24/09/2026;06:00;14.9;0;SOLEIL;1;11.2;0
Vallouise;44.84;6.48;24/09/2026;07:00;14.9;0;SOLEIL;1;13.0;0
Vallouise;44.84;6.48;24/09/2026;08:00;21.1;0;SOLEIL;0;13.0;0
Vallouise;44.84;6.48;24/09/2026;09:00;21.1;0;SOLEIL;0;11.9;0
Vallouise;44.84;6.48;24/09/2026;10:00;21.1;0;SOLEIL;0;9.4;0
Vallouise;44.84;6.48;24/09/2026;11:00;25.9;5;SOLEIL VOILÉ;3;5.8;0
Vallouise;44.84;6.48;24/09/2026;12:00;25.9;5;SOLEIL VOILÉ;3;6.8;0
Vallouise;44.84;6.48;24/09/2026;13:00;25.9;5;SOLEIL VOILÉ;3;8.3;0
Vallouise;44.84;6.48;24/09/2026;14:00;25.1;5;SOLEIL VOILÉ;4;8.6;0
Vallouise;44.84;6.48;24/09/2026;15:00;25.1;5;SOLEIL VOILÉ;4;13.7;0
Vallouise;44.84;6.48;24/09/2026;16:00;25.1;5;SOLEIL VOILÉ;4;19.8;0
Vallouise;44.84;6.48;24/09/2026;17:00;19.7;5;SOLEIL VOILÉ;2;24.1;0
Vallouise;44.84;6.48;24/09/2026;18:00;19.7;5;SOLEIL VOILÉ;2;24.8;0
Vallouise;44.84;6.48;24/09/2026;19:00;19.7;5;SOLEIL VOILÉ;2;23.8;0
Vallouise;44.84;6.48;24/09/2026;20:00;19.3;2;NUAGEUX;5;22.3;0
Vallouise;44.84;6.48;24/09/2026;21:00;17.7;2;NUAGEUX;5;20.5;0
Vallouise;44.84;6.48;24/09/2026;22:00;16.2;2;NUAGEUX;5;18.4;0
Vallouise;44.84;6.48;24/09/2026;23:00;15;2;NUAGEUX;2;16.6;0
Vallouise;44.84;6.48;25/09/2026;00:00;15;2;NUAGEUX;2;15.8;0
Vallouise;44.84;6.48;25/09/2026;01:00;15;2;NUAGEUX;2;15.1;0
Vallouise;44.84;6.48;25/09/2026;02:00;10.6;2;NUAGEUX;5;15.1;0
Vallouise;44.84;6.48;25/09/2026;03:00;10.6;2;NUAGEUX;5;15.5;0
Vallouise;44.84;6.48;25/09/2026;04:00;10.6;2;NUAGEUX;5;16.2;0
Vallouise;44.84;6.48;25/09/2026;05:00;11.9;2;NUAGEUX;2;16.2;0
Vallouise;44.84;6.48;25/09/2026;06:00;11.9;2;NUAGEUX;2;15.1;0
Vallouise;44.84;6.48;25/09/2026;07:00;11.9;2;NUAGEUX;2;13.3;0
Vallouise;44.84;6.48;25/09/2026;08:00;14.4;2;NUAGEUX;5;11.5;0
Vallouise;44.84;6.48;25/09/2026;09:00;16.3;2;NUAGEUX;5;9.7;0
Vallouise;44.84;6.48;25/09/2026;10:00;18.2;2;NUAGEUX;5;7.9;0
Vallouise;44.84;6.48;25/09/2026;11:00;26.1;2;NUAGEUX;2;7.9;0
Vallouise;44.84;6.48;25/09/2026;12:00;26.1;2;NUAGEUX;2;11.2;0
Vallouise;44.84;6.48;25/09/2026;13:00;26.1;2;NUAGEUX;2;16.2;0
Vallouise;44.84;6.48;25/09/2026;14:00;25.8;2;NUAGEUX;5;20.2;0
Vallouise;44.84;6.48;25/09/2026;15:00;27.7;2;NUAGEUX;5;21.2;0
Vallouise;44.84;6.48;25/09/2026;16:00;25.8;2;NUAGEUX;5;21.2;0
Vallouise;44.84;6.48;25/09/2026;17:00;18.7;0;SOLEIL;0;20.5;0
Vallouise;44.84;6.48;25/09/2026;18:00;18.7;0;SOLEIL;0;19.1;0
Vallouise;44.84;6.48;25/09/2026;19:00;18.7;0;SOLEIL;0;17.3;0
Vallouise;44.84;6.48;25/09/2026;20:00;18.2;2;NUAGEUX;5;15.5;0
Vallouise;44.84;6.48;25/09/2026;21:00;16.3;2;NUAGEUX;5;14.0;0
Vallouise;44.84;6.48;25/09/2026;22:00;14.4;2;NUAGEUX;5;13.0;0
Vallouise;44.84;6.48;25/09/2026;23:00;14.1;0;SOLEIL;0;11.5;0
Vallouise;44.84;6.48;26/09/2026;00:00;14.1;0;SOLEIL;0;9.4;0
Vallouise;44.84;6.48;26/09/2026;01:00;14.1;0;SOLEIL;0;6.8;0
Vallouise;44.84;6.48;26/09/2026;02:00;11.6;0;SOLEIL;5;5.4;0
Vallouise;44.84;6.48;26/09/2026;03:00;11.6;0;SOLEIL;5;5.4;0
Vallouise;44.84;6.48;26/09/2026;04:00;11.6;0;SOLEIL;5;5.8;0
Vallouise;44.84;6.48;26/09/2026;05:00;12.6;0;SOLEIL;1;6.5;0
Vallouise;44.84;6.48;26/09/2026;06:00;12.6;0;SOLEIL;1;5.9;0
Vallouise;44.84;6.48;26/09/2026;07:00;12.6;0;SOLEIL;1;5.2;0
Vallouise;44.84;6.48;26/09/2026;08:00;15.2;0;SOLEIL;5;4.2;0
Vallouise;44.84;6.48;26/09/2026;09:00;17.0;0;SOLEIL;5;6.1;0
Vallouise;44.84;6.48;26/09/2026;10:00;18.8;0;SOLEIL;5;7.2;0
Vallouise;44.84;6.48;26/09/2026;11:00;25.5;0;SOLEIL;2;9.0;0
Vallouise;44.84;6.48;26/09/2026;12:00;25.5;0;SOLEIL;2;12.6;0
Vallouise;44.84;6.48;26/09/2026;13:00;25.5;0;SOLEIL;2;17.3;0
Vallouise;44.84;6.48;26/09/2026;14:00;25.9;0;SOLEIL;5;20.9;0
Vallouise;44.84;6.48;26/09/2026;15:00;27.7;0;SOLEIL;5;23.4;0
Vallouise;44.84;6.48;26/09/2026;16:00;25.9;0;SOLEIL;5;25.2;0
Vallouise;44.84;6.48;26/09/2026;17:00;19.9;0;SOLEIL;0;24.8;0
Vallouise;44.84;6.48;26/09/2026;18:00;19.9;0;SOLEIL;0;21.6;0
Vallouise;44.84;6.48;26/09/2026;19:00;19.9;0;SOLEIL;0;16.6;0
Vallouise;44.84;6.48;26/09/2026;20:00;18.8;0;SOLEIL;5;12.2;0
Vallouise;44.84;6.48;26/09/2026;21:00;17.0;0;SOLEIL;5;9.0;0
Vallouise;44.84;6.48;26/09/2026;22:00;15.2;0;SOLEIL;5;6.5;0
Vallouise;44.84;6.48;26/09/2026;23:00;15.1;0;SOLEIL;0;4.7;0
Cannes;43.55;7.01;22/09/2026;00:00;12.4;0;SOLEIL;1;10.8;0
Cannes;43.55;7.01;22/09/2026;01:00;11.9;0;SOLEIL;0;11.9;0
Cannes;43.55;7.01;22/09/2026;02:00;11.6;0;SOLEIL;0;11.2;0
Cannes;43.55;7.01;22/09/2026;03:00;10.9;0;SOLEIL;0;7.9;0
Cannes;43.55;7.01;22/09/2026;04:00;10.6;0;SOLEIL;0;7.9;0
Cannes;43.55;7.01;22/09/2026;05:00;10.4;0;SOLEIL;0;6.8;0
Cannes;43.55;7.01;22/09/2026;06:00;9.9;0;SOLEIL;0;8.3;0
Cannes;43.55;7.01;22/09/2026;07:00;10;0;SOLEIL;0;8.6;0
Cannes;43.55;7.01;22/09/2026;08:00;13.2;0;SOLEIL;1;7.2;0
Cannes;43.55;7.01;22/09/2026;09:00;19;0;SOLEIL;0;6.8;0
Cannes;43.55;7.01;22/09/2026;10:00;23.4;0;SOLEIL;1;6.8;0
Cannes;43.55;7.01;22/09/2026;11:00;25;0;SOLEIL;2;5.4;0
Cannes;43.55;7.01;22/09/2026;12:00;25.5;0;SOLEIL;2;4.3;0
Cannes;43.55;7.01;22/09/2026;13:00;26.5;0;SOLEIL;3;6.5;0
Cannes;43.55;7.01;22/09/2026;14:00;26.1;0;SOLEIL;3;11.5;0
Cannes;43.55;7.01;22/09/2026;15:00;23.2;0;SOLEIL;3;13.0;0
Cannes;43.55;7.01;22/09/2026;16:00;21;0;SOLEIL;2;13.0;0
Cannes;43.55;7.01;22/09/2026;17:00;18.5;0;SOLEIL;1;13.3;0
Cannes;43.55;7.01;22/09/2026;18:00;16.1;0;SOLEIL;0;11.9;0
Cannes;43.55;7.01;22/09/2026;19:00;14.9;0;SOLEIL;0;8.3;0
Cannes;43.55;7.01;22/09/2026;20:00;13.2;0;SOLEIL;0;4.0;0
Cannes;43.55;7.01;22/09/2026;21:00;12.9;0;SOLEIL;0;10.1;0
Cannes;43.55;7.01;22/09/2026;22:00;12.4;0;SOLEIL;1;9.7;0
Cannes;43.55;7.01;22/09/2026;23:00;11.7;0;SOLEIL;1;7.9;0
Cannes;43.55;7.01;23/09/2026;00:00;11.1;0;SOLEIL;0;5.4;0
Cannes;43.55;7.01;23/09/2026;01:00;11.1;0;SOLEIL;0;5.0;0
Cannes;43.55;7.01;23/09/2026;02:00;9.1;0;SOLEIL;0;5.0;0
Cannes;43.55;7.01;23/09/2026;03:00;9.1;0;SOLEIL;0;3.2;0
Cannes;43.55;7.01;23/09/2026;04:00;9.1;0;SOLEIL;0;2.2;0
Cannes;43.55;7.01;23/09/2026;05:00;8.9;0;SOLEIL;0;1.8;0
Cannes;43.55;7.01;23/09/2026;06:00;8.9;0;SOLEIL;0;2.5;0
Cannes;43.55;7.01;23/09/2026;07:00;8.9;0;SOLEIL;0;3.2;0
Cannes;43.55;7.01;23/09/2026;08:00;17.6;0;SOLEIL;1;3.2;0
Cannes;43.55;7.01;23/09/2026;09:00;17.6;0;SOLEIL;1;3.2;0
Cannes;43.55;7.01;23/09/2026;10:00;17.6;0;SOLEIL;1;5.0;0
Cannes;43.55;7.01;23/09/2026;11:00;23.2;0;SOLEIL;3;8.3;0
Cannes;43.55;7.01;23/09/2026;12:00;23.2;0;SOLEIL;3;11.3;0
Cannes;43.55;7.01;23/09/2026;13:00;23.2;0;SOLEIL;3;14.8;0
Cannes;43.55;7.01;23/09/2026;14:00;21;0;SOLEIL;2;17.1;0
Cannes;43.55;7.01;23/09/2026;15:00;21;0;SOLEIL;2;18.7;0
Cannes;43.55;7.01;23/09/2026;16:00;21;0;SOLEIL;2;18.0;0
Cannes;43.55;7.01;23/09/2026;17:00;15;0;SOLEIL;2;19.1;0
Cannes;43.55;7.01;23/09/2026;18:00;15;0;SOLEIL;2;19.1;0
Cannes;43.55;7.01;23/09/2026;19:00;15;0;SOLEIL;2;18.0;0
Cannes;43.55;7.01;23/09/2026;20:00;12;0;SOLEIL;1;14.8;0
Cannes;43.55;7.01;23/09/2026;21:00;12;0;SOLEIL;1;7.6;0
Cannes;43.55;7.01;23/09/2026;22:00;12;0;SOLEIL;1;1.4;0
Cannes;43.55;7.01;23/09/2026;23:00;10.9;0;SOLEIL;1;2.9;0
Cannes;43.55;7.01;24/09/2026;00:00;10.9;0;SOLEIL;1;3.6;0
Cannes;43.55;7.01;24/09/2026;01:00;10.9;0;SOLEIL;1;3.6;0
Cannes;43.55;7.01;24/09/2026;02:00;9.5;0;SOLEIL;1;4.0;0
Cannes;43.55;7.01;24/09/2026;03:00;9.5;0;SOLEIL;1;4.0;0
Cannes;43.55;7.01;24/09/2026;04:00;9.5;0;SOLEIL;1;5.8;0
Cannes;43.55;7.01;24/09/2026;05:00;9.1;0;SOLEIL;1;6.5;0
Cannes;43.55;7.01;24/09/2026;06:00;9.1;0;SOLEIL;1;6.5;0
Cannes;43.55;7.01;24/09/2026;07:00;9.1;0;SOLEIL;1;6.5;0
Cannes;43.55;7.01;24/09/2026;08:00;17.7;5;SOLEIL VOILÉ;1;7.6;0
Cannes;43.55;7.01;24/09/2026;09:00;17.7;5;SOLEIL VOILÉ;1;7.2;0
Cannes;43.55;7.01;24/09/2026;10:00;17.7;5;SOLEIL VOILÉ;1;5.0;0
Cannes;43.55;7.01;24/09/2026;11:00;23.9;5;SOLEIL VOILÉ;2;7.6;0
Cannes;43.55;7.01;24/09/2026;12:00;23.9;5;SOLEIL VOILÉ;2;14.4;0
Cannes;43.55;7.01;24/09/2026;13:00;23.9;5;SOLEIL VOILÉ;2;19.4;0
Cannes;43.55;7.01;24/09/2026;14:00;20.1;5;SOLEIL VOILÉ;2;29.5;0
Cannes;43.55;7.01;24/09/2026;15:00;20.1;5;SOLEIL VOILÉ;2;32.8;0
Cannes;43.55;7.01;24/09/2026;16:00;20.1;5;SOLEIL VOILÉ;2;34.2;0
Cannes;43.55;7.01;24/09/2026;17:00;13.6;5;SOLEIL VOILÉ;2;33.8;0
Cannes;43.55;7.01;24/09/2026;18:00;13.6;5;SOLEIL VOILÉ;2;30.6;0
Cannes;43.55;7.01;24/09/2026;19:00;13.6;5;SOLEIL VOILÉ;2;25.6;0
Cannes;43.55;7.01;24/09/2026;20:00;15.4;5;SOLEIL VOILÉ;5;20.5;0
Cannes;43.55;7.01;24/09/2026;21:00;13.6;5;SOLEIL VOILÉ;5;16.2;0
Cannes;43.55;7.01;24/09/2026;22:00;11.8;5;SOLEIL VOILÉ;5;11.9;0
Cannes;43.55;7.01;24/09/2026;23:00;10.1;0;SOLEIL;1;8.6;0
Cannes;43.55;7.01;25/09/2026;00:00;10.1;0;SOLEIL;1;7.2;0
Cannes;43.55;7.01;25/09/2026;01:00;10.1;0;SOLEIL;1;6.8;0
Cannes;43.55;7.01;25/09/2026;02:00;7.1;2;NUAGEUX;5;6.8;0
Cannes;43.55;7.01;25/09/2026;03:00;7.1;2;NUAGEUX;5;6.5;0
Cannes;43.55;7.01;25/09/2026;04:00;7.1;2;NUAGEUX;5;6.5;0
Cannes;43.55;7.01;25/09/2026;05:00;8.1;2;NUAGEUX;1;6.5;0
Cannes;43.55;7.01;25/09/2026;06:00;8.1;2;NUAGEUX;1;6.1;0
Cannes;43.55;7.01;25/09/2026;07:00;8.1;2;NUAGEUX;1;6.1;0
Cannes;43.55;7.01;25/09/2026;08:00;11.3;2;NUAGEUX;5;6.1;0
Cannes;43.55;7.01;25/09/2026;09:00;13.4;2;NUAGEUX;5;6.1;0
Cannes;43.55;7.01;25/09/2026;10:00;15.5;2;NUAGEUX;5;6.1;0
Cannes;43.55;7.01;25/09/2026;11:00;25.7;2;NUAGEUX;2;7.6;0
Cannes;43.55;7.01;25/09/2026;12:00;25.7;2;NUAGEUX;2;11.2;0
Cannes;43.55;7.01;25/09/2026;13:00;25.7;2;NUAGEUX;2;15.8;0
Cannes;43.55;7.01;25/09/2026;14:00;24.0;2;NUAGEUX;5;18.7;0
Cannes;43.55;7.01;25/09/2026;15:00;26.1;2;NUAGEUX;5;18.7;0
Cannes;43.55;7.01;25/09/2026;16:00;24.0;2;NUAGEUX;5;16.9;0
Cannes;43.55;7.01;25/09/2026;17:00;14.6;0;SOLEIL;1;15.1;0
Cannes;43.55;7.01;25/09/2026;18:00;14.6;0;SOLEIL;1;14.4;0
Cannes;43.55;7.01;25/09/2026;19:00;14.6;0;SOLEIL;1;13.3;0
Cannes;43.55;7.01;25/09/2026;20:00;15.5;2;NUAGEUX;5;11.9;0
Cannes;43.55;7.01;25/09/2026;21:00;13.4;2;NUAGEUX;5;8.6;0
Cannes;43.55;7.01;25/09/2026;22:00;11.3;2;NUAGEUX;5;5.0;0
Cannes;43.55;7.01;25/09/2026;23:00;9.4;0;SOLEIL;0;2.5;0
Cannes;43.55;7.01;26/09/2026;00:00;9.4;0;SOLEIL;0;2.9;0
Cannes;43.55;7.01;26/09/2026;01:00;9.4;0;SOLEIL;0;5.0;0
Cannes;43.55;7.01;26/09/2026;02:00;6.5;0;SOLEIL;5;6.5;0
Cannes;43.55;7.01;26/09/2026;03:00;6.5;0;SOLEIL;5;6.8;0
Cannes;43.55;7.01;26/09/2026;04:00;6.5;0;SOLEIL;5;6.5;0
Cannes;43.55;7.01;26/09/2026;05:00;7.1;0;SOLEIL;0;6.1;0
Cannes;43.55;7.01;26/09/2026;06:00;7.1;0;SOLEIL;0;7.0;0
Cannes;43.55;7.01;26/09/2026;07:00;7.1;0;SOLEIL;0;7.9;0
Cannes;43.55;7.01;26/09/2026;08:00;10.9;0;SOLEIL;5;8.8;0
Cannes;43.55;7.01;26/09/2026;09:00;13.1;0;SOLEIL;5;12.2;0
Cannes;43.55;7.01;26/09/2026;10:00;15.3;0;SOLEIL;5;11.2;0
Cannes;43.55;7.01;26/09/2026;11:00;26;0;SOLEIL;2;10.4;0
Cannes;43.55;7.01;26/09/2026;12:00;26;0;SOLEIL;2;10.4;0
Cannes;43.55;7.01;26/09/2026;13:00;26;0;SOLEIL;2;11.2;0
Cannes;43.55;7.01;26/09/2026;14:00;24.2;0;SOLEIL;5;12.2;0
Cannes;43.55;7.01;26/09/2026;15:00;26.4;0;SOLEIL;5;14.4;0
Cannes;43.55;7.01;26/09/2026;16:00;24.2;0;SOLEIL;5;17.3;0
Cannes;43.55;7.01;26/09/2026;17:00;15;0;SOLEIL;1;18.7;0
Cannes;43.55;7.01;26/09/2026;18:00;15;0;SOLEIL;1;18.0;0
Cannes;43.55;7.01;26/09/2026;19:00;15;0;SOLEIL;1;16.2;0
Cannes;43.55;7.01;26/09/2026;20:00;15.3;0;SOLEIL;5;14.0;0
Cannes;43.55;7.01;26/09/2026;21:00;13.1;0;SOLEIL;5;11.5;0
Cannes;43.55;7.01;26/09/2026;22:00;10.9;0;SOLEIL;5;9.0;0
Cannes;43.55;7.01;26/09/2026;23:00;10.5;0;SOLEIL;0;6.8;0
Nice;43.71;7.26;22/09/2026;00:00;22.1;0;SOLEIL;1;5.8;0
Nice;43.71;7.26;22/09/2026;01:00;21.6;0;SOLEIL;1;6.8;0
Nice;43.71;7.26;22/09/2026;02:00;21.2;0;SOLEIL;1;5.0;0
Nice;43.71;7.26;22/09/2026;03:00;20.6;0;SOLEIL;1;4.3;0
Nice;43.71;7.26;22/09/2026;04:00;20.6;0;SOLEIL;1;6.5;0
Nice;43.71;7.26;22/09/2026;05:00;20.7;0;SOLEIL;1;6.5;0
Nice;43.71;7.26;22/09/2026;06:00;21.6;0;SOLEIL;1;5.4;0
Nice;43.71;7.26;22/09/2026;07:00;23.7;0;SOLEIL;2;6.1;0
Nice;43.71;7.26;22/09/2026;08:00;27.4;0;SOLEIL;2;10.4;0
Nice;43.71;7.26;22/09/2026;09:00;27.1;0;SOLEIL;3;14.0;0
Nice;43.71;7.26;22/09/2026;10:00;27.6;0;SOLEIL;3;16.2;0
Nice;43.71;7.26;22/09/2026;11:00;28;0;SOLEIL;3;23.4;0
Nice;43.71;7.26;22/09/2026;12:00;27.9;0;SOLEIL;3;23.4;0
Nice;43.71;7.26;22/09/2026;13:00;27.6;0;SOLEIL;3;24.8;0
Nice;43.71;7.26;22/09/2026;14:00;27.2;0;SOLEIL;3;27.7;0
Nice;43.71;7.26;22/09/2026;15:00;27.3;0;SOLEIL;3;28.8;0
Nice;43.71;7.26;22/09/2026;16:00;26.9;0;SOLEIL;2;26.3;0
Nice;43.71;7.26;22/09/2026;17:00;26;0;SOLEIL;2;23.0;0
Nice;43.71;7.26;22/09/2026;18:00;24.6;0;SOLEIL;2;20.2;0
Nice;43.71;7.26;22/09/2026;19:00;23.9;0;SOLEIL;0;16.2;0
Nice;43.71;7.26;22/09/2026;20:00;23.1;0;SOLEIL;1;11.2;0
Nice;43.71;7.26;22/09/2026;21:00;23.2;0;SOLEIL;2;7.9;0
Nice;43.71;7.26;22/09/2026;22:00;23.1;0;SOLEIL;2;4.3;0
Nice;43.71;7.26;22/09/2026;23:00;23.1;0;SOLEIL;2;3.6;0
Nice;43.71;7.26;23/09/2026;00:00;23.1;0;SOLEIL;2;6.1;0
Nice;43.71;7.26;23/09/2026;01:00;23.1;0;SOLEIL;2;10.4;0
Nice;43.71;7.26;23/09/2026;02:00;19;0;SOLEIL;6;10.4;0
Nice;43.71;7.26;23/09/2026;03:00;19;0;SOLEIL;6;12.2;0
Nice;43.71;7.26;23/09/2026;04:00;19;0;SOLEIL;6;11.5;0
Nice;43.71;7.26;23/09/2026;05:00;19.6;0;SOLEIL;5;18.7;0
Nice;43.71;7.26;23/09/2026;06:00;19.6;0;SOLEIL;5;21.2;0
Nice;43.71;7.26;23/09/2026;07:00;19.6;0;SOLEIL;5;22.3;0
Nice;43.71;7.26;23/09/2026;08:00;26.2;0;SOLEIL;5;19.4;0
Nice;43.71;7.26;23/09/2026;09:00;26.2;0;SOLEIL;5;21.2;0
Nice;43.71;7.26;23/09/2026;10:00;26.2;0;SOLEIL;5;22.7;0
Nice;43.71;7.26;23/09/2026;11:00;26.7;0;SOLEIL;4;24.8;0
Nice;43.71;7.26;23/09/2026;12:00;26.7;0;SOLEIL;4;27.6;0
Nice;43.71;7.26;23/09/2026;13:00;26.7;0;SOLEIL;4;29.2;0
Nice;43.71;7.26;23/09/2026;14:00;26;0;SOLEIL;4;30.6;0
Nice;43.71;7.26;23/09/2026;15:00;26;0;SOLEIL;4;32.0;0
Nice;43.71;7.26;23/09/2026;16:00;26;0;SOLEIL;4;31.0;0
Nice;43.71;7.26;23/09/2026;17:00;23.1;0;SOLEIL;2;28.8;0
Nice;43.71;7.26;23/09/2026;18:00;23.1;0;SOLEIL;2;25.9;0
Nice;43.71;7.26;23/09/2026;19:00;23.1;0;SOLEIL;2;21.6;0
Nice;43.71;7.26;23/09/2026;20:00;19.4;0;SOLEIL;1;18.0;0
Nice;43.71;7.26;23/09/2026;21:00;19.4;0;SOLEIL;1;9.4;0
Nice;43.71;7.26;23/09/2026;22:00;19.4;0;SOLEIL;1;5.4;0
Nice;43.71;7.26;23/09/2026;23:00;17.6;0;SOLEIL;2;7.2;0
Nice;43.71;7.26;24/09/2026;00:00;17.6;0;SOLEIL;2;7.2;0
Nice;43.71;7.26;24/09/2026;01:00;17.6;0;SOLEIL;2;8.3;0
Nice;43.71;7.26;24/09/2026;02:00;15.6;0;SOLEIL;2;9.0;0
Nice;43.71;7.26;24/09/2026;03:00;15.6;0;SOLEIL;2;9.4;0
Nice;43.71;7.26;24/09/2026;04:00;15.6;0;SOLEIL;2;10.1;0
Nice;43.71;7.26;24/09/2026;05:00;16.7;0;SOLEIL;2;9.7;0
Nice;43.71;7.26;24/09/2026;06:00;16.7;0;SOLEIL;2;9.0;0
Nice;43.71;7.26;24/09/2026;07:00;16.7;0;SOLEIL;2;9.4;0
Nice;43.71;7.26;24/09/2026;08:00;24.6;0;SOLEIL;0;9.4;0
Nice;43.71;7.26;24/09/2026;09:00;24.6;0;SOLEIL;0;9.0;0
Nice;43.71;7.26;24/09/2026;10:00;24.6;0;SOLEIL;0;10.4;0
Nice;43.71;7.26;24/09/2026;11:00;25.6;0;SOLEIL;4;7.2;0
Nice;43.71;7.26;24/09/2026;12:00;25.6;0;SOLEIL;4;19.1;0
Nice;43.71;7.26;24/09/2026;13:00;25.6;0;SOLEIL;4;23.8;0
Nice;43.71;7.26;24/09/2026;14:00;25.2;0;SOLEIL;3;27.0;0
Nice;43.71;7.26;24/09/2026;15:00;25.2;0;SOLEIL;3;28.1;0
Nice;43.71;7.26;24/09/2026;16:00;25.2;0;SOLEIL;3;27.0;0
Nice;43.71;7.26;24/09/2026;17:00;23;0;SOLEIL;4;20.2;0
Nice;43.71;7.26;24/09/2026;18:00;23;0;SOLEIL;4;20.2;0
Nice;43.71;7.26;24/09/2026;19:00;23;0;SOLEIL;4;18.4;0
Nice;43.71;7.26;24/09/2026;20:00;20.2;0;SOLEIL;5;18.0;0
Nice;43.71;7.26;24/09/2026;21:00;18.9;0;SOLEIL;5;10.1;0
Nice;43.71;7.26;24/09/2026;22:00;17.7;0;SOLEIL;5;9.7;0
Nice;43.71;7.26;24/09/2026;23:00;19.1;0;SOLEIL;3;8.3;0
Nice;43.71;7.26;25/09/2026;00:00;19.1;0;SOLEIL;3;8.6;0
Nice;43.71;7.26;25/09/2026;01:00;19.1;0;SOLEIL;3;9.0;0
Nice;43.71;7.26;25/09/2026;02:00;17.2;0;SOLEIL;5;9.4;0
Nice;43.71;7.26;25/09/2026;03:00;17.2;0;SOLEIL;5;10.8;0
Nice;43.71;7.26;25/09/2026;04:00;17.2;0;SOLEIL;5;12.2;0
Nice;43.71;7.26;25/09/2026;05:00;19.1;2;NUAGEUX;4;11.2;0
Nice;43.71;7.26;25/09/2026;06:00;19.1;2;NUAGEUX;4;10.1;0
Nice;43.71;7.26;25/09/2026;07:00;19.1;2;NUAGEUX;4;12.6;0
Nice;43.71;7.26;25/09/2026;08:00;19.2;0;SOLEIL;5;13.3;0
Nice;43.71;7.26;25/09/2026;09:00;20.2;0;SOLEIL;5;14.4;0
Nice;43.71;7.26;25/09/2026;10:00;21.2;0;SOLEIL;5;20.9;0
Nice;43.71;7.26;25/09/2026;11:00;25.1;0;SOLEIL;6;21.2;0
Nice;43.71;7.26;25/09/2026;12:00;25.1;0;SOLEIL;6;26.0;0
Nice;43.71;7.26;25/09/2026;13:00;25.1;0;SOLEIL;6;38.3;0
Nice;43.71;7.26;25/09/2026;14:00;25.1;0;SOLEIL;5;40.8;0
Nice;43.71;7.26;25/09/2026;15:00;26.1;0;SOLEIL;5;41.4;0
Nice;43.71;7.26;25/09/2026;16:00;25.1;0;SOLEIL;5;40.3;0
Nice;43.71;7.26;25/09/2026;17:00;22.2;0;SOLEIL;2;38.2;0
Nice;43.71;7.26;25/09/2026;18:00;22.2;0;SOLEIL;2;33.8;0
Nice;43.71;7.26;25/09/2026;19:00;22.2;0;SOLEIL;2;28.4;0
Nice;43.71;7.26;25/09/2026;20:00;21.2;0;SOLEIL;5;23.0;0
Nice;43.71;7.26;25/09/2026;21:00;20.2;0;SOLEIL;5;17.6;0
Nice;43.71;7.26;25/09/2026;22:00;19.2;0;SOLEIL;5;11.9;0
Nice;43.71;7.26;25/09/2026;23:00;18.2;0;SOLEIL;2;7.9;0
Nice;43.71;7.26;26/09/2026;00:00;18.2;0;SOLEIL;2;6.1;0
Nice;43.71;7.26;26/09/2026;01:00;18.2;0;SOLEIL;2;6.1;0
Nice;43.71;7.26;26/09/2026;02:00;15.6;0;SOLEIL;5;5.8;0
Nice;43.71;7.26;26/09/2026;03:00;15.6;0;SOLEIL;5;4.7;0
Nice;43.71;7.26;26/09/2026;04:00;15.6;0;SOLEIL;5;4.0;0
Nice;43.71;7.26;26/09/2026;05:00;16.9;0;SOLEIL;2;4.3;0
Nice;43.71;7.26;26/09/2026;06:00;16.9;0;SOLEIL;2;6.5;0
Nice;43.71;7.26;26/09/2026;07:00;16.9;0;SOLEIL;2;10.1;0
Nice;43.71;7.26;26/09/2026;08:00;18.0;0;SOLEIL;5;14.0;0
Nice;43.71;7.26;26/09/2026;09:00;19.1;0;SOLEIL;5;19.4;0
Nice;43.71;7.26;26/09/2026;10:00;20.3;0;SOLEIL;5;25.6;0
Nice;43.71;7.26;26/09/2026;11:00;25.4;0;SOLEIL;4;29.9;0
Nice;43.71;7.26;26/09/2026;12:00;25.4;0;SOLEIL;4;31.3;0
Nice;43.71;7.26;26/09/2026;13:00;25.4;0;SOLEIL;4;31.0;0
Nice;43.71;7.26;26/09/2026;14:00;25.0;0;SOLEIL;5;30.2;0
Nice;43.71;7.26;26/09/2026;15:00;26.2;0;SOLEIL;5;30.2;0
Nice;43.71;7.26;26/09/2026;16:00;25.0;0;SOLEIL;5;29.9;0
Nice;43.71;7.26;26/09/2026;17:00;22.1;0;SOLEIL;2;29.2;0
Nice;43.71;7.26;26/09/2026;18:00;22.1;0;SOLEIL;2;28.1;0
Nice;43.71;7.26;26/09/2026;19:00;22.1;0;SOLEIL;2;26.3;0
Nice;43.71;7.26;26/09/2026;20:00;20.3;0;SOLEIL;5;23.8;0
Nice;43.71;7.26;26/09/2026;21:00;19.1;0;SOLEIL;5;19.1;0
Nice;43.71;7.26;26/09/2026;22:00;18.0;0;SOLEIL;5;13.3;0
Nice;43.71;7.26;26/09/2026;23:00;17.6;0;SOLEIL;1;9.0;0
Puget-Théniers;43.95;6.89;22/09/2026;00:00;23.1;0;SOLEIL;2;7.6;0
Puget-Théniers;43.95;6.89;22/09/2026;01:00;22.9;0;SOLEIL;1;7.9;0
Puget-Théniers;43.95;6.89;22/09/2026;02:00;22.5;0;SOLEIL;2;7.9;0
Puget-Théniers;43.95;6.89;22/09/2026;03:00;22.4;0;SOLEIL;2;7.9;0
Puget-Théniers;43.95;6.89;22/09/2026;04:00;21.9;0;SOLEIL;2;9.7;0
Puget-Théniers;43.95;6.89;22/09/2026;05:00;21.7;0;SOLEIL;2;12.2;0
Puget-Théniers;43.95;6.89;22/09/2026;06:00;22.4;0;SOLEIL;2;13.0;0
Puget-Théniers;43.95;6.89;22/09/2026;07:00;23.4;0;SOLEIL;2;13.0;0
Puget-Théniers;43.95;6.89;22/09/2026;08:00;26.5;0;SOLEIL;1;12.6;0
Puget-Théniers;43.95;6.89;22/09/2026;09:00;25.1;0;SOLEIL;2;11.2;0
Puget-Théniers;43.95;6.89;22/09/2026;10:00;25.6;0;SOLEIL;2;7.6;0
Puget-Théniers;43.95;6.89;22/09/2026;11:00;26.1;0;SOLEIL;2;10.4;0
Puget-Théniers;43.95;6.89;22/09/2026;12:00;26.6;0;SOLEIL;2;12.6;0
Puget-Théniers;43.95;6.89;22/09/2026;13:00;26.5;0;SOLEIL;3;16.2;0
Puget-Théniers;43.95;6.89;22/09/2026;14:00;26.3;0;SOLEIL;3;17.3;0
Puget-Théniers;43.95;6.89;22/09/2026;15:00;26.6;0;SOLEIL;2;18.0;0
Puget-Théniers;43.95;6.89;22/09/2026;16:00;26.3;0;SOLEIL;2;21.2;0
Puget-Théniers;43.95;6.89;22/09/2026;17:00;26.1;0;SOLEIL;1;22.0;0
Puget-Théniers;43.95;6.89;22/09/2026;18:00;25.2;0;SOLEIL;1;19.8;0
Puget-Théniers;43.95;6.89;22/09/2026;19:00;25.1;0;SOLEIL;0;14.4;0
Puget-Théniers;43.95;6.89;22/09/2026;20:00;24.5;0;SOLEIL;2;6.5;0
Puget-Théniers;43.95;6.89;22/09/2026;21:00;24.2;0;SOLEIL;2;8.3;0
Puget-Théniers;43.95;6.89;22/09/2026;22:00;24.1;0;SOLEIL;2;12.2;0
Puget-Théniers;43.95;6.89;22/09/2026;23:00;23.6;0;SOLEIL;2;13.0;0
Puget-Théniers;43.95;6.89;23/09/2026;00:00;23.2;0;SOLEIL;2;13.0;0
Puget-Théniers;43.95;6.89;23/09/2026;01:00;23.2;0;SOLEIL;2;12.2;0
Puget-Théniers;43.95;6.89;23/09/2026;02:00;23.6;0;SOLEIL;3;11.9;0
Puget-Théniers;43.95;6.89;23/09/2026;03:00;23.6;0;SOLEIL;3;10.4;0
Puget-Théniers;43.95;6.89;23/09/2026;04:00;23.6;0;SOLEIL;3;11.5;0
Puget-Théniers;43.95;6.89;23/09/2026;05:00;22.5;0;SOLEIL;2;20.2;0
Puget-Théniers;43.95;6.89;23/09/2026;06:00;22.5;0;SOLEIL;2;22.0;0
Puget-Théniers;43.95;6.89;23/09/2026;07:00;22.5;0;SOLEIL;2;22.3;0
Puget-Théniers;43.95;6.89;23/09/2026;08:00;24.7;0;SOLEIL;3;21.2;0
Puget-Théniers;43.95;6.89;23/09/2026;09:00;24.7;0;SOLEIL;3;17.3;0
Puget-Théniers;43.95;6.89;23/09/2026;10:00;24.7;0;SOLEIL;3;18.7;0
Puget-Théniers;43.95;6.89;23/09/2026;11:00;25.4;0;SOLEIL;4;19.4;0
Puget-Théniers;43.95;6.89;23/09/2026;12:00;25.4;0;SOLEIL;4;20.3;0
Puget-Théniers;43.95;6.89;23/09/2026;13:00;25.4;0;SOLEIL;4;22.3;0
Puget-Théniers;43.95;6.89;23/09/2026;14:00;25.5;0;SOLEIL;3;25.7;0
Puget-Théniers;43.95;6.89;23/09/2026;15:00;25.5;0;SOLEIL;3;27.7;0
Puget-Théniers;43.95;6.89;23/09/2026;16:00;25.5;0;SOLEIL;3;25.6;0
Puget-Théniers;43.95;6.89;23/09/2026;17:00;23.9;0;SOLEIL;1;23.4;0
Puget-Théniers;43.95;6.89;23/09/2026;18:00;23.9;0;SOLEIL;1;19.4;0
Puget-Théniers;43.95;6.89;23/09/2026;19:00;23.9;0;SOLEIL;1;14.4;0
Puget-Théniers;43.95;6.89;23/09/2026;20:00;22;0;SOLEIL;2;7.6;0
Puget-Théniers;43.95;6.89;23/09/2026;21:00;22;0;SOLEIL;2;7.9;0
Puget-Théniers;43.95;6.89;23/09/2026;22:00;22;0;SOLEIL;2;14.4;0
Puget-Théniers;43.95;6.89;23/09/2026;23:00;20.4;0;SOLEIL;2;15.1;0
Puget-Théniers;43.95;6.89;24/09/2026;00:00;20.4;0;SOLEIL;2;16.2;0
Puget-Théniers;43.95;6.89;24/09/2026;01:00;20.4;0;SOLEIL;2;17.6;0
Puget-Théniers;43.95;6.89;24/09/2026;02:00;18.6;0;SOLEIL;2;17.6;0
Puget-Théniers;43.95;6.89;24/09/2026;03:00;18.6;0;SOLEIL;2;17.3;0
Puget-Théniers;43.95;6.89;24/09/2026;04:00;18.6;0;SOLEIL;2;16.9;0
Puget-Théniers;43.95;6.89;24/09/2026;05:00;19.1;0;SOLEIL;3;16.9;0
Puget-Théniers;43.95;6.89;24/09/2026;06:00;19.1;0;SOLEIL;3;15.8;0
Puget-Théniers;43.95;6.89;24/09/2026;07:00;19.1;0;SOLEIL;3;17.3;0
Puget-Théniers;43.95;6.89;24/09/2026;08:00;24.1;0;SOLEIL;1;17.3;0
Puget-Théniers;43.95;6.89;24/09/2026;09:00;24.1;0;SOLEIL;1;15.8;0
Puget-Théniers;43.95;6.89;24/09/2026;10:00;24.1;0;SOLEIL;1;13.3;0
Puget-Théniers;43.95;6.89;24/09/2026;11:00;25.5;0;SOLEIL;3;10.4;0
Puget-Théniers;43.95;6.89;24/09/2026;12:00;25.5;0;SOLEIL;3;18.0;0
Puget-Théniers;43.95;6.89;24/09/2026;13:00;25.5;0;SOLEIL;3;20.5;0
Puget-Théniers;43.95;6.89;24/09/2026;14:00;25.2;0;SOLEIL;3;19.4;0
Puget-Théniers;43.95;6.89;24/09/2026;15:00;25.2;0;SOLEIL;3;19.4;0
Puget-Théniers;43.95;6.89;24/09/2026;16:00;25.2;0;SOLEIL;3;17.6;0
Puget-Théniers;43.95;6.89;24/09/2026;17:00;23.9;0;SOLEIL;2;15.5;0
Puget-Théniers;43.95;6.89;24/09/2026;18:00;23.9;0;SOLEIL;2;11.9;0
Puget-Théniers;43.95;6.89;24/09/2026;19:00;23.9;0;SOLEIL;2;7.6;0
Puget-Théniers;43.95;6.89;24/09/2026;20:00;21.6;0;SOLEIL;5;5.0;0
Puget-Théniers;43.95;6.89;24/09/2026;21:00;20.7;0;SOLEIL;5;6.1;0
Puget-Théniers;43.95;6.89;24/09/2026;22:00;19.7;0;SOLEIL;5;9.0;0
Puget-Théniers;43.95;6.89;24/09/2026;23:00;21.1;0;SOLEIL;2;11.5;0
Puget-Théniers;43.95;6.89;25/09/2026;00:00;21.1;0;SOLEIL;2;13.0;0
Puget-Théniers;43.95;6.89;25/09/2026;01:00;21.1;0;SOLEIL;2;14.0;0
Puget-Théniers;43.95;6.89;25/09/2026;02:00;20.4;0;SOLEIL;5;15.1;0
Puget-Théniers;43.95;6.89;25/09/2026;03:00;20.4;0;SOLEIL;5;16.6;0
Puget-Théniers;43.95;6.89;25/09/2026;04:00;20.4;0;SOLEIL;5;18.0;0
Puget-Théniers;43.95;6.89;25/09/2026;05:00;21.4;2;NUAGEUX;3;18.4;0
Puget-Théniers;43.95;6.89;25/09/2026;06:00;21.4;2;NUAGEUX;3;17.3;0
Puget-Théniers;43.95;6.89;25/09/2026;07:00;21.4;2;NUAGEUX;3;15.8;0
Puget-Théniers;43.95;6.89;25/09/2026;08:00;21.4;0;SOLEIL;5;14.0;0
Puget-Théniers;43.95;6.89;25/09/2026;09:00;22.0;0;SOLEIL;5;11.9;0
Puget-Théniers;43.95;6.89;25/09/2026;10:00;22.5;0;SOLEIL;5;10.1;0
Puget-Théniers;43.95;6.89;25/09/2026;11:00;24.5;0;SOLEIL;4;10.4;0
Puget-Théniers;43.95;6.89;25/09/2026;12:00;24.5;0;SOLEIL;4;16.2;0
Puget-Théniers;43.95;6.89;25/09/2026;13:00;24.5;0;SOLEIL;4;24.1;0
Puget-Théniers;43.95;6.89;25/09/2026;14:00;24.6;0;SOLEIL;5;29.2;0
Puget-Théniers;43.95;6.89;25/09/2026;15:00;25.1;0;SOLEIL;5;28.8;0
Puget-Théniers;43.95;6.89;25/09/2026;16:00;24.6;0;SOLEIL;5;25.2;0
Puget-Théniers;43.95;6.89;25/09/2026;17:00;23.6;7;PLUIE FAIBLE;0;20.9;0
Puget-Théniers;43.95;6.89;25/09/2026;18:00;23.6;7;PLUIE FAIBLE;0;15.8;0
Puget-Théniers;43.95;6.89;25/09/2026;19:00;23.6;7;PLUIE FAIBLE;0;9.7;0
Puget-Théniers;43.95;6.89;25/09/2026;20:00;22.5;0;SOLEIL;5;6.5;0
Puget-Théniers;43.95;6.89;25/09/2026;21:00;22.0;0;SOLEIL;5;7.9;0
Puget-Théniers;43.95;6.89;25/09/2026;22:00;21.4;0;SOLEIL;5;12.2;0
Puget-Théniers;43.95;6.89;25/09/2026;23:00;21.9;0;SOLEIL;2;15.5;0
Puget-Théniers;43.95;6.89;26/09/2026;00:00;21.9;0;SOLEIL;2;16.2;0
Puget-Théniers;43.95;6.89;26/09/2026;01:00;21.9;0;SOLEIL;2;15.8;0
Puget-Théniers;43.95;6.89;26/09/2026;02:00;19.4;0;SOLEIL;5;15.5;0
Puget-Théniers;43.95;6.89;26/09/2026;03:00;19.4;0;SOLEIL;5;15.8;0
Puget-Théniers;43.95;6.89;26/09/2026;04:00;19.4;0;SOLEIL;5;16.2;0
Puget-Théniers;43.95;6.89;26/09/2026;05:00;20.4;0;SOLEIL;2;16.6;0
Puget-Théniers;43.95;6.89;26/09/2026;06:00;20.4;0;SOLEIL;2;17.1;0
Puget-Théniers;43.95;6.89;26/09/2026;07:00;20.4;0;SOLEIL;2;17.6;0
Puget-Théniers;43.95;6.89;26/09/2026;08:00;20.6;0;SOLEIL;5;17.8;0
Puget-Théniers;43.95;6.89;26/09/2026;09:00;21.2;0;SOLEIL;5;13.0;0
Puget-Théniers;43.95;6.89;26/09/2026;10:00;21.8;0;SOLEIL;5;10.8;0
Puget-Théniers;43.95;6.89;26/09/2026;11:00;24.4;0;SOLEIL;3;10.1;0
Puget-Théniers;43.95;6.89;26/09/2026;12:00;24.4;0;SOLEIL;3;13.0;0
Puget-Théniers;43.95;6.89;26/09/2026;13:00;24.4;0;SOLEIL;3;17.3;0
Puget-Théniers;43.95;6.89;26/09/2026;14:00;24.3;0;SOLEIL;5;20.2;0
Puget-Théniers;43.95;6.89;26/09/2026;15:00;24.9;0;SOLEIL;5;20.9;0
Puget-Théniers;43.95;6.89;26/09/2026;16:00;24.3;0;SOLEIL;5;20.2;0
Puget-Théniers;43.95;6.89;26/09/2026;17:00;23.4;0;SOLEIL;0;18.4;0
Puget-Théniers;43.95;6.89;26/09/2026;18:00;23.4;0;SOLEIL;0;15.1;0
Puget-Théniers;43.95;6.89;26/09/2026;19:00;23.4;0;SOLEIL;0;10.8;0
Puget-Théniers;43.95;6.89;26/09/2026;20:00;21.8;0;SOLEIL;5;7.9;0
Puget-Théniers;43.95;6.89;26/09/2026;21:00;21.2;0;SOLEIL;5;7.6;0
Puget-Théniers;43.95;6.89;26/09/2026;22:00;20.6;0;SOLEIL;5;8.3;0
Puget-Théniers;43.95;6.89;26/09/2026;23:00;21.6;0;SOLEIL;2;9.4;0
Tende;44.08;7.59;22/09/2026;00:00;19.6;0;SOLEIL;1;4.0;0
Tende;44.08;7.59;22/09/2026;01:00;19.6;0;SOLEIL;1;4.7;0
Tende;44.08;7.59;22/09/2026;02:00;19.2;0;SOLEIL;1;5.4;0
Tende;44.08;7.59;22/09/2026;03:00;18.5;0;SOLEIL;1;4.7;0
Tende;44.08;7.59;22/09/2026;04:00;18.2;0;SOLEIL;1;5.0;0
Tende;44.08;7.59;22/09/2026;05:00;18;0;SOLEIL;1;5.4;0
Tende;44.08;7.59;22/09/2026;06:00;18.1;0;SOLEIL;1;5.0;0
Tende;44.08;7.59;22/09/2026;07:00;19.1;0;SOLEIL;1;4.7;0
Tende;44.08;7.59;22/09/2026;08:00;21.6;0;SOLEIL;1;3.6;0
Tende;44.08;7.59;22/09/2026;09:00;24;0;SOLEIL;0;5.0;0
Tende;44.08;7.59;22/09/2026;10:00;27;0;SOLEIL;1;4.0;0
Tende;44.08;7.59;22/09/2026;11:00;28.1;0;SOLEIL;1;7.2;0
Tende;44.08;7.59;22/09/2026;12:00;28.9;0;SOLEIL;1;12.6;0
Tende;44.08;7.59;22/09/2026;13:00;28.5;0;SOLEIL;2;21.2;0
Tende;44.08;7.59;22/09/2026;14:00;27.9;0;SOLEIL;3;21.2;0
Tende;44.08;7.59;22/09/2026;15:00;25.9;0;SOLEIL;3;24.8;0
Tende;44.08;7.59;22/09/2026;16:00;25;0;SOLEIL;3;25.2;0
Tende;44.08;7.59;22/09/2026;17:00;23.2;0;SOLEIL;2;24.1;0
Tende;44.08;7.59;22/09/2026;18:00;22.1;0;SOLEIL;2;23.0;0
Tende;44.08;7.59;22/09/2026;19:00;21.1;0;SOLEIL;1;20.9;0
Tende;44.08;7.59;22/09/2026;20:00;19.6;0;SOLEIL;1;15.5;0
Tende;44.08;7.59;22/09/2026;21:00;19.2;0;SOLEIL;1;9.0;0
Tende;44.08;7.59;22/09/2026;22:00;18.6;0;SOLEIL;0;6.5;0
Tende;44.08;7.59;22/09/2026;23:00;18.2;0;SOLEIL;1;4.3;0
Tende;44.08;7.59;23/09/2026;00:00;18.1;0;SOLEIL;1;4.3;0
Tende;44.08;7.59;23/09/2026;01:00;18.1;0;SOLEIL;1;5.8;0
Tende;44.08;7.59;23/09/2026;02:00;16.1;0;SOLEIL;1;5.4;0
Tende;44.08;7.59;23/09/2026;03:00;16.1;0;SOLEIL;1;2.9;0
Tende;44.08;7.59;23/09/2026;04:00;16.1;0;SOLEIL;1;2.9;0
Tende;44.08;7.59;23/09/2026;05:00;16.1;0;SOLEIL;1;4.0;0
Tende;44.08;7.59;23/09/2026;06:00;16.1;0;SOLEIL;1;4.0;0
Tende;44.08;7.59;23/09/2026;07:00;16.1;0;SOLEIL;1;4.0;0
Tende;44.08;7.59;23/09/2026;08:00;21.7;0;SOLEIL;1;1.8;0
Tende;44.08;7.59;23/09/2026;09:00;21.7;0;SOLEIL;1;2.9;0
Tende;44.08;7.59;23/09/2026;10:00;21.7;0;SOLEIL;1;6.1;0
Tende;44.08;7.59;23/09/2026;11:00;27;0;SOLEIL;1;11.9;0
Tende;44.08;7.59;23/09/2026;12:00;27;0;SOLEIL;1;13.8;0
Tende;44.08;7.59;23/09/2026;13:00;27;0;SOLEIL;1;18.2;0
Tende;44.08;7.59;23/09/2026;14:00;27.1;0;SOLEIL;3;22.4;0
Tende;44.08;7.59;23/09/2026;15:00;27.1;0;SOLEIL;3;20.9;0
Tende;44.08;7.59;23/09/2026;16:00;27.1;0;SOLEIL;3;21.6;0
Tende;44.08;7.59;23/09/2026;17:00;22.4;0;SOLEIL;2;18.7;0
Tende;44.08;7.59;23/09/2026;18:00;22.4;0;SOLEIL;2;16.9;0
Tende;44.08;7.59;23/09/2026;19:00;22.4;0;SOLEIL;2;14.4;0
Tende;44.08;7.59;23/09/2026;20:00;18;0;SOLEIL;0;21.2;0
Tende;44.08;7.59;23/09/2026;21:00;18;0;SOLEIL;0;19.4;0
Tende;44.08;7.59;23/09/2026;22:00;18;0;SOLEIL;0;9.7;0
Tende;44.08;7.59;23/09/2026;23:00;15.4;0;SOLEIL;1;5.0;0
Tende;44.08;7.59;24/09/2026;00:00;15.4;0;SOLEIL;1;4.0;0
Tende;44.08;7.59;24/09/2026;01:00;15.4;0;SOLEIL;1;3.6;0
Tende;44.08;7.59;24/09/2026;02:00;13.8;0;SOLEIL;1;4.0;0
Tende;44.08;7.59;24/09/2026;03:00;13.8;0;SOLEIL;1;4.7;0
Tende;44.08;7.59;24/09/2026;04:00;13.8;0;SOLEIL;1;6.1;0
Tende;44.08;7.59;24/09/2026;05:00;14;0;SOLEIL;1;5.8;0
Tende;44.08;7.59;24/09/2026;06:00;14;0;SOLEIL;1;6.1;0
Tende;44.08;7.59;24/09/2026;07:00;14;0;SOLEIL;1;6.8;0
Tende;44.08;7.59;24/09/2026;08:00;21.5;0;SOLEIL;1;7.6;0
Tende;44.08;7.59;24/09/2026;09:00;21.5;0;SOLEIL;1;6.8;0
Tende;44.08;7.59;24/09/2026;10:00;21.5;0;SOLEIL;1;6.5;0
Tende;44.08;7.59;24/09/2026;11:00;28.5;5;SOLEIL VOILÉ;2;7.2;0
Tende;44.08;7.59;24/09/2026;12:00;28.5;5;SOLEIL VOILÉ;2;9.0;0
Tende;44.08;7.59;24/09/2026;13:00;28.5;5;SOLEIL VOILÉ;2;7.9;0
Tende;44.08;7.59;24/09/2026;14:00;28.3;5;SOLEIL VOILÉ;3;9.4;0
Tende;44.08;7.59;24/09/2026;15:00;28.3;5;SOLEIL VOILÉ;3;9.7;0
Tende;44.08;7.59;24/09/2026;16:00;28.3;5;SOLEIL VOILÉ;3;9.7;0
Tende;44.08;7.59;24/09/2026;17:00;22.4;0;SOLEIL;1;10.1;0
Tende;44.08;7.59;24/09/2026;18:00;22.4;0;SOLEIL;1;10.8;0
Tende;44.08;7.59;24/09/2026;19:00;22.4;0;SOLEIL;1;11.5;0
Tende;44.08;7.59;24/09/2026;20:00;20.7;0;SOLEIL;5;11.5;0
Tende;44.08;7.59;24/09/2026;21:00;18.8;0;SOLEIL;5;10.4;0
Tende;44.08;7.59;24/09/2026;22:00;16.9;0;SOLEIL;5;8.6;0
Tende;44.08;7.59;24/09/2026;23:00;16.1;0;SOLEIL;1;7.2;0
Tende;44.08;7.59;25/09/2026;00:00;16.1;0;SOLEIL;1;6.1;0
Tende;44.08;7.59;25/09/2026;01:00;16.1;0;SOLEIL;1;5.0;0
Tende;44.08;7.59;25/09/2026;02:00;13.4;0;SOLEIL;5;4.7;0
Tende;44.08;7.59;25/09/2026;03:00;13.4;0;SOLEIL;5;5.0;0
Tende;44.08;7.59;25/09/2026;04:00;13.4;0;SOLEIL;5;5.8;0
Tende;44.08;7.59;25/09/2026;05:00;14.4;2;NUAGEUX;1;6.5;0
Tende;44.08;7.59;25/09/2026;06:00;14.4;2;NUAGEUX;1;6.8;0
Tende;44.08;7.59;25/09/2026;07:00;14.4;2;NUAGEUX;1;7.2;0
Tende;44.08;7.59;25/09/2026;08:00;16.7;0;SOLEIL;5;7.2;0
Tende;44.08;7.59;25/09/2026;09:00;18.3;0;SOLEIL;5;6.1;0
Tende;44.08;7.59;25/09/2026;10:00;20.0;0;SOLEIL;5;4.3;0
Tende;44.08;7.59;25/09/2026;11:00;27.6;0;SOLEIL;3;4.7;0
Tende;44.08;7.59;25/09/2026;12:00;27.6;0;SOLEIL;3;9.0;0
Tende;44.08;7.59;25/09/2026;13:00;27.6;0;SOLEIL;3;15.1;0
Tende;44.08;7.59;25/09/2026;14:00;26.6;0;SOLEIL;5;19.4;0
Tende;44.08;7.59;25/09/2026;15:00;28.2;0;SOLEIL;5;19.1;0
Tende;44.08;7.59;25/09/2026;16:00;26.6;0;SOLEIL;5;16.9;0
Tende;44.08;7.59;25/09/2026;17:00;21.8;0;SOLEIL;1;15.1;0
Tende;44.08;7.59;25/09/2026;18:00;21.8;0;SOLEIL;1;15.5;0
Tende;44.08;7.59;25/09/2026;19:00;21.8;0;SOLEIL;1;16.6;0
Tende;44.08;7.59;25/09/2026;20:00;20.0;0;SOLEIL;5;16.2;0
Tende;44.08;7.59;25/09/2026;21:00;18.3;0;SOLEIL;5;13.0;0
Tende;44.08;7.59;25/09/2026;22:00;16.7;0;SOLEIL;5;8.3;0
Tende;44.08;7.59;25/09/2026;23:00;16.9;0;SOLEIL;1;5.0;0
Tende;44.08;7.59;26/09/2026;00:00;16.9;0;SOLEIL;1;4.3;0
Tende;44.08;7.59;26/09/2026;01:00;16.9;0;SOLEIL;1;4.7;0
Tende;44.08;7.59;26/09/2026;02:00;13.5;0;SOLEIL;5;5.0;0
Tende;44.08;7.59;26/09/2026;03:00;13.5;0;SOLEIL;5;4.3;0
Tende;44.08;7.59;26/09/2026;04:00;13.5;0;SOLEIL;5;3.6;0
Tende;44.08;7.59;26/09/2026;05:00;14.3;0;SOLEIL;1;3.2;0
Tende;44.08;7.59;26/09/2026;06:00;14.3;0;SOLEIL;1;4.0;0
Tende;44.08;7.59;26/09/2026;07:00;14.3;0;SOLEIL;1;4.9;0
Tende;44.08;7.59;26/09/2026;08:00;17.0;0;SOLEIL;5;5.0;0
Tende;44.08;7.59;26/09/2026;09:00;18.8;0;SOLEIL;5;6.5;0
Tende;44.08;7.59;26/09/2026;10:00;20.5;0;SOLEIL;5;10.1;0
Tende;44.08;7.59;26/09/2026;11:00;28.2;0;SOLEIL;2;13.0;0
Tende;44.08;7.59;26/09/2026;12:00;28.2;0;SOLEIL;2;14.8;0
Tende;44.08;7.59;26/09/2026;13:00;28.2;0;SOLEIL;2;16.6;0
Tende;44.08;7.59;26/09/2026;14:00;27.5;0;SOLEIL;5;17.3;0
Tende;44.08;7.59;26/09/2026;15:00;29.3;0;SOLEIL;5;17.6;0
Tende;44.08;7.59;26/09/2026;16:00;27.5;0;SOLEIL;5;17.3;0
Tende;44.08;7.59;26/09/2026;17:00;22.5;0;SOLEIL;1;16.6;0
Tende;44.08;7.59;26/09/2026;18:00;22.5;0;SOLEIL;1;15.1;0
Tende;44.08;7.59;26/09/2026;19:00;22.5;0;SOLEIL;1;13.3;0
Tende;44.08;7.59;26/09/2026;20:00;20.5;0;SOLEIL;5;11.2;0
Tende;44.08;7.59;26/09/2026;21:00;18.8;0;SOLEIL;5;8.6;0
Tende;44.08;7.59;26/09/2026;22:00;17.0;0;SOLEIL;5;5.8;0
Tende;44.08;7.59;26/09/2026;23:00;16.9;0;SOLEIL;1;3.6;0
Aix-en-Provence;43.52;5.44;22/09/2026;00:00;14.5;0;SOLEIL;2;10.4;0
Aix-en-Provence;43.52;5.44;22/09/2026;01:00;13.9;0;SOLEIL;2;10.4;0
Aix-en-Provence;43.52;5.44;22/09/2026;02:00;13.7;0;SOLEIL;2;11.9;0
Aix-en-Provence;43.52;5.44;22/09/2026;03:00;13.4;0;SOLEIL;2;13.0;0
Aix-en-Provence;43.52;5.44;22/09/2026;04:00;13.7;0;SOLEIL;3;13.7;0
Aix-en-Provence;43.52;5.44;22/09/2026;05:00;13.9;0;SOLEIL;3;14.4;0
Aix-en-Provence;43.52;5.44;22/09/2026;06:00;14;0;SOLEIL;3;15.8;0
Aix-en-Provence;43.52;5.44;22/09/2026;07:00;14.5;0;SOLEIL;3;21.2;0
Aix-en-Provence;43.52;5.44;22/09/2026;08:00;15.4;0;SOLEIL;4;23.0;0
Aix-en-Provence;43.52;5.44;22/09/2026;09:00;19.7;0;SOLEIL;4;29.2;0
Aix-en-Provence;43.52;5.44;22/09/2026;10:00;22.6;0;SOLEIL;3;32.4;0
Aix-en-Provence;43.52;5.44;22/09/2026;11:00;25.2;0;SOLEIL;3;32.4;0
Aix-en-Provence;43.52;5.44;22/09/2026;12:00;26;0;SOLEIL;4;29.5;0
Aix-en-Provence;43.52;5.44;22/09/2026;13:00;25.9;0;SOLEIL;4;22.0;0
Aix-en-Provence;43.52;5.44;22/09/2026;14:00;25;0;SOLEIL;4;10.4;0
Aix-en-Provence;43.52;5.44;22/09/2026;15:00;23.3;0;SOLEIL;3;17.6;0
Aix-en-Provence;43.52;5.44;22/09/2026;16:00;21.5;0;SOLEIL;3;18.4;0
Aix-en-Provence;43.52;5.44;22/09/2026;17:00;19.4;0;SOLEIL;1;18.4;0
Aix-en-Provence;43.52;5.44;22/09/2026;18:00;18.1;0;SOLEIL;0;15.5;0
Aix-en-Provence;43.52;5.44;22/09/2026;19:00;16.4;0;SOLEIL;0;11.9;0
Aix-en-Provence;43.52;5.44;22/09/2026;20:00;15.5;0;SOLEIL;1;3.6;0
Aix-en-Provence;43.52;5.44;22/09/2026;21:00;15.5;0;SOLEIL;1;7.2;0
Aix-en-Provence;43.52;5.44;22/09/2026;22:00;15.1;0;SOLEIL;1;6.5;0
Aix-en-Provence;43.52;5.44;22/09/2026;23:00;14.7;0;SOLEIL;1;6.8;0
Aix-en-Provence;43.52;5.44;23/09/2026;00:00;14.1;0;SOLEIL;1;5.0;0
Aix-en-Provence;43.52;5.44;23/09/2026;01:00;14.1;0;SOLEIL;1;4.7;0
Aix-en-Provence;43.52;5.44;23/09/2026;02:00;14.1;2;NUAGEUX;0;4.3;0
Aix-en-Provence;43.52;5.44;23/09/2026;03:00;14.1;2;NUAGEUX;0;4.0;0
Aix-en-Provence;43.52;5.44;23/09/2026;04:00;14.1;2;NUAGEUX;0;3.6;0
Aix-en-Provence;43.52;5.44;23/09/2026;05:00;12.2;2;NUAGEUX;0;3.2;0
Aix-en-Provence;43.52;5.44;23/09/2026;06:00;12.2;2;NUAGEUX;0;2.5;0
Aix-en-Provence;43.52;5.44;23/09/2026;07:00;12.2;2;NUAGEUX;0;1.4;0
Aix-en-Provence;43.52;5.44;23/09/2026;08:00;15.7;2;NUAGEUX;2;1.8;0
Aix-en-Provence;43.52;5.44;23/09/2026;09:00;15.7;2;NUAGEUX;2;5.0;0
Aix-en-Provence;43.52;5.44;23/09/2026;10:00;15.7;2;NUAGEUX;2;9.4;0
Aix-en-Provence;43.52;5.44;23/09/2026;11:00;20.5;2;NUAGEUX;2;11.2;0
Aix-en-Provence;43.52;5.44;23/09/2026;12:00;20.5;2;NUAGEUX;2;13.1;0
Aix-en-Provence;43.52;5.44;23/09/2026;13:00;20.5;2;NUAGEUX;2;14.9;0
Aix-en-Provence;43.52;5.44;23/09/2026;14:00;19.6;2;NUAGEUX;2;15.9;0
Aix-en-Provence;43.52;5.44;23/09/2026;15:00;19.6;2;NUAGEUX;2;17.6;0
Aix-en-Provence;43.52;5.44;23/09/2026;16:00;19.6;2;NUAGEUX;2;16.6;0
Aix-en-Provence;43.52;5.44;23/09/2026;17:00;15.6;0;SOLEIL;0;16.6;0
Aix-en-Provence;43.52;5.44;23/09/2026;18:00;15.6;0;SOLEIL;0;16.2;0
Aix-en-Provence;43.52;5.44;23/09/2026;19:00;15.6;0;SOLEIL;0;15.5;0
Aix-en-Provence;43.52;5.44;23/09/2026;20:00;12.9;0;SOLEIL;1;10.1;0
Aix-en-Provence;43.52;5.44;23/09/2026;21:00;12.9;0;SOLEIL;1;5.8;0
Aix-en-Provence;43.52;5.44;23/09/2026;22:00;12.9;0;SOLEIL;1;5.0;0
Aix-en-Provence;43.52;5.44;23/09/2026;23:00;11.7;0;SOLEIL;2;3.6;0
Aix-en-Provence;43.52;5.44;24/09/2026;00:00;11.7;0;SOLEIL;2;2.9;0
Aix-en-Provence;43.52;5.44;24/09/2026;01:00;11.7;0;SOLEIL;2;1.8;0
Aix-en-Provence;43.52;5.44;24/09/2026;02:00;10.1;0;SOLEIL;2;1.1;0
Aix-en-Provence;43.52;5.44;24/09/2026;03:00;10.1;0;SOLEIL;2;2.5;0
Aix-en-Provence;43.52;5.44;24/09/2026;04:00;10.1;0;SOLEIL;2;2.5;0
Aix-en-Provence;43.52;5.44;24/09/2026;05:00;9.1;0;SOLEIL;2;2.5;0
Aix-en-Provence;43.52;5.44;24/09/2026;06:00;9.1;0;SOLEIL;2;2.9;0
Aix-en-Provence;43.52;5.44;24/09/2026;07:00;9.1;0;SOLEIL;2;4.7;0
Aix-en-Provence;43.52;5.44;24/09/2026;08:00;17.6;0;SOLEIL;2;6.8;0
Aix-en-Provence;43.52;5.44;24/09/2026;09:00;17.6;0;SOLEIL;2;5.8;0
Aix-en-Provence;43.52;5.44;24/09/2026;10:00;17.6;0;SOLEIL;2;9.4;0
Aix-en-Provence;43.52;5.44;24/09/2026;11:00;24.6;0;SOLEIL;2;11.2;0
Aix-en-Provence;43.52;5.44;24/09/2026;12:00;24.6;0;SOLEIL;2;14.0;0
Aix-en-Provence;43.52;5.44;24/09/2026;13:00;24.6;0;SOLEIL;2;14.4;0
Aix-en-Provence;43.52;5.44;24/09/2026;14:00;23;0;SOLEIL;2;16.2;0
Aix-en-Provence;43.52;5.44;24/09/2026;15:00;23;0;SOLEIL;2;18.4;0
Aix-en-Provence;43.52;5.44;24/09/2026;16:00;23;0;SOLEIL;2;20.2;0
Aix-en-Provence;43.52;5.44;24/09/2026;17:00;17;0;SOLEIL;1;20.2;0
Aix-en-Provence;43.52;5.44;24/09/2026;18:00;17;0;SOLEIL;1;16.6;0
Aix-en-Provence;43.52;5.44;24/09/2026;19:00;17;0;SOLEIL;1;11.2;0
Aix-en-Provence;43.52;5.44;24/09/2026;20:00;16.3;0;SOLEIL;5;8.3;0
Aix-en-Provence;43.52;5.44;24/09/2026;21:00;14.5;0;SOLEIL;5;10.1;0
Aix-en-Provence;43.52;5.44;24/09/2026;22:00;12.7;0;SOLEIL;5;14.8;0
Aix-en-Provence;43.52;5.44;24/09/2026;23:00;12.7;0;SOLEIL;2;18.4;0
Aix-en-Provence;43.52;5.44;25/09/2026;00:00;12.7;0;SOLEIL;2;20.2;0
Aix-en-Provence;43.52;5.44;25/09/2026;01:00;12.7;0;SOLEIL;2;21.2;0
Aix-en-Provence;43.52;5.44;25/09/2026;02:00;11.1;6;AVERSES;5;22.0;0
Aix-en-Provence;43.52;5.44;25/09/2026;03:00;11.1;6;AVERSES;5;22.3;0
Aix-en-Provence;43.52;5.44;25/09/2026;04:00;11.1;6;AVERSES;5;22.0;0
Aix-en-Provence;43.52;5.44;25/09/2026;05:00;11.9;2;NUAGEUX;2;21.2;0
Aix-en-Provence;43.52;5.44;25/09/2026;06:00;11.9;2;NUAGEUX;2;19.8;0
Aix-en-Provence;43.52;5.44;25/09/2026;07:00;11.9;2;NUAGEUX;2;18.0;0
Aix-en-Provence;43.52;5.44;25/09/2026;08:00;13.6;6;AVERSES;5;15.8;0
Aix-en-Provence;43.52;5.44;25/09/2026;09:00;14.9;6;AVERSES;5;13.0;0
Aix-en-Provence;43.52;5.44;25/09/2026;10:00;16.2;6;AVERSES;5;10.1;0
Aix-en-Provence;43.52;5.44;25/09/2026;11:00;22.1;6;AVERSES;3;9.0;0
Aix-en-Provence;43.52;5.44;25/09/2026;12:00;22.1;6;AVERSES;3;11.5;0
Aix-en-Provence;43.52;5.44;25/09/2026;13:00;22.1;6;AVERSES;3;15.8;0
Aix-en-Provence;43.52;5.44;25/09/2026;14:00;21.2;6;AVERSES;5;19.1;0
Aix-en-Provence;43.52;5.44;25/09/2026;15:00;22.5;6;AVERSES;5;20.5;0
Aix-en-Provence;43.52;5.44;25/09/2026;16:00;21.2;6;AVERSES;5;20.9;0
Aix-en-Provence;43.52;5.44;25/09/2026;17:00;15.2;6;AVERSES;0;20.2;0
Aix-en-Provence;43.52;5.44;25/09/2026;18:00;15.2;6;AVERSES;0;17.3;0
Aix-en-Provence;43.52;5.44;25/09/2026;19:00;15.2;6;AVERSES;0;13.3;0
Aix-en-Provence;43.52;5.44;25/09/2026;20:00;16.2;6;AVERSES;5;9.7;0
Aix-en-Provence;43.52;5.44;25/09/2026;21:00;14.9;6;AVERSES;5;7.2;0
Aix-en-Provence;43.52;5.44;25/09/2026;22:00;13.6;6;AVERSES;5;5.4;0
Aix-en-Provence;43.52;5.44;25/09/2026;23:00;11.6;0;SOLEIL;1;4.3;0
Aix-en-Provence;43.52;5.44;26/09/2026;00:00;11.6;0;SOLEIL;1;4.3;0
Aix-en-Provence;43.52;5.44;26/09/2026;01:00;11.6;0;SOLEIL;1;4.7;0
Aix-en-Provence;43.52;5.44;26/09/2026;02:00;9.4;0;SOLEIL;5;5.4;0
Aix-en-Provence;43.52;5.44;26/09/2026;03:00;9.4;0;SOLEIL;5;5.8;0
Aix-en-Provence;43.52;5.44;26/09/2026;04:00;9.4;0;SOLEIL;5;6.1;0
Aix-en-Provence;43.52;5.44;26/09/2026;05:00;10.2;6;AVERSES;1;6.5;0
Aix-en-Provence;43.52;5.44;26/09/2026;06:00;10.2;6;AVERSES;1;10.5;0
Aix-en-Provence;43.52;5.44;26/09/2026;07:00;10.2;6;AVERSES;1;14.4;0
Aix-en-Provence;43.52;5.44;26/09/2026;08:00;12.6;0;SOLEIL;5;17.6;0
Aix-en-Provence;43.52;5.44;26/09/2026;09:00;14.2;0;SOLEIL;5;14.0;0
Aix-en-Provence;43.52;5.44;26/09/2026;10:00;15.8;0;SOLEIL;5;17.3;0
Aix-en-Provence;43.52;5.44;26/09/2026;11:00;23.1;0;SOLEIL;2;20.5;0
Aix-en-Provence;43.52;5.44;26/09/2026;12:00;23.1;0;SOLEIL;2;23.0;0
Aix-en-Provence;43.52;5.44;26/09/2026;13:00;23.1;0;SOLEIL;2;25.2;0
Aix-en-Provence;43.52;5.44;26/09/2026;14:00;22.3;0;SOLEIL;5;27.0;0
Aix-en-Provence;43.52;5.44;26/09/2026;15:00;23.9;0;SOLEIL;5;29.2;0
Aix-en-Provence;43.52;5.44;26/09/2026;16:00;22.3;0;SOLEIL;5;31.0;0
Aix-en-Provence;43.52;5.44;26/09/2026;17:00;15.1;0;SOLEIL;0;30.6;0
Aix-en-Provence;43.52;5.44;26/09/2026;18:00;15.1;0;SOLEIL;0;26.6;0
Aix-en-Provence;43.52;5.44;26/09/2026;19:00;15.1;0;SOLEIL;0;20.2;0
Aix-en-Provence;43.52;5.44;26/09/2026;20:00;15.8;0;SOLEIL;5;14.8;0
Aix-en-Provence;43.52;5.44;26/09/2026;21:00;14.2;0;SOLEIL;5;11.2;0
Aix-en-Provence;43.52;5.44;26/09/2026;22:00;12.6;0;SOLEIL;5;8.3;0
Aix-en-Provence;43.52;5.44;26/09/2026;23:00;11.7;0;SOLEIL;1;6.8;0
Istres;43.51;4.99;22/09/2026;00:00;18.1;0;SOLEIL;1;9.0;0
Istres;43.51;4.99;22/09/2026;01:00;17.7;0;SOLEIL;1;10.1;0
Istres;43.51;4.99;22/09/2026;02:00;17.5;0;SOLEIL;1;10.8;0
Istres;43.51;4.99;22/09/2026;03:00;16.6;0;SOLEIL;1;11.2;0
Istres;43.51;4.99;22/09/2026;04:00;15.7;0;SOLEIL;1;11.2;0
Istres;43.51;4.99;22/09/2026;05:00;15.2;0;SOLEIL;0;10.8;0
Istres;43.51;4.99;22/09/2026;06:00;15.2;0;SOLEIL;0;11.5;0
Istres;43.51;4.99;22/09/2026;07:00;19.6;0;SOLEIL;0;11.5;0
Istres;43.51;4.99;22/09/2026;08:00;22.7;0;SOLEIL;1;11.5;0
Istres;43.51;4.99;22/09/2026;09:00;26;0;SOLEIL;1;11.5;0
Istres;43.51;4.99;22/09/2026;10:00;29;0;SOLEIL;2;9.7;0
Istres;43.51;4.99;22/09/2026;11:00;30.7;0;SOLEIL;2;9.4;0
Istres;43.51;4.99;22/09/2026;12:00;30.6;0;SOLEIL;3;6.5;0
Istres;43.51;4.99;22/09/2026;13:00;30.6;0;SOLEIL;4;16.2;0
Istres;43.51;4.99;22/09/2026;14:00;30.6;0;SOLEIL;4;19.8;0
Istres;43.51;4.99;22/09/2026;15:00;29.9;0;SOLEIL;4;18.7;0
Istres;43.51;4.99;22/09/2026;16:00;29.2;0;SOLEIL;4;23.4;0
Istres;43.51;4.99;22/09/2026;17:00;27.1;0;SOLEIL;3;23.8;0
Istres;43.51;4.99;22/09/2026;18:00;24.6;0;SOLEIL;2;23.8;0
Istres;43.51;4.99;22/09/2026;19:00;22.6;0;SOLEIL;2;24.1;0
Istres;43.51;4.99;22/09/2026;20:00;21.4;0;SOLEIL;1;18.7;0
Istres;43.51;4.99;22/09/2026;21:00;20;0;SOLEIL;1;8.6;0
Istres;43.51;4.99;22/09/2026;22:00;18.7;0;SOLEIL;2;5.8;0
Istres;43.51;4.99;22/09/2026;23:00;18.2;0;SOLEIL;2;5.8;0
Istres;43.51;4.99;23/09/2026;00:00;17.5;0;SOLEIL;2;7.9;0
Istres;43.51;4.99;23/09/2026;01:00;17.5;0;SOLEIL;2;8.6;0
Istres;43.51;4.99;23/09/2026;02:00;16.1;0;SOLEIL;2;10.4;0
Istres;43.51;4.99;23/09/2026;03:00;16.1;0;SOLEIL;2;11.2;0
Istres;43.51;4.99;23/09/2026;04:00;16.1;0;SOLEIL;2;11.5;0
Istres;43.51;4.99;23/09/2026;05:00;16.6;0;SOLEIL;3;11.5;0
Istres;43.51;4.99;23/09/2026;06:00;16.6;0;SOLEIL;3;11.9;0
Istres;43.51;4.99;23/09/2026;07:00;16.6;0;SOLEIL;3;11.9;0
Istres;43.51;4.99;23/09/2026;08:00;25.1;0;SOLEIL;3;11.5;0
Istres;43.51;4.99;23/09/2026;09:00;25.1;0;SOLEIL;3;10.8;0
Istres;43.51;4.99;23/09/2026;10:00;25.1;0;SOLEIL;3;17.3;0
Istres;43.51;4.99;23/09/2026;11:00;28.9;0;SOLEIL;3;19.8;0
Istres;43.51;4.99;23/09/2026;12:00;28.9;0;SOLEIL;3;19.2;0
Istres;43.51;4.99;23/09/2026;13:00;28.9;0;SOLEIL;3;13.5;0
Istres;43.51;4.99;23/09/2026;14:00;28.5;0;SOLEIL;4;18.3;0
Istres;43.51;4.99;23/09/2026;15:00;28.5;0;SOLEIL;4;32.4;0
Istres;43.51;4.99;23/09/2026;16:00;28.5;0;SOLEIL;4;33.1;0
Istres;43.51;4.99;23/09/2026;17:00;23.2;0;SOLEIL;2;31.3;0
Istres;43.51;4.99;23/09/2026;18:00;23.2;0;SOLEIL;2;28.4;0
Istres;43.51;4.99;23/09/2026;19:00;23.2;0;SOLEIL;2;25.2;0
Istres;43.51;4.99;23/09/2026;20:00;18.4;0;SOLEIL;0;19.8;0
Istres;43.51;4.99;23/09/2026;21:00;18.4;0;SOLEIL;0;7.2;0
Istres;43.51;4.99;23/09/2026;22:00;18.4;0;SOLEIL;0;3.2;0
Istres;43.51;4.99;23/09/2026;23:00;16.7;0;SOLEIL;1;2.9;0
Istres;43.51;4.99;24/09/2026;00:00;16.7;0;SOLEIL;1;2.2;0
Istres;43.51;4.99;24/09/2026;01:00;16.7;0;SOLEIL;1;1.4;0
Istres;43.51;4.99;24/09/2026;02:00;14.9;0;SOLEIL;0;5.4;0
Istres;43.51;4.99;24/09/2026;03:00;14.9;0;SOLEIL;0;5.8;0
Istres;43.51;4.99;24/09/2026;04:00;14.9;0;SOLEIL;0;4.7;0
Istres;43.51;4.99;24/09/2026;05:00;14.6;0;SOLEIL;1;4.0;0
Istres;43.51;4.99;24/09/2026;06:00;14.6;0;SOLEIL;1;4.7;0
Istres;43.51;4.99;24/09/2026;07:00;14.6;0;SOLEIL;1;4.3;0
Istres;43.51;4.99;24/09/2026;08:00;22.6;0;SOLEIL;2;6.5;0
Istres;43.51;4.99;24/09/2026;09:00;22.6;0;SOLEIL;2;7.6;0
Istres;43.51;4.99;24/09/2026;10:00;22.6;0;SOLEIL;2;8.3;0
Istres;43.51;4.99;24/09/2026;11:00;27.6;5;SOLEIL VOILÉ;5;14.8;0
Istres;43.51;4.99;24/09/2026;12:00;27.6;5;SOLEIL VOILÉ;5;30.6;0
Istres;43.51;4.99;24/09/2026;13:00;27.6;5;SOLEIL VOILÉ;5;44.6;0
Istres;43.51;4.99;24/09/2026;14:00;29.1;0;SOLEIL;7;51.1;0
Istres;43.51;4.99;24/09/2026;15:00;29.1;0;SOLEIL;7;57.2;0
Istres;43.51;4.99;24/09/2026;16:00;29.1;0;SOLEIL;7;60.5;0
Istres;43.51;4.99;24/09/2026;17:00;24.2;0;SOLEIL;6;61.2;0
Istres;43.51;4.99;24/09/2026;18:00;24.2;0;SOLEIL;6;59.4;0
Istres;43.51;4.99;24/09/2026;19:00;24.2;0;SOLEIL;6;55.1;0
Istres;43.51;4.99;24/09/2026;20:00;20.8;0;SOLEIL;5;49.0;0
Istres;43.51;4.99;24/09/2026;21:00;19.0;0;SOLEIL;5;39.2;0
Istres;43.51;4.99;24/09/2026;22:00;17.3;0;SOLEIL;5;28.1;0
Istres;43.51;4.99;24/09/2026;23:00;18.5;0;SOLEIL;3;19.1;0
Istres;43.51;4.99;25/09/2026;00:00;18.5;0;SOLEIL;3;15.1;0
Istres;43.51;4.99;25/09/2026;01:00;18.5;0;SOLEIL;3;14.0;0
Istres;43.51;4.99;25/09/2026;02:00;13.6;0;SOLEIL;5;13.3;0
Istres;43.51;4.99;25/09/2026;03:00;13.6;0;SOLEIL;5;13.0;0
Istres;43.51;4.99;25/09/2026;04:00;13.6;0;SOLEIL;5;13.7;0
Istres;43.51;4.99;25/09/2026;05:00;14.7;2;NUAGEUX;2;13.7;0
Istres;43.51;4.99;25/09/2026;06:00;14.7;2;NUAGEUX;2;12.6;0
Istres;43.51;4.99;25/09/2026;07:00;14.7;2;NUAGEUX;2;11.5;0
Istres;43.51;4.99;25/09/2026;08:00;17.0;0;SOLEIL;5;10.8;0
Istres;43.51;4.99;25/09/2026;09:00;18.8;0;SOLEIL;5;11.2;0
Istres;43.51;4.99;25/09/2026;10:00;20.5;0;SOLEIL;5;11.9;0
Istres;43.51;4.99;25/09/2026;11:00;28.6;0;SOLEIL;2;14.0;0
Istres;43.51;4.99;25/09/2026;12:00;28.6;0;SOLEIL;2;18.4;0
Istres;43.51;4.99;25/09/2026;13:00;28.6;0;SOLEIL;2;23.4;0
Istres;43.51;4.99;25/09/2026;14:00;27.4;0;SOLEIL;5;27.4;0
Istres;43.51;4.99;25/09/2026;15:00;29.1;0;SOLEIL;5;28.4;0
Istres;43.51;4.99;25/09/2026;16:00;27.4;0;SOLEIL;5;28.1;0
Istres;43.51;4.99;25/09/2026;17:00;22.7;0;SOLEIL;2;27.0;0
Istres;43.51;4.99;25/09/2026;18:00;22.7;0;SOLEIL;2;25.6;0
Istres;43.51;4.99;25/09/2026;19:00;22.7;0;SOLEIL;2;23.4;0
Istres;43.51;4.99;25/09/2026;20:00;20.5;0;SOLEIL;5;20.5;0
Istres;43.51;4.99;25/09/2026;21:00;18.8;0;SOLEIL;5;16.2;0
Istres;43.51;4.99;25/09/2026;22:00;17.0;0;SOLEIL;5;10.8;0
Istres;43.51;4.99;25/09/2026;23:00;16.4;0;SOLEIL;2;7.6;0
Istres;43.51;4.99;26/09/2026;00:00;16.4;0;SOLEIL;2;7.6;0
Istres;43.51;4.99;26/09/2026;01:00;16.4;0;SOLEIL;2;9.7;0
Istres;43.51;4.99;26/09/2026;02:00;13.9;0;SOLEIL;5;11.2;0
Istres;43.51;4.99;26/09/2026;03:00;13.9;0;SOLEIL;5;11.5;0
Istres;43.51;4.99;26/09/2026;04:00;13.9;0;SOLEIL;5;11.2;0
Istres;43.51;4.99;26/09/2026;05:00;15;0;SOLEIL;2;11.2;0
Istres;43.51;4.99;26/09/2026;06:00;15;0;SOLEIL;2;11.3;0
Istres;43.51;4.99;26/09/2026;07:00;15;0;SOLEIL;2;11.9;0
Istres;43.51;4.99;26/09/2026;08:00;17.2;0;SOLEIL;5;12.1;0
Istres;43.51;4.99;26/09/2026;09:00;18.9;0;SOLEIL;5;12.6;0
Istres;43.51;4.99;26/09/2026;10:00;20.6;0;SOLEIL;5;10.1;0
Istres;43.51;4.99;26/09/2026;11:00;28.1;0;SOLEIL;2;9.4;0
Istres;43.51;4.99;26/09/2026;12:00;28.1;0;SOLEIL;2;11.9;0
Istres;43.51;4.99;26/09/2026;13:00;28.1;0;SOLEIL;2;16.6;0
Istres;43.51;4.99;26/09/2026;14:00;27.2;0;SOLEIL;5;20.5;0
Istres;43.51;4.99;26/09/2026;15:00;28.9;0;SOLEIL;5;24.1;0
Istres;43.51;4.99;26/09/2026;16:00;27.2;0;SOLEIL;5;27.7;0
Istres;43.51;4.99;26/09/2026;17:00;22.4;0;SOLEIL;2;29.2;0
Istres;43.51;4.99;26/09/2026;18:00;22.4;0;SOLEIL;2;27.7;0
Istres;43.51;4.99;26/09/2026;19:00;22.4;0;SOLEIL;2;24.5;0
Istres;43.51;4.99;26/09/2026;20:00;20.6;0;SOLEIL;5;20.9;0
Istres;43.51;4.99;26/09/2026;21:00;18.9;0;SOLEIL;5;16.2;0
Istres;43.51;4.99;26/09/2026;22:00;17.2;0;SOLEIL;5;10.8;0
Istres;43.51;4.99;26/09/2026;23:00;16.1;0;SOLEIL;1;7.6;0
Marseille;43.296;5.381;22/09/2026;00:00;20.1;0;SOLEIL;6;46.4;0
Marseille;43.296;5.381;22/09/2026;01:00;20.4;0;SOLEIL;6;40.7;0
Marseille;43.296;5.381;22/09/2026;02:00;19.7;0;SOLEIL;5;41.8;0
Marseille;43.296;5.381;22/09/2026;03:00;18.5;0;SOLEIL;5;36.0;0
Marseille;43.296;5.381;22/09/2026;04:00;17.9;0;SOLEIL;5;25.6;0
Marseille;43.296;5.381;22/09/2026;05:00;17.4;0;SOLEIL;4;25.9;0
Marseille;43.296;5.381;22/09/2026;06:00;16.9;0;SOLEIL;4;23.4;0
Marseille;43.296;5.381;22/09/2026;07:00;17.5;0;SOLEIL;5;22.3;0
Marseille;43.296;5.381;22/09/2026;08:00;20.1;0;SOLEIL;4;21.6;0
Marseille;43.296;5.381;22/09/2026;09:00;23.7;0;SOLEIL;4;25.9;0
Marseille;43.296;5.381;22/09/2026;10:00;26.2;0;SOLEIL;3;26.3;0
Marseille;43.296;5.381;22/09/2026;11:00;28;0;SOLEIL;2;25.2;0
Marseille;43.296;5.381;22/09/2026;12:00;29.6;0;SOLEIL;2;22.7;0
Marseille;43.296;5.381;22/09/2026;13:00;29.6;0;SOLEIL;2;20.5;0
Marseille;43.296;5.381;22/09/2026;14:00;30.8;0;SOLEIL;3;16.9;0
Marseille;43.296;5.381;22/09/2026;15:00;30.6;0;SOLEIL;5;14.4;0
Marseille;43.296;5.381;22/09/2026;16:00;29.4;0;SOLEIL;4;18.0;0
Marseille;43.296;5.381;22/09/2026;17:00;27.6;0;SOLEIL;3;28.1;0
Marseille;43.296;5.381;22/09/2026;18:00;25.1;0;SOLEIL;2;32.8;0
Marseille;43.296;5.381;22/09/2026;19:00;23.2;0;SOLEIL;3;33.1;0
Marseille;43.296;5.381;22/09/2026;20:00;21.7;0;SOLEIL;2;27.7;0
Marseille;43.296;5.381;22/09/2026;21:00;20.4;0;SOLEIL;2;16.6;0
Marseille;43.296;5.381;22/09/2026;22:00;20.1;0;SOLEIL;1;7.9;0
Marseille;43.296;5.381;22/09/2026;23:00;19.1;0;SOLEIL;2;8.6;0
Marseille;43.296;5.381;23/09/2026;00:00;17.2;0;SOLEIL;2;9.0;0
Marseille;43.296;5.381;23/09/2026;01:00;17.2;0;SOLEIL;2;9.4;0
Marseille;43.296;5.381;23/09/2026;02:00;17.1;0;SOLEIL;2;10.8;0
Marseille;43.296;5.381;23/09/2026;03:00;17.1;0;SOLEIL;2;13.3;0
Marseille;43.296;5.381;23/09/2026;04:00;17.1;0;SOLEIL;2;14.0;0
Marseille;43.296;5.381;23/09/2026;05:00;16.5;0;SOLEIL;2;13.3;0
Marseille;43.296;5.381;23/09/2026;06:00;16.5;0;SOLEIL;2;9.7;0
Marseille;43.296;5.381;23/09/2026;07:00;16.5;0;SOLEIL;2;6.5;0
Marseille;43.296;5.381;23/09/2026;08:00;25.6;0;SOLEIL;2;7.2;0
Marseille;43.296;5.381;23/09/2026;09:00;25.6;0;SOLEIL;2;8.6;0
Marseille;43.296;5.381;23/09/2026;10:00;25.6;0;SOLEIL;2;10.8;0
Marseille;43.296;5.381;23/09/2026;11:00;29.2;0;SOLEIL;1;10.8;0
Marseille;43.296;5.381;23/09/2026;12:00;29.2;0;SOLEIL;1;7.7;0
Marseille;43.296;5.381;23/09/2026;13:00;29.2;0;SOLEIL;1;10.3;0
Marseille;43.296;5.381;23/09/2026;14:00;29;0;SOLEIL;4;23.3;0
Marseille;43.296;5.381;23/09/2026;15:00;29;0;SOLEIL;4;28.8;0
Marseille;43.296;5.381;23/09/2026;16:00;29;0;SOLEIL;4;28.8;0
Marseille;43.296;5.381;23/09/2026;17:00;24;0;SOLEIL;2;28.1;0
Marseille;43.296;5.381;23/09/2026;18:00;24;0;SOLEIL;2;27.0;0
Marseille;43.296;5.381;23/09/2026;19:00;24;0;SOLEIL;2;25.2;0
Marseille;43.296;5.381;23/09/2026;20:00;20.5;0;SOLEIL;1;20.9;0
Marseille;43.296;5.381;23/09/2026;21:00;20.5;0;SOLEIL;1;15.1;0
Marseille;43.296;5.381;23/09/2026;22:00;20.5;0;SOLEIL;1;15.5;0
Marseille;43.296;5.381;23/09/2026;23:00;18.5;0;SOLEIL;1;14.4;0
Marseille;43.296;5.381;24/09/2026;00:00;18.5;0;SOLEIL;1;16.6;0
Marseille;43.296;5.381;24/09/2026;01:00;18.5;0;SOLEIL;1;23.8;0
Marseille;43.296;5.381;24/09/2026;02:00;17.6;0;SOLEIL;3;31.7;0
Marseille;43.296;5.381;24/09/2026;03:00;17.6;0;SOLEIL;3;39.6;0
Marseille;43.296;5.381;24/09/2026;04:00;17.6;0;SOLEIL;3;42.8;0
Marseille;43.296;5.381;24/09/2026;05:00;17.9;0;SOLEIL;3;45.0;0
Marseille;43.296;5.381;24/09/2026;06:00;17.9;0;SOLEIL;3;47.2;0
Marseille;43.296;5.381;24/09/2026;07:00;17.9;0;SOLEIL;3;47.9;0
Marseille;43.296;5.381;24/09/2026;08:00;24.5;0;SOLEIL;5;46.1;0
Marseille;43.296;5.381;24/09/2026;09:00;24.5;0;SOLEIL;5;45.0;0
Marseille;43.296;5.381;24/09/2026;10:00;24.5;0;SOLEIL;5;49.0;0
Marseille;43.296;5.381;24/09/2026;11:00;28.6;5;SOLEIL VOILÉ;6;53.3;0
Marseille;43.296;5.381;24/09/2026;12:00;28.6;5;SOLEIL VOILÉ;6;54.4;0
Marseille;43.296;5.381;24/09/2026;13:00;28.6;5;SOLEIL VOILÉ;6;59.4;0
Marseille;43.296;5.381;24/09/2026;14:00;29.4;5;SOLEIL VOILÉ;8;64.1;0
Marseille;43.296;5.381;24/09/2026;15:00;29.4;5;SOLEIL VOILÉ;8;65.9;0
Marseille;43.296;5.381;24/09/2026;16:00;29.4;5;SOLEIL VOILÉ;8;65.9;0
Marseille;43.296;5.381;24/09/2026;17:00;25.1;5;SOLEIL VOILÉ;11;61.2;0
Marseille;43.296;5.381;24/09/2026;18:00;25.1;5;SOLEIL VOILÉ;11;56.5;0
Marseille;43.296;5.381;24/09/2026;19:00;25.1;5;SOLEIL VOILÉ;11;55.4;0
Marseille;43.296;5.381;24/09/2026;20:00;22.6;2;NUAGEUX;5;56.9;0
Marseille;43.296;5.381;24/09/2026;21:00;21.1;2;NUAGEUX;5;60.5;0
Marseille;43.296;5.381;24/09/2026;22:00;19.5;2;NUAGEUX;5;75.2;0
Marseille;43.296;5.381;24/09/2026;23:00;19.7;0;SOLEIL;9;75.2;0
Marseille;43.296;5.381;25/09/2026;00:00;19.7;0;SOLEIL;9;65.5;0
Marseille;43.296;5.381;25/09/2026;01:00;19.7;0;SOLEIL;9;65.5;0
Marseille;43.296;5.381;25/09/2026;02:00;16.6;0;SOLEIL;5;60.5;0
Marseille;43.296;5.381;25/09/2026;03:00;16.6;0;SOLEIL;5;56.2;0
Marseille;43.296;5.381;25/09/2026;04:00;16.6;0;SOLEIL;5;51.8;0
Marseille;43.296;5.381;25/09/2026;05:00;17.1;2;NUAGEUX;4;45.4;0
Marseille;43.296;5.381;25/09/2026;06:00;17.1;2;NUAGEUX;4;33.5;0
Marseille;43.296;5.381;25/09/2026;07:00;17.1;2;NUAGEUX;4;24.1;0
Marseille;43.296;5.381;25/09/2026;08:00;19.2;0;SOLEIL;5;22.0;0
Marseille;43.296;5.381;25/09/2026;09:00;20.5;0;SOLEIL;5;23.8;0
Marseille;43.296;5.381;25/09/2026;10:00;21.8;0;SOLEIL;5;23.8;0
Marseille;43.296;5.381;25/09/2026;11:00;26.9;0;SOLEIL;2;23.0;0
Marseille;43.296;5.381;25/09/2026;12:00;26.9;0;SOLEIL;2;20.3;0
Marseille;43.296;5.381;25/09/2026;13:00;26.9;0;SOLEIL;2;19.3;0
Marseille;43.296;5.381;25/09/2026;14:00;27.1;0;SOLEIL;5;21.6;0
Marseille;43.296;5.381;25/09/2026;15:00;28.4;0;SOLEIL;5;20.9;0
Marseille;43.296;5.381;25/09/2026;16:00;27.1;0;SOLEIL;5;22.0;0
Marseille;43.296;5.381;25/09/2026;17:00;23.5;0;SOLEIL;2;23.0;0
Marseille;43.296;5.381;25/09/2026;18:00;23.5;0;SOLEIL;2;24.8;0
Marseille;43.296;5.381;25/09/2026;19:00;23.5;0;SOLEIL;2;27.0;0
Marseille;43.296;5.381;25/09/2026;20:00;21.8;0;SOLEIL;5;27.4;0
Marseille;43.296;5.381;25/09/2026;21:00;20.5;0;SOLEIL;5;24.1;0
Marseille;43.296;5.381;25/09/2026;22:00;19.2;0;SOLEIL;5;19.1;0
Marseille;43.296;5.381;25/09/2026;23:00;18;0;SOLEIL;2;14.8;0
Marseille;43.296;5.381;26/09/2026;00:00;18;0;SOLEIL;2;12.2;0
Marseille;43.296;5.381;26/09/2026;01:00;18;0;SOLEIL;2;10.4;0
Marseille;43.296;5.381;26/09/2026;02:00;14.7;0;SOLEIL;5;9.4;0
Marseille;43.296;5.381;26/09/2026;03:00;14.7;0;SOLEIL;5;9.0;0
Marseille;43.296;5.381;26/09/2026;04:00;14.7;0;SOLEIL;5;9.7;0
Marseille;43.296;5.381;26/09/2026;05:00;15.6;0;SOLEIL;2;10.1;0
Marseille;43.296;5.381;26/09/2026;06:00;15.6;0;SOLEIL;2;10.4;0
Marseille;43.296;5.381;26/09/2026;07:00;15.6;0;SOLEIL;2;10.8;0
Marseille;43.296;5.381;26/09/2026;08:00;17.7;0;SOLEIL;5;11.2;0
Marseille;43.296;5.381;26/09/2026;09:00;19.2;0;SOLEIL;5;11.5;0
Marseille;43.296;5.381;26/09/2026;10:00;20.7;0;SOLEIL;5;12.2;0
Marseille;43.296;5.381;26/09/2026;11:00;27.2;0;SOLEIL;2;13.7;0
Marseille;43.296;5.381;26/09/2026;12:00;27.2;0;SOLEIL;2;16.9;0
Marseille;43.296;5.381;26/09/2026;13:00;27.2;0;SOLEIL;2;21.2;0
Marseille;43.296;5.381;26/09/2026;14:00;26.7;0;SOLEIL;5;24.5;0
Marseille;43.296;5.381;26/09/2026;15:00;28.2;0;SOLEIL;5;26.3;0
Marseille;43.296;5.381;26/09/2026;16:00;26.7;0;SOLEIL;5;27.7;0
Marseille;43.296;5.381;26/09/2026;17:00;23;0;SOLEIL;2;28.1;0
Marseille;43.296;5.381;26/09/2026;18:00;23;0;SOLEIL;2;28.4;0
Marseille;43.296;5.381;26/09/2026;19:00;23;0;SOLEIL;2;28.1;0
Marseille;43.296;5.381;26/09/2026;20:00;20.7;0;SOLEIL;5;26.3;0
Marseille;43.296;5.381;26/09/2026;21:00;19.2;0;SOLEIL;5;22.3;0
Marseille;43.296;5.381;26/09/2026;22:00;17.7;0;SOLEIL;5;16.9;0
Marseille;43.296;5.381;26/09/2026;23:00;18.1;0;SOLEIL;2;12.6;0
Saintes-Maries-de-la-Mer;43.45;4.42;22/09/2026;00:00;21.6;5;SOLEIL VOILÉ;9;51.5;0
Saintes-Maries-de-la-Mer;43.45;4.42;22/09/2026;01:00;21.6;0;SOLEIL;9;51.8;0
Saintes-Maries-de-la-Mer;43.45;4.42;22/09/2026;02:00;21.1;0;SOLEIL;9;45.0;0
Saintes-Maries-de-la-Mer;43.45;4.42;22/09/2026;03:00;20.2;0;SOLEIL;10;40.3;0
Saintes-Maries-de-la-Mer;43.45;4.42;22/09/2026;04:00;20;0;SOLEIL;10;47.5;0
Saintes-Maries-de-la-Mer;43.45;4.42;22/09/2026;05:00;19.6;0;SOLEIL;10;50.0;0
Saintes-Maries-de-la-Mer;43.45;4.42;22/09/2026;06:00;19.4;0;SOLEIL;10;50.4;0
Saintes-Maries-de-la-Mer;43.45;4.42;22/09/2026;07:00;20.5;0;SOLEIL;10;51.8;0
Saintes-Maries-de-la-Mer;43.45;4.42;22/09/2026;08:00;21.6;0;SOLEIL;10;52.2;0
Saintes-Maries-de-la-Mer;43.45;4.42;22/09/2026;09:00;23.1;0;SOLEIL;9;51.1;0
Saintes-Maries-de-la-Mer;43.45;4.42;22/09/2026;10:00;24.5;0;SOLEIL;8;48.6;0
Saintes-Maries-de-la-Mer;43.45;4.42;22/09/2026;11:00;26.1;0;SOLEIL;6;43.6;0
Saintes-Maries-de-la-Mer;43.45;4.42;22/09/2026;12:00;27.4;0;SOLEIL;5;40.0;0
Saintes-Maries-de-la-Mer;43.45;4.42;22/09/2026;13:00;28.7;0;SOLEIL;4;35.6;0
Saintes-Maries-de-la-Mer;43.45;4.42;22/09/2026;14:00;28.9;0;SOLEIL;3;30.2;0
Saintes-Maries-de-la-Mer;43.45;4.42;22/09/2026;15:00;26.1;0;SOLEIL;3;24.1;0
Saintes-Maries-de-la-Mer;43.45;4.42;22/09/2026;16:00;27.5;0;SOLEIL;4;15.5;0
Saintes-Maries-de-la-Mer;43.45;4.42;22/09/2026;17:00;26.4;0;SOLEIL;4;8.3;0
Saintes-Maries-de-la-Mer;43.45;4.42;22/09/2026;18:00;24.1;0;SOLEIL;6;15.1;0
Saintes-Maries-de-la-Mer;43.45;4.42;22/09/2026;19:00;24.1;0;SOLEIL;6;16.9;0
Saintes-Maries-de-la-Mer;43.45;4.42;22/09/2026;20:00;23.8;0;SOLEIL;6;15.5;0
Saintes-Maries-de-la-Mer;43.45;4.42;22/09/2026;21:00;24.1;0;SOLEIL;5;20.2;0
Saintes-Maries-de-la-Mer;43.45;4.42;22/09/2026;22:00;24;0;SOLEIL;5;23.0;0
Saintes-Maries-de-la-Mer;43.45;4.42;22/09/2026;23:00;23.6;0;SOLEIL;5;16.6;0
Saintes-Maries-de-la-Mer;43.45;4.42;23/09/2026;00:00;22.2;0;SOLEIL;5;18.4;0
Saintes-Maries-de-la-Mer;43.45;4.42;23/09/2026;01:00;22.2;0;SOLEIL;5;18.7;0
Saintes-Maries-de-la-Mer;43.45;4.42;23/09/2026;02:00;21;0;SOLEIL;4;15.8;0
Saintes-Maries-de-la-Mer;43.45;4.42;23/09/2026;03:00;21;0;SOLEIL;4;18.7;0
Saintes-Maries-de-la-Mer;43.45;4.42;23/09/2026;04:00;21;0;SOLEIL;4;29.2;0
Saintes-Maries-de-la-Mer;43.45;4.42;23/09/2026;05:00;20;0;SOLEIL;4;31.7;0
Saintes-Maries-de-la-Mer;43.45;4.42;23/09/2026;06:00;20;0;SOLEIL;4;28.4;0
Saintes-Maries-de-la-Mer;43.45;4.42;23/09/2026;07:00;20;0;SOLEIL;4;23.0;0
Saintes-Maries-de-la-Mer;43.45;4.42;23/09/2026;08:00;24.4;0;SOLEIL;3;22.7;0
Saintes-Maries-de-la-Mer;43.45;4.42;23/09/2026;09:00;24.4;0;SOLEIL;3;24.5;0
Saintes-Maries-de-la-Mer;43.45;4.42;23/09/2026;10:00;24.4;0;SOLEIL;3;22.3;0
Saintes-Maries-de-la-Mer;43.45;4.42;23/09/2026;11:00;26.6;0;SOLEIL;2;21.2;0
Saintes-Maries-de-la-Mer;43.45;4.42;23/09/2026;12:00;26.6;0;SOLEIL;2;21.5;0
Saintes-Maries-de-la-Mer;43.45;4.42;23/09/2026;13:00;26.6;0;SOLEIL;2;16.4;0
Saintes-Maries-de-la-Mer;43.45;4.42;23/09/2026;14:00;25.1;0;SOLEIL;2;18.5;0
Saintes-Maries-de-la-Mer;43.45;4.42;23/09/2026;15:00;25.1;0;SOLEIL;2;22.7;0
Saintes-Maries-de-la-Mer;43.45;4.42;23/09/2026;16:00;25.1;0;SOLEIL;2;22.0;0
Saintes-Maries-de-la-Mer;43.45;4.42;23/09/2026;17:00;22.6;0;SOLEIL;2;21.2;0
Saintes-Maries-de-la-Mer;43.45;4.42;23/09/2026;18:00;22.6;0;SOLEIL;2;20.9;0
Saintes-Maries-de-la-Mer;43.45;4.42;23/09/2026;19:00;22.6;0;SOLEIL;2;20.9;0
Saintes-Maries-de-la-Mer;43.45;4.42;23/09/2026;20:00;21.9;0;SOLEIL;1;18.7;0
Saintes-Maries-de-la-Mer;43.45;4.42;23/09/2026;21:00;21.9;0;SOLEIL;1;14.8;0
Saintes-Maries-de-la-Mer;43.45;4.42;23/09/2026;22:00;21.9;0;SOLEIL;1;12.6;0
Saintes-Maries-de-la-Mer;43.45;4.42;23/09/2026;23:00;19.4;0;SOLEIL;0;14.8;0
Saintes-Maries-de-la-Mer;43.45;4.42;24/09/2026;00:00;19.4;0;SOLEIL;0;13.7;0
Saintes-Maries-de-la-Mer;43.45;4.42;24/09/2026;01:00;19.4;0;SOLEIL;0;12.6;0
Saintes-Maries-de-la-Mer;43.45;4.42;24/09/2026;02:00;18;0;SOLEIL;2;11.5;0
Saintes-Maries-de-la-Mer;43.45;4.42;24/09/2026;03:00;18;0;SOLEIL;2;19.4;0
Saintes-Maries-de-la-Mer;43.45;4.42;24/09/2026;04:00;18;0;SOLEIL;2;18.4;0
Saintes-Maries-de-la-Mer;43.45;4.42;24/09/2026;05:00;17.7;0;SOLEIL;2;17.3;0
Saintes-Maries-de-la-Mer;43.45;4.42;24/09/2026;06:00;17.7;0;SOLEIL;2;19.4;0
Saintes-Maries-de-la-Mer;43.45;4.42;24/09/2026;07:00;17.7;0;SOLEIL;2;20.5;0
Saintes-Maries-de-la-Mer;43.45;4.42;24/09/2026;08:00;23.9;0;SOLEIL;4;21.6;0
Saintes-Maries-de-la-Mer;43.45;4.42;24/09/2026;09:00;23.9;0;SOLEIL;4;24.1;0
Saintes-Maries-de-la-Mer;43.45;4.42;24/09/2026;10:00;23.9;0;SOLEIL;4;31.0;0
Saintes-Maries-de-la-Mer;43.45;4.42;24/09/2026;11:00;27.1;5;SOLEIL VOILÉ;5;40.7;0
Saintes-Maries-de-la-Mer;43.45;4.42;24/09/2026;12:00;27.1;5;SOLEIL VOILÉ;5;41.0;0
Saintes-Maries-de-la-Mer;43.45;4.42;24/09/2026;13:00;27.1;5;SOLEIL VOILÉ;5;40.3;0
Saintes-Maries-de-la-Mer;43.45;4.42;24/09/2026;14:00;26.1;0;SOLEIL;5;40.3;0
Saintes-Maries-de-la-Mer;43.45;4.42;24/09/2026;15:00;26.1;0;SOLEIL;5;38.2;0
Saintes-Maries-de-la-Mer;43.45;4.42;24/09/2026;16:00;26.1;0;SOLEIL;5;35.3;0
Saintes-Maries-de-la-Mer;43.45;4.42;24/09/2026;17:00;20.9;5;SOLEIL VOILÉ;6;31.3;0
Saintes-Maries-de-la-Mer;43.45;4.42;24/09/2026;18:00;20.9;5;SOLEIL VOILÉ;6;17.6;0
Saintes-Maries-de-la-Mer;43.45;4.42;24/09/2026;19:00;20.9;5;SOLEIL VOILÉ;6;9.0;0
Saintes-Maries-de-la-Mer;43.45;4.42;24/09/2026;20:00;21.9;0;SOLEIL;5;36.7;0
Saintes-Maries-de-la-Mer;43.45;4.42;24/09/2026;21:00;20.5;0;SOLEIL;5;43.6;0
Saintes-Maries-de-la-Mer;43.45;4.42;24/09/2026;22:00;19.2;0;SOLEIL;5;46.4;0
Saintes-Maries-de-la-Mer;43.45;4.42;24/09/2026;23:00;22.5;2;NUAGEUX;8;58.3;0
Saintes-Maries-de-la-Mer;43.45;4.42;25/09/2026;00:00;22.5;2;NUAGEUX;8;58.3;0
Saintes-Maries-de-la-Mer;43.45;4.42;25/09/2026;01:00;22.5;2;NUAGEUX;8;55.4;0
Saintes-Maries-de-la-Mer;43.45;4.42;25/09/2026;02:00;19;2;NUAGEUX;5;49.3;0
Saintes-Maries-de-la-Mer;43.45;4.42;25/09/2026;03:00;19;2;NUAGEUX;5;48.6;0
Saintes-Maries-de-la-Mer;43.45;4.42;25/09/2026;04:00;19;2;NUAGEUX;5;44.6;0
Saintes-Maries-de-la-Mer;43.45;4.42;25/09/2026;05:00;19.7;2;NUAGEUX;5;43.9;0
Saintes-Maries-de-la-Mer;43.45;4.42;25/09/2026;06:00;19.7;2;NUAGEUX;5;44.3;0
Saintes-Maries-de-la-Mer;43.45;4.42;25/09/2026;07:00;19.7;2;NUAGEUX;5;42.8;0
Saintes-Maries-de-la-Mer;43.45;4.42;25/09/2026;08:00;20.6;2;NUAGEUX;5;42.8;0
Saintes-Maries-de-la-Mer;43.45;4.42;25/09/2026;09:00;21.5;2;NUAGEUX;5;40.7;0
Saintes-Maries-de-la-Mer;43.45;4.42;25/09/2026;10:00;22.3;2;NUAGEUX;5;40.0;0
Saintes-Maries-de-la-Mer;43.45;4.42;25/09/2026;11:00;25.7;2;NUAGEUX;5;38.5;0
Saintes-Maries-de-la-Mer;43.45;4.42;25/09/2026;12:00;25.7;2;NUAGEUX;5;34.8;0
Saintes-Maries-de-la-Mer;43.45;4.42;25/09/2026;13:00;25.7;2;NUAGEUX;5;32.4;0
Saintes-Maries-de-la-Mer;43.45;4.42;25/09/2026;14:00;25.6;2;NUAGEUX;5;32.5;0
Saintes-Maries-de-la-Mer;43.45;4.42;25/09/2026;15:00;26.4;2;NUAGEUX;5;35.6;0
Saintes-Maries-de-la-Mer;43.45;4.42;25/09/2026;16:00;25.6;2;NUAGEUX;5;34.2;0
Saintes-Maries-de-la-Mer;43.45;4.42;25/09/2026;17:00;22.5;0;SOLEIL;3;33.5;0
Saintes-Maries-de-la-Mer;43.45;4.42;25/09/2026;18:00;22.5;0;SOLEIL;3;34.2;0
Saintes-Maries-de-la-Mer;43.45;4.42;25/09/2026;19:00;22.5;0;SOLEIL;3;35.6;0
Saintes-Maries-de-la-Mer;43.45;4.42;25/09/2026;20:00;22.3;2;NUAGEUX;5;35.6;0
Saintes-Maries-de-la-Mer;43.45;4.42;25/09/2026;21:00;21.5;2;NUAGEUX;5;32.8;0
Saintes-Maries-de-la-Mer;43.45;4.42;25/09/2026;22:00;20.6;2;NUAGEUX;5;28.8;0
Saintes-Maries-de-la-Mer;43.45;4.42;25/09/2026;23:00;20.6;0;SOLEIL;0;24.1;0
Saintes-Maries-de-la-Mer;43.45;4.42;26/09/2026;00:00;20.6;0;SOLEIL;0;19.1;0
Saintes-Maries-de-la-Mer;43.45;4.42;26/09/2026;01:00;20.6;0;SOLEIL;0;14.0;0
Saintes-Maries-de-la-Mer;43.45;4.42;26/09/2026;02:00;17.6;0;SOLEIL;5;10.1;0
Saintes-Maries-de-la-Mer;43.45;4.42;26/09/2026;03:00;17.6;0;SOLEIL;5;7.9;0
Saintes-Maries-de-la-Mer;43.45;4.42;26/09/2026;04:00;17.6;0;SOLEIL;5;6.8;0
Saintes-Maries-de-la-Mer;43.45;4.42;26/09/2026;05:00;18.1;0;SOLEIL;2;6.8;0
Saintes-Maries-de-la-Mer;43.45;4.42;26/09/2026;06:00;18.1;0;SOLEIL;2;9.0;0
Saintes-Maries-de-la-Mer;43.45;4.42;26/09/2026;07:00;18.1;0;SOLEIL;2;11.9;0
Saintes-Maries-de-la-Mer;43.45;4.42;26/09/2026;08:00;19.2;0;SOLEIL;5;14.4;0
Saintes-Maries-de-la-Mer;43.45;4.42;26/09/2026;09:00;20.1;0;SOLEIL;5;14.4;0
Saintes-Maries-de-la-Mer;43.45;4.42;26/09/2026;10:00;20.9;0;SOLEIL;5;13.7;0
Saintes-Maries-de-la-Mer;43.45;4.42;26/09/2026;11:00;24.5;0;SOLEIL;4;14.4;0
Saintes-Maries-de-la-Mer;43.45;4.42;26/09/2026;12:00;24.5;0;SOLEIL;4;18.7;0
Saintes-Maries-de-la-Mer;43.45;4.42;26/09/2026;13:00;24.5;0;SOLEIL;4;24.8;0
Saintes-Maries-de-la-Mer;43.45;4.42;26/09/2026;14:00;24.2;0;SOLEIL;5;29.2;0
Saintes-Maries-de-la-Mer;43.45;4.42;26/09/2026;15:00;25.0;0;SOLEIL;5;30.6;0
Saintes-Maries-de-la-Mer;43.45;4.42;26/09/2026;16:00;24.2;0;SOLEIL;5;30.6;0
Saintes-Maries-de-la-Mer;43.45;4.42;26/09/2026;17:00;22.4;0;SOLEIL;2;29.9;0
Saintes-Maries-de-la-Mer;43.45;4.42;26/09/2026;18:00;22.4;0;SOLEIL;2;29.2;0
Saintes-Maries-de-la-Mer;43.45;4.42;26/09/2026;19:00;22.4;0;SOLEIL;2;28.1;0
Saintes-Maries-de-la-Mer;43.45;4.42;26/09/2026;20:00;20.9;0;SOLEIL;5;25.6;0
Saintes-Maries-de-la-Mer;43.45;4.42;26/09/2026;21:00;20.1;0;SOLEIL;5;20.2;0
Saintes-Maries-de-la-Mer;43.45;4.42;26/09/2026;22:00;19.2;0;SOLEIL;5;13.0;0
Saintes-Maries-de-la-Mer;43.45;4.42;26/09/2026;23:00;20.9;0;SOLEIL;2;7.9;0
Castellet;43.2;5.77;22/09/2026;00:00;15.4;0;SOLEIL;1;4.7;0
Castellet;43.2;5.77;22/09/2026;01:00;14.6;0;SOLEIL;1;4.3;0
Castellet;43.2;5.77;22/09/2026;02:00;14.5;0;SOLEIL;1;5.4;0
Castellet;43.2;5.77;22/09/2026;03:00;13.1;0;SOLEIL;1;4.7;0
Castellet;43.2;5.77;22/09/2026;04:00;12.9;0;SOLEIL;1;4.0;0
Castellet;43.2;5.77;22/09/2026;05:00;12.1;0;SOLEIL;1;4.0;0
Castellet;43.2;5.77;22/09/2026;06:00;13.2;0;SOLEIL;1;2.9;0
Castellet;43.2;5.77;22/09/2026;07:00;17.1;0;SOLEIL;1;2.9;0
Castellet;43.2;5.77;22/09/2026;08:00;22.2;0;SOLEIL;0;3.6;0
Castellet;43.2;5.77;22/09/2026;09:00;26;0;SOLEIL;1;3.6;0
Castellet;43.2;5.77;22/09/2026;10:00;27.5;0;SOLEIL;1;3.6;0
Castellet;43.2;5.77;22/09/2026;11:00;28.2;0;SOLEIL;3;9.4;0
Castellet;43.2;5.77;22/09/2026;12:00;27.6;0;SOLEIL;3;15.1;0
Castellet;43.2;5.77;22/09/2026;13:00;27.6;0;SOLEIL;3;26.6;0
Castellet;43.2;5.77;22/09/2026;14:00;27.6;0;SOLEIL;3;25.2;0
Castellet;43.2;5.77;22/09/2026;15:00;26.9;0;SOLEIL;3;24.5;0
Castellet;43.2;5.77;22/09/2026;16:00;25.8;0;SOLEIL;2;23.8;0
Castellet;43.2;5.77;22/09/2026;17:00;24.6;0;SOLEIL;2;21.2;0
Castellet;43.2;5.77;22/09/2026;18:00;22.2;0;SOLEIL;1;21.2;0
Castellet;43.2;5.77;22/09/2026;19:00;19.9;0;SOLEIL;0;17.6;0
Castellet;43.2;5.77;22/09/2026;20:00;18.1;0;SOLEIL;1;12.6;0
Castellet;43.2;5.77;22/09/2026;21:00;17;0;SOLEIL;1;6.8;0
Castellet;43.2;5.77;22/09/2026;22:00;16.6;0;SOLEIL;1;2.9;0
Castellet;43.2;5.77;22/09/2026;23:00;15.9;0;SOLEIL;1;3.6;0
Castellet;43.2;5.77;23/09/2026;00:00;15.2;0;SOLEIL;1;4.7;0
Castellet;43.2;5.77;23/09/2026;01:00;15.2;0;SOLEIL;1;4.7;0
Castellet;43.2;5.77;23/09/2026;02:00;14.1;0;SOLEIL;3;5.0;0
Castellet;43.2;5.77;23/09/2026;03:00;14.1;0;SOLEIL;3;4.7;0
Castellet;43.2;5.77;23/09/2026;04:00;14.1;0;SOLEIL;3;4.7;0
Castellet;43.2;5.77;23/09/2026;05:00;14.1;0;SOLEIL;4;4.7;0
Castellet;43.2;5.77;23/09/2026;06:00;14.1;0;SOLEIL;4;5.4;0
Castellet;43.2;5.77;23/09/2026;07:00;14.1;0;SOLEIL;4;7.9;0
Castellet;43.2;5.77;23/09/2026;08:00;26.1;0;SOLEIL;4;7.2;0
Castellet;43.2;5.77;23/09/2026;09:00;26.1;0;SOLEIL;4;6.5;0
Castellet;43.2;5.77;23/09/2026;10:00;26.1;0;SOLEIL;4;18.4;0
Castellet;43.2;5.77;23/09/2026;11:00;27.1;0;SOLEIL;3;24.8;0
Castellet;43.2;5.77;23/09/2026;12:00;27.1;0;SOLEIL;3;25.1;0
Castellet;43.2;5.77;23/09/2026;13:00;27.1;0;SOLEIL;3;25.7;0
Castellet;43.2;5.77;23/09/2026;14:00;26.6;0;SOLEIL;3;31.3;0
Castellet;43.2;5.77;23/09/2026;15:00;26.6;0;SOLEIL;3;34.9;0
Castellet;43.2;5.77;23/09/2026;16:00;26.6;0;SOLEIL;3;34.6;0
Castellet;43.2;5.77;23/09/2026;17:00;21.6;0;SOLEIL;1;29.9;0
Castellet;43.2;5.77;23/09/2026;18:00;21.6;0;SOLEIL;1;24.1;0
Castellet;43.2;5.77;23/09/2026;19:00;21.6;0;SOLEIL;1;19.4;0
Castellet;43.2;5.77;23/09/2026;20:00;16.6;0;SOLEIL;2;15.5;0
Castellet;43.2;5.77;23/09/2026;21:00;16.6;0;SOLEIL;2;10.1;0
Castellet;43.2;5.77;23/09/2026;22:00;16.6;0;SOLEIL;2;7.9;0
Castellet;43.2;5.77;23/09/2026;23:00;14.9;0;SOLEIL;1;7.6;0
Castellet;43.2;5.77;24/09/2026;00:00;14.9;0;SOLEIL;1;9.7;0
Castellet;43.2;5.77;24/09/2026;01:00;14.9;0;SOLEIL;1;14.0;0
Castellet;43.2;5.77;24/09/2026;02:00;12.4;0;SOLEIL;1;15.8;0
Castellet;43.2;5.77;24/09/2026;03:00;12.4;0;SOLEIL;1;11.9;0
Castellet;43.2;5.77;24/09/2026;04:00;12.4;0;SOLEIL;1;6.5;0
Castellet;43.2;5.77;24/09/2026;05:00;12;0;SOLEIL;2;8.3;0
Castellet;43.2;5.77;24/09/2026;06:00;12;0;SOLEIL;2;7.9;0
Castellet;43.2;5.77;24/09/2026;07:00;12;0;SOLEIL;2;8.6;0
Castellet;43.2;5.77;24/09/2026;08:00;24.1;0;SOLEIL;2;10.1;0
Castellet;43.2;5.77;24/09/2026;09:00;24.1;0;SOLEIL;2;10.4;0
Castellet;43.2;5.77;24/09/2026;10:00;24.1;0;SOLEIL;2;10.1;0
Castellet;43.2;5.77;24/09/2026;11:00;27.6;5;SOLEIL VOILÉ;4;10.1;0
Castellet;43.2;5.77;24/09/2026;12:00;27.6;5;SOLEIL VOILÉ;4;20.2;0
Castellet;43.2;5.77;24/09/2026;13:00;27.6;5;SOLEIL VOILÉ;4;21.6;0
Castellet;43.2;5.77;24/09/2026;14:00;28.2;5;SOLEIL VOILÉ;3;26.6;0
Castellet;43.2;5.77;24/09/2026;15:00;28.2;5;SOLEIL VOILÉ;3;39.2;0
Castellet;43.2;5.77;24/09/2026;16:00;28.2;5;SOLEIL VOILÉ;3;45.4;0
Castellet;43.2;5.77;24/09/2026;17:00;23.1;0;SOLEIL;5;49.7;0
Castellet;43.2;5.77;24/09/2026;18:00;23.1;0;SOLEIL;5;50.0;0
Castellet;43.2;5.77;24/09/2026;19:00;23.1;0;SOLEIL;5;52.2;0
Castellet;43.2;5.77;24/09/2026;20:00;18.6;0;SOLEIL;5;54.7;0
Castellet;43.2;5.77;24/09/2026;21:00;16.6;0;SOLEIL;5;54.0;0
Castellet;43.2;5.77;24/09/2026;22:00;14.6;0;SOLEIL;5;48.2;0
Castellet;43.2;5.77;24/09/2026;23:00;15.5;0;SOLEIL;3;38.9;0
Castellet;43.2;5.77;25/09/2026;00:00;15.5;0;SOLEIL;3;34.6;0
Castellet;43.2;5.77;25/09/2026;01:00;15.5;0;SOLEIL;3;21.2;0
Castellet;43.2;5.77;25/09/2026;02:00;12.6;0;SOLEIL;5;7.9;0
Castellet;43.2;5.77;25/09/2026;03:00;12.6;0;SOLEIL;5;15.8;0
Castellet;43.2;5.77;25/09/2026;04:00;12.6;0;SOLEIL;5;22.3;0
Castellet;43.2;5.77;25/09/2026;05:00;14.4;2;NUAGEUX;3;16.6;0
Castellet;43.2;5.77;25/09/2026;06:00;14.4;2;NUAGEUX;3;14.0;0
Castellet;43.2;5.77;25/09/2026;07:00;14.4;2;NUAGEUX;3;9.4;0
Castellet;43.2;5.77;25/09/2026;08:00;15.8;0;SOLEIL;5;9.4;0
Castellet;43.2;5.77;25/09/2026;09:00;17.5;0;SOLEIL;5;10.1;0
Castellet;43.2;5.77;25/09/2026;10:00;19.1;0;SOLEIL;5;9.0;0
Castellet;43.2;5.77;25/09/2026;11:00;26.5;0;SOLEIL;3;14.4;0
Castellet;43.2;5.77;25/09/2026;12:00;26.5;0;SOLEIL;3;23.8;0
Castellet;43.2;5.77;25/09/2026;13:00;26.5;0;SOLEIL;3;27.2;0
Castellet;43.2;5.77;25/09/2026;14:00;25.6;0;SOLEIL;5;26.6;0
Castellet;43.2;5.77;25/09/2026;15:00;27.2;0;SOLEIL;5;27.0;0
Castellet;43.2;5.77;25/09/2026;16:00;25.6;0;SOLEIL;5;29.5;0
Castellet;43.2;5.77;25/09/2026;17:00;21.5;7;PLUIE FAIBLE;1;30.2;0
Castellet;43.2;5.77;25/09/2026;18:00;21.5;7;PLUIE FAIBLE;1;29.2;0
Castellet;43.2;5.77;25/09/2026;19:00;21.5;7;PLUIE FAIBLE;1;26.6;0
Castellet;43.2;5.77;25/09/2026;20:00;19.1;0;SOLEIL;5;23.8;0
Castellet;43.2;5.77;25/09/2026;21:00;17.5;0;SOLEIL;5;20.9;0
Castellet;43.2;5.77;25/09/2026;22:00;15.8;0;SOLEIL;5;17.6;0
Castellet;43.2;5.77;25/09/2026;23:00;14.6;0;SOLEIL;2;15.5;0
Castellet;43.2;5.77;26/09/2026;00:00;14.6;0;SOLEIL;2;14.8;0
Castellet;43.2;5.77;26/09/2026;01:00;14.6;0;SOLEIL;2;15.1;0
Castellet;43.2;5.77;26/09/2026;02:00;11.9;0;SOLEIL;5;15.5;0
Castellet;43.2;5.77;26/09/2026;03:00;11.9;0;SOLEIL;5;15.5;0
Castellet;43.2;5.77;26/09/2026;04:00;11.9;0;SOLEIL;5;15.8;0
Castellet;43.2;5.77;26/09/2026;05:00;13.2;0;SOLEIL;2;16.2;0
Castellet;43.2;5.77;26/09/2026;06:00;13.2;0;SOLEIL;2;16.2;0
Castellet;43.2;5.77;26/09/2026;07:00;13.2;0;SOLEIL;2;16.2;0
Castellet;43.2;5.77;26/09/2026;08:00;15.3;0;SOLEIL;5;17.3;0
Castellet;43.2;5.77;26/09/2026;09:00;17.0;0;SOLEIL;5;20.5;0
Castellet;43.2;5.77;26/09/2026;10:00;18.7;0;SOLEIL;5;24.5;0
Castellet;43.2;5.77;26/09/2026;11:00;26.6;0;SOLEIL;3;28.1;0
Castellet;43.2;5.77;26/09/2026;12:00;26.6;0;SOLEIL;3;30.2;0
Castellet;43.2;5.77;26/09/2026;13:00;26.6;0;SOLEIL;3;31.7;0
Castellet;43.2;5.77;26/09/2026;14:00;25.4;0;SOLEIL;5;33.5;0
Castellet;43.2;5.77;26/09/2026;15:00;27.1;0;SOLEIL;5;36.0;0
Castellet;43.2;5.77;26/09/2026;16:00;25.4;0;SOLEIL;5;38.9;0
Castellet;43.2;5.77;26/09/2026;17:00;20.7;0;SOLEIL;1;39.6;0
Castellet;43.2;5.77;26/09/2026;18:00;20.7;0;SOLEIL;1;37.8;0
Castellet;43.2;5.77;26/09/2026;19:00;20.7;0;SOLEIL;1;33.8;0
Castellet;43.2;5.77;26/09/2026;20:00;18.7;0;SOLEIL;5;29.5;0
Castellet;43.2;5.77;26/09/2026;21:00;17.0;0;SOLEIL;5;24.1;0
Castellet;43.2;5.77;26/09/2026;22:00;15.3;0;SOLEIL;5;18.0;0
Castellet;43.2;5.77;26/09/2026;23:00;13.7;0;SOLEIL;2;14.0;0
Draguignan;43.53;6.46;22/09/2026;00:00;19.1;0;SOLEIL;0;6.1;0
Draguignan;43.53;6.46;22/09/2026;01:00;18.4;0;SOLEIL;1;4.0;0
Draguignan;43.53;6.46;22/09/2026;02:00;18.1;0;SOLEIL;1;2.2;0
Draguignan;43.53;6.46;22/09/2026;03:00;17.6;0;SOLEIL;1;2.9;0
Draguignan;43.53;6.46;22/09/2026;04:00;17.6;0;SOLEIL;1;2.5;0
Draguignan;43.53;6.46;22/09/2026;05:00;17.2;0;SOLEIL;1;0.7;0
Draguignan;43.53;6.46;22/09/2026;06:00;18.5;0;SOLEIL;1;2.2;0
Draguignan;43.53;6.46;22/09/2026;07:00;22.2;0;SOLEIL;0;2.2;0
Draguignan;43.53;6.46;22/09/2026;08:00;25.7;0;SOLEIL;1;1.8;0
Draguignan;43.53;6.46;22/09/2026;09:00;27.1;0;SOLEIL;3;3.2;0
Draguignan;43.53;6.46;22/09/2026;10:00;28.7;0;SOLEIL;3;5.8;0
Draguignan;43.53;6.46;22/09/2026;11:00;29.6;0;SOLEIL;4;24.8;0
Draguignan;43.53;6.46;22/09/2026;12:00;29.9;0;SOLEIL;4;27.7;0
Draguignan;43.53;6.46;22/09/2026;13:00;29.6;0;SOLEIL;4;29.9;0
Draguignan;43.53;6.46;22/09/2026;14:00;28.7;0;SOLEIL;4;31.7;0
Draguignan;43.53;6.46;22/09/2026;15:00;28.3;0;SOLEIL;4;32.0;0
Draguignan;43.53;6.46;22/09/2026;16:00;27.2;0;SOLEIL;4;27.0;0
Draguignan;43.53;6.46;22/09/2026;17:00;26.1;0;SOLEIL;3;24.8;0
Draguignan;43.53;6.46;22/09/2026;18:00;23.5;0;SOLEIL;2;25.2;0
Draguignan;43.53;6.46;22/09/2026;19:00;21.9;0;SOLEIL;1;24.8;0
Draguignan;43.53;6.46;22/09/2026;20:00;21;0;SOLEIL;1;19.4;0
Draguignan;43.53;6.46;22/09/2026;21:00;20.2;0;SOLEIL;1;12.6;0
Draguignan;43.53;6.46;22/09/2026;22:00;19.6;0;SOLEIL;1;9.0;0
Draguignan;43.53;6.46;22/09/2026;23:00;18.7;0;SOLEIL;2;6.8;0
Draguignan;43.53;6.46;23/09/2026;00:00;18.6;0;SOLEIL;2;2.2;0
Draguignan;43.53;6.46;23/09/2026;01:00;18.6;0;SOLEIL;2;4.0;0
Draguignan;43.53;6.46;23/09/2026;02:00;17.1;0;SOLEIL;3;3.2;0
Draguignan;43.53;6.46;23/09/2026;03:00;17.1;0;SOLEIL;3;3.6;0
Draguignan;43.53;6.46;23/09/2026;04:00;17.1;0;SOLEIL;3;11.9;0
Draguignan;43.53;6.46;23/09/2026;05:00;18.6;0;SOLEIL;3;13.7;0
Draguignan;43.53;6.46;23/09/2026;06:00;18.6;0;SOLEIL;3;12.6;0
Draguignan;43.53;6.46;23/09/2026;07:00;18.6;0;SOLEIL;3;20.5;0
Draguignan;43.53;6.46;23/09/2026;08:00;25.7;0;SOLEIL;4;22.0;0
Draguignan;43.53;6.46;23/09/2026;09:00;25.7;0;SOLEIL;4;23.4;0
Draguignan;43.53;6.46;23/09/2026;10:00;25.7;0;SOLEIL;4;25.2;0
Draguignan;43.53;6.46;23/09/2026;11:00;28.2;0;SOLEIL;3;24.5;0
Draguignan;43.53;6.46;23/09/2026;12:00;28.2;0;SOLEIL;3;23.7;0
Draguignan;43.53;6.46;23/09/2026;13:00;28.2;0;SOLEIL;3;22.7;0
Draguignan;43.53;6.46;23/09/2026;14:00;27.2;0;SOLEIL;4;26.6;0
Draguignan;43.53;6.46;23/09/2026;15:00;27.2;0;SOLEIL;4;31.3;0
Draguignan;43.53;6.46;23/09/2026;16:00;27.2;0;SOLEIL;4;32.4;0
Draguignan;43.53;6.46;23/09/2026;17:00;22.5;0;SOLEIL;2;32.0;0
Draguignan;43.53;6.46;23/09/2026;18:00;22.5;0;SOLEIL;2;29.9;0
Draguignan;43.53;6.46;23/09/2026;19:00;22.5;0;SOLEIL;2;25.6;0
Draguignan;43.53;6.46;23/09/2026;20:00;18.1;0;SOLEIL;1;18.7;0
Draguignan;43.53;6.46;23/09/2026;21:00;18.1;0;SOLEIL;1;10.1;0
Draguignan;43.53;6.46;23/09/2026;22:00;18.1;0;SOLEIL;1;4.7;0
Draguignan;43.53;6.46;23/09/2026;23:00;16.4;0;SOLEIL;1;6.1;0
Draguignan;43.53;6.46;24/09/2026;00:00;16.4;0;SOLEIL;1;6.8;0
Draguignan;43.53;6.46;24/09/2026;01:00;16.4;0;SOLEIL;1;7.2;0
Draguignan;43.53;6.46;24/09/2026;02:00;14.9;0;SOLEIL;2;6.5;0
Draguignan;43.53;6.46;24/09/2026;03:00;14.9;0;SOLEIL;2;8.6;0
Draguignan;43.53;6.46;24/09/2026;04:00;14.9;0;SOLEIL;2;9.4;0
Draguignan;43.53;6.46;24/09/2026;05:00;14.7;0;SOLEIL;1;8.6;0
Draguignan;43.53;6.46;24/09/2026;06:00;14.7;0;SOLEIL;1;8.6;0
Draguignan;43.53;6.46;24/09/2026;07:00;14.7;0;SOLEIL;1;9.7;0
Draguignan;43.53;6.46;24/09/2026;08:00;24.1;0;SOLEIL;2;8.6;0
Draguignan;43.53;6.46;24/09/2026;09:00;24.1;0;SOLEIL;2;7.6;0
Draguignan;43.53;6.46;24/09/2026;10:00;24.1;0;SOLEIL;2;5.8;0
Draguignan;43.53;6.46;24/09/2026;11:00;28.9;5;SOLEIL VOILÉ;2;11.9;0
Draguignan;43.53;6.46;24/09/2026;12:00;28.9;5;SOLEIL VOILÉ;2;15.8;0
Draguignan;43.53;6.46;24/09/2026;13:00;28.9;5;SOLEIL VOILÉ;2;18.0;0
Draguignan;43.53;6.46;24/09/2026;14:00;29.1;0;SOLEIL;4;16.9;0
Draguignan;43.53;6.46;24/09/2026;15:00;29.1;0;SOLEIL;4;23.8;0
Draguignan;43.53;6.46;24/09/2026;16:00;29.1;0;SOLEIL;4;32.0;0
Draguignan;43.53;6.46;24/09/2026;17:00;22.7;0;SOLEIL;2;34.6;0
Draguignan;43.53;6.46;24/09/2026;18:00;22.7;0;SOLEIL;2;29.2;0
Draguignan;43.53;6.46;24/09/2026;19:00;22.7;0;SOLEIL;2;23.4;0
Draguignan;43.53;6.46;24/09/2026;20:00;21.4;0;SOLEIL;5;30.2;0
Draguignan;43.53;6.46;24/09/2026;21:00;19.5;0;SOLEIL;5;23.0;0
Draguignan;43.53;6.46;24/09/2026;22:00;17.6;0;SOLEIL;5;10.1;0
Draguignan;43.53;6.46;24/09/2026;23:00;17;0;SOLEIL;1;9.4;0
Draguignan;43.53;6.46;25/09/2026;00:00;17;0;SOLEIL;1;7.6;0
Draguignan;43.53;6.46;25/09/2026;01:00;17;0;SOLEIL;1;6.5;0
Draguignan;43.53;6.46;25/09/2026;02:00;15.1;0;SOLEIL;5;8.6;0
Draguignan;43.53;6.46;25/09/2026;03:00;15.1;0;SOLEIL;5;7.6;0
Draguignan;43.53;6.46;25/09/2026;04:00;15.1;0;SOLEIL;5;6.8;0
Draguignan;43.53;6.46;25/09/2026;05:00;17.1;2;NUAGEUX;3;7.2;0
Draguignan;43.53;6.46;25/09/2026;06:00;17.1;2;NUAGEUX;3;10.1;0
Draguignan;43.53;6.46;25/09/2026;07:00;17.1;2;NUAGEUX;3;9.4;0
Draguignan;43.53;6.46;25/09/2026;08:00;17.8;0;SOLEIL;5;5.0;0
Draguignan;43.53;6.46;25/09/2026;09:00;19.2;0;SOLEIL;5;4.3;0
Draguignan;43.53;6.46;25/09/2026;10:00;20.6;0;SOLEIL;5;14.4;0
Draguignan;43.53;6.46;25/09/2026;11:00;26.5;0;SOLEIL;5;28.1;0
Draguignan;43.53;6.46;25/09/2026;12:00;26.5;0;SOLEIL;5;36.6;0
Draguignan;43.53;6.46;25/09/2026;13:00;26.5;0;SOLEIL;5;39.2;0
Draguignan;43.53;6.46;25/09/2026;14:00;26.0;0;SOLEIL;5;40.1;0
Draguignan;43.53;6.46;25/09/2026;15:00;27.4;0;SOLEIL;5;41.0;0
Draguignan;43.53;6.46;25/09/2026;16:00;26.0;0;SOLEIL;5;41.0;0
Draguignan;43.53;6.46;25/09/2026;17:00;21.5;0;SOLEIL;2;40.3;0
Draguignan;43.53;6.46;25/09/2026;18:00;21.5;0;SOLEIL;2;38.2;0
Draguignan;43.53;6.46;25/09/2026;19:00;21.5;0;SOLEIL;2;35.3;0
Draguignan;43.53;6.46;25/09/2026;20:00;20.6;0;SOLEIL;5;30.6;0
Draguignan;43.53;6.46;25/09/2026;21:00;19.2;0;SOLEIL;5;23.0;0
Draguignan;43.53;6.46;25/09/2026;22:00;17.8;0;SOLEIL;5;14.0;0
Draguignan;43.53;6.46;25/09/2026;23:00;17;0;SOLEIL;1;7.9;0
Draguignan;43.53;6.46;26/09/2026;00:00;17;0;SOLEIL;1;6.8;0
Draguignan;43.53;6.46;26/09/2026;01:00;17;0;SOLEIL;1;8.6;0
Draguignan;43.53;6.46;26/09/2026;02:00;14.6;0;SOLEIL;5;9.7;0
Draguignan;43.53;6.46;26/09/2026;03:00;14.6;0;SOLEIL;5;9.0;0
Draguignan;43.53;6.46;26/09/2026;04:00;14.6;0;SOLEIL;5;7.9;0
Draguignan;43.53;6.46;26/09/2026;05:00;16.1;0;SOLEIL;1;7.9;0
Draguignan;43.53;6.46;26/09/2026;06:00;16.1;0;SOLEIL;1;9.0;0
Draguignan;43.53;6.46;26/09/2026;07:00;16.1;0;SOLEIL;1;10.8;0
Draguignan;43.53;6.46;26/09/2026;08:00;17.7;0;SOLEIL;5;13.7;0
Draguignan;43.53;6.46;26/09/2026;09:00;19.3;0;SOLEIL;5;18.7;0
Draguignan;43.53;6.46;26/09/2026;10:00;20.8;0;SOLEIL;5;24.8;0
Draguignan;43.53;6.46;26/09/2026;11:00;28;0;SOLEIL;3;29.5;0
Draguignan;43.53;6.46;26/09/2026;12:00;28;0;SOLEIL;3;30.6;0
Draguignan;43.53;6.46;26/09/2026;13:00;28;0;SOLEIL;3;30.2;0
Draguignan;43.53;6.46;26/09/2026;14:00;27.0;0;SOLEIL;5;29.9;0
Draguignan;43.53;6.46;26/09/2026;15:00;28.6;0;SOLEIL;5;30.2;0
Draguignan;43.53;6.46;26/09/2026;16:00;27.0;0;SOLEIL;5;31.0;0
Draguignan;43.53;6.46;26/09/2026;17:00;21.9;0;SOLEIL;2;31.3;0
Draguignan;43.53;6.46;26/09/2026;18:00;21.9;0;SOLEIL;2;32.4;0
Draguignan;43.53;6.46;26/09/2026;19:00;21.9;0;SOLEIL;2;33.1;0
Draguignan;43.53;6.46;26/09/2026;20:00;20.8;0;SOLEIL;5;31.3;0
Draguignan;43.53;6.46;26/09/2026;21:00;19.3;0;SOLEIL;5;24.8;0
Draguignan;43.53;6.46;26/09/2026;22:00;17.7;0;SOLEIL;5;15.5;0
Draguignan;43.53;6.46;26/09/2026;23:00;16.6;0;SOLEIL;1;9.0;0
Gonfaron;43.31;6.29;22/09/2026;00:00;15.7;0;SOLEIL;1;10.1;0
Gonfaron;43.31;6.29;22/09/2026;01:00;15;0;SOLEIL;1;2.9;0
Gonfaron;43.31;6.29;22/09/2026;02:00;14.6;0;SOLEIL;1;5.4;0
Gonfaron;43.31;6.29;22/09/2026;03:00;14;0;SOLEIL;1;3.6;0
Gonfaron;43.31;6.29;22/09/2026;04:00;13.2;0;SOLEIL;1;2.2;0
Gonfaron;43.31;6.29;22/09/2026;05:00;13;0;SOLEIL;1;3.2;0
Gonfaron;43.31;6.29;22/09/2026;06:00;14.5;0;SOLEIL;0;2.5;0
Gonfaron;43.31;6.29;22/09/2026;07:00;18.9;0;SOLEIL;0;2.9;0
Gonfaron;43.31;6.29;22/09/2026;08:00;22.6;0;SOLEIL;1;2.5;0
Gonfaron;43.31;6.29;22/09/2026;09:00;25.9;0;SOLEIL;1;4.0;0
Gonfaron;43.31;6.29;22/09/2026;10:00;28.5;0;SOLEIL;2;10.4;0
Gonfaron;43.31;6.29;22/09/2026;11:00;30.1;0;SOLEIL;4;15.1;0
Gonfaron;43.31;6.29;22/09/2026;12:00;30.6;0;SOLEIL;4;21.6;0
Gonfaron;43.31;6.29;22/09/2026;13:00;30.9;0;SOLEIL;3;30.2;0
Gonfaron;43.31;6.29;22/09/2026;14:00;30.4;0;SOLEIL;3;28.8;0
Gonfaron;43.31;6.29;22/09/2026;15:00;30;0;SOLEIL;3;27.4;0
Gonfaron;43.31;6.29;22/09/2026;16:00;28.7;0;SOLEIL;3;24.1;0
Gonfaron;43.31;6.29;22/09/2026;17:00;25.9;0;SOLEIL;4;22.3;0
Gonfaron;43.31;6.29;22/09/2026;18:00;22.9;0;SOLEIL;3;4.0;0
Gonfaron;43.31;6.29;22/09/2026;19:00;20.5;0;SOLEIL;2;28.1;0
Gonfaron;43.31;6.29;22/09/2026;20:00;18.7;0;SOLEIL;0;26.3;0
Gonfaron;43.31;6.29;22/09/2026;21:00;18.1;0;SOLEIL;1;14.4;0
Gonfaron;43.31;6.29;22/09/2026;22:00;17.2;0;SOLEIL;0;5.4;0
Gonfaron;43.31;6.29;22/09/2026;23:00;16.5;0;SOLEIL;0;4.7;0
Gonfaron;43.31;6.29;23/09/2026;00:00;16.1;0;SOLEIL;0;2.9;0
Gonfaron;43.31;6.29;23/09/2026;01:00;16.1;0;SOLEIL;0;2.5;0
Gonfaron;43.31;6.29;23/09/2026;02:00;15;0;SOLEIL;2;3.2;0
Gonfaron;43.31;6.29;23/09/2026;03:00;15;0;SOLEIL;2;4.7;0
Gonfaron;43.31;6.29;23/09/2026;04:00;15;0;SOLEIL;2;6.1;0
Gonfaron;43.31;6.29;23/09/2026;05:00;15.7;0;SOLEIL;3;7.2;0
Gonfaron;43.31;6.29;23/09/2026;06:00;15.7;0;SOLEIL;3;9.4;0
Gonfaron;43.31;6.29;23/09/2026;07:00;15.7;0;SOLEIL;3;12.2;0
Gonfaron;43.31;6.29;23/09/2026;08:00;25.1;0;SOLEIL;4;12.2;0
Gonfaron;43.31;6.29;23/09/2026;09:00;25.1;0;SOLEIL;4;8.3;0
Gonfaron;43.31;6.29;23/09/2026;10:00;25.1;0;SOLEIL;4;12.6;0
Gonfaron;43.31;6.29;23/09/2026;11:00;28.7;0;SOLEIL;3;20.2;0
Gonfaron;43.31;6.29;23/09/2026;12:00;28.7;0;SOLEIL;3;24.5;0
Gonfaron;43.31;6.29;23/09/2026;13:00;28.7;0;SOLEIL;3;25.4;0
Gonfaron;43.31;6.29;23/09/2026;14:00;28.6;0;SOLEIL;3;26.7;0
Gonfaron;43.31;6.29;23/09/2026;15:00;28.6;0;SOLEIL;3;27.4;0
Gonfaron;43.31;6.29;23/09/2026;16:00;28.6;0;SOLEIL;3;26.6;0
Gonfaron;43.31;6.29;23/09/2026;17:00;22.7;0;SOLEIL;1;26.6;0
Gonfaron;43.31;6.29;23/09/2026;18:00;22.7;0;SOLEIL;1;13.3;0
Gonfaron;43.31;6.29;23/09/2026;19:00;22.7;0;SOLEIL;1;20.2;0
Gonfaron;43.31;6.29;23/09/2026;20:00;16.9;0;SOLEIL;1;19.4;0
Gonfaron;43.31;6.29;23/09/2026;21:00;16.9;0;SOLEIL;1;15.1;0
Gonfaron;43.31;6.29;23/09/2026;22:00;16.9;0;SOLEIL;1;12.2;0
Gonfaron;43.31;6.29;23/09/2026;23:00;15;0;SOLEIL;1;14.4;0
Gonfaron;43.31;6.29;24/09/2026;00:00;15;0;SOLEIL;1;15.1;0
Gonfaron;43.31;6.29;24/09/2026;01:00;15;0;SOLEIL;1;14.0;0
Gonfaron;43.31;6.29;24/09/2026;02:00;13.6;0;SOLEIL;1;10.8;0
Gonfaron;43.31;6.29;24/09/2026;03:00;13.6;0;SOLEIL;1;8.6;0
Gonfaron;43.31;6.29;24/09/2026;04:00;13.6;0;SOLEIL;1;6.1;0
Gonfaron;43.31;6.29;24/09/2026;05:00;13.2;0;SOLEIL;1;5.8;0
Gonfaron;43.31;6.29;24/09/2026;06:00;13.2;0;SOLEIL;1;2.9;0
Gonfaron;43.31;6.29;24/09/2026;07:00;13.2;0;SOLEIL;1;2.5;0
Gonfaron;43.31;6.29;24/09/2026;08:00;23.6;0;SOLEIL;1;4.0;0
Gonfaron;43.31;6.29;24/09/2026;09:00;23.6;0;SOLEIL;1;3.2;0
Gonfaron;43.31;6.29;24/09/2026;10:00;23.6;0;SOLEIL;1;5.0;0
Gonfaron;43.31;6.29;24/09/2026;11:00;29.2;0;SOLEIL;4;14.8;0
Gonfaron;43.31;6.29;24/09/2026;12:00;29.2;0;SOLEIL;4;18.4;0
Gonfaron;43.31;6.29;24/09/2026;13:00;29.2;0;SOLEIL;4;20.2;0
Gonfaron;43.31;6.29;24/09/2026;14:00;31.9;5;SOLEIL VOILÉ;3;26.3;0
Gonfaron;43.31;6.29;24/09/2026;15:00;31.9;5;SOLEIL VOILÉ;3;36.7;0
Gonfaron;43.31;6.29;24/09/2026;16:00;31.9;5;SOLEIL VOILÉ;3;42.5;0
Gonfaron;43.31;6.29;24/09/2026;17:00;23.7;0;SOLEIL;4;54.7;0
Gonfaron;43.31;6.29;24/09/2026;18:00;23.7;0;SOLEIL;4;54.7;0
Gonfaron;43.31;6.29;24/09/2026;19:00;23.7;0;SOLEIL;4;47.2;0
Gonfaron;43.31;6.29;24/09/2026;20:00;20.9;0;SOLEIL;5;50.4;0
Gonfaron;43.31;6.29;24/09/2026;21:00;18.7;0;SOLEIL;5;45.4;0
Gonfaron;43.31;6.29;24/09/2026;22:00;16.5;0;SOLEIL;5;18.4;0
Gonfaron;43.31;6.29;24/09/2026;23:00;14.6;0;SOLEIL;2;17.6;0
Gonfaron;43.31;6.29;25/09/2026;00:00;14.6;0;SOLEIL;2;10.4;0
Gonfaron;43.31;6.29;25/09/2026;01:00;14.6;0;SOLEIL;2;6.1;0
Gonfaron;43.31;6.29;25/09/2026;02:00;13.1;0;SOLEIL;5;5.0;0
Gonfaron;43.31;6.29;25/09/2026;03:00;13.1;0;SOLEIL;5;15.8;0
Gonfaron;43.31;6.29;25/09/2026;04:00;13.1;0;SOLEIL;5;14.8;0
Gonfaron;43.31;6.29;25/09/2026;05:00;14.9;2;NUAGEUX;3;11.2;0
Gonfaron;43.31;6.29;25/09/2026;06:00;14.9;2;NUAGEUX;3;5.4;0
Gonfaron;43.31;6.29;25/09/2026;07:00;14.9;2;NUAGEUX;3;4.0;0
Gonfaron;43.31;6.29;25/09/2026;08:00;16.3;0;SOLEIL;5;4.0;0
Gonfaron;43.31;6.29;25/09/2026;09:00;17.9;0;SOLEIL;5;4.0;0
Gonfaron;43.31;6.29;25/09/2026;10:00;19.5;0;SOLEIL;5;8.6;0
Gonfaron;43.31;6.29;25/09/2026;11:00;26.6;0;SOLEIL;4;16.6;0
Gonfaron;43.31;6.29;25/09/2026;12:00;26.6;0;SOLEIL;4;28.1;0
Gonfaron;43.31;6.29;25/09/2026;13:00;26.6;0;SOLEIL;4;36.2;0
Gonfaron;43.31;6.29;25/09/2026;14:00;26.0;0;SOLEIL;5;38.0;0
Gonfaron;43.31;6.29;25/09/2026;15:00;27.6;0;SOLEIL;5;40.7;0
Gonfaron;43.31;6.29;25/09/2026;16:00;26.0;0;SOLEIL;5;40.7;0
Gonfaron;43.31;6.29;25/09/2026;17:00;20.7;0;SOLEIL;2;39.6;0
Gonfaron;43.31;6.29;25/09/2026;18:00;20.7;0;SOLEIL;2;36.4;0
Gonfaron;43.31;6.29;25/09/2026;19:00;20.7;0;SOLEIL;2;31.7;0
Gonfaron;43.31;6.29;25/09/2026;20:00;19.5;0;SOLEIL;5;26.6;0
Gonfaron;43.31;6.29;25/09/2026;21:00;17.9;0;SOLEIL;5;20.5;0
Gonfaron;43.31;6.29;25/09/2026;22:00;16.3;0;SOLEIL;5;14.0;0
Gonfaron;43.31;6.29;25/09/2026;23:00;14.4;0;SOLEIL;2;9.0;0
Gonfaron;43.31;6.29;26/09/2026;00:00;14.4;0;SOLEIL;2;7.2;0
Gonfaron;43.31;6.29;26/09/2026;01:00;14.4;0;SOLEIL;2;6.8;0
Gonfaron;43.31;6.29;26/09/2026;02:00;11.4;0;SOLEIL;5;6.8;0
Gonfaron;43.31;6.29;26/09/2026;03:00;11.4;0;SOLEIL;5;6.1;0
Gonfaron;43.31;6.29;26/09/2026;04:00;11.4;0;SOLEIL;5;5.8;0
Gonfaron;43.31;6.29;26/09/2026;05:00;12.7;0;SOLEIL;2;5.8;0
Gonfaron;43.31;6.29;26/09/2026;06:00;12.7;0;SOLEIL;2;5.8;0
Gonfaron;43.31;6.29;26/09/2026;07:00;12.7;0;SOLEIL;2;6.1;0
Gonfaron;43.31;6.29;26/09/2026;08:00;15.2;0;SOLEIL;5;8.6;0
Gonfaron;43.31;6.29;26/09/2026;09:00;17.1;0;SOLEIL;5;14.8;0
Gonfaron;43.31;6.29;26/09/2026;10:00;19.0;0;SOLEIL;5;23.0;0
Gonfaron;43.31;6.29;26/09/2026;11:00;27.6;0;SOLEIL;2;28.8;0
Gonfaron;43.31;6.29;26/09/2026;12:00;27.6;0;SOLEIL;2;30.2;0
Gonfaron;43.31;6.29;26/09/2026;13:00;27.6;0;SOLEIL;2;29.2;0
Gonfaron;43.31;6.29;26/09/2026;14:00;26.6;0;SOLEIL;5;28.4;0
Gonfaron;43.31;6.29;26/09/2026;15:00;28.5;0;SOLEIL;5;28.4;0
Gonfaron;43.31;6.29;26/09/2026;16:00;26.6;0;SOLEIL;5;28.4;0
Gonfaron;43.31;6.29;26/09/2026;17:00;20.5;0;SOLEIL;1;28.1;0
Gonfaron;43.31;6.29;26/09/2026;18:00;20.5;0;SOLEIL;1;27.7;0
Gonfaron;43.31;6.29;26/09/2026;19:00;20.5;0;SOLEIL;1;27.0;0
Gonfaron;43.31;6.29;26/09/2026;20:00;19.0;0;SOLEIL;5;24.8;0
Gonfaron;43.31;6.29;26/09/2026;21:00;17.1;0;SOLEIL;5;19.4;0
Gonfaron;43.31;6.29;26/09/2026;22:00;15.2;0;SOLEIL;5;13.0;0
Gonfaron;43.31;6.29;26/09/2026;23:00;14.1;0;SOLEIL;1;7.9;0
Saint-Maximin;43.45;5.86;22/09/2026;00:00;15.6;5;SOLEIL VOILÉ;1;4.0;0
Saint-Maximin;43.45;5.86;22/09/2026;01:00;15.2;0;SOLEIL;1;4.0;0
Saint-Maximin;43.45;5.86;22/09/2026;02:00;14.6;0;SOLEIL;1;5.4;0
Saint-Maximin;43.45;5.86;22/09/2026;03:00;14.2;0;SOLEIL;0;4.3;0
Saint-Maximin;43.45;5.86;22/09/2026;04:00;13.5;0;SOLEIL;0;3.2;0
Saint-Maximin;43.45;5.86;22/09/2026;05:00;12.6;0;SOLEIL;0;2.9;0
Saint-Maximin;43.45;5.86;22/09/2026;06:00;13.7;0;SOLEIL;0;1.4;0
Saint-Maximin;43.45;5.86;22/09/2026;07:00;17.6;0;SOLEIL;0;1.4;0
Saint-Maximin;43.45;5.86;22/09/2026;08:00;22;0;SOLEIL;1;1.4;0
Saint-Maximin;43.45;5.86;22/09/2026;09:00;25.4;0;SOLEIL;1;1.1;0
Saint-Maximin;43.45;5.86;22/09/2026;10:00;27.7;0;SOLEIL;2;6.1;0
Saint-Maximin;43.45;5.86;22/09/2026;11:00;28.7;0;SOLEIL;3;10.1;0
Saint-Maximin;43.45;5.86;22/09/2026;12:00;29.4;0;SOLEIL;3;28.8;0
Saint-Maximin;43.45;5.86;22/09/2026;13:00;29.6;0;SOLEIL;2;28.8;0
Saint-Maximin;43.45;5.86;22/09/2026;14:00;29.6;0;SOLEIL;2;27.7;0
Saint-Maximin;43.45;5.86;22/09/2026;15:00;30;0;SOLEIL;4;22.7;0
Saint-Maximin;43.45;5.86;22/09/2026;16:00;28.3;0;SOLEIL;4;22.3;0
Saint-Maximin;43.45;5.86;22/09/2026;17:00;27.4;0;SOLEIL;2;29.5;0
Saint-Maximin;43.45;5.86;22/09/2026;18:00;24.1;0;SOLEIL;2;31.7;0
Saint-Maximin;43.45;5.86;22/09/2026;19:00;22.1;0;SOLEIL;1;32.0;0
Saint-Maximin;43.45;5.86;22/09/2026;20:00;19.8;0;SOLEIL;0;18.7;0
Saint-Maximin;43.45;5.86;22/09/2026;21:00;18.6;0;SOLEIL;0;10.8;0
Saint-Maximin;43.45;5.86;22/09/2026;22:00;17.1;0;SOLEIL;1;5.8;0
Saint-Maximin;43.45;5.86;22/09/2026;23:00;16.2;0;SOLEIL;0;3.6;0
Saint-Maximin;43.45;5.86;23/09/2026;00:00;15.6;0;SOLEIL;0;3.2;0
Saint-Maximin;43.45;5.86;23/09/2026;01:00;15.6;0;SOLEIL;0;4.0;0
Saint-Maximin;43.45;5.86;23/09/2026;02:00;13.9;0;SOLEIL;2;4.3;0
Saint-Maximin;43.45;5.86;23/09/2026;03:00;13.9;0;SOLEIL;2;2.9;0
Saint-Maximin;43.45;5.86;23/09/2026;04:00;13.9;0;SOLEIL;2;4.0;0
Saint-Maximin;43.45;5.86;23/09/2026;05:00;13.9;0;SOLEIL;3;2.9;0
Saint-Maximin;43.45;5.86;23/09/2026;06:00;13.9;0;SOLEIL;3;2.2;0
Saint-Maximin;43.45;5.86;23/09/2026;07:00;13.9;0;SOLEIL;3;1.1;0
Saint-Maximin;43.45;5.86;23/09/2026;08:00;24.7;0;SOLEIL;4;0.7;0
Saint-Maximin;43.45;5.86;23/09/2026;09:00;24.7;0;SOLEIL;4;1.8;0
Saint-Maximin;43.45;5.86;23/09/2026;10:00;24.7;0;SOLEIL;4;12.6;0
Saint-Maximin;43.45;5.86;23/09/2026;11:00;27.1;0;SOLEIL;2;23.0;0
Saint-Maximin;43.45;5.86;23/09/2026;12:00;27.1;0;SOLEIL;2;23.9;0
Saint-Maximin;43.45;5.86;23/09/2026;13:00;27.1;0;SOLEIL;2;23.0;0
Saint-Maximin;43.45;5.86;23/09/2026;14:00;28.1;2;NUAGEUX;2;22.9;0
Saint-Maximin;43.45;5.86;23/09/2026;15:00;28.1;2;NUAGEUX;2;12.2;0
Saint-Maximin;43.45;5.86;23/09/2026;16:00;28.1;2;NUAGEUX;2;18.4;0
Saint-Maximin;43.45;5.86;23/09/2026;17:00;23.6;0;SOLEIL;3;15.1;0
Saint-Maximin;43.45;5.86;23/09/2026;18:00;23.6;0;SOLEIL;3;34.9;0
Saint-Maximin;43.45;5.86;23/09/2026;19:00;23.6;0;SOLEIL;3;36.0;0
Saint-Maximin;43.45;5.86;23/09/2026;20:00;17.5;0;SOLEIL;1;31.0;0
Saint-Maximin;43.45;5.86;23/09/2026;21:00;17.5;0;SOLEIL;1;28.4;0
Saint-Maximin;43.45;5.86;23/09/2026;22:00;17.5;0;SOLEIL;1;19.1;0
Saint-Maximin;43.45;5.86;23/09/2026;23:00;15.6;0;SOLEIL;2;18.7;0
Saint-Maximin;43.45;5.86;24/09/2026;00:00;15.6;0;SOLEIL;2;24.5;0
Saint-Maximin;43.45;5.86;24/09/2026;01:00;15.6;0;SOLEIL;2;25.6;0
Saint-Maximin;43.45;5.86;24/09/2026;02:00;13.4;0;SOLEIL;2;20.9;0
Saint-Maximin;43.45;5.86;24/09/2026;03:00;13.4;0;SOLEIL;2;13.7;0
Saint-Maximin;43.45;5.86;24/09/2026;04:00;13.4;0;SOLEIL;2;1.4;0
Saint-Maximin;43.45;5.86;24/09/2026;05:00;12.6;0;SOLEIL;2;3.6;0
Saint-Maximin;43.45;5.86;24/09/2026;06:00;12.6;0;SOLEIL;2;4.0;0
Saint-Maximin;43.45;5.86;24/09/2026;07:00;12.6;0;SOLEIL;2;4.3;0
Saint-Maximin;43.45;5.86;24/09/2026;08:00;22.9;0;SOLEIL;3;4.0;0
Saint-Maximin;43.45;5.86;24/09/2026;09:00;22.9;0;SOLEIL;3;4.0;0
Saint-Maximin;43.45;5.86;24/09/2026;10:00;22.9;0;SOLEIL;3;5.4;0
Saint-Maximin;43.45;5.86;24/09/2026;11:00;28.1;5;SOLEIL VOILÉ;5;10.8;0
Saint-Maximin;43.45;5.86;24/09/2026;12:00;28.1;5;SOLEIL VOILÉ;5;18.4;0
Saint-Maximin;43.45;5.86;24/09/2026;13:00;28.1;5;SOLEIL VOILÉ;5;27.7;0
Saint-Maximin;43.45;5.86;24/09/2026;14:00;29.1;5;SOLEIL VOILÉ;5;37.1;0
Saint-Maximin;43.45;5.86;24/09/2026;15:00;29.1;5;SOLEIL VOILÉ;5;43.6;0
Saint-Maximin;43.45;5.86;24/09/2026;16:00;29.1;5;SOLEIL VOILÉ;5;43.2;0
Saint-Maximin;43.45;5.86;24/09/2026;17:00;24.5;5;SOLEIL VOILÉ;5;48.2;0
Saint-Maximin;43.45;5.86;24/09/2026;18:00;24.5;5;SOLEIL VOILÉ;5;52.9;0
Saint-Maximin;43.45;5.86;24/09/2026;19:00;24.5;5;SOLEIL VOILÉ;5;52.9;0
Saint-Maximin;43.45;5.86;24/09/2026;20:00;19.9;2;NUAGEUX;5;48.6;0
Saint-Maximin;43.45;5.86;24/09/2026;21:00;17.8;2;NUAGEUX;5;44.6;0
Saint-Maximin;43.45;5.86;24/09/2026;22:00;15.8;2;NUAGEUX;5;41.0;0
Saint-Maximin;43.45;5.86;24/09/2026;23:00;16.7;0;SOLEIL;2;35.3;0
Saint-Maximin;43.45;5.86;25/09/2026;00:00;16.7;0;SOLEIL;2;25.9;0
Saint-Maximin;43.45;5.86;25/09/2026;01:00;16.7;0;SOLEIL;2;7.2;0
Saint-Maximin;43.45;5.86;25/09/2026;02:00;11.5;0;SOLEIL;5;1.8;0
Saint-Maximin;43.45;5.86;25/09/2026;03:00;11.5;0;SOLEIL;5;4.3;0
Saint-Maximin;43.45;5.86;25/09/2026;04:00;11.5;0;SOLEIL;5;5.0;0
Saint-Maximin;43.45;5.86;25/09/2026;05:00;13;2;NUAGEUX;2;5.8;0
Saint-Maximin;43.45;5.86;25/09/2026;06:00;13;2;NUAGEUX;2;5.4;0
Saint-Maximin;43.45;5.86;25/09/2026;07:00;13;2;NUAGEUX;2;4.7;0
Saint-Maximin;43.45;5.86;25/09/2026;08:00;15.1;0;SOLEIL;5;4.3;0
Saint-Maximin;43.45;5.86;25/09/2026;09:00;16.9;0;SOLEIL;5;3.6;0
Saint-Maximin;43.45;5.86;25/09/2026;10:00;18.7;0;SOLEIL;5;8.6;0
Saint-Maximin;43.45;5.86;25/09/2026;11:00;26.6;0;SOLEIL;3;17.3;0
Saint-Maximin;43.45;5.86;25/09/2026;12:00;26.6;0;SOLEIL;3;24.9;0
Saint-Maximin;43.45;5.86;25/09/2026;13:00;26.6;0;SOLEIL;3;29.5;0
Saint-Maximin;43.45;5.86;25/09/2026;14:00;25.8;0;SOLEIL;5;30.8;0
Saint-Maximin;43.45;5.86;25/09/2026;15:00;27.6;0;SOLEIL;5;32.8;0
Saint-Maximin;43.45;5.86;25/09/2026;16:00;25.8;0;SOLEIL;5;35.3;0
Saint-Maximin;43.45;5.86;25/09/2026;17:00;20.9;0;SOLEIL;2;36.7;0
Saint-Maximin;43.45;5.86;25/09/2026;18:00;20.9;0;SOLEIL;2;37.1;0
Saint-Maximin;43.45;5.86;25/09/2026;19:00;20.9;0;SOLEIL;2;36.0;0
Saint-Maximin;43.45;5.86;25/09/2026;20:00;18.7;0;SOLEIL;5;33.5;0
Saint-Maximin;43.45;5.86;25/09/2026;21:00;16.9;0;SOLEIL;5;27.4;0
Saint-Maximin;43.45;5.86;25/09/2026;22:00;15.1;0;SOLEIL;5;19.4;0
Saint-Maximin;43.45;5.86;25/09/2026;23:00;13.4;0;SOLEIL;1;13.3;0
Saint-Maximin;43.45;5.86;26/09/2026;00:00;13.4;0;SOLEIL;1;10.8;0
Saint-Maximin;43.45;5.86;26/09/2026;01:00;13.4;0;SOLEIL;1;10.1;0
Saint-Maximin;43.45;5.86;26/09/2026;02:00;10.6;0;SOLEIL;5;9.4;0
Saint-Maximin;43.45;5.86;26/09/2026;03:00;10.6;0;SOLEIL;5;7.9;0
Saint-Maximin;43.45;5.86;26/09/2026;04:00;10.6;0;SOLEIL;5;6.1;0
Saint-Maximin;43.45;5.86;26/09/2026;05:00;12.1;0;SOLEIL;1;5.4;0
Saint-Maximin;43.45;5.86;26/09/2026;06:00;12.1;0;SOLEIL;1;5.4;0
Saint-Maximin;43.45;5.86;26/09/2026;07:00;12.1;0;SOLEIL;1;6.5;0
Saint-Maximin;43.45;5.86;26/09/2026;08:00;14.6;0;SOLEIL;5;9.4;0
Saint-Maximin;43.45;5.86;26/09/2026;09:00;16.6;0;SOLEIL;5;15.5;0
Saint-Maximin;43.45;5.86;26/09/2026;10:00;18.6;0;SOLEIL;5;23.4;0
Saint-Maximin;43.45;5.86;26/09/2026;11:00;26.9;0;SOLEIL;2;28.8;0
Saint-Maximin;43.45;5.86;26/09/2026;12:00;26.9;0;SOLEIL;2;30.2;0
Saint-Maximin;43.45;5.86;26/09/2026;13:00;26.9;0;SOLEIL;2;29.9;0
Saint-Maximin;43.45;5.86;26/09/2026;14:00;26.5;0;SOLEIL;5;28.1;0
Saint-Maximin;43.45;5.86;26/09/2026;15:00;28.5;0;SOLEIL;5;25.2;0
Saint-Maximin;43.45;5.86;26/09/2026;16:00;26.5;0;SOLEIL;5;21.2;0
Saint-Maximin;43.45;5.86;26/09/2026;17:00;20.7;0;SOLEIL;2;18.4;0
Saint-Maximin;43.45;5.86;26/09/2026;18:00;20.7;0;SOLEIL;2;18.4;0
Saint-Maximin;43.45;5.86;26/09/2026;19:00;20.7;0;SOLEIL;2;19.1;0
Saint-Maximin;43.45;5.86;26/09/2026;20:00;18.6;0;SOLEIL;5;19.1;0
Saint-Maximin;43.45;5.86;26/09/2026;21:00;16.6;0;SOLEIL;5;16.2;0
Saint-Maximin;43.45;5.86;26/09/2026;22:00;14.6;0;SOLEIL;5;12.2;0
Saint-Maximin;43.45;5.86;26/09/2026;23:00;13.1;0;SOLEIL;1;9.0;0
Saint-Tropez;43.27;6.64;22/09/2026;00:00;22.1;0;SOLEIL;2;2.9;0
Saint-Tropez;43.27;6.64;22/09/2026;01:00;21.6;0;SOLEIL;2;4.7;0
Saint-Tropez;43.27;6.64;22/09/2026;02:00;21.4;0;SOLEIL;2;6.8;0
Saint-Tropez;43.27;6.64;22/09/2026;03:00;20.9;0;SOLEIL;2;9.7;0
Saint-Tropez;43.27;6.64;22/09/2026;04:00;20.6;0;SOLEIL;2;9.7;0
Saint-Tropez;43.27;6.64;22/09/2026;05:00;20.4;0;SOLEIL;2;9.4;0
Saint-Tropez;43.27;6.64;22/09/2026;06:00;21.4;0;SOLEIL;2;11.2;0
Saint-Tropez;43.27;6.64;22/09/2026;07:00;22.7;0;SOLEIL;2;10.1;0
Saint-Tropez;43.27;6.64;22/09/2026;08:00;24.5;0;SOLEIL;1;9.7;0
Saint-Tropez;43.27;6.64;22/09/2026;09:00;25.9;0;SOLEIL;3;10.4;0
Saint-Tropez;43.27;6.64;22/09/2026;10:00;26.6;0;SOLEIL;3;9.4;0
Saint-Tropez;43.27;6.64;22/09/2026;11:00;27.6;0;SOLEIL;3;17.3;0
Saint-Tropez;43.27;6.64;22/09/2026;12:00;27.1;0;SOLEIL;3;19.8;0
Saint-Tropez;43.27;6.64;22/09/2026;13:00;27.9;0;SOLEIL;4;22.7;0
Saint-Tropez;43.27;6.64;22/09/2026;14:00;27.3;0;SOLEIL;3;22.7;0
Saint-Tropez;43.27;6.64;22/09/2026;15:00;27.2;0;SOLEIL;3;23.4;0
Saint-Tropez;43.27;6.64;22/09/2026;16:00;26.4;0;SOLEIL;3;23.0;0
Saint-Tropez;43.27;6.64;22/09/2026;17:00;25.4;0;SOLEIL;2;19.4;0
Saint-Tropez;43.27;6.64;22/09/2026;18:00;24.2;0;SOLEIL;2;19.1;0
Saint-Tropez;43.27;6.64;22/09/2026;19:00;23.6;0;SOLEIL;1;18.4;0
Saint-Tropez;43.27;6.64;22/09/2026;20:00;23.1;0;SOLEIL;1;14.4;0
Saint-Tropez;43.27;6.64;22/09/2026;21:00;22.7;0;SOLEIL;1;8.6;0
Saint-Tropez;43.27;6.64;22/09/2026;22:00;22.1;0;SOLEIL;2;7.2;0
Saint-Tropez;43.27;6.64;22/09/2026;23:00;22.1;0;SOLEIL;2;3.2;0
Saint-Tropez;43.27;6.64;23/09/2026;00:00;21.6;0;SOLEIL;2;6.5;0
Saint-Tropez;43.27;6.64;23/09/2026;01:00;21.6;0;SOLEIL;2;7.2;0
Saint-Tropez;43.27;6.64;23/09/2026;02:00;21.7;0;SOLEIL;6;7.9;0
Saint-Tropez;43.27;6.64;23/09/2026;03:00;21.7;0;SOLEIL;6;7.6;0
Saint-Tropez;43.27;6.64;23/09/2026;04:00;21.7;0;SOLEIL;6;9.4;0
Saint-Tropez;43.27;6.64;23/09/2026;05:00;23.5;0;SOLEIL;7;9.4;0
Saint-Tropez;43.27;6.64;23/09/2026;06:00;23.5;0;SOLEIL;7;28.8;0
Saint-Tropez;43.27;6.64;23/09/2026;07:00;23.5;0;SOLEIL;7;27.4;0
Saint-Tropez;43.27;6.64;23/09/2026;08:00;25.7;0;SOLEIL;7;25.9;0
Saint-Tropez;43.27;6.64;23/09/2026;09:00;25.7;0;SOLEIL;7;25.9;0
Saint-Tropez;43.27;6.64;23/09/2026;10:00;25.7;0;SOLEIL;7;28.1;0
Saint-Tropez;43.27;6.64;23/09/2026;11:00;27;0;SOLEIL;5;28.1;0
Saint-Tropez;43.27;6.64;23/09/2026;12:00;27;0;SOLEIL;5;28.4;0
Saint-Tropez;43.27;6.64;23/09/2026;13:00;27;0;SOLEIL;5;29.3;0
Saint-Tropez;43.27;6.64;23/09/2026;14:00;26.9;0;SOLEIL;4;30.8;0
Saint-Tropez;43.27;6.64;23/09/2026;15:00;26.9;0;SOLEIL;4;32.0;0
Saint-Tropez;43.27;6.64;23/09/2026;16:00;26.9;0;SOLEIL;4;28.8;0
Saint-Tropez;43.27;6.64;23/09/2026;17:00;24;0;SOLEIL;2;26.3;0
Saint-Tropez;43.27;6.64;23/09/2026;18:00;24;0;SOLEIL;2;25.6;0
Saint-Tropez;43.27;6.64;23/09/2026;19:00;24;0;SOLEIL;2;22.0;0
Saint-Tropez;43.27;6.64;23/09/2026;20:00;21.7;0;SOLEIL;1;15.8;0
Saint-Tropez;43.27;6.64;23/09/2026;21:00;21.7;0;SOLEIL;1;11.5;0
Saint-Tropez;43.27;6.64;23/09/2026;22:00;21.7;0;SOLEIL;1;9.0;0
Saint-Tropez;43.27;6.64;23/09/2026;23:00;20.1;0;SOLEIL;2;3.2;0
Saint-Tropez;43.27;6.64;24/09/2026;00:00;20.1;0;SOLEIL;2;5.0;0
Saint-Tropez;43.27;6.64;24/09/2026;01:00;20.1;0;SOLEIL;2;4.7;0
Saint-Tropez;43.27;6.64;24/09/2026;02:00;19.4;0;SOLEIL;2;3.2;0
Saint-Tropez;43.27;6.64;24/09/2026;03:00;19.4;0;SOLEIL;2;5.8;0
Saint-Tropez;43.27;6.64;24/09/2026;04:00;19.4;0;SOLEIL;2;7.6;0
Saint-Tropez;43.27;6.64;24/09/2026;05:00;19.1;0;SOLEIL;2;9.0;0
Saint-Tropez;43.27;6.64;24/09/2026;06:00;19.1;0;SOLEIL;2;8.6;0
Saint-Tropez;43.27;6.64;24/09/2026;07:00;19.1;0;SOLEIL;2;10.1;0
Saint-Tropez;43.27;6.64;24/09/2026;08:00;25.1;0;SOLEIL;2;10.1;0
Saint-Tropez;43.27;6.64;24/09/2026;09:00;25.1;0;SOLEIL;2;10.1;0
Saint-Tropez;43.27;6.64;24/09/2026;10:00;25.1;0;SOLEIL;2;16.6;0
Saint-Tropez;43.27;6.64;24/09/2026;11:00;27.6;0;SOLEIL;4;15.8;0
Saint-Tropez;43.27;6.64;24/09/2026;12:00;27.6;0;SOLEIL;4;13.3;0
Saint-Tropez;43.27;6.64;24/09/2026;13:00;27.6;0;SOLEIL;4;13.0;0
Saint-Tropez;43.27;6.64;24/09/2026;14:00;27.1;0;SOLEIL;3;18.4;0
Saint-Tropez;43.27;6.64;24/09/2026;15:00;27.1;0;SOLEIL;3;35.3;0
Saint-Tropez;43.27;6.64;24/09/2026;16:00;27.1;0;SOLEIL;3;35.6;0
Saint-Tropez;43.27;6.64;24/09/2026;17:00;23.5;0;SOLEIL;3;33.5;0
Saint-Tropez;43.27;6.64;24/09/2026;18:00;23.5;0;SOLEIL;3;27.4;0
Saint-Tropez;43.27;6.64;24/09/2026;19:00;23.5;0;SOLEIL;3;24.5;0
Saint-Tropez;43.27;6.64;24/09/2026;20:00;22.4;0;SOLEIL;5;30.6;0
Saint-Tropez;43.27;6.64;24/09/2026;21:00;21.2;0;SOLEIL;5;23.8;0
Saint-Tropez;43.27;6.64;24/09/2026;22:00;20.0;0;SOLEIL;5;12.2;0
Saint-Tropez;43.27;6.64;24/09/2026;23:00;20.2;0;SOLEIL;3;9.7;0
Saint-Tropez;43.27;6.64;25/09/2026;00:00;20.2;0;SOLEIL;3;9.4;0
Saint-Tropez;43.27;6.64;25/09/2026;01:00;20.2;0;SOLEIL;3;8.6;0
Saint-Tropez;43.27;6.64;25/09/2026;02:00;18.1;0;SOLEIL;5;8.3;0
Saint-Tropez;43.27;6.64;25/09/2026;03:00;18.1;0;SOLEIL;5;13.7;0
Saint-Tropez;43.27;6.64;25/09/2026;04:00;18.1;0;SOLEIL;5;14.0;0
Saint-Tropez;43.27;6.64;25/09/2026;05:00;19.9;2;NUAGEUX;8;12.6;0
Saint-Tropez;43.27;6.64;25/09/2026;06:00;19.9;2;NUAGEUX;8;11.5;0
Saint-Tropez;43.27;6.64;25/09/2026;07:00;19.9;2;NUAGEUX;8;10.8;0
Saint-Tropez;43.27;6.64;25/09/2026;08:00;20.2;0;SOLEIL;5;11.9;0
Saint-Tropez;43.27;6.64;25/09/2026;09:00;21.2;0;SOLEIL;5;12.2;0
Saint-Tropez;43.27;6.64;25/09/2026;10:00;22.3;0;SOLEIL;5;18.4;0
Saint-Tropez;43.27;6.64;25/09/2026;11:00;27.1;0;SOLEIL;7;19.1;0
Saint-Tropez;43.27;6.64;25/09/2026;12:00;27.1;0;SOLEIL;7;30.0;0
Saint-Tropez;43.27;6.64;25/09/2026;13:00;27.1;0;SOLEIL;7;38.5;0
Saint-Tropez;43.27;6.64;25/09/2026;14:00;26.5;0;SOLEIL;5;42.3;0
Saint-Tropez;43.27;6.64;25/09/2026;15:00;27.5;0;SOLEIL;5;47.9;0
Saint-Tropez;43.27;6.64;25/09/2026;16:00;26.5;0;SOLEIL;5;46.8;0
Saint-Tropez;43.27;6.64;25/09/2026;17:00;22.1;0;SOLEIL;4;44.6;0
Saint-Tropez;43.27;6.64;25/09/2026;18:00;22.1;0;SOLEIL;4;40.0;0
Saint-Tropez;43.27;6.64;25/09/2026;19:00;22.1;0;SOLEIL;4;34.2;0
Saint-Tropez;43.27;6.64;25/09/2026;20:00;22.3;0;SOLEIL;5;28.1;0
Saint-Tropez;43.27;6.64;25/09/2026;21:00;21.2;0;SOLEIL;5;21.6;0
Saint-Tropez;43.27;6.64;25/09/2026;22:00;20.2;0;SOLEIL;5;14.8;0
Saint-Tropez;43.27;6.64;25/09/2026;23:00;19.1;0;SOLEIL;3;10.1;0
Saint-Tropez;43.27;6.64;26/09/2026;00:00;19.1;0;SOLEIL;3;8.3;0
Saint-Tropez;43.27;6.64;26/09/2026;01:00;19.1;0;SOLEIL;3;8.3;0
Saint-Tropez;43.27;6.64;26/09/2026;02:00;17.2;0;SOLEIL;5;8.6;0
Saint-Tropez;43.27;6.64;26/09/2026;03:00;17.2;0;SOLEIL;5;9.0;0
Saint-Tropez;43.27;6.64;26/09/2026;04:00;17.2;0;SOLEIL;5;9.4;0
Saint-Tropez;43.27;6.64;26/09/2026;05:00;18.4;0;SOLEIL;3;10.1;0
Saint-Tropez;43.27;6.64;26/09/2026;06:00;18.4;0;SOLEIL;3;9.7;0
Saint-Tropez;43.27;6.64;26/09/2026;07:00;18.4;0;SOLEIL;3;9.4;0
Saint-Tropez;43.27;6.64;26/09/2026;08:00;19.7;0;SOLEIL;5;11.5;0
Saint-Tropez;43.27;6.64;26/09/2026;09:00;21.0;0;SOLEIL;5;18.7;0
Saint-Tropez;43.27;6.64;26/09/2026;10:00;22.2;0;SOLEIL;5;28.4;0
Saint-Tropez;43.27;6.64;26/09/2026;11:00;28.2;0;SOLEIL;4;35.6;0
Saint-Tropez;43.27;6.64;26/09/2026;12:00;28.2;0;SOLEIL;4;37.8;0
Saint-Tropez;43.27;6.64;26/09/2026;13:00;28.2;0;SOLEIL;4;37.4;0
Saint-Tropez;43.27;6.64;26/09/2026;14:00;27.2;0;SOLEIL;5;36.7;0
Saint-Tropez;43.27;6.64;26/09/2026;15:00;28.5;0;SOLEIL;5;36.7;0
Saint-Tropez;43.27;6.64;26/09/2026;16:00;27.2;0;SOLEIL;5;36.7;0
Saint-Tropez;43.27;6.64;26/09/2026;17:00;22.4;0;SOLEIL;2;36.0;0
Saint-Tropez;43.27;6.64;26/09/2026;18:00;22.4;0;SOLEIL;2;34.9;0
Saint-Tropez;43.27;6.64;26/09/2026;19:00;22.4;0;SOLEIL;2;33.5;0
Saint-Tropez;43.27;6.64;26/09/2026;20:00;22.2;0;SOLEIL;5;29.9;0
Saint-Tropez;43.27;6.64;26/09/2026;21:00;21.0;0;SOLEIL;5;22.7;0
Saint-Tropez;43.27;6.64;26/09/2026;22:00;19.7;0;SOLEIL;5;13.7;0
Saint-Tropez;43.27;6.64;26/09/2026;23:00;18.6;0;SOLEIL;3;7.6;0
Toulon;43.12;5.93;22/09/2026;00:00;21.4;0;SOLEIL;1;12.6;0
Toulon;43.12;5.93;22/09/2026;01:00;21;0;SOLEIL;1;12.6;0
Toulon;43.12;5.93;22/09/2026;02:00;20.1;0;SOLEIL;1;8.3;0
Toulon;43.12;5.93;22/09/2026;03:00;19.9;0;SOLEIL;1;9.0;0
Toulon;43.12;5.93;22/09/2026;04:00;19.6;0;SOLEIL;1;7.9;0
Toulon;43.12;5.93;22/09/2026;05:00;19.5;0;SOLEIL;1;4.7;0
Toulon;43.12;5.93;22/09/2026;06:00;20.1;0;SOLEIL;1;1.4;0
Toulon;43.12;5.93;22/09/2026;07:00;21.7;0;SOLEIL;1;4.3;0
Toulon;43.12;5.93;22/09/2026;08:00;25.1;0;SOLEIL;1;0.7;0
Toulon;43.12;5.93;22/09/2026;09:00;25.9;0;SOLEIL;2;6.1;0
Toulon;43.12;5.93;22/09/2026;10:00;27;0;SOLEIL;3;9.0;0
Toulon;43.12;5.93;22/09/2026;11:00;27.2;0;SOLEIL;3;13.0;0
Toulon;43.12;5.93;22/09/2026;12:00;27.1;0;SOLEIL;3;27.0;0
Toulon;43.12;5.93;22/09/2026;13:00;26.9;0;SOLEIL;3;29.5;0
Toulon;43.12;5.93;22/09/2026;14:00;27;0;SOLEIL;3;34.6;0
Toulon;43.12;5.93;22/09/2026;15:00;26.5;0;SOLEIL;2;34.2;0
Toulon;43.12;5.93;22/09/2026;16:00;26.1;0;SOLEIL;2;21.6;0
Toulon;43.12;5.93;22/09/2026;17:00;26.1;0;SOLEIL;1;19.1;0
Toulon;43.12;5.93;22/09/2026;18:00;24.2;0;SOLEIL;2;15.8;0
Toulon;43.12;5.93;22/09/2026;19:00;24;0;SOLEIL;2;13.3;0
Toulon;43.12;5.93;22/09/2026;20:00;23.4;0;SOLEIL;0;13.7;0
Toulon;43.12;5.93;22/09/2026;21:00;22.6;0;SOLEIL;1;11.2;0
Toulon;43.12;5.93;22/09/2026;22:00;22.1;0;SOLEIL;2;10.4;0
Toulon;43.12;5.93;22/09/2026;23:00;21.4;0;SOLEIL;2;6.5;0
Toulon;43.12;5.93;23/09/2026;00:00;21.2;0;SOLEIL;2;7.9;0
Toulon;43.12;5.93;23/09/2026;01:00;21.2;0;SOLEIL;2;10.4;0
Toulon;43.12;5.93;23/09/2026;02:00;20.4;0;SOLEIL;5;10.8;0
Toulon;43.12;5.93;23/09/2026;03:00;20.4;0;SOLEIL;5;14.0;0
Toulon;43.12;5.93;23/09/2026;04:00;20.4;0;SOLEIL;5;14.0;0
Toulon;43.12;5.93;23/09/2026;05:00;20.2;0;SOLEIL;6;15.5;0
Toulon;43.12;5.93;23/09/2026;06:00;20.2;0;SOLEIL;6;18.0;0
Toulon;43.12;5.93;23/09/2026;07:00;20.2;0;SOLEIL;6;20.9;0
Toulon;43.12;5.93;23/09/2026;08:00;26.4;0;SOLEIL;7;24.8;0
Toulon;43.12;5.93;23/09/2026;09:00;26.4;0;SOLEIL;7;26.3;0
Toulon;43.12;5.93;23/09/2026;10:00;26.4;0;SOLEIL;7;28.8;0
Toulon;43.12;5.93;23/09/2026;11:00;27.1;0;SOLEIL;6;28.8;0
Toulon;43.12;5.93;23/09/2026;12:00;27.1;0;SOLEIL;6;29.1;0
Toulon;43.12;5.93;23/09/2026;13:00;27.1;0;SOLEIL;6;32.2;0
Toulon;43.12;5.93;23/09/2026;14:00;26.2;0;SOLEIL;4;33.5;0
Toulon;43.12;5.93;23/09/2026;15:00;26.2;0;SOLEIL;4;33.8;0
Toulon;43.12;5.93;23/09/2026;16:00;26.2;0;SOLEIL;4;32.0;0
Toulon;43.12;5.93;23/09/2026;17:00;23.7;0;SOLEIL;3;27.0;0
Toulon;43.12;5.93;23/09/2026;18:00;23.7;0;SOLEIL;3;24.8;0
Toulon;43.12;5.93;23/09/2026;19:00;23.7;0;SOLEIL;3;18.4;0
Toulon;43.12;5.93;23/09/2026;20:00;21.4;0;SOLEIL;2;15.1;0
Toulon;43.12;5.93;23/09/2026;21:00;21.4;0;SOLEIL;2;13.7;0
Toulon;43.12;5.93;23/09/2026;22:00;21.4;0;SOLEIL;2;12.2;0
Toulon;43.12;5.93;23/09/2026;23:00;19.9;0;SOLEIL;2;15.5;0
Toulon;43.12;5.93;24/09/2026;00:00;19.9;0;SOLEIL;2;18.7;0
Toulon;43.12;5.93;24/09/2026;01:00;19.9;0;SOLEIL;2;20.5;0
Toulon;43.12;5.93;24/09/2026;02:00;18.4;0;SOLEIL;2;21.2;0
Toulon;43.12;5.93;24/09/2026;03:00;18.4;0;SOLEIL;2;19.8;0
Toulon;43.12;5.93;24/09/2026;04:00;18.4;0;SOLEIL;2;11.9;0
Toulon;43.12;5.93;24/09/2026;05:00;17.7;0;SOLEIL;2;5.4;0
Toulon;43.12;5.93;24/09/2026;06:00;17.7;0;SOLEIL;2;6.1;0
Toulon;43.12;5.93;24/09/2026;07:00;17.7;0;SOLEIL;2;7.6;0
Toulon;43.12;5.93;24/09/2026;08:00;24.9;0;SOLEIL;5;9.0;0
Toulon;43.12;5.93;24/09/2026;09:00;24.9;0;SOLEIL;5;9.0;0
Toulon;43.12;5.93;24/09/2026;10:00;24.9;0;SOLEIL;5;6.8;0
Toulon;43.12;5.93;24/09/2026;11:00;28.1;0;SOLEIL;6;11.9;0
Toulon;43.12;5.93;24/09/2026;12:00;28.1;0;SOLEIL;6;22.7;0
Toulon;43.12;5.93;24/09/2026;13:00;28.1;0;SOLEIL;6;26.6;0
Toulon;43.12;5.93;24/09/2026;14:00;28.4;0;SOLEIL;8;25.6;0
Toulon;43.12;5.93;24/09/2026;15:00;28.4;0;SOLEIL;8;23.0;0
Toulon;43.12;5.93;24/09/2026;16:00;28.4;0;SOLEIL;8;38.2;0
Toulon;43.12;5.93;24/09/2026;17:00;24.1;0;SOLEIL;7;48.2;0
Toulon;43.12;5.93;24/09/2026;18:00;24.1;0;SOLEIL;7;52.2;0
Toulon;43.12;5.93;24/09/2026;19:00;24.1;0;SOLEIL;7;53.3;0
Toulon;43.12;5.93;24/09/2026;20:00;22.4;0;SOLEIL;5;58.7;0
Toulon;43.12;5.93;24/09/2026;21:00;21.0;0;SOLEIL;5;58.7;0
Toulon;43.12;5.93;24/09/2026;22:00;19.5;0;SOLEIL;5;53.3;0
Toulon;43.12;5.93;24/09/2026;23:00;22.2;0;SOLEIL;2;42.5;0
Toulon;43.12;5.93;25/09/2026;00:00;22.2;0;SOLEIL;2;30.2;0
Toulon;43.12;5.93;25/09/2026;01:00;22.2;0;SOLEIL;2;11.2;0
Toulon;43.12;5.93;25/09/2026;02:00;16.2;0;SOLEIL;5;8.6;0
Toulon;43.12;5.93;25/09/2026;03:00;16.2;0;SOLEIL;5;19.1;0
Toulon;43.12;5.93;25/09/2026;04:00;16.2;0;SOLEIL;5;22.3;0
Toulon;43.12;5.93;25/09/2026;05:00;17.4;2;NUAGEUX;4;18.0;0
Toulon;43.12;5.93;25/09/2026;06:00;17.4;2;NUAGEUX;4;22.3;0
Toulon;43.12;5.93;25/09/2026;07:00;17.4;2;NUAGEUX;4;16.9;0
Toulon;43.12;5.93;25/09/2026;08:00;18.9;0;SOLEIL;5;11.9;0
Toulon;43.12;5.93;25/09/2026;09:00;20.3;0;SOLEIL;5;12.2;0
Toulon;43.12;5.93;25/09/2026;10:00;21.6;0;SOLEIL;5;14.4;0
Toulon;43.12;5.93;25/09/2026;11:00;28.1;0;SOLEIL;8;19.1;0
Toulon;43.12;5.93;25/09/2026;12:00;28.1;0;SOLEIL;8;25.5;0
Toulon;43.12;5.93;25/09/2026;13:00;28.1;0;SOLEIL;8;31.3;0
Toulon;43.12;5.93;25/09/2026;14:00;27.0;0;SOLEIL;5;31.9;0
Toulon;43.12;5.93;25/09/2026;15:00;28.4;0;SOLEIL;5;33.5;0
Toulon;43.12;5.93;25/09/2026;16:00;27.0;0;SOLEIL;5;35.3;0
Toulon;43.12;5.93;25/09/2026;17:00;23;0;SOLEIL;6;36.7;0
Toulon;43.12;5.93;25/09/2026;18:00;23;0;SOLEIL;6;37.4;0
Toulon;43.12;5.93;25/09/2026;19:00;23;0;SOLEIL;6;37.8;0
Toulon;43.12;5.93;25/09/2026;20:00;21.6;0;SOLEIL;5;36.0;0
Toulon;43.12;5.93;25/09/2026;21:00;20.3;0;SOLEIL;5;31.0;0
Toulon;43.12;5.93;25/09/2026;22:00;18.9;0;SOLEIL;5;24.5;0
Toulon;43.12;5.93;25/09/2026;23:00;18.2;0;SOLEIL;4;19.1;0
Toulon;43.12;5.93;26/09/2026;00:00;18.2;0;SOLEIL;4;16.9;0
Toulon;43.12;5.93;26/09/2026;01:00;18.2;0;SOLEIL;4;16.2;0
Toulon;43.12;5.93;26/09/2026;02:00;15.6;0;SOLEIL;5;15.8;0
Toulon;43.12;5.93;26/09/2026;03:00;15.6;0;SOLEIL;5;15.5;0
Toulon;43.12;5.93;26/09/2026;04:00;15.6;0;SOLEIL;5;15.8;0
Toulon;43.12;5.93;26/09/2026;05:00;16.6;0;SOLEIL;4;16.6;0
Toulon;43.12;5.93;26/09/2026;06:00;16.6;0;SOLEIL;4;17.3;0
Toulon;43.12;5.93;26/09/2026;07:00;16.6;0;SOLEIL;4;18.7;0
Toulon;43.12;5.93;26/09/2026;08:00;18.3;0;SOLEIL;5;21.2;0
Toulon;43.12;5.93;26/09/2026;09:00;19.6;0;SOLEIL;5;25.9;0
Toulon;43.12;5.93;26/09/2026;10:00;20.9;0;SOLEIL;5;31.7;0
Toulon;43.12;5.93;26/09/2026;11:00;27.6;0;SOLEIL;5;36.7;0
Toulon;43.12;5.93;26/09/2026;12:00;27.6;0;SOLEIL;5;40.0;0
Toulon;43.12;5.93;26/09/2026;13:00;27.6;0;SOLEIL;5;42.5;0
Toulon;43.12;5.93;26/09/2026;14:00;26.3;0;SOLEIL;5;44.6;0
Toulon;43.12;5.93;26/09/2026;15:00;27.6;0;SOLEIL;5;46.8;0
Toulon;43.12;5.93;26/09/2026;16:00;26.3;0;SOLEIL;5;48.6;0
Toulon;43.12;5.93;26/09/2026;17:00;22.4;0;SOLEIL;5;48.6;0
Toulon;43.12;5.93;26/09/2026;18:00;22.4;0;SOLEIL;5;45.7;0
Toulon;43.12;5.93;26/09/2026;19:00;22.4;0;SOLEIL;5;41.4;0
Toulon;43.12;5.93;26/09/2026;20:00;20.9;0;SOLEIL;5;36.4;0
Toulon;43.12;5.93;26/09/2026;21:00;19.6;0;SOLEIL;5;30.6;0
Toulon;43.12;5.93;26/09/2026;22:00;18.3;0;SOLEIL;5;24.5;0
Toulon;43.12;5.93;26/09/2026;23:00;17.4;0;SOLEIL;3;19.8;0
Avignon;43.94;4.8;22/09/2026;00:00;20.6;5;SOLEIL VOILÉ;8;69.8;0
Avignon;43.94;4.8;22/09/2026;01:00;20.6;0;SOLEIL;8;69.1;0
Avignon;43.94;4.8;22/09/2026;02:00;19.6;0;SOLEIL;8;63.7;0
Avignon;43.94;4.8;22/09/2026;03:00;19.1;0;SOLEIL;7;56.9;0
Avignon;43.94;4.8;22/09/2026;04:00;19;0;SOLEIL;7;56.5;0
Avignon;43.94;4.8;22/09/2026;05:00;18.4;0;SOLEIL;7;56.9;0
Avignon;43.94;4.8;22/09/2026;06:00;18.4;0;SOLEIL;7;58.3;0
Avignon;43.94;4.8;22/09/2026;07:00;19.4;0;SOLEIL;7;58.7;0
Avignon;43.94;4.8;22/09/2026;08:00;20.6;0;SOLEIL;7;58.7;0
Avignon;43.94;4.8;22/09/2026;09:00;22;0;SOLEIL;6;58.0;0
Avignon;43.94;4.8;22/09/2026;10:00;23.6;0;SOLEIL;6;58.0;0
Avignon;43.94;4.8;22/09/2026;11:00;25.1;0;SOLEIL;5;58.0;0
Avignon;43.94;4.8;22/09/2026;12:00;27.1;0;SOLEIL;4;54.7;0
Avignon;43.94;4.8;22/09/2026;13:00;28.2;0;SOLEIL;4;51.8;0
Avignon;43.94;4.8;22/09/2026;14:00;29;0;SOLEIL;4;46.8;0
Avignon;43.94;4.8;22/09/2026;15:00;29;0;SOLEIL;4;42.1;0
Avignon;43.94;4.8;22/09/2026;16:00;27.9;0;SOLEIL;5;38.5;0
Avignon;43.94;4.8;22/09/2026;17:00;27.1;0;SOLEIL;5;36.4;0
Avignon;43.94;4.8;22/09/2026;18:00;24.9;0;SOLEIL;5;33.8;0
Avignon;43.94;4.8;22/09/2026;19:00;23.6;0;SOLEIL;6;33.8;0
Avignon;43.94;4.8;22/09/2026;20:00;23.2;0;SOLEIL;6;29.9;0
Avignon;43.94;4.8;22/09/2026;21:00;23;0;SOLEIL;6;34.6;0
Avignon;43.94;4.8;22/09/2026;22:00;22.6;0;SOLEIL;6;37.1;0
Avignon;43.94;4.8;22/09/2026;23:00;21.7;0;SOLEIL;5;38.9;0
Avignon;43.94;4.8;23/09/2026;00:00;19.6;0;SOLEIL;5;38.5;0
Avignon;43.94;4.8;23/09/2026;01:00;19.6;0;SOLEIL;5;35.3;0
Avignon;43.94;4.8;23/09/2026;02:00;17.2;0;SOLEIL;4;29.5;0
Avignon;43.94;4.8;23/09/2026;03:00;17.2;0;SOLEIL;4;25.6;0
Avignon;43.94;4.8;23/09/2026;04:00;17.2;0;SOLEIL;4;16.9;0
Avignon;43.94;4.8;23/09/2026;05:00;16.1;0;SOLEIL;3;11.5;0
Avignon;43.94;4.8;23/09/2026;06:00;16.1;0;SOLEIL;3;9.7;0
Avignon;43.94;4.8;23/09/2026;07:00;16.1;0;SOLEIL;3;9.0;0
Avignon;43.94;4.8;23/09/2026;08:00;23.1;0;SOLEIL;2;8.3;0
Avignon;43.94;4.8;23/09/2026;09:00;23.1;0;SOLEIL;2;8.3;0
Avignon;43.94;4.8;23/09/2026;10:00;23.1;0;SOLEIL;2;16.6;0
Avignon;43.94;4.8;23/09/2026;11:00;27.4;0;SOLEIL;1;17.3;0
Avignon;43.94;4.8;23/09/2026;12:00;27.4;0;SOLEIL;1;16.9;0
Avignon;43.94;4.8;23/09/2026;13:00;27.4;0;SOLEIL;1;13.0;0
Avignon;43.94;4.8;23/09/2026;14:00;29.5;0;SOLEIL;3;11.2;0
Avignon;43.94;4.8;23/09/2026;15:00;29.5;0;SOLEIL;3;16.6;0
Avignon;43.94;4.8;23/09/2026;16:00;29.5;0;SOLEIL;3;19.8;0
Avignon;43.94;4.8;23/09/2026;17:00;24.9;0;SOLEIL;4;21.2;0
Avignon;43.94;4.8;23/09/2026;18:00;24.9;0;SOLEIL;4;25.2;0
Avignon;43.94;4.8;23/09/2026;19:00;24.9;0;SOLEIL;4;26.3;0
Avignon;43.94;4.8;23/09/2026;20:00;20.7;0;SOLEIL;1;23.4;0
Avignon;43.94;4.8;23/09/2026;21:00;20.7;0;SOLEIL;1;15.5;0
Avignon;43.94;4.8;23/09/2026;22:00;20.7;0;SOLEIL;1;12.6;0
Avignon;43.94;4.8;23/09/2026;23:00;19.1;0;SOLEIL;4;9.0;0
Avignon;43.94;4.8;24/09/2026;00:00;19.1;0;SOLEIL;4;4.3;0
Avignon;43.94;4.8;24/09/2026;01:00;19.1;0;SOLEIL;4;2.5;0
Avignon;43.94;4.8;24/09/2026;02:00;17.5;0;SOLEIL;4;4.0;0
Avignon;43.94;4.8;24/09/2026;03:00;17.5;0;SOLEIL;4;3.6;0
Avignon;43.94;4.8;24/09/2026;04:00;17.5;0;SOLEIL;4;5.4;0
Avignon;43.94;4.8;24/09/2026;05:00;18.1;0;SOLEIL;4;5.4;0
Avignon;43.94;4.8;24/09/2026;06:00;18.1;0;SOLEIL;4;6.5;0
Avignon;43.94;4.8;24/09/2026;07:00;18.1;0;SOLEIL;4;7.2;0
Avignon;43.94;4.8;24/09/2026;08:00;24;0;SOLEIL;6;10.4;0
Avignon;43.94;4.8;24/09/2026;09:00;24;0;SOLEIL;6;19.8;0
Avignon;43.94;4.8;24/09/2026;10:00;24;0;SOLEIL;6;36.7;0
Avignon;43.94;4.8;24/09/2026;11:00;29.4;5;SOLEIL VOILÉ;7;47.5;0
Avignon;43.94;4.8;24/09/2026;12:00;29.4;5;SOLEIL VOILÉ;7;51.5;0
Avignon;43.94;4.8;24/09/2026;13:00;29.4;5;SOLEIL VOILÉ;7;53.3;0
Avignon;43.94;4.8;24/09/2026;14:00;28.9;5;SOLEIL VOILÉ;7;53.3;0
Avignon;43.94;4.8;24/09/2026;15:00;28.9;5;SOLEIL VOILÉ;7;56.5;0
Avignon;43.94;4.8;24/09/2026;16:00;28.9;5;SOLEIL VOILÉ;7;59.8;0
Avignon;43.94;4.8;24/09/2026;17:00;25.2;5;SOLEIL VOILÉ;7;60.5;0
Avignon;43.94;4.8;24/09/2026;18:00;25.2;5;SOLEIL VOILÉ;7;55.8;0
Avignon;43.94;4.8;24/09/2026;19:00;25.2;5;SOLEIL VOILÉ;7;48.2;0
Avignon;43.94;4.8;24/09/2026;20:00;22.7;2;NUAGEUX;5;43.6;0
Avignon;43.94;4.8;24/09/2026;21:00;21.2;2;NUAGEUX;5;45.4;0
Avignon;43.94;4.8;24/09/2026;22:00;19.7;2;NUAGEUX;5;49.7;0
Avignon;43.94;4.8;24/09/2026;23:00;22.7;2;NUAGEUX;8;53.6;0
Avignon;43.94;4.8;25/09/2026;00:00;22.7;2;NUAGEUX;8;55.1;0
Avignon;43.94;4.8;25/09/2026;01:00;22.7;2;NUAGEUX;8;55.8;0
Avignon;43.94;4.8;25/09/2026;02:00;18.6;0;SOLEIL;5;56.2;0
Avignon;43.94;4.8;25/09/2026;03:00;18.6;0;SOLEIL;5;57.2;0
Avignon;43.94;4.8;25/09/2026;04:00;18.6;0;SOLEIL;5;58.3;0
Avignon;43.94;4.8;25/09/2026;05:00;19.5;2;NUAGEUX;7;55.8;0
Avignon;43.94;4.8;25/09/2026;06:00;19.5;2;NUAGEUX;7;47.2;0
Avignon;43.94;4.8;25/09/2026;07:00;19.5;2;NUAGEUX;7;35.3;0
Avignon;43.94;4.8;25/09/2026;08:00;21.0;0;SOLEIL;5;25.9;0
Avignon;43.94;4.8;25/09/2026;09:00;22.3;0;SOLEIL;5;22.3;0
Avignon;43.94;4.8;25/09/2026;10:00;23.5;0;SOLEIL;5;22.0;0
Avignon;43.94;4.8;25/09/2026;11:00;27.4;0;SOLEIL;5;21.2;0
Avignon;43.94;4.8;25/09/2026;12:00;27.4;0;SOLEIL;5;19.1;0
Avignon;43.94;4.8;25/09/2026;13:00;27.4;0;SOLEIL;5;17.3;0
Avignon;43.94;4.8;25/09/2026;14:00;28.4;0;SOLEIL;5;17.3;0
Avignon;43.94;4.8;25/09/2026;15:00;29.6;0;SOLEIL;5;21.6;0
Avignon;43.94;4.8;25/09/2026;16:00;28.4;0;SOLEIL;5;28.4;0
Avignon;43.94;4.8;25/09/2026;17:00;24;0;SOLEIL;4;32.8;0
Avignon;43.94;4.8;25/09/2026;18:00;24;0;SOLEIL;4;33.5;0
Avignon;43.94;4.8;25/09/2026;19:00;24;0;SOLEIL;4;32.0;0
Avignon;43.94;4.8;25/09/2026;20:00;23.5;0;SOLEIL;5;28.4;0
Avignon;43.94;4.8;25/09/2026;21:00;22.3;0;SOLEIL;5;21.2;0
Avignon;43.94;4.8;25/09/2026;22:00;21.0;0;SOLEIL;5;11.5;0
Avignon;43.94;4.8;25/09/2026;23:00;17.4;0;SOLEIL;1;4.7;0
Avignon;43.94;4.8;26/09/2026;00:00;17.4;0;SOLEIL;1;2.5;0
Avignon;43.94;4.8;26/09/2026;01:00;17.4;0;SOLEIL;1;2.9;0
Avignon;43.94;4.8;26/09/2026;02:00;14.2;0;SOLEIL;5;3.2;0
Avignon;43.94;4.8;26/09/2026;03:00;14.2;0;SOLEIL;5;3.2;0
Avignon;43.94;4.8;26/09/2026;04:00;14.2;0;SOLEIL;5;3.6;0
Avignon;43.94;4.8;26/09/2026;05:00;15.6;0;SOLEIL;2;4.0;0
Avignon;43.94;4.8;26/09/2026;06:00;15.6;0;SOLEIL;2;5.0;0
Avignon;43.94;4.8;26/09/2026;07:00;15.6;0;SOLEIL;2;5.6;0
Avignon;43.94;4.8;26/09/2026;08:00;17.5;0;SOLEIL;5;6.1;0
Avignon;43.94;4.8;26/09/2026;09:00;19.1;0;SOLEIL;5;5.0;0
Avignon;43.94;4.8;26/09/2026;10:00;20.8;0;SOLEIL;5;5.4;0
Avignon;43.94;4.8;26/09/2026;11:00;27.1;0;SOLEIL;2;6.8;0
Avignon;43.94;4.8;26/09/2026;12:00;27.1;0;SOLEIL;2;9.4;0
Avignon;43.94;4.8;26/09/2026;13:00;27.1;0;SOLEIL;2;12.6;0
Avignon;43.94;4.8;26/09/2026;14:00;27.4;0;SOLEIL;5;16.6;0
Avignon;43.94;4.8;26/09/2026;15:00;29.0;0;SOLEIL;5;22.0;0
Avignon;43.94;4.8;26/09/2026;16:00;27.4;0;SOLEIL;5;27.7;0
Avignon;43.94;4.8;26/09/2026;17:00;23.1;0;SOLEIL;4;31.7;0
Avignon;43.94;4.8;26/09/2026;18:00;23.1;0;SOLEIL;4;32.8;0
Avignon;43.94;4.8;26/09/2026;19:00;23.1;0;SOLEIL;4;31.7;0
Avignon;43.94;4.8;26/09/2026;20:00;20.8;0;SOLEIL;5;28.8;0
Avignon;43.94;4.8;26/09/2026;21:00;19.1;0;SOLEIL;5;23.4;0
Avignon;43.94;4.8;26/09/2026;22:00;17.5;0;SOLEIL;5;16.6;0
Avignon;43.94;4.8;26/09/2026;23:00;16.9;0;SOLEIL;1;11.2;0
Carpentras;44.05;5.04;22/09/2026;00:00;19.2;0;SOLEIL;4;24.8;0
Carpentras;44.05;5.04;22/09/2026;01:00;18.1;0;SOLEIL;3;22.0;0
Carpentras;44.05;5.04;22/09/2026;02:00;18;0;SOLEIL;3;20.9;0
Carpentras;44.05;5.04;22/09/2026;03:00;15.9;0;SOLEIL;1;14.4;0
Carpentras;44.05;5.04;22/09/2026;04:00;15.1;0;SOLEIL;1;8.3;0
Carpentras;44.05;5.04;22/09/2026;05:00;14.1;0;SOLEIL;1;4.0;0
Carpentras;44.05;5.04;22/09/2026;06:00;15.1;0;SOLEIL;1;5.0;0
Carpentras;44.05;5.04;22/09/2026;07:00;18.7;0;SOLEIL;1;6.5;0
Carpentras;44.05;5.04;22/09/2026;08:00;20.6;0;SOLEIL;0;6.8;0
Carpentras;44.05;5.04;22/09/2026;09:00;23.2;0;SOLEIL;0;7.6;0
Carpentras;44.05;5.04;22/09/2026;10:00;25.9;0;SOLEIL;1;6.8;0
Carpentras;44.05;5.04;22/09/2026;11:00;27.6;0;SOLEIL;2;8.6;0
Carpentras;44.05;5.04;22/09/2026;12:00;28.6;0;SOLEIL;3;10.4;0
Carpentras;44.05;5.04;22/09/2026;13:00;30.1;0;SOLEIL;4;12.6;0
Carpentras;44.05;5.04;22/09/2026;14:00;30.3;0;SOLEIL;4;16.9;0
Carpentras;44.05;5.04;22/09/2026;15:00;30.1;0;SOLEIL;4;19.1;0
Carpentras;44.05;5.04;22/09/2026;16:00;29;0;SOLEIL;5;18.7;0
Carpentras;44.05;5.04;22/09/2026;17:00;28;0;SOLEIL;4;18.7;0
Carpentras;44.05;5.04;22/09/2026;18:00;25.2;0;SOLEIL;3;18.4;0
Carpentras;44.05;5.04;22/09/2026;19:00;23;0;SOLEIL;3;22.7;0
Carpentras;44.05;5.04;22/09/2026;20:00;21.9;0;SOLEIL;3;18.7;0
Carpentras;44.05;5.04;22/09/2026;21:00;21.1;0;SOLEIL;3;11.5;0
Carpentras;44.05;5.04;22/09/2026;22:00;19.7;0;SOLEIL;2;7.2;0
Carpentras;44.05;5.04;22/09/2026;23:00;17.9;0;SOLEIL;2;7.9;0
Carpentras;44.05;5.04;23/09/2026;00:00;17.4;0;SOLEIL;2;7.6;0
Carpentras;44.05;5.04;23/09/2026;01:00;17.4;0;SOLEIL;2;7.9;0
Carpentras;44.05;5.04;23/09/2026;02:00;15;0;SOLEIL;1;8.3;0
Carpentras;44.05;5.04;23/09/2026;03:00;15;0;SOLEIL;1;7.6;0
Carpentras;44.05;5.04;23/09/2026;04:00;15;0;SOLEIL;1;9.0;0
Carpentras;44.05;5.04;23/09/2026;05:00;15.6;0;SOLEIL;0;7.2;0
Carpentras;44.05;5.04;23/09/2026;06:00;15.6;0;SOLEIL;0;7.2;0
Carpentras;44.05;5.04;23/09/2026;07:00;15.6;0;SOLEIL;0;7.2;0
Carpentras;44.05;5.04;23/09/2026;08:00;23.2;0;SOLEIL;1;5.4;0
Carpentras;44.05;5.04;23/09/2026;09:00;23.2;0;SOLEIL;1;4.0;0
Carpentras;44.05;5.04;23/09/2026;10:00;23.2;0;SOLEIL;1;9.4;0
Carpentras;44.05;5.04;23/09/2026;11:00;28.6;0;SOLEIL;2;13.3;0
Carpentras;44.05;5.04;23/09/2026;12:00;28.6;0;SOLEIL;2;16.1;0
Carpentras;44.05;5.04;23/09/2026;13:00;28.6;0;SOLEIL;2;16.6;0
Carpentras;44.05;5.04;23/09/2026;14:00;29.6;0;SOLEIL;3;16.1;0
Carpentras;44.05;5.04;23/09/2026;15:00;29.6;0;SOLEIL;3;18.0;0
Carpentras;44.05;5.04;23/09/2026;16:00;29.6;0;SOLEIL;3;19.8;0
Carpentras;44.05;5.04;23/09/2026;17:00;26.1;0;SOLEIL;4;20.5;0
Carpentras;44.05;5.04;23/09/2026;18:00;26.1;0;SOLEIL;4;20.2;0
Carpentras;44.05;5.04;23/09/2026;19:00;26.1;0;SOLEIL;4;18.7;0
Carpentras;44.05;5.04;23/09/2026;20:00;21.6;0;SOLEIL;1;18.4;0
Carpentras;44.05;5.04;23/09/2026;21:00;21.6;0;SOLEIL;1;14.0;0
Carpentras;44.05;5.04;23/09/2026;22:00;21.6;0;SOLEIL;1;8.3;0
Carpentras;44.05;5.04;23/09/2026;23:00;18.6;0;SOLEIL;1;8.6;0
Carpentras;44.05;5.04;24/09/2026;00:00;18.6;0;SOLEIL;1;9.4;0
Carpentras;44.05;5.04;24/09/2026;01:00;18.6;0;SOLEIL;1;9.4;0
Carpentras;44.05;5.04;24/09/2026;02:00;17.6;0;SOLEIL;3;9.0;0
Carpentras;44.05;5.04;24/09/2026;03:00;17.6;0;SOLEIL;3;7.6;0
Carpentras;44.05;5.04;24/09/2026;04:00;17.6;0;SOLEIL;3;4.7;0
Carpentras;44.05;5.04;24/09/2026;05:00;17.6;0;SOLEIL;3;6.8;0
Carpentras;44.05;5.04;24/09/2026;06:00;17.6;0;SOLEIL;3;6.8;0
Carpentras;44.05;5.04;24/09/2026;07:00;17.6;0;SOLEIL;3;7.9;0
Carpentras;44.05;5.04;24/09/2026;08:00;23.6;0;SOLEIL;4;7.6;0
Carpentras;44.05;5.04;24/09/2026;09:00;23.6;0;SOLEIL;4;7.6;0
Carpentras;44.05;5.04;24/09/2026;10:00;23.6;0;SOLEIL;4;7.6;0
Carpentras;44.05;5.04;24/09/2026;11:00;29.4;5;SOLEIL VOILÉ;7;28.8;0
Carpentras;44.05;5.04;24/09/2026;12:00;29.4;5;SOLEIL VOILÉ;7;47.9;0
Carpentras;44.05;5.04;24/09/2026;13:00;29.4;5;SOLEIL VOILÉ;7;56.9;0
Carpentras;44.05;5.04;24/09/2026;14:00;27;5;SOLEIL VOILÉ;8;59.4;0
Carpentras;44.05;5.04;24/09/2026;15:00;27;5;SOLEIL VOILÉ;8;63.0;0
Carpentras;44.05;5.04;24/09/2026;16:00;27;5;SOLEIL VOILÉ;8;63.0;0
Carpentras;44.05;5.04;24/09/2026;17:00;24.7;5;SOLEIL VOILÉ;8;61.6;0
Carpentras;44.05;5.04;24/09/2026;18:00;24.7;5;SOLEIL VOILÉ;8;58.3;0
Carpentras;44.05;5.04;24/09/2026;19:00;24.7;5;SOLEIL VOILÉ;8;52.9;0
Carpentras;44.05;5.04;24/09/2026;20:00;22.7;2;NUAGEUX;5;46.4;0
Carpentras;44.05;5.04;24/09/2026;21:00;21.3;2;NUAGEUX;5;37.8;0
Carpentras;44.05;5.04;24/09/2026;22:00;19.9;2;NUAGEUX;5;28.1;0
Carpentras;44.05;5.04;24/09/2026;23:00;20.2;2;NUAGEUX;7;20.5;0
Carpentras;44.05;5.04;25/09/2026;00:00;20.2;2;NUAGEUX;7;16.9;0
Carpentras;44.05;5.04;25/09/2026;01:00;20.2;2;NUAGEUX;7;15.1;0
Carpentras;44.05;5.04;25/09/2026;02:00;15.2;0;SOLEIL;5;13.7;0
Carpentras;44.05;5.04;25/09/2026;03:00;15.2;0;SOLEIL;5;11.5;0
Carpentras;44.05;5.04;25/09/2026;04:00;15.2;0;SOLEIL;5;9.4;0
Carpentras;44.05;5.04;25/09/2026;05:00;16.2;2;NUAGEUX;3;7.9;0
Carpentras;44.05;5.04;25/09/2026;06:00;16.2;2;NUAGEUX;3;7.2;0
Carpentras;44.05;5.04;25/09/2026;07:00;16.2;2;NUAGEUX;3;7.2;0
Carpentras;44.05;5.04;25/09/2026;08:00;18.5;0;SOLEIL;5;7.6;0
Carpentras;44.05;5.04;25/09/2026;09:00;20.1;0;SOLEIL;5;7.6;0
Carpentras;44.05;5.04;25/09/2026;10:00;21.8;0;SOLEIL;5;7.6;0
Carpentras;44.05;5.04;25/09/2026;11:00;27.9;0;SOLEIL;3;9.0;0
Carpentras;44.05;5.04;25/09/2026;12:00;27.9;0;SOLEIL;3;13.0;0
Carpentras;44.05;5.04;25/09/2026;13:00;27.9;0;SOLEIL;3;18.4;0
Carpentras;44.05;5.04;25/09/2026;14:00;28.4;0;SOLEIL;5;21.6;0
Carpentras;44.05;5.04;25/09/2026;15:00;30.0;0;SOLEIL;5;20.9;0
Carpentras;44.05;5.04;25/09/2026;16:00;28.4;0;SOLEIL;5;18.7;0
Carpentras;44.05;5.04;25/09/2026;17:00;24.5;0;SOLEIL;4;17.6;0
Carpentras;44.05;5.04;25/09/2026;18:00;24.5;0;SOLEIL;4;20.9;0
Carpentras;44.05;5.04;25/09/2026;19:00;24.5;0;SOLEIL;4;25.6;0
Carpentras;44.05;5.04;25/09/2026;20:00;21.8;0;SOLEIL;5;27.0;0
Carpentras;44.05;5.04;25/09/2026;21:00;20.1;0;SOLEIL;5;21.6;0
Carpentras;44.05;5.04;25/09/2026;22:00;18.5;0;SOLEIL;5;13.0;0
Carpentras;44.05;5.04;25/09/2026;23:00;17;0;SOLEIL;1;6.8;0
Carpentras;44.05;5.04;26/09/2026;00:00;17;0;SOLEIL;1;6.5;0
Carpentras;44.05;5.04;26/09/2026;01:00;17;0;SOLEIL;1;9.0;0
Carpentras;44.05;5.04;26/09/2026;02:00;13.9;0;SOLEIL;5;11.2;0
Carpentras;44.05;5.04;26/09/2026;03:00;13.9;0;SOLEIL;5;11.5;0
Carpentras;44.05;5.04;26/09/2026;04:00;13.9;0;SOLEIL;5;11.2;0
Carpentras;44.05;5.04;26/09/2026;05:00;15.1;0;SOLEIL;1;10.8;0
Carpentras;44.05;5.04;26/09/2026;06:00;15.1;0;SOLEIL;1;9.4;0
Carpentras;44.05;5.04;26/09/2026;07:00;15.1;0;SOLEIL;1;7.9;0
Carpentras;44.05;5.04;26/09/2026;08:00;17.4;0;SOLEIL;5;6.5;0
Carpentras;44.05;5.04;26/09/2026;09:00;19.1;0;SOLEIL;5;5.0;0
Carpentras;44.05;5.04;26/09/2026;10:00;20.9;0;SOLEIL;5;6.1;0
Carpentras;44.05;5.04;26/09/2026;11:00;27.4;0;SOLEIL;1;7.2;0
Carpentras;44.05;5.04;26/09/2026;12:00;27.4;0;SOLEIL;1;8.6;0
Carpentras;44.05;5.04;26/09/2026;13:00;27.4;0;SOLEIL;1;10.4;0
Carpentras;44.05;5.04;26/09/2026;14:00;27.9;0;SOLEIL;5;13.3;0
Carpentras;44.05;5.04;26/09/2026;15:00;29.6;0;SOLEIL;5;18.0;0
Carpentras;44.05;5.04;26/09/2026;16:00;27.9;0;SOLEIL;5;24.1;0
Carpentras;44.05;5.04;26/09/2026;17:00;23.6;0;SOLEIL;3;28.1;0
Carpentras;44.05;5.04;26/09/2026;18:00;23.6;0;SOLEIL;3;29.9;0
Carpentras;44.05;5.04;26/09/2026;19:00;23.6;0;SOLEIL;3;29.9;0
Carpentras;44.05;5.04;26/09/2026;20:00;20.9;0;SOLEIL;5;27.7;0
Carpentras;44.05;5.04;26/09/2026;21:00;19.1;0;SOLEIL;5;22.0;0
Carpentras;44.05;5.04;26/09/2026;22:00;17.4;0;SOLEIL;5;13.7;0
Carpentras;44.05;5.04;26/09/2026;23:00;17.5;0;SOLEIL;1;7.9;0
