Ville;Latitude;Longitude;Date;Heure;temperature_2m;weathercode;Temps_Label;windspeed_10m;wind_gusts_10m;precipitation
Châtillon-sur-Seine;47.86;4.57;19/09/2026;00:00;11.1;0;SOLEIL;2;10.8;0
Châtillon-sur-Seine;47.86;4.57;19/09/2026;01:00;10.5;0;SOLEIL;2;10.8;0
Châtillon-sur-Seine;47.86;4.57;19/09/2026;02:00;10.1;0;SOLEIL;2;9.7;0
Châtillon-sur-Seine;47.86;4.57;19/09/2026;03:00;9.7;0;SOLEIL;2;11.5;0
Châtillon-sur-Seine;47.86;4.57;19/09/2026;04:00;9.5;0;SOLEIL;2;11.5;0
Châtillon-sur-Seine;47.86;4.57;19/09/2026;05:00;9.4;0;SOLEIL;2;11.2;0
Châtillon-sur-Seine;47.86;4.57;19/09/2026;06:00;8.9;0;SOLEIL;2;11.2;0
Châtillon-sur-Seine;47.86;4.57;19/09/2026;07:00;11.6;0;SOLEIL;2;11.2;0
Châtillon-sur-Seine;47.86;4.57;19/09/2026;08:00;15.6;0;SOLEIL;2;11.5;0
Châtillon-sur-Seine;47.86;4.57;19/09/2026;09:00;19.2;0;SOLEIL;1;11.2;0
Châtillon-sur-Seine;47.86;4.57;19/09/2026;10:00;21.3;0;SOLEIL;1;7.6;0
Châtillon-sur-Seine;47.86;4.57;19/09/2026;11:00;22.1;0;SOLEIL;1;9.0;0
Châtillon-sur-Seine;47.86;4.57;19/09/2026;12:00;23.5;5;SOLEIL VOILÉ;1;7.9;0
Châtillon-sur-Seine;47.86;4.57;19/09/2026;13:00;24.8;5;SOLEIL VOILÉ;1;12.6;0
Châtillon-sur-Seine;47.86;4.57;19/09/2026;14:00;25.6;5;SOLEIL VOILÉ;2;14.8;0
Châtillon-sur-Seine;47.86;4.57;19/09/2026;15:00;25.6;5;SOLEIL VOILÉ;2;19.8;0
Châtillon-sur-Seine;47.86;4.57;19/09/2026;16:00;25;5;SOLEIL VOILÉ;2;17.6;0
Châtillon-sur-Seine;47.86;4.57;19/09/2026;17:00;23.9;5;SOLEIL VOILÉ;2;17.3;0
Châtillon-sur-Seine;47.86;4.57;19/09/2026;18:00;21.3;5;SOLEIL VOILÉ;2;16.9;0
Châtillon-sur-Seine;47.86;4.57;19/09/2026;19:00;19.1;5;SOLEIL VOILÉ;1;17.6;0
Châtillon-sur-Seine;47.86;4.57;19/09/2026;20:00;17.6;5;SOLEIL VOILÉ;2;18.0;0
Châtillon-sur-Seine;47.86;4.57;19/09/2026;21:00;15.9;5;SOLEIL VOILÉ;2;9.7;0
Châtillon-sur-Seine;47.86;4.57;19/09/2026;22:00;14.8;5;SOLEIL VOILÉ;2;7.9;0
Châtillon-sur-Seine;47.86;4.57;19/09/2026;23:00;13.9;5;SOLEIL VOILÉ;3;8.3;0
Châtillon-sur-Seine;47.86;4.57;20/09/2026;00:00;12.9;5;SOLEIL VOILÉ;2;9.7;0
Châtillon-sur-Seine;47.86;4.57;20/09/2026;01:00;12.9;5;SOLEIL VOILÉ;2;11.9;0
Châtillon-sur-Seine;47.86;4.57;20/09/2026;02:00;11.4;5;SOLEIL VOILÉ;2;11.9;0
Châtillon-sur-Seine;47.86;4.57;20/09/2026;03:00;11.4;5;SOLEIL VOILÉ;2;12.1;0
Châtillon-sur-Seine;47.86;4.57;20/09/2026;04:00;11.4;5;SOLEIL VOILÉ;2;13.1;0
Châtillon-sur-Seine;47.86;4.57;20/09/2026;05:00;10;5;SOLEIL VOILÉ;2;11.3;0
Châtillon-sur-Seine;47.86;4.57;20/09/2026;06:00;10;5;SOLEIL VOILÉ;2;11.5;0
Châtillon-sur-Seine;47.86;4.57;20/09/2026;07:00;10;5;SOLEIL VOILÉ;2;10.1;0
Châtillon-sur-Seine;47.86;4.57;20/09/2026;08:00;21.5;5;SOLEIL VOILÉ;1;9.4;0
Châtillon-sur-Seine;47.86;4.57;20/09/2026;09:00;21.5;5;SOLEIL VOILÉ;1;9.7;0
Châtillon-sur-Seine;47.86;4.57;20/09/2026;10:00;21.5;5;SOLEIL VOILÉ;1;7.2;0
Châtillon-sur-Seine;47.86;4.57;20/09/2026;11:00;26.1;5;SOLEIL VOILÉ;2;6.8;0
Châtillon-sur-Seine;47.86;4.57;20/09/2026;12:00;26.1;5;SOLEIL VOILÉ;2;5.4;0
Châtillon-sur-Seine;47.86;4.57;20/09/2026;13:00;26.1;5;SOLEIL VOILÉ;2;14.0;0
Châtillon-sur-Seine;47.86;4.57;20/09/2026;14:00;26.7;5;SOLEIL VOILÉ;3;22.7;0
Châtillon-sur-Seine;47.86;4.57;20/09/2026;15:00;26.7;5;SOLEIL VOILÉ;3;24.5;0
Châtillon-sur-Seine;47.86;4.57;20/09/2026;16:00;26.7;5;SOLEIL VOILÉ;3;25.6;0
Châtillon-sur-Seine;47.86;4.57;20/09/2026;17:00;22.7;5;SOLEIL VOILÉ;3;26.3;0
Châtillon-sur-Seine;47.86;4.57;20/09/2026;18:00;22.7;5;SOLEIL VOILÉ;3;24.8;0
Châtillon-sur-Seine;47.86;4.57;20/09/2026;19:00;22.7;5;SOLEIL VOILÉ;3;22.3;0
Châtillon-sur-Seine;47.86;4.57;20/09/2026;20:00;16.7;5;SOLEIL VOILÉ;3;18.4;0
Châtillon-sur-Seine;47.86;4.57;20/09/2026;21:00;16.7;5;SOLEIL VOILÉ;3;16.2;0
Châtillon-sur-Seine;47.86;4.57;20/09/2026;22:00;16.7;5;SOLEIL VOILÉ;3;16.9;0
Châtillon-sur-Seine;47.86;4.57;20/09/2026;23:00;15.5;5;SOLEIL VOILÉ;3;16.2;0
Châtillon-sur-Seine;47.86;4.57;21/09/2026;00:00;15.5;5;SOLEIL VOILÉ;3;12.6;0
Châtillon-sur-Seine;47.86;4.57;21/09/2026;01:00;15.5;5;SOLEIL VOILÉ;3;13.0;0
Châtillon-sur-Seine;47.86;4.57;21/09/2026;02:00;14.4;5;SOLEIL VOILÉ;3;11.2;0
Châtillon-sur-Seine;47.86;4.57;21/09/2026;03:00;14.4;5;SOLEIL VOILÉ;3;10.1;0
Châtillon-sur-Seine;47.86;4.57;21/09/2026;04:00;14.4;5;SOLEIL VOILÉ;3;11.5;0
Châtillon-sur-Seine;47.86;4.57;21/09/2026;05:00;13.7;5;SOLEIL VOILÉ;3;10.8;0
Châtillon-sur-Seine;47.86;4.57;21/09/2026;06:00;13.7;5;SOLEIL VOILÉ;3;11.2;0
Châtillon-sur-Seine;47.86;4.57;21/09/2026;07:00;13.7;5;SOLEIL VOILÉ;3;11.2;0
Châtillon-sur-Seine;47.86;4.57;21/09/2026;08:00;20.4;5;SOLEIL VOILÉ;3;11.5;0
Châtillon-sur-Seine;47.86;4.57;21/09/2026;09:00;20.4;5;SOLEIL VOILÉ;3;15.5;0
Châtillon-sur-Seine;47.86;4.57;21/09/2026;10:00;20.4;5;SOLEIL VOILÉ;3;21.2;0
Châtillon-sur-Seine;47.86;4.57;21/09/2026;11:00;24.7;5;SOLEIL VOILÉ;4;25.6;0
Châtillon-sur-Seine;47.86;4.57;21/09/2026;12:00;24.7;5;SOLEIL VOILÉ;4;27.7;0
Châtillon-sur-Seine;47.86;4.57;21/09/2026;13:00;24.7;5;SOLEIL VOILÉ;4;28.8;0
Châtillon-sur-Seine;47.86;4.57;21/09/2026;14:00;26;0;SOLEIL;4;29.5;0
Châtillon-sur-Seine;47.86;4.57;21/09/2026;15:00;26;0;SOLEIL;4;30.6;0
Châtillon-sur-Seine;47.86;4.57;21/09/2026;16:00;26;0;SOLEIL;4;31.3;0
Châtillon-sur-Seine;47.86;4.57;21/09/2026;17:00;21.5;0;SOLEIL;4;31.0;0
Châtillon-sur-Seine;47.86;4.57;21/09/2026;18:00;21.5;0;SOLEIL;4;29.2;0
Châtillon-sur-Seine;47.86;4.57;21/09/2026;19:00;21.5;0;SOLEIL;4;25.9;0
Châtillon-sur-Seine;47.86;4.57;21/09/2026;20:00;19.1;5;SOLEIL VOILÉ;5;22.7;0
Châtillon-sur-Seine;47.86;4.57;21/09/2026;21:00;17.6;5;SOLEIL VOILÉ;5;18.4;0
Châtillon-sur-Seine;47.86;4.57;21/09/2026;22:00;16.1;5;SOLEIL VOILÉ;5;13.7;0
Châtillon-sur-Seine;47.86;4.57;21/09/2026;23:00;14.2;0;SOLEIL;3;10.8;0
Châtillon-sur-Seine;47.86;4.57;22/09/2026;00:00;14.2;0;SOLEIL;3;11.2;0
Châtillon-sur-Seine;47.86;4.57;22/09/2026;01:00;14.2;0;SOLEIL;3;13.0;0
Châtillon-sur-Seine;47.86;4.57;22/09/2026;02:00;9.6;0;SOLEIL;5;14.4;0
Châtillon-sur-Seine;47.86;4.57;22/09/2026;03:00;9.6;0;SOLEIL;5;14.8;0
Châtillon-sur-Seine;47.86;4.57;22/09/2026;04:00;9.6;0;SOLEIL;5;14.8;0
Châtillon-sur-Seine;47.86;4.57;22/09/2026;05:00;10.5;0;SOLEIL;4;14.4;0
Châtillon-sur-Seine;47.86;4.57;22/09/2026;06:00;10.5;0;SOLEIL;4;13.3;0
Châtillon-sur-Seine;47.86;4.57;22/09/2026;07:00;10.5;0;SOLEIL;4;11.9;0
Châtillon-sur-Seine;47.86;4.57;22/09/2026;08:00;13.0;0;SOLEIL;5;13.0;0
Châtillon-sur-Seine;47.86;4.57;22/09/2026;09:00;14.8;0;SOLEIL;5;18.7;0
Châtillon-sur-Seine;47.86;4.57;22/09/2026;10:00;16.5;0;SOLEIL;5;26.6;0
Châtillon-sur-Seine;47.86;4.57;22/09/2026;11:00;22.6;0;SOLEIL;4;33.1;0
Châtillon-sur-Seine;47.86;4.57;22/09/2026;12:00;22.6;0;SOLEIL;4;36.0;0
Châtillon-sur-Seine;47.86;4.57;22/09/2026;13:00;22.6;0;SOLEIL;4;37.4;0
Châtillon-sur-Seine;47.86;4.57;22/09/2026;14:00;23.4;0;SOLEIL;5;37.8;0
Châtillon-sur-Seine;47.86;4.57;22/09/2026;15:00;25.1;0;SOLEIL;5;37.8;0
Châtillon-sur-Seine;47.86;4.57;22/09/2026;16:00;23.4;0;SOLEIL;5;37.1;0
Châtillon-sur-Seine;47.86;4.57;22/09/2026;17:00;20.4;0;SOLEIL;4;36.4;0
Châtillon-sur-Seine;47.86;4.57;22/09/2026;18:00;20.4;0;SOLEIL;4;36.0;0
Châtillon-sur-Seine;47.86;4.57;22/09/2026;19:00;20.4;0;SOLEIL;4;35.6;0
Châtillon-sur-Seine;47.86;4.57;22/09/2026;20:00;16.5;0;SOLEIL;5;33.5;0
Châtillon-sur-Seine;47.86;4.57;22/09/2026;21:00;14.8;0;SOLEIL;5;28.4;0
Châtillon-sur-Seine;47.86;4.57;22/09/2026;22:00;13.0;0;SOLEIL;5;22.0;0
Châtillon-sur-Seine;47.86;4.57;22/09/2026;23:00;13.1;0;SOLEIL;3;16.9;0
Châtillon-sur-Seine;47.86;4.57;23/09/2026;00:00;13.1;0;SOLEIL;3;16.6;0
Châtillon-sur-Seine;47.86;4.57;23/09/2026;01:00;13.1;0;SOLEIL;3;16.2;0
Châtillon-sur-Seine;47.86;4.57;23/09/2026;02:00;9.7;0;SOLEIL;5;15.3;0
Châtillon-sur-Seine;47.86;4.57;23/09/2026;03:00;9.7;0;SOLEIL;5;15.5;0
Châtillon-sur-Seine;47.86;4.57;23/09/2026;04:00;9.7;0;SOLEIL;5;15.8;0
Châtillon-sur-Seine;47.86;4.57;23/09/2026;05:00;10.7;0;SOLEIL;3;15.8;0
Châtillon-sur-Seine;47.86;4.57;23/09/2026;06:00;10.7;0;SOLEIL;3;14.8;0
Châtillon-sur-Seine;47.86;4.57;23/09/2026;07:00;10.7;0;SOLEIL;3;13.7;0
Châtillon-sur-Seine;47.86;4.57;23/09/2026;08:00;13.1;0;SOLEIL;5;13.3;0
Châtillon-sur-Seine;47.86;4.57;23/09/2026;09:00;14.8;0;SOLEIL;5;15.1;0
Châtillon-sur-Seine;47.86;4.57;23/09/2026;10:00;16.5;0;SOLEIL;5;18.0;0
Châtillon-sur-Seine;47.86;4.57;23/09/2026;11:00;24.4;0;SOLEIL;2;19.8;0
Châtillon-sur-Seine;47.86;4.57;23/09/2026;12:00;24.4;0;SOLEIL;2;19.4;0
Châtillon-sur-Seine;47.86;4.57;23/09/2026;13:00;24.4;0;SOLEIL;2;18.0;0
Châtillon-sur-Seine;47.86;4.57;23/09/2026;14:00;23.4;0;SOLEIL;5;17.3;0
Châtillon-sur-Seine;47.86;4.57;23/09/2026;15:00;25.1;0;SOLEIL;5;18.0;0
Châtillon-sur-Seine;47.86;4.57;23/09/2026;16:00;23.4;0;SOLEIL;5;19.1;0
Châtillon-sur-Seine;47.86;4.57;23/09/2026;17:00;21.4;0;SOLEIL;2;19.8;0
Châtillon-sur-Seine;47.86;4.57;23/09/2026;18:00;21.4;0;SOLEIL;2;18.4;0
Châtillon-sur-Seine;47.86;4.57;23/09/2026;19:00;21.4;0;SOLEIL;2;16.6;0
Châtillon-sur-Seine;47.86;4.57;23/09/2026;20:00;16.5;0;SOLEIL;5;18.4;0
Châtillon-sur-Seine;47.86;4.57;23/09/2026;21:00;14.8;0;SOLEIL;5;27.7;0
Châtillon-sur-Seine;47.86;4.57;23/09/2026;22:00;13.1;0;SOLEIL;5;41.0;0
Châtillon-sur-Seine;47.86;4.57;23/09/2026;23:00;13.7;0;SOLEIL;2;49.7;0
Dijon;47.32;5.04;19/09/2026;00:00;8.9;0;SOLEIL;2;5.8;0
Dijon;47.32;5.04;19/09/2026;01:00;8.1;0;SOLEIL;2;6.1;0
Dijon;47.32;5.04;19/09/2026;02:00;7.3;0;SOLEIL;2;4.7;0
Dijon;47.32;5.04;19/09/2026;03:00;7;0;SOLEIL;2;5.4;0
Dijon;47.32;5.04;19/09/2026;04:00;6.4;0;SOLEIL;1;5.8;0
Dijon;47.32;5.04;19/09/2026;05:00;5.7;0;SOLEIL;1;5.8;0
Dijon;47.32;5.04;19/09/2026;06:00;6.6;0;SOLEIL;1;5.8;0
Dijon;47.32;5.04;19/09/2026;07:00;10.1;0;SOLEIL;1;5.4;0
Dijon;47.32;5.04;19/09/2026;08:00;14.6;0;SOLEIL;1;5.4;0
Dijon;47.32;5.04;19/09/2026;09:00;18.6;0;SOLEIL;2;4.7;0
Dijon;47.32;5.04;19/09/2026;10:00;20.6;5;SOLEIL VOILÉ;2;6.1;0
Dijon;47.32;5.04;19/09/2026;11:00;21.6;5;SOLEIL VOILÉ;3;11.9;0
Dijon;47.32;5.04;19/09/2026;12:00;22.7;5;SOLEIL VOILÉ;3;16.2;0
Dijon;47.32;5.04;19/09/2026;13:00;23.6;5;SOLEIL VOILÉ;3;19.1;0
Dijon;47.32;5.04;19/09/2026;14:00;24.4;5;SOLEIL VOILÉ;3;19.8;0
Dijon;47.32;5.04;19/09/2026;15:00;24.4;5;SOLEIL VOILÉ;3;20.2;0
Dijon;47.32;5.04;19/09/2026;16:00;23.9;5;SOLEIL VOILÉ;3;21.6;0
Dijon;47.32;5.04;19/09/2026;17:00;23.1;5;SOLEIL VOILÉ;2;20.9;0
Dijon;47.32;5.04;19/09/2026;18:00;20.4;5;SOLEIL VOILÉ;2;19.4;0
Dijon;47.32;5.04;19/09/2026;19:00;18.2;5;SOLEIL VOILÉ;1;18.4;0
Dijon;47.32;5.04;19/09/2026;20:00;16.1;5;SOLEIL VOILÉ;1;11.2;0
Dijon;47.32;5.04;19/09/2026;21:00;14.2;5;SOLEIL VOILÉ;1;5.4;0
Dijon;47.32;5.04;19/09/2026;22:00;12.6;5;SOLEIL VOILÉ;1;5.0;0
Dijon;47.32;5.04;19/09/2026;23:00;11.5;5;SOLEIL VOILÉ;1;5.8;0
Dijon;47.32;5.04;20/09/2026;00:00;10.3;5;SOLEIL VOILÉ;2;5.0;0
Dijon;47.32;5.04;20/09/2026;01:00;10.3;5;SOLEIL VOILÉ;2;5.0;0
Dijon;47.32;5.04;20/09/2026;02:00;9.1;5;SOLEIL VOILÉ;2;4.7;0
Dijon;47.32;5.04;20/09/2026;03:00;9.1;5;SOLEIL VOILÉ;2;4.2;0
Dijon;47.32;5.04;20/09/2026;04:00;9.1;5;SOLEIL VOILÉ;2;7.2;0
Dijon;47.32;5.04;20/09/2026;05:00;8.6;5;SOLEIL VOILÉ;2;6.7;0
Dijon;47.32;5.04;20/09/2026;06:00;8.6;5;SOLEIL VOILÉ;2;6.1;0
Dijon;47.32;5.04;20/09/2026;07:00;8.6;5;SOLEIL VOILÉ;2;5.8;0
Dijon;47.32;5.04;20/09/2026;08:00;19.6;5;SOLEIL VOILÉ;2;6.5;0
Dijon;47.32;5.04;20/09/2026;09:00;19.6;5;SOLEIL VOILÉ;2;5.4;0
Dijon;47.32;5.04;20/09/2026;10:00;19.6;5;SOLEIL VOILÉ;2;9.4;0
Dijon;47.32;5.04;20/09/2026;11:00;23.4;5;SOLEIL VOILÉ;3;16.9;0
Dijon;47.32;5.04;20/09/2026;12:00;23.4;5;SOLEIL VOILÉ;3;20.2;0
Dijon;47.32;5.04;20/09/2026;13:00;23.4;5;SOLEIL VOILÉ;3;23.8;0
Dijon;47.32;5.04;20/09/2026;14:00;25.2;5;SOLEIL VOILÉ;3;25.6;0
Dijon;47.32;5.04;20/09/2026;15:00;25.2;5;SOLEIL VOILÉ;3;27.0;0
Dijon;47.32;5.04;20/09/2026;16:00;25.2;5;SOLEIL VOILÉ;3;26.3;0
Dijon;47.32;5.04;20/09/2026;17:00;21.2;5;SOLEIL VOILÉ;3;27.0;0
Dijon;47.32;5.04;20/09/2026;18:00;21.2;5;SOLEIL VOILÉ;3;28.4;0
Dijon;47.32;5.04;20/09/2026;19:00;21.2;5;SOLEIL VOILÉ;3;29.5;0
Dijon;47.32;5.04;20/09/2026;20:00;16;5;SOLEIL VOILÉ;2;25.6;0
Dijon;47.32;5.04;20/09/2026;21:00;16;5;SOLEIL VOILÉ;2;12.2;0
Dijon;47.32;5.04;20/09/2026;22:00;16;5;SOLEIL VOILÉ;2;5.4;0
Dijon;47.32;5.04;20/09/2026;23:00;14.5;5;SOLEIL VOILÉ;2;3.2;0
Dijon;47.32;5.04;21/09/2026;00:00;14.5;5;SOLEIL VOILÉ;2;8.6;0
Dijon;47.32;5.04;21/09/2026;01:00;14.5;5;SOLEIL VOILÉ;2;10.1;0
Dijon;47.32;5.04;21/09/2026;02:00;12;5;SOLEIL VOILÉ;2;10.1;0
Dijon;47.32;5.04;21/09/2026;03:00;12;5;SOLEIL VOILÉ;2;6.1;0
Dijon;47.32;5.04;21/09/2026;04:00;12;5;SOLEIL VOILÉ;2;5.0;0
Dijon;47.32;5.04;21/09/2026;05:00;11.6;5;SOLEIL VOILÉ;2;5.8;0
Dijon;47.32;5.04;21/09/2026;06:00;11.6;5;SOLEIL VOILÉ;2;5.4;0
Dijon;47.32;5.04;21/09/2026;07:00;11.6;5;SOLEIL VOILÉ;2;6.5;0
Dijon;47.32;5.04;21/09/2026;08:00;18.6;5;SOLEIL VOILÉ;2;5.4;0
Dijon;47.32;5.04;21/09/2026;09:00;18.6;5;SOLEIL VOILÉ;2;9.0;0
Dijon;47.32;5.04;21/09/2026;10:00;18.6;5;SOLEIL VOILÉ;2;14.0;0
Dijon;47.32;5.04;21/09/2026;11:00;23.7;5;SOLEIL VOILÉ;3;18.0;0
Dijon;47.32;5.04;21/09/2026;12:00;23.7;5;SOLEIL VOILÉ;3;20.2;0
Dijon;47.32;5.04;21/09/2026;13:00;23.7;5;SOLEIL VOILÉ;3;20.9;0
Dijon;47.32;5.04;21/09/2026;14:00;22.7;0;SOLEIL;4;22.0;0
Dijon;47.32;5.04;21/09/2026;15:00;22.7;0;SOLEIL;4;23.4;0
Dijon;47.32;5.04;21/09/2026;16:00;22.7;0;SOLEIL;4;24.8;0
Dijon;47.32;5.04;21/09/2026;17:00;20.7;0;SOLEIL;3;25.2;0
Dijon;47.32;5.04;21/09/2026;18:00;20.7;0;SOLEIL;3;24.5;0
Dijon;47.32;5.04;21/09/2026;19:00;20.7;0;SOLEIL;3;23.0;0
Dijon;47.32;5.04;21/09/2026;20:00;16.8;5;SOLEIL VOILÉ;5;20.5;0
Dijon;47.32;5.04;21/09/2026;21:00;15.3;5;SOLEIL VOILÉ;5;15.8;0
Dijon;47.32;5.04;21/09/2026;22:00;13.9;5;SOLEIL VOILÉ;5;10.1;0
Dijon;47.32;5.04;21/09/2026;23:00;10.2;0;SOLEIL;3;5.8;0
Dijon;47.32;5.04;22/09/2026;00:00;10.2;0;SOLEIL;3;4.0;0
Dijon;47.32;5.04;22/09/2026;01:00;10.2;0;SOLEIL;3;3.2;0
Dijon;47.32;5.04;22/09/2026;02:00;7.2;0;SOLEIL;5;3.2;0
Dijon;47.32;5.04;22/09/2026;03:00;7.2;0;SOLEIL;5;3.2;0
Dijon;47.32;5.04;22/09/2026;04:00;7.2;0;SOLEIL;5;3.2;0
Dijon;47.32;5.04;22/09/2026;05:00;8.5;0;SOLEIL;3;3.6;0
Dijon;47.32;5.04;22/09/2026;06:00;8.5;0;SOLEIL;3;3.2;0
Dijon;47.32;5.04;22/09/2026;07:00;8.5;0;SOLEIL;3;2.9;0
Dijon;47.32;5.04;22/09/2026;08:00;11.1;0;SOLEIL;5;4.3;0
Dijon;47.32;5.04;22/09/2026;09:00;13.1;0;SOLEIL;5;9.4;0
Dijon;47.32;5.04;22/09/2026;10:00;15.1;0;SOLEIL;5;16.6;0
Dijon;47.32;5.04;22/09/2026;11:00;22.1;0;SOLEIL;4;22.3;0
Dijon;47.32;5.04;22/09/2026;12:00;22.1;0;SOLEIL;4;25.2;0
Dijon;47.32;5.04;22/09/2026;13:00;22.1;0;SOLEIL;4;26.6;0
Dijon;47.32;5.04;22/09/2026;14:00;22.9;0;SOLEIL;5;27.7;0
Dijon;47.32;5.04;22/09/2026;15:00;24.9;0;SOLEIL;5;28.8;0
Dijon;47.32;5.04;22/09/2026;16:00;22.9;0;SOLEIL;5;29.2;0
Dijon;47.32;5.04;22/09/2026;17:00;20.1;0;SOLEIL;3;29.2;0
Dijon;47.32;5.04;22/09/2026;18:00;20.1;0;SOLEIL;3;28.1;0
Dijon;47.32;5.04;22/09/2026;19:00;20.1;0;SOLEIL;3;26.6;0
Dijon;47.32;5.04;22/09/2026;20:00;15.1;0;SOLEIL;5;23.8;0
Dijon;47.32;5.04;22/09/2026;21:00;13.1;0;SOLEIL;5;18.7;0
Dijon;47.32;5.04;22/09/2026;22:00;11.1;0;SOLEIL;5;13.0;0
Dijon;47.32;5.04;22/09/2026;23:00;11.4;0;SOLEIL;3;8.3;0
Dijon;47.32;5.04;23/09/2026;00:00;11.4;0;SOLEIL;3;6.7;0
Dijon;47.32;5.04;23/09/2026;01:00;11.4;0;SOLEIL;3;6.5;0
Dijon;47.32;5.04;23/09/2026;02:00;8.6;0;SOLEIL;5;6.8;0
Dijon;47.32;5.04;23/09/2026;03:00;8.6;0;SOLEIL;5;6.5;0
Dijon;47.32;5.04;23/09/2026;04:00;8.6;0;SOLEIL;5;5.8;0
Dijon;47.32;5.04;23/09/2026;05:00;10.1;0;SOLEIL;3;5.4;0
Dijon;47.32;5.04;23/09/2026;06:00;10.1;0;SOLEIL;3;5.4;0
Dijon;47.32;5.04;23/09/2026;07:00;10.1;0;SOLEIL;3;5.8;0
Dijon;47.32;5.04;23/09/2026;08:00;12.4;0;SOLEIL;5;6.5;0
Dijon;47.32;5.04;23/09/2026;09:00;14.3;0;SOLEIL;5;7.9;0
Dijon;47.32;5.04;23/09/2026;10:00;16.2;0;SOLEIL;5;10.1;0
Dijon;47.32;5.04;23/09/2026;11:00;24.7;0;SOLEIL;3;11.9;0
Dijon;47.32;5.04;23/09/2026;12:00;24.7;0;SOLEIL;3;13.0;0
Dijon;47.32;5.04;23/09/2026;13:00;24.7;0;SOLEIL;3;13.7;0
Dijon;47.32;5.04;23/09/2026;14:00;23.7;0;SOLEIL;5;14.4;0
Dijon;47.32;5.04;23/09/2026;15:00;25.6;0;SOLEIL;5;15.8;0
Dijon;47.32;5.04;23/09/2026;16:00;23.7;0;SOLEIL;5;17.6;0
Dijon;47.32;5.04;23/09/2026;17:00;22;0;SOLEIL;2;18.7;0
Dijon;47.32;5.04;23/09/2026;18:00;22;0;SOLEIL;2;17.6;0
Dijon;47.32;5.04;23/09/2026;19:00;22;0;SOLEIL;2;15.8;0
Dijon;47.32;5.04;23/09/2026;20:00;16.2;0;SOLEIL;5;17.3;0
Dijon;47.32;5.04;23/09/2026;21:00;14.3;0;SOLEIL;5;25.9;0
Dijon;47.32;5.04;23/09/2026;22:00;12.4;0;SOLEIL;5;38.2;0
Dijon;47.32;5.04;23/09/2026;23:00;12.7;0;SOLEIL;3;45.4;0
Pouilly-en-Auxois;47.25;4.55;19/09/2026;00:00;9.6;0;SOLEIL;0;5.8;0
Pouilly-en-Auxois;47.25;4.55;19/09/2026;01:00;8.9;0;SOLEIL;0;4.0;0
Pouilly-en-Auxois;47.25;4.55;19/09/2026;02:00;9.1;0;SOLEIL;1;2.5;0
Pouilly-en-Auxois;47.25;4.55;19/09/2026;03:00;8.4;0;SOLEIL;1;1.4;0
Pouilly-en-Auxois;47.25;4.55;19/09/2026;04:00;8.2;0;SOLEIL;1;1.8;0
Pouilly-en-Auxois;47.25;4.55;19/09/2026;05:00;7.5;0;SOLEIL;1;2.2;0
Pouilly-en-Auxois;47.25;4.55;19/09/2026;06:00;8.4;0;SOLEIL;1;1.1;0
Pouilly-en-Auxois;47.25;4.55;19/09/2026;07:00;10.5;0;SOLEIL;1;2.9;0
Pouilly-en-Auxois;47.25;4.55;19/09/2026;08:00;14.4;0;SOLEIL;1;2.5;0
Pouilly-en-Auxois;47.25;4.55;19/09/2026;09:00;18.4;0;SOLEIL;1;1.8;0
Pouilly-en-Auxois;47.25;4.55;19/09/2026;10:00;20.5;0;SOLEIL;2;3.6;0
Pouilly-en-Auxois;47.25;4.55;19/09/2026;11:00;20.7;0;SOLEIL;2;7.2;0
Pouilly-en-Auxois;47.25;4.55;19/09/2026;12:00;21.8;5;SOLEIL VOILÉ;2;9.0;0
Pouilly-en-Auxois;47.25;4.55;19/09/2026;13:00;22.9;5;SOLEIL VOILÉ;2;10.4;0
Pouilly-en-Auxois;47.25;4.55;19/09/2026;14:00;23.9;5;SOLEIL VOILÉ;2;13.3;0
Pouilly-en-Auxois;47.25;4.55;19/09/2026;15:00;24.2;5;SOLEIL VOILÉ;2;13.3;0
Pouilly-en-Auxois;47.25;4.55;19/09/2026;16:00;24.3;5;SOLEIL VOILÉ;2;13.0;0
Pouilly-en-Auxois;47.25;4.55;19/09/2026;17:00;23;5;SOLEIL VOILÉ;3;12.2;0
Pouilly-en-Auxois;47.25;4.55;19/09/2026;18:00;20.6;5;SOLEIL VOILÉ;2;6.8;0
Pouilly-en-Auxois;47.25;4.55;19/09/2026;19:00;18.2;5;SOLEIL VOILÉ;1;9.0;0
Pouilly-en-Auxois;47.25;4.55;19/09/2026;20:00;16.5;5;SOLEIL VOILÉ;1;13.3;0
Pouilly-en-Auxois;47.25;4.55;19/09/2026;21:00;15.1;5;SOLEIL VOILÉ;1;12.6;0
Pouilly-en-Auxois;47.25;4.55;19/09/2026;22:00;13.9;5;SOLEIL VOILÉ;0;10.8;0
Pouilly-en-Auxois;47.25;4.55;19/09/2026;23:00;13.1;5;SOLEIL VOILÉ;0;5.8;0
Pouilly-en-Auxois;47.25;4.55;20/09/2026;00:00;12.6;5;SOLEIL VOILÉ;0;1.8;0
Pouilly-en-Auxois;47.25;4.55;20/09/2026;01:00;12.6;5;SOLEIL VOILÉ;0;1.4;0
Pouilly-en-Auxois;47.25;4.55;20/09/2026;02:00;10.1;5;SOLEIL VOILÉ;0;1.4;0
Pouilly-en-Auxois;47.25;4.55;20/09/2026;03:00;10.1;5;SOLEIL VOILÉ;0;7.1;0
Pouilly-en-Auxois;47.25;4.55;20/09/2026;04:00;10.1;5;SOLEIL VOILÉ;0;10.3;0
Pouilly-en-Auxois;47.25;4.55;20/09/2026;05:00;10.7;5;SOLEIL VOILÉ;0;6.6;0
Pouilly-en-Auxois;47.25;4.55;20/09/2026;06:00;10.7;5;SOLEIL VOILÉ;0;9.4;0
Pouilly-en-Auxois;47.25;4.55;20/09/2026;07:00;10.7;5;SOLEIL VOILÉ;0;6.5;0
Pouilly-en-Auxois;47.25;4.55;20/09/2026;08:00;20.6;5;SOLEIL VOILÉ;2;4.7;0
Pouilly-en-Auxois;47.25;4.55;20/09/2026;09:00;20.6;5;SOLEIL VOILÉ;2;2.9;0
Pouilly-en-Auxois;47.25;4.55;20/09/2026;10:00;20.6;5;SOLEIL VOILÉ;2;5.0;0
Pouilly-en-Auxois;47.25;4.55;20/09/2026;11:00;24.6;5;SOLEIL VOILÉ;3;11.9;0
Pouilly-en-Auxois;47.25;4.55;20/09/2026;12:00;24.6;5;SOLEIL VOILÉ;3;17.6;0
Pouilly-en-Auxois;47.25;4.55;20/09/2026;13:00;24.6;5;SOLEIL VOILÉ;3;21.2;0
Pouilly-en-Auxois;47.25;4.55;20/09/2026;14:00;25.1;5;SOLEIL VOILÉ;3;24.1;0
Pouilly-en-Auxois;47.25;4.55;20/09/2026;15:00;25.1;5;SOLEIL VOILÉ;3;28.4;0
Pouilly-en-Auxois;47.25;4.55;20/09/2026;16:00;25.1;5;SOLEIL VOILÉ;3;30.2;0
Pouilly-en-Auxois;47.25;4.55;20/09/2026;17:00;21.2;5;SOLEIL VOILÉ;3;31.0;0
Pouilly-en-Auxois;47.25;4.55;20/09/2026;18:00;21.2;5;SOLEIL VOILÉ;3;29.2;0
Pouilly-en-Auxois;47.25;4.55;20/09/2026;19:00;21.2;5;SOLEIL VOILÉ;3;27.4;0
Pouilly-en-Auxois;47.25;4.55;20/09/2026;20:00;16.6;5;SOLEIL VOILÉ;3;20.9;0
Pouilly-en-Auxois;47.25;4.55;20/09/2026;21:00;16.6;5;SOLEIL VOILÉ;3;14.0;0
Pouilly-en-Auxois;47.25;4.55;20/09/2026;22:00;16.6;5;SOLEIL VOILÉ;3;15.5;0
Pouilly-en-Auxois;47.25;4.55;20/09/2026;23:00;14.7;5;SOLEIL VOILÉ;2;14.0;0
Pouilly-en-Auxois;47.25;4.55;21/09/2026;00:00;14.7;5;SOLEIL VOILÉ;2;11.5;0
Pouilly-en-Auxois;47.25;4.55;21/09/2026;01:00;14.7;5;SOLEIL VOILÉ;2;12.2;0
Pouilly-en-Auxois;47.25;4.55;21/09/2026;02:00;13.4;5;SOLEIL VOILÉ;2;12.2;0
Pouilly-en-Auxois;47.25;4.55;21/09/2026;03:00;13.4;5;SOLEIL VOILÉ;2;9.7;0
Pouilly-en-Auxois;47.25;4.55;21/09/2026;04:00;13.4;5;SOLEIL VOILÉ;2;8.3;0
Pouilly-en-Auxois;47.25;4.55;21/09/2026;05:00;13.6;5;SOLEIL VOILÉ;2;7.6;0
Pouilly-en-Auxois;47.25;4.55;21/09/2026;06:00;13.6;5;SOLEIL VOILÉ;2;8.3;0
Pouilly-en-Auxois;47.25;4.55;21/09/2026;07:00;13.6;5;SOLEIL VOILÉ;2;8.6;0
Pouilly-en-Auxois;47.25;4.55;21/09/2026;08:00;18.6;5;SOLEIL VOILÉ;3;10.4;0
Pouilly-en-Auxois;47.25;4.55;21/09/2026;09:00;18.6;5;SOLEIL VOILÉ;3;12.6;0
Pouilly-en-Auxois;47.25;4.55;21/09/2026;10:00;18.6;5;SOLEIL VOILÉ;3;15.1;0
Pouilly-en-Auxois;47.25;4.55;21/09/2026;11:00;23.2;5;SOLEIL VOILÉ;4;18.0;0
Pouilly-en-Auxois;47.25;4.55;21/09/2026;12:00;23.2;5;SOLEIL VOILÉ;4;20.5;0
Pouilly-en-Auxois;47.25;4.55;21/09/2026;13:00;23.2;5;SOLEIL VOILÉ;4;23.4;0
Pouilly-en-Auxois;47.25;4.55;21/09/2026;14:00;23.9;0;SOLEIL;4;25.9;0
Pouilly-en-Auxois;47.25;4.55;21/09/2026;15:00;23.9;0;SOLEIL;4;28.8;0
Pouilly-en-Auxois;47.25;4.55;21/09/2026;16:00;23.9;0;SOLEIL;4;31.3;0
Pouilly-en-Auxois;47.25;4.55;21/09/2026;17:00;21;0;SOLEIL;4;32.4;0
Pouilly-en-Auxois;47.25;4.55;21/09/2026;18:00;21;0;SOLEIL;4;31.0;0
Pouilly-en-Auxois;47.25;4.55;21/09/2026;19:00;21;0;SOLEIL;4;27.7;0
Pouilly-en-Auxois;47.25;4.55;21/09/2026;20:00;18.1;5;SOLEIL VOILÉ;5;24.5;0
Pouilly-en-Auxois;47.25;4.55;21/09/2026;21:00;16.8;5;SOLEIL VOILÉ;5;21.6;0
Pouilly-en-Auxois;47.25;4.55;21/09/2026;22:00;15.5;5;SOLEIL VOILÉ;5;18.4;0
Pouilly-en-Auxois;47.25;4.55;21/09/2026;23:00;13.1;0;SOLEIL;3;15.8;0
Pouilly-en-Auxois;47.25;4.55;22/09/2026;00:00;13.1;0;SOLEIL;3;13.7;0
Pouilly-en-Auxois;47.25;4.55;22/09/2026;01:00;13.1;0;SOLEIL;3;11.9;0
Pouilly-en-Auxois;47.25;4.55;22/09/2026;02:00;9.1;0;SOLEIL;5;10.8;0
Pouilly-en-Auxois;47.25;4.55;22/09/2026;03:00;9.1;0;SOLEIL;5;10.8;0
Pouilly-en-Auxois;47.25;4.55;22/09/2026;04:00;9.1;0;SOLEIL;5;11.5;0
Pouilly-en-Auxois;47.25;4.55;22/09/2026;05:00;10.4;0;SOLEIL;3;11.9;0
Pouilly-en-Auxois;47.25;4.55;22/09/2026;06:00;10.4;0;SOLEIL;3;11.2;0
Pouilly-en-Auxois;47.25;4.55;22/09/2026;07:00;10.4;0;SOLEIL;3;10.1;0
Pouilly-en-Auxois;47.25;4.55;22/09/2026;08:00;12.6;0;SOLEIL;5;10.8;0
Pouilly-en-Auxois;47.25;4.55;22/09/2026;09:00;14.4;0;SOLEIL;5;15.1;0
Pouilly-en-Auxois;47.25;4.55;22/09/2026;10:00;16.1;0;SOLEIL;5;21.6;0
Pouilly-en-Auxois;47.25;4.55;22/09/2026;11:00;22.9;0;SOLEIL;4;26.6;0
Pouilly-en-Auxois;47.25;4.55;22/09/2026;12:00;22.9;0;SOLEIL;4;29.5;0
Pouilly-en-Auxois;47.25;4.55;22/09/2026;13:00;22.9;0;SOLEIL;4;31.7;0
Pouilly-en-Auxois;47.25;4.55;22/09/2026;14:00;23.1;0;SOLEIL;5;32.8;0
Pouilly-en-Auxois;47.25;4.55;22/09/2026;15:00;24.9;0;SOLEIL;5;32.8;0
Pouilly-en-Auxois;47.25;4.55;22/09/2026;16:00;23.1;0;SOLEIL;5;32.4;0
Pouilly-en-Auxois;47.25;4.55;22/09/2026;17:00;20.1;0;SOLEIL;4;31.3;0
Pouilly-en-Auxois;47.25;4.55;22/09/2026;18:00;20.1;0;SOLEIL;4;30.6;0
Pouilly-en-Auxois;47.25;4.55;22/09/2026;19:00;20.1;0;SOLEIL;4;29.5;0
Pouilly-en-Auxois;47.25;4.55;22/09/2026;20:00;16.1;0;SOLEIL;5;27.4;0
Pouilly-en-Auxois;47.25;4.55;22/09/2026;21:00;14.4;0;SOLEIL;5;23.0;0
Pouilly-en-Auxois;47.25;4.55;22/09/2026;22:00;12.6;0;SOLEIL;5;18.0;0
Pouilly-en-Auxois;47.25;4.55;22/09/2026;23:00;13;0;SOLEIL;3;13.7;0
Pouilly-en-Auxois;47.25;4.55;23/09/2026;00:00;13;0;SOLEIL;3;10.6;0
Pouilly-en-Auxois;47.25;4.55;23/09/2026;01:00;13;0;SOLEIL;3;8.5;0
Pouilly-en-Auxois;47.25;4.55;23/09/2026;02:00;9.6;0;SOLEIL;5;6.9;0
Pouilly-en-Auxois;47.25;4.55;23/09/2026;03:00;9.6;0;SOLEIL;5;5.8;0
Pouilly-en-Auxois;47.25;4.55;23/09/2026;04:00;9.6;0;SOLEIL;5;5.4;0
Pouilly-en-Auxois;47.25;4.55;23/09/2026;05:00;10.9;0;SOLEIL;3;5.0;0
Pouilly-en-Auxois;47.25;4.55;23/09/2026;06:00;10.9;0;SOLEIL;3;4.3;0
Pouilly-en-Auxois;47.25;4.55;23/09/2026;07:00;10.9;0;SOLEIL;3;3.6;0
Pouilly-en-Auxois;47.25;4.55;23/09/2026;08:00;12.9;0;SOLEIL;5;3.6;0
Pouilly-en-Auxois;47.25;4.55;23/09/2026;09:00;14.6;0;SOLEIL;5;5.4;0
Pouilly-en-Auxois;47.25;4.55;23/09/2026;10:00;16.3;0;SOLEIL;5;7.9;0
Pouilly-en-Auxois;47.25;4.55;23/09/2026;11:00;24.1;0;SOLEIL;2;10.4;0
Pouilly-en-Auxois;47.25;4.55;23/09/2026;12:00;24.1;0;SOLEIL;2;12.2;0
Pouilly-en-Auxois;47.25;4.55;23/09/2026;13:00;24.1;0;SOLEIL;2;13.7;0
Pouilly-en-Auxois;47.25;4.55;23/09/2026;14:00;22.9;0;SOLEIL;5;15.5;0
Pouilly-en-Auxois;47.25;4.55;23/09/2026;15:00;24.6;0;SOLEIL;5;17.6;0
Pouilly-en-Auxois;47.25;4.55;23/09/2026;16:00;22.9;0;SOLEIL;5;20.2;0
Pouilly-en-Auxois;47.25;4.55;23/09/2026;17:00;20.6;0;SOLEIL;2;21.6;0
Pouilly-en-Auxois;47.25;4.55;23/09/2026;18:00;20.6;0;SOLEIL;2;20.9;0
Pouilly-en-Auxois;47.25;4.55;23/09/2026;19:00;20.6;0;SOLEIL;2;19.4;0
Pouilly-en-Auxois;47.25;4.55;23/09/2026;20:00;16.3;0;SOLEIL;5;20.2;0
Pouilly-en-Auxois;47.25;4.55;23/09/2026;21:00;14.6;0;SOLEIL;5;25.2;0
Pouilly-en-Auxois;47.25;4.55;23/09/2026;22:00;12.9;0;SOLEIL;5;32.0;0
Pouilly-en-Auxois;47.25;4.55;23/09/2026;23:00;14;0;SOLEIL;2;37.1;0
Besançon;47.23;6.02;19/09/2026;00:00;12.1;0;SOLEIL;1;12.2;0
Besançon;47.23;6.02;19/09/2026;01:00;11.5;0;SOLEIL;1;13.0;0
Besançon;47.23;6.02;19/09/2026;02:00;10.7;0;SOLEIL;1;13.3;0
Besançon;47.23;6.02;19/09/2026;03:00;10.6;0;SOLEIL;1;13.3;0
Besançon;47.23;6.02;19/09/2026;04:00;10.4;0;SOLEIL;1;13.0;0
Besançon;47.23;6.02;19/09/2026;05:00;10;0;SOLEIL;1;13.0;0
Besançon;47.23;6.02;19/09/2026;06:00;10.4;0;SOLEIL;1;13.0;0
Besançon;47.23;6.02;19/09/2026;07:00;12.1;0;SOLEIL;1;13.0;0
Besançon;47.23;6.02;19/09/2026;08:00;15.7;0;SOLEIL;1;12.6;0
Besançon;47.23;6.02;19/09/2026;09:00;19.1;0;SOLEIL;1;11.5;0
Besançon;47.23;6.02;19/09/2026;10:00;20;0;SOLEIL;2;6.5;0
Besançon;47.23;6.02;19/09/2026;11:00;21.1;0;SOLEIL;2;8.3;0
Besançon;47.23;6.02;19/09/2026;12:00;22.5;0;SOLEIL;2;10.4;0
Besançon;47.23;6.02;19/09/2026;13:00;23.8;0;SOLEIL;2;12.6;0
Besançon;47.23;6.02;19/09/2026;14:00;24.7;5;SOLEIL VOILÉ;2;13.7;0
Besançon;47.23;6.02;19/09/2026;15:00;24.6;5;SOLEIL VOILÉ;2;14.4;0
Besançon;47.23;6.02;19/09/2026;16:00;23.6;5;SOLEIL VOILÉ;2;18.4;0
Besançon;47.23;6.02;19/09/2026;17:00;21.7;5;SOLEIL VOILÉ;2;18.4;0
Besançon;47.23;6.02;19/09/2026;18:00;19;5;SOLEIL VOILÉ;1;14.8;0
Besançon;47.23;6.02;19/09/2026;19:00;16.6;5;SOLEIL VOILÉ;1;11.2;0
Besançon;47.23;6.02;19/09/2026;20:00;15.4;5;SOLEIL VOILÉ;2;7.9;0
Besançon;47.23;6.02;19/09/2026;21:00;14.6;5;SOLEIL VOILÉ;2;14.4;0
Besançon;47.23;6.02;19/09/2026;22:00;13.5;5;SOLEIL VOILÉ;2;14.8;0
Besançon;47.23;6.02;19/09/2026;23:00;12.2;0;SOLEIL;2;13.7;0
Besançon;47.23;6.02;20/09/2026;00:00;11.6;5;SOLEIL VOILÉ;3;10.1;0
Besançon;47.23;6.02;20/09/2026;01:00;11.6;5;SOLEIL VOILÉ;3;9.7;0
Besançon;47.23;6.02;20/09/2026;02:00;10.6;5;SOLEIL VOILÉ;2;11.2;0
Besançon;47.23;6.02;20/09/2026;03:00;10.6;5;SOLEIL VOILÉ;2;12.3;0
Besançon;47.23;6.02;20/09/2026;04:00;10.6;5;SOLEIL VOILÉ;2;11.7;0
Besançon;47.23;6.02;20/09/2026;05:00;9.9;5;SOLEIL VOILÉ;2;12.4;0
Besançon;47.23;6.02;20/09/2026;06:00;9.9;5;SOLEIL VOILÉ;2;11.5;0
Besançon;47.23;6.02;20/09/2026;07:00;9.9;5;SOLEIL VOILÉ;2;10.8;0
Besançon;47.23;6.02;20/09/2026;08:00;20.2;5;SOLEIL VOILÉ;1;9.7;0
Besançon;47.23;6.02;20/09/2026;09:00;20.2;5;SOLEIL VOILÉ;1;9.0;0
Besançon;47.23;6.02;20/09/2026;10:00;20.2;5;SOLEIL VOILÉ;1;9.0;0
Besançon;47.23;6.02;20/09/2026;11:00;24.1;5;SOLEIL VOILÉ;2;14.0;0
Besançon;47.23;6.02;20/09/2026;12:00;24.1;5;SOLEIL VOILÉ;2;18.4;0
Besançon;47.23;6.02;20/09/2026;13:00;24.1;5;SOLEIL VOILÉ;2;20.5;0
Besançon;47.23;6.02;20/09/2026;14:00;25.5;5;SOLEIL VOILÉ;2;20.9;0
Besançon;47.23;6.02;20/09/2026;15:00;25.5;5;SOLEIL VOILÉ;2;23.4;0
Besançon;47.23;6.02;20/09/2026;16:00;25.5;5;SOLEIL VOILÉ;2;24.1;0
Besançon;47.23;6.02;20/09/2026;17:00;21.2;5;SOLEIL VOILÉ;1;23.4;0
Besançon;47.23;6.02;20/09/2026;18:00;21.2;5;SOLEIL VOILÉ;1;20.5;0
Besançon;47.23;6.02;20/09/2026;19:00;21.2;5;SOLEIL VOILÉ;1;18.0;0
Besançon;47.23;6.02;20/09/2026;20:00;16;5;SOLEIL VOILÉ;2;15.1;0
Besançon;47.23;6.02;20/09/2026;21:00;16;5;SOLEIL VOILÉ;2;12.2;0
Besançon;47.23;6.02;20/09/2026;22:00;16;5;SOLEIL VOILÉ;2;13.7;0
Besançon;47.23;6.02;20/09/2026;23:00;14.2;5;SOLEIL VOILÉ;2;13.7;0
Besançon;47.23;6.02;21/09/2026;00:00;14.2;5;SOLEIL VOILÉ;2;12.6;0
Besançon;47.23;6.02;21/09/2026;01:00;14.2;5;SOLEIL VOILÉ;2;13.0;0
Besançon;47.23;6.02;21/09/2026;02:00;13.1;5;SOLEIL VOILÉ;2;11.2;0
Besançon;47.23;6.02;21/09/2026;03:00;13.1;5;SOLEIL VOILÉ;2;8.3;0
Besançon;47.23;6.02;21/09/2026;04:00;13.1;5;SOLEIL VOILÉ;2;9.0;0
Besançon;47.23;6.02;21/09/2026;05:00;12.2;5;SOLEIL VOILÉ;2;10.4;0
Besançon;47.23;6.02;21/09/2026;06:00;12.2;5;SOLEIL VOILÉ;2;10.8;0
Besançon;47.23;6.02;21/09/2026;07:00;12.2;5;SOLEIL VOILÉ;2;11.5;0
Besançon;47.23;6.02;21/09/2026;08:00;19.5;5;SOLEIL VOILÉ;3;10.1;0
Besançon;47.23;6.02;21/09/2026;09:00;19.5;5;SOLEIL VOILÉ;3;14.8;0
Besançon;47.23;6.02;21/09/2026;10:00;19.5;5;SOLEIL VOILÉ;3;21.2;0
Besançon;47.23;6.02;21/09/2026;11:00;23.1;5;SOLEIL VOILÉ;4;26.3;0
Besançon;47.23;6.02;21/09/2026;12:00;23.1;5;SOLEIL VOILÉ;4;29.2;0
Besançon;47.23;6.02;21/09/2026;13:00;23.1;5;SOLEIL VOILÉ;4;30.6;0
Besançon;47.23;6.02;21/09/2026;14:00;24.9;0;SOLEIL;4;31.7;0
Besançon;47.23;6.02;21/09/2026;15:00;24.9;0;SOLEIL;4;32.0;0
Besançon;47.23;6.02;21/09/2026;16:00;24.9;0;SOLEIL;4;31.3;0
Besançon;47.23;6.02;21/09/2026;17:00;20.6;0;SOLEIL;3;30.6;0
Besançon;47.23;6.02;21/09/2026;18:00;20.6;0;SOLEIL;3;29.5;0
Besançon;47.23;6.02;21/09/2026;19:00;20.6;0;SOLEIL;3;28.1;0
Besançon;47.23;6.02;21/09/2026;20:00;17.9;5;SOLEIL VOILÉ;5;25.9;0
Besançon;47.23;6.02;21/09/2026;21:00;16.3;5;SOLEIL VOILÉ;5;22.0;0
Besançon;47.23;6.02;21/09/2026;22:00;14.8;5;SOLEIL VOILÉ;5;16.9;0
Besançon;47.23;6.02;21/09/2026;23:00;12.5;0;SOLEIL;4;13.3;0
Besançon;47.23;6.02;22/09/2026;00:00;12.5;0;SOLEIL;4;12.6;0
Besançon;47.23;6.02;22/09/2026;01:00;12.5;0;SOLEIL;4;13.7;0
Besançon;47.23;6.02;22/09/2026;02:00;9.6;0;SOLEIL;5;14.8;0
Besançon;47.23;6.02;22/09/2026;03:00;9.6;0;SOLEIL;5;15.5;0
Besançon;47.23;6.02;22/09/2026;04:00;9.6;0;SOLEIL;5;16.2;0
Besançon;47.23;6.02;22/09/2026;05:00;10.6;0;SOLEIL;4;16.9;0
Besançon;47.23;6.02;22/09/2026;06:00;10.6;0;SOLEIL;4;17.3;0
Besançon;47.23;6.02;22/09/2026;07:00;10.6;0;SOLEIL;4;17.3;0
Besançon;47.23;6.02;22/09/2026;08:00;12.8;0;SOLEIL;5;19.1;0
Besançon;47.23;6.02;22/09/2026;09:00;14.4;0;SOLEIL;5;23.8;0
Besançon;47.23;6.02;22/09/2026;10:00;16.0;0;SOLEIL;5;29.9;0
Besançon;47.23;6.02;22/09/2026;11:00;21.9;0;SOLEIL;5;34.6;0
Besançon;47.23;6.02;22/09/2026;12:00;21.9;0;SOLEIL;5;37.1;0
Besançon;47.23;6.02;22/09/2026;13:00;21.9;0;SOLEIL;5;38.5;0
Besançon;47.23;6.02;22/09/2026;14:00;22.5;0;SOLEIL;5;38.9;0
Besançon;47.23;6.02;22/09/2026;15:00;24.1;0;SOLEIL;5;38.9;0
Besançon;47.23;6.02;22/09/2026;16:00;22.5;0;SOLEIL;5;37.8;0
Besançon;47.23;6.02;22/09/2026;17:00;19.6;0;SOLEIL;4;36.0;0
Besançon;47.23;6.02;22/09/2026;18:00;19.6;0;SOLEIL;4;32.0;0
Besançon;47.23;6.02;22/09/2026;19:00;19.6;0;SOLEIL;4;27.0;0
Besançon;47.23;6.02;22/09/2026;20:00;16.0;0;SOLEIL;5;23.8;0
Besançon;47.23;6.02;22/09/2026;21:00;14.4;0;SOLEIL;5;24.8;0
Besançon;47.23;6.02;22/09/2026;22:00;12.8;0;SOLEIL;5;27.7;0
Besançon;47.23;6.02;22/09/2026;23:00;13;0;SOLEIL;4;29.2;0
Besançon;47.23;6.02;23/09/2026;00:00;13;0;SOLEIL;4;24.5;0
Besançon;47.23;6.02;23/09/2026;01:00;13;0;SOLEIL;4;18.7;0
Besançon;47.23;6.02;23/09/2026;02:00;9.1;0;SOLEIL;5;14.5;0
Besançon;47.23;6.02;23/09/2026;03:00;9.1;0;SOLEIL;5;12.2;0
Besançon;47.23;6.02;23/09/2026;04:00;9.1;0;SOLEIL;5;12.6;0
Besançon;47.23;6.02;23/09/2026;05:00;10;0;SOLEIL;3;12.6;0
Besançon;47.23;6.02;23/09/2026;06:00;10;0;SOLEIL;3;11.5;0
Besançon;47.23;6.02;23/09/2026;07:00;10;0;SOLEIL;3;10.4;0
Besançon;47.23;6.02;23/09/2026;08:00;12.5;0;SOLEIL;5;9.7;0
Besançon;47.23;6.02;23/09/2026;09:00;14.3;0;SOLEIL;5;9.7;0
Besançon;47.23;6.02;23/09/2026;10:00;16.0;0;SOLEIL;5;10.4;0
Besançon;47.23;6.02;23/09/2026;11:00;24;0;SOLEIL;2;12.2;0
Besançon;47.23;6.02;23/09/2026;12:00;24;0;SOLEIL;2;16.2;0
Besançon;47.23;6.02;23/09/2026;13:00;24;0;SOLEIL;2;21.6;0
Besançon;47.23;6.02;23/09/2026;14:00;22.9;0;SOLEIL;5;25.6;0
Besançon;47.23;6.02;23/09/2026;15:00;24.6;0;SOLEIL;5;27.4;0
Besançon;47.23;6.02;23/09/2026;16:00;22.9;0;SOLEIL;5;28.1;0
Besançon;47.23;6.02;23/09/2026;17:00;21.4;0;SOLEIL;3;27.0;0
Besançon;47.23;6.02;23/09/2026;18:00;21.4;0;SOLEIL;3;22.7;0
Besançon;47.23;6.02;23/09/2026;19:00;21.4;0;SOLEIL;3;16.6;0
Besançon;47.23;6.02;23/09/2026;20:00;16.0;0;SOLEIL;5;12.2;0
Besançon;47.23;6.02;23/09/2026;21:00;14.3;0;SOLEIL;5;11.2;0
Besançon;47.23;6.02;23/09/2026;22:00;12.5;0;SOLEIL;5;12.2;0
Besançon;47.23;6.02;23/09/2026;23:00;14.1;0;SOLEIL;2;14.0;0
Pontarlier;46.9;6.35;19/09/2026;00:00;7.7;0;SOLEIL;1;13.3;0
Pontarlier;46.9;6.35;19/09/2026;01:00;7.4;0;SOLEIL;1;14.4;0
Pontarlier;46.9;6.35;19/09/2026;02:00;6.1;0;SOLEIL;1;14.8;0
Pontarlier;46.9;6.35;19/09/2026;03:00;6.1;0;SOLEIL;1;14.8;0
Pontarlier;46.9;6.35;19/09/2026;04:00;6.1;0;SOLEIL;1;14.4;0
Pontarlier;46.9;6.35;19/09/2026;05:00;5.6;0;SOLEIL;1;14.4;0
Pontarlier;46.9;6.35;19/09/2026;06:00;7.1;0;SOLEIL;1;14.4;0
Pontarlier;46.9;6.35;19/09/2026;07:00;10.1;0;SOLEIL;1;10.4;0
Pontarlier;46.9;6.35;19/09/2026;08:00;12.7;0;SOLEIL;0;10.8;0
Pontarlier;46.9;6.35;19/09/2026;09:00;16.5;0;SOLEIL;1;10.8;0
Pontarlier;46.9;6.35;19/09/2026;10:00;18.2;0;SOLEIL;1;7.6;0
Pontarlier;46.9;6.35;19/09/2026;11:00;19.2;0;SOLEIL;2;8.3;0
Pontarlier;46.9;6.35;19/09/2026;12:00;21.5;0;SOLEIL;2;7.9;0
Pontarlier;46.9;6.35;19/09/2026;13:00;22.4;0;SOLEIL;2;10.1;0
Pontarlier;46.9;6.35;19/09/2026;14:00;22.6;0;SOLEIL;2;12.2;0
Pontarlier;46.9;6.35;19/09/2026;15:00;21.6;0;SOLEIL;2;13.3;0
Pontarlier;46.9;6.35;19/09/2026;16:00;20;0;SOLEIL;2;13.7;0
Pontarlier;46.9;6.35;19/09/2026;17:00;18.2;5;SOLEIL VOILÉ;2;12.2;0
Pontarlier;46.9;6.35;19/09/2026;18:00;16.2;5;SOLEIL VOILÉ;1;15.5;0
Pontarlier;46.9;6.35;19/09/2026;19:00;14;0;SOLEIL;1;15.8;0
Pontarlier;46.9;6.35;19/09/2026;20:00;12.4;5;SOLEIL VOILÉ;1;6.1;0
Pontarlier;46.9;6.35;19/09/2026;21:00;11;5;SOLEIL VOILÉ;2;11.9;0
Pontarlier;46.9;6.35;19/09/2026;22:00;10;5;SOLEIL VOILÉ;2;11.2;0
Pontarlier;46.9;6.35;19/09/2026;23:00;9.6;5;SOLEIL VOILÉ;2;10.1;0
Pontarlier;46.9;6.35;20/09/2026;00:00;9;0;SOLEIL;2;10.8;0
Pontarlier;46.9;6.35;20/09/2026;01:00;9;0;SOLEIL;2;12.6;0
Pontarlier;46.9;6.35;20/09/2026;02:00;7.4;5;SOLEIL VOILÉ;2;12.6;0
Pontarlier;46.9;6.35;20/09/2026;03:00;7.4;5;SOLEIL VOILÉ;2;12.9;0
Pontarlier;46.9;6.35;20/09/2026;04:00;7.4;5;SOLEIL VOILÉ;2;9.9;0
Pontarlier;46.9;6.35;20/09/2026;05:00;7.1;5;SOLEIL VOILÉ;2;6.1;0
Pontarlier;46.9;6.35;20/09/2026;06:00;7.1;5;SOLEIL VOILÉ;2;8.6;0
Pontarlier;46.9;6.35;20/09/2026;07:00;7.1;5;SOLEIL VOILÉ;2;9.0;0
Pontarlier;46.9;6.35;20/09/2026;08:00;18.5;5;SOLEIL VOILÉ;1;6.1;0
Pontarlier;46.9;6.35;20/09/2026;09:00;18.5;5;SOLEIL VOILÉ;1;6.1;0
Pontarlier;46.9;6.35;20/09/2026;10:00;18.5;5;SOLEIL VOILÉ;1;9.7;0
Pontarlier;46.9;6.35;20/09/2026;11:00;23.1;5;SOLEIL VOILÉ;2;14.0;0
Pontarlier;46.9;6.35;20/09/2026;12:00;23.1;5;SOLEIL VOILÉ;2;22.0;0
Pontarlier;46.9;6.35;20/09/2026;13:00;23.1;5;SOLEIL VOILÉ;2;23.4;0
Pontarlier;46.9;6.35;20/09/2026;14:00;22.7;5;SOLEIL VOILÉ;3;27.7;0
Pontarlier;46.9;6.35;20/09/2026;15:00;22.7;5;SOLEIL VOILÉ;3;27.7;0
Pontarlier;46.9;6.35;20/09/2026;16:00;22.7;5;SOLEIL VOILÉ;3;25.9;0
Pontarlier;46.9;6.35;20/09/2026;17:00;16.6;5;SOLEIL VOILÉ;1;26.6;0
Pontarlier;46.9;6.35;20/09/2026;18:00;16.6;5;SOLEIL VOILÉ;1;24.8;0
Pontarlier;46.9;6.35;20/09/2026;19:00;16.6;5;SOLEIL VOILÉ;1;19.1;0
Pontarlier;46.9;6.35;20/09/2026;20:00;11.5;5;SOLEIL VOILÉ;2;14.4;0
Pontarlier;46.9;6.35;20/09/2026;21:00;11.5;5;SOLEIL VOILÉ;2;7.2;0
Pontarlier;46.9;6.35;20/09/2026;22:00;11.5;5;SOLEIL VOILÉ;2;7.6;0
Pontarlier;46.9;6.35;20/09/2026;23:00;8.5;5;SOLEIL VOILÉ;2;13.7;0
Pontarlier;46.9;6.35;21/09/2026;00:00;8.5;5;SOLEIL VOILÉ;2;14.8;0
Pontarlier;46.9;6.35;21/09/2026;01:00;8.5;5;SOLEIL VOILÉ;2;16.9;0
Pontarlier;46.9;6.35;21/09/2026;02:00;7.1;5;SOLEIL VOILÉ;2;16.9;0
Pontarlier;46.9;6.35;21/09/2026;03:00;7.1;5;SOLEIL VOILÉ;2;16.2;0
Pontarlier;46.9;6.35;21/09/2026;04:00;7.1;5;SOLEIL VOILÉ;2;13.3;0
Pontarlier;46.9;6.35;21/09/2026;05:00;8.6;5;SOLEIL VOILÉ;2;12.6;0
Pontarlier;46.9;6.35;21/09/2026;06:00;8.6;5;SOLEIL VOILÉ;2;11.2;0
Pontarlier;46.9;6.35;21/09/2026;07:00;8.6;5;SOLEIL VOILÉ;2;10.4;0
Pontarlier;46.9;6.35;21/09/2026;08:00;18.2;5;SOLEIL VOILÉ;2;10.4;0
Pontarlier;46.9;6.35;21/09/2026;09:00;18.2;5;SOLEIL VOILÉ;2;11.9;0
Pontarlier;46.9;6.35;21/09/2026;10:00;18.2;5;SOLEIL VOILÉ;2;14.4;0
Pontarlier;46.9;6.35;21/09/2026;11:00;22.9;5;SOLEIL VOILÉ;3;17.3;0
Pontarlier;46.9;6.35;21/09/2026;12:00;22.9;5;SOLEIL VOILÉ;3;20.5;0
Pontarlier;46.9;6.35;21/09/2026;13:00;22.9;5;SOLEIL VOILÉ;3;24.1;0
Pontarlier;46.9;6.35;21/09/2026;14:00;20.7;5;SOLEIL VOILÉ;4;27.0;0
Pontarlier;46.9;6.35;21/09/2026;15:00;20.7;5;SOLEIL VOILÉ;4;29.2;0
Pontarlier;46.9;6.35;21/09/2026;16:00;20.7;5;SOLEIL VOILÉ;4;30.6;0
Pontarlier;46.9;6.35;21/09/2026;17:00;15.1;0;SOLEIL;3;30.2;0
Pontarlier;46.9;6.35;21/09/2026;18:00;15.1;0;SOLEIL;3;27.4;0
Pontarlier;46.9;6.35;21/09/2026;19:00;15.1;0;SOLEIL;3;23.0;0
Pontarlier;46.9;6.35;21/09/2026;20:00;14.1;5;SOLEIL VOILÉ;5;19.4;0
Pontarlier;46.9;6.35;21/09/2026;21:00;12.2;5;SOLEIL VOILÉ;5;17.6;0
Pontarlier;46.9;6.35;21/09/2026;22:00;10.3;5;SOLEIL VOILÉ;5;16.2;0
Pontarlier;46.9;6.35;21/09/2026;23:00;6.9;0;SOLEIL;3;15.8;0
Pontarlier;46.9;6.35;22/09/2026;00:00;6.9;0;SOLEIL;3;16.2;0
Pontarlier;46.9;6.35;22/09/2026;01:00;6.9;0;SOLEIL;3;17.6;0
Pontarlier;46.9;6.35;22/09/2026;02:00;5.1;0;SOLEIL;5;18.7;0
Pontarlier;46.9;6.35;22/09/2026;03:00;5.1;0;SOLEIL;5;19.8;0
Pontarlier;46.9;6.35;22/09/2026;04:00;5.1;0;SOLEIL;5;20.5;0
Pontarlier;46.9;6.35;22/09/2026;05:00;7.1;0;SOLEIL;3;21.2;0
Pontarlier;46.9;6.35;22/09/2026;06:00;7.1;0;SOLEIL;3;21.6;0
Pontarlier;46.9;6.35;22/09/2026;07:00;7.1;0;SOLEIL;3;21.6;0
Pontarlier;46.9;6.35;22/09/2026;08:00;9.2;0;SOLEIL;5;21.6;0
Pontarlier;46.9;6.35;22/09/2026;09:00;11.2;0;SOLEIL;5;22.0;0
Pontarlier;46.9;6.35;22/09/2026;10:00;13.3;0;SOLEIL;5;22.3;0
Pontarlier;46.9;6.35;22/09/2026;11:00;22.1;0;SOLEIL;4;23.4;0
Pontarlier;46.9;6.35;22/09/2026;12:00;22.1;0;SOLEIL;4;26.6;0
Pontarlier;46.9;6.35;22/09/2026;13:00;22.1;0;SOLEIL;4;30.6;0
Pontarlier;46.9;6.35;22/09/2026;14:00;21.5;0;SOLEIL;5;33.1;0
Pontarlier;46.9;6.35;22/09/2026;15:00;23.5;0;SOLEIL;5;33.5;0
Pontarlier;46.9;6.35;22/09/2026;16:00;21.5;0;SOLEIL;5;32.4;0
Pontarlier;46.9;6.35;22/09/2026;17:00;13.9;0;SOLEIL;4;31.0;0
Pontarlier;46.9;6.35;22/09/2026;18:00;13.9;0;SOLEIL;4;28.8;0
Pontarlier;46.9;6.35;22/09/2026;19:00;13.9;0;SOLEIL;4;25.9;0
Pontarlier;46.9;6.35;22/09/2026;20:00;13.3;0;SOLEIL;5;24.5;0
Pontarlier;46.9;6.35;22/09/2026;21:00;11.2;0;SOLEIL;5;25.6;0
Pontarlier;46.9;6.35;22/09/2026;22:00;9.2;0;SOLEIL;5;28.1;0
Pontarlier;46.9;6.35;22/09/2026;23:00;8.9;0;SOLEIL;4;29.5;0
Pontarlier;46.9;6.35;23/09/2026;00:00;8.9;0;SOLEIL;4;26.9;0
Pontarlier;46.9;6.35;23/09/2026;01:00;8.9;0;SOLEIL;4;23.0;0
Pontarlier;46.9;6.35;23/09/2026;02:00;5.4;0;SOLEIL;5;19.6;0
Pontarlier;46.9;6.35;23/09/2026;03:00;5.4;0;SOLEIL;5;16.9;0
Pontarlier;46.9;6.35;23/09/2026;04:00;5.4;0;SOLEIL;5;16.2;0
Pontarlier;46.9;6.35;23/09/2026;05:00;7;0;SOLEIL;4;15.5;0
Pontarlier;46.9;6.35;23/09/2026;06:00;7;0;SOLEIL;4;14.8;0
Pontarlier;46.9;6.35;23/09/2026;07:00;7;0;SOLEIL;4;14.4;0
Pontarlier;46.9;6.35;23/09/2026;08:00;9.6;0;SOLEIL;5;14.4;0
Pontarlier;46.9;6.35;23/09/2026;09:00;11.6;0;SOLEIL;5;14.0;0
Pontarlier;46.9;6.35;23/09/2026;10:00;13.7;0;SOLEIL;5;14.4;0
Pontarlier;46.9;6.35;23/09/2026;11:00;23.9;0;SOLEIL;2;15.8;0
Pontarlier;46.9;6.35;23/09/2026;12:00;23.9;0;SOLEIL;2;20.2;0
Pontarlier;46.9;6.35;23/09/2026;13:00;23.9;0;SOLEIL;2;25.9;0
Pontarlier;46.9;6.35;23/09/2026;14:00;22.0;0;SOLEIL;5;30.2;0
Pontarlier;46.9;6.35;23/09/2026;15:00;24.1;0;SOLEIL;5;31.7;0
Pontarlier;46.9;6.35;23/09/2026;16:00;22.0;0;SOLEIL;5;31.7;0
Pontarlier;46.9;6.35;23/09/2026;17:00;16.4;0;SOLEIL;2;30.2;0
Pontarlier;46.9;6.35;23/09/2026;18:00;16.4;0;SOLEIL;2;25.9;0
Pontarlier;46.9;6.35;23/09/2026;19:00;16.4;0;SOLEIL;2;20.2;0
Pontarlier;46.9;6.35;23/09/2026;20:00;13.7;0;SOLEIL;5;16.9;0
Pontarlier;46.9;6.35;23/09/2026;21:00;11.6;0;SOLEIL;5;18.0;0
Pontarlier;46.9;6.35;23/09/2026;22:00;9.6;0;SOLEIL;5;22.0;0
Pontarlier;46.9;6.35;23/09/2026;23:00;10.4;0;SOLEIL;3;26.3;0
Sancey-le-Grand;47.29;6.58;19/09/2026;00:00;8.2;0;SOLEIL;1;7.2;0
Sancey-le-Grand;47.29;6.58;19/09/2026;01:00;7.6;0;SOLEIL;1;7.6;0
Sancey-le-Grand;47.29;6.58;19/09/2026;02:00;7.3;0;SOLEIL;1;7.9;0
Sancey-le-Grand;47.29;6.58;19/09/2026;03:00;7.4;0;SOLEIL;1;8.6;0
Sancey-le-Grand;47.29;6.58;19/09/2026;04:00;6.5;0;SOLEIL;1;8.3;0
Sancey-le-Grand;47.29;6.58;19/09/2026;05:00;5.7;0;SOLEIL;1;7.9;0
Sancey-le-Grand;47.29;6.58;19/09/2026;06:00;6.9;0;SOLEIL;1;7.9;0
Sancey-le-Grand;47.29;6.58;19/09/2026;07:00;10.1;0;SOLEIL;1;8.3;0
Sancey-le-Grand;47.29;6.58;19/09/2026;08:00;14.6;0;SOLEIL;0;7.9;0
Sancey-le-Grand;47.29;6.58;19/09/2026;09:00;18;0;SOLEIL;1;7.6;0
Sancey-le-Grand;47.29;6.58;19/09/2026;10:00;19.7;0;SOLEIL;1;4.3;0
Sancey-le-Grand;47.29;6.58;19/09/2026;11:00;20.7;0;SOLEIL;2;8.3;0
Sancey-le-Grand;47.29;6.58;19/09/2026;12:00;21.5;0;SOLEIL;2;10.4;0
Sancey-le-Grand;47.29;6.58;19/09/2026;13:00;22.5;0;SOLEIL;2;10.4;0
Sancey-le-Grand;47.29;6.58;19/09/2026;14:00;22.9;5;SOLEIL VOILÉ;2;11.5;0
Sancey-le-Grand;47.29;6.58;19/09/2026;15:00;22.6;5;SOLEIL VOILÉ;2;11.9;0
Sancey-le-Grand;47.29;6.58;19/09/2026;16:00;21.4;5;SOLEIL VOILÉ;2;14.4;0
Sancey-le-Grand;47.29;6.58;19/09/2026;17:00;19;5;SOLEIL VOILÉ;2;16.6;0
Sancey-le-Grand;47.29;6.58;19/09/2026;18:00;15.7;5;SOLEIL VOILÉ;0;15.8;0
Sancey-le-Grand;47.29;6.58;19/09/2026;19:00;13.4;5;SOLEIL VOILÉ;1;13.0;0
Sancey-le-Grand;47.29;6.58;19/09/2026;20:00;12;5;SOLEIL VOILÉ;1;5.0;0
Sancey-le-Grand;47.29;6.58;19/09/2026;21:00;11.1;5;SOLEIL VOILÉ;1;7.6;0
Sancey-le-Grand;47.29;6.58;19/09/2026;22:00;10.4;5;SOLEIL VOILÉ;2;8.6;0
Sancey-le-Grand;47.29;6.58;19/09/2026;23:00;10.1;5;SOLEIL VOILÉ;2;8.6;0
Sancey-le-Grand;47.29;6.58;20/09/2026;00:00;9.7;5;SOLEIL VOILÉ;1;8.6;0
Sancey-le-Grand;47.29;6.58;20/09/2026;01:00;9.7;5;SOLEIL VOILÉ;1;9.0;0
Sancey-le-Grand;47.29;6.58;20/09/2026;02:00;9.4;5;SOLEIL VOILÉ;2;9.4;0
Sancey-le-Grand;47.29;6.58;20/09/2026;03:00;9.4;5;SOLEIL VOILÉ;2;10.5;0
Sancey-le-Grand;47.29;6.58;20/09/2026;04:00;9.4;5;SOLEIL VOILÉ;2;11.2;0
Sancey-le-Grand;47.29;6.58;20/09/2026;05:00;9.9;5;SOLEIL VOILÉ;2;14.2;0
Sancey-le-Grand;47.29;6.58;20/09/2026;06:00;9.9;5;SOLEIL VOILÉ;2;15.5;0
Sancey-le-Grand;47.29;6.58;20/09/2026;07:00;9.9;5;SOLEIL VOILÉ;2;15.1;0
Sancey-le-Grand;47.29;6.58;20/09/2026;08:00;20.7;5;SOLEIL VOILÉ;2;15.1;0
Sancey-le-Grand;47.29;6.58;20/09/2026;09:00;20.7;5;SOLEIL VOILÉ;2;14.0;0
Sancey-le-Grand;47.29;6.58;20/09/2026;10:00;20.7;5;SOLEIL VOILÉ;2;13.3;0
Sancey-le-Grand;47.29;6.58;20/09/2026;11:00;24;5;SOLEIL VOILÉ;3;21.6;0
Sancey-le-Grand;47.29;6.58;20/09/2026;12:00;24;5;SOLEIL VOILÉ;3;26.3;0
Sancey-le-Grand;47.29;6.58;20/09/2026;13:00;24;5;SOLEIL VOILÉ;3;28.1;0
Sancey-le-Grand;47.29;6.58;20/09/2026;14:00;24.2;5;SOLEIL VOILÉ;3;28.8;0
Sancey-le-Grand;47.29;6.58;20/09/2026;15:00;24.2;5;SOLEIL VOILÉ;3;29.9;0
Sancey-le-Grand;47.29;6.58;20/09/2026;16:00;24.2;5;SOLEIL VOILÉ;3;30.6;0
Sancey-le-Grand;47.29;6.58;20/09/2026;17:00;18.6;5;SOLEIL VOILÉ;1;30.6;0
Sancey-le-Grand;47.29;6.58;20/09/2026;18:00;18.6;5;SOLEIL VOILÉ;1;27.4;0
Sancey-le-Grand;47.29;6.58;20/09/2026;19:00;18.6;5;SOLEIL VOILÉ;1;21.2;0
Sancey-le-Grand;47.29;6.58;20/09/2026;20:00;13;5;SOLEIL VOILÉ;1;16.2;0
Sancey-le-Grand;47.29;6.58;20/09/2026;21:00;13;5;SOLEIL VOILÉ;1;5.8;0
Sancey-le-Grand;47.29;6.58;20/09/2026;22:00;13;5;SOLEIL VOILÉ;1;9.0;0
Sancey-le-Grand;47.29;6.58;20/09/2026;23:00;11.2;5;SOLEIL VOILÉ;1;8.6;0
Sancey-le-Grand;47.29;6.58;21/09/2026;00:00;11.2;5;SOLEIL VOILÉ;1;5.4;0
Sancey-le-Grand;47.29;6.58;21/09/2026;01:00;11.2;5;SOLEIL VOILÉ;1;5.0;0
Sancey-le-Grand;47.29;6.58;21/09/2026;02:00;11.4;5;SOLEIL VOILÉ;1;4.3;0
Sancey-le-Grand;47.29;6.58;21/09/2026;03:00;11.4;5;SOLEIL VOILÉ;1;4.3;0
Sancey-le-Grand;47.29;6.58;21/09/2026;04:00;11.4;5;SOLEIL VOILÉ;1;5.0;0
Sancey-le-Grand;47.29;6.58;21/09/2026;05:00;11.1;5;SOLEIL VOILÉ;2;10.1;0
Sancey-le-Grand;47.29;6.58;21/09/2026;06:00;11.1;5;SOLEIL VOILÉ;2;12.2;0
Sancey-le-Grand;47.29;6.58;21/09/2026;07:00;11.1;5;SOLEIL VOILÉ;2;14.8;0
Sancey-le-Grand;47.29;6.58;21/09/2026;08:00;19.2;5;SOLEIL VOILÉ;3;13.3;0
Sancey-le-Grand;47.29;6.58;21/09/2026;09:00;19.2;5;SOLEIL VOILÉ;3;16.2;0
Sancey-le-Grand;47.29;6.58;21/09/2026;10:00;19.2;5;SOLEIL VOILÉ;3;20.2;0
Sancey-le-Grand;47.29;6.58;21/09/2026;11:00;20.7;5;SOLEIL VOILÉ;3;23.4;0
Sancey-le-Grand;47.29;6.58;21/09/2026;12:00;20.7;5;SOLEIL VOILÉ;3;25.6;0
Sancey-le-Grand;47.29;6.58;21/09/2026;13:00;20.7;5;SOLEIL VOILÉ;3;27.4;0
Sancey-le-Grand;47.29;6.58;21/09/2026;14:00;23.4;5;SOLEIL VOILÉ;4;28.4;0
Sancey-le-Grand;47.29;6.58;21/09/2026;15:00;23.4;5;SOLEIL VOILÉ;4;28.8;0
Sancey-le-Grand;47.29;6.58;21/09/2026;16:00;23.4;5;SOLEIL VOILÉ;4;28.4;0
Sancey-le-Grand;47.29;6.58;21/09/2026;17:00;18.2;0;SOLEIL;4;27.0;0
Sancey-le-Grand;47.29;6.58;21/09/2026;18:00;18.2;0;SOLEIL;4;23.8;0
Sancey-le-Grand;47.29;6.58;21/09/2026;19:00;18.2;0;SOLEIL;4;19.4;0
Sancey-le-Grand;47.29;6.58;21/09/2026;20:00;16.3;5;SOLEIL VOILÉ;5;16.2;0
Sancey-le-Grand;47.29;6.58;21/09/2026;21:00;14.8;5;SOLEIL VOILÉ;5;14.8;0
Sancey-le-Grand;47.29;6.58;21/09/2026;22:00;13.2;5;SOLEIL VOILÉ;5;14.4;0
Sancey-le-Grand;47.29;6.58;21/09/2026;23:00;10.2;0;SOLEIL;4;14.0;0
Sancey-le-Grand;47.29;6.58;22/09/2026;00:00;10.2;0;SOLEIL;4;13.7;0
Sancey-le-Grand;47.29;6.58;22/09/2026;01:00;10.2;0;SOLEIL;4;13.7;0
Sancey-le-Grand;47.29;6.58;22/09/2026;02:00;7.5;0;SOLEIL;5;13.7;0
Sancey-le-Grand;47.29;6.58;22/09/2026;03:00;7.5;0;SOLEIL;5;14.4;0
Sancey-le-Grand;47.29;6.58;22/09/2026;04:00;7.5;0;SOLEIL;5;15.1;0
Sancey-le-Grand;47.29;6.58;22/09/2026;05:00;9;0;SOLEIL;4;15.8;0
Sancey-le-Grand;47.29;6.58;22/09/2026;06:00;9;0;SOLEIL;4;15.5;0
Sancey-le-Grand;47.29;6.58;22/09/2026;07:00;9;0;SOLEIL;4;15.1;0
Sancey-le-Grand;47.29;6.58;22/09/2026;08:00;10.7;0;SOLEIL;5;16.2;0
Sancey-le-Grand;47.29;6.58;22/09/2026;09:00;12.4;0;SOLEIL;5;19.8;0
Sancey-le-Grand;47.29;6.58;22/09/2026;10:00;14.0;0;SOLEIL;5;25.2;0
Sancey-le-Grand;47.29;6.58;22/09/2026;11:00;20.6;0;SOLEIL;5;29.9;0
Sancey-le-Grand;47.29;6.58;22/09/2026;12:00;20.6;0;SOLEIL;5;33.8;0
Sancey-le-Grand;47.29;6.58;22/09/2026;13:00;20.6;0;SOLEIL;5;37.1;0
Sancey-le-Grand;47.29;6.58;22/09/2026;14:00;20.5;0;SOLEIL;5;38.9;0
Sancey-le-Grand;47.29;6.58;22/09/2026;15:00;22.1;0;SOLEIL;5;38.9;0
Sancey-le-Grand;47.29;6.58;22/09/2026;16:00;20.5;0;SOLEIL;5;37.4;0
Sancey-le-Grand;47.29;6.58;22/09/2026;17:00;16.6;0;SOLEIL;4;35.3;0
Sancey-le-Grand;47.29;6.58;22/09/2026;18:00;16.6;0;SOLEIL;4;32.4;0
Sancey-le-Grand;47.29;6.58;22/09/2026;19:00;16.6;0;SOLEIL;4;28.4;0
Sancey-le-Grand;47.29;6.58;22/09/2026;20:00;14.0;0;SOLEIL;5;25.9;0
Sancey-le-Grand;47.29;6.58;22/09/2026;21:00;12.4;0;SOLEIL;5;25.6;0
Sancey-le-Grand;47.29;6.58;22/09/2026;22:00;10.7;0;SOLEIL;5;25.9;0
Sancey-le-Grand;47.29;6.58;22/09/2026;23:00;9.9;0;SOLEIL;4;25.6;0
Sancey-le-Grand;47.29;6.58;23/09/2026;00:00;9.9;0;SOLEIL;4;25.3;0
Sancey-le-Grand;47.29;6.58;23/09/2026;01:00;9.9;0;SOLEIL;4;23.9;0
Sancey-le-Grand;47.29;6.58;23/09/2026;02:00;6.7;0;SOLEIL;5;23.4;0
Sancey-le-Grand;47.29;6.58;23/09/2026;03:00;6.7;0;SOLEIL;5;23.4;0
Sancey-le-Grand;47.29;6.58;23/09/2026;04:00;6.7;0;SOLEIL;5;21.6;0
Sancey-le-Grand;47.29;6.58;23/09/2026;05:00;8.1;0;SOLEIL;4;20.5;0
Sancey-le-Grand;47.29;6.58;23/09/2026;06:00;8.1;0;SOLEIL;4;19.4;0
Sancey-le-Grand;47.29;6.58;23/09/2026;07:00;8.1;0;SOLEIL;4;18.7;0
Sancey-le-Grand;47.29;6.58;23/09/2026;08:00;10.4;0;SOLEIL;5;18.4;0
Sancey-le-Grand;47.29;6.58;23/09/2026;09:00;12.3;0;SOLEIL;5;18.0;0
Sancey-le-Grand;47.29;6.58;23/09/2026;10:00;14.1;0;SOLEIL;5;18.0;0
Sancey-le-Grand;47.29;6.58;23/09/2026;11:00;23;0;SOLEIL;3;19.4;0
Sancey-le-Grand;47.29;6.58;23/09/2026;12:00;23;0;SOLEIL;3;23.4;0
Sancey-le-Grand;47.29;6.58;23/09/2026;13:00;23;0;SOLEIL;3;28.8;0
Sancey-le-Grand;47.29;6.58;23/09/2026;14:00;21.5;0;SOLEIL;5;33.1;0
Sancey-le-Grand;47.29;6.58;23/09/2026;15:00;23.4;0;SOLEIL;5;35.3;0
Sancey-le-Grand;47.29;6.58;23/09/2026;16:00;21.5;0;SOLEIL;5;36.4;0
Sancey-le-Grand;47.29;6.58;23/09/2026;17:00;18;0;SOLEIL;3;36.0;0
Sancey-le-Grand;47.29;6.58;23/09/2026;18:00;18;0;SOLEIL;3;32.8;0
Sancey-le-Grand;47.29;6.58;23/09/2026;19:00;18;0;SOLEIL;3;27.7;0
Sancey-le-Grand;47.29;6.58;23/09/2026;20:00;14.1;0;SOLEIL;5;26.3;0
Sancey-le-Grand;47.29;6.58;23/09/2026;21:00;12.3;0;SOLEIL;5;31.0;0
Sancey-le-Grand;47.29;6.58;23/09/2026;22:00;10.4;0;SOLEIL;5;38.9;0
Sancey-le-Grand;47.29;6.58;23/09/2026;23:00;11.1;0;SOLEIL;3;45.0;0
Dole;47.09;5.49;19/09/2026;00:00;12.2;0;SOLEIL;1;12.2;0
Dole;47.09;5.49;19/09/2026;01:00;11.6;0;SOLEIL;1;11.5;0
Dole;47.09;5.49;19/09/2026;02:00;10.7;0;SOLEIL;1;8.6;0
Dole;47.09;5.49;19/09/2026;03:00;9.9;0;SOLEIL;1;5.8;0
Dole;47.09;5.49;19/09/2026;04:00;10;0;SOLEIL;1;4.7;0
Dole;47.09;5.49;19/09/2026;05:00;9.9;0;SOLEIL;1;5.0;0
Dole;47.09;5.49;19/09/2026;06:00;9.4;0;SOLEIL;1;4.7;0
Dole;47.09;5.49;19/09/2026;07:00;10.5;0;SOLEIL;1;4.3;0
Dole;47.09;5.49;19/09/2026;08:00;14.7;0;SOLEIL;1;5.0;0
Dole;47.09;5.49;19/09/2026;09:00;19.5;0;SOLEIL;1;5.4;0
Dole;47.09;5.49;19/09/2026;10:00;21.9;0;SOLEIL;0;6.1;0
Dole;47.09;5.49;19/09/2026;11:00;22.7;0;SOLEIL;2;6.1;0
Dole;47.09;5.49;19/09/2026;12:00;24.2;0;SOLEIL;2;7.6;0
Dole;47.09;5.49;19/09/2026;13:00;25.3;5;SOLEIL VOILÉ;2;9.4;0
Dole;47.09;5.49;19/09/2026;14:00;25.7;5;SOLEIL VOILÉ;2;11.9;0
Dole;47.09;5.49;19/09/2026;15:00;25.4;5;SOLEIL VOILÉ;2;12.6;0
Dole;47.09;5.49;19/09/2026;16:00;24.1;5;SOLEIL VOILÉ;2;13.3;0
Dole;47.09;5.49;19/09/2026;17:00;22.5;5;SOLEIL VOILÉ;1;12.6;0
Dole;47.09;5.49;19/09/2026;18:00;19.8;5;SOLEIL VOILÉ;2;14.0;0
Dole;47.09;5.49;19/09/2026;19:00;17.2;5;SOLEIL VOILÉ;0;15.1;0
Dole;47.09;5.49;19/09/2026;20:00;15.7;5;SOLEIL VOILÉ;1;10.8;0
Dole;47.09;5.49;19/09/2026;21:00;14.8;5;SOLEIL VOILÉ;1;6.5;0
Dole;47.09;5.49;19/09/2026;22:00;14;5;SOLEIL VOILÉ;1;5.0;0
Dole;47.09;5.49;19/09/2026;23:00;13.2;0;SOLEIL;1;6.1;0
Dole;47.09;5.49;20/09/2026;00:00;12.3;5;SOLEIL VOILÉ;1;6.1;0
Dole;47.09;5.49;20/09/2026;01:00;12.3;5;SOLEIL VOILÉ;1;3.6;0
Dole;47.09;5.49;20/09/2026;02:00;10.6;5;SOLEIL VOILÉ;1;3.2;0
Dole;47.09;5.49;20/09/2026;03:00;10.6;5;SOLEIL VOILÉ;1;5.2;0
Dole;47.09;5.49;20/09/2026;04:00;10.6;5;SOLEIL VOILÉ;1;5.0;0
Dole;47.09;5.49;20/09/2026;05:00;10.7;5;SOLEIL VOILÉ;1;8.4;0
Dole;47.09;5.49;20/09/2026;06:00;10.7;5;SOLEIL VOILÉ;1;9.7;0
Dole;47.09;5.49;20/09/2026;07:00;10.7;5;SOLEIL VOILÉ;1;6.8;0
Dole;47.09;5.49;20/09/2026;08:00;20.1;5;SOLEIL VOILÉ;1;4.7;0
Dole;47.09;5.49;20/09/2026;09:00;20.1;5;SOLEIL VOILÉ;1;4.7;0
Dole;47.09;5.49;20/09/2026;10:00;20.1;5;SOLEIL VOILÉ;1;6.8;0
Dole;47.09;5.49;20/09/2026;11:00;26.6;5;SOLEIL VOILÉ;2;10.4;0
Dole;47.09;5.49;20/09/2026;12:00;26.6;5;SOLEIL VOILÉ;2;11.5;0
Dole;47.09;5.49;20/09/2026;13:00;26.6;5;SOLEIL VOILÉ;2;13.3;0
Dole;47.09;5.49;20/09/2026;14:00;27;5;SOLEIL VOILÉ;2;14.4;0
Dole;47.09;5.49;20/09/2026;15:00;27;5;SOLEIL VOILÉ;2;16.2;0
Dole;47.09;5.49;20/09/2026;16:00;27;5;SOLEIL VOILÉ;2;18.0;0
Dole;47.09;5.49;20/09/2026;17:00;21.4;5;SOLEIL VOILÉ;1;18.4;0
Dole;47.09;5.49;20/09/2026;18:00;21.4;5;SOLEIL VOILÉ;1;18.7;0
Dole;47.09;5.49;20/09/2026;19:00;21.4;5;SOLEIL VOILÉ;1;18.4;0
Dole;47.09;5.49;20/09/2026;20:00;17.2;5;SOLEIL VOILÉ;3;13.3;0
Dole;47.09;5.49;20/09/2026;21:00;17.2;5;SOLEIL VOILÉ;3;10.4;0
Dole;47.09;5.49;20/09/2026;22:00;17.2;5;SOLEIL VOILÉ;3;12.6;0
Dole;47.09;5.49;20/09/2026;23:00;15.2;5;SOLEIL VOILÉ;3;16.2;0
Dole;47.09;5.49;21/09/2026;00:00;15.2;5;SOLEIL VOILÉ;3;15.8;0
Dole;47.09;5.49;21/09/2026;01:00;15.2;5;SOLEIL VOILÉ;3;14.4;0
Dole;47.09;5.49;21/09/2026;02:00;13.9;5;SOLEIL VOILÉ;3;13.7;0
Dole;47.09;5.49;21/09/2026;03:00;13.9;5;SOLEIL VOILÉ;3;14.0;0
Dole;47.09;5.49;21/09/2026;04:00;13.9;5;SOLEIL VOILÉ;3;15.5;0
Dole;47.09;5.49;21/09/2026;05:00;14;5;SOLEIL VOILÉ;3;15.5;0
Dole;47.09;5.49;21/09/2026;06:00;14;5;SOLEIL VOILÉ;3;16.2;0
Dole;47.09;5.49;21/09/2026;07:00;14;5;SOLEIL VOILÉ;3;16.6;0
Dole;47.09;5.49;21/09/2026;08:00;21.2;5;SOLEIL VOILÉ;4;16.9;0
Dole;47.09;5.49;21/09/2026;09:00;21.2;5;SOLEIL VOILÉ;4;19.8;0
Dole;47.09;5.49;21/09/2026;10:00;21.2;5;SOLEIL VOILÉ;4;24.1;0
Dole;47.09;5.49;21/09/2026;11:00;26.2;5;SOLEIL VOILÉ;4;27.4;0
Dole;47.09;5.49;21/09/2026;12:00;26.2;5;SOLEIL VOILÉ;4;29.5;0
Dole;47.09;5.49;21/09/2026;13:00;26.2;5;SOLEIL VOILÉ;4;31.0;0
Dole;47.09;5.49;21/09/2026;14:00;27;0;SOLEIL;5;32.0;0
Dole;47.09;5.49;21/09/2026;15:00;27;0;SOLEIL;5;33.5;0
Dole;47.09;5.49;21/09/2026;16:00;27;0;SOLEIL;5;34.9;0
Dole;47.09;5.49;21/09/2026;17:00;21.7;0;SOLEIL;4;34.6;0
Dole;47.09;5.49;21/09/2026;18:00;21.7;0;SOLEIL;4;31.3;0
Dole;47.09;5.49;21/09/2026;19:00;21.7;0;SOLEIL;4;26.3;0
Dole;47.09;5.49;21/09/2026;20:00;19.9;5;SOLEIL VOILÉ;5;22.3;0
Dole;47.09;5.49;21/09/2026;21:00;18.2;5;SOLEIL VOILÉ;5;19.8;0
Dole;47.09;5.49;21/09/2026;22:00;16.4;5;SOLEIL VOILÉ;5;18.4;0
Dole;47.09;5.49;21/09/2026;23:00;16.1;0;SOLEIL;4;17.3;0
Dole;47.09;5.49;22/09/2026;00:00;16.1;0;SOLEIL;4;17.3;0
Dole;47.09;5.49;22/09/2026;01:00;16.1;0;SOLEIL;4;18.0;0
Dole;47.09;5.49;22/09/2026;02:00;10.5;0;SOLEIL;5;18.7;0
Dole;47.09;5.49;22/09/2026;03:00;10.5;0;SOLEIL;5;19.1;0
Dole;47.09;5.49;22/09/2026;04:00;10.5;0;SOLEIL;5;19.1;0
Dole;47.09;5.49;22/09/2026;05:00;11.2;0;SOLEIL;5;19.4;0
Dole;47.09;5.49;22/09/2026;06:00;11.2;0;SOLEIL;5;19.8;0
Dole;47.09;5.49;22/09/2026;07:00;11.2;0;SOLEIL;5;20.5;0
Dole;47.09;5.49;22/09/2026;08:00;14.1;0;SOLEIL;5;22.3;0
Dole;47.09;5.49;22/09/2026;09:00;15.9;0;SOLEIL;5;26.6;0
Dole;47.09;5.49;22/09/2026;10:00;17.7;0;SOLEIL;5;32.0;0
Dole;47.09;5.49;22/09/2026;11:00;24.9;0;SOLEIL;5;36.7;0
Dole;47.09;5.49;22/09/2026;12:00;24.9;0;SOLEIL;5;39.6;0
Dole;47.09;5.49;22/09/2026;13:00;24.9;0;SOLEIL;5;41.4;0
Dole;47.09;5.49;22/09/2026;14:00;24.9;0;SOLEIL;5;42.1;0
Dole;47.09;5.49;22/09/2026;15:00;26.7;0;SOLEIL;5;41.8;0
Dole;47.09;5.49;22/09/2026;16:00;24.9;0;SOLEIL;5;40.3;0
Dole;47.09;5.49;22/09/2026;17:00;20.2;0;SOLEIL;4;38.5;0
Dole;47.09;5.49;22/09/2026;18:00;20.2;0;SOLEIL;4;36.0;0
Dole;47.09;5.49;22/09/2026;19:00;20.2;0;SOLEIL;4;32.4;0
Dole;47.09;5.49;22/09/2026;20:00;17.7;0;SOLEIL;5;29.5;0
Dole;47.09;5.49;22/09/2026;21:00;15.9;0;SOLEIL;5;27.0;0
Dole;47.09;5.49;22/09/2026;22:00;14.1;0;SOLEIL;5;24.8;0
Dole;47.09;5.49;22/09/2026;23:00;13.7;0;SOLEIL;4;23.0;0
Dole;47.09;5.49;23/09/2026;00:00;13.7;0;SOLEIL;4;21.9;0
Dole;47.09;5.49;23/09/2026;01:00;13.7;0;SOLEIL;4;21.4;0
Dole;47.09;5.49;23/09/2026;02:00;10.1;0;SOLEIL;5;21.2;0
Dole;47.09;5.49;23/09/2026;03:00;10.1;0;SOLEIL;5;20.5;0
Dole;47.09;5.49;23/09/2026;04:00;10.1;0;SOLEIL;5;20.2;0
Dole;47.09;5.49;23/09/2026;05:00;11;0;SOLEIL;2;18.7;0
Dole;47.09;5.49;23/09/2026;06:00;11;0;SOLEIL;2;16.2;0
Dole;47.09;5.49;23/09/2026;07:00;11;0;SOLEIL;2;13.3;0
Dole;47.09;5.49;23/09/2026;08:00;13.7;0;SOLEIL;5;11.2;0
Dole;47.09;5.49;23/09/2026;09:00;15.6;0;SOLEIL;5;10.1;0
Dole;47.09;5.49;23/09/2026;10:00;17.4;0;SOLEIL;5;9.4;0
Dole;47.09;5.49;23/09/2026;11:00;25.9;0;SOLEIL;2;9.7;0
Dole;47.09;5.49;23/09/2026;12:00;25.9;0;SOLEIL;2;11.2;0
Dole;47.09;5.49;23/09/2026;13:00;25.9;0;SOLEIL;2;13.7;0
Dole;47.09;5.49;23/09/2026;14:00;24.7;0;SOLEIL;5;15.1;0
Dole;47.09;5.49;23/09/2026;15:00;26.5;0;SOLEIL;5;15.5;0
Dole;47.09;5.49;23/09/2026;16:00;24.7;0;SOLEIL;5;15.1;0
Dole;47.09;5.49;23/09/2026;17:00;20.9;0;SOLEIL;3;14.4;0
Dole;47.09;5.49;23/09/2026;18:00;20.9;0;SOLEIL;3;12.2;0
Dole;47.09;5.49;23/09/2026;19:00;20.9;0;SOLEIL;3;9.7;0
Dole;47.09;5.49;23/09/2026;20:00;17.4;0;SOLEIL;5;7.9;0
Dole;47.09;5.49;23/09/2026;21:00;15.6;0;SOLEIL;5;7.9;0
Dole;47.09;5.49;23/09/2026;22:00;13.7;0;SOLEIL;5;9.0;0
Dole;47.09;5.49;23/09/2026;23:00;14.1;0;SOLEIL;2;11.5;0
Lons-le-Saunier;46.67;5.55;19/09/2026;00:00;15.1;0;SOLEIL;2;11.5;0
Lons-le-Saunier;46.67;5.55;19/09/2026;01:00;14.4;0;SOLEIL;1;11.9;0
Lons-le-Saunier;46.67;5.55;19/09/2026;02:00;14.3;0;SOLEIL;2;18.4;0
Lons-le-Saunier;46.67;5.55;19/09/2026;03:00;14.1;0;SOLEIL;2;19.1;0
Lons-le-Saunier;46.67;5.55;19/09/2026;04:00;14;0;SOLEIL;2;19.1;0
Lons-le-Saunier;46.67;5.55;19/09/2026;05:00;13.5;0;SOLEIL;1;14.0;0
Lons-le-Saunier;46.67;5.55;19/09/2026;06:00;13.9;0;SOLEIL;1;16.2;0
Lons-le-Saunier;46.67;5.55;19/09/2026;07:00;16;0;SOLEIL;1;14.8;0
Lons-le-Saunier;46.67;5.55;19/09/2026;08:00;17.7;0;SOLEIL;1;12.6;0
Lons-le-Saunier;46.67;5.55;19/09/2026;09:00;18.6;0;SOLEIL;1;11.9;0
Lons-le-Saunier;46.67;5.55;19/09/2026;10:00;20.2;0;SOLEIL;2;11.2;0
Lons-le-Saunier;46.67;5.55;19/09/2026;11:00;21.4;0;SOLEIL;2;9.4;0
Lons-le-Saunier;46.67;5.55;19/09/2026;12:00;22.6;0;SOLEIL;2;9.7;0
Lons-le-Saunier;46.67;5.55;19/09/2026;13:00;23.8;0;SOLEIL;2;10.4;0
Lons-le-Saunier;46.67;5.55;19/09/2026;14:00;24.5;5;SOLEIL VOILÉ;2;11.9;0
Lons-le-Saunier;46.67;5.55;19/09/2026;15:00;24.4;5;SOLEIL VOILÉ;2;11.9;0
Lons-le-Saunier;46.67;5.55;19/09/2026;16:00;24.1;0;SOLEIL;2;11.9;0
Lons-le-Saunier;46.67;5.55;19/09/2026;17:00;23.2;0;SOLEIL;2;11.5;0
Lons-le-Saunier;46.67;5.55;19/09/2026;18:00;21.2;0;SOLEIL;1;9.4;0
Lons-le-Saunier;46.67;5.55;19/09/2026;19:00;19.5;0;SOLEIL;1;3.2;0
Lons-le-Saunier;46.67;5.55;19/09/2026;20:00;18.4;5;SOLEIL VOILÉ;2;10.1;0
Lons-le-Saunier;46.67;5.55;19/09/2026;21:00;17.6;5;SOLEIL VOILÉ;2;13.3;0
Lons-le-Saunier;46.67;5.55;19/09/2026;22:00;17;0;SOLEIL;3;18.0;0
Lons-le-Saunier;46.67;5.55;19/09/2026;23:00;16.5;0;SOLEIL;3;18.4;0
Lons-le-Saunier;46.67;5.55;20/09/2026;00:00;15.5;0;SOLEIL;3;19.8;0
Lons-le-Saunier;46.67;5.55;20/09/2026;01:00;15.5;0;SOLEIL;3;21.6;0
Lons-le-Saunier;46.67;5.55;20/09/2026;02:00;13.9;0;SOLEIL;3;21.2;0
Lons-le-Saunier;46.67;5.55;20/09/2026;03:00;13.9;0;SOLEIL;3;16.7;0
Lons-le-Saunier;46.67;5.55;20/09/2026;04:00;13.9;0;SOLEIL;3;16.4;0
Lons-le-Saunier;46.67;5.55;20/09/2026;05:00;14.1;5;SOLEIL VOILÉ;3;18.2;0
Lons-le-Saunier;46.67;5.55;20/09/2026;06:00;14.1;5;SOLEIL VOILÉ;3;19.4;0
Lons-le-Saunier;46.67;5.55;20/09/2026;07:00;14.1;5;SOLEIL VOILÉ;3;16.6;0
Lons-le-Saunier;46.67;5.55;20/09/2026;08:00;20.6;5;SOLEIL VOILÉ;1;16.9;0
Lons-le-Saunier;46.67;5.55;20/09/2026;09:00;20.6;5;SOLEIL VOILÉ;1;14.0;0
Lons-le-Saunier;46.67;5.55;20/09/2026;10:00;20.6;5;SOLEIL VOILÉ;1;10.4;0
Lons-le-Saunier;46.67;5.55;20/09/2026;11:00;24.7;5;SOLEIL VOILÉ;2;14.0;0
Lons-le-Saunier;46.67;5.55;20/09/2026;12:00;24.7;5;SOLEIL VOILÉ;2;17.6;0
Lons-le-Saunier;46.67;5.55;20/09/2026;13:00;24.7;5;SOLEIL VOILÉ;2;15.8;0
Lons-le-Saunier;46.67;5.55;20/09/2026;14:00;27.1;5;SOLEIL VOILÉ;3;19.1;0
Lons-le-Saunier;46.67;5.55;20/09/2026;15:00;27.1;5;SOLEIL VOILÉ;3;19.4;0
Lons-le-Saunier;46.67;5.55;20/09/2026;16:00;27.1;5;SOLEIL VOILÉ;3;17.6;0
Lons-le-Saunier;46.67;5.55;20/09/2026;17:00;23.1;5;SOLEIL VOILÉ;2;19.4;0
Lons-le-Saunier;46.67;5.55;20/09/2026;18:00;23.1;5;SOLEIL VOILÉ;2;20.2;0
Lons-le-Saunier;46.67;5.55;20/09/2026;19:00;23.1;5;SOLEIL VOILÉ;2;18.4;0
Lons-le-Saunier;46.67;5.55;20/09/2026;20:00;19.5;5;SOLEIL VOILÉ;2;14.0;0
Lons-le-Saunier;46.67;5.55;20/09/2026;21:00;19.5;5;SOLEIL VOILÉ;2;14.0;0
Lons-le-Saunier;46.67;5.55;20/09/2026;22:00;19.5;5;SOLEIL VOILÉ;2;15.8;0
Lons-le-Saunier;46.67;5.55;20/09/2026;23:00;17;5;SOLEIL VOILÉ;2;16.6;0
Lons-le-Saunier;46.67;5.55;21/09/2026;00:00;17;5;SOLEIL VOILÉ;2;16.9;0
Lons-le-Saunier;46.67;5.55;21/09/2026;01:00;17;5;SOLEIL VOILÉ;2;18.0;0
Lons-le-Saunier;46.67;5.55;21/09/2026;02:00;15.1;5;SOLEIL VOILÉ;2;18.0;0
Lons-le-Saunier;46.67;5.55;21/09/2026;03:00;15.1;5;SOLEIL VOILÉ;2;17.3;0
Lons-le-Saunier;46.67;5.55;21/09/2026;04:00;15.1;5;SOLEIL VOILÉ;2;15.8;0
Lons-le-Saunier;46.67;5.55;21/09/2026;05:00;14.7;5;SOLEIL VOILÉ;2;15.5;0
Lons-le-Saunier;46.67;5.55;21/09/2026;06:00;14.7;5;SOLEIL VOILÉ;2;14.8;0
Lons-le-Saunier;46.67;5.55;21/09/2026;07:00;14.7;5;SOLEIL VOILÉ;2;14.0;0
Lons-le-Saunier;46.67;5.55;21/09/2026;08:00;21;5;SOLEIL VOILÉ;4;13.7;0
Lons-le-Saunier;46.67;5.55;21/09/2026;09:00;21;5;SOLEIL VOILÉ;4;17.6;0
Lons-le-Saunier;46.67;5.55;21/09/2026;10:00;21;5;SOLEIL VOILÉ;4;23.4;0
Lons-le-Saunier;46.67;5.55;21/09/2026;11:00;23.2;5;SOLEIL VOILÉ;5;28.8;0
Lons-le-Saunier;46.67;5.55;21/09/2026;12:00;23.2;5;SOLEIL VOILÉ;5;33.5;0
Lons-le-Saunier;46.67;5.55;21/09/2026;13:00;23.2;5;SOLEIL VOILÉ;5;37.8;0
Lons-le-Saunier;46.67;5.55;21/09/2026;14:00;26.2;0;SOLEIL;6;40.7;0
Lons-le-Saunier;46.67;5.55;21/09/2026;15:00;26.2;0;SOLEIL;6;41.8;0
Lons-le-Saunier;46.67;5.55;21/09/2026;16:00;26.2;0;SOLEIL;6;41.4;0
Lons-le-Saunier;46.67;5.55;21/09/2026;17:00;22.2;0;SOLEIL;5;40.0;0
Lons-le-Saunier;46.67;5.55;21/09/2026;18:00;22.2;0;SOLEIL;5;36.4;0
Lons-le-Saunier;46.67;5.55;21/09/2026;19:00;22.2;0;SOLEIL;5;31.7;0
Lons-le-Saunier;46.67;5.55;21/09/2026;20:00;19.9;5;SOLEIL VOILÉ;5;27.4;0
Lons-le-Saunier;46.67;5.55;21/09/2026;21:00;18.4;5;SOLEIL VOILÉ;5;24.5;0
Lons-le-Saunier;46.67;5.55;21/09/2026;22:00;16.9;5;SOLEIL VOILÉ;5;22.0;0
Lons-le-Saunier;46.67;5.55;21/09/2026;23:00;16.4;0;SOLEIL;4;20.2;0
Lons-le-Saunier;46.67;5.55;22/09/2026;00:00;16.4;0;SOLEIL;4;18.7;0
Lons-le-Saunier;46.67;5.55;22/09/2026;01:00;16.4;0;SOLEIL;4;18.0;0
Lons-le-Saunier;46.67;5.55;22/09/2026;02:00;11.1;0;SOLEIL;5;17.3;0
Lons-le-Saunier;46.67;5.55;22/09/2026;03:00;11.1;0;SOLEIL;5;16.6;0
Lons-le-Saunier;46.67;5.55;22/09/2026;04:00;11.1;0;SOLEIL;5;15.8;0
Lons-le-Saunier;46.67;5.55;22/09/2026;05:00;12.1;0;SOLEIL;4;15.1;0
Lons-le-Saunier;46.67;5.55;22/09/2026;06:00;12.1;0;SOLEIL;4;14.0;0
Lons-le-Saunier;46.67;5.55;22/09/2026;07:00;12.1;0;SOLEIL;4;13.0;0
Lons-le-Saunier;46.67;5.55;22/09/2026;08:00;14.6;0;SOLEIL;5;14.0;0
Lons-le-Saunier;46.67;5.55;22/09/2026;09:00;16.3;0;SOLEIL;5;18.7;0
Lons-le-Saunier;46.67;5.55;22/09/2026;10:00;18.0;0;SOLEIL;5;25.2;0
Lons-le-Saunier;46.67;5.55;22/09/2026;11:00;24.6;0;SOLEIL;6;31.3;0
Lons-le-Saunier;46.67;5.55;22/09/2026;12:00;24.6;0;SOLEIL;6;37.1;0
Lons-le-Saunier;46.67;5.55;22/09/2026;13:00;24.6;0;SOLEIL;6;42.1;0
Lons-le-Saunier;46.67;5.55;22/09/2026;14:00;25.0;0;SOLEIL;5;45.7;0
Lons-le-Saunier;46.67;5.55;22/09/2026;15:00;26.7;0;SOLEIL;5;46.8;0
Lons-le-Saunier;46.67;5.55;22/09/2026;16:00;25.0;0;SOLEIL;5;46.4;0
Lons-le-Saunier;46.67;5.55;22/09/2026;17:00;22.1;0;SOLEIL;5;44.6;0
Lons-le-Saunier;46.67;5.55;22/09/2026;18:00;22.1;0;SOLEIL;5;41.4;0
Lons-le-Saunier;46.67;5.55;22/09/2026;19:00;22.1;0;SOLEIL;5;36.7;0
Lons-le-Saunier;46.67;5.55;22/09/2026;20:00;18.0;0;SOLEIL;5;32.0;0
Lons-le-Saunier;46.67;5.55;22/09/2026;21:00;16.3;0;SOLEIL;5;27.4;0
Lons-le-Saunier;46.67;5.55;22/09/2026;22:00;14.6;0;SOLEIL;5;22.7;0
Lons-le-Saunier;46.67;5.55;22/09/2026;23:00;14.4;0;SOLEIL;3;19.4;0
Lons-le-Saunier;46.67;5.55;23/09/2026;00:00;14.4;0;SOLEIL;3;17.4;0
Lons-le-Saunier;46.67;5.55;23/09/2026;01:00;14.4;0;SOLEIL;3;15.7;0
Lons-le-Saunier;46.67;5.55;23/09/2026;02:00;11.5;0;SOLEIL;5;13.9;0
Lons-le-Saunier;46.67;5.55;23/09/2026;03:00;11.5;0;SOLEIL;5;11.9;0
Lons-le-Saunier;46.67;5.55;23/09/2026;04:00;11.5;0;SOLEIL;5;11.5;0
Lons-le-Saunier;46.67;5.55;23/09/2026;05:00;12.5;0;SOLEIL;1;11.5;0
Lons-le-Saunier;46.67;5.55;23/09/2026;06:00;12.5;0;SOLEIL;1;11.5;0
Lons-le-Saunier;46.67;5.55;23/09/2026;07:00;12.5;0;SOLEIL;1;11.5;0
Lons-le-Saunier;46.67;5.55;23/09/2026;08:00;14.6;0;SOLEIL;5;11.9;0
Lons-le-Saunier;46.67;5.55;23/09/2026;09:00;16.2;0;SOLEIL;5;13.3;0
Lons-le-Saunier;46.67;5.55;23/09/2026;10:00;17.8;0;SOLEIL;5;14.8;0
Lons-le-Saunier;46.67;5.55;23/09/2026;11:00;24.6;0;SOLEIL;2;16.2;0
Lons-le-Saunier;46.67;5.55;23/09/2026;12:00;24.6;0;SOLEIL;2;16.6;0
Lons-le-Saunier;46.67;5.55;23/09/2026;13:00;24.6;0;SOLEIL;2;16.6;0
Lons-le-Saunier;46.67;5.55;23/09/2026;14:00;24.0;0;SOLEIL;5;16.6;0
Lons-le-Saunier;46.67;5.55;23/09/2026;15:00;25.6;0;SOLEIL;5;16.9;0
Lons-le-Saunier;46.67;5.55;23/09/2026;16:00;24.0;0;SOLEIL;5;16.9;0
Lons-le-Saunier;46.67;5.55;23/09/2026;17:00;22.6;0;SOLEIL;3;15.8;0
Lons-le-Saunier;46.67;5.55;23/09/2026;18:00;22.6;0;SOLEIL;3;12.2;0
Lons-le-Saunier;46.67;5.55;23/09/2026;19:00;22.6;0;SOLEIL;3;7.6;0
Lons-le-Saunier;46.67;5.55;23/09/2026;20:00;17.8;0;SOLEIL;5;5.4;0
Lons-le-Saunier;46.67;5.55;23/09/2026;21:00;16.2;0;SOLEIL;5;7.9;0
Lons-le-Saunier;46.67;5.55;23/09/2026;22:00;14.6;0;SOLEIL;5;13.0;0
Lons-le-Saunier;46.67;5.55;23/09/2026;23:00;17.1;0;SOLEIL;1;16.9;0
Morez;46.52;6.02;19/09/2026;00:00;5.4;0;SOLEIL;0;8.6;0
Morez;46.52;6.02;19/09/2026;01:00;4.6;0;SOLEIL;0;7.9;0
Morez;46.52;6.02;19/09/2026;02:00;3.4;0;SOLEIL;0;8.6;0
Morez;46.52;6.02;19/09/2026;03:00;3.2;0;SOLEIL;0;8.6;0
Morez;46.52;6.02;19/09/2026;04:00;2.5;0;SOLEIL;0;7.6;0
Morez;46.52;6.02;19/09/2026;05:00;2.4;0;SOLEIL;0;8.6;0
Morez;46.52;6.02;19/09/2026;06:00;2.6;0;SOLEIL;0;7.2;0
Morez;46.52;6.02;19/09/2026;07:00;6.6;0;SOLEIL;0;7.2;0
Morez;46.52;6.02;19/09/2026;08:00;12.1;0;SOLEIL;0;6.5;0
Morez;46.52;6.02;19/09/2026;09:00;16.6;0;SOLEIL;0;5.4;0
Morez;46.52;6.02;19/09/2026;10:00;18.8;0;SOLEIL;0;6.8;0
Morez;46.52;6.02;19/09/2026;11:00;20.6;0;SOLEIL;1;9.4;0
Morez;46.52;6.02;19/09/2026;12:00;21.8;0;SOLEIL;2;10.4;0
Morez;46.52;6.02;19/09/2026;13:00;22.7;0;SOLEIL;2;11.5;0
Morez;46.52;6.02;19/09/2026;14:00;23.2;0;SOLEIL;2;11.2;0
Morez;46.52;6.02;19/09/2026;15:00;22.4;0;SOLEIL;2;9.7;0
Morez;46.52;6.02;19/09/2026;16:00;20.6;0;SOLEIL;2;11.2;0
Morez;46.52;6.02;19/09/2026;17:00;18.2;0;SOLEIL;2;11.2;0
Morez;46.52;6.02;19/09/2026;18:00;15.2;0;SOLEIL;1;13.7;0
Morez;46.52;6.02;19/09/2026;19:00;12.7;0;SOLEIL;0;17.3;0
Morez;46.52;6.02;19/09/2026;20:00;11.1;5;SOLEIL VOILÉ;0;10.1;0
Morez;46.52;6.02;19/09/2026;21:00;9.9;5;SOLEIL VOILÉ;2;9.0;0
Morez;46.52;6.02;19/09/2026;22:00;9.3;5;SOLEIL VOILÉ;2;5.8;0
Morez;46.52;6.02;19/09/2026;23:00;8.6;0;SOLEIL;0;8.3;0
Morez;46.52;6.02;20/09/2026;00:00;8.2;0;SOLEIL;0;7.9;0
Morez;46.52;6.02;20/09/2026;01:00;8.2;0;SOLEIL;0;8.3;0
Morez;46.52;6.02;20/09/2026;02:00;7.2;0;SOLEIL;2;8.6;0
Morez;46.52;6.02;20/09/2026;03:00;7.2;0;SOLEIL;2;8.7;0
Morez;46.52;6.02;20/09/2026;04:00;7.2;0;SOLEIL;2;8.8;0
Morez;46.52;6.02;20/09/2026;05:00;6.6;0;SOLEIL;2;7.2;0
Morez;46.52;6.02;20/09/2026;06:00;6.6;0;SOLEIL;2;8.6;0
Morez;46.52;6.02;20/09/2026;07:00;6.6;0;SOLEIL;2;9.7;0
Morez;46.52;6.02;20/09/2026;08:00;19.1;5;SOLEIL VOILÉ;1;13.7;0
Morez;46.52;6.02;20/09/2026;09:00;19.1;5;SOLEIL VOILÉ;1;11.5;0
Morez;46.52;6.02;20/09/2026;10:00;19.1;5;SOLEIL VOILÉ;1;7.9;0
Morez;46.52;6.02;20/09/2026;11:00;23.5;5;SOLEIL VOILÉ;2;10.1;0
Morez;46.52;6.02;20/09/2026;12:00;23.5;5;SOLEIL VOILÉ;2;18.0;0
Morez;46.52;6.02;20/09/2026;13:00;23.5;5;SOLEIL VOILÉ;2;22.0;0
Morez;46.52;6.02;20/09/2026;14:00;23.6;5;SOLEIL VOILÉ;3;23.8;0
Morez;46.52;6.02;20/09/2026;15:00;23.6;5;SOLEIL VOILÉ;3;25.9;0
Morez;46.52;6.02;20/09/2026;16:00;23.6;5;SOLEIL VOILÉ;3;24.8;0
Morez;46.52;6.02;20/09/2026;17:00;16.7;5;SOLEIL VOILÉ;2;23.0;0
Morez;46.52;6.02;20/09/2026;18:00;16.7;5;SOLEIL VOILÉ;2;22.0;0
Morez;46.52;6.02;20/09/2026;19:00;16.7;5;SOLEIL VOILÉ;2;19.1;0
Morez;46.52;6.02;20/09/2026;20:00;11.1;5;SOLEIL VOILÉ;2;15.8;0
Morez;46.52;6.02;20/09/2026;21:00;11.1;5;SOLEIL VOILÉ;2;18.0;0
Morez;46.52;6.02;20/09/2026;22:00;11.1;5;SOLEIL VOILÉ;2;19.4;0
Morez;46.52;6.02;20/09/2026;23:00;8;5;SOLEIL VOILÉ;2;19.8;0
Morez;46.52;6.02;21/09/2026;00:00;8;5;SOLEIL VOILÉ;2;21.2;0
Morez;46.52;6.02;21/09/2026;01:00;8;5;SOLEIL VOILÉ;2;20.5;0
Morez;46.52;6.02;21/09/2026;02:00;6.7;5;SOLEIL VOILÉ;2;22.3;0
Morez;46.52;6.02;21/09/2026;03:00;6.7;5;SOLEIL VOILÉ;2;21.6;0
Morez;46.52;6.02;21/09/2026;04:00;6.7;5;SOLEIL VOILÉ;2;18.7;0
Morez;46.52;6.02;21/09/2026;05:00;6.6;5;SOLEIL VOILÉ;2;18.7;0
Morez;46.52;6.02;21/09/2026;06:00;6.6;5;SOLEIL VOILÉ;2;18.4;0
Morez;46.52;6.02;21/09/2026;07:00;6.6;5;SOLEIL VOILÉ;2;17.3;0
Morez;46.52;6.02;21/09/2026;08:00;18.4;5;SOLEIL VOILÉ;2;16.9;0
Morez;46.52;6.02;21/09/2026;09:00;18.4;5;SOLEIL VOILÉ;2;17.3;0
Morez;46.52;6.02;21/09/2026;10:00;18.4;5;SOLEIL VOILÉ;2;18.4;0
Morez;46.52;6.02;21/09/2026;11:00;23.1;5;SOLEIL VOILÉ;3;20.2;0
Morez;46.52;6.02;21/09/2026;12:00;23.1;5;SOLEIL VOILÉ;3;23.4;0
Morez;46.52;6.02;21/09/2026;13:00;23.1;5;SOLEIL VOILÉ;3;27.7;0
Morez;46.52;6.02;21/09/2026;14:00;23;0;SOLEIL;3;31.0;0
Morez;46.52;6.02;21/09/2026;15:00;23;0;SOLEIL;3;32.4;0
Morez;46.52;6.02;21/09/2026;16:00;23;0;SOLEIL;3;32.4;0
Morez;46.52;6.02;21/09/2026;17:00;15.6;0;SOLEIL;3;31.7;0
Morez;46.52;6.02;21/09/2026;18:00;15.6;0;SOLEIL;3;29.9;0
Morez;46.52;6.02;21/09/2026;19:00;15.6;0;SOLEIL;3;27.4;0
Morez;46.52;6.02;21/09/2026;20:00;13.5;5;SOLEIL VOILÉ;5;24.5;0
Morez;46.52;6.02;21/09/2026;21:00;11.3;5;SOLEIL VOILÉ;5;20.9;0
Morez;46.52;6.02;21/09/2026;22:00;9.0;5;SOLEIL VOILÉ;5;17.3;0
Morez;46.52;6.02;21/09/2026;23:00;9.6;0;SOLEIL;2;14.8;0
Morez;46.52;6.02;22/09/2026;00:00;9.6;0;SOLEIL;2;15.1;0
Morez;46.52;6.02;22/09/2026;01:00;9.6;0;SOLEIL;2;16.6;0
Morez;46.52;6.02;22/09/2026;02:00;4.5;0;SOLEIL;5;18.0;0
Morez;46.52;6.02;22/09/2026;03:00;4.5;0;SOLEIL;5;18.0;0
Morez;46.52;6.02;22/09/2026;04:00;4.5;0;SOLEIL;5;18.0;0
Morez;46.52;6.02;22/09/2026;05:00;6.2;0;SOLEIL;3;18.0;0
Morez;46.52;6.02;22/09/2026;06:00;6.2;0;SOLEIL;3;19.1;0
Morez;46.52;6.02;22/09/2026;07:00;6.2;0;SOLEIL;3;20.5;0
Morez;46.52;6.02;22/09/2026;08:00;9.1;0;SOLEIL;5;22.0;0
Morez;46.52;6.02;22/09/2026;09:00;11.4;0;SOLEIL;5;23.0;0
Morez;46.52;6.02;22/09/2026;10:00;13.7;0;SOLEIL;5;23.8;0
Morez;46.52;6.02;22/09/2026;11:00;24.1;0;SOLEIL;2;24.8;0
Morez;46.52;6.02;22/09/2026;12:00;24.1;0;SOLEIL;2;27.0;0
Morez;46.52;6.02;22/09/2026;13:00;24.1;0;SOLEIL;2;29.5;0
Morez;46.52;6.02;22/09/2026;14:00;22.8;0;SOLEIL;5;31.3;0
Morez;46.52;6.02;22/09/2026;15:00;25.1;0;SOLEIL;5;31.7;0
Morez;46.52;6.02;22/09/2026;16:00;22.8;0;SOLEIL;5;31.0;0
Morez;46.52;6.02;22/09/2026;17:00;14.6;0;SOLEIL;3;29.9;0
Morez;46.52;6.02;22/09/2026;18:00;14.6;0;SOLEIL;3;28.8;0
Morez;46.52;6.02;22/09/2026;19:00;14.6;0;SOLEIL;3;27.0;0
Morez;46.52;6.02;22/09/2026;20:00;13.7;0;SOLEIL;5;25.9;0
Morez;46.52;6.02;22/09/2026;21:00;11.4;0;SOLEIL;5;25.6;0
Morez;46.52;6.02;22/09/2026;22:00;9.1;0;SOLEIL;5;25.9;0
Morez;46.52;6.02;22/09/2026;23:00;7;0;SOLEIL;2;24.8;0
Morez;46.52;6.02;23/09/2026;00:00;7;0;SOLEIL;2;26.2;0
Morez;46.52;6.02;23/09/2026;01:00;7;0;SOLEIL;2;23.2;0
Morez;46.52;6.02;23/09/2026;02:00;3.6;0;SOLEIL;5;18.9;0
Morez;46.52;6.02;23/09/2026;03:00;3.6;0;SOLEIL;5;16.9;0
Morez;46.52;6.02;23/09/2026;04:00;3.6;0;SOLEIL;5;15.8;0
Morez;46.52;6.02;23/09/2026;05:00;5.1;0;SOLEIL;1;15.5;0
Morez;46.52;6.02;23/09/2026;06:00;5.1;0;SOLEIL;1;15.8;0
Morez;46.52;6.02;23/09/2026;07:00;5.1;0;SOLEIL;1;17.3;0
Morez;46.52;6.02;23/09/2026;08:00;8.3;0;SOLEIL;5;19.4;0
Morez;46.52;6.02;23/09/2026;09:00;10.6;0;SOLEIL;5;23.0;0
Morez;46.52;6.02;23/09/2026;10:00;12.9;0;SOLEIL;5;27.4;0
Morez;46.52;6.02;23/09/2026;11:00;24.1;0;SOLEIL;2;30.6;0
Morez;46.52;6.02;23/09/2026;12:00;24.1;0;SOLEIL;2;31.3;0
Morez;46.52;6.02;23/09/2026;13:00;24.1;0;SOLEIL;2;31.0;0
Morez;46.52;6.02;23/09/2026;14:00;22.3;0;SOLEIL;5;31.0;0
Morez;46.52;6.02;23/09/2026;15:00;24.6;0;SOLEIL;5;32.4;0
Morez;46.52;6.02;23/09/2026;16:00;22.3;0;SOLEIL;5;33.8;0
Morez;46.52;6.02;23/09/2026;17:00;16.6;0;SOLEIL;1;34.6;0
Morez;46.52;6.02;23/09/2026;18:00;16.6;0;SOLEIL;1;32.8;0
Morez;46.52;6.02;23/09/2026;19:00;16.6;0;SOLEIL;1;29.5;0
Morez;46.52;6.02;23/09/2026;20:00;12.9;0;SOLEIL;5;28.8;0
Morez;46.52;6.02;23/09/2026;21:00;10.6;0;SOLEIL;5;32.4;0
Morez;46.52;6.02;23/09/2026;22:00;8.3;0;SOLEIL;5;38.2;0
Morez;46.52;6.02;23/09/2026;23:00;9.6;0;SOLEIL;1;42.5;0
Thoirette;46.27;5.53;19/09/2026;00:00;7.2;0;SOLEIL;1;7.2;0
Thoirette;46.27;5.53;19/09/2026;01:00;6.6;0;SOLEIL;1;2.5;0
Thoirette;46.27;5.53;19/09/2026;02:00;6.3;0;SOLEIL;1;4.3;0
Thoirette;46.27;5.53;19/09/2026;03:00;5.6;0;SOLEIL;1;4.7;0
Thoirette;46.27;5.53;19/09/2026;04:00;5.4;0;SOLEIL;1;3.6;0
Thoirette;46.27;5.53;19/09/2026;05:00;4.9;0;SOLEIL;1;4.0;0
Thoirette;46.27;5.53;19/09/2026;06:00;4.7;0;SOLEIL;1;4.0;0
Thoirette;46.27;5.53;19/09/2026;07:00;8.6;0;SOLEIL;0;4.3;0
Thoirette;46.27;5.53;19/09/2026;08:00;13.5;0;SOLEIL;0;2.9;0
Thoirette;46.27;5.53;19/09/2026;09:00;18;0;SOLEIL;0;5.8;0
Thoirette;46.27;5.53;19/09/2026;10:00;21.3;0;SOLEIL;0;5.0;0
Thoirette;46.27;5.53;19/09/2026;11:00;22.5;0;SOLEIL;1;9.0;0
Thoirette;46.27;5.53;19/09/2026;12:00;23.3;0;SOLEIL;2;11.9;0
Thoirette;46.27;5.53;19/09/2026;13:00;24.4;0;SOLEIL;2;10.4;0
Thoirette;46.27;5.53;19/09/2026;14:00;24.9;0;SOLEIL;2;14.4;0
Thoirette;46.27;5.53;19/09/2026;15:00;24.2;0;SOLEIL;2;18.7;0
Thoirette;46.27;5.53;19/09/2026;16:00;23;0;SOLEIL;2;18.0;0
Thoirette;46.27;5.53;19/09/2026;17:00;21.1;0;SOLEIL;1;10.8;0
Thoirette;46.27;5.53;19/09/2026;18:00;17.6;0;SOLEIL;0;11.5;0
Thoirette;46.27;5.53;19/09/2026;19:00;14.9;0;SOLEIL;0;12.6;0
Thoirette;46.27;5.53;19/09/2026;20:00;12.9;5;SOLEIL VOILÉ;1;9.0;0
Thoirette;46.27;5.53;19/09/2026;21:00;11.2;5;SOLEIL VOILÉ;1;3.6;0
Thoirette;46.27;5.53;19/09/2026;22:00;10;0;SOLEIL;1;2.2;0
Thoirette;46.27;5.53;19/09/2026;23:00;9.1;0;SOLEIL;1;3.6;0
Thoirette;46.27;5.53;20/09/2026;00:00;8.5;0;SOLEIL;1;4.7;0
Thoirette;46.27;5.53;20/09/2026;01:00;8.5;0;SOLEIL;1;4.3;0
Thoirette;46.27;5.53;20/09/2026;02:00;7.1;0;SOLEIL;1;5.0;0
Thoirette;46.27;5.53;20/09/2026;03:00;7.1;0;SOLEIL;1;6.6;0
Thoirette;46.27;5.53;20/09/2026;04:00;7.1;0;SOLEIL;1;7.7;0
Thoirette;46.27;5.53;20/09/2026;05:00;6.6;0;SOLEIL;1;14.0;0
Thoirette;46.27;5.53;20/09/2026;06:00;6.6;0;SOLEIL;1;17.3;0
Thoirette;46.27;5.53;20/09/2026;07:00;6.6;0;SOLEIL;1;13.7;0
Thoirette;46.27;5.53;20/09/2026;08:00;20.9;5;SOLEIL VOILÉ;1;12.2;0
Thoirette;46.27;5.53;20/09/2026;09:00;20.9;5;SOLEIL VOILÉ;1;13.0;0
Thoirette;46.27;5.53;20/09/2026;10:00;20.9;5;SOLEIL VOILÉ;1;13.0;0
Thoirette;46.27;5.53;20/09/2026;11:00;26.1;5;SOLEIL VOILÉ;3;14.0;0
Thoirette;46.27;5.53;20/09/2026;12:00;26.1;5;SOLEIL VOILÉ;3;19.8;0
Thoirette;46.27;5.53;20/09/2026;13:00;26.1;5;SOLEIL VOILÉ;3;24.8;0
Thoirette;46.27;5.53;20/09/2026;14:00;26.5;5;SOLEIL VOILÉ;3;28.8;0
Thoirette;46.27;5.53;20/09/2026;15:00;26.5;5;SOLEIL VOILÉ;3;31.0;0
Thoirette;46.27;5.53;20/09/2026;16:00;26.5;5;SOLEIL VOILÉ;3;31.0;0
Thoirette;46.27;5.53;20/09/2026;17:00;19.9;5;SOLEIL VOILÉ;2;29.9;0
Thoirette;46.27;5.53;20/09/2026;18:00;19.9;5;SOLEIL VOILÉ;2;27.0;0
Thoirette;46.27;5.53;20/09/2026;19:00;19.9;5;SOLEIL VOILÉ;2;26.3;0
Thoirette;46.27;5.53;20/09/2026;20:00;13.4;5;SOLEIL VOILÉ;2;32.4;0
Thoirette;46.27;5.53;20/09/2026;21:00;13.4;5;SOLEIL VOILÉ;2;32.0;0
Thoirette;46.27;5.53;20/09/2026;22:00;13.4;5;SOLEIL VOILÉ;2;31.3;0
Thoirette;46.27;5.53;20/09/2026;23:00;11.1;5;SOLEIL VOILÉ;2;31.3;0
Thoirette;46.27;5.53;21/09/2026;00:00;11.1;5;SOLEIL VOILÉ;2;29.9;0
Thoirette;46.27;5.53;21/09/2026;01:00;11.1;5;SOLEIL VOILÉ;2;29.9;0
Thoirette;46.27;5.53;21/09/2026;02:00;9.6;5;SOLEIL VOILÉ;2;28.1;0
Thoirette;46.27;5.53;21/09/2026;03:00;9.6;5;SOLEIL VOILÉ;2;30.6;0
Thoirette;46.27;5.53;21/09/2026;04:00;9.6;5;SOLEIL VOILÉ;2;29.2;0
Thoirette;46.27;5.53;21/09/2026;05:00;9.1;5;SOLEIL VOILÉ;2;28.1;0
Thoirette;46.27;5.53;21/09/2026;06:00;9.1;5;SOLEIL VOILÉ;2;27.7;0
Thoirette;46.27;5.53;21/09/2026;07:00;9.1;5;SOLEIL VOILÉ;2;26.6;0
Thoirette;46.27;5.53;21/09/2026;08:00;20.4;5;SOLEIL VOILÉ;3;25.2;0
Thoirette;46.27;5.53;21/09/2026;09:00;20.4;5;SOLEIL VOILÉ;3;25.9;0
Thoirette;46.27;5.53;21/09/2026;10:00;20.4;5;SOLEIL VOILÉ;3;27.7;0
Thoirette;46.27;5.53;21/09/2026;11:00;25;5;SOLEIL VOILÉ;4;30.6;0
Thoirette;46.27;5.53;21/09/2026;12:00;25;5;SOLEIL VOILÉ;4;35.3;0
Thoirette;46.27;5.53;21/09/2026;13:00;25;5;SOLEIL VOILÉ;4;40.7;0
Thoirette;46.27;5.53;21/09/2026;14:00;26.2;0;SOLEIL;5;44.6;0
Thoirette;46.27;5.53;21/09/2026;15:00;26.2;0;SOLEIL;5;45.7;0
Thoirette;46.27;5.53;21/09/2026;16:00;26.2;0;SOLEIL;5;45.0;0
Thoirette;46.27;5.53;21/09/2026;17:00;20.5;0;SOLEIL;4;44.3;0
Thoirette;46.27;5.53;21/09/2026;18:00;20.5;0;SOLEIL;4;44.3;0
Thoirette;46.27;5.53;21/09/2026;19:00;20.5;0;SOLEIL;4;44.3;0
Thoirette;46.27;5.53;21/09/2026;20:00;16.4;5;SOLEIL VOILÉ;5;42.8;0
Thoirette;46.27;5.53;21/09/2026;21:00;14.3;5;SOLEIL VOILÉ;5;39.6;0
Thoirette;46.27;5.53;21/09/2026;22:00;12.2;5;SOLEIL VOILÉ;5;35.3;0
Thoirette;46.27;5.53;21/09/2026;23:00;10.6;0;SOLEIL;2;31.3;0
Thoirette;46.27;5.53;22/09/2026;00:00;10.6;0;SOLEIL;2;28.8;0
Thoirette;46.27;5.53;22/09/2026;01:00;10.6;0;SOLEIL;2;26.6;0
Thoirette;46.27;5.53;22/09/2026;02:00;4.4;0;SOLEIL;5;25.2;0
Thoirette;46.27;5.53;22/09/2026;03:00;4.4;0;SOLEIL;5;24.5;0
Thoirette;46.27;5.53;22/09/2026;04:00;4.4;0;SOLEIL;5;24.5;0
Thoirette;46.27;5.53;22/09/2026;05:00;5.6;0;SOLEIL;1;23.8;0
Thoirette;46.27;5.53;22/09/2026;06:00;5.6;0;SOLEIL;1;22.0;0
Thoirette;46.27;5.53;22/09/2026;07:00;5.6;0;SOLEIL;1;19.4;0
Thoirette;46.27;5.53;22/09/2026;08:00;9.3;0;SOLEIL;5;18.0;0
Thoirette;46.27;5.53;22/09/2026;09:00;11.8;0;SOLEIL;5;18.0;0
Thoirette;46.27;5.53;22/09/2026;10:00;14.3;0;SOLEIL;5;19.1;0
Thoirette;46.27;5.53;22/09/2026;11:00;24.1;0;SOLEIL;2;21.6;0
Thoirette;46.27;5.53;22/09/2026;12:00;24.1;0;SOLEIL;2;26.3;0
Thoirette;46.27;5.53;22/09/2026;13:00;24.1;0;SOLEIL;2;32.4;0
Thoirette;46.27;5.53;22/09/2026;14:00;24.1;0;SOLEIL;5;37.4;0
Thoirette;46.27;5.53;22/09/2026;15:00;26.6;0;SOLEIL;5;40.7;0
Thoirette;46.27;5.53;22/09/2026;16:00;24.1;0;SOLEIL;5;43.2;0
Thoirette;46.27;5.53;22/09/2026;17:00;19.5;0;SOLEIL;3;45.0;0
Thoirette;46.27;5.53;22/09/2026;18:00;19.5;0;SOLEIL;3;47.5;0
Thoirette;46.27;5.53;22/09/2026;19:00;19.5;0;SOLEIL;3;49.7;0
Thoirette;46.27;5.53;22/09/2026;20:00;14.3;0;SOLEIL;5;48.2;0
Thoirette;46.27;5.53;22/09/2026;21:00;11.8;0;SOLEIL;5;40.0;0
Thoirette;46.27;5.53;22/09/2026;22:00;9.3;0;SOLEIL;5;28.4;0
Thoirette;46.27;5.53;22/09/2026;23:00;9.2;0;SOLEIL;2;19.1;0
Thoirette;46.27;5.53;23/09/2026;00:00;9.2;0;SOLEIL;2;14.7;0
Thoirette;46.27;5.53;23/09/2026;01:00;9.2;0;SOLEIL;2;13.3;0
Thoirette;46.27;5.53;23/09/2026;02:00;5.5;0;SOLEIL;5;13.1;0
Thoirette;46.27;5.53;23/09/2026;03:00;5.5;0;SOLEIL;5;12.6;0
Thoirette;46.27;5.53;23/09/2026;04:00;5.5;0;SOLEIL;5;11.9;0
Thoirette;46.27;5.53;23/09/2026;05:00;6.9;0;SOLEIL;2;11.5;0
Thoirette;46.27;5.53;23/09/2026;06:00;6.9;0;SOLEIL;2;11.2;0
Thoirette;46.27;5.53;23/09/2026;07:00;6.9;0;SOLEIL;2;11.2;0
Thoirette;46.27;5.53;23/09/2026;08:00;10.2;0;SOLEIL;5;11.9;0
Thoirette;46.27;5.53;23/09/2026;09:00;12.5;0;SOLEIL;5;13.7;0
Thoirette;46.27;5.53;23/09/2026;10:00;14.8;0;SOLEIL;5;15.8;0
Thoirette;46.27;5.53;23/09/2026;11:00;26;0;SOLEIL;3;17.3;0
Thoirette;46.27;5.53;23/09/2026;12:00;26;0;SOLEIL;3;17.3;0
Thoirette;46.27;5.53;23/09/2026;13:00;26;0;SOLEIL;3;16.2;0
Thoirette;46.27;5.53;23/09/2026;14:00;24.2;0;SOLEIL;5;16.2;0
Thoirette;46.27;5.53;23/09/2026;15:00;26.5;0;SOLEIL;5;18.4;0
Thoirette;46.27;5.53;23/09/2026;16:00;24.2;0;SOLEIL;5;20.9;0
Thoirette;46.27;5.53;23/09/2026;17:00;20;0;SOLEIL;1;21.6;0
Thoirette;46.27;5.53;23/09/2026;18:00;20;0;SOLEIL;1;18.0;0
Thoirette;46.27;5.53;23/09/2026;19:00;20;0;SOLEIL;1;12.6;0
Thoirette;46.27;5.53;23/09/2026;20:00;14.8;0;SOLEIL;5;9.0;0
Thoirette;46.27;5.53;23/09/2026;21:00;12.5;0;SOLEIL;5;9.0;0
Thoirette;46.27;5.53;23/09/2026;22:00;10.2;0;SOLEIL;5;10.8;0
Thoirette;46.27;5.53;23/09/2026;23:00;12.6;0;SOLEIL;2;12.6;0
Cosne-Cours-sur-Loire;47.41;2.92;19/09/2026;00:00;11.4;0;SOLEIL;1;2.9;0
Cosne-Cours-sur-Loire;47.41;2.92;19/09/2026;01:00;11;0;SOLEIL;1;2.5;0
Cosne-Cours-sur-Loire;47.41;2.92;19/09/2026;02:00;9.7;0;SOLEIL;1;2.9;0
Cosne-Cours-sur-Loire;47.41;2.92;19/09/2026;03:00;9.9;0;SOLEIL;1;2.5;0
Cosne-Cours-sur-Loire;47.41;2.92;19/09/2026;04:00;8.7;0;SOLEIL;1;3.6;0
Cosne-Cours-sur-Loire;47.41;2.92;19/09/2026;05:00;8.6;0;SOLEIL;2;4.3;0
Cosne-Cours-sur-Loire;47.41;2.92;19/09/2026;06:00;9.5;0;SOLEIL;2;5.4;0
Cosne-Cours-sur-Loire;47.41;2.92;19/09/2026;07:00;12;0;SOLEIL;1;5.8;0
Cosne-Cours-sur-Loire;47.41;2.92;19/09/2026;08:00;15.9;0;SOLEIL;1;5.4;0
Cosne-Cours-sur-Loire;47.41;2.92;19/09/2026;09:00;19.7;0;SOLEIL;2;5.4;0
Cosne-Cours-sur-Loire;47.41;2.92;19/09/2026;10:00;21.2;5;SOLEIL VOILÉ;2;6.8;0
Cosne-Cours-sur-Loire;47.41;2.92;19/09/2026;11:00;22.5;5;SOLEIL VOILÉ;2;10.8;0
Cosne-Cours-sur-Loire;47.41;2.92;19/09/2026;12:00;23.6;5;SOLEIL VOILÉ;3;16.2;0
Cosne-Cours-sur-Loire;47.41;2.92;19/09/2026;13:00;24.7;5;SOLEIL VOILÉ;3;19.1;0
Cosne-Cours-sur-Loire;47.41;2.92;19/09/2026;14:00;25.4;5;SOLEIL VOILÉ;3;20.5;0
Cosne-Cours-sur-Loire;47.41;2.92;19/09/2026;15:00;25.6;5;SOLEIL VOILÉ;2;17.6;0
Cosne-Cours-sur-Loire;47.41;2.92;19/09/2026;16:00;24.9;5;SOLEIL VOILÉ;2;18.7;0
Cosne-Cours-sur-Loire;47.41;2.92;19/09/2026;17:00;23.6;5;SOLEIL VOILÉ;2;16.9;0
Cosne-Cours-sur-Loire;47.41;2.92;19/09/2026;18:00;21.3;5;SOLEIL VOILÉ;2;15.5;0
Cosne-Cours-sur-Loire;47.41;2.92;19/09/2026;19:00;17.9;0;SOLEIL;1;14.8;0
Cosne-Cours-sur-Loire;47.41;2.92;19/09/2026;20:00;15.5;0;SOLEIL;0;9.0;0
Cosne-Cours-sur-Loire;47.41;2.92;19/09/2026;21:00;13.5;0;SOLEIL;0;5.8;0
Cosne-Cours-sur-Loire;47.41;2.92;19/09/2026;22:00;12.3;0;SOLEIL;0;4.7;0
Cosne-Cours-sur-Loire;47.41;2.92;19/09/2026;23:00;11.5;5;SOLEIL VOILÉ;1;4.7;0
Cosne-Cours-sur-Loire;47.41;2.92;20/09/2026;00:00;11.1;5;SOLEIL VOILÉ;1;4.0;0
Cosne-Cours-sur-Loire;47.41;2.92;20/09/2026;01:00;11.1;5;SOLEIL VOILÉ;1;1.8;0
Cosne-Cours-sur-Loire;47.41;2.92;20/09/2026;02:00;9.5;5;SOLEIL VOILÉ;0;2.9;0
Cosne-Cours-sur-Loire;47.41;2.92;20/09/2026;03:00;9.5;5;SOLEIL VOILÉ;0;3.6;0
Cosne-Cours-sur-Loire;47.41;2.92;20/09/2026;04:00;9.5;5;SOLEIL VOILÉ;0;4.3;0
Cosne-Cours-sur-Loire;47.41;2.92;20/09/2026;05:00;10;5;SOLEIL VOILÉ;1;4.6;0
Cosne-Cours-sur-Loire;47.41;2.92;20/09/2026;06:00;10;5;SOLEIL VOILÉ;1;2.5;0
Cosne-Cours-sur-Loire;47.41;2.92;20/09/2026;07:00;10;5;SOLEIL VOILÉ;1;4.0;0
Cosne-Cours-sur-Loire;47.41;2.92;20/09/2026;08:00;20.2;5;SOLEIL VOILÉ;1;3.2;0
Cosne-Cours-sur-Loire;47.41;2.92;20/09/2026;09:00;20.2;5;SOLEIL VOILÉ;1;4.3;0
Cosne-Cours-sur-Loire;47.41;2.92;20/09/2026;10:00;20.2;5;SOLEIL VOILÉ;1;5.0;0
Cosne-Cours-sur-Loire;47.41;2.92;20/09/2026;11:00;24.9;5;SOLEIL VOILÉ;2;6.5;0
Cosne-Cours-sur-Loire;47.41;2.92;20/09/2026;12:00;24.9;5;SOLEIL VOILÉ;2;11.9;0
Cosne-Cours-sur-Loire;47.41;2.92;20/09/2026;13:00;24.9;5;SOLEIL VOILÉ;2;18.4;0
Cosne-Cours-sur-Loire;47.41;2.92;20/09/2026;14:00;26;5;SOLEIL VOILÉ;3;20.9;0
Cosne-Cours-sur-Loire;47.41;2.92;20/09/2026;15:00;26;5;SOLEIL VOILÉ;3;22.7;0
Cosne-Cours-sur-Loire;47.41;2.92;20/09/2026;16:00;26;5;SOLEIL VOILÉ;3;24.5;0
Cosne-Cours-sur-Loire;47.41;2.92;20/09/2026;17:00;22.6;5;SOLEIL VOILÉ;3;24.8;0
Cosne-Cours-sur-Loire;47.41;2.92;20/09/2026;18:00;22.6;5;SOLEIL VOILÉ;3;25.9;0
Cosne-Cours-sur-Loire;47.41;2.92;20/09/2026;19:00;22.6;5;SOLEIL VOILÉ;3;24.5;0
Cosne-Cours-sur-Loire;47.41;2.92;20/09/2026;20:00;15.6;5;SOLEIL VOILÉ;2;26.6;0
Cosne-Cours-sur-Loire;47.41;2.92;20/09/2026;21:00;15.6;5;SOLEIL VOILÉ;2;18.4;0
Cosne-Cours-sur-Loire;47.41;2.92;20/09/2026;22:00;15.6;5;SOLEIL VOILÉ;2;7.9;0
Cosne-Cours-sur-Loire;47.41;2.92;20/09/2026;23:00;14.9;5;SOLEIL VOILÉ;2;10.1;0
Cosne-Cours-sur-Loire;47.41;2.92;21/09/2026;00:00;14.9;5;SOLEIL VOILÉ;2;10.1;0
Cosne-Cours-sur-Loire;47.41;2.92;21/09/2026;01:00;14.9;5;SOLEIL VOILÉ;2;12.2;0
Cosne-Cours-sur-Loire;47.41;2.92;21/09/2026;02:00;13.1;5;SOLEIL VOILÉ;2;12.2;0
Cosne-Cours-sur-Loire;47.41;2.92;21/09/2026;03:00;13.1;5;SOLEIL VOILÉ;2;11.2;0
Cosne-Cours-sur-Loire;47.41;2.92;21/09/2026;04:00;13.1;5;SOLEIL VOILÉ;2;10.1;0
Cosne-Cours-sur-Loire;47.41;2.92;21/09/2026;05:00;13;5;SOLEIL VOILÉ;2;9.7;0
Cosne-Cours-sur-Loire;47.41;2.92;21/09/2026;06:00;13;5;SOLEIL VOILÉ;2;9.4;0
Cosne-Cours-sur-Loire;47.41;2.92;21/09/2026;07:00;13;5;SOLEIL VOILÉ;2;9.4;0
Cosne-Cours-sur-Loire;47.41;2.92;21/09/2026;08:00;19.9;5;SOLEIL VOILÉ;2;9.4;0
Cosne-Cours-sur-Loire;47.41;2.92;21/09/2026;09:00;19.9;5;SOLEIL VOILÉ;2;11.9;0
Cosne-Cours-sur-Loire;47.41;2.92;21/09/2026;10:00;19.9;5;SOLEIL VOILÉ;2;15.1;0
Cosne-Cours-sur-Loire;47.41;2.92;21/09/2026;11:00;24.6;0;SOLEIL;3;18.4;0
Cosne-Cours-sur-Loire;47.41;2.92;21/09/2026;12:00;24.6;0;SOLEIL;3;20.9;0
Cosne-Cours-sur-Loire;47.41;2.92;21/09/2026;13:00;24.6;0;SOLEIL;3;23.4;0
Cosne-Cours-sur-Loire;47.41;2.92;21/09/2026;14:00;26.6;0;SOLEIL;4;25.2;0
Cosne-Cours-sur-Loire;47.41;2.92;21/09/2026;15:00;26.6;0;SOLEIL;4;27.0;0
Cosne-Cours-sur-Loire;47.41;2.92;21/09/2026;16:00;26.6;0;SOLEIL;4;28.4;0
Cosne-Cours-sur-Loire;47.41;2.92;21/09/2026;17:00;21.9;0;SOLEIL;3;28.8;0
Cosne-Cours-sur-Loire;47.41;2.92;21/09/2026;18:00;21.9;0;SOLEIL;3;28.1;0
Cosne-Cours-sur-Loire;47.41;2.92;21/09/2026;19:00;21.9;0;SOLEIL;3;26.6;0
Cosne-Cours-sur-Loire;47.41;2.92;21/09/2026;20:00;19.2;2;NUAGEUX;5;24.1;0
Cosne-Cours-sur-Loire;47.41;2.92;21/09/2026;21:00;17.4;2;NUAGEUX;5;19.8;0
Cosne-Cours-sur-Loire;47.41;2.92;21/09/2026;22:00;15.6;2;NUAGEUX;5;14.4;0
Cosne-Cours-sur-Loire;47.41;2.92;21/09/2026;23:00;12.4;0;SOLEIL;3;10.4;0
Cosne-Cours-sur-Loire;47.41;2.92;22/09/2026;00:00;12.4;0;SOLEIL;3;9.0;0
Cosne-Cours-sur-Loire;47.41;2.92;22/09/2026;01:00;12.4;0;SOLEIL;3;9.0;0
Cosne-Cours-sur-Loire;47.41;2.92;22/09/2026;02:00;9.1;0;SOLEIL;5;9.4;0
Cosne-Cours-sur-Loire;47.41;2.92;22/09/2026;03:00;9.1;0;SOLEIL;5;9.4;0
Cosne-Cours-sur-Loire;47.41;2.92;22/09/2026;04:00;9.1;0;SOLEIL;5;9.7;0
Cosne-Cours-sur-Loire;47.41;2.92;22/09/2026;05:00;10.1;0;SOLEIL;3;9.7;0
Cosne-Cours-sur-Loire;47.41;2.92;22/09/2026;06:00;10.1;0;SOLEIL;3;9.0;0
Cosne-Cours-sur-Loire;47.41;2.92;22/09/2026;07:00;10.1;0;SOLEIL;3;7.9;0
Cosne-Cours-sur-Loire;47.41;2.92;22/09/2026;08:00;13.1;0;SOLEIL;5;9.0;0
Cosne-Cours-sur-Loire;47.41;2.92;22/09/2026;09:00;15.1;0;SOLEIL;5;13.7;0
Cosne-Cours-sur-Loire;47.41;2.92;22/09/2026;10:00;17.1;0;SOLEIL;5;20.2;0
Cosne-Cours-sur-Loire;47.41;2.92;22/09/2026;11:00;24.9;0;SOLEIL;4;25.6;0
Cosne-Cours-sur-Loire;47.41;2.92;22/09/2026;12:00;24.9;0;SOLEIL;4;28.1;0
Cosne-Cours-sur-Loire;47.41;2.92;22/09/2026;13:00;24.9;0;SOLEIL;4;29.5;0
Cosne-Cours-sur-Loire;47.41;2.92;22/09/2026;14:00;25.0;0;SOLEIL;5;30.2;0
Cosne-Cours-sur-Loire;47.41;2.92;22/09/2026;15:00;27.0;0;SOLEIL;5;30.2;0
Cosne-Cours-sur-Loire;47.41;2.92;22/09/2026;16:00;25.0;0;SOLEIL;5;29.9;0
Cosne-Cours-sur-Loire;47.41;2.92;22/09/2026;17:00;21.6;0;SOLEIL;3;29.2;0
Cosne-Cours-sur-Loire;47.41;2.92;22/09/2026;18:00;21.6;0;SOLEIL;3;28.4;0
Cosne-Cours-sur-Loire;47.41;2.92;22/09/2026;19:00;21.6;0;SOLEIL;3;27.4;0
Cosne-Cours-sur-Loire;47.41;2.92;22/09/2026;20:00;17.1;0;SOLEIL;5;25.6;0
Cosne-Cours-sur-Loire;47.41;2.92;22/09/2026;21:00;15.1;0;SOLEIL;5;21.6;0
Cosne-Cours-sur-Loire;47.41;2.92;22/09/2026;22:00;13.1;0;SOLEIL;5;16.9;0
Cosne-Cours-sur-Loire;47.41;2.92;22/09/2026;23:00;13;0;SOLEIL;3;13.0;0
Cosne-Cours-sur-Loire;47.41;2.92;23/09/2026;00:00;13;0;SOLEIL;3;10.9;0
Cosne-Cours-sur-Loire;47.41;2.92;23/09/2026;01:00;13;0;SOLEIL;3;9.4;0
Cosne-Cours-sur-Loire;47.41;2.92;23/09/2026;02:00;9.6;0;SOLEIL;5;8.1;0
Cosne-Cours-sur-Loire;47.41;2.92;23/09/2026;03:00;9.6;0;SOLEIL;5;7.2;0
Cosne-Cours-sur-Loire;47.41;2.92;23/09/2026;04:00;9.6;0;SOLEIL;5;6.8;0
Cosne-Cours-sur-Loire;47.41;2.92;23/09/2026;05:00;11;0;SOLEIL;3;6.5;0
Cosne-Cours-sur-Loire;47.41;2.92;23/09/2026;06:00;11;0;SOLEIL;3;6.1;0
Cosne-Cours-sur-Loire;47.41;2.92;23/09/2026;07:00;11;0;SOLEIL;3;5.8;0
Cosne-Cours-sur-Loire;47.41;2.92;23/09/2026;08:00;13.5;0;SOLEIL;5;6.1;0
Cosne-Cours-sur-Loire;47.41;2.92;23/09/2026;09:00;15.4;0;SOLEIL;5;7.9;0
Cosne-Cours-sur-Loire;47.41;2.92;23/09/2026;10:00;17.4;0;SOLEIL;5;10.4;0
Cosne-Cours-sur-Loire;47.41;2.92;23/09/2026;11:00;26.2;0;SOLEIL;2;12.6;0
Cosne-Cours-sur-Loire;47.41;2.92;23/09/2026;12:00;26.2;0;SOLEIL;2;13.0;0
Cosne-Cours-sur-Loire;47.41;2.92;23/09/2026;13:00;26.2;0;SOLEIL;2;12.6;0
Cosne-Cours-sur-Loire;47.41;2.92;23/09/2026;14:00;25.2;0;SOLEIL;5;13.7;0
Cosne-Cours-sur-Loire;47.41;2.92;23/09/2026;15:00;27.1;0;SOLEIL;5;17.3;0
Cosne-Cours-sur-Loire;47.41;2.92;23/09/2026;16:00;25.2;0;SOLEIL;5;22.3;0
Cosne-Cours-sur-Loire;47.41;2.92;23/09/2026;17:00;22.9;0;SOLEIL;3;25.9;0
Cosne-Cours-sur-Loire;47.41;2.92;23/09/2026;18:00;22.9;0;SOLEIL;3;27.0;0
Cosne-Cours-sur-Loire;47.41;2.92;23/09/2026;19:00;22.9;0;SOLEIL;3;27.0;0
Cosne-Cours-sur-Loire;47.41;2.92;23/09/2026;20:00;17.4;0;SOLEIL;5;28.1;0
Cosne-Cours-sur-Loire;47.41;2.92;23/09/2026;21:00;15.4;0;SOLEIL;5;31.7;0
Cosne-Cours-sur-Loire;47.41;2.92;23/09/2026;22:00;13.5;0;SOLEIL;5;36.4;0
Cosne-Cours-sur-Loire;47.41;2.92;23/09/2026;23:00;13.4;0;SOLEIL;2;38.9;0
Nevers;46.99;3.15;19/09/2026;00:00;11.1;0;SOLEIL;1;5.8;0
Nevers;46.99;3.15;19/09/2026;01:00;10.1;0;SOLEIL;1;5.0;0
Nevers;46.99;3.15;19/09/2026;02:00;9;0;SOLEIL;1;5.0;0
Nevers;46.99;3.15;19/09/2026;03:00;9.5;0;SOLEIL;1;4.7;0
Nevers;46.99;3.15;19/09/2026;04:00;10.1;0;SOLEIL;1;4.7;0
Nevers;46.99;3.15;19/09/2026;05:00;9.6;0;SOLEIL;1;4.3;0
Nevers;46.99;3.15;19/09/2026;06:00;10;0;SOLEIL;1;5.4;0
Nevers;46.99;3.15;19/09/2026;07:00;13.7;0;SOLEIL;1;5.8;0
Nevers;46.99;3.15;19/09/2026;08:00;16.4;0;SOLEIL;1;5.0;0
Nevers;46.99;3.15;19/09/2026;09:00;18.6;0;SOLEIL;1;7.2;0
Nevers;46.99;3.15;19/09/2026;10:00;20.5;0;SOLEIL;1;6.8;0
Nevers;46.99;3.15;19/09/2026;11:00;21.2;0;SOLEIL;2;7.2;0
Nevers;46.99;3.15;19/09/2026;12:00;22.5;5;SOLEIL VOILÉ;2;9.7;0
Nevers;46.99;3.15;19/09/2026;13:00;24.2;5;SOLEIL VOILÉ;2;11.9;0
Nevers;46.99;3.15;19/09/2026;14:00;24.7;5;SOLEIL VOILÉ;2;13.7;0
Nevers;46.99;3.15;19/09/2026;15:00;25;5;SOLEIL VOILÉ;2;12.6;0
Nevers;46.99;3.15;19/09/2026;16:00;24.5;0;SOLEIL;2;15.5;0
Nevers;46.99;3.15;19/09/2026;17:00;23.1;5;SOLEIL VOILÉ;2;16.6;0
Nevers;46.99;3.15;19/09/2026;18:00;20.9;0;SOLEIL;2;16.9;0
Nevers;46.99;3.15;19/09/2026;19:00;17.6;0;SOLEIL;1;17.3;0
Nevers;46.99;3.15;19/09/2026;20:00;15.1;0;SOLEIL;1;11.9;0
Nevers;46.99;3.15;19/09/2026;21:00;13.2;0;SOLEIL;1;8.3;0
Nevers;46.99;3.15;19/09/2026;22:00;12.1;0;SOLEIL;0;6.5;0
Nevers;46.99;3.15;19/09/2026;23:00;11.5;0;SOLEIL;1;3.6;0
Nevers;46.99;3.15;20/09/2026;00:00;10.8;5;SOLEIL VOILÉ;1;1.8;0
Nevers;46.99;3.15;20/09/2026;01:00;10.8;5;SOLEIL VOILÉ;1;1.8;0
Nevers;46.99;3.15;20/09/2026;02:00;8.9;0;SOLEIL;1;4.0;0
Nevers;46.99;3.15;20/09/2026;03:00;8.9;0;SOLEIL;1;4.8;0
Nevers;46.99;3.15;20/09/2026;04:00;8.9;0;SOLEIL;1;4.5;0
Nevers;46.99;3.15;20/09/2026;05:00;9.1;5;SOLEIL VOILÉ;1;4.5;0
Nevers;46.99;3.15;20/09/2026;06:00;9.1;5;SOLEIL VOILÉ;1;3.2;0
Nevers;46.99;3.15;20/09/2026;07:00;9.1;5;SOLEIL VOILÉ;1;2.9;0
Nevers;46.99;3.15;20/09/2026;08:00;20.1;5;SOLEIL VOILÉ;0;4.3;0
Nevers;46.99;3.15;20/09/2026;09:00;20.1;5;SOLEIL VOILÉ;0;3.6;0
Nevers;46.99;3.15;20/09/2026;10:00;20.1;5;SOLEIL VOILÉ;0;5.8;0
Nevers;46.99;3.15;20/09/2026;11:00;25;5;SOLEIL VOILÉ;2;9.7;0
Nevers;46.99;3.15;20/09/2026;12:00;25;5;SOLEIL VOILÉ;2;13.0;0
Nevers;46.99;3.15;20/09/2026;13:00;25;5;SOLEIL VOILÉ;2;18.7;0
Nevers;46.99;3.15;20/09/2026;14:00;26.7;5;SOLEIL VOILÉ;3;19.4;0
Nevers;46.99;3.15;20/09/2026;15:00;26.7;5;SOLEIL VOILÉ;3;19.8;0
Nevers;46.99;3.15;20/09/2026;16:00;26.7;5;SOLEIL VOILÉ;3;22.0;0
Nevers;46.99;3.15;20/09/2026;17:00;23;5;SOLEIL VOILÉ;3;23.8;0
Nevers;46.99;3.15;20/09/2026;18:00;23;5;SOLEIL VOILÉ;3;24.5;0
Nevers;46.99;3.15;20/09/2026;19:00;23;5;SOLEIL VOILÉ;3;24.1;0
Nevers;46.99;3.15;20/09/2026;20:00;15.5;5;SOLEIL VOILÉ;3;17.6;0
Nevers;46.99;3.15;20/09/2026;21:00;15.5;5;SOLEIL VOILÉ;3;8.6;0
Nevers;46.99;3.15;20/09/2026;22:00;15.5;5;SOLEIL VOILÉ;3;10.4;0
Nevers;46.99;3.15;20/09/2026;23:00;12.6;5;SOLEIL VOILÉ;3;9.7;0
Nevers;46.99;3.15;21/09/2026;00:00;12.6;5;SOLEIL VOILÉ;3;7.6;0
Nevers;46.99;3.15;21/09/2026;01:00;12.6;5;SOLEIL VOILÉ;3;7.6;0
Nevers;46.99;3.15;21/09/2026;02:00;12.5;5;SOLEIL VOILÉ;3;7.6;0
Nevers;46.99;3.15;21/09/2026;03:00;12.5;5;SOLEIL VOILÉ;3;7.6;0
Nevers;46.99;3.15;21/09/2026;04:00;12.5;5;SOLEIL VOILÉ;3;7.9;0
Nevers;46.99;3.15;21/09/2026;05:00;13.2;5;SOLEIL VOILÉ;3;6.1;0
Nevers;46.99;3.15;21/09/2026;06:00;13.2;5;SOLEIL VOILÉ;3;7.9;0
Nevers;46.99;3.15;21/09/2026;07:00;13.2;5;SOLEIL VOILÉ;3;7.2;0
Nevers;46.99;3.15;21/09/2026;08:00;20.9;5;SOLEIL VOILÉ;3;6.8;0
Nevers;46.99;3.15;21/09/2026;09:00;20.9;5;SOLEIL VOILÉ;3;9.4;0
Nevers;46.99;3.15;21/09/2026;10:00;20.9;5;SOLEIL VOILÉ;3;13.0;0
Nevers;46.99;3.15;21/09/2026;11:00;24.9;0;SOLEIL;3;16.6;0
Nevers;46.99;3.15;21/09/2026;12:00;24.9;0;SOLEIL;3;20.5;0
Nevers;46.99;3.15;21/09/2026;13:00;24.9;0;SOLEIL;3;24.5;0
Nevers;46.99;3.15;21/09/2026;14:00;26.1;0;SOLEIL;4;28.1;0
Nevers;46.99;3.15;21/09/2026;15:00;26.1;0;SOLEIL;4;31.0;0
Nevers;46.99;3.15;21/09/2026;16:00;26.1;0;SOLEIL;4;33.1;0
Nevers;46.99;3.15;21/09/2026;17:00;22.1;0;SOLEIL;4;33.8;0
Nevers;46.99;3.15;21/09/2026;18:00;22.1;0;SOLEIL;4;32.0;0
Nevers;46.99;3.15;21/09/2026;19:00;22.1;0;SOLEIL;4;28.8;0
Nevers;46.99;3.15;21/09/2026;20:00;18.5;2;NUAGEUX;5;24.8;0
Nevers;46.99;3.15;21/09/2026;21:00;16.7;2;NUAGEUX;5;20.2;0
Nevers;46.99;3.15;21/09/2026;22:00;14.9;2;NUAGEUX;5;15.1;0
Nevers;46.99;3.15;21/09/2026;23:00;12.7;0;SOLEIL;4;11.2;0
Nevers;46.99;3.15;22/09/2026;00:00;12.7;0;SOLEIL;4;9.4;0
Nevers;46.99;3.15;22/09/2026;01:00;12.7;0;SOLEIL;4;9.0;0
Nevers;46.99;3.15;22/09/2026;02:00;9.7;0;SOLEIL;5;9.0;0
Nevers;46.99;3.15;22/09/2026;03:00;9.7;0;SOLEIL;5;9.4;0
Nevers;46.99;3.15;22/09/2026;04:00;9.7;0;SOLEIL;5;10.1;0
Nevers;46.99;3.15;22/09/2026;05:00;11.2;0;SOLEIL;3;10.4;0
Nevers;46.99;3.15;22/09/2026;06:00;11.2;0;SOLEIL;3;9.4;0
Nevers;46.99;3.15;22/09/2026;07:00;11.2;0;SOLEIL;3;8.3;0
Nevers;46.99;3.15;22/09/2026;08:00;13.6;0;SOLEIL;5;9.0;0
Nevers;46.99;3.15;22/09/2026;09:00;15.5;0;SOLEIL;5;13.3;0
Nevers;46.99;3.15;22/09/2026;10:00;17.5;0;SOLEIL;5;19.8;0
Nevers;46.99;3.15;22/09/2026;11:00;25.5;0;SOLEIL;3;24.8;0
Nevers;46.99;3.15;22/09/2026;12:00;25.5;0;SOLEIL;3;27.0;0
Nevers;46.99;3.15;22/09/2026;13:00;25.5;0;SOLEIL;3;27.7;0
Nevers;46.99;3.15;22/09/2026;14:00;25.3;0;SOLEIL;5;28.1;0
Nevers;46.99;3.15;22/09/2026;15:00;27.2;0;SOLEIL;5;29.2;0
Nevers;46.99;3.15;22/09/2026;16:00;25.3;0;SOLEIL;5;30.2;0
Nevers;46.99;3.15;22/09/2026;17:00;22.5;0;SOLEIL;4;30.2;0
Nevers;46.99;3.15;22/09/2026;18:00;22.5;0;SOLEIL;4;29.5;0
Nevers;46.99;3.15;22/09/2026;19:00;22.5;0;SOLEIL;4;27.7;0
Nevers;46.99;3.15;22/09/2026;20:00;17.5;0;SOLEIL;5;25.2;0
Nevers;46.99;3.15;22/09/2026;21:00;15.5;0;SOLEIL;5;21.6;0
Nevers;46.99;3.15;22/09/2026;22:00;13.6;0;SOLEIL;5;16.9;0
Nevers;46.99;3.15;22/09/2026;23:00;13.2;0;SOLEIL;3;13.3;0
Nevers;46.99;3.15;23/09/2026;00:00;13.2;0;SOLEIL;3;11.3;0
Nevers;46.99;3.15;23/09/2026;01:00;13.2;0;SOLEIL;3;9.9;0
Nevers;46.99;3.15;23/09/2026;02:00;10.2;0;SOLEIL;5;8.6;0
Nevers;46.99;3.15;23/09/2026;03:00;10.2;0;SOLEIL;5;8.3;0
Nevers;46.99;3.15;23/09/2026;04:00;10.2;0;SOLEIL;5;7.9;0
Nevers;46.99;3.15;23/09/2026;05:00;12.2;0;SOLEIL;2;7.9;0
Nevers;46.99;3.15;23/09/2026;06:00;12.2;0;SOLEIL;2;7.6;0
Nevers;46.99;3.15;23/09/2026;07:00;12.2;0;SOLEIL;2;7.2;0
Nevers;46.99;3.15;23/09/2026;08:00;14.1;0;SOLEIL;5;7.9;0
Nevers;46.99;3.15;23/09/2026;09:00;16.0;0;SOLEIL;5;11.2;0
Nevers;46.99;3.15;23/09/2026;10:00;17.9;0;SOLEIL;5;15.1;0
Nevers;46.99;3.15;23/09/2026;11:00;26.6;0;SOLEIL;2;18.4;0
Nevers;46.99;3.15;23/09/2026;12:00;26.6;0;SOLEIL;2;19.1;0
Nevers;46.99;3.15;23/09/2026;13:00;26.6;0;SOLEIL;2;18.7;0
Nevers;46.99;3.15;23/09/2026;14:00;25.7;0;SOLEIL;5;19.1;0
Nevers;46.99;3.15;23/09/2026;15:00;27.6;0;SOLEIL;5;20.5;0
Nevers;46.99;3.15;23/09/2026;16:00;25.7;0;SOLEIL;5;22.3;0
Nevers;46.99;3.15;23/09/2026;17:00;24;0;SOLEIL;2;24.1;0
Nevers;46.99;3.15;23/09/2026;18:00;24;0;SOLEIL;2;24.8;0
Nevers;46.99;3.15;23/09/2026;19:00;24;0;SOLEIL;2;25.2;0
Nevers;46.99;3.15;23/09/2026;20:00;17.9;0;SOLEIL;5;26.3;0
Nevers;46.99;3.15;23/09/2026;21:00;16.0;0;SOLEIL;5;29.9;0
Nevers;46.99;3.15;23/09/2026;22:00;14.1;0;SOLEIL;5;34.2;0
Nevers;46.99;3.15;23/09/2026;23:00;14;0;SOLEIL;2;36.4;0
Saint-Honoré-les-Bains;46.9;3.84;19/09/2026;00:00;11.7;0;SOLEIL;1;10.8;0
Saint-Honoré-les-Bains;46.9;3.84;19/09/2026;01:00;12.1;0;SOLEIL;1;9.7;0
Saint-Honoré-les-Bains;46.9;3.84;19/09/2026;02:00;11.8;0;SOLEIL;1;6.1;0
Saint-Honoré-les-Bains;46.9;3.84;19/09/2026;03:00;11.6;0;SOLEIL;1;4.7;0
Saint-Honoré-les-Bains;46.9;3.84;19/09/2026;04:00;11.1;0;SOLEIL;1;7.6;0
Saint-Honoré-les-Bains;46.9;3.84;19/09/2026;05:00;10.7;0;SOLEIL;0;6.5;0
Saint-Honoré-les-Bains;46.9;3.84;19/09/2026;06:00;10.6;0;SOLEIL;1;2.2;0
Saint-Honoré-les-Bains;46.9;3.84;19/09/2026;07:00;12.1;0;SOLEIL;0;0.7;0
Saint-Honoré-les-Bains;46.9;3.84;19/09/2026;08:00;15.6;0;SOLEIL;1;1.4;0
Saint-Honoré-les-Bains;46.9;3.84;19/09/2026;09:00;18.2;0;SOLEIL;1;1.4;0
Saint-Honoré-les-Bains;46.9;3.84;19/09/2026;10:00;20;0;SOLEIL;2;7.2;0
Saint-Honoré-les-Bains;46.9;3.84;19/09/2026;11:00;21.6;0;SOLEIL;2;5.4;0
Saint-Honoré-les-Bains;46.9;3.84;19/09/2026;12:00;21.5;0;SOLEIL;2;7.9;0
Saint-Honoré-les-Bains;46.9;3.84;19/09/2026;13:00;22.3;5;SOLEIL VOILÉ;2;9.0;0
Saint-Honoré-les-Bains;46.9;3.84;19/09/2026;14:00;23.5;5;SOLEIL VOILÉ;2;10.1;0
Saint-Honoré-les-Bains;46.9;3.84;19/09/2026;15:00;23.9;5;SOLEIL VOILÉ;2;9.4;0
Saint-Honoré-les-Bains;46.9;3.84;19/09/2026;16:00;23.8;0;SOLEIL;2;9.0;0
Saint-Honoré-les-Bains;46.9;3.84;19/09/2026;17:00;22.6;5;SOLEIL VOILÉ;2;8.6;0
Saint-Honoré-les-Bains;46.9;3.84;19/09/2026;18:00;20.2;5;SOLEIL VOILÉ;1;11.5;0
Saint-Honoré-les-Bains;46.9;3.84;19/09/2026;19:00;17.9;0;SOLEIL;1;9.7;0
Saint-Honoré-les-Bains;46.9;3.84;19/09/2026;20:00;16.6;0;SOLEIL;1;5.8;0
Saint-Honoré-les-Bains;46.9;3.84;19/09/2026;21:00;15.6;0;SOLEIL;2;4.3;0
Saint-Honoré-les-Bains;46.9;3.84;19/09/2026;22:00;15;0;SOLEIL;2;7.6;0
Saint-Honoré-les-Bains;46.9;3.84;19/09/2026;23:00;14.6;0;SOLEIL;2;9.4;0
Saint-Honoré-les-Bains;46.9;3.84;20/09/2026;00:00;14.7;5;SOLEIL VOILÉ;2;10.1;0
Saint-Honoré-les-Bains;46.9;3.84;20/09/2026;01:00;14.7;5;SOLEIL VOILÉ;2;9.4;0
Saint-Honoré-les-Bains;46.9;3.84;20/09/2026;02:00;12.7;0;SOLEIL;1;6.8;0
Saint-Honoré-les-Bains;46.9;3.84;20/09/2026;03:00;12.7;0;SOLEIL;1;3.3;0
Saint-Honoré-les-Bains;46.9;3.84;20/09/2026;04:00;12.7;0;SOLEIL;1;5.2;0
Saint-Honoré-les-Bains;46.9;3.84;20/09/2026;05:00;11.9;5;SOLEIL VOILÉ;1;6.3;0
Saint-Honoré-les-Bains;46.9;3.84;20/09/2026;06:00;11.9;5;SOLEIL VOILÉ;1;6.1;0
Saint-Honoré-les-Bains;46.9;3.84;20/09/2026;07:00;11.9;5;SOLEIL VOILÉ;1;4.0;0
Saint-Honoré-les-Bains;46.9;3.84;20/09/2026;08:00;20;5;SOLEIL VOILÉ;1;3.2;0
Saint-Honoré-les-Bains;46.9;3.84;20/09/2026;09:00;20;5;SOLEIL VOILÉ;1;4.0;0
Saint-Honoré-les-Bains;46.9;3.84;20/09/2026;10:00;20;5;SOLEIL VOILÉ;1;7.2;0
Saint-Honoré-les-Bains;46.9;3.84;20/09/2026;11:00;24.6;5;SOLEIL VOILÉ;2;11.9;0
Saint-Honoré-les-Bains;46.9;3.84;20/09/2026;12:00;24.6;5;SOLEIL VOILÉ;2;15.5;0
Saint-Honoré-les-Bains;46.9;3.84;20/09/2026;13:00;24.6;5;SOLEIL VOILÉ;2;20.9;0
Saint-Honoré-les-Bains;46.9;3.84;20/09/2026;14:00;25.6;5;SOLEIL VOILÉ;3;22.7;0
Saint-Honoré-les-Bains;46.9;3.84;20/09/2026;15:00;25.6;5;SOLEIL VOILÉ;3;24.5;0
Saint-Honoré-les-Bains;46.9;3.84;20/09/2026;16:00;25.6;5;SOLEIL VOILÉ;3;25.2;0
Saint-Honoré-les-Bains;46.9;3.84;20/09/2026;17:00;21.5;5;SOLEIL VOILÉ;3;27.4;0
Saint-Honoré-les-Bains;46.9;3.84;20/09/2026;18:00;21.5;5;SOLEIL VOILÉ;3;27.4;0
Saint-Honoré-les-Bains;46.9;3.84;20/09/2026;19:00;21.5;5;SOLEIL VOILÉ;3;25.6;0
Saint-Honoré-les-Bains;46.9;3.84;20/09/2026;20:00;17.5;5;SOLEIL VOILÉ;2;16.9;0
Saint-Honoré-les-Bains;46.9;3.84;20/09/2026;21:00;17.5;5;SOLEIL VOILÉ;2;11.2;0
Saint-Honoré-les-Bains;46.9;3.84;20/09/2026;22:00;17.5;5;SOLEIL VOILÉ;2;7.6;0
Saint-Honoré-les-Bains;46.9;3.84;20/09/2026;23:00;14.7;5;SOLEIL VOILÉ;2;7.9;0
Saint-Honoré-les-Bains;46.9;3.84;21/09/2026;00:00;14.7;5;SOLEIL VOILÉ;2;7.2;0
Saint-Honoré-les-Bains;46.9;3.84;21/09/2026;01:00;14.7;5;SOLEIL VOILÉ;2;5.4;0
Saint-Honoré-les-Bains;46.9;3.84;21/09/2026;02:00;13.5;5;SOLEIL VOILÉ;2;5.4;0
Saint-Honoré-les-Bains;46.9;3.84;21/09/2026;03:00;13.5;5;SOLEIL VOILÉ;2;5.0;0
Saint-Honoré-les-Bains;46.9;3.84;21/09/2026;04:00;13.5;5;SOLEIL VOILÉ;2;3.6;0
Saint-Honoré-les-Bains;46.9;3.84;21/09/2026;05:00;12.6;5;SOLEIL VOILÉ;2;3.2;0
Saint-Honoré-les-Bains;46.9;3.84;21/09/2026;06:00;12.6;5;SOLEIL VOILÉ;2;3.2;0
Saint-Honoré-les-Bains;46.9;3.84;21/09/2026;07:00;12.6;5;SOLEIL VOILÉ;2;3.6;0
Saint-Honoré-les-Bains;46.9;3.84;21/09/2026;08:00;20.6;5;SOLEIL VOILÉ;1;3.6;0
Saint-Honoré-les-Bains;46.9;3.84;21/09/2026;09:00;20.6;5;SOLEIL VOILÉ;1;5.8;0
Saint-Honoré-les-Bains;46.9;3.84;21/09/2026;10:00;20.6;5;SOLEIL VOILÉ;1;8.6;0
Saint-Honoré-les-Bains;46.9;3.84;21/09/2026;11:00;26.1;0;SOLEIL;4;12.2;0
Saint-Honoré-les-Bains;46.9;3.84;21/09/2026;12:00;26.1;0;SOLEIL;4;16.2;0
Saint-Honoré-les-Bains;46.9;3.84;21/09/2026;13:00;26.1;0;SOLEIL;4;20.5;0
Saint-Honoré-les-Bains;46.9;3.84;21/09/2026;14:00;26;0;SOLEIL;4;24.5;0
Saint-Honoré-les-Bains;46.9;3.84;21/09/2026;15:00;26;0;SOLEIL;4;29.2;0
Saint-Honoré-les-Bains;46.9;3.84;21/09/2026;16:00;26;0;SOLEIL;4;33.5;0
Saint-Honoré-les-Bains;46.9;3.84;21/09/2026;17:00;21.5;0;SOLEIL;4;35.3;0
Saint-Honoré-les-Bains;46.9;3.84;21/09/2026;18:00;21.5;0;SOLEIL;4;32.8;0
Saint-Honoré-les-Bains;46.9;3.84;21/09/2026;19:00;21.5;0;SOLEIL;4;28.1;0
Saint-Honoré-les-Bains;46.9;3.84;21/09/2026;20:00;19.1;2;NUAGEUX;5;22.7;0
Saint-Honoré-les-Bains;46.9;3.84;21/09/2026;21:00;17.3;2;NUAGEUX;5;17.3;0
Saint-Honoré-les-Bains;46.9;3.84;21/09/2026;22:00;15.5;2;NUAGEUX;5;11.5;0
Saint-Honoré-les-Bains;46.9;3.84;21/09/2026;23:00;15;0;SOLEIL;3;7.2;0
Saint-Honoré-les-Bains;46.9;3.84;22/09/2026;00:00;15;0;SOLEIL;3;5.4;0
Saint-Honoré-les-Bains;46.9;3.84;22/09/2026;01:00;15;0;SOLEIL;3;4.7;0
Saint-Honoré-les-Bains;46.9;3.84;22/09/2026;02:00;10.4;0;SOLEIL;5;4.7;0
Saint-Honoré-les-Bains;46.9;3.84;22/09/2026;03:00;10.4;0;SOLEIL;5;4.7;0
Saint-Honoré-les-Bains;46.9;3.84;22/09/2026;04:00;10.4;0;SOLEIL;5;5.0;0
Saint-Honoré-les-Bains;46.9;3.84;22/09/2026;05:00;11.2;0;SOLEIL;2;5.4;0
Saint-Honoré-les-Bains;46.9;3.84;22/09/2026;06:00;11.2;0;SOLEIL;2;4.7;0
Saint-Honoré-les-Bains;46.9;3.84;22/09/2026;07:00;11.2;0;SOLEIL;2;4.0;0
Saint-Honoré-les-Bains;46.9;3.84;22/09/2026;08:00;14.4;0;SOLEIL;5;4.0;0
Saint-Honoré-les-Bains;46.9;3.84;22/09/2026;09:00;16.3;0;SOLEIL;5;5.4;0
Saint-Honoré-les-Bains;46.9;3.84;22/09/2026;10:00;18.3;0;SOLEIL;5;7.6;0
Saint-Honoré-les-Bains;46.9;3.84;22/09/2026;11:00;25.6;0;SOLEIL;3;10.8;0
Saint-Honoré-les-Bains;46.9;3.84;22/09/2026;12:00;25.6;0;SOLEIL;3;15.8;0
Saint-Honoré-les-Bains;46.9;3.84;22/09/2026;13:00;25.6;0;SOLEIL;3;22.0;0
Saint-Honoré-les-Bains;46.9;3.84;22/09/2026;14:00;26.2;0;SOLEIL;5;25.9;0
Saint-Honoré-les-Bains;46.9;3.84;22/09/2026;15:00;28.2;0;SOLEIL;5;26.6;0
Saint-Honoré-les-Bains;46.9;3.84;22/09/2026;16:00;26.2;0;SOLEIL;5;25.2;0
Saint-Honoré-les-Bains;46.9;3.84;22/09/2026;17:00;21.6;0;SOLEIL;3;23.8;0
Saint-Honoré-les-Bains;46.9;3.84;22/09/2026;18:00;21.6;0;SOLEIL;3;22.3;0
Saint-Honoré-les-Bains;46.9;3.84;22/09/2026;19:00;21.6;0;SOLEIL;3;20.9;0
Saint-Honoré-les-Bains;46.9;3.84;22/09/2026;20:00;18.3;0;SOLEIL;5;18.7;0
Saint-Honoré-les-Bains;46.9;3.84;22/09/2026;21:00;16.3;0;SOLEIL;5;15.5;0
Saint-Honoré-les-Bains;46.9;3.84;22/09/2026;22:00;14.4;0;SOLEIL;5;11.9;0
Saint-Honoré-les-Bains;46.9;3.84;22/09/2026;23:00;15.2;0;SOLEIL;2;8.6;0
Saint-Honoré-les-Bains;46.9;3.84;23/09/2026;00:00;15.2;0;SOLEIL;2;7.4;0
Saint-Honoré-les-Bains;46.9;3.84;23/09/2026;01:00;15.2;0;SOLEIL;2;7.2;0
Saint-Honoré-les-Bains;46.9;3.84;23/09/2026;02:00;11.6;0;SOLEIL;5;8.2;0
Saint-Honoré-les-Bains;46.9;3.84;23/09/2026;03:00;11.6;0;SOLEIL;5;9.0;0
Saint-Honoré-les-Bains;46.9;3.84;23/09/2026;04:00;11.6;0;SOLEIL;5;7.9;0
Saint-Honoré-les-Bains;46.9;3.84;23/09/2026;05:00;12.6;0;SOLEIL;0;7.2;0
Saint-Honoré-les-Bains;46.9;3.84;23/09/2026;06:00;12.6;0;SOLEIL;0;7.2;0
Saint-Honoré-les-Bains;46.9;3.84;23/09/2026;07:00;12.6;0;SOLEIL;0;7.2;0
Saint-Honoré-les-Bains;46.9;3.84;23/09/2026;08:00;14.9;0;SOLEIL;5;8.3;0
Saint-Honoré-les-Bains;46.9;3.84;23/09/2026;09:00;16.6;0;SOLEIL;5;10.4;0
Saint-Honoré-les-Bains;46.9;3.84;23/09/2026;10:00;18.3;0;SOLEIL;5;13.0;0
Saint-Honoré-les-Bains;46.9;3.84;23/09/2026;11:00;26.1;0;SOLEIL;2;15.1;0
Saint-Honoré-les-Bains;46.9;3.84;23/09/2026;12:00;26.1;0;SOLEIL;2;16.2;0
Saint-Honoré-les-Bains;46.9;3.84;23/09/2026;13:00;26.1;0;SOLEIL;2;16.9;0
Saint-Honoré-les-Bains;46.9;3.84;23/09/2026;14:00;24.9;0;SOLEIL;5;17.6;0
Saint-Honoré-les-Bains;46.9;3.84;23/09/2026;15:00;26.6;0;SOLEIL;5;19.1;0
Saint-Honoré-les-Bains;46.9;3.84;23/09/2026;16:00;24.9;0;SOLEIL;5;21.2;0
Saint-Honoré-les-Bains;46.9;3.84;23/09/2026;17:00;22.4;0;SOLEIL;2;22.7;0
Saint-Honoré-les-Bains;46.9;3.84;23/09/2026;18:00;22.4;0;SOLEIL;2;23.8;0
Saint-Honoré-les-Bains;46.9;3.84;23/09/2026;19:00;22.4;0;SOLEIL;2;24.8;0
Saint-Honoré-les-Bains;46.9;3.84;23/09/2026;20:00;18.3;0;SOLEIL;5;25.6;0
Saint-Honoré-les-Bains;46.9;3.84;23/09/2026;21:00;16.6;0;SOLEIL;5;25.6;0
Saint-Honoré-les-Bains;46.9;3.84;23/09/2026;22:00;14.9;0;SOLEIL;5;24.8;0
Saint-Honoré-les-Bains;46.9;3.84;23/09/2026;23:00;16.1;0;SOLEIL;1;24.8;0
Varzy;47.35;3.39;19/09/2026;00:00;8.6;0;SOLEIL;2;7.9;0
Varzy;47.35;3.39;19/09/2026;01:00;8.1;0;SOLEIL;1;6.8;0
Varzy;47.35;3.39;19/09/2026;02:00;7.5;0;SOLEIL;0;5.8;0
Varzy;47.35;3.39;19/09/2026;03:00;6.6;0;SOLEIL;0;5.0;0
Varzy;47.35;3.39;19/09/2026;04:00;6.7;0;SOLEIL;0;4.7;0
Varzy;47.35;3.39;19/09/2026;05:00;5.1;0;SOLEIL;0;5.0;0
Varzy;47.35;3.39;19/09/2026;06:00;5.9;0;SOLEIL;1;4.7;0
Varzy;47.35;3.39;19/09/2026;07:00;10.2;0;SOLEIL;1;4.7;0
Varzy;47.35;3.39;19/09/2026;08:00;15.2;0;SOLEIL;1;4.0;0
Varzy;47.35;3.39;19/09/2026;09:00;19.4;0;SOLEIL;2;4.3;0
Varzy;47.35;3.39;19/09/2026;10:00;20.3;0;SOLEIL;2;6.5;0
Varzy;47.35;3.39;19/09/2026;11:00;21.6;5;SOLEIL VOILÉ;3;7.9;0
Varzy;47.35;3.39;19/09/2026;12:00;22.7;5;SOLEIL VOILÉ;3;13.3;0
Varzy;47.35;3.39;19/09/2026;13:00;23.9;5;SOLEIL VOILÉ;3;14.8;0
Varzy;47.35;3.39;19/09/2026;14:00;24.9;5;SOLEIL VOILÉ;3;14.0;0
Varzy;47.35;3.39;19/09/2026;15:00;24.9;5;SOLEIL VOILÉ;3;13.0;0
Varzy;47.35;3.39;19/09/2026;16:00;23.7;5;SOLEIL VOILÉ;2;15.5;0
Varzy;47.35;3.39;19/09/2026;17:00;21.5;5;SOLEIL VOILÉ;2;17.3;0
Varzy;47.35;3.39;19/09/2026;18:00;18.1;5;SOLEIL VOILÉ;1;16.9;0
Varzy;47.35;3.39;19/09/2026;19:00;14.9;0;SOLEIL;1;15.5;0
Varzy;47.35;3.39;19/09/2026;20:00;12.6;0;SOLEIL;2;11.2;0
Varzy;47.35;3.39;19/09/2026;21:00;10.8;0;SOLEIL;2;8.3;0
Varzy;47.35;3.39;19/09/2026;22:00;9.6;0;SOLEIL;2;8.3;0
Varzy;47.35;3.39;19/09/2026;23:00;8.7;5;SOLEIL VOILÉ;2;8.6;0
Varzy;47.35;3.39;20/09/2026;00:00;8.3;5;SOLEIL VOILÉ;0;9.0;0
Varzy;47.35;3.39;20/09/2026;01:00;8.3;5;SOLEIL VOILÉ;0;7.9;0
Varzy;47.35;3.39;20/09/2026;02:00;7.2;5;SOLEIL VOILÉ;1;6.8;0
Varzy;47.35;3.39;20/09/2026;03:00;7.2;5;SOLEIL VOILÉ;1;7.2;0
Varzy;47.35;3.39;20/09/2026;04:00;7.2;5;SOLEIL VOILÉ;1;6.7;0
Varzy;47.35;3.39;20/09/2026;05:00;8;5;SOLEIL VOILÉ;1;6.7;0
Varzy;47.35;3.39;20/09/2026;06:00;8;5;SOLEIL VOILÉ;1;5.8;0
Varzy;47.35;3.39;20/09/2026;07:00;8;5;SOLEIL VOILÉ;1;6.5;0
Varzy;47.35;3.39;20/09/2026;08:00;20.6;5;SOLEIL VOILÉ;2;7.2;0
Varzy;47.35;3.39;20/09/2026;09:00;20.6;5;SOLEIL VOILÉ;2;7.2;0
Varzy;47.35;3.39;20/09/2026;10:00;20.6;5;SOLEIL VOILÉ;2;9.7;0
Varzy;47.35;3.39;20/09/2026;11:00;25.5;5;SOLEIL VOILÉ;3;14.8;0
Varzy;47.35;3.39;20/09/2026;12:00;25.5;5;SOLEIL VOILÉ;3;17.6;0
Varzy;47.35;3.39;20/09/2026;13:00;25.5;5;SOLEIL VOILÉ;3;21.2;0
Varzy;47.35;3.39;20/09/2026;14:00;26.7;5;SOLEIL VOILÉ;3;22.7;0
Varzy;47.35;3.39;20/09/2026;15:00;26.7;5;SOLEIL VOILÉ;3;23.8;0
Varzy;47.35;3.39;20/09/2026;16:00;26.7;5;SOLEIL VOILÉ;3;24.5;0
Varzy;47.35;3.39;20/09/2026;17:00;20.9;5;SOLEIL VOILÉ;2;25.6;0
Varzy;47.35;3.39;20/09/2026;18:00;20.9;5;SOLEIL VOILÉ;2;26.3;0
Varzy;47.35;3.39;20/09/2026;19:00;20.9;5;SOLEIL VOILÉ;2;24.1;0
Varzy;47.35;3.39;20/09/2026;20:00;13.6;5;SOLEIL VOILÉ;1;24.5;0
Varzy;47.35;3.39;20/09/2026;21:00;13.6;5;SOLEIL VOILÉ;1;19.1;0
Varzy;47.35;3.39;20/09/2026;22:00;13.6;5;SOLEIL VOILÉ;1;11.9;0
Varzy;47.35;3.39;20/09/2026;23:00;12.6;5;SOLEIL VOILÉ;2;6.8;0
Varzy;47.35;3.39;21/09/2026;00:00;12.6;5;SOLEIL VOILÉ;2;6.1;0
Varzy;47.35;3.39;21/09/2026;01:00;12.6;5;SOLEIL VOILÉ;2;8.3;0
Varzy;47.35;3.39;21/09/2026;02:00;11.6;5;SOLEIL VOILÉ;2;11.2;0
Varzy;47.35;3.39;21/09/2026;03:00;11.6;5;SOLEIL VOILÉ;2;11.2;0
Varzy;47.35;3.39;21/09/2026;04:00;11.6;5;SOLEIL VOILÉ;2;9.4;0
Varzy;47.35;3.39;21/09/2026;05:00;11.1;5;SOLEIL VOILÉ;2;9.0;0
Varzy;47.35;3.39;21/09/2026;06:00;11.1;5;SOLEIL VOILÉ;2;7.9;0
Varzy;47.35;3.39;21/09/2026;07:00;11.1;5;SOLEIL VOILÉ;2;8.3;0
Varzy;47.35;3.39;21/09/2026;08:00;19.2;5;SOLEIL VOILÉ;3;8.3;0
Varzy;47.35;3.39;21/09/2026;09:00;19.2;5;SOLEIL VOILÉ;3;12.6;0
Varzy;47.35;3.39;21/09/2026;10:00;19.2;5;SOLEIL VOILÉ;3;18.4;0
Varzy;47.35;3.39;21/09/2026;11:00;25.4;5;SOLEIL VOILÉ;3;23.4;0
Varzy;47.35;3.39;21/09/2026;12:00;25.4;5;SOLEIL VOILÉ;3;26.3;0
Varzy;47.35;3.39;21/09/2026;13:00;25.4;5;SOLEIL VOILÉ;3;28.1;0
Varzy;47.35;3.39;21/09/2026;14:00;25.1;0;SOLEIL;4;29.5;0
Varzy;47.35;3.39;21/09/2026;15:00;25.1;0;SOLEIL;4;31.3;0
Varzy;47.35;3.39;21/09/2026;16:00;25.1;0;SOLEIL;4;32.4;0
Varzy;47.35;3.39;21/09/2026;17:00;19.4;0;SOLEIL;4;32.8;0
Varzy;47.35;3.39;21/09/2026;18:00;19.4;0;SOLEIL;4;31.7;0
Varzy;47.35;3.39;21/09/2026;19:00;19.4;0;SOLEIL;4;29.5;0
Varzy;47.35;3.39;21/09/2026;20:00;17.5;5;SOLEIL VOILÉ;5;26.6;0
Varzy;47.35;3.39;21/09/2026;21:00;15.7;5;SOLEIL VOILÉ;5;22.3;0
Varzy;47.35;3.39;21/09/2026;22:00;14.0;5;SOLEIL VOILÉ;5;16.9;0
Varzy;47.35;3.39;21/09/2026;23:00;9.1;0;SOLEIL;3;12.6;0
Varzy;47.35;3.39;22/09/2026;00:00;9.1;0;SOLEIL;3;10.1;0
Varzy;47.35;3.39;22/09/2026;01:00;9.1;0;SOLEIL;3;8.3;0
Varzy;47.35;3.39;22/09/2026;02:00;7.1;0;SOLEIL;5;7.6;0
Varzy;47.35;3.39;22/09/2026;03:00;7.1;0;SOLEIL;5;7.9;0
Varzy;47.35;3.39;22/09/2026;04:00;7.1;0;SOLEIL;5;8.6;0
Varzy;47.35;3.39;22/09/2026;05:00;8.2;0;SOLEIL;3;9.4;0
Varzy;47.35;3.39;22/09/2026;06:00;8.2;0;SOLEIL;3;8.3;0
Varzy;47.35;3.39;22/09/2026;07:00;8.2;0;SOLEIL;3;7.2;0
Varzy;47.35;3.39;22/09/2026;08:00;11.3;0;SOLEIL;5;8.3;0
Varzy;47.35;3.39;22/09/2026;09:00;13.4;0;SOLEIL;5;14.0;0
Varzy;47.35;3.39;22/09/2026;10:00;15.5;0;SOLEIL;5;22.7;0
Varzy;47.35;3.39;22/09/2026;11:00;23.5;0;SOLEIL;4;29.2;0
Varzy;47.35;3.39;22/09/2026;12:00;23.5;0;SOLEIL;4;32.0;0
Varzy;47.35;3.39;22/09/2026;13:00;23.5;0;SOLEIL;4;33.1;0
Varzy;47.35;3.39;22/09/2026;14:00;24.0;0;SOLEIL;5;33.8;0
Varzy;47.35;3.39;22/09/2026;15:00;26.1;0;SOLEIL;5;34.2;0
Varzy;47.35;3.39;22/09/2026;16:00;24.0;0;SOLEIL;5;34.2;0
Varzy;47.35;3.39;22/09/2026;17:00;21;0;SOLEIL;4;33.5;0
Varzy;47.35;3.39;22/09/2026;18:00;21;0;SOLEIL;4;32.4;0
Varzy;47.35;3.39;22/09/2026;19:00;21;0;SOLEIL;4;30.6;0
Varzy;47.35;3.39;22/09/2026;20:00;15.5;0;SOLEIL;5;28.1;0
Varzy;47.35;3.39;22/09/2026;21:00;13.4;0;SOLEIL;5;24.1;0
Varzy;47.35;3.39;22/09/2026;22:00;11.3;0;SOLEIL;5;19.4;0
Varzy;47.35;3.39;22/09/2026;23:00;11.1;0;SOLEIL;3;15.1;0
Varzy;47.35;3.39;23/09/2026;00:00;11.1;0;SOLEIL;3;10.9;0
Varzy;47.35;3.39;23/09/2026;01:00;11.1;0;SOLEIL;3;7.6;0
Varzy;47.35;3.39;23/09/2026;02:00;7.6;0;SOLEIL;5;5.3;0
Varzy;47.35;3.39;23/09/2026;03:00;7.6;0;SOLEIL;5;4.0;0
Varzy;47.35;3.39;23/09/2026;04:00;7.6;0;SOLEIL;5;3.6;0
Varzy;47.35;3.39;23/09/2026;05:00;8.7;0;SOLEIL;3;3.6;0
Varzy;47.35;3.39;23/09/2026;06:00;8.7;0;SOLEIL;3;3.2;0
Varzy;47.35;3.39;23/09/2026;07:00;8.7;0;SOLEIL;3;3.2;0
Varzy;47.35;3.39;23/09/2026;08:00;11.7;0;SOLEIL;5;3.6;0
Varzy;47.35;3.39;23/09/2026;09:00;13.8;0;SOLEIL;5;5.0;0
Varzy;47.35;3.39;23/09/2026;10:00;15.9;0;SOLEIL;5;7.6;0
Varzy;47.35;3.39;23/09/2026;11:00;25.6;0;SOLEIL;2;9.4;0
Varzy;47.35;3.39;23/09/2026;12:00;25.6;0;SOLEIL;2;10.4;0
Varzy;47.35;3.39;23/09/2026;13:00;25.6;0;SOLEIL;2;10.8;0
Varzy;47.35;3.39;23/09/2026;14:00;24.1;0;SOLEIL;5;12.6;0
Varzy;47.35;3.39;23/09/2026;15:00;26.2;0;SOLEIL;5;16.6;0
Varzy;47.35;3.39;23/09/2026;16:00;24.1;0;SOLEIL;5;21.2;0
Varzy;47.35;3.39;23/09/2026;17:00;21.6;0;SOLEIL;3;24.5;0
Varzy;47.35;3.39;23/09/2026;18:00;21.6;0;SOLEIL;3;24.5;0
Varzy;47.35;3.39;23/09/2026;19:00;21.6;0;SOLEIL;3;22.7;0
Varzy;47.35;3.39;23/09/2026;20:00;15.9;0;SOLEIL;5;23.4;0
Varzy;47.35;3.39;23/09/2026;21:00;13.8;0;SOLEIL;5;29.2;0
Varzy;47.35;3.39;23/09/2026;22:00;11.7;0;SOLEIL;5;37.4;0
Varzy;47.35;3.39;23/09/2026;23:00;11.7;0;SOLEIL;2;42.1;0
Ainvelle;47.84;6.25;19/09/2026;00:00;9.9;0;SOLEIL;1;3.2;0
Ainvelle;47.84;6.25;19/09/2026;01:00;9.4;0;SOLEIL;0;2.5;0
Ainvelle;47.84;6.25;19/09/2026;02:00;8.8;0;SOLEIL;1;2.2;0
Ainvelle;47.84;6.25;19/09/2026;03:00;8.5;0;SOLEIL;1;1.8;0
Ainvelle;47.84;6.25;19/09/2026;04:00;8.2;0;SOLEIL;0;3.6;0
Ainvelle;47.84;6.25;19/09/2026;05:00;8;0;SOLEIL;1;2.5;0
Ainvelle;47.84;6.25;19/09/2026;06:00;7.6;0;SOLEIL;1;1.8;0
Ainvelle;47.84;6.25;19/09/2026;07:00;10;0;SOLEIL;0;2.2;0
Ainvelle;47.84;6.25;19/09/2026;08:00;14.1;0;SOLEIL;1;4.0;0
Ainvelle;47.84;6.25;19/09/2026;09:00;18.1;0;SOLEIL;1;3.2;0
Ainvelle;47.84;6.25;19/09/2026;10:00;20.4;0;SOLEIL;1;4.3;0
Ainvelle;47.84;6.25;19/09/2026;11:00;21.5;0;SOLEIL;2;4.7;0
Ainvelle;47.84;6.25;19/09/2026;12:00;22.1;5;SOLEIL VOILÉ;2;5.8;0
Ainvelle;47.84;6.25;19/09/2026;13:00;23.2;5;SOLEIL VOILÉ;1;9.4;0
Ainvelle;47.84;6.25;19/09/2026;14:00;23.9;5;SOLEIL VOILÉ;2;9.7;0
Ainvelle;47.84;6.25;19/09/2026;15:00;23.7;5;SOLEIL VOILÉ;2;10.1;0
Ainvelle;47.84;6.25;19/09/2026;16:00;23.1;5;SOLEIL VOILÉ;1;10.1;0
Ainvelle;47.84;6.25;19/09/2026;17:00;21.6;5;SOLEIL VOILÉ;1;9.0;0
Ainvelle;47.84;6.25;19/09/2026;18:00;18.4;5;SOLEIL VOILÉ;1;6.5;0
Ainvelle;47.84;6.25;19/09/2026;19:00;16.5;5;SOLEIL VOILÉ;1;6.5;0
Ainvelle;47.84;6.25;19/09/2026;20:00;14.9;5;SOLEIL VOILÉ;1;6.8;0
Ainvelle;47.84;6.25;19/09/2026;21:00;13.3;5;SOLEIL VOILÉ;1;6.8;0
Ainvelle;47.84;6.25;19/09/2026;22:00;12.1;5;SOLEIL VOILÉ;1;5.8;0
Ainvelle;47.84;6.25;19/09/2026;23:00;11.2;5;SOLEIL VOILÉ;1;4.7;0
Ainvelle;47.84;6.25;20/09/2026;00:00;10.3;5;SOLEIL VOILÉ;1;4.3;0
Ainvelle;47.84;6.25;20/09/2026;01:00;10.3;5;SOLEIL VOILÉ;1;4.7;0
Ainvelle;47.84;6.25;20/09/2026;02:00;9.2;5;SOLEIL VOILÉ;1;4.7;0
Ainvelle;47.84;6.25;20/09/2026;03:00;9.2;5;SOLEIL VOILÉ;1;4.6;0
Ainvelle;47.84;6.25;20/09/2026;04:00;9.2;5;SOLEIL VOILÉ;1;3.8;0
Ainvelle;47.84;6.25;20/09/2026;05:00;7.6;5;SOLEIL VOILÉ;1;6.9;0
Ainvelle;47.84;6.25;20/09/2026;06:00;7.6;5;SOLEIL VOILÉ;1;3.6;0
Ainvelle;47.84;6.25;20/09/2026;07:00;7.6;5;SOLEIL VOILÉ;1;6.5;0
Ainvelle;47.84;6.25;20/09/2026;08:00;19.2;5;SOLEIL VOILÉ;0;5.4;0
Ainvelle;47.84;6.25;20/09/2026;09:00;19.2;5;SOLEIL VOILÉ;0;4.7;0
Ainvelle;47.84;6.25;20/09/2026;10:00;19.2;5;SOLEIL VOILÉ;0;4.3;0
Ainvelle;47.84;6.25;20/09/2026;11:00;24.7;5;SOLEIL VOILÉ;2;6.8;0
Ainvelle;47.84;6.25;20/09/2026;12:00;24.7;5;SOLEIL VOILÉ;2;11.9;0
Ainvelle;47.84;6.25;20/09/2026;13:00;24.7;5;SOLEIL VOILÉ;2;16.6;0
Ainvelle;47.84;6.25;20/09/2026;14:00;25.4;5;SOLEIL VOILÉ;3;19.8;0
Ainvelle;47.84;6.25;20/09/2026;15:00;25.4;5;SOLEIL VOILÉ;3;21.2;0
Ainvelle;47.84;6.25;20/09/2026;16:00;25.4;5;SOLEIL VOILÉ;3;23.8;0
Ainvelle;47.84;6.25;20/09/2026;17:00;20.4;5;SOLEIL VOILÉ;2;22.3;0
Ainvelle;47.84;6.25;20/09/2026;18:00;20.4;5;SOLEIL VOILÉ;2;22.0;0
Ainvelle;47.84;6.25;20/09/2026;19:00;20.4;5;SOLEIL VOILÉ;2;19.1;0
Ainvelle;47.84;6.25;20/09/2026;20:00;16.4;5;SOLEIL VOILÉ;2;19.8;0
Ainvelle;47.84;6.25;20/09/2026;21:00;16.4;5;SOLEIL VOILÉ;2;11.5;0
Ainvelle;47.84;6.25;20/09/2026;22:00;16.4;5;SOLEIL VOILÉ;2;7.2;0
Ainvelle;47.84;6.25;20/09/2026;23:00;14.1;5;SOLEIL VOILÉ;2;6.5;0
Ainvelle;47.84;6.25;21/09/2026;00:00;14.1;5;SOLEIL VOILÉ;2;6.5;0
Ainvelle;47.84;6.25;21/09/2026;01:00;14.1;5;SOLEIL VOILÉ;2;5.0;0
Ainvelle;47.84;6.25;21/09/2026;02:00;13.4;5;SOLEIL VOILÉ;2;6.8;0
Ainvelle;47.84;6.25;21/09/2026;03:00;13.4;5;SOLEIL VOILÉ;2;7.9;0
Ainvelle;47.84;6.25;21/09/2026;04:00;13.4;5;SOLEIL VOILÉ;2;9.0;0
Ainvelle;47.84;6.25;21/09/2026;05:00;13.1;5;SOLEIL VOILÉ;2;8.3;0
Ainvelle;47.84;6.25;21/09/2026;06:00;13.1;5;SOLEIL VOILÉ;2;3.6;0
Ainvelle;47.84;6.25;21/09/2026;07:00;13.1;5;SOLEIL VOILÉ;2;4.3;0
Ainvelle;47.84;6.25;21/09/2026;08:00;19.5;5;SOLEIL VOILÉ;2;4.0;0
Ainvelle;47.84;6.25;21/09/2026;09:00;19.5;5;SOLEIL VOILÉ;2;5.4;0
Ainvelle;47.84;6.25;21/09/2026;10:00;19.5;5;SOLEIL VOILÉ;2;7.6;0
Ainvelle;47.84;6.25;21/09/2026;11:00;23.7;5;SOLEIL VOILÉ;3;10.4;0
Ainvelle;47.84;6.25;21/09/2026;12:00;23.7;5;SOLEIL VOILÉ;3;13.3;0
Ainvelle;47.84;6.25;21/09/2026;13:00;23.7;5;SOLEIL VOILÉ;3;16.6;0
Ainvelle;47.84;6.25;21/09/2026;14:00;24.6;0;SOLEIL;4;19.1;0
Ainvelle;47.84;6.25;21/09/2026;15:00;24.6;0;SOLEIL;4;21.6;0
Ainvelle;47.84;6.25;21/09/2026;16:00;24.6;0;SOLEIL;4;23.4;0
Ainvelle;47.84;6.25;21/09/2026;17:00;19;0;SOLEIL;3;23.8;0
Ainvelle;47.84;6.25;21/09/2026;18:00;19;0;SOLEIL;3;21.6;0
Ainvelle;47.84;6.25;21/09/2026;19:00;19;0;SOLEIL;3;18.0;0
Ainvelle;47.84;6.25;21/09/2026;20:00;18.0;5;SOLEIL VOILÉ;5;14.4;0
Ainvelle;47.84;6.25;21/09/2026;21:00;16.5;5;SOLEIL VOILÉ;5;11.2;0
Ainvelle;47.84;6.25;21/09/2026;22:00;15.0;5;SOLEIL VOILÉ;5;8.3;0
Ainvelle;47.84;6.25;21/09/2026;23:00;11.2;0;SOLEIL;2;5.8;0
Ainvelle;47.84;6.25;22/09/2026;00:00;11.2;0;SOLEIL;2;4.0;0
Ainvelle;47.84;6.25;22/09/2026;01:00;11.2;0;SOLEIL;2;2.9;0
Ainvelle;47.84;6.25;22/09/2026;02:00;6.1;0;SOLEIL;5;2.5;0
Ainvelle;47.84;6.25;22/09/2026;03:00;6.1;0;SOLEIL;5;2.9;0
Ainvelle;47.84;6.25;22/09/2026;04:00;6.1;0;SOLEIL;5;3.2;0
Ainvelle;47.84;6.25;22/09/2026;05:00;7.2;0;SOLEIL;1;4.0;0
Ainvelle;47.84;6.25;22/09/2026;06:00;7.2;0;SOLEIL;1;3.6;0
Ainvelle;47.84;6.25;22/09/2026;07:00;7.2;0;SOLEIL;1;3.2;0
Ainvelle;47.84;6.25;22/09/2026;08:00;10.2;0;SOLEIL;5;4.0;0
Ainvelle;47.84;6.25;22/09/2026;09:00;12.3;0;SOLEIL;5;6.1;0
Ainvelle;47.84;6.25;22/09/2026;10:00;14.4;0;SOLEIL;5;9.4;0
Ainvelle;47.84;6.25;22/09/2026;11:00;22.6;0;SOLEIL;2;13.3;0
Ainvelle;47.84;6.25;22/09/2026;12:00;22.6;0;SOLEIL;2;18.7;0
Ainvelle;47.84;6.25;22/09/2026;13:00;22.6;0;SOLEIL;2;25.2;0
Ainvelle;47.84;6.25;22/09/2026;14:00;22.6;0;SOLEIL;5;29.9;0
Ainvelle;47.84;6.25;22/09/2026;15:00;24.7;0;SOLEIL;5;32.4;0
Ainvelle;47.84;6.25;22/09/2026;16:00;22.6;0;SOLEIL;5;33.8;0
Ainvelle;47.84;6.25;22/09/2026;17:00;17.5;0;SOLEIL;3;33.5;0
Ainvelle;47.84;6.25;22/09/2026;18:00;17.5;0;SOLEIL;3;32.0;0
Ainvelle;47.84;6.25;22/09/2026;19:00;17.5;0;SOLEIL;3;29.2;0
Ainvelle;47.84;6.25;22/09/2026;20:00;14.4;0;SOLEIL;5;24.8;0
Ainvelle;47.84;6.25;22/09/2026;21:00;12.3;0;SOLEIL;5;18.0;0
Ainvelle;47.84;6.25;22/09/2026;22:00;10.2;0;SOLEIL;5;9.7;0
Ainvelle;47.84;6.25;22/09/2026;23:00;10.1;0;SOLEIL;1;3.6;0
Ainvelle;47.84;6.25;23/09/2026;00:00;10.1;0;SOLEIL;1;4.1;0
Ainvelle;47.84;6.25;23/09/2026;01:00;10.1;0;SOLEIL;1;6.1;0
Ainvelle;47.84;6.25;23/09/2026;02:00;6.6;0;SOLEIL;5;7.7;0
Ainvelle;47.84;6.25;23/09/2026;03:00;6.6;0;SOLEIL;5;8.6;0
Ainvelle;47.84;6.25;23/09/2026;04:00;6.6;0;SOLEIL;5;8.3;0
Ainvelle;47.84;6.25;23/09/2026;05:00;7.7;0;SOLEIL;2;8.3;0
Ainvelle;47.84;6.25;23/09/2026;06:00;7.7;0;SOLEIL;2;8.3;0
Ainvelle;47.84;6.25;23/09/2026;07:00;7.7;0;SOLEIL;2;8.3;0
Ainvelle;47.84;6.25;23/09/2026;08:00;10.4;0;SOLEIL;5;8.3;0
Ainvelle;47.84;6.25;23/09/2026;09:00;12.4;0;SOLEIL;5;7.6;0
Ainvelle;47.84;6.25;23/09/2026;10:00;14.3;0;SOLEIL;5;6.5;0
Ainvelle;47.84;6.25;23/09/2026;11:00;23.4;0;SOLEIL;3;6.5;0
Ainvelle;47.84;6.25;23/09/2026;12:00;23.4;0;SOLEIL;3;8.6;0
Ainvelle;47.84;6.25;23/09/2026;13:00;23.4;0;SOLEIL;3;11.9;0
Ainvelle;47.84;6.25;23/09/2026;14:00;22.0;0;SOLEIL;5;14.0;0
Ainvelle;47.84;6.25;23/09/2026;15:00;23.9;0;SOLEIL;5;14.8;0
Ainvelle;47.84;6.25;23/09/2026;16:00;22.0;0;SOLEIL;5;14.4;0
Ainvelle;47.84;6.25;23/09/2026;17:00;18.7;0;SOLEIL;3;13.7;0
Ainvelle;47.84;6.25;23/09/2026;18:00;18.7;0;SOLEIL;3;11.5;0
Ainvelle;47.84;6.25;23/09/2026;19:00;18.7;0;SOLEIL;3;9.0;0
Ainvelle;47.84;6.25;23/09/2026;20:00;14.3;0;SOLEIL;5;7.9;0
Ainvelle;47.84;6.25;23/09/2026;21:00;12.4;0;SOLEIL;5;10.1;0
Ainvelle;47.84;6.25;23/09/2026;22:00;10.4;0;SOLEIL;5;13.7;0
Ainvelle;47.84;6.25;23/09/2026;23:00;11.4;0;SOLEIL;3;17.6;0
Nantilly;47.44;5.54;19/09/2026;00:00;9.6;0;SOLEIL;1;7.2;0
Nantilly;47.44;5.54;19/09/2026;01:00;8.7;0;SOLEIL;1;5.4;0
Nantilly;47.44;5.54;19/09/2026;02:00;8.6;0;SOLEIL;1;5.4;0
Nantilly;47.44;5.54;19/09/2026;03:00;8.2;0;SOLEIL;1;6.8;0
Nantilly;47.44;5.54;19/09/2026;04:00;8.4;0;SOLEIL;0;7.2;0
Nantilly;47.44;5.54;19/09/2026;05:00;8.1;0;SOLEIL;1;4.3;0
Nantilly;47.44;5.54;19/09/2026;06:00;8.1;0;SOLEIL;0;6.1;0
Nantilly;47.44;5.54;19/09/2026;07:00;11;0;SOLEIL;0;5.0;0
Nantilly;47.44;5.54;19/09/2026;08:00;14.5;0;SOLEIL;0;4.3;0
Nantilly;47.44;5.54;19/09/2026;09:00;17.7;0;SOLEIL;1;3.2;0
Nantilly;47.44;5.54;19/09/2026;10:00;20.1;0;SOLEIL;1;4.7;0
Nantilly;47.44;5.54;19/09/2026;11:00;22;0;SOLEIL;2;5.0;0
Nantilly;47.44;5.54;19/09/2026;12:00;22.5;5;SOLEIL VOILÉ;2;4.7;0
Nantilly;47.44;5.54;19/09/2026;13:00;23.4;5;SOLEIL VOILÉ;2;8.6;0
Nantilly;47.44;5.54;19/09/2026;14:00;24;5;SOLEIL VOILÉ;2;11.9;0
Nantilly;47.44;5.54;19/09/2026;15:00;24.5;5;SOLEIL VOILÉ;2;13.3;0
Nantilly;47.44;5.54;19/09/2026;16:00;24.2;5;SOLEIL VOILÉ;2;13.3;0
Nantilly;47.44;5.54;19/09/2026;17:00;23.1;5;SOLEIL VOILÉ;2;12.6;0
Nantilly;47.44;5.54;19/09/2026;18:00;20.4;5;SOLEIL VOILÉ;1;10.8;0
Nantilly;47.44;5.54;19/09/2026;19:00;18.2;5;SOLEIL VOILÉ;1;11.2;0
Nantilly;47.44;5.54;19/09/2026;20:00;16.7;5;SOLEIL VOILÉ;1;8.6;0
Nantilly;47.44;5.54;19/09/2026;21:00;15.4;5;SOLEIL VOILÉ;1;4.0;0
Nantilly;47.44;5.54;19/09/2026;22:00;14.2;5;SOLEIL VOILÉ;1;5.0;0
Nantilly;47.44;5.54;19/09/2026;23:00;13.2;5;SOLEIL VOILÉ;0;3.2;0
Nantilly;47.44;5.54;20/09/2026;00:00;12.3;5;SOLEIL VOILÉ;1;4.0;0
Nantilly;47.44;5.54;20/09/2026;01:00;12.3;5;SOLEIL VOILÉ;1;3.6;0
Nantilly;47.44;5.54;20/09/2026;02:00;10.7;5;SOLEIL VOILÉ;0;3.6;0
Nantilly;47.44;5.54;20/09/2026;03:00;10.7;5;SOLEIL VOILÉ;0;2.5;0
Nantilly;47.44;5.54;20/09/2026;04:00;10.7;5;SOLEIL VOILÉ;0;3.4;0
Nantilly;47.44;5.54;20/09/2026;05:00;10.2;5;SOLEIL VOILÉ;0;4.9;0
Nantilly;47.44;5.54;20/09/2026;06:00;10.2;5;SOLEIL VOILÉ;0;2.9;0
Nantilly;47.44;5.54;20/09/2026;07:00;10.2;5;SOLEIL VOILÉ;0;2.5;0
Nantilly;47.44;5.54;20/09/2026;08:00;19.6;5;SOLEIL VOILÉ;0;2.9;0
Nantilly;47.44;5.54;20/09/2026;09:00;19.6;5;SOLEIL VOILÉ;0;4.0;0
Nantilly;47.44;5.54;20/09/2026;10:00;19.6;5;SOLEIL VOILÉ;0;7.2;0
Nantilly;47.44;5.54;20/09/2026;11:00;25.7;5;SOLEIL VOILÉ;2;9.4;0
Nantilly;47.44;5.54;20/09/2026;12:00;25.7;5;SOLEIL VOILÉ;2;11.2;0
Nantilly;47.44;5.54;20/09/2026;13:00;25.7;5;SOLEIL VOILÉ;2;15.5;0
Nantilly;47.44;5.54;20/09/2026;14:00;27.1;5;SOLEIL VOILÉ;2;16.6;0
Nantilly;47.44;5.54;20/09/2026;15:00;27.1;5;SOLEIL VOILÉ;2;18.4;0
Nantilly;47.44;5.54;20/09/2026;16:00;27.1;5;SOLEIL VOILÉ;2;20.2;0
Nantilly;47.44;5.54;20/09/2026;17:00;22.4;5;SOLEIL VOILÉ;2;20.5;0
Nantilly;47.44;5.54;20/09/2026;18:00;22.4;5;SOLEIL VOILÉ;2;19.1;0
Nantilly;47.44;5.54;20/09/2026;19:00;22.4;5;SOLEIL VOILÉ;2;19.1;0
Nantilly;47.44;5.54;20/09/2026;20:00;17.1;5;SOLEIL VOILÉ;2;15.1;0
Nantilly;47.44;5.54;20/09/2026;21:00;17.1;5;SOLEIL VOILÉ;2;11.9;0
Nantilly;47.44;5.54;20/09/2026;22:00;17.1;5;SOLEIL VOILÉ;2;15.1;0
Nantilly;47.44;5.54;20/09/2026;23:00;15;5;SOLEIL VOILÉ;2;13.3;0
Nantilly;47.44;5.54;21/09/2026;00:00;15;5;SOLEIL VOILÉ;2;11.9;0
Nantilly;47.44;5.54;21/09/2026;01:00;15;5;SOLEIL VOILÉ;2;12.2;0
Nantilly;47.44;5.54;21/09/2026;02:00;14.1;5;SOLEIL VOILÉ;2;10.4;0
Nantilly;47.44;5.54;21/09/2026;03:00;14.1;5;SOLEIL VOILÉ;2;10.4;0
Nantilly;47.44;5.54;21/09/2026;04:00;14.1;5;SOLEIL VOILÉ;2;11.9;0
Nantilly;47.44;5.54;21/09/2026;05:00;14.1;5;SOLEIL VOILÉ;3;12.6;0
Nantilly;47.44;5.54;21/09/2026;06:00;14.1;5;SOLEIL VOILÉ;3;11.9;0
Nantilly;47.44;5.54;21/09/2026;07:00;14.1;5;SOLEIL VOILÉ;3;11.2;0
Nantilly;47.44;5.54;21/09/2026;08:00;20.1;5;SOLEIL VOILÉ;3;11.9;0
Nantilly;47.44;5.54;21/09/2026;09:00;20.1;5;SOLEIL VOILÉ;3;15.1;0
Nantilly;47.44;5.54;21/09/2026;10:00;20.1;5;SOLEIL VOILÉ;3;20.2;0
Nantilly;47.44;5.54;21/09/2026;11:00;23.6;5;SOLEIL VOILÉ;4;23.8;0
Nantilly;47.44;5.54;21/09/2026;12:00;23.6;5;SOLEIL VOILÉ;4;24.8;0
Nantilly;47.44;5.54;21/09/2026;13:00;23.6;5;SOLEIL VOILÉ;4;25.2;0
Nantilly;47.44;5.54;21/09/2026;14:00;25;0;SOLEIL;4;25.2;0
Nantilly;47.44;5.54;21/09/2026;15:00;25;0;SOLEIL;4;26.3;0
Nantilly;47.44;5.54;21/09/2026;16:00;25;0;SOLEIL;4;27.0;0
Nantilly;47.44;5.54;21/09/2026;17:00;21.6;0;SOLEIL;4;27.4;0
Nantilly;47.44;5.54;21/09/2026;18:00;21.6;0;SOLEIL;4;26.6;0
Nantilly;47.44;5.54;21/09/2026;19:00;21.6;0;SOLEIL;4;24.8;0
Nantilly;47.44;5.54;21/09/2026;20:00;18.8;5;SOLEIL VOILÉ;5;22.3;0
Nantilly;47.44;5.54;21/09/2026;21:00;17.5;5;SOLEIL VOILÉ;5;18.4;0
Nantilly;47.44;5.54;21/09/2026;22:00;16.1;5;SOLEIL VOILÉ;5;13.7;0
Nantilly;47.44;5.54;21/09/2026;23:00;13.1;0;SOLEIL;3;10.4;0
Nantilly;47.44;5.54;22/09/2026;00:00;13.1;0;SOLEIL;3;9.7;0
Nantilly;47.44;5.54;22/09/2026;01:00;13.1;0;SOLEIL;3;10.1;0
Nantilly;47.44;5.54;22/09/2026;02:00;9.6;0;SOLEIL;5;10.4;0
Nantilly;47.44;5.54;22/09/2026;03:00;9.6;0;SOLEIL;5;10.1;0
Nantilly;47.44;5.54;22/09/2026;04:00;9.6;0;SOLEIL;5;10.1;0
Nantilly;47.44;5.54;22/09/2026;05:00;10.5;0;SOLEIL;3;9.7;0
Nantilly;47.44;5.54;22/09/2026;06:00;10.5;0;SOLEIL;3;9.0;0
Nantilly;47.44;5.54;22/09/2026;07:00;10.5;0;SOLEIL;3;8.6;0
Nantilly;47.44;5.54;22/09/2026;08:00;13.1;0;SOLEIL;5;10.1;0
Nantilly;47.44;5.54;22/09/2026;09:00;14.8;0;SOLEIL;5;15.8;0
Nantilly;47.44;5.54;22/09/2026;10:00;16.5;0;SOLEIL;5;23.8;0
Nantilly;47.44;5.54;22/09/2026;11:00;23;0;SOLEIL;4;29.9;0
Nantilly;47.44;5.54;22/09/2026;12:00;23;0;SOLEIL;4;32.8;0
Nantilly;47.44;5.54;22/09/2026;13:00;23;0;SOLEIL;4;33.8;0
Nantilly;47.44;5.54;22/09/2026;14:00;23.5;0;SOLEIL;5;34.2;0
Nantilly;47.44;5.54;22/09/2026;15:00;25.2;0;SOLEIL;5;34.2;0
Nantilly;47.44;5.54;22/09/2026;16:00;23.5;0;SOLEIL;5;33.8;0
Nantilly;47.44;5.54;22/09/2026;17:00;20.5;0;SOLEIL;4;33.1;0
Nantilly;47.44;5.54;22/09/2026;18:00;20.5;0;SOLEIL;4;32.8;0
Nantilly;47.44;5.54;22/09/2026;19:00;20.5;0;SOLEIL;4;32.0;0
Nantilly;47.44;5.54;22/09/2026;20:00;16.5;0;SOLEIL;5;29.9;0
Nantilly;47.44;5.54;22/09/2026;21:00;14.8;0;SOLEIL;5;24.8;0
Nantilly;47.44;5.54;22/09/2026;22:00;13.1;0;SOLEIL;5;18.4;0
Nantilly;47.44;5.54;22/09/2026;23:00;12.6;0;SOLEIL;3;13.3;0
Nantilly;47.44;5.54;23/09/2026;00:00;12.6;0;SOLEIL;3;11.7;0
Nantilly;47.44;5.54;23/09/2026;01:00;12.6;0;SOLEIL;3;11.3;0
Nantilly;47.44;5.54;23/09/2026;02:00;10.2;0;SOLEIL;5;10.7;0
Nantilly;47.44;5.54;23/09/2026;03:00;10.2;0;SOLEIL;5;10.8;0
Nantilly;47.44;5.54;23/09/2026;04:00;10.2;0;SOLEIL;5;11.5;0
Nantilly;47.44;5.54;23/09/2026;05:00;11.1;0;SOLEIL;4;11.9;0
Nantilly;47.44;5.54;23/09/2026;06:00;11.1;0;SOLEIL;4;11.5;0
Nantilly;47.44;5.54;23/09/2026;07:00;11.1;0;SOLEIL;4;10.8;0
Nantilly;47.44;5.54;23/09/2026;08:00;13.5;0;SOLEIL;5;11.2;0
Nantilly;47.44;5.54;23/09/2026;09:00;15.2;0;SOLEIL;5;13.7;0
Nantilly;47.44;5.54;23/09/2026;10:00;16.8;0;SOLEIL;5;17.6;0
Nantilly;47.44;5.54;23/09/2026;11:00;24.1;0;SOLEIL;3;19.4;0
Nantilly;47.44;5.54;23/09/2026;12:00;24.1;0;SOLEIL;3;17.6;0
Nantilly;47.44;5.54;23/09/2026;13:00;24.1;0;SOLEIL;3;13.7;0
Nantilly;47.44;5.54;23/09/2026;14:00;23.4;0;SOLEIL;5;11.5;0
Nantilly;47.44;5.54;23/09/2026;15:00;25.1;0;SOLEIL;5;12.2;0
Nantilly;47.44;5.54;23/09/2026;16:00;23.4;0;SOLEIL;5;14.4;0
Nantilly;47.44;5.54;23/09/2026;17:00;21.4;0;SOLEIL;2;15.8;0
Nantilly;47.44;5.54;23/09/2026;18:00;21.4;0;SOLEIL;2;14.8;0
Nantilly;47.44;5.54;23/09/2026;19:00;21.4;0;SOLEIL;2;13.0;0
Nantilly;47.44;5.54;23/09/2026;20:00;16.8;0;SOLEIL;5;12.2;0
Nantilly;47.44;5.54;23/09/2026;21:00;15.2;0;SOLEIL;5;13.7;0
Nantilly;47.44;5.54;23/09/2026;22:00;13.5;0;SOLEIL;5;16.2;0
Nantilly;47.44;5.54;23/09/2026;23:00;13.4;0;SOLEIL;2;19.8;0
Vesoul;47.62;6.15;19/09/2026;00:00;11.9;0;SOLEIL;1;4.3;0
Vesoul;47.62;6.15;19/09/2026;01:00;11.4;0;SOLEIL;0;2.5;0
Vesoul;47.62;6.15;19/09/2026;02:00;10.4;0;SOLEIL;1;1.4;0
Vesoul;47.62;6.15;19/09/2026;03:00;10.1;0;SOLEIL;0;1.1;0
Vesoul;47.62;6.15;19/09/2026;04:00;9.9;0;SOLEIL;1;2.5;0
Vesoul;47.62;6.15;19/09/2026;05:00;10.2;0;SOLEIL;0;2.5;0
Vesoul;47.62;6.15;19/09/2026;06:00;10.1;0;SOLEIL;0;3.2;0
Vesoul;47.62;6.15;19/09/2026;07:00;12.5;0;SOLEIL;0;3.2;0
Vesoul;47.62;6.15;19/09/2026;08:00;14.7;0;SOLEIL;0;4.7;0
Vesoul;47.62;6.15;19/09/2026;09:00;18.2;0;SOLEIL;1;4.7;0
Vesoul;47.62;6.15;19/09/2026;10:00;20.3;0;SOLEIL;1;8.3;0
Vesoul;47.62;6.15;19/09/2026;11:00;21.6;0;SOLEIL;2;8.6;0
Vesoul;47.62;6.15;19/09/2026;12:00;23;5;SOLEIL VOILÉ;2;10.8;0
Vesoul;47.62;6.15;19/09/2026;13:00;24.2;5;SOLEIL VOILÉ;2;12.2;0
Vesoul;47.62;6.15;19/09/2026;14:00;24.5;5;SOLEIL VOILÉ;2;13.0;0
Vesoul;47.62;6.15;19/09/2026;15:00;24.1;5;SOLEIL VOILÉ;2;17.3;0
Vesoul;47.62;6.15;19/09/2026;16:00;23.4;5;SOLEIL VOILÉ;2;18.7;0
Vesoul;47.62;6.15;19/09/2026;17:00;22.4;5;SOLEIL VOILÉ;2;17.3;0
Vesoul;47.62;6.15;19/09/2026;18:00;20.4;5;SOLEIL VOILÉ;2;15.5;0
Vesoul;47.62;6.15;19/09/2026;19:00;18.3;5;SOLEIL VOILÉ;1;9.4;0
Vesoul;47.62;6.15;19/09/2026;20:00;17.1;5;SOLEIL VOILÉ;1;14.8;0
Vesoul;47.62;6.15;19/09/2026;21:00;16.1;5;SOLEIL VOILÉ;1;15.5;0
Vesoul;47.62;6.15;19/09/2026;22:00;15.3;5;SOLEIL VOILÉ;1;15.5;0
Vesoul;47.62;6.15;19/09/2026;23:00;14.6;5;SOLEIL VOILÉ;1;13.3;0
Vesoul;47.62;6.15;20/09/2026;00:00;13.7;5;SOLEIL VOILÉ;1;11.9;0
Vesoul;47.62;6.15;20/09/2026;01:00;13.7;5;SOLEIL VOILÉ;1;9.7;0
Vesoul;47.62;6.15;20/09/2026;02:00;12.1;5;SOLEIL VOILÉ;2;10.4;0
Vesoul;47.62;6.15;20/09/2026;03:00;12.1;5;SOLEIL VOILÉ;2;9.4;0
Vesoul;47.62;6.15;20/09/2026;04:00;12.1;5;SOLEIL VOILÉ;2;7.4;0
Vesoul;47.62;6.15;20/09/2026;05:00;11.6;5;SOLEIL VOILÉ;1;9.3;0
Vesoul;47.62;6.15;20/09/2026;06:00;11.6;5;SOLEIL VOILÉ;1;6.1;0
Vesoul;47.62;6.15;20/09/2026;07:00;11.6;5;SOLEIL VOILÉ;1;9.0;0
Vesoul;47.62;6.15;20/09/2026;08:00;21.7;5;SOLEIL VOILÉ;1;7.2;0
Vesoul;47.62;6.15;20/09/2026;09:00;21.7;5;SOLEIL VOILÉ;1;7.6;0
Vesoul;47.62;6.15;20/09/2026;10:00;21.7;5;SOLEIL VOILÉ;1;8.3;0
Vesoul;47.62;6.15;20/09/2026;11:00;26.1;5;SOLEIL VOILÉ;2;12.2;0
Vesoul;47.62;6.15;20/09/2026;12:00;26.1;5;SOLEIL VOILÉ;2;14.4;0
Vesoul;47.62;6.15;20/09/2026;13:00;26.1;5;SOLEIL VOILÉ;2;18.4;0
Vesoul;47.62;6.15;20/09/2026;14:00;26.6;5;SOLEIL VOILÉ;3;20.5;0
Vesoul;47.62;6.15;20/09/2026;15:00;26.6;5;SOLEIL VOILÉ;3;22.0;0
Vesoul;47.62;6.15;20/09/2026;16:00;26.6;5;SOLEIL VOILÉ;3;24.5;0
Vesoul;47.62;6.15;20/09/2026;17:00;23.7;5;SOLEIL VOILÉ;2;24.5;0
Vesoul;47.62;6.15;20/09/2026;18:00;23.7;5;SOLEIL VOILÉ;2;22.3;0
Vesoul;47.62;6.15;20/09/2026;19:00;23.7;5;SOLEIL VOILÉ;2;19.8;0
Vesoul;47.62;6.15;20/09/2026;20:00;19.1;5;SOLEIL VOILÉ;2;17.6;0
Vesoul;47.62;6.15;20/09/2026;21:00;19.1;5;SOLEIL VOILÉ;2;15.8;0
Vesoul;47.62;6.15;20/09/2026;22:00;19.1;5;SOLEIL VOILÉ;2;11.5;0
Vesoul;47.62;6.15;20/09/2026;23:00;16.1;5;SOLEIL VOILÉ;2;9.7;0
Vesoul;47.62;6.15;21/09/2026;00:00;16.1;5;SOLEIL VOILÉ;2;8.6;0
Vesoul;47.62;6.15;21/09/2026;01:00;16.1;5;SOLEIL VOILÉ;2;8.3;0
Vesoul;47.62;6.15;21/09/2026;02:00;13.9;5;SOLEIL VOILÉ;2;8.3;0
Vesoul;47.62;6.15;21/09/2026;03:00;13.9;5;SOLEIL VOILÉ;2;8.3;0
Vesoul;47.62;6.15;21/09/2026;04:00;13.9;5;SOLEIL VOILÉ;2;8.6;0
Vesoul;47.62;6.15;21/09/2026;05:00;13.6;5;SOLEIL VOILÉ;2;8.3;0
Vesoul;47.62;6.15;21/09/2026;06:00;13.6;5;SOLEIL VOILÉ;2;6.5;0
Vesoul;47.62;6.15;21/09/2026;07:00;13.6;5;SOLEIL VOILÉ;2;5.4;0
Vesoul;47.62;6.15;21/09/2026;08:00;19.9;5;SOLEIL VOILÉ;2;5.0;0
Vesoul;47.62;6.15;21/09/2026;09:00;19.9;5;SOLEIL VOILÉ;2;7.2;0
Vesoul;47.62;6.15;21/09/2026;10:00;19.9;5;SOLEIL VOILÉ;2;10.8;0
Vesoul;47.62;6.15;21/09/2026;11:00;24.7;5;SOLEIL VOILÉ;3;13.7;0
Vesoul;47.62;6.15;21/09/2026;12:00;24.7;5;SOLEIL VOILÉ;3;15.5;0
Vesoul;47.62;6.15;21/09/2026;13:00;24.7;5;SOLEIL VOILÉ;3;16.9;0
Vesoul;47.62;6.15;21/09/2026;14:00;25.5;0;SOLEIL;4;18.4;0
Vesoul;47.62;6.15;21/09/2026;15:00;25.5;0;SOLEIL;4;20.9;0
Vesoul;47.62;6.15;21/09/2026;16:00;25.5;0;SOLEIL;4;23.4;0
Vesoul;47.62;6.15;21/09/2026;17:00;21.6;0;SOLEIL;3;24.8;0
Vesoul;47.62;6.15;21/09/2026;18:00;21.6;0;SOLEIL;3;24.1;0
Vesoul;47.62;6.15;21/09/2026;19:00;21.6;0;SOLEIL;3;22.0;0
Vesoul;47.62;6.15;21/09/2026;20:00;18.8;5;SOLEIL VOILÉ;5;19.1;0
Vesoul;47.62;6.15;21/09/2026;21:00;17.2;5;SOLEIL VOILÉ;5;15.8;0
Vesoul;47.62;6.15;21/09/2026;22:00;15.6;5;SOLEIL VOILÉ;5;11.9;0
Vesoul;47.62;6.15;21/09/2026;23:00;12.1;0;SOLEIL;1;8.6;0
Vesoul;47.62;6.15;22/09/2026;00:00;12.1;0;SOLEIL;1;6.8;0
Vesoul;47.62;6.15;22/09/2026;01:00;12.1;0;SOLEIL;1;6.1;0
Vesoul;47.62;6.15;22/09/2026;02:00;11.2;0;SOLEIL;5;5.8;0
Vesoul;47.62;6.15;22/09/2026;03:00;11.2;0;SOLEIL;5;5.8;0
Vesoul;47.62;6.15;22/09/2026;04:00;11.2;0;SOLEIL;5;6.1;0
Vesoul;47.62;6.15;22/09/2026;05:00;12.5;0;SOLEIL;1;6.1;0
Vesoul;47.62;6.15;22/09/2026;06:00;12.5;0;SOLEIL;1;5.4;0
Vesoul;47.62;6.15;22/09/2026;07:00;12.5;0;SOLEIL;1;4.7;0
Vesoul;47.62;6.15;22/09/2026;08:00;14.1;0;SOLEIL;5;5.4;0
Vesoul;47.62;6.15;22/09/2026;09:00;15.6;0;SOLEIL;5;8.3;0
Vesoul;47.62;6.15;22/09/2026;10:00;17.1;0;SOLEIL;5;12.6;0
Vesoul;47.62;6.15;22/09/2026;11:00;22.1;0;SOLEIL;2;16.6;0
Vesoul;47.62;6.15;22/09/2026;12:00;22.1;0;SOLEIL;2;19.1;0
Vesoul;47.62;6.15;22/09/2026;13:00;22.1;0;SOLEIL;2;20.9;0
Vesoul;47.62;6.15;22/09/2026;14:00;22.9;0;SOLEIL;5;23.0;0
Vesoul;47.62;6.15;22/09/2026;15:00;24.4;0;SOLEIL;5;25.9;0
Vesoul;47.62;6.15;22/09/2026;16:00;22.9;0;SOLEIL;5;28.4;0
Vesoul;47.62;6.15;22/09/2026;17:00;20.4;0;SOLEIL;3;30.2;0
Vesoul;47.62;6.15;22/09/2026;18:00;20.4;0;SOLEIL;3;31.0;0
Vesoul;47.62;6.15;22/09/2026;19:00;20.4;0;SOLEIL;3;30.2;0
Vesoul;47.62;6.15;22/09/2026;20:00;17.1;0;SOLEIL;5;27.7;0
Vesoul;47.62;6.15;22/09/2026;21:00;15.6;0;SOLEIL;5;21.2;0
Vesoul;47.62;6.15;22/09/2026;22:00;14.1;0;SOLEIL;5;12.2;0
Vesoul;47.62;6.15;22/09/2026;23:00;15;0;SOLEIL;1;6.1;0
Vesoul;47.62;6.15;23/09/2026;00:00;15;0;SOLEIL;1;5.6;0
Vesoul;47.62;6.15;23/09/2026;01:00;15;0;SOLEIL;1;7.9;0
Vesoul;47.62;6.15;23/09/2026;02:00;11.7;0;SOLEIL;5;10.6;0
Vesoul;47.62;6.15;23/09/2026;03:00;11.7;0;SOLEIL;5;12.2;0
Vesoul;47.62;6.15;23/09/2026;04:00;11.7;0;SOLEIL;5;12.6;0
Vesoul;47.62;6.15;23/09/2026;05:00;12.6;0;SOLEIL;2;12.6;0
Vesoul;47.62;6.15;23/09/2026;06:00;12.6;0;SOLEIL;2;12.6;0
Vesoul;47.62;6.15;23/09/2026;07:00;12.6;0;SOLEIL;2;12.6;0
Vesoul;47.62;6.15;23/09/2026;08:00;14.7;0;SOLEIL;5;13.3;0
Vesoul;47.62;6.15;23/09/2026;09:00;16.2;0;SOLEIL;5;16.2;0
Vesoul;47.62;6.15;23/09/2026;10:00;17.7;0;SOLEIL;5;20.2;0
Vesoul;47.62;6.15;23/09/2026;11:00;24.4;0;SOLEIL;3;22.0;0
Vesoul;47.62;6.15;23/09/2026;12:00;24.4;0;SOLEIL;3;19.4;0
Vesoul;47.62;6.15;23/09/2026;13:00;24.4;0;SOLEIL;3;14.8;0
Vesoul;47.62;6.15;23/09/2026;14:00;23.6;0;SOLEIL;5;12.2;0
Vesoul;47.62;6.15;23/09/2026;15:00;25.1;0;SOLEIL;5;14.8;0
Vesoul;47.62;6.15;23/09/2026;16:00;23.6;0;SOLEIL;5;19.8;0
Vesoul;47.62;6.15;23/09/2026;17:00;21.1;0;SOLEIL;3;22.7;0
Vesoul;47.62;6.15;23/09/2026;18:00;21.1;0;SOLEIL;3;21.6;0
Vesoul;47.62;6.15;23/09/2026;19:00;21.1;0;SOLEIL;3;18.4;0
Vesoul;47.62;6.15;23/09/2026;20:00;17.7;0;SOLEIL;5;16.6;0
Vesoul;47.62;6.15;23/09/2026;21:00;16.2;0;SOLEIL;5;16.6;0
Vesoul;47.62;6.15;23/09/2026;22:00;14.7;0;SOLEIL;5;17.6;0
Vesoul;47.62;6.15;23/09/2026;23:00;14.9;0;SOLEIL;3;19.8;0
Autun;46.95;4.29;19/09/2026;00:00;8.1;0;SOLEIL;0;4.7;0
Autun;46.95;4.29;19/09/2026;01:00;7.9;0;SOLEIL;0;4.3;0
Autun;46.95;4.29;19/09/2026;02:00;7.6;0;SOLEIL;0;4.7;0
Autun;46.95;4.29;19/09/2026;03:00;6.9;0;SOLEIL;0;4.0;0
Autun;46.95;4.29;19/09/2026;04:00;6.6;0;SOLEIL;0;5.4;0
Autun;46.95;4.29;19/09/2026;05:00;6.6;0;SOLEIL;0;5.8;0
Autun;46.95;4.29;19/09/2026;06:00;6.9;0;SOLEIL;0;2.9;0
Autun;46.95;4.29;19/09/2026;07:00;8.5;0;SOLEIL;0;4.3;0
Autun;46.95;4.29;19/09/2026;08:00;12.9;0;SOLEIL;1;4.7;0
Autun;46.95;4.29;19/09/2026;09:00;17.6;0;SOLEIL;1;4.7;0
Autun;46.95;4.29;19/09/2026;10:00;20.4;0;SOLEIL;1;3.6;0
Autun;46.95;4.29;19/09/2026;11:00;21.4;0;SOLEIL;2;3.2;0
Autun;46.95;4.29;19/09/2026;12:00;22.3;0;SOLEIL;2;7.9;0
Autun;46.95;4.29;19/09/2026;13:00;23.4;5;SOLEIL VOILÉ;2;12.2;0
Autun;46.95;4.29;19/09/2026;14:00;24.1;5;SOLEIL VOILÉ;2;13.0;0
Autun;46.95;4.29;19/09/2026;15:00;24.1;5;SOLEIL VOILÉ;2;12.2;0
Autun;46.95;4.29;19/09/2026;16:00;23.8;5;SOLEIL VOILÉ;2;13.3;0
Autun;46.95;4.29;19/09/2026;17:00;22.6;5;SOLEIL VOILÉ;2;14.0;0
Autun;46.95;4.29;19/09/2026;18:00;20.1;5;SOLEIL VOILÉ;2;15.5;0
Autun;46.95;4.29;19/09/2026;19:00;16.7;0;SOLEIL;2;12.6;0
Autun;46.95;4.29;19/09/2026;20:00;14.1;0;SOLEIL;1;12.6;0
Autun;46.95;4.29;19/09/2026;21:00;12;5;SOLEIL VOILÉ;1;7.9;0
Autun;46.95;4.29;19/09/2026;22:00;10.7;0;SOLEIL;1;5.0;0
Autun;46.95;4.29;19/09/2026;23:00;9.6;5;SOLEIL VOILÉ;0;5.0;0
Autun;46.95;4.29;20/09/2026;00:00;9.1;5;SOLEIL VOILÉ;0;4.0;0
Autun;46.95;4.29;20/09/2026;01:00;9.1;5;SOLEIL VOILÉ;0;4.7;0
Autun;46.95;4.29;20/09/2026;02:00;7.4;5;SOLEIL VOILÉ;0;5.0;0
Autun;46.95;4.29;20/09/2026;03:00;7.4;5;SOLEIL VOILÉ;0;3.1;0
Autun;46.95;4.29;20/09/2026;04:00;7.4;5;SOLEIL VOILÉ;0;7.7;0
Autun;46.95;4.29;20/09/2026;05:00;7.4;5;SOLEIL VOILÉ;0;11.9;0
Autun;46.95;4.29;20/09/2026;06:00;7.4;5;SOLEIL VOILÉ;0;7.9;0
Autun;46.95;4.29;20/09/2026;07:00;7.4;5;SOLEIL VOILÉ;0;8.6;0
Autun;46.95;4.29;20/09/2026;08:00;19.2;5;SOLEIL VOILÉ;1;8.6;0
Autun;46.95;4.29;20/09/2026;09:00;19.2;5;SOLEIL VOILÉ;1;7.2;0
Autun;46.95;4.29;20/09/2026;10:00;19.2;5;SOLEIL VOILÉ;1;15.8;0
Autun;46.95;4.29;20/09/2026;11:00;25.6;5;SOLEIL VOILÉ;2;19.8;0
Autun;46.95;4.29;20/09/2026;12:00;25.6;5;SOLEIL VOILÉ;2;19.4;0
Autun;46.95;4.29;20/09/2026;13:00;25.6;5;SOLEIL VOILÉ;2;23.8;0
Autun;46.95;4.29;20/09/2026;14:00;26.6;5;SOLEIL VOILÉ;2;27.0;0
Autun;46.95;4.29;20/09/2026;15:00;26.6;5;SOLEIL VOILÉ;2;29.5;0
Autun;46.95;4.29;20/09/2026;16:00;26.6;5;SOLEIL VOILÉ;2;30.2;0
Autun;46.95;4.29;20/09/2026;17:00;22;5;SOLEIL VOILÉ;2;31.0;0
Autun;46.95;4.29;20/09/2026;18:00;22;5;SOLEIL VOILÉ;2;33.5;0
Autun;46.95;4.29;20/09/2026;19:00;22;5;SOLEIL VOILÉ;2;33.8;0
Autun;46.95;4.29;20/09/2026;20:00;14.9;5;SOLEIL VOILÉ;2;27.4;0
Autun;46.95;4.29;20/09/2026;21:00;14.9;5;SOLEIL VOILÉ;2;25.2;0
Autun;46.95;4.29;20/09/2026;22:00;14.9;5;SOLEIL VOILÉ;2;18.4;0
Autun;46.95;4.29;20/09/2026;23:00;12.1;5;SOLEIL VOILÉ;2;28.8;0
Autun;46.95;4.29;21/09/2026;00:00;12.1;5;SOLEIL VOILÉ;2;29.2;0
Autun;46.95;4.29;21/09/2026;01:00;12.1;5;SOLEIL VOILÉ;2;27.4;0
Autun;46.95;4.29;21/09/2026;02:00;11.7;5;SOLEIL VOILÉ;2;29.2;0
Autun;46.95;4.29;21/09/2026;03:00;11.7;5;SOLEIL VOILÉ;2;30.2;0
Autun;46.95;4.29;21/09/2026;04:00;11.7;5;SOLEIL VOILÉ;2;25.6;0
Autun;46.95;4.29;21/09/2026;05:00;11.6;5;SOLEIL VOILÉ;2;22.3;0
Autun;46.95;4.29;21/09/2026;06:00;11.6;5;SOLEIL VOILÉ;2;18.4;0
Autun;46.95;4.29;21/09/2026;07:00;11.6;5;SOLEIL VOILÉ;2;18.0;0
Autun;46.95;4.29;21/09/2026;08:00;20;5;SOLEIL VOILÉ;3;16.6;0
Autun;46.95;4.29;21/09/2026;09:00;20;5;SOLEIL VOILÉ;3;20.5;0
Autun;46.95;4.29;21/09/2026;10:00;20;5;SOLEIL VOILÉ;3;26.3;0
Autun;46.95;4.29;21/09/2026;11:00;24.9;5;SOLEIL VOILÉ;3;31.7;0
Autun;46.95;4.29;21/09/2026;12:00;24.9;5;SOLEIL VOILÉ;3;34.9;0
Autun;46.95;4.29;21/09/2026;13:00;24.9;5;SOLEIL VOILÉ;3;37.1;0
Autun;46.95;4.29;21/09/2026;14:00;24.5;0;SOLEIL;4;38.9;0
Autun;46.95;4.29;21/09/2026;15:00;24.5;0;SOLEIL;4;40.7;0
Autun;46.95;4.29;21/09/2026;16:00;24.5;0;SOLEIL;4;42.5;0
Autun;46.95;4.29;21/09/2026;17:00;21.6;0;SOLEIL;4;42.8;0
Autun;46.95;4.29;21/09/2026;18:00;21.6;0;SOLEIL;4;41.4;0
Autun;46.95;4.29;21/09/2026;19:00;21.6;0;SOLEIL;4;39.2;0
Autun;46.95;4.29;21/09/2026;20:00;17.6;5;SOLEIL VOILÉ;5;37.8;0
Autun;46.95;4.29;21/09/2026;21:00;15.9;5;SOLEIL VOILÉ;5;38.2;0
Autun;46.95;4.29;21/09/2026;22:00;14.1;5;SOLEIL VOILÉ;5;39.2;0
Autun;46.95;4.29;21/09/2026;23:00;9.7;0;SOLEIL;3;39.6;0
Autun;46.95;4.29;22/09/2026;00:00;9.7;0;SOLEIL;3;38.2;0
Autun;46.95;4.29;22/09/2026;01:00;9.7;0;SOLEIL;3;35.6;0
Autun;46.95;4.29;22/09/2026;02:00;7.1;0;SOLEIL;5;33.5;0
Autun;46.95;4.29;22/09/2026;03:00;7.1;0;SOLEIL;5;32.0;0
Autun;46.95;4.29;22/09/2026;04:00;7.1;0;SOLEIL;5;31.3;0
Autun;46.95;4.29;22/09/2026;05:00;8.5;0;SOLEIL;3;31.0;0
Autun;46.95;4.29;22/09/2026;06:00;8.5;0;SOLEIL;3;31.0;0
Autun;46.95;4.29;22/09/2026;07:00;8.5;0;SOLEIL;3;31.7;0
Autun;46.95;4.29;22/09/2026;08:00;11.1;0;SOLEIL;5;33.8;0
Autun;46.95;4.29;22/09/2026;09:00;13.1;0;SOLEIL;5;38.5;0
Autun;46.95;4.29;22/09/2026;10:00;15.1;0;SOLEIL;5;44.6;0
Autun;46.95;4.29;22/09/2026;11:00;23.1;0;SOLEIL;4;48.6;0
Autun;46.95;4.29;22/09/2026;12:00;23.1;0;SOLEIL;4;48.6;0
Autun;46.95;4.29;22/09/2026;13:00;23.1;0;SOLEIL;4;46.4;0
Autun;46.95;4.29;22/09/2026;14:00;23.1;0;SOLEIL;5;44.3;0
Autun;46.95;4.29;22/09/2026;15:00;25.1;0;SOLEIL;5;43.6;0
Autun;46.95;4.29;22/09/2026;16:00;23.1;0;SOLEIL;5;43.2;0
Autun;46.95;4.29;22/09/2026;17:00;20.4;0;SOLEIL;3;42.1;0
Autun;46.95;4.29;22/09/2026;18:00;20.4;0;SOLEIL;3;39.6;0
Autun;46.95;4.29;22/09/2026;19:00;20.4;0;SOLEIL;3;36.4;0
Autun;46.95;4.29;22/09/2026;20:00;15.1;0;SOLEIL;5;34.6;0
Autun;46.95;4.29;22/09/2026;21:00;13.1;0;SOLEIL;5;36.0;0
Autun;46.95;4.29;22/09/2026;22:00;11.1;0;SOLEIL;5;39.2;0
Autun;46.95;4.29;22/09/2026;23:00;11.1;0;SOLEIL;2;41.0;0
Autun;46.95;4.29;23/09/2026;00:00;11.1;0;SOLEIL;2;33.8;0
Autun;46.95;4.29;23/09/2026;01:00;11.1;0;SOLEIL;2;25.2;0
Autun;46.95;4.29;23/09/2026;02:00;7.6;0;SOLEIL;5;17.7;0
Autun;46.95;4.29;23/09/2026;03:00;7.6;0;SOLEIL;5;12.2;0
Autun;46.95;4.29;23/09/2026;04:00;7.6;0;SOLEIL;5;12.6;0
Autun;46.95;4.29;23/09/2026;05:00;8.6;0;SOLEIL;2;13.0;0
Autun;46.95;4.29;23/09/2026;06:00;8.6;0;SOLEIL;2;11.9;0
Autun;46.95;4.29;23/09/2026;07:00;8.6;0;SOLEIL;2;10.4;0
Autun;46.95;4.29;23/09/2026;08:00;11.6;0;SOLEIL;5;9.7;0
Autun;46.95;4.29;23/09/2026;09:00;13.6;0;SOLEIL;5;10.1;0
Autun;46.95;4.29;23/09/2026;10:00;15.6;0;SOLEIL;5;10.8;0
Autun;46.95;4.29;23/09/2026;11:00;24.6;0;SOLEIL;2;11.9;0
Autun;46.95;4.29;23/09/2026;12:00;24.6;0;SOLEIL;2;13.3;0
Autun;46.95;4.29;23/09/2026;13:00;24.6;0;SOLEIL;2;15.5;0
Autun;46.95;4.29;23/09/2026;14:00;23.5;0;SOLEIL;5;17.6;0
Autun;46.95;4.29;23/09/2026;15:00;25.5;0;SOLEIL;5;20.9;0
Autun;46.95;4.29;23/09/2026;16:00;23.5;0;SOLEIL;5;24.5;0
Autun;46.95;4.29;23/09/2026;17:00;21.6;0;SOLEIL;1;26.3;0
Autun;46.95;4.29;23/09/2026;18:00;21.6;0;SOLEIL;1;24.1;0
Autun;46.95;4.29;23/09/2026;19:00;21.6;0;SOLEIL;1;20.2;0
Autun;46.95;4.29;23/09/2026;20:00;15.6;0;SOLEIL;5;18.0;0
Autun;46.95;4.29;23/09/2026;21:00;13.6;0;SOLEIL;5;20.2;0
Autun;46.95;4.29;23/09/2026;22:00;11.6;0;SOLEIL;5;24.5;0
Autun;46.95;4.29;23/09/2026;23:00;12.1;0;SOLEIL;1;28.1;0
Chalon-sur-Saône;46.78;4.85;19/09/2026;00:00;12.7;0;SOLEIL;2;9.7;0
Chalon-sur-Saône;46.78;4.85;19/09/2026;01:00;12.1;0;SOLEIL;2;6.5;0
Chalon-sur-Saône;46.78;4.85;19/09/2026;02:00;11.2;0;SOLEIL;1;6.8;0
Chalon-sur-Saône;46.78;4.85;19/09/2026;03:00;10.7;0;SOLEIL;1;6.1;0
Chalon-sur-Saône;46.78;4.85;19/09/2026;04:00;11.1;0;SOLEIL;1;6.8;0
Chalon-sur-Saône;46.78;4.85;19/09/2026;05:00;11.1;0;SOLEIL;1;6.1;0
Chalon-sur-Saône;46.78;4.85;19/09/2026;06:00;11.7;0;SOLEIL;1;6.1;0
Chalon-sur-Saône;46.78;4.85;19/09/2026;07:00;15;0;SOLEIL;0;5.0;0
Chalon-sur-Saône;46.78;4.85;19/09/2026;08:00;16.6;0;SOLEIL;0;5.0;0
Chalon-sur-Saône;46.78;4.85;19/09/2026;09:00;19.1;0;SOLEIL;1;5.0;0
Chalon-sur-Saône;46.78;4.85;19/09/2026;10:00;20.6;0;SOLEIL;1;4.3;0
Chalon-sur-Saône;46.78;4.85;19/09/2026;11:00;22.1;0;SOLEIL;0;6.5;0
Chalon-sur-Saône;46.78;4.85;19/09/2026;12:00;23.7;0;SOLEIL;1;7.2;0
Chalon-sur-Saône;46.78;4.85;19/09/2026;13:00;24.5;0;SOLEIL;1;7.9;0
Chalon-sur-Saône;46.78;4.85;19/09/2026;14:00;25.1;5;SOLEIL VOILÉ;0;8.3;0
Chalon-sur-Saône;46.78;4.85;19/09/2026;15:00;25.2;5;SOLEIL VOILÉ;2;8.6;0
Chalon-sur-Saône;46.78;4.85;19/09/2026;16:00;25;5;SOLEIL VOILÉ;2;10.8;0
Chalon-sur-Saône;46.78;4.85;19/09/2026;17:00;24.2;5;SOLEIL VOILÉ;2;11.9;0
Chalon-sur-Saône;46.78;4.85;19/09/2026;18:00;22.4;0;SOLEIL;2;11.9;0
Chalon-sur-Saône;46.78;4.85;19/09/2026;19:00;19.6;0;SOLEIL;1;13.0;0
Chalon-sur-Saône;46.78;4.85;19/09/2026;20:00;17.6;5;SOLEIL VOILÉ;1;16.2;0
Chalon-sur-Saône;46.78;4.85;19/09/2026;21:00;15.7;0;SOLEIL;1;9.0;0
Chalon-sur-Saône;46.78;4.85;19/09/2026;22:00;14.2;0;SOLEIL;1;9.0;0
Chalon-sur-Saône;46.78;4.85;19/09/2026;23:00;13;0;SOLEIL;1;3.2;0
Chalon-sur-Saône;46.78;4.85;20/09/2026;00:00;12.1;5;SOLEIL VOILÉ;1;7.2;0
Chalon-sur-Saône;46.78;4.85;20/09/2026;01:00;12.1;5;SOLEIL VOILÉ;1;6.5;0
Chalon-sur-Saône;46.78;4.85;20/09/2026;02:00;11.1;0;SOLEIL;1;6.1;0
Chalon-sur-Saône;46.78;4.85;20/09/2026;03:00;11.1;0;SOLEIL;1;6.0;0
Chalon-sur-Saône;46.78;4.85;20/09/2026;04:00;11.1;0;SOLEIL;1;4.0;0
Chalon-sur-Saône;46.78;4.85;20/09/2026;05:00;10.6;5;SOLEIL VOILÉ;1;7.5;0
Chalon-sur-Saône;46.78;4.85;20/09/2026;06:00;10.6;5;SOLEIL VOILÉ;1;8.6;0
Chalon-sur-Saône;46.78;4.85;20/09/2026;07:00;10.6;5;SOLEIL VOILÉ;1;5.8;0
Chalon-sur-Saône;46.78;4.85;20/09/2026;08:00;21;5;SOLEIL VOILÉ;0;4.7;0
Chalon-sur-Saône;46.78;4.85;20/09/2026;09:00;21;5;SOLEIL VOILÉ;0;5.0;0
Chalon-sur-Saône;46.78;4.85;20/09/2026;10:00;21;5;SOLEIL VOILÉ;0;7.2;0
Chalon-sur-Saône;46.78;4.85;20/09/2026;11:00;25.9;5;SOLEIL VOILÉ;1;6.5;0
Chalon-sur-Saône;46.78;4.85;20/09/2026;12:00;25.9;5;SOLEIL VOILÉ;1;7.2;0
Chalon-sur-Saône;46.78;4.85;20/09/2026;13:00;25.9;5;SOLEIL VOILÉ;1;10.8;0
Chalon-sur-Saône;46.78;4.85;20/09/2026;14:00;28.1;5;SOLEIL VOILÉ;2;13.7;0
Chalon-sur-Saône;46.78;4.85;20/09/2026;15:00;28.1;5;SOLEIL VOILÉ;2;15.8;0
Chalon-sur-Saône;46.78;4.85;20/09/2026;16:00;28.1;5;SOLEIL VOILÉ;2;16.6;0
Chalon-sur-Saône;46.78;4.85;20/09/2026;17:00;24.9;5;SOLEIL VOILÉ;3;20.5;0
Chalon-sur-Saône;46.78;4.85;20/09/2026;18:00;24.9;5;SOLEIL VOILÉ;3;23.0;0
Chalon-sur-Saône;46.78;4.85;20/09/2026;19:00;24.9;5;SOLEIL VOILÉ;3;24.1;0
Chalon-sur-Saône;46.78;4.85;20/09/2026;20:00;18.2;5;SOLEIL VOILÉ;3;19.1;0
Chalon-sur-Saône;46.78;4.85;20/09/2026;21:00;18.2;5;SOLEIL VOILÉ;3;10.1;0
Chalon-sur-Saône;46.78;4.85;20/09/2026;22:00;18.2;5;SOLEIL VOILÉ;3;9.4;0
Chalon-sur-Saône;46.78;4.85;20/09/2026;23:00;15.6;5;SOLEIL VOILÉ;3;11.2;0
Chalon-sur-Saône;46.78;4.85;21/09/2026;00:00;15.6;5;SOLEIL VOILÉ;3;12.6;0
Chalon-sur-Saône;46.78;4.85;21/09/2026;01:00;15.6;5;SOLEIL VOILÉ;3;11.9;0
Chalon-sur-Saône;46.78;4.85;21/09/2026;02:00;14.2;5;SOLEIL VOILÉ;3;11.9;0
Chalon-sur-Saône;46.78;4.85;21/09/2026;03:00;14.2;5;SOLEIL VOILÉ;3;11.9;0
Chalon-sur-Saône;46.78;4.85;21/09/2026;04:00;14.2;5;SOLEIL VOILÉ;3;12.2;0
Chalon-sur-Saône;46.78;4.85;21/09/2026;05:00;15.9;5;SOLEIL VOILÉ;3;13.3;0
Chalon-sur-Saône;46.78;4.85;21/09/2026;06:00;15.9;5;SOLEIL VOILÉ;3;15.1;0
Chalon-sur-Saône;46.78;4.85;21/09/2026;07:00;15.9;5;SOLEIL VOILÉ;3;15.1;0
Chalon-sur-Saône;46.78;4.85;21/09/2026;08:00;21.7;5;SOLEIL VOILÉ;4;16.2;0
Chalon-sur-Saône;46.78;4.85;21/09/2026;09:00;21.7;5;SOLEIL VOILÉ;4;19.8;0
Chalon-sur-Saône;46.78;4.85;21/09/2026;10:00;21.7;5;SOLEIL VOILÉ;4;24.1;0
Chalon-sur-Saône;46.78;4.85;21/09/2026;11:00;25.6;5;SOLEIL VOILÉ;4;27.7;0
Chalon-sur-Saône;46.78;4.85;21/09/2026;12:00;25.6;5;SOLEIL VOILÉ;4;30.2;0
Chalon-sur-Saône;46.78;4.85;21/09/2026;13:00;25.6;5;SOLEIL VOILÉ;4;32.0;0
Chalon-sur-Saône;46.78;4.85;21/09/2026;14:00;26.9;0;SOLEIL;5;33.1;0
Chalon-sur-Saône;46.78;4.85;21/09/2026;15:00;26.9;0;SOLEIL;5;34.2;0
Chalon-sur-Saône;46.78;4.85;21/09/2026;16:00;26.9;0;SOLEIL;5;34.6;0
Chalon-sur-Saône;46.78;4.85;21/09/2026;17:00;24.1;0;SOLEIL;4;33.8;0
Chalon-sur-Saône;46.78;4.85;21/09/2026;18:00;24.1;0;SOLEIL;4;31.0;0
Chalon-sur-Saône;46.78;4.85;21/09/2026;19:00;24.1;0;SOLEIL;4;27.0;0
Chalon-sur-Saône;46.78;4.85;21/09/2026;20:00;20.1;5;SOLEIL VOILÉ;5;22.7;0
Chalon-sur-Saône;46.78;4.85;21/09/2026;21:00;18.4;5;SOLEIL VOILÉ;5;18.4;0
Chalon-sur-Saône;46.78;4.85;21/09/2026;22:00;16.7;5;SOLEIL VOILÉ;5;14.0;0
Chalon-sur-Saône;46.78;4.85;21/09/2026;23:00;15.7;0;SOLEIL;4;11.2;0
Chalon-sur-Saône;46.78;4.85;22/09/2026;00:00;15.7;0;SOLEIL;4;11.2;0
Chalon-sur-Saône;46.78;4.85;22/09/2026;01:00;15.7;0;SOLEIL;4;13.3;0
Chalon-sur-Saône;46.78;4.85;22/09/2026;02:00;12.1;0;SOLEIL;5;14.8;0
Chalon-sur-Saône;46.78;4.85;22/09/2026;03:00;12.1;0;SOLEIL;5;15.5;0
Chalon-sur-Saône;46.78;4.85;22/09/2026;04:00;12.1;0;SOLEIL;5;15.5;0
Chalon-sur-Saône;46.78;4.85;22/09/2026;05:00;13.2;0;SOLEIL;5;16.2;0
Chalon-sur-Saône;46.78;4.85;22/09/2026;06:00;13.2;0;SOLEIL;5;16.9;0
Chalon-sur-Saône;46.78;4.85;22/09/2026;07:00;13.2;0;SOLEIL;5;18.0;0
Chalon-sur-Saône;46.78;4.85;22/09/2026;08:00;15.2;0;SOLEIL;5;20.2;0
Chalon-sur-Saône;46.78;4.85;22/09/2026;09:00;16.7;0;SOLEIL;5;25.2;0
Chalon-sur-Saône;46.78;4.85;22/09/2026;10:00;18.3;0;SOLEIL;5;31.3;0
Chalon-sur-Saône;46.78;4.85;22/09/2026;11:00;23.9;0;SOLEIL;5;36.4;0
Chalon-sur-Saône;46.78;4.85;22/09/2026;12:00;23.9;0;SOLEIL;5;38.5;0
Chalon-sur-Saône;46.78;4.85;22/09/2026;13:00;23.9;0;SOLEIL;5;38.9;0
Chalon-sur-Saône;46.78;4.85;22/09/2026;14:00;24.5;0;SOLEIL;5;39.2;0
Chalon-sur-Saône;46.78;4.85;22/09/2026;15:00;26.0;0;SOLEIL;5;39.6;0
Chalon-sur-Saône;46.78;4.85;22/09/2026;16:00;24.5;0;SOLEIL;5;39.6;0
Chalon-sur-Saône;46.78;4.85;22/09/2026;17:00;22.2;0;SOLEIL;4;38.5;0
Chalon-sur-Saône;46.78;4.85;22/09/2026;18:00;22.2;0;SOLEIL;4;35.6;0
Chalon-sur-Saône;46.78;4.85;22/09/2026;19:00;22.2;0;SOLEIL;4;32.0;0
Chalon-sur-Saône;46.78;4.85;22/09/2026;20:00;18.3;0;SOLEIL;5;28.4;0
Chalon-sur-Saône;46.78;4.85;22/09/2026;21:00;16.7;0;SOLEIL;5;25.6;0
Chalon-sur-Saône;46.78;4.85;22/09/2026;22:00;15.2;0;SOLEIL;5;23.4;0
Chalon-sur-Saône;46.78;4.85;22/09/2026;23:00;13.6;0;SOLEIL;4;21.2;0
Chalon-sur-Saône;46.78;4.85;23/09/2026;00:00;13.6;0;SOLEIL;4;19.8;0
Chalon-sur-Saône;46.78;4.85;23/09/2026;01:00;13.6;0;SOLEIL;4;18.0;0
Chalon-sur-Saône;46.78;4.85;23/09/2026;02:00;11.4;0;SOLEIL;5;16.0;0
Chalon-sur-Saône;46.78;4.85;23/09/2026;03:00;11.4;0;SOLEIL;5;13.3;0
Chalon-sur-Saône;46.78;4.85;23/09/2026;04:00;11.4;0;SOLEIL;5;11.5;0
Chalon-sur-Saône;46.78;4.85;23/09/2026;05:00;12.5;0;SOLEIL;3;9.7;0
Chalon-sur-Saône;46.78;4.85;23/09/2026;06:00;12.5;0;SOLEIL;3;7.6;0
Chalon-sur-Saône;46.78;4.85;23/09/2026;07:00;12.5;0;SOLEIL;3;5.4;0
Chalon-sur-Saône;46.78;4.85;23/09/2026;08:00;14.7;0;SOLEIL;5;4.3;0
Chalon-sur-Saône;46.78;4.85;23/09/2026;09:00;16.3;0;SOLEIL;5;5.0;0
Chalon-sur-Saône;46.78;4.85;23/09/2026;10:00;17.9;0;SOLEIL;5;6.5;0
Chalon-sur-Saône;46.78;4.85;23/09/2026;11:00;24.9;0;SOLEIL;2;8.3;0
Chalon-sur-Saône;46.78;4.85;23/09/2026;12:00;24.9;0;SOLEIL;2;10.1;0
Chalon-sur-Saône;46.78;4.85;23/09/2026;13:00;24.9;0;SOLEIL;2;12.2;0
Chalon-sur-Saône;46.78;4.85;23/09/2026;14:00;24.5;0;SOLEIL;5;13.3;0
Chalon-sur-Saône;46.78;4.85;23/09/2026;15:00;26.1;0;SOLEIL;5;12.6;0
Chalon-sur-Saône;46.78;4.85;23/09/2026;16:00;24.5;0;SOLEIL;5;11.2;0
Chalon-sur-Saône;46.78;4.85;23/09/2026;17:00;23.1;0;SOLEIL;2;10.1;0
Chalon-sur-Saône;46.78;4.85;23/09/2026;18:00;23.1;0;SOLEIL;2;9.7;0
Chalon-sur-Saône;46.78;4.85;23/09/2026;19:00;23.1;0;SOLEIL;2;9.7;0
Chalon-sur-Saône;46.78;4.85;23/09/2026;20:00;17.9;0;SOLEIL;5;10.1;0
Chalon-sur-Saône;46.78;4.85;23/09/2026;21:00;16.3;0;SOLEIL;5;11.2;0
Chalon-sur-Saône;46.78;4.85;23/09/2026;22:00;14.7;0;SOLEIL;5;13.0;0
Chalon-sur-Saône;46.78;4.85;23/09/2026;23:00;14.5;0;SOLEIL;2;14.8;0
Charolles;46.43;4.27;19/09/2026;00:00;7.9;0;SOLEIL;0;3.6;0
Charolles;46.43;4.27;19/09/2026;01:00;6.9;0;SOLEIL;0;2.5;0
Charolles;46.43;4.27;19/09/2026;02:00;6.6;0;SOLEIL;0;2.2;0
Charolles;46.43;4.27;19/09/2026;03:00;6.1;0;SOLEIL;0;2.2;0
Charolles;46.43;4.27;19/09/2026;04:00;5.7;0;SOLEIL;0;2.5;0
Charolles;46.43;4.27;19/09/2026;05:00;5;0;SOLEIL;0;2.2;0
Charolles;46.43;4.27;19/09/2026;06:00;5.6;0;SOLEIL;0;2.5;0
Charolles;46.43;4.27;19/09/2026;07:00;8.6;0;SOLEIL;0;1.8;0
Charolles;46.43;4.27;19/09/2026;08:00;12.7;0;SOLEIL;0;2.5;0
Charolles;46.43;4.27;19/09/2026;09:00;17.4;0;SOLEIL;0;2.5;0
Charolles;46.43;4.27;19/09/2026;10:00;19.4;0;SOLEIL;1;6.1;0
Charolles;46.43;4.27;19/09/2026;11:00;20.6;0;SOLEIL;1;9.7;0
Charolles;46.43;4.27;19/09/2026;12:00;22.2;0;SOLEIL;2;7.9;0
Charolles;46.43;4.27;19/09/2026;13:00;23.6;0;SOLEIL;2;6.8;0
Charolles;46.43;4.27;19/09/2026;14:00;24.1;0;SOLEIL;2;11.5;0
Charolles;46.43;4.27;19/09/2026;15:00;23.7;0;SOLEIL;2;12.6;0
Charolles;46.43;4.27;19/09/2026;16:00;23.2;0;SOLEIL;1;11.9;0
Charolles;46.43;4.27;19/09/2026;17:00;22.5;0;SOLEIL;1;11.9;0
Charolles;46.43;4.27;19/09/2026;18:00;20;0;SOLEIL;1;9.7;0
Charolles;46.43;4.27;19/09/2026;19:00;17.4;0;SOLEIL;1;9.7;0
Charolles;46.43;4.27;19/09/2026;20:00;15.1;0;SOLEIL;0;8.3;0
Charolles;46.43;4.27;19/09/2026;21:00;12.8;0;SOLEIL;0;4.3;0
Charolles;46.43;4.27;19/09/2026;22:00;10.8;0;SOLEIL;0;2.9;0
Charolles;46.43;4.27;19/09/2026;23:00;9.4;0;SOLEIL;0;2.5;0
Charolles;46.43;4.27;20/09/2026;00:00;8.3;0;SOLEIL;0;2.5;0
Charolles;46.43;4.27;20/09/2026;01:00;8.3;0;SOLEIL;0;3.2;0
Charolles;46.43;4.27;20/09/2026;02:00;7.6;0;SOLEIL;2;2.5;0
Charolles;46.43;4.27;20/09/2026;03:00;7.6;0;SOLEIL;2;3.4;0
Charolles;46.43;4.27;20/09/2026;04:00;7.6;0;SOLEIL;2;2.3;0
Charolles;46.43;4.27;20/09/2026;05:00;7.6;0;SOLEIL;1;7.7;0
Charolles;46.43;4.27;20/09/2026;06:00;7.6;0;SOLEIL;1;8.6;0
Charolles;46.43;4.27;20/09/2026;07:00;7.6;0;SOLEIL;1;4.3;0
Charolles;46.43;4.27;20/09/2026;08:00;19.1;5;SOLEIL VOILÉ;2;4.3;0
Charolles;46.43;4.27;20/09/2026;09:00;19.1;5;SOLEIL VOILÉ;2;5.8;0
Charolles;46.43;4.27;20/09/2026;10:00;19.1;5;SOLEIL VOILÉ;2;9.4;0
Charolles;46.43;4.27;20/09/2026;11:00;24.5;5;SOLEIL VOILÉ;2;15.8;0
Charolles;46.43;4.27;20/09/2026;12:00;24.5;5;SOLEIL VOILÉ;2;17.6;0
Charolles;46.43;4.27;20/09/2026;13:00;24.5;5;SOLEIL VOILÉ;2;18.4;0
Charolles;46.43;4.27;20/09/2026;14:00;26.5;5;SOLEIL VOILÉ;3;22.7;0
Charolles;46.43;4.27;20/09/2026;15:00;26.5;5;SOLEIL VOILÉ;3;25.2;0
Charolles;46.43;4.27;20/09/2026;16:00;26.5;5;SOLEIL VOILÉ;3;25.9;0
Charolles;46.43;4.27;20/09/2026;17:00;21.6;5;SOLEIL VOILÉ;2;24.5;0
Charolles;46.43;4.27;20/09/2026;18:00;21.6;5;SOLEIL VOILÉ;2;23.0;0
Charolles;46.43;4.27;20/09/2026;19:00;21.6;5;SOLEIL VOILÉ;2;21.6;0
Charolles;46.43;4.27;20/09/2026;20:00;14.2;5;SOLEIL VOILÉ;2;18.0;0
Charolles;46.43;4.27;20/09/2026;21:00;14.2;5;SOLEIL VOILÉ;2;7.6;0
Charolles;46.43;4.27;20/09/2026;22:00;14.2;5;SOLEIL VOILÉ;2;6.5;0
Charolles;46.43;4.27;20/09/2026;23:00;12.2;5;SOLEIL VOILÉ;2;4.7;0
Charolles;46.43;4.27;21/09/2026;00:00;12.2;5;SOLEIL VOILÉ;2;2.5;0
Charolles;46.43;4.27;21/09/2026;01:00;12.2;5;SOLEIL VOILÉ;2;3.6;0
Charolles;46.43;4.27;21/09/2026;02:00;11.6;5;SOLEIL VOILÉ;2;4.7;0
Charolles;46.43;4.27;21/09/2026;03:00;11.6;5;SOLEIL VOILÉ;2;5.8;0
Charolles;46.43;4.27;21/09/2026;04:00;11.6;5;SOLEIL VOILÉ;2;6.1;0
Charolles;46.43;4.27;21/09/2026;05:00;10.5;5;SOLEIL VOILÉ;2;3.6;0
Charolles;46.43;4.27;21/09/2026;06:00;10.5;5;SOLEIL VOILÉ;2;3.2;0
Charolles;46.43;4.27;21/09/2026;07:00;10.5;5;SOLEIL VOILÉ;2;3.2;0
Charolles;46.43;4.27;21/09/2026;08:00;20.1;5;SOLEIL VOILÉ;2;2.9;0
Charolles;46.43;4.27;21/09/2026;09:00;20.1;5;SOLEIL VOILÉ;2;6.5;0
Charolles;46.43;4.27;21/09/2026;10:00;20.1;5;SOLEIL VOILÉ;2;11.9;0
Charolles;46.43;4.27;21/09/2026;11:00;25.4;5;SOLEIL VOILÉ;4;16.6;0
Charolles;46.43;4.27;21/09/2026;12:00;25.4;5;SOLEIL VOILÉ;4;19.4;0
Charolles;46.43;4.27;21/09/2026;13:00;25.4;5;SOLEIL VOILÉ;4;22.0;0
Charolles;46.43;4.27;21/09/2026;14:00;25.7;0;SOLEIL;4;23.8;0
Charolles;46.43;4.27;21/09/2026;15:00;25.7;0;SOLEIL;4;25.9;0
Charolles;46.43;4.27;21/09/2026;16:00;25.7;0;SOLEIL;4;27.4;0
Charolles;46.43;4.27;21/09/2026;17:00;21.7;0;SOLEIL;4;28.1;0
Charolles;46.43;4.27;21/09/2026;18:00;21.7;0;SOLEIL;4;27.4;0
Charolles;46.43;4.27;21/09/2026;19:00;21.7;0;SOLEIL;4;25.9;0
Charolles;46.43;4.27;21/09/2026;20:00;17.2;5;SOLEIL VOILÉ;5;23.0;0
Charolles;46.43;4.27;21/09/2026;21:00;15.3;5;SOLEIL VOILÉ;5;17.6;0
Charolles;46.43;4.27;21/09/2026;22:00;13.4;5;SOLEIL VOILÉ;5;11.2;0
Charolles;46.43;4.27;21/09/2026;23:00;12.4;0;SOLEIL;3;6.1;0
Charolles;46.43;4.27;22/09/2026;00:00;12.4;0;SOLEIL;3;4.3;0
Charolles;46.43;4.27;22/09/2026;01:00;12.4;0;SOLEIL;3;4.0;0
Charolles;46.43;4.27;22/09/2026;02:00;5.5;0;SOLEIL;5;4.0;0
Charolles;46.43;4.27;22/09/2026;03:00;5.5;0;SOLEIL;5;3.2;0
Charolles;46.43;4.27;22/09/2026;04:00;5.5;0;SOLEIL;5;2.5;0
Charolles;46.43;4.27;22/09/2026;05:00;7.1;0;SOLEIL;3;2.2;0
Charolles;46.43;4.27;22/09/2026;06:00;7.1;0;SOLEIL;3;1.1;0
Charolles;46.43;4.27;22/09/2026;07:00;7.1;0;SOLEIL;3;0.0;0
Charolles;46.43;4.27;22/09/2026;08:00;10.1;0;SOLEIL;5;1.4;0
Charolles;46.43;4.27;22/09/2026;09:00;12.4;0;SOLEIL;5;7.9;0
Charolles;46.43;4.27;22/09/2026;10:00;14.7;0;SOLEIL;5;16.9;0
Charolles;46.43;4.27;22/09/2026;11:00;23.6;0;SOLEIL;4;24.5;0
Charolles;46.43;4.27;22/09/2026;12:00;23.6;0;SOLEIL;4;29.2;0
Charolles;46.43;4.27;22/09/2026;13:00;23.6;0;SOLEIL;4;32.0;0
Charolles;46.43;4.27;22/09/2026;14:00;23.8;0;SOLEIL;5;34.2;0
Charolles;46.43;4.27;22/09/2026;15:00;26.1;0;SOLEIL;5;35.3;0
Charolles;46.43;4.27;22/09/2026;16:00;23.8;0;SOLEIL;5;35.3;0
Charolles;46.43;4.27;22/09/2026;17:00;20.1;0;SOLEIL;3;34.6;0
Charolles;46.43;4.27;22/09/2026;18:00;20.1;0;SOLEIL;3;32.8;0
Charolles;46.43;4.27;22/09/2026;19:00;20.1;0;SOLEIL;3;29.9;0
Charolles;46.43;4.27;22/09/2026;20:00;14.7;0;SOLEIL;5;26.6;0
Charolles;46.43;4.27;22/09/2026;21:00;12.4;0;SOLEIL;5;22.3;0
Charolles;46.43;4.27;22/09/2026;22:00;10.1;0;SOLEIL;5;17.3;0
Charolles;46.43;4.27;22/09/2026;23:00;9.4;0;SOLEIL;3;13.0;0
Charolles;46.43;4.27;23/09/2026;00:00;9.4;0;SOLEIL;3;10.4;0
Charolles;46.43;4.27;23/09/2026;01:00;9.4;0;SOLEIL;3;8.5;0
Charolles;46.43;4.27;23/09/2026;02:00;6.4;0;SOLEIL;5;7.3;0
Charolles;46.43;4.27;23/09/2026;03:00;6.4;0;SOLEIL;5;7.2;0
Charolles;46.43;4.27;23/09/2026;04:00;6.4;0;SOLEIL;5;7.2;0
Charolles;46.43;4.27;23/09/2026;05:00;7.7;0;SOLEIL;2;7.6;0
Charolles;46.43;4.27;23/09/2026;06:00;7.7;0;SOLEIL;2;7.6;0
Charolles;46.43;4.27;23/09/2026;07:00;7.7;0;SOLEIL;2;7.6;0
Charolles;46.43;4.27;23/09/2026;08:00;10.9;0;SOLEIL;5;7.9;0
Charolles;46.43;4.27;23/09/2026;09:00;13.1;0;SOLEIL;5;9.4;0
Charolles;46.43;4.27;23/09/2026;10:00;15.3;0;SOLEIL;5;11.5;0
Charolles;46.43;4.27;23/09/2026;11:00;25.5;0;SOLEIL;2;12.6;0
Charolles;46.43;4.27;23/09/2026;12:00;25.5;0;SOLEIL;2;10.8;0
Charolles;46.43;4.27;23/09/2026;13:00;25.5;0;SOLEIL;2;7.9;0
Charolles;46.43;4.27;23/09/2026;14:00;24.3;0;SOLEIL;5;7.9;0
Charolles;46.43;4.27;23/09/2026;15:00;26.5;0;SOLEIL;5;13.7;0
Charolles;46.43;4.27;23/09/2026;16:00;24.3;0;SOLEIL;5;22.0;0
Charolles;46.43;4.27;23/09/2026;17:00;21.9;0;SOLEIL;3;28.1;0
Charolles;46.43;4.27;23/09/2026;18:00;21.9;0;SOLEIL;3;29.2;0
Charolles;46.43;4.27;23/09/2026;19:00;21.9;0;SOLEIL;3;27.4;0
Charolles;46.43;4.27;23/09/2026;20:00;15.3;0;SOLEIL;5;25.6;0
Charolles;46.43;4.27;23/09/2026;21:00;13.1;0;SOLEIL;5;23.8;0
Charolles;46.43;4.27;23/09/2026;22:00;10.9;0;SOLEIL;5;22.0;0
Charolles;46.43;4.27;23/09/2026;23:00;10.9;0;SOLEIL;2;20.9;0
Mâcon;46.3;4.83;19/09/2026;00:00;15.5;0;SOLEIL;3;9.7;0
Mâcon;46.3;4.83;19/09/2026;01:00;13.7;0;SOLEIL;3;4.3;0
Mâcon;46.3;4.83;19/09/2026;02:00;12.6;0;SOLEIL;3;8.3;0
Mâcon;46.3;4.83;19/09/2026;03:00;12.5;0;SOLEIL;3;1.1;0
Mâcon;46.3;4.83;19/09/2026;04:00;13.6;0;SOLEIL;1;2.9;0
Mâcon;46.3;4.83;19/09/2026;05:00;13.1;0;SOLEIL;1;2.5;0
Mâcon;46.3;4.83;19/09/2026;06:00;14.1;0;SOLEIL;1;2.5;0
Mâcon;46.3;4.83;19/09/2026;07:00;16.7;0;SOLEIL;1;1.1;0
Mâcon;46.3;4.83;19/09/2026;08:00;18.4;0;SOLEIL;1;1.8;0
Mâcon;46.3;4.83;19/09/2026;09:00;19.5;0;SOLEIL;1;3.2;0
Mâcon;46.3;4.83;19/09/2026;10:00;21.3;0;SOLEIL;2;2.5;0
Mâcon;46.3;4.83;19/09/2026;11:00;22.5;0;SOLEIL;2;7.2;0
Mâcon;46.3;4.83;19/09/2026;12:00;23.6;0;SOLEIL;2;11.2;0
Mâcon;46.3;4.83;19/09/2026;13:00;24.5;0;SOLEIL;2;11.9;0
Mâcon;46.3;4.83;19/09/2026;14:00;25.5;0;SOLEIL;2;8.3;0
Mâcon;46.3;4.83;19/09/2026;15:00;25.6;0;SOLEIL;2;7.6;0
Mâcon;46.3;4.83;19/09/2026;16:00;25.7;0;SOLEIL;2;9.7;0
Mâcon;46.3;4.83;19/09/2026;17:00;24.9;0;SOLEIL;2;10.8;0
Mâcon;46.3;4.83;19/09/2026;18:00;23;0;SOLEIL;2;10.8;0
Mâcon;46.3;4.83;19/09/2026;19:00;20.7;0;SOLEIL;2;13.0;0
Mâcon;46.3;4.83;19/09/2026;20:00;19.2;0;SOLEIL;2;9.0;0
Mâcon;46.3;4.83;19/09/2026;21:00;18.1;0;SOLEIL;2;5.0;0
Mâcon;46.3;4.83;19/09/2026;22:00;17.8;0;SOLEIL;2;1.4;0
Mâcon;46.3;4.83;19/09/2026;23:00;17.5;0;SOLEIL;2;4.7;0
Mâcon;46.3;4.83;20/09/2026;00:00;16.8;0;SOLEIL;2;5.0;0
Mâcon;46.3;4.83;20/09/2026;01:00;16.8;0;SOLEIL;2;5.4;0
Mâcon;46.3;4.83;20/09/2026;02:00;14.1;0;SOLEIL;1;5.8;0
Mâcon;46.3;4.83;20/09/2026;03:00;14.1;0;SOLEIL;1;6.7;0
Mâcon;46.3;4.83;20/09/2026;04:00;14.1;0;SOLEIL;1;7.4;0
Mâcon;46.3;4.83;20/09/2026;05:00;15;0;SOLEIL;0;8.8;0
Mâcon;46.3;4.83;20/09/2026;06:00;15;0;SOLEIL;0;6.5;0
Mâcon;46.3;4.83;20/09/2026;07:00;15;0;SOLEIL;0;8.6;0
Mâcon;46.3;4.83;20/09/2026;08:00;22.1;5;SOLEIL VOILÉ;1;7.6;0
Mâcon;46.3;4.83;20/09/2026;09:00;22.1;5;SOLEIL VOILÉ;1;7.9;0
Mâcon;46.3;4.83;20/09/2026;10:00;22.1;5;SOLEIL VOILÉ;1;7.9;0
Mâcon;46.3;4.83;20/09/2026;11:00;26.6;5;SOLEIL VOILÉ;2;8.3;0
Mâcon;46.3;4.83;20/09/2026;12:00;26.6;5;SOLEIL VOILÉ;2;16.9;0
Mâcon;46.3;4.83;20/09/2026;13:00;26.6;5;SOLEIL VOILÉ;2;22.7;0
Mâcon;46.3;4.83;20/09/2026;14:00;27.7;5;SOLEIL VOILÉ;3;25.6;0
Mâcon;46.3;4.83;20/09/2026;15:00;27.7;5;SOLEIL VOILÉ;3;27.0;0
Mâcon;46.3;4.83;20/09/2026;16:00;27.7;5;SOLEIL VOILÉ;3;27.7;0
Mâcon;46.3;4.83;20/09/2026;17:00;24.2;5;SOLEIL VOILÉ;2;27.0;0
Mâcon;46.3;4.83;20/09/2026;18:00;24.2;5;SOLEIL VOILÉ;2;24.5;0
Mâcon;46.3;4.83;20/09/2026;19:00;24.2;5;SOLEIL VOILÉ;2;24.1;0
Mâcon;46.3;4.83;20/09/2026;20:00;20.7;5;SOLEIL VOILÉ;3;23.8;0
Mâcon;46.3;4.83;20/09/2026;21:00;20.7;5;SOLEIL VOILÉ;3;17.6;0
Mâcon;46.3;4.83;20/09/2026;22:00;20.7;5;SOLEIL VOILÉ;3;16.6;0
Mâcon;46.3;4.83;20/09/2026;23:00;19.6;5;SOLEIL VOILÉ;4;15.5;0
Mâcon;46.3;4.83;21/09/2026;00:00;19.6;5;SOLEIL VOILÉ;4;16.9;0
Mâcon;46.3;4.83;21/09/2026;01:00;19.6;5;SOLEIL VOILÉ;4;22.0;0
Mâcon;46.3;4.83;21/09/2026;02:00;17.7;5;SOLEIL VOILÉ;4;25.6;0
Mâcon;46.3;4.83;21/09/2026;03:00;17.7;5;SOLEIL VOILÉ;4;26.6;0
Mâcon;46.3;4.83;21/09/2026;04:00;17.7;5;SOLEIL VOILÉ;4;26.6;0
Mâcon;46.3;4.83;21/09/2026;05:00;18;5;SOLEIL VOILÉ;4;24.8;0
Mâcon;46.3;4.83;21/09/2026;06:00;18;5;SOLEIL VOILÉ;4;21.2;0
Mâcon;46.3;4.83;21/09/2026;07:00;18;5;SOLEIL VOILÉ;4;19.1;0
Mâcon;46.3;4.83;21/09/2026;08:00;22.2;5;SOLEIL VOILÉ;4;18.4;0
Mâcon;46.3;4.83;21/09/2026;09:00;22.2;5;SOLEIL VOILÉ;4;22.7;0
Mâcon;46.3;4.83;21/09/2026;10:00;22.2;5;SOLEIL VOILÉ;4;29.5;0
Mâcon;46.3;4.83;21/09/2026;11:00;25.4;5;SOLEIL VOILÉ;5;35.3;0
Mâcon;46.3;4.83;21/09/2026;12:00;25.4;5;SOLEIL VOILÉ;5;38.2;0
Mâcon;46.3;4.83;21/09/2026;13:00;25.4;5;SOLEIL VOILÉ;5;40.0;0
Mâcon;46.3;4.83;21/09/2026;14:00;26.6;0;SOLEIL;6;41.0;0
Mâcon;46.3;4.83;21/09/2026;15:00;26.6;0;SOLEIL;6;41.8;0
Mâcon;46.3;4.83;21/09/2026;16:00;26.6;0;SOLEIL;6;41.4;0
Mâcon;46.3;4.83;21/09/2026;17:00;23.7;0;SOLEIL;5;40.0;0
Mâcon;46.3;4.83;21/09/2026;18:00;23.7;0;SOLEIL;5;36.4;0
Mâcon;46.3;4.83;21/09/2026;19:00;23.7;0;SOLEIL;5;31.3;0
Mâcon;46.3;4.83;21/09/2026;20:00;22.0;5;SOLEIL VOILÉ;5;27.4;0
Mâcon;46.3;4.83;21/09/2026;21:00;20.7;5;SOLEIL VOILÉ;5;25.2;0
Mâcon;46.3;4.83;21/09/2026;22:00;19.5;5;SOLEIL VOILÉ;5;23.8;0
Mâcon;46.3;4.83;21/09/2026;23:00;18.1;0;SOLEIL;5;23.4;0
Mâcon;46.3;4.83;22/09/2026;00:00;18.1;0;SOLEIL;5;24.5;0
Mâcon;46.3;4.83;22/09/2026;01:00;18.1;0;SOLEIL;5;26.6;0
Mâcon;46.3;4.83;22/09/2026;02:00;13.6;0;SOLEIL;5;28.1;0
Mâcon;46.3;4.83;22/09/2026;03:00;13.6;0;SOLEIL;5;27.4;0
Mâcon;46.3;4.83;22/09/2026;04:00;13.6;0;SOLEIL;5;25.9;0
Mâcon;46.3;4.83;22/09/2026;05:00;14.4;0;SOLEIL;4;24.8;0
Mâcon;46.3;4.83;22/09/2026;06:00;14.4;0;SOLEIL;4;24.1;0
Mâcon;46.3;4.83;22/09/2026;07:00;14.4;0;SOLEIL;4;23.8;0
Mâcon;46.3;4.83;22/09/2026;08:00;16.4;0;SOLEIL;5;24.8;0
Mâcon;46.3;4.83;22/09/2026;09:00;17.9;0;SOLEIL;5;28.8;0
Mâcon;46.3;4.83;22/09/2026;10:00;19.3;0;SOLEIL;5;34.6;0
Mâcon;46.3;4.83;22/09/2026;11:00;24;0;SOLEIL;4;39.2;0
Mâcon;46.3;4.83;22/09/2026;12:00;24;0;SOLEIL;4;42.1;0
Mâcon;46.3;4.83;22/09/2026;13:00;24;0;SOLEIL;4;43.9;0
Mâcon;46.3;4.83;22/09/2026;14:00;25.0;0;SOLEIL;5;45.0;0
Mâcon;46.3;4.83;22/09/2026;15:00;26.4;0;SOLEIL;5;45.7;0
Mâcon;46.3;4.83;22/09/2026;16:00;25.0;0;SOLEIL;5;46.1;0
Mâcon;46.3;4.83;22/09/2026;17:00;22;0;SOLEIL;4;45.0;0
Mâcon;46.3;4.83;22/09/2026;18:00;22;0;SOLEIL;4;41.8;0
Mâcon;46.3;4.83;22/09/2026;19:00;22;0;SOLEIL;4;37.1;0
Mâcon;46.3;4.83;22/09/2026;20:00;19.3;0;SOLEIL;5;33.5;0
Mâcon;46.3;4.83;22/09/2026;21:00;17.9;0;SOLEIL;5;32.0;0
Mâcon;46.3;4.83;22/09/2026;22:00;16.4;0;SOLEIL;5;32.0;0
Mâcon;46.3;4.83;22/09/2026;23:00;16.7;0;SOLEIL;2;31.0;0
Mâcon;46.3;4.83;23/09/2026;00:00;16.7;0;SOLEIL;2;26.8;0
Mâcon;46.3;4.83;23/09/2026;01:00;16.7;0;SOLEIL;2;22.0;0
Mâcon;46.3;4.83;23/09/2026;02:00;12.9;0;SOLEIL;5;17.3;0
Mâcon;46.3;4.83;23/09/2026;03:00;12.9;0;SOLEIL;5;12.6;0
Mâcon;46.3;4.83;23/09/2026;04:00;12.9;0;SOLEIL;5;9.7;0
Mâcon;46.3;4.83;23/09/2026;05:00;13.6;0;SOLEIL;1;7.2;0
Mâcon;46.3;4.83;23/09/2026;06:00;13.6;0;SOLEIL;1;4.3;0
Mâcon;46.3;4.83;23/09/2026;07:00;13.6;0;SOLEIL;1;1.8;0
Mâcon;46.3;4.83;23/09/2026;08:00;15.9;0;SOLEIL;5;1.1;0
Mâcon;46.3;4.83;23/09/2026;09:00;17.4;0;SOLEIL;5;2.9;0
Mâcon;46.3;4.83;23/09/2026;10:00;18.9;0;SOLEIL;5;6.1;0
Mâcon;46.3;4.83;23/09/2026;11:00;25.1;0;SOLEIL;2;9.4;0
Mâcon;46.3;4.83;23/09/2026;12:00;25.1;0;SOLEIL;2;11.9;0
Mâcon;46.3;4.83;23/09/2026;13:00;25.1;0;SOLEIL;2;14.0;0
Mâcon;46.3;4.83;23/09/2026;14:00;24.9;0;SOLEIL;5;15.5;0
Mâcon;46.3;4.83;23/09/2026;15:00;26.4;0;SOLEIL;5;16.6;0
Mâcon;46.3;4.83;23/09/2026;16:00;24.9;0;SOLEIL;5;16.6;0
Mâcon;46.3;4.83;23/09/2026;17:00;24.1;0;SOLEIL;2;15.8;0
Mâcon;46.3;4.83;23/09/2026;18:00;24.1;0;SOLEIL;2;12.6;0
Mâcon;46.3;4.83;23/09/2026;19:00;24.1;0;SOLEIL;2;8.3;0
Mâcon;46.3;4.83;23/09/2026;20:00;18.9;0;SOLEIL;5;5.4;0
Mâcon;46.3;4.83;23/09/2026;21:00;17.4;0;SOLEIL;5;5.4;0
Mâcon;46.3;4.83;23/09/2026;22:00;15.9;0;SOLEIL;5;6.8;0
Mâcon;46.3;4.83;23/09/2026;23:00;18.2;0;SOLEIL;1;8.3;0
Montceau-les-Mines;46.67;4.36;19/09/2026;00:00;11;0;SOLEIL;1;4.3;0
Montceau-les-Mines;46.67;4.36;19/09/2026;01:00;10.7;0;SOLEIL;1;2.9;0
Montceau-les-Mines;46.67;4.36;19/09/2026;02:00;9.8;0;SOLEIL;1;3.2;0
Montceau-les-Mines;46.67;4.36;19/09/2026;03:00;9.4;0;SOLEIL;1;2.5;0
Montceau-les-Mines;46.67;4.36;19/09/2026;04:00;9.2;0;SOLEIL;1;3.6;0
Montceau-les-Mines;46.67;4.36;19/09/2026;05:00;9.2;0;SOLEIL;1;4.7;0
Montceau-les-Mines;46.67;4.36;19/09/2026;06:00;9.5;0;SOLEIL;1;5.0;0
Montceau-les-Mines;46.67;4.36;19/09/2026;07:00;10.6;0;SOLEIL;1;5.4;0
Montceau-les-Mines;46.67;4.36;19/09/2026;08:00;13.6;0;SOLEIL;1;5.8;0
Montceau-les-Mines;46.67;4.36;19/09/2026;09:00;17.5;0;SOLEIL;1;6.5;0
Montceau-les-Mines;46.67;4.36;19/09/2026;10:00;20;0;SOLEIL;1;7.9;0
Montceau-les-Mines;46.67;4.36;19/09/2026;11:00;21.6;0;SOLEIL;1;9.4;0
Montceau-les-Mines;46.67;4.36;19/09/2026;12:00;23.2;0;SOLEIL;2;9.0;0
Montceau-les-Mines;46.67;4.36;19/09/2026;13:00;24.4;0;SOLEIL;2;6.8;0
Montceau-les-Mines;46.67;4.36;19/09/2026;14:00;24.9;5;SOLEIL VOILÉ;2;8.6;0
Montceau-les-Mines;46.67;4.36;19/09/2026;15:00;24.4;0;SOLEIL;2;12.2;0
Montceau-les-Mines;46.67;4.36;19/09/2026;16:00;24.3;0;SOLEIL;2;11.9;0
Montceau-les-Mines;46.67;4.36;19/09/2026;17:00;23.5;0;SOLEIL;2;11.2;0
Montceau-les-Mines;46.67;4.36;19/09/2026;18:00;21.4;5;SOLEIL VOILÉ;2;10.4;0
Montceau-les-Mines;46.67;4.36;19/09/2026;19:00;19;0;SOLEIL;1;11.9;0
Montceau-les-Mines;46.67;4.36;19/09/2026;20:00;17.6;0;SOLEIL;1;11.5;0
Montceau-les-Mines;46.67;4.36;19/09/2026;21:00;16.3;0;SOLEIL;1;8.6;0
Montceau-les-Mines;46.67;4.36;19/09/2026;22:00;15.3;0;SOLEIL;1;4.3;0
Montceau-les-Mines;46.67;4.36;19/09/2026;23:00;14.1;0;SOLEIL;1;1.4;0
Montceau-les-Mines;46.67;4.36;20/09/2026;00:00;12.8;5;SOLEIL VOILÉ;1;0.4;0
Montceau-les-Mines;46.67;4.36;20/09/2026;01:00;12.8;5;SOLEIL VOILÉ;1;1.1;0
Montceau-les-Mines;46.67;4.36;20/09/2026;02:00;9.6;0;SOLEIL;1;4.0;0
Montceau-les-Mines;46.67;4.36;20/09/2026;03:00;9.6;0;SOLEIL;1;4.0;0
Montceau-les-Mines;46.67;4.36;20/09/2026;04:00;9.6;0;SOLEIL;1;4.5;0
Montceau-les-Mines;46.67;4.36;20/09/2026;05:00;8.6;5;SOLEIL VOILÉ;1;7.8;0
Montceau-les-Mines;46.67;4.36;20/09/2026;06:00;8.6;5;SOLEIL VOILÉ;1;6.8;0
Montceau-les-Mines;46.67;4.36;20/09/2026;07:00;8.6;5;SOLEIL VOILÉ;1;4.7;0
Montceau-les-Mines;46.67;4.36;20/09/2026;08:00;19.1;5;SOLEIL VOILÉ;2;4.3;0
Montceau-les-Mines;46.67;4.36;20/09/2026;09:00;19.1;5;SOLEIL VOILÉ;2;5.0;0
Montceau-les-Mines;46.67;4.36;20/09/2026;10:00;19.1;5;SOLEIL VOILÉ;2;11.5;0
Montceau-les-Mines;46.67;4.36;20/09/2026;11:00;24.6;5;SOLEIL VOILÉ;3;14.0;0
Montceau-les-Mines;46.67;4.36;20/09/2026;12:00;24.6;5;SOLEIL VOILÉ;3;19.4;0
Montceau-les-Mines;46.67;4.36;20/09/2026;13:00;24.6;5;SOLEIL VOILÉ;3;24.1;0
Montceau-les-Mines;46.67;4.36;20/09/2026;14:00;26.1;5;SOLEIL VOILÉ;3;24.8;0
Montceau-les-Mines;46.67;4.36;20/09/2026;15:00;26.1;5;SOLEIL VOILÉ;3;24.8;0
Montceau-les-Mines;46.67;4.36;20/09/2026;16:00;26.1;5;SOLEIL VOILÉ;3;24.8;0
Montceau-les-Mines;46.67;4.36;20/09/2026;17:00;22;5;SOLEIL VOILÉ;2;23.8;0
Montceau-les-Mines;46.67;4.36;20/09/2026;18:00;22;5;SOLEIL VOILÉ;2;22.7;0
Montceau-les-Mines;46.67;4.36;20/09/2026;19:00;22;5;SOLEIL VOILÉ;2;27.4;0
Montceau-les-Mines;46.67;4.36;20/09/2026;20:00;16.1;5;SOLEIL VOILÉ;3;29.9;0
Montceau-les-Mines;46.67;4.36;20/09/2026;21:00;16.1;5;SOLEIL VOILÉ;3;18.7;0
Montceau-les-Mines;46.67;4.36;20/09/2026;22:00;16.1;5;SOLEIL VOILÉ;3;13.7;0
Montceau-les-Mines;46.67;4.36;20/09/2026;23:00;13.1;5;SOLEIL VOILÉ;3;7.6;0
Montceau-les-Mines;46.67;4.36;21/09/2026;00:00;13.1;5;SOLEIL VOILÉ;3;9.4;0
Montceau-les-Mines;46.67;4.36;21/09/2026;01:00;13.1;5;SOLEIL VOILÉ;3;8.3;0
Montceau-les-Mines;46.67;4.36;21/09/2026;02:00;12.1;5;SOLEIL VOILÉ;3;7.6;0
Montceau-les-Mines;46.67;4.36;21/09/2026;03:00;12.1;5;SOLEIL VOILÉ;3;7.9;0
Montceau-les-Mines;46.67;4.36;21/09/2026;04:00;12.1;5;SOLEIL VOILÉ;3;6.8;0
Montceau-les-Mines;46.67;4.36;21/09/2026;05:00;11.6;5;SOLEIL VOILÉ;3;5.0;0
Montceau-les-Mines;46.67;4.36;21/09/2026;06:00;11.6;5;SOLEIL VOILÉ;3;5.8;0
Montceau-les-Mines;46.67;4.36;21/09/2026;07:00;11.6;5;SOLEIL VOILÉ;3;5.4;0
Montceau-les-Mines;46.67;4.36;21/09/2026;08:00;20;5;SOLEIL VOILÉ;3;4.0;0
Montceau-les-Mines;46.67;4.36;21/09/2026;09:00;20;5;SOLEIL VOILÉ;3;8.3;0
Montceau-les-Mines;46.67;4.36;21/09/2026;10:00;20;5;SOLEIL VOILÉ;3;14.8;0
Montceau-les-Mines;46.67;4.36;21/09/2026;11:00;24.7;5;SOLEIL VOILÉ;3;20.2;0
Montceau-les-Mines;46.67;4.36;21/09/2026;12:00;24.7;5;SOLEIL VOILÉ;3;23.4;0
Montceau-les-Mines;46.67;4.36;21/09/2026;13:00;24.7;5;SOLEIL VOILÉ;3;25.9;0
Montceau-les-Mines;46.67;4.36;21/09/2026;14:00;26;0;SOLEIL;4;27.7;0
Montceau-les-Mines;46.67;4.36;21/09/2026;15:00;26;0;SOLEIL;4;29.9;0
Montceau-les-Mines;46.67;4.36;21/09/2026;16:00;26;0;SOLEIL;4;31.3;0
Montceau-les-Mines;46.67;4.36;21/09/2026;17:00;21.6;0;SOLEIL;4;32.0;0
Montceau-les-Mines;46.67;4.36;21/09/2026;18:00;21.6;0;SOLEIL;4;31.3;0
Montceau-les-Mines;46.67;4.36;21/09/2026;19:00;21.6;0;SOLEIL;4;29.5;0
Montceau-les-Mines;46.67;4.36;21/09/2026;20:00;18.0;5;SOLEIL VOILÉ;5;26.6;0
Montceau-les-Mines;46.67;4.36;21/09/2026;21:00;16.2;5;SOLEIL VOILÉ;5;21.2;0
Montceau-les-Mines;46.67;4.36;21/09/2026;22:00;14.5;5;SOLEIL VOILÉ;5;14.8;0
Montceau-les-Mines;46.67;4.36;21/09/2026;23:00;11.9;0;SOLEIL;4;9.7;0
Montceau-les-Mines;46.67;4.36;22/09/2026;00:00;11.9;0;SOLEIL;4;7.9;0
Montceau-les-Mines;46.67;4.36;22/09/2026;01:00;11.9;0;SOLEIL;4;7.6;0
Montceau-les-Mines;46.67;4.36;22/09/2026;02:00;7.1;0;SOLEIL;5;7.2;0
Montceau-les-Mines;46.67;4.36;22/09/2026;03:00;7.1;0;SOLEIL;5;6.8;0
Montceau-les-Mines;46.67;4.36;22/09/2026;04:00;7.1;0;SOLEIL;5;6.5;0
Montceau-les-Mines;46.67;4.36;22/09/2026;05:00;8.6;0;SOLEIL;4;6.1;0
Montceau-les-Mines;46.67;4.36;22/09/2026;06:00;8.6;0;SOLEIL;4;4.7;0
Montceau-les-Mines;46.67;4.36;22/09/2026;07:00;8.6;0;SOLEIL;4;3.2;0
Montceau-les-Mines;46.67;4.36;22/09/2026;08:00;11.4;0;SOLEIL;5;5.4;0
Montceau-les-Mines;46.67;4.36;22/09/2026;09:00;13.6;0;SOLEIL;5;13.7;0
Montceau-les-Mines;46.67;4.36;22/09/2026;10:00;15.7;0;SOLEIL;5;25.6;0
Montceau-les-Mines;46.67;4.36;22/09/2026;11:00;24.6;0;SOLEIL;4;34.6;0
Montceau-les-Mines;46.67;4.36;22/09/2026;12:00;24.6;0;SOLEIL;4;38.5;0
Montceau-les-Mines;46.67;4.36;22/09/2026;13:00;24.6;0;SOLEIL;4;39.6;0
Montceau-les-Mines;46.67;4.36;22/09/2026;14:00;24.3;0;SOLEIL;5;40.0;0
Montceau-les-Mines;46.67;4.36;22/09/2026;15:00;26.5;0;SOLEIL;5;40.0;0
Montceau-les-Mines;46.67;4.36;22/09/2026;16:00;24.3;0;SOLEIL;5;38.9;0
Montceau-les-Mines;46.67;4.36;22/09/2026;17:00;20.5;0;SOLEIL;3;37.4;0
Montceau-les-Mines;46.67;4.36;22/09/2026;18:00;20.5;0;SOLEIL;3;36.0;0
Montceau-les-Mines;46.67;4.36;22/09/2026;19:00;20.5;0;SOLEIL;3;33.8;0
Montceau-les-Mines;46.67;4.36;22/09/2026;20:00;15.7;0;SOLEIL;5;31.3;0
Montceau-les-Mines;46.67;4.36;22/09/2026;21:00;13.6;0;SOLEIL;5;27.4;0
Montceau-les-Mines;46.67;4.36;22/09/2026;22:00;11.4;0;SOLEIL;5;22.7;0
Montceau-les-Mines;46.67;4.36;22/09/2026;23:00;11.1;0;SOLEIL;4;18.7;0
Montceau-les-Mines;46.67;4.36;23/09/2026;00:00;11.1;0;SOLEIL;4;16.9;0
Montceau-les-Mines;46.67;4.36;23/09/2026;01:00;11.1;0;SOLEIL;4;14.9;0
Montceau-les-Mines;46.67;4.36;23/09/2026;02:00;7.4;0;SOLEIL;5;12.7;0
Montceau-les-Mines;46.67;4.36;23/09/2026;03:00;7.4;0;SOLEIL;5;10.1;0
Montceau-les-Mines;46.67;4.36;23/09/2026;04:00;7.4;0;SOLEIL;5;8.3;0
Montceau-les-Mines;46.67;4.36;23/09/2026;05:00;8.6;0;SOLEIL;2;6.8;0
Montceau-les-Mines;46.67;4.36;23/09/2026;06:00;8.6;0;SOLEIL;2;5.4;0
Montceau-les-Mines;46.67;4.36;23/09/2026;07:00;8.6;0;SOLEIL;2;4.0;0
Montceau-les-Mines;46.67;4.36;23/09/2026;08:00;11.6;0;SOLEIL;5;4.3;0
Montceau-les-Mines;46.67;4.36;23/09/2026;09:00;13.8;0;SOLEIL;5;7.6;0
Montceau-les-Mines;46.67;4.36;23/09/2026;10:00;15.9;0;SOLEIL;5;11.9;0
Montceau-les-Mines;46.67;4.36;23/09/2026;11:00;25.6;0;SOLEIL;2;15.1;0
Montceau-les-Mines;46.67;4.36;23/09/2026;12:00;25.6;0;SOLEIL;2;15.1;0
Montceau-les-Mines;46.67;4.36;23/09/2026;13:00;25.6;0;SOLEIL;2;13.3;0
Montceau-les-Mines;46.67;4.36;23/09/2026;14:00;24.4;0;SOLEIL;5;13.3;0
Montceau-les-Mines;46.67;4.36;23/09/2026;15:00;26.5;0;SOLEIL;5;16.6;0
Montceau-les-Mines;46.67;4.36;23/09/2026;16:00;24.4;0;SOLEIL;5;21.2;0
Montceau-les-Mines;46.67;4.36;23/09/2026;17:00;21.6;0;SOLEIL;2;24.8;0
Montceau-les-Mines;46.67;4.36;23/09/2026;18:00;21.6;0;SOLEIL;2;26.3;0
Montceau-les-Mines;46.67;4.36;23/09/2026;19:00;21.6;0;SOLEIL;2;27.0;0
Montceau-les-Mines;46.67;4.36;23/09/2026;20:00;15.9;0;SOLEIL;5;27.0;0
Montceau-les-Mines;46.67;4.36;23/09/2026;21:00;13.8;0;SOLEIL;5;26.6;0
Montceau-les-Mines;46.67;4.36;23/09/2026;22:00;11.6;0;SOLEIL;5;25.6;0
Montceau-les-Mines;46.67;4.36;23/09/2026;23:00;11.9;0;SOLEIL;2;24.5;0
Auxerre;47.79;3.57;19/09/2026;00:00;12.6;0;SOLEIL;1;5.8;0
Auxerre;47.79;3.57;19/09/2026;01:00;12.1;0;SOLEIL;1;5.8;0
Auxerre;47.79;3.57;19/09/2026;02:00;11.1;0;SOLEIL;1;5.4;0
Auxerre;47.79;3.57;19/09/2026;03:00;10.9;0;SOLEIL;2;6.5;0
Auxerre;47.79;3.57;19/09/2026;04:00;9.7;0;SOLEIL;1;6.8;0
Auxerre;47.79;3.57;19/09/2026;05:00;10.4;0;SOLEIL;2;6.8;0
Auxerre;47.79;3.57;19/09/2026;06:00;10.2;0;SOLEIL;2;7.6;0
Auxerre;47.79;3.57;19/09/2026;07:00;12.5;0;SOLEIL;2;7.9;0
Auxerre;47.79;3.57;19/09/2026;08:00;16.2;0;SOLEIL;2;7.9;0
Auxerre;47.79;3.57;19/09/2026;09:00;19.6;0;SOLEIL;1;9.4;0
Auxerre;47.79;3.57;19/09/2026;10:00;21.4;5;SOLEIL VOILÉ;3;9.4;0
Auxerre;47.79;3.57;19/09/2026;11:00;22.6;5;SOLEIL VOILÉ;3;14.0;0
Auxerre;47.79;3.57;19/09/2026;12:00;24.1;5;SOLEIL VOILÉ;3;14.0;0
Auxerre;47.79;3.57;19/09/2026;13:00;25;5;SOLEIL VOILÉ;3;18.7;0
Auxerre;47.79;3.57;19/09/2026;14:00;25.4;5;SOLEIL VOILÉ;3;20.2;0
Auxerre;47.79;3.57;19/09/2026;15:00;25.4;5;SOLEIL VOILÉ;3;21.6;0
Auxerre;47.79;3.57;19/09/2026;16:00;25.4;5;SOLEIL VOILÉ;3;22.7;0
Auxerre;47.79;3.57;19/09/2026;17:00;24.6;5;SOLEIL VOILÉ;3;23.8;0
Auxerre;47.79;3.57;19/09/2026;18:00;22.8;5;SOLEIL VOILÉ;2;21.6;0
Auxerre;47.79;3.57;19/09/2026;19:00;20.2;5;SOLEIL VOILÉ;1;20.5;0
Auxerre;47.79;3.57;19/09/2026;20:00;18.4;5;SOLEIL VOILÉ;1;13.3;0
Auxerre;47.79;3.57;19/09/2026;21:00;16.8;5;SOLEIL VOILÉ;1;7.6;0
Auxerre;47.79;3.57;19/09/2026;22:00;15.9;5;SOLEIL VOILÉ;1;6.8;0
Auxerre;47.79;3.57;19/09/2026;23:00;15;5;SOLEIL VOILÉ;2;5.8;0
Auxerre;47.79;3.57;20/09/2026;00:00;14.1;5;SOLEIL VOILÉ;2;5.8;0
Auxerre;47.79;3.57;20/09/2026;01:00;14.1;5;SOLEIL VOILÉ;2;5.4;0
Auxerre;47.79;3.57;20/09/2026;02:00;11.6;5;SOLEIL VOILÉ;2;5.4;0
Auxerre;47.79;3.57;20/09/2026;03:00;11.6;5;SOLEIL VOILÉ;2;6.5;0
Auxerre;47.79;3.57;20/09/2026;04:00;11.6;5;SOLEIL VOILÉ;2;7.7;0
Auxerre;47.79;3.57;20/09/2026;05:00;11.9;5;SOLEIL VOILÉ;2;6.3;0
Auxerre;47.79;3.57;20/09/2026;06:00;11.9;5;SOLEIL VOILÉ;2;7.9;0
Auxerre;47.79;3.57;20/09/2026;07:00;11.9;5;SOLEIL VOILÉ;2;7.9;0
Auxerre;47.79;3.57;20/09/2026;08:00;20;5;SOLEIL VOILÉ;1;7.2;0
Auxerre;47.79;3.57;20/09/2026;09:00;20;5;SOLEIL VOILÉ;1;7.6;0
Auxerre;47.79;3.57;20/09/2026;10:00;20;5;SOLEIL VOILÉ;1;6.1;0
Auxerre;47.79;3.57;20/09/2026;11:00;25.1;5;SOLEIL VOILÉ;3;10.4;0
Auxerre;47.79;3.57;20/09/2026;12:00;25.1;5;SOLEIL VOILÉ;3;15.1;0
Auxerre;47.79;3.57;20/09/2026;13:00;25.1;5;SOLEIL VOILÉ;3;20.5;0
Auxerre;47.79;3.57;20/09/2026;14:00;26.6;5;SOLEIL VOILÉ;3;23.4;0
Auxerre;47.79;3.57;20/09/2026;15:00;26.6;5;SOLEIL VOILÉ;3;24.8;0
Auxerre;47.79;3.57;20/09/2026;16:00;26.6;5;SOLEIL VOILÉ;3;27.4;0
Auxerre;47.79;3.57;20/09/2026;17:00;23.6;5;SOLEIL VOILÉ;2;27.0;0
Auxerre;47.79;3.57;20/09/2026;18:00;23.6;5;SOLEIL VOILÉ;2;35.3;0
Auxerre;47.79;3.57;20/09/2026;19:00;23.6;5;SOLEIL VOILÉ;2;35.3;0
Auxerre;47.79;3.57;20/09/2026;20:00;18.5;5;SOLEIL VOILÉ;2;23.4;0
Auxerre;47.79;3.57;20/09/2026;21:00;18.5;5;SOLEIL VOILÉ;2;10.8;0
Auxerre;47.79;3.57;20/09/2026;22:00;18.5;5;SOLEIL VOILÉ;2;5.8;0
Auxerre;47.79;3.57;20/09/2026;23:00;16.6;5;SOLEIL VOILÉ;2;6.8;0
Auxerre;47.79;3.57;21/09/2026;00:00;16.6;5;SOLEIL VOILÉ;2;9.4;0
Auxerre;47.79;3.57;21/09/2026;01:00;16.6;5;SOLEIL VOILÉ;2;10.8;0
Auxerre;47.79;3.57;21/09/2026;02:00;13.9;5;SOLEIL VOILÉ;2;12.6;0
Auxerre;47.79;3.57;21/09/2026;03:00;13.9;5;SOLEIL VOILÉ;2;9.0;0
Auxerre;47.79;3.57;21/09/2026;04:00;13.9;5;SOLEIL VOILÉ;2;9.0;0
Auxerre;47.79;3.57;21/09/2026;05:00;13.1;5;SOLEIL VOILÉ;2;7.2;0
Auxerre;47.79;3.57;21/09/2026;06:00;13.1;5;SOLEIL VOILÉ;2;7.6;0
Auxerre;47.79;3.57;21/09/2026;07:00;13.1;5;SOLEIL VOILÉ;2;6.8;0
Auxerre;47.79;3.57;21/09/2026;08:00;19.5;5;SOLEIL VOILÉ;2;6.8;0
Auxerre;47.79;3.57;21/09/2026;09:00;19.5;5;SOLEIL VOILÉ;2;11.2;0
Auxerre;47.79;3.57;21/09/2026;10:00;19.5;5;SOLEIL VOILÉ;2;16.9;0
Auxerre;47.79;3.57;21/09/2026;11:00;24.7;0;SOLEIL;3;21.6;0
Auxerre;47.79;3.57;21/09/2026;12:00;24.7;0;SOLEIL;3;24.1;0
Auxerre;47.79;3.57;21/09/2026;13:00;24.7;0;SOLEIL;3;25.9;0
Auxerre;47.79;3.57;21/09/2026;14:00;26.6;0;SOLEIL;4;27.0;0
Auxerre;47.79;3.57;21/09/2026;15:00;26.6;0;SOLEIL;4;28.1;0
Auxerre;47.79;3.57;21/09/2026;16:00;26.6;0;SOLEIL;4;28.4;0
Auxerre;47.79;3.57;21/09/2026;17:00;22.6;0;SOLEIL;3;28.1;0
Auxerre;47.79;3.57;21/09/2026;18:00;22.6;0;SOLEIL;3;26.3;0
Auxerre;47.79;3.57;21/09/2026;19:00;22.6;0;SOLEIL;3;23.8;0
Auxerre;47.79;3.57;21/09/2026;20:00;19.2;2;NUAGEUX;5;20.5;0
Auxerre;47.79;3.57;21/09/2026;21:00;17.5;2;NUAGEUX;5;16.2;0
Auxerre;47.79;3.57;21/09/2026;22:00;15.8;2;NUAGEUX;5;11.5;0
Auxerre;47.79;3.57;21/09/2026;23:00;13.4;0;SOLEIL;2;7.9;0
Auxerre;47.79;3.57;22/09/2026;00:00;13.4;0;SOLEIL;2;6.5;0
Auxerre;47.79;3.57;22/09/2026;01:00;13.4;0;SOLEIL;2;6.1;0
Auxerre;47.79;3.57;22/09/2026;02:00;9.4;0;SOLEIL;5;5.8;0
Auxerre;47.79;3.57;22/09/2026;03:00;9.4;0;SOLEIL;5;5.4;0
Auxerre;47.79;3.57;22/09/2026;04:00;9.4;0;SOLEIL;5;5.4;0
Auxerre;47.79;3.57;22/09/2026;05:00;10.4;0;SOLEIL;2;5.4;0
Auxerre;47.79;3.57;22/09/2026;06:00;10.4;0;SOLEIL;2;5.0;0
Auxerre;47.79;3.57;22/09/2026;07:00;10.4;0;SOLEIL;2;5.0;0
Auxerre;47.79;3.57;22/09/2026;08:00;13.0;0;SOLEIL;5;6.5;0
Auxerre;47.79;3.57;22/09/2026;09:00;14.8;0;SOLEIL;5;11.5;0
Auxerre;47.79;3.57;22/09/2026;10:00;16.6;0;SOLEIL;5;18.0;0
Auxerre;47.79;3.57;22/09/2026;11:00;23.4;0;SOLEIL;4;23.4;0
Auxerre;47.79;3.57;22/09/2026;12:00;23.4;0;SOLEIL;4;26.3;0
Auxerre;47.79;3.57;22/09/2026;13:00;23.4;0;SOLEIL;4;27.7;0
Auxerre;47.79;3.57;22/09/2026;14:00;23.9;0;SOLEIL;5;29.2;0
Auxerre;47.79;3.57;22/09/2026;15:00;25.7;0;SOLEIL;5;30.6;0
Auxerre;47.79;3.57;22/09/2026;16:00;23.9;0;SOLEIL;5;31.7;0
Auxerre;47.79;3.57;22/09/2026;17:00;22.1;0;SOLEIL;4;31.7;0
Auxerre;47.79;3.57;22/09/2026;18:00;22.1;0;SOLEIL;4;31.0;0
Auxerre;47.79;3.57;22/09/2026;19:00;22.1;0;SOLEIL;4;29.2;0
Auxerre;47.79;3.57;22/09/2026;20:00;16.6;0;SOLEIL;5;26.3;0
Auxerre;47.79;3.57;22/09/2026;21:00;14.8;0;SOLEIL;5;21.2;0
Auxerre;47.79;3.57;22/09/2026;22:00;13.0;0;SOLEIL;5;14.8;0
Auxerre;47.79;3.57;22/09/2026;23:00;14.1;0;SOLEIL;2;9.7;0
Auxerre;47.79;3.57;23/09/2026;00:00;14.1;0;SOLEIL;2;7.7;0
Auxerre;47.79;3.57;23/09/2026;01:00;14.1;0;SOLEIL;2;6.8;0
Auxerre;47.79;3.57;23/09/2026;02:00;10.4;0;SOLEIL;5;5.9;0
Auxerre;47.79;3.57;23/09/2026;03:00;10.4;0;SOLEIL;5;4.7;0
Auxerre;47.79;3.57;23/09/2026;04:00;10.4;0;SOLEIL;5;4.0;0
Auxerre;47.79;3.57;23/09/2026;05:00;11.5;0;SOLEIL;2;3.6;0
Auxerre;47.79;3.57;23/09/2026;06:00;11.5;0;SOLEIL;2;3.2;0
Auxerre;47.79;3.57;23/09/2026;07:00;11.5;0;SOLEIL;2;3.6;0
Auxerre;47.79;3.57;23/09/2026;08:00;14.1;0;SOLEIL;5;4.7;0
Auxerre;47.79;3.57;23/09/2026;09:00;15.9;0;SOLEIL;5;7.9;0
Auxerre;47.79;3.57;23/09/2026;10:00;17.7;0;SOLEIL;5;12.2;0
Auxerre;47.79;3.57;23/09/2026;11:00;25.6;0;SOLEIL;3;15.1;0
Auxerre;47.79;3.57;23/09/2026;12:00;25.6;0;SOLEIL;3;15.1;0
Auxerre;47.79;3.57;23/09/2026;13:00;25.6;0;SOLEIL;3;13.7;0
Auxerre;47.79;3.57;23/09/2026;14:00;25.1;0;SOLEIL;5;13.3;0
Auxerre;47.79;3.57;23/09/2026;15:00;26.9;0;SOLEIL;5;15.8;0
Auxerre;47.79;3.57;23/09/2026;16:00;25.1;0;SOLEIL;5;19.8;0
Auxerre;47.79;3.57;23/09/2026;17:00;23.5;0;SOLEIL;3;22.7;0
Auxerre;47.79;3.57;23/09/2026;18:00;23.5;0;SOLEIL;3;23.0;0
Auxerre;47.79;3.57;23/09/2026;19:00;23.5;0;SOLEIL;3;22.3;0
Auxerre;47.79;3.57;23/09/2026;20:00;17.7;0;SOLEIL;5;23.0;0
Auxerre;47.79;3.57;23/09/2026;21:00;15.9;0;SOLEIL;5;28.1;0
Auxerre;47.79;3.57;23/09/2026;22:00;14.1;0;SOLEIL;5;34.6;0
Auxerre;47.79;3.57;23/09/2026;23:00;14.1;0;SOLEIL;1;37.8;0
Sens;48.19;3.28;19/09/2026;00:00;13.6;0;SOLEIL;1;6.1;0
Sens;48.19;3.28;19/09/2026;01:00;14.1;0;SOLEIL;2;7.2;0
Sens;48.19;3.28;19/09/2026;02:00;13.1;0;SOLEIL;2;7.6;0
Sens;48.19;3.28;19/09/2026;03:00;12.1;0;SOLEIL;2;7.2;0
Sens;48.19;3.28;19/09/2026;04:00;11.7;0;SOLEIL;2;6.5;0
Sens;48.19;3.28;19/09/2026;05:00;11.6;0;SOLEIL;2;5.8;0
Sens;48.19;3.28;19/09/2026;06:00;11.7;0;SOLEIL;2;5.4;0
Sens;48.19;3.28;19/09/2026;07:00;13.7;0;SOLEIL;2;5.8;0
Sens;48.19;3.28;19/09/2026;08:00;16.7;0;SOLEIL;2;5.8;0
Sens;48.19;3.28;19/09/2026;09:00;20.1;5;SOLEIL VOILÉ;3;4.7;0
Sens;48.19;3.28;19/09/2026;10:00;22.8;5;SOLEIL VOILÉ;3;12.6;0
Sens;48.19;3.28;19/09/2026;11:00;23.7;5;SOLEIL VOILÉ;4;18.7;0
Sens;48.19;3.28;19/09/2026;12:00;24.2;5;SOLEIL VOILÉ;3;23.4;0
Sens;48.19;3.28;19/09/2026;13:00;24.9;5;SOLEIL VOILÉ;3;24.5;0
Sens;48.19;3.28;19/09/2026;14:00;25.5;5;SOLEIL VOILÉ;3;24.5;0
Sens;48.19;3.28;19/09/2026;15:00;25.6;5;SOLEIL VOILÉ;3;25.2;0
Sens;48.19;3.28;19/09/2026;16:00;25.5;5;SOLEIL VOILÉ;3;24.8;0
Sens;48.19;3.28;19/09/2026;17:00;24.5;5;SOLEIL VOILÉ;3;23.8;0
Sens;48.19;3.28;19/09/2026;18:00;22.7;5;SOLEIL VOILÉ;2;23.4;0
Sens;48.19;3.28;19/09/2026;19:00;20.1;5;SOLEIL VOILÉ;2;23.0;0
Sens;48.19;3.28;19/09/2026;20:00;18.4;5;SOLEIL VOILÉ;2;18.4;0
Sens;48.19;3.28;19/09/2026;21:00;17;5;SOLEIL VOILÉ;2;10.1;0
Sens;48.19;3.28;19/09/2026;22:00;16.1;5;SOLEIL VOILÉ;2;6.5;0
Sens;48.19;3.28;19/09/2026;23:00;15.4;5;SOLEIL VOILÉ;1;5.8;0
Sens;48.19;3.28;20/09/2026;00:00;14.6;5;SOLEIL VOILÉ;1;6.1;0
Sens;48.19;3.28;20/09/2026;01:00;14.6;5;SOLEIL VOILÉ;1;6.5;0
Sens;48.19;3.28;20/09/2026;02:00;13;5;SOLEIL VOILÉ;1;5.4;0
Sens;48.19;3.28;20/09/2026;03:00;13;5;SOLEIL VOILÉ;1;8.1;0
Sens;48.19;3.28;20/09/2026;04:00;13;5;SOLEIL VOILÉ;1;7.2;0
Sens;48.19;3.28;20/09/2026;05:00;13.4;5;SOLEIL VOILÉ;1;6.9;0
Sens;48.19;3.28;20/09/2026;06:00;13.4;5;SOLEIL VOILÉ;1;8.3;0
Sens;48.19;3.28;20/09/2026;07:00;13.4;5;SOLEIL VOILÉ;1;8.3;0
Sens;48.19;3.28;20/09/2026;08:00;19.9;5;SOLEIL VOILÉ;2;7.2;0
Sens;48.19;3.28;20/09/2026;09:00;19.9;5;SOLEIL VOILÉ;2;7.2;0
Sens;48.19;3.28;20/09/2026;10:00;19.9;5;SOLEIL VOILÉ;2;11.9;0
Sens;48.19;3.28;20/09/2026;11:00;25.1;5;SOLEIL VOILÉ;3;16.6;0
Sens;48.19;3.28;20/09/2026;12:00;25.1;5;SOLEIL VOILÉ;3;18.4;0
Sens;48.19;3.28;20/09/2026;13:00;25.1;5;SOLEIL VOILÉ;3;23.8;0
Sens;48.19;3.28;20/09/2026;14:00;25.7;5;SOLEIL VOILÉ;3;29.9;0
Sens;48.19;3.28;20/09/2026;15:00;25.7;5;SOLEIL VOILÉ;3;29.9;0
Sens;48.19;3.28;20/09/2026;16:00;25.7;5;SOLEIL VOILÉ;3;36.4;0
Sens;48.19;3.28;20/09/2026;17:00;24;5;SOLEIL VOILÉ;3;36.0;0
Sens;48.19;3.28;20/09/2026;18:00;24;5;SOLEIL VOILÉ;3;30.6;0
Sens;48.19;3.28;20/09/2026;19:00;24;5;SOLEIL VOILÉ;3;23.8;0
Sens;48.19;3.28;20/09/2026;20:00;18.5;5;SOLEIL VOILÉ;3;21.6;0
Sens;48.19;3.28;20/09/2026;21:00;18.5;5;SOLEIL VOILÉ;3;13.3;0
Sens;48.19;3.28;20/09/2026;22:00;18.5;5;SOLEIL VOILÉ;3;11.5;0
Sens;48.19;3.28;20/09/2026;23:00;15.6;5;SOLEIL VOILÉ;2;12.6;0
Sens;48.19;3.28;21/09/2026;00:00;15.6;5;SOLEIL VOILÉ;2;11.5;0
Sens;48.19;3.28;21/09/2026;01:00;15.6;5;SOLEIL VOILÉ;2;11.9;0
Sens;48.19;3.28;21/09/2026;02:00;14.2;5;SOLEIL VOILÉ;2;11.5;0
Sens;48.19;3.28;21/09/2026;03:00;14.2;5;SOLEIL VOILÉ;2;8.3;0
Sens;48.19;3.28;21/09/2026;04:00;14.2;5;SOLEIL VOILÉ;2;7.6;0
Sens;48.19;3.28;21/09/2026;05:00;14.1;5;SOLEIL VOILÉ;2;8.6;0
Sens;48.19;3.28;21/09/2026;06:00;14.1;5;SOLEIL VOILÉ;2;7.6;0
Sens;48.19;3.28;21/09/2026;07:00;14.1;5;SOLEIL VOILÉ;2;7.9;0
Sens;48.19;3.28;21/09/2026;08:00;19.6;5;SOLEIL VOILÉ;2;7.2;0
Sens;48.19;3.28;21/09/2026;09:00;19.6;5;SOLEIL VOILÉ;2;11.2;0
Sens;48.19;3.28;21/09/2026;10:00;19.6;5;SOLEIL VOILÉ;2;17.3;0
Sens;48.19;3.28;21/09/2026;11:00;25;0;SOLEIL;3;22.0;0
Sens;48.19;3.28;21/09/2026;12:00;25;0;SOLEIL;3;24.5;0
Sens;48.19;3.28;21/09/2026;13:00;25;0;SOLEIL;3;25.9;0
Sens;48.19;3.28;21/09/2026;14:00;26;0;SOLEIL;3;26.6;0
Sens;48.19;3.28;21/09/2026;15:00;26;0;SOLEIL;3;26.6;0
Sens;48.19;3.28;21/09/2026;16:00;26;0;SOLEIL;3;25.9;0
Sens;48.19;3.28;21/09/2026;17:00;24.6;0;SOLEIL;3;25.2;0
Sens;48.19;3.28;21/09/2026;18:00;24.6;0;SOLEIL;3;24.8;0
Sens;48.19;3.28;21/09/2026;19:00;24.6;0;SOLEIL;3;24.1;0
Sens;48.19;3.28;21/09/2026;20:00;19.7;2;NUAGEUX;5;22.0;0
Sens;48.19;3.28;21/09/2026;21:00;18.1;2;NUAGEUX;5;16.9;0
Sens;48.19;3.28;21/09/2026;22:00;16.6;2;NUAGEUX;5;10.4;0
Sens;48.19;3.28;21/09/2026;23:00;15.2;0;SOLEIL;3;5.8;0
Sens;48.19;3.28;22/09/2026;00:00;15.2;0;SOLEIL;3;4.7;0
Sens;48.19;3.28;22/09/2026;01:00;15.2;0;SOLEIL;3;5.0;0
Sens;48.19;3.28;22/09/2026;02:00;10.4;0;SOLEIL;5;5.8;0
Sens;48.19;3.28;22/09/2026;03:00;10.4;0;SOLEIL;5;5.4;0
Sens;48.19;3.28;22/09/2026;04:00;10.4;0;SOLEIL;5;5.0;0
Sens;48.19;3.28;22/09/2026;05:00;11.6;0;SOLEIL;3;5.0;0
Sens;48.19;3.28;22/09/2026;06:00;11.6;0;SOLEIL;3;4.7;0
Sens;48.19;3.28;22/09/2026;07:00;11.6;0;SOLEIL;3;4.3;0
Sens;48.19;3.28;22/09/2026;08:00;13.9;0;SOLEIL;5;6.1;0
Sens;48.19;3.28;22/09/2026;09:00;15.6;0;SOLEIL;5;11.2;0
Sens;48.19;3.28;22/09/2026;10:00;17.3;0;SOLEIL;5;18.0;0
Sens;48.19;3.28;22/09/2026;11:00;23.9;0;SOLEIL;4;23.4;0
Sens;48.19;3.28;22/09/2026;12:00;23.9;0;SOLEIL;4;25.6;0
Sens;48.19;3.28;22/09/2026;13:00;23.9;0;SOLEIL;4;26.3;0
Sens;48.19;3.28;22/09/2026;14:00;24.3;0;SOLEIL;5;27.0;0
Sens;48.19;3.28;22/09/2026;15:00;26.0;0;SOLEIL;5;28.8;0
Sens;48.19;3.28;22/09/2026;16:00;24.3;0;SOLEIL;5;30.6;0
Sens;48.19;3.28;22/09/2026;17:00;21.9;0;SOLEIL;3;31.3;0
Sens;48.19;3.28;22/09/2026;18:00;21.9;0;SOLEIL;3;30.2;0
Sens;48.19;3.28;22/09/2026;19:00;21.9;0;SOLEIL;3;27.7;0
Sens;48.19;3.28;22/09/2026;20:00;17.3;0;SOLEIL;5;24.5;0
Sens;48.19;3.28;22/09/2026;21:00;15.6;0;SOLEIL;5;19.4;0
Sens;48.19;3.28;22/09/2026;22:00;13.9;0;SOLEIL;5;13.3;0
Sens;48.19;3.28;22/09/2026;23:00;14.6;0;SOLEIL;3;9.0;0
Sens;48.19;3.28;23/09/2026;00:00;14.6;0;SOLEIL;3;7.9;0
Sens;48.19;3.28;23/09/2026;01:00;14.6;0;SOLEIL;3;8.6;0
Sens;48.19;3.28;23/09/2026;02:00;11.7;0;SOLEIL;5;9.3;0
Sens;48.19;3.28;23/09/2026;03:00;11.7;0;SOLEIL;5;8.6;0
Sens;48.19;3.28;23/09/2026;04:00;11.7;0;SOLEIL;5;6.8;0
Sens;48.19;3.28;23/09/2026;05:00;12.7;0;SOLEIL;3;5.8;0
Sens;48.19;3.28;23/09/2026;06:00;12.7;0;SOLEIL;3;5.4;0
Sens;48.19;3.28;23/09/2026;07:00;12.7;0;SOLEIL;3;5.4;0
Sens;48.19;3.28;23/09/2026;08:00;14.9;0;SOLEIL;5;6.5;0
Sens;48.19;3.28;23/09/2026;09:00;16.5;0;SOLEIL;5;9.4;0
Sens;48.19;3.28;23/09/2026;10:00;18.1;0;SOLEIL;5;13.0;0
Sens;48.19;3.28;23/09/2026;11:00;25;0;SOLEIL;3;15.5;0
Sens;48.19;3.28;23/09/2026;12:00;25;0;SOLEIL;3;14.8;0
Sens;48.19;3.28;23/09/2026;13:00;25;0;SOLEIL;3;12.6;0
Sens;48.19;3.28;23/09/2026;14:00;24.4;0;SOLEIL;5;12.6;0
Sens;48.19;3.28;23/09/2026;15:00;26.0;0;SOLEIL;5;15.5;0
Sens;48.19;3.28;23/09/2026;16:00;24.4;0;SOLEIL;5;20.5;0
Sens;48.19;3.28;23/09/2026;17:00;22.9;0;SOLEIL;2;26.3;0
Sens;48.19;3.28;23/09/2026;18:00;22.9;0;SOLEIL;2;33.8;0
Sens;48.19;3.28;23/09/2026;19:00;22.9;0;SOLEIL;2;42.5;0
Sens;48.19;3.28;23/09/2026;20:00;18.1;0;SOLEIL;5;47.9;0
Sens;48.19;3.28;23/09/2026;21:00;16.5;0;SOLEIL;5;48.2;0
Sens;48.19;3.28;23/09/2026;22:00;14.9;0;SOLEIL;5;45.4;0
Sens;48.19;3.28;23/09/2026;23:00;14.6;0;SOLEIL;2;41.4;0
Belfort;47.63;6.86;19/09/2026;00:00;11.1;0;SOLEIL;1;6.8;0
Belfort;47.63;6.86;19/09/2026;01:00;10.1;0;SOLEIL;1;7.2;0
Belfort;47.63;6.86;19/09/2026;02:00;9.5;0;SOLEIL;1;7.2;0
Belfort;47.63;6.86;19/09/2026;03:00;9.6;0;SOLEIL;1;6.5;0
Belfort;47.63;6.86;19/09/2026;04:00;9;0;SOLEIL;1;5.4;0
Belfort;47.63;6.86;19/09/2026;05:00;9;0;SOLEIL;1;4.7;0
Belfort;47.63;6.86;19/09/2026;06:00;10.1;0;SOLEIL;1;4.0;0
Belfort;47.63;6.86;19/09/2026;07:00;13.1;0;SOLEIL;1;4.0;0
Belfort;47.63;6.86;19/09/2026;08:00;15.6;0;SOLEIL;1;4.0;0
Belfort;47.63;6.86;19/09/2026;09:00;17.6;0;SOLEIL;2;4.3;0
Belfort;47.63;6.86;19/09/2026;10:00;20.1;0;SOLEIL;2;4.3;0
Belfort;47.63;6.86;19/09/2026;11:00;20.6;0;SOLEIL;3;8.6;0
Belfort;47.63;6.86;19/09/2026;12:00;21.2;0;SOLEIL;3;11.9;0
Belfort;47.63;6.86;19/09/2026;13:00;22.2;5;SOLEIL VOILÉ;3;17.3;0
Belfort;47.63;6.86;19/09/2026;14:00;23;5;SOLEIL VOILÉ;3;20.9;0
Belfort;47.63;6.86;19/09/2026;15:00;23;5;SOLEIL VOILÉ;3;21.2;0
Belfort;47.63;6.86;19/09/2026;16:00;22.1;5;SOLEIL VOILÉ;3;22.7;0
Belfort;47.63;6.86;19/09/2026;17:00;20.7;5;SOLEIL VOILÉ;3;23.4;0
Belfort;47.63;6.86;19/09/2026;18:00;18.5;5;SOLEIL VOILÉ;2;22.7;0
Belfort;47.63;6.86;19/09/2026;19:00;16.6;5;SOLEIL VOILÉ;2;19.8;0
Belfort;47.63;6.86;19/09/2026;20:00;15.4;5;SOLEIL VOILÉ;1;15.1;0
Belfort;47.63;6.86;19/09/2026;21:00;14.3;5;SOLEIL VOILÉ;1;8.3;0
Belfort;47.63;6.86;19/09/2026;22:00;13.5;5;SOLEIL VOILÉ;1;6.1;0
Belfort;47.63;6.86;19/09/2026;23:00;12.7;5;SOLEIL VOILÉ;1;6.8;0
Belfort;47.63;6.86;20/09/2026;00:00;11.9;5;SOLEIL VOILÉ;1;6.8;0
Belfort;47.63;6.86;20/09/2026;01:00;11.9;5;SOLEIL VOILÉ;1;6.1;0
Belfort;47.63;6.86;20/09/2026;02:00;10.2;5;SOLEIL VOILÉ;1;5.0;0
Belfort;47.63;6.86;20/09/2026;03:00;10.2;5;SOLEIL VOILÉ;1;4.4;0
Belfort;47.63;6.86;20/09/2026;04:00;10.2;5;SOLEIL VOILÉ;1;5.8;0
Belfort;47.63;6.86;20/09/2026;05:00;10.2;5;SOLEIL VOILÉ;1;7.7;0
Belfort;47.63;6.86;20/09/2026;06:00;10.2;5;SOLEIL VOILÉ;1;7.9;0
Belfort;47.63;6.86;20/09/2026;07:00;10.2;5;SOLEIL VOILÉ;1;6.8;0
Belfort;47.63;6.86;20/09/2026;08:00;19.6;5;SOLEIL VOILÉ;2;6.8;0
Belfort;47.63;6.86;20/09/2026;09:00;19.6;5;SOLEIL VOILÉ;2;6.8;0
Belfort;47.63;6.86;20/09/2026;10:00;19.6;5;SOLEIL VOILÉ;2;11.9;0
Belfort;47.63;6.86;20/09/2026;11:00;23.6;5;SOLEIL VOILÉ;4;23.4;0
Belfort;47.63;6.86;20/09/2026;12:00;23.6;5;SOLEIL VOILÉ;4;27.4;0
Belfort;47.63;6.86;20/09/2026;13:00;23.6;5;SOLEIL VOILÉ;4;29.5;0
Belfort;47.63;6.86;20/09/2026;14:00;24.2;5;SOLEIL VOILÉ;4;31.0;0
Belfort;47.63;6.86;20/09/2026;15:00;24.2;5;SOLEIL VOILÉ;4;31.3;0
Belfort;47.63;6.86;20/09/2026;16:00;24.2;5;SOLEIL VOILÉ;4;31.3;0
Belfort;47.63;6.86;20/09/2026;17:00;19.4;5;SOLEIL VOILÉ;2;29.5;0
Belfort;47.63;6.86;20/09/2026;18:00;19.4;5;SOLEIL VOILÉ;2;24.8;0
Belfort;47.63;6.86;20/09/2026;19:00;19.4;5;SOLEIL VOILÉ;2;22.3;0
Belfort;47.63;6.86;20/09/2026;20:00;15.1;5;SOLEIL VOILÉ;1;12.6;0
Belfort;47.63;6.86;20/09/2026;21:00;15.1;5;SOLEIL VOILÉ;1;9.7;0
Belfort;47.63;6.86;20/09/2026;22:00;15.1;5;SOLEIL VOILÉ;1;6.1;0
Belfort;47.63;6.86;20/09/2026;23:00;12.7;5;SOLEIL VOILÉ;1;5.8;0
Belfort;47.63;6.86;21/09/2026;00:00;12.7;5;SOLEIL VOILÉ;1;5.0;0
Belfort;47.63;6.86;21/09/2026;01:00;12.7;5;SOLEIL VOILÉ;1;7.2;0
Belfort;47.63;6.86;21/09/2026;02:00;11.5;5;SOLEIL VOILÉ;1;5.8;0
Belfort;47.63;6.86;21/09/2026;03:00;11.5;5;SOLEIL VOILÉ;1;5.0;0
Belfort;47.63;6.86;21/09/2026;04:00;11.5;5;SOLEIL VOILÉ;1;13.3;0
Belfort;47.63;6.86;21/09/2026;05:00;11.7;5;SOLEIL VOILÉ;2;17.6;0
Belfort;47.63;6.86;21/09/2026;06:00;11.7;5;SOLEIL VOILÉ;2;14.0;0
Belfort;47.63;6.86;21/09/2026;07:00;11.7;5;SOLEIL VOILÉ;2;9.4;0
Belfort;47.63;6.86;21/09/2026;08:00;18.4;5;SOLEIL VOILÉ;3;7.9;0
Belfort;47.63;6.86;21/09/2026;09:00;18.4;5;SOLEIL VOILÉ;3;11.9;0
Belfort;47.63;6.86;21/09/2026;10:00;18.4;5;SOLEIL VOILÉ;3;18.4;0
Belfort;47.63;6.86;21/09/2026;11:00;22.1;5;SOLEIL VOILÉ;4;23.4;0
Belfort;47.63;6.86;21/09/2026;12:00;22.1;5;SOLEIL VOILÉ;4;24.5;0
Belfort;47.63;6.86;21/09/2026;13:00;22.1;5;SOLEIL VOILÉ;4;24.1;0
Belfort;47.63;6.86;21/09/2026;14:00;22.6;5;SOLEIL VOILÉ;3;22.7;0
Belfort;47.63;6.86;21/09/2026;15:00;22.6;5;SOLEIL VOILÉ;3;19.8;0
Belfort;47.63;6.86;21/09/2026;16:00;22.6;5;SOLEIL VOILÉ;3;15.8;0
Belfort;47.63;6.86;21/09/2026;17:00;18.4;0;SOLEIL;4;14.0;0
Belfort;47.63;6.86;21/09/2026;18:00;18.4;0;SOLEIL;4;16.2;0
Belfort;47.63;6.86;21/09/2026;19:00;18.4;0;SOLEIL;4;20.5;0
Belfort;47.63;6.86;21/09/2026;20:00;16.3;5;SOLEIL VOILÉ;5;22.0;0
Belfort;47.63;6.86;21/09/2026;21:00;14.9;5;SOLEIL VOILÉ;5;18.0;0
Belfort;47.63;6.86;21/09/2026;22:00;13.5;5;SOLEIL VOILÉ;5;11.2;0
Belfort;47.63;6.86;21/09/2026;23:00;11.6;0;SOLEIL;3;6.1;0
Belfort;47.63;6.86;22/09/2026;00:00;11.6;0;SOLEIL;3;4.3;0
Belfort;47.63;6.86;22/09/2026;01:00;11.6;0;SOLEIL;3;4.3;0
Belfort;47.63;6.86;22/09/2026;02:00;7.6;0;SOLEIL;5;4.3;0
Belfort;47.63;6.86;22/09/2026;03:00;7.6;0;SOLEIL;5;4.0;0
Belfort;47.63;6.86;22/09/2026;04:00;7.6;0;SOLEIL;5;4.0;0
Belfort;47.63;6.86;22/09/2026;05:00;9;0;SOLEIL;3;4.0;0
Belfort;47.63;6.86;22/09/2026;06:00;9;0;SOLEIL;3;3.2;0
Belfort;47.63;6.86;22/09/2026;07:00;9;0;SOLEIL;3;2.9;0
Belfort;47.63;6.86;22/09/2026;08:00;10.7;0;SOLEIL;5;4.3;0
Belfort;47.63;6.86;22/09/2026;09:00;12.3;0;SOLEIL;5;9.4;0
Belfort;47.63;6.86;22/09/2026;10:00;13.9;0;SOLEIL;5;16.2;0
Belfort;47.63;6.86;22/09/2026;11:00;20.1;0;SOLEIL;3;21.6;0
Belfort;47.63;6.86;22/09/2026;12:00;20.1;0;SOLEIL;3;23.8;0
Belfort;47.63;6.86;22/09/2026;13:00;20.1;0;SOLEIL;3;24.1;0
Belfort;47.63;6.86;22/09/2026;14:00;20.1;0;SOLEIL;5;25.2;0
Belfort;47.63;6.86;22/09/2026;15:00;21.7;0;SOLEIL;5;28.4;0
Belfort;47.63;6.86;22/09/2026;16:00;20.1;0;SOLEIL;5;32.0;0
Belfort;47.63;6.86;22/09/2026;17:00;15.7;0;SOLEIL;3;34.6;0
Belfort;47.63;6.86;22/09/2026;18:00;15.7;0;SOLEIL;3;35.6;0
Belfort;47.63;6.86;22/09/2026;19:00;15.7;0;SOLEIL;3;35.3;0
Belfort;47.63;6.86;22/09/2026;20:00;13.9;0;SOLEIL;5;33.5;0
Belfort;47.63;6.86;22/09/2026;21:00;12.3;0;SOLEIL;5;28.4;0
Belfort;47.63;6.86;22/09/2026;22:00;10.7;0;SOLEIL;5;21.6;0
Belfort;47.63;6.86;22/09/2026;23:00;11;0;SOLEIL;4;16.6;0
Belfort;47.63;6.86;23/09/2026;00:00;11;0;SOLEIL;4;14.7;0
Belfort;47.63;6.86;23/09/2026;01:00;11;0;SOLEIL;4;14.8;0
Belfort;47.63;6.86;23/09/2026;02:00;8.2;0;SOLEIL;5;14.8;0
Belfort;47.63;6.86;23/09/2026;03:00;8.2;0;SOLEIL;5;13.7;0
Belfort;47.63;6.86;23/09/2026;04:00;8.2;0;SOLEIL;5;11.9;0
Belfort;47.63;6.86;23/09/2026;05:00;9.6;0;SOLEIL;3;10.8;0
Belfort;47.63;6.86;23/09/2026;06:00;9.6;0;SOLEIL;3;10.1;0
Belfort;47.63;6.86;23/09/2026;07:00;9.6;0;SOLEIL;3;10.1;0
Belfort;47.63;6.86;23/09/2026;08:00;11.3;0;SOLEIL;5;11.5;0
Belfort;47.63;6.86;23/09/2026;09:00;12.8;0;SOLEIL;5;15.8;0
Belfort;47.63;6.86;23/09/2026;10:00;14.4;0;SOLEIL;5;21.6;0
Belfort;47.63;6.86;23/09/2026;11:00;21.5;0;SOLEIL;3;25.2;0
Belfort;47.63;6.86;23/09/2026;12:00;21.5;0;SOLEIL;3;23.8;0
Belfort;47.63;6.86;23/09/2026;13:00;21.5;0;SOLEIL;3;20.2;0
Belfort;47.63;6.86;23/09/2026;14:00;20.6;0;SOLEIL;5;18.0;0
Belfort;47.63;6.86;23/09/2026;15:00;22.1;0;SOLEIL;5;19.8;0
Belfort;47.63;6.86;23/09/2026;16:00;20.6;0;SOLEIL;5;22.7;0
Belfort;47.63;6.86;23/09/2026;17:00;17.4;0;SOLEIL;2;23.8;0
Belfort;47.63;6.86;23/09/2026;18:00;17.4;0;SOLEIL;2;20.5;0
Belfort;47.63;6.86;23/09/2026;19:00;17.4;0;SOLEIL;2;15.5;0
Belfort;47.63;6.86;23/09/2026;20:00;14.4;0;SOLEIL;5;11.5;0
Belfort;47.63;6.86;23/09/2026;21:00;12.8;0;SOLEIL;5;9.7;0
Belfort;47.63;6.86;23/09/2026;22:00;11.3;0;SOLEIL;5;9.7;0
Belfort;47.63;6.86;23/09/2026;23:00;12.6;0;SOLEIL;3;12.2;0
