Ville;Latitude;Longitude;Date;Heure;temperature_2m;weathercode;Temps_Label;windspeed_10m;wind_gusts_10m;precipitation
Blain;47.47;-1.76;23/09/2026;00:00;16.9;0;SOLEIL;2;19.4;0
Blain;47.47;-1.76;23/09/2026;01:00;15.6;0;SOLEIL;2;16.6;0
Blain;47.47;-1.76;23/09/2026;02:00;15.1;0;SOLEIL;2;15.8;0
Blain;47.47;-1.76;23/09/2026;03:00;14.7;0;SOLEIL;2;12.6;0
Blain;47.47;-1.76;23/09/2026;04:00;14.6;0;SOLEIL;2;12.2;0
Blain;47.47;-1.76;23/09/2026;05:00;14.5;0;SOLEIL;2;14.4;0
Blain;47.47;-1.76;23/09/2026;06:00;13.9;0;SOLEIL;2;14.8;0
Blain;47.47;-1.76;23/09/2026;07:00;15.6;0;SOLEIL;2;14.4;0
Blain;47.47;-1.76;23/09/2026;08:00;18;0;SOLEIL;2;12.6;0
Blain;47.47;-1.76;23/09/2026;09:00;20.5;0;SOLEIL;2;16.6;0
Blain;47.47;-1.76;23/09/2026;10:00;23.5;0;SOLEIL;3;16.2;0
Blain;47.47;-1.76;23/09/2026;11:00;25.2;0;SOLEIL;3;16.6;0
Blain;47.47;-1.76;23/09/2026;12:00;26.6;0;SOLEIL;3;18.0;0
Blain;47.47;-1.76;23/09/2026;13:00;27.6;0;SOLEIL;4;19.8;0
Blain;47.47;-1.76;23/09/2026;14:00;28.6;5;SOLEIL VOILÉ;4;28.1;0
Blain;47.47;-1.76;23/09/2026;15:00;28.9;5;SOLEIL VOILÉ;4;28.4;0
Blain;47.47;-1.76;23/09/2026;16:00;28.6;0;SOLEIL;4;27.7;0
Blain;47.47;-1.76;23/09/2026;17:00;27.2;0;SOLEIL;4;24.8;0
Blain;47.47;-1.76;23/09/2026;18:00;25.5;0;SOLEIL;4;26.6;0
Blain;47.47;-1.76;23/09/2026;19:00;23.1;0;SOLEIL;5;26.6;0
Blain;47.47;-1.76;23/09/2026;20:00;21.6;0;SOLEIL;5;28.4;0
Blain;47.47;-1.76;23/09/2026;21:00;20.1;0;SOLEIL;5;33.5;0
Blain;47.47;-1.76;23/09/2026;22:00;19;0;SOLEIL;5;33.5;0
Blain;47.47;-1.76;23/09/2026;23:00;18;0;SOLEIL;4;32.8;0
Blain;47.47;-1.76;24/09/2026;00:00;17.1;0;SOLEIL;4;29.9;0
Blain;47.47;-1.76;24/09/2026;01:00;17.1;0;SOLEIL;4;25.2;0
Blain;47.47;-1.76;24/09/2026;02:00;15.1;5;SOLEIL VOILÉ;3;23.8;0
Blain;47.47;-1.76;24/09/2026;03:00;15.1;5;SOLEIL VOILÉ;3;21.5;0
Blain;47.47;-1.76;24/09/2026;04:00;15.1;5;SOLEIL VOILÉ;3;18.0;0
Blain;47.47;-1.76;24/09/2026;05:00;14.4;5;SOLEIL VOILÉ;3;15.8;0
Blain;47.47;-1.76;24/09/2026;06:00;14.4;5;SOLEIL VOILÉ;3;16.9;0
Blain;47.47;-1.76;24/09/2026;07:00;14.4;5;SOLEIL VOILÉ;3;19.4;0
Blain;47.47;-1.76;24/09/2026;08:00;20.2;5;SOLEIL VOILÉ;3;21.2;0
Blain;47.47;-1.76;24/09/2026;09:00;20.2;5;SOLEIL VOILÉ;3;23.0;0
Blain;47.47;-1.76;24/09/2026;10:00;20.2;5;SOLEIL VOILÉ;3;27.0;0
Blain;47.47;-1.76;24/09/2026;11:00;26.2;5;SOLEIL VOILÉ;3;28.4;0
Blain;47.47;-1.76;24/09/2026;12:00;26.2;5;SOLEIL VOILÉ;3;27.7;0
Blain;47.47;-1.76;24/09/2026;13:00;26.2;5;SOLEIL VOILÉ;3;26.6;0
Blain;47.47;-1.76;24/09/2026;14:00;27.7;5;SOLEIL VOILÉ;3;28.1;0
Blain;47.47;-1.76;24/09/2026;15:00;27.7;5;SOLEIL VOILÉ;3;28.1;0
Blain;47.47;-1.76;24/09/2026;16:00;27.7;5;SOLEIL VOILÉ;3;27.4;0
Blain;47.47;-1.76;24/09/2026;17:00;25;5;SOLEIL VOILÉ;3;25.2;0
Blain;47.47;-1.76;24/09/2026;18:00;25;5;SOLEIL VOILÉ;3;22.7;0
Blain;47.47;-1.76;24/09/2026;19:00;25;5;SOLEIL VOILÉ;3;20.5;0
Blain;47.47;-1.76;24/09/2026;20:00;19.7;0;SOLEIL;3;18.0;0
Blain;47.47;-1.76;24/09/2026;21:00;19.7;0;SOLEIL;3;13.3;0
Blain;47.47;-1.76;24/09/2026;22:00;19.7;0;SOLEIL;3;12.6;0
Blain;47.47;-1.76;24/09/2026;23:00;16.7;0;SOLEIL;3;13.7;0
Blain;47.47;-1.76;25/09/2026;00:00;16.7;0;SOLEIL;3;15.1;0
Blain;47.47;-1.76;25/09/2026;01:00;16.7;0;SOLEIL;3;15.5;0
Blain;47.47;-1.76;25/09/2026;02:00;14.2;0;SOLEIL;3;16.6;0
Blain;47.47;-1.76;25/09/2026;03:00;14.2;0;SOLEIL;3;17.3;0
Blain;47.47;-1.76;25/09/2026;04:00;14.2;0;SOLEIL;3;17.3;0
Blain;47.47;-1.76;25/09/2026;05:00;13.9;0;SOLEIL;3;16.9;0
Blain;47.47;-1.76;25/09/2026;06:00;13.9;0;SOLEIL;3;17.6;0
Blain;47.47;-1.76;25/09/2026;07:00;13.9;0;SOLEIL;3;18.4;0
Blain;47.47;-1.76;25/09/2026;08:00;19.5;0;SOLEIL;3;18.0;0
Blain;47.47;-1.76;25/09/2026;09:00;19.5;0;SOLEIL;3;15.8;0
Blain;47.47;-1.76;25/09/2026;10:00;19.5;0;SOLEIL;3;14.4;0
Blain;47.47;-1.76;25/09/2026;11:00;24.2;0;SOLEIL;3;15.1;0
Blain;47.47;-1.76;25/09/2026;12:00;24.2;0;SOLEIL;3;16.6;0
Blain;47.47;-1.76;25/09/2026;13:00;24.2;0;SOLEIL;3;20.5;0
Blain;47.47;-1.76;25/09/2026;14:00;27;0;SOLEIL;3;22.0;0
Blain;47.47;-1.76;25/09/2026;15:00;27;0;SOLEIL;3;21.6;0
Blain;47.47;-1.76;25/09/2026;16:00;27;0;SOLEIL;3;18.4;0
Blain;47.47;-1.76;25/09/2026;17:00;23.2;0;SOLEIL;2;18.0;0
Blain;47.47;-1.76;25/09/2026;18:00;23.2;0;SOLEIL;2;14.4;0
Blain;47.47;-1.76;25/09/2026;19:00;23.2;0;SOLEIL;2;11.9;0
Blain;47.47;-1.76;25/09/2026;20:00;19.9;0;SOLEIL;5;9.7;0
Blain;47.47;-1.76;25/09/2026;21:00;18.3;0;SOLEIL;5;23.0;0
Blain;47.47;-1.76;25/09/2026;22:00;16.7;0;SOLEIL;5;21.6;0
Blain;47.47;-1.76;25/09/2026;23:00;16.1;0;SOLEIL;2;18.4;0
Blain;47.47;-1.76;26/09/2026;00:00;16.1;0;SOLEIL;2;22.7;0
Blain;47.47;-1.76;26/09/2026;01:00;16.1;0;SOLEIL;2;23.4;0
Blain;47.47;-1.76;26/09/2026;02:00;13.5;0;SOLEIL;5;24.8;0
Blain;47.47;-1.76;26/09/2026;03:00;13.5;0;SOLEIL;5;24.8;0
Blain;47.47;-1.76;26/09/2026;04:00;13.5;0;SOLEIL;5;24.8;0
Blain;47.47;-1.76;26/09/2026;05:00;14.1;0;SOLEIL;2;25.9;0
Blain;47.47;-1.76;26/09/2026;06:00;14.1;0;SOLEIL;2;26.5;0
Blain;47.47;-1.76;26/09/2026;07:00;14.1;0;SOLEIL;2;26.6;0
Blain;47.47;-1.76;26/09/2026;08:00;16.2;0;SOLEIL;5;25.8;0
Blain;47.47;-1.76;26/09/2026;09:00;17.6;0;SOLEIL;5;25.2;0
Blain;47.47;-1.76;26/09/2026;10:00;18.9;0;SOLEIL;5;24.1;0
Blain;47.47;-1.76;26/09/2026;11:00;24.1;0;SOLEIL;3;23.4;0
Blain;47.47;-1.76;26/09/2026;12:00;24.1;0;SOLEIL;3;23.4;0
Blain;47.47;-1.76;26/09/2026;13:00;24.1;0;SOLEIL;3;23.4;0
Blain;47.47;-1.76;26/09/2026;14:00;24.3;0;SOLEIL;5;23.0;0
Blain;47.47;-1.76;26/09/2026;15:00;25.7;0;SOLEIL;5;21.6;0
Blain;47.47;-1.76;26/09/2026;16:00;24.3;0;SOLEIL;5;19.8;0
Blain;47.47;-1.76;26/09/2026;17:00;22.1;0;SOLEIL;3;18.4;0
Blain;47.47;-1.76;26/09/2026;18:00;22.1;0;SOLEIL;3;18.4;0
Blain;47.47;-1.76;26/09/2026;19:00;22.1;0;SOLEIL;3;19.1;0
Blain;47.47;-1.76;26/09/2026;20:00;18.9;0;SOLEIL;5;19.8;0
Blain;47.47;-1.76;26/09/2026;21:00;17.6;0;SOLEIL;5;20.9;0
Blain;47.47;-1.76;26/09/2026;22:00;16.2;0;SOLEIL;5;22.0;0
Blain;47.47;-1.76;26/09/2026;23:00;16.6;0;SOLEIL;2;22.0;0
Blain;47.47;-1.76;27/09/2026;00:00;16.6;0;SOLEIL;2;20.2;0
Blain;47.47;-1.76;27/09/2026;01:00;16.6;0;SOLEIL;2;17.6;0
Blain;47.47;-1.76;27/09/2026;02:00;14.6;7;PLUIE FAIBLE;5;15.5;0
Blain;47.47;-1.76;27/09/2026;03:00;14.6;7;PLUIE FAIBLE;5;14.4;0
Blain;47.47;-1.76;27/09/2026;04:00;14.6;7;PLUIE FAIBLE;5;13.7;0
Blain;47.47;-1.76;27/09/2026;05:00;15.6;2;NUAGEUX;2;14.0;0
Blain;47.47;-1.76;27/09/2026;06:00;15.6;2;NUAGEUX;2;15.1;0
Blain;47.47;-1.76;27/09/2026;07:00;15.6;2;NUAGEUX;2;17.3;0
Blain;47.47;-1.76;27/09/2026;08:00;16.5;7;PLUIE FAIBLE;5;19.8;0
Blain;47.47;-1.76;27/09/2026;09:00;17.4;7;PLUIE FAIBLE;5;22.7;0
Blain;47.47;-1.76;27/09/2026;10:00;18.4;7;PLUIE FAIBLE;5;25.9;0
Blain;47.47;-1.76;27/09/2026;11:00;22.2;2;NUAGEUX;3;30.6;0
Blain;47.47;-1.76;27/09/2026;12:00;22.2;2;NUAGEUX;3;37.4;0
Blain;47.47;-1.76;27/09/2026;13:00;22.2;2;NUAGEUX;3;45.4;0
Blain;47.47;-1.76;27/09/2026;14:00;22.2;7;PLUIE FAIBLE;5;51.1;0
Blain;47.47;-1.76;27/09/2026;15:00;23.1;7;PLUIE FAIBLE;5;53.3;0
Blain;47.47;-1.76;27/09/2026;16:00;22.2;7;PLUIE FAIBLE;5;52.9;0
Blain;47.47;-1.76;27/09/2026;17:00;20.6;7;PLUIE FAIBLE;3;51.1;0
Blain;47.47;-1.76;27/09/2026;18:00;20.6;7;PLUIE FAIBLE;3;46.8;0
Blain;47.47;-1.76;27/09/2026;19:00;20.6;7;PLUIE FAIBLE;3;41.0;0
Blain;47.47;-1.76;27/09/2026;20:00;18.4;7;PLUIE FAIBLE;5;36.7;0
Blain;47.47;-1.76;27/09/2026;21:00;17.4;7;PLUIE FAIBLE;5;22.7;0
Blain;47.47;-1.76;27/09/2026;22:00;16.5;7;PLUIE FAIBLE;5;21.6;0
Blain;47.47;-1.76;27/09/2026;23:00;17.6;7;PLUIE FAIBLE;2;20.5;0
Châteaubriant;47.71;-1.37;23/09/2026;00:00;15.3;0;SOLEIL;2;13.7;0
Châteaubriant;47.71;-1.37;23/09/2026;01:00;15;0;SOLEIL;2;13.3;0
Châteaubriant;47.71;-1.37;23/09/2026;02:00;14.6;0;SOLEIL;2;6.8;0
Châteaubriant;47.71;-1.37;23/09/2026;03:00;14.1;0;SOLEIL;2;9.0;0
Châteaubriant;47.71;-1.37;23/09/2026;04:00;13.6;0;SOLEIL;2;8.6;0
Châteaubriant;47.71;-1.37;23/09/2026;05:00;12.7;0;SOLEIL;2;8.3;0
Châteaubriant;47.71;-1.37;23/09/2026;06:00;12.6;0;SOLEIL;2;7.9;0
Châteaubriant;47.71;-1.37;23/09/2026;07:00;15;0;SOLEIL;2;6.5;0
Châteaubriant;47.71;-1.37;23/09/2026;08:00;17.1;0;SOLEIL;2;3.6;0
Châteaubriant;47.71;-1.37;23/09/2026;09:00;20.4;0;SOLEIL;2;3.6;0
Châteaubriant;47.71;-1.37;23/09/2026;10:00;23.2;5;SOLEIL VOILÉ;2;5.0;0
Châteaubriant;47.71;-1.37;23/09/2026;11:00;25.7;5;SOLEIL VOILÉ;4;13.0;0
Châteaubriant;47.71;-1.37;23/09/2026;12:00;26.6;0;SOLEIL;4;14.8;0
Châteaubriant;47.71;-1.37;23/09/2026;13:00;27.1;0;SOLEIL;4;21.6;0
Châteaubriant;47.71;-1.37;23/09/2026;14:00;27.9;5;SOLEIL VOILÉ;4;29.2;0
Châteaubriant;47.71;-1.37;23/09/2026;15:00;28.2;0;SOLEIL;4;29.9;0
Châteaubriant;47.71;-1.37;23/09/2026;16:00;28.1;0;SOLEIL;4;28.8;0
Châteaubriant;47.71;-1.37;23/09/2026;17:00;26.4;0;SOLEIL;4;27.7;0
Châteaubriant;47.71;-1.37;23/09/2026;18:00;23.6;0;SOLEIL;4;28.4;0
Châteaubriant;47.71;-1.37;23/09/2026;19:00;20.6;0;SOLEIL;5;29.9;0
Châteaubriant;47.71;-1.37;23/09/2026;20:00;18.6;0;SOLEIL;5;31.0;0
Châteaubriant;47.71;-1.37;23/09/2026;21:00;17.4;0;SOLEIL;4;32.8;0
Châteaubriant;47.71;-1.37;23/09/2026;22:00;16.4;0;SOLEIL;4;31.3;0
Châteaubriant;47.71;-1.37;23/09/2026;23:00;15.6;5;SOLEIL VOILÉ;3;29.9;0
Châteaubriant;47.71;-1.37;24/09/2026;00:00;15.2;5;SOLEIL VOILÉ;3;24.1;0
Châteaubriant;47.71;-1.37;24/09/2026;01:00;15.2;5;SOLEIL VOILÉ;3;19.4;0
Châteaubriant;47.71;-1.37;24/09/2026;02:00;13.6;5;SOLEIL VOILÉ;3;17.3;0
Châteaubriant;47.71;-1.37;24/09/2026;03:00;13.6;5;SOLEIL VOILÉ;3;16.5;0
Châteaubriant;47.71;-1.37;24/09/2026;04:00;13.6;5;SOLEIL VOILÉ;3;15.8;0
Châteaubriant;47.71;-1.37;24/09/2026;05:00;13.1;5;SOLEIL VOILÉ;3;15.8;0
Châteaubriant;47.71;-1.37;24/09/2026;06:00;13.1;5;SOLEIL VOILÉ;3;16.6;0
Châteaubriant;47.71;-1.37;24/09/2026;07:00;13.1;5;SOLEIL VOILÉ;3;18.7;0
Châteaubriant;47.71;-1.37;24/09/2026;08:00;19.2;5;SOLEIL VOILÉ;3;19.4;0
Châteaubriant;47.71;-1.37;24/09/2026;09:00;19.2;5;SOLEIL VOILÉ;3;21.6;0
Châteaubriant;47.71;-1.37;24/09/2026;10:00;19.2;5;SOLEIL VOILÉ;3;27.7;0
Châteaubriant;47.71;-1.37;24/09/2026;11:00;25.2;5;SOLEIL VOILÉ;3;29.5;0
Châteaubriant;47.71;-1.37;24/09/2026;12:00;25.2;5;SOLEIL VOILÉ;3;29.5;0
Châteaubriant;47.71;-1.37;24/09/2026;13:00;25.2;5;SOLEIL VOILÉ;3;28.8;0
Châteaubriant;47.71;-1.37;24/09/2026;14:00;27.4;5;SOLEIL VOILÉ;3;28.8;0
Châteaubriant;47.71;-1.37;24/09/2026;15:00;27.4;5;SOLEIL VOILÉ;3;28.8;0
Châteaubriant;47.71;-1.37;24/09/2026;16:00;27.4;5;SOLEIL VOILÉ;3;27.7;0
Châteaubriant;47.71;-1.37;24/09/2026;17:00;23.9;5;SOLEIL VOILÉ;2;24.8;0
Châteaubriant;47.71;-1.37;24/09/2026;18:00;23.9;5;SOLEIL VOILÉ;2;21.6;0
Châteaubriant;47.71;-1.37;24/09/2026;19:00;23.9;5;SOLEIL VOILÉ;2;18.7;0
Châteaubriant;47.71;-1.37;24/09/2026;20:00;17.9;0;SOLEIL;3;15.8;0
Châteaubriant;47.71;-1.37;24/09/2026;21:00;17.9;0;SOLEIL;3;10.1;0
Châteaubriant;47.71;-1.37;24/09/2026;22:00;17.9;0;SOLEIL;3;12.2;0
Châteaubriant;47.71;-1.37;24/09/2026;23:00;15.2;0;SOLEIL;3;15.5;0
Châteaubriant;47.71;-1.37;25/09/2026;00:00;15.2;0;SOLEIL;3;15.5;0
Châteaubriant;47.71;-1.37;25/09/2026;01:00;15.2;0;SOLEIL;3;15.5;0
Châteaubriant;47.71;-1.37;25/09/2026;02:00;13.1;0;SOLEIL;3;17.6;0
Châteaubriant;47.71;-1.37;25/09/2026;03:00;13.1;0;SOLEIL;3;19.4;0
Châteaubriant;47.71;-1.37;25/09/2026;04:00;13.1;0;SOLEIL;3;19.4;0
Châteaubriant;47.71;-1.37;25/09/2026;05:00;12.5;0;SOLEIL;3;18.7;0
Châteaubriant;47.71;-1.37;25/09/2026;06:00;12.5;0;SOLEIL;3;21.2;0
Châteaubriant;47.71;-1.37;25/09/2026;07:00;12.5;0;SOLEIL;3;21.2;0
Châteaubriant;47.71;-1.37;25/09/2026;08:00;19.4;0;SOLEIL;3;20.2;0
Châteaubriant;47.71;-1.37;25/09/2026;09:00;19.4;0;SOLEIL;3;17.6;0
Châteaubriant;47.71;-1.37;25/09/2026;10:00;19.4;0;SOLEIL;3;17.6;0
Châteaubriant;47.71;-1.37;25/09/2026;11:00;24.6;0;SOLEIL;3;18.4;0
Châteaubriant;47.71;-1.37;25/09/2026;12:00;24.6;0;SOLEIL;3;19.8;0
Châteaubriant;47.71;-1.37;25/09/2026;13:00;24.6;0;SOLEIL;3;23.0;0
Châteaubriant;47.71;-1.37;25/09/2026;14:00;26.6;0;SOLEIL;2;23.4;0
Châteaubriant;47.71;-1.37;25/09/2026;15:00;26.6;0;SOLEIL;2;23.0;0
Châteaubriant;47.71;-1.37;25/09/2026;16:00;26.6;0;SOLEIL;2;23.0;0
Châteaubriant;47.71;-1.37;25/09/2026;17:00;23;0;SOLEIL;2;19.8;0
Châteaubriant;47.71;-1.37;25/09/2026;18:00;23;0;SOLEIL;2;17.3;0
Châteaubriant;47.71;-1.37;25/09/2026;19:00;23;0;SOLEIL;2;16.6;0
Châteaubriant;47.71;-1.37;25/09/2026;20:00;18.9;0;SOLEIL;5;13.3;0
Châteaubriant;47.71;-1.37;25/09/2026;21:00;17.2;0;SOLEIL;5;21.2;0
Châteaubriant;47.71;-1.37;25/09/2026;22:00;15.4;0;SOLEIL;5;18.4;0
Châteaubriant;47.71;-1.37;25/09/2026;23:00;14.2;0;SOLEIL;3;18.0;0
Châteaubriant;47.71;-1.37;26/09/2026;00:00;14.2;0;SOLEIL;3;23.4;0
Châteaubriant;47.71;-1.37;26/09/2026;01:00;14.2;0;SOLEIL;3;25.6;0
Châteaubriant;47.71;-1.37;26/09/2026;02:00;10.9;0;SOLEIL;5;25.2;0
Châteaubriant;47.71;-1.37;26/09/2026;03:00;10.9;0;SOLEIL;5;26.6;0
Châteaubriant;47.71;-1.37;26/09/2026;04:00;10.9;0;SOLEIL;5;26.6;0
Châteaubriant;47.71;-1.37;26/09/2026;05:00;12;0;SOLEIL;3;26.3;0
Châteaubriant;47.71;-1.37;26/09/2026;06:00;12;0;SOLEIL;3;25.3;0
Châteaubriant;47.71;-1.37;26/09/2026;07:00;12;0;SOLEIL;3;23.8;0
Châteaubriant;47.71;-1.37;26/09/2026;08:00;14.3;0;SOLEIL;5;25.0;0
Châteaubriant;47.71;-1.37;26/09/2026;09:00;16.0;0;SOLEIL;5;25.6;0
Châteaubriant;47.71;-1.37;26/09/2026;10:00;17.7;0;SOLEIL;5;25.9;0
Châteaubriant;47.71;-1.37;26/09/2026;11:00;24.5;0;SOLEIL;3;25.9;0
Châteaubriant;47.71;-1.37;26/09/2026;12:00;24.5;0;SOLEIL;3;26.3;0
Châteaubriant;47.71;-1.37;26/09/2026;13:00;24.5;0;SOLEIL;3;26.3;0
Châteaubriant;47.71;-1.37;26/09/2026;14:00;24.5;0;SOLEIL;5;25.9;0
Châteaubriant;47.71;-1.37;26/09/2026;15:00;26.2;0;SOLEIL;5;24.8;0
Châteaubriant;47.71;-1.37;26/09/2026;16:00;24.5;0;SOLEIL;5;23.0;0
Châteaubriant;47.71;-1.37;26/09/2026;17:00;21;0;SOLEIL;3;20.9;0
Châteaubriant;47.71;-1.37;26/09/2026;18:00;21;0;SOLEIL;3;18.0;0
Châteaubriant;47.71;-1.37;26/09/2026;19:00;21;0;SOLEIL;3;14.8;0
Châteaubriant;47.71;-1.37;26/09/2026;20:00;17.7;0;SOLEIL;5;13.0;0
Châteaubriant;47.71;-1.37;26/09/2026;21:00;16.0;0;SOLEIL;5;13.7;0
Châteaubriant;47.71;-1.37;26/09/2026;22:00;14.3;0;SOLEIL;5;15.8;0
Châteaubriant;47.71;-1.37;26/09/2026;23:00;14.5;0;SOLEIL;2;17.6;0
Châteaubriant;47.71;-1.37;27/09/2026;00:00;14.5;0;SOLEIL;2;18.0;0
Châteaubriant;47.71;-1.37;27/09/2026;01:00;14.5;0;SOLEIL;2;18.0;0
Châteaubriant;47.71;-1.37;27/09/2026;02:00;12.9;6;AVERSES;5;17.6;0
Châteaubriant;47.71;-1.37;27/09/2026;03:00;12.9;6;AVERSES;5;16.9;0
Châteaubriant;47.71;-1.37;27/09/2026;04:00;12.9;6;AVERSES;5;15.8;0
Châteaubriant;47.71;-1.37;27/09/2026;05:00;14;2;NUAGEUX;3;15.5;0
Châteaubriant;47.71;-1.37;27/09/2026;06:00;14;2;NUAGEUX;3;15.8;0
Châteaubriant;47.71;-1.37;27/09/2026;07:00;14;2;NUAGEUX;3;16.6;0
Châteaubriant;47.71;-1.37;27/09/2026;08:00;15.1;6;AVERSES;5;18.7;0
Châteaubriant;47.71;-1.37;27/09/2026;09:00;16.2;6;AVERSES;5;23.0;0
Châteaubriant;47.71;-1.37;27/09/2026;10:00;17.3;6;AVERSES;5;28.4;0
Châteaubriant;47.71;-1.37;27/09/2026;11:00;22.1;2;NUAGEUX;4;34.2;0
Châteaubriant;47.71;-1.37;27/09/2026;12:00;22.1;2;NUAGEUX;4;40.3;0
Châteaubriant;47.71;-1.37;27/09/2026;13:00;22.1;2;NUAGEUX;4;46.4;0
Châteaubriant;47.71;-1.37;27/09/2026;14:00;21.8;6;AVERSES;5;50.8;0
Châteaubriant;47.71;-1.37;27/09/2026;15:00;22.9;6;AVERSES;5;52.6;0
Châteaubriant;47.71;-1.37;27/09/2026;16:00;21.8;6;AVERSES;5;52.6;0
Châteaubriant;47.71;-1.37;27/09/2026;17:00;19.5;6;AVERSES;3;51.5;0
Châteaubriant;47.71;-1.37;27/09/2026;18:00;19.5;6;AVERSES;3;48.2;0
Châteaubriant;47.71;-1.37;27/09/2026;19:00;19.5;6;AVERSES;3;43.6;0
Châteaubriant;47.71;-1.37;27/09/2026;20:00;17.3;6;AVERSES;5;40.3;0
Châteaubriant;47.71;-1.37;27/09/2026;21:00;16.2;6;AVERSES;5;27.0;0
Châteaubriant;47.71;-1.37;27/09/2026;22:00;15.1;6;AVERSES;5;24.8;0
Châteaubriant;47.71;-1.37;27/09/2026;23:00;15.6;6;AVERSES;2;22.3;0
NANTES;47.21;-1.55;23/09/2026;00:00;16.4;0;SOLEIL;3;12.6;0
NANTES;47.21;-1.55;23/09/2026;01:00;16.1;0;SOLEIL;3;16.2;0
NANTES;47.21;-1.55;23/09/2026;02:00;15.5;0;SOLEIL;3;16.2;0
NANTES;47.21;-1.55;23/09/2026;03:00;14.9;0;SOLEIL;3;15.8;0
NANTES;47.21;-1.55;23/09/2026;04:00;14.2;0;SOLEIL;3;15.8;0
NANTES;47.21;-1.55;23/09/2026;05:00;13.9;0;SOLEIL;3;15.8;0
NANTES;47.21;-1.55;23/09/2026;06:00;14.1;0;SOLEIL;3;15.5;0
NANTES;47.21;-1.55;23/09/2026;07:00;15.6;0;SOLEIL;3;18.4;0
NANTES;47.21;-1.55;23/09/2026;08:00;17.6;5;SOLEIL VOILÉ;3;18.4;0
NANTES;47.21;-1.55;23/09/2026;09:00;20.6;5;SOLEIL VOILÉ;2;16.6;0
NANTES;47.21;-1.55;23/09/2026;10:00;23.1;5;SOLEIL VOILÉ;3;18.0;0
NANTES;47.21;-1.55;23/09/2026;11:00;25.4;5;SOLEIL VOILÉ;4;19.1;0
NANTES;47.21;-1.55;23/09/2026;12:00;26.6;0;SOLEIL;4;13.0;0
NANTES;47.21;-1.55;23/09/2026;13:00;27.1;0;SOLEIL;4;22.3;0
NANTES;47.21;-1.55;23/09/2026;14:00;27.5;0;SOLEIL;4;29.9;0
NANTES;47.21;-1.55;23/09/2026;15:00;27.9;0;SOLEIL;4;30.6;0
NANTES;47.21;-1.55;23/09/2026;16:00;28.1;0;SOLEIL;4;27.0;0
NANTES;47.21;-1.55;23/09/2026;17:00;26.6;0;SOLEIL;5;28.1;0
NANTES;47.21;-1.55;23/09/2026;18:00;23.7;0;SOLEIL;5;32.8;0
NANTES;47.21;-1.55;23/09/2026;19:00;21;0;SOLEIL;5;32.8;0
NANTES;47.21;-1.55;23/09/2026;20:00;19.1;0;SOLEIL;5;31.7;0
NANTES;47.21;-1.55;23/09/2026;21:00;17.7;0;SOLEIL;5;31.0;0
NANTES;47.21;-1.55;23/09/2026;22:00;16.9;0;SOLEIL;4;29.9;0
NANTES;47.21;-1.55;23/09/2026;23:00;16.2;5;SOLEIL VOILÉ;4;28.4;0
NANTES;47.21;-1.55;24/09/2026;00:00;15.7;5;SOLEIL VOILÉ;3;24.8;0
NANTES;47.21;-1.55;24/09/2026;01:00;15.7;5;SOLEIL VOILÉ;3;22.7;0
NANTES;47.21;-1.55;24/09/2026;02:00;14.2;5;SOLEIL VOILÉ;3;21.2;0
NANTES;47.21;-1.55;24/09/2026;03:00;14.2;5;SOLEIL VOILÉ;3;17.6;0
NANTES;47.21;-1.55;24/09/2026;04:00;14.2;5;SOLEIL VOILÉ;3;15.1;0
NANTES;47.21;-1.55;24/09/2026;05:00;13.6;5;SOLEIL VOILÉ;3;14.8;0
NANTES;47.21;-1.55;24/09/2026;06:00;13.6;5;SOLEIL VOILÉ;3;16.9;0
NANTES;47.21;-1.55;24/09/2026;07:00;13.6;5;SOLEIL VOILÉ;3;17.6;0
NANTES;47.21;-1.55;24/09/2026;08:00;19.2;5;SOLEIL VOILÉ;3;17.3;0
NANTES;47.21;-1.55;24/09/2026;09:00;19.2;5;SOLEIL VOILÉ;3;22.7;0
NANTES;47.21;-1.55;24/09/2026;10:00;19.2;5;SOLEIL VOILÉ;3;28.4;0
NANTES;47.21;-1.55;24/09/2026;11:00;25.1;5;SOLEIL VOILÉ;3;31.0;0
NANTES;47.21;-1.55;24/09/2026;12:00;25.1;5;SOLEIL VOILÉ;3;31.0;0
NANTES;47.21;-1.55;24/09/2026;13:00;25.1;5;SOLEIL VOILÉ;3;28.8;0
NANTES;47.21;-1.55;24/09/2026;14:00;26.6;5;SOLEIL VOILÉ;2;28.8;0
NANTES;47.21;-1.55;24/09/2026;15:00;26.6;5;SOLEIL VOILÉ;2;28.1;0
NANTES;47.21;-1.55;24/09/2026;16:00;26.6;5;SOLEIL VOILÉ;2;26.6;0
NANTES;47.21;-1.55;24/09/2026;17:00;24.1;5;SOLEIL VOILÉ;2;24.5;0
NANTES;47.21;-1.55;24/09/2026;18:00;24.1;5;SOLEIL VOILÉ;2;22.3;0
NANTES;47.21;-1.55;24/09/2026;19:00;24.1;5;SOLEIL VOILÉ;2;19.4;0
NANTES;47.21;-1.55;24/09/2026;20:00;18.9;0;SOLEIL;2;16.2;0
NANTES;47.21;-1.55;24/09/2026;21:00;18.9;0;SOLEIL;2;11.5;0
NANTES;47.21;-1.55;24/09/2026;22:00;18.9;0;SOLEIL;2;10.1;0
NANTES;47.21;-1.55;24/09/2026;23:00;16.1;0;SOLEIL;3;13.3;0
NANTES;47.21;-1.55;25/09/2026;00:00;16.1;0;SOLEIL;3;18.4;0
NANTES;47.21;-1.55;25/09/2026;01:00;16.1;0;SOLEIL;3;22.7;0
NANTES;47.21;-1.55;25/09/2026;02:00;14.5;0;SOLEIL;3;22.3;0
NANTES;47.21;-1.55;25/09/2026;03:00;14.5;0;SOLEIL;3;20.5;0
NANTES;47.21;-1.55;25/09/2026;04:00;14.5;0;SOLEIL;3;22.3;0
NANTES;47.21;-1.55;25/09/2026;05:00;13.5;0;SOLEIL;3;23.0;0
NANTES;47.21;-1.55;25/09/2026;06:00;13.5;0;SOLEIL;3;22.7;0
NANTES;47.21;-1.55;25/09/2026;07:00;13.5;0;SOLEIL;3;22.7;0
NANTES;47.21;-1.55;25/09/2026;08:00;19.6;0;SOLEIL;3;22.0;0
NANTES;47.21;-1.55;25/09/2026;09:00;19.6;0;SOLEIL;3;20.5;0
NANTES;47.21;-1.55;25/09/2026;10:00;19.6;0;SOLEIL;3;18.0;0
NANTES;47.21;-1.55;25/09/2026;11:00;24.7;0;SOLEIL;3;18.7;0
NANTES;47.21;-1.55;25/09/2026;12:00;24.7;0;SOLEIL;3;19.1;0
NANTES;47.21;-1.55;25/09/2026;13:00;24.7;0;SOLEIL;3;22.3;0
NANTES;47.21;-1.55;25/09/2026;14:00;26.6;0;SOLEIL;2;23.4;0
NANTES;47.21;-1.55;25/09/2026;15:00;26.6;0;SOLEIL;2;23.4;0
NANTES;47.21;-1.55;25/09/2026;16:00;26.6;0;SOLEIL;2;22.7;0
NANTES;47.21;-1.55;25/09/2026;17:00;24.5;0;SOLEIL;2;22.3;0
NANTES;47.21;-1.55;25/09/2026;18:00;24.5;0;SOLEIL;2;20.5;0
NANTES;47.21;-1.55;25/09/2026;19:00;24.5;0;SOLEIL;2;19.1;0
NANTES;47.21;-1.55;25/09/2026;20:00;19.5;0;SOLEIL;5;16.9;0
NANTES;47.21;-1.55;25/09/2026;21:00;17.9;0;SOLEIL;5;9.7;0
NANTES;47.21;-1.55;25/09/2026;22:00;16.3;0;SOLEIL;5;13.0;0
NANTES;47.21;-1.55;25/09/2026;23:00;15.2;0;SOLEIL;3;13.0;0
NANTES;47.21;-1.55;26/09/2026;00:00;15.2;0;SOLEIL;3;11.9;0
NANTES;47.21;-1.55;26/09/2026;01:00;15.2;0;SOLEIL;3;13.7;0
NANTES;47.21;-1.55;26/09/2026;02:00;11.9;0;SOLEIL;5;20.5;0
NANTES;47.21;-1.55;26/09/2026;03:00;11.9;0;SOLEIL;5;25.2;0
NANTES;47.21;-1.55;26/09/2026;04:00;11.9;0;SOLEIL;5;25.6;0
NANTES;47.21;-1.55;26/09/2026;05:00;12.6;0;SOLEIL;3;25.9;0
NANTES;47.21;-1.55;26/09/2026;06:00;12.6;0;SOLEIL;3;26.3;0
NANTES;47.21;-1.55;26/09/2026;07:00;12.6;0;SOLEIL;3;25.4;0
NANTES;47.21;-1.55;26/09/2026;08:00;14.9;0;SOLEIL;5;25.7;0
NANTES;47.21;-1.55;26/09/2026;09:00;16.4;0;SOLEIL;5;25.2;0
NANTES;47.21;-1.55;26/09/2026;10:00;17.9;0;SOLEIL;5;24.1;0
NANTES;47.21;-1.55;26/09/2026;11:00;23.6;0;SOLEIL;3;23.0;0
NANTES;47.21;-1.55;26/09/2026;12:00;23.6;0;SOLEIL;3;23.0;0
NANTES;47.21;-1.55;26/09/2026;13:00;23.6;0;SOLEIL;3;23.4;0
NANTES;47.21;-1.55;26/09/2026;14:00;23.9;0;SOLEIL;5;23.4;0
NANTES;47.21;-1.55;26/09/2026;15:00;25.4;0;SOLEIL;5;22.3;0
NANTES;47.21;-1.55;26/09/2026;16:00;23.9;0;SOLEIL;5;20.5;0
NANTES;47.21;-1.55;26/09/2026;17:00;21.7;0;SOLEIL;3;18.4;0
NANTES;47.21;-1.55;26/09/2026;18:00;21.7;0;SOLEIL;3;15.5;0
NANTES;47.21;-1.55;26/09/2026;19:00;21.7;0;SOLEIL;3;11.9;0
NANTES;47.21;-1.55;26/09/2026;20:00;17.9;0;SOLEIL;5;10.4;0
NANTES;47.21;-1.55;26/09/2026;21:00;16.4;0;SOLEIL;5;12.2;0
NANTES;47.21;-1.55;26/09/2026;22:00;14.9;0;SOLEIL;5;16.2;0
NANTES;47.21;-1.55;26/09/2026;23:00;15.5;0;SOLEIL;2;19.1;0
NANTES;47.21;-1.55;27/09/2026;00:00;15.5;0;SOLEIL;2;20.2;0
NANTES;47.21;-1.55;27/09/2026;01:00;15.5;0;SOLEIL;2;20.2;0
NANTES;47.21;-1.55;27/09/2026;02:00;13.4;7;PLUIE FAIBLE;5;19.4;0
NANTES;47.21;-1.55;27/09/2026;03:00;13.4;7;PLUIE FAIBLE;5;17.6;0
NANTES;47.21;-1.55;27/09/2026;04:00;13.4;7;PLUIE FAIBLE;5;15.1;0
NANTES;47.21;-1.55;27/09/2026;05:00;14.1;2;NUAGEUX;3;14.0;0
NANTES;47.21;-1.55;27/09/2026;06:00;14.1;2;NUAGEUX;3;15.1;0
NANTES;47.21;-1.55;27/09/2026;07:00;14.1;2;NUAGEUX;3;17.3;0
NANTES;47.21;-1.55;27/09/2026;08:00;15.6;7;PLUIE FAIBLE;5;20.5;0
NANTES;47.21;-1.55;27/09/2026;09:00;16.7;7;PLUIE FAIBLE;5;24.8;0
NANTES;47.21;-1.55;27/09/2026;10:00;17.8;7;PLUIE FAIBLE;5;30.6;0
NANTES;47.21;-1.55;27/09/2026;11:00;21.7;2;NUAGEUX;4;35.6;0
NANTES;47.21;-1.55;27/09/2026;12:00;21.7;2;NUAGEUX;4;40.7;0
NANTES;47.21;-1.55;27/09/2026;13:00;21.7;2;NUAGEUX;4;45.4;0
NANTES;47.21;-1.55;27/09/2026;14:00;22.3;7;PLUIE FAIBLE;5;48.6;0
NANTES;47.21;-1.55;27/09/2026;15:00;23.4;7;PLUIE FAIBLE;5;50.0;0
NANTES;47.21;-1.55;27/09/2026;16:00;22.3;7;PLUIE FAIBLE;5;50.0;0
NANTES;47.21;-1.55;27/09/2026;17:00;21.4;7;PLUIE FAIBLE;3;49.7;0
NANTES;47.21;-1.55;27/09/2026;18:00;21.4;7;PLUIE FAIBLE;3;48.2;0
NANTES;47.21;-1.55;27/09/2026;19:00;21.4;7;PLUIE FAIBLE;3;46.1;0
NANTES;47.21;-1.55;27/09/2026;20:00;17.8;7;PLUIE FAIBLE;5;44.6;0
NANTES;47.21;-1.55;27/09/2026;21:00;16.7;7;PLUIE FAIBLE;5;27.7;0
NANTES;47.21;-1.55;27/09/2026;22:00;15.6;7;PLUIE FAIBLE;5;25.2;0
NANTES;47.21;-1.55;27/09/2026;23:00;16.1;7;PLUIE FAIBLE;2;22.3;0
Saint-Nazaire;47.27;-2.21;23/09/2026;00:00;17.3;0;SOLEIL;3;20.5;0
Saint-Nazaire;47.27;-2.21;23/09/2026;01:00;15.9;0;SOLEIL;3;20.2;0
Saint-Nazaire;47.27;-2.21;23/09/2026;02:00;15;0;SOLEIL;4;14.4;0
Saint-Nazaire;47.27;-2.21;23/09/2026;03:00;14.6;0;SOLEIL;3;16.9;0
Saint-Nazaire;47.27;-2.21;23/09/2026;04:00;14;0;SOLEIL;3;16.6;0
Saint-Nazaire;47.27;-2.21;23/09/2026;05:00;13.4;0;SOLEIL;4;15.1;0
Saint-Nazaire;47.27;-2.21;23/09/2026;06:00;13.1;0;SOLEIL;3;14.0;0
Saint-Nazaire;47.27;-2.21;23/09/2026;07:00;15;0;SOLEIL;4;13.0;0
Saint-Nazaire;47.27;-2.21;23/09/2026;08:00;16.6;0;SOLEIL;4;14.8;0
Saint-Nazaire;47.27;-2.21;23/09/2026;09:00;19.6;0;SOLEIL;4;15.8;0
Saint-Nazaire;47.27;-2.21;23/09/2026;10:00;22.1;5;SOLEIL VOILÉ;4;15.8;0
Saint-Nazaire;47.27;-2.21;23/09/2026;11:00;24.1;0;SOLEIL;4;15.8;0
Saint-Nazaire;47.27;-2.21;23/09/2026;12:00;25.1;0;SOLEIL;5;15.1;0
Saint-Nazaire;47.27;-2.21;23/09/2026;13:00;25.9;5;SOLEIL VOILÉ;4;19.4;0
Saint-Nazaire;47.27;-2.21;23/09/2026;14:00;26.6;5;SOLEIL VOILÉ;4;28.1;0
Saint-Nazaire;47.27;-2.21;23/09/2026;15:00;26.6;5;SOLEIL VOILÉ;4;29.5;0
Saint-Nazaire;47.27;-2.21;23/09/2026;16:00;25.9;0;SOLEIL;5;28.4;0
Saint-Nazaire;47.27;-2.21;23/09/2026;17:00;24.4;0;SOLEIL;5;25.2;0
Saint-Nazaire;47.27;-2.21;23/09/2026;18:00;22.6;0;SOLEIL;5;27.7;0
Saint-Nazaire;47.27;-2.21;23/09/2026;19:00;20.4;0;SOLEIL;6;28.1;0
Saint-Nazaire;47.27;-2.21;23/09/2026;20:00;19.2;0;SOLEIL;6;32.8;0
Saint-Nazaire;47.27;-2.21;23/09/2026;21:00;18.5;0;SOLEIL;5;34.2;0
Saint-Nazaire;47.27;-2.21;23/09/2026;22:00;17.6;0;SOLEIL;5;34.6;0
Saint-Nazaire;47.27;-2.21;23/09/2026;23:00;16.6;0;SOLEIL;5;33.1;0
Saint-Nazaire;47.27;-2.21;24/09/2026;00:00;16.2;0;SOLEIL;5;30.6;0
Saint-Nazaire;47.27;-2.21;24/09/2026;01:00;16.2;0;SOLEIL;5;28.1;0
Saint-Nazaire;47.27;-2.21;24/09/2026;02:00;15.1;5;SOLEIL VOILÉ;4;26.6;0
Saint-Nazaire;47.27;-2.21;24/09/2026;03:00;15.1;5;SOLEIL VOILÉ;4;24.9;0
Saint-Nazaire;47.27;-2.21;24/09/2026;04:00;15.1;5;SOLEIL VOILÉ;4;22.9;0
Saint-Nazaire;47.27;-2.21;24/09/2026;05:00;14.1;5;SOLEIL VOILÉ;4;21.5;0
Saint-Nazaire;47.27;-2.21;24/09/2026;06:00;14.1;5;SOLEIL VOILÉ;4;22.3;0
Saint-Nazaire;47.27;-2.21;24/09/2026;07:00;14.1;5;SOLEIL VOILÉ;4;23.4;0
Saint-Nazaire;47.27;-2.21;24/09/2026;08:00;19.4;5;SOLEIL VOILÉ;4;25.2;0
Saint-Nazaire;47.27;-2.21;24/09/2026;09:00;19.4;5;SOLEIL VOILÉ;4;27.0;0
Saint-Nazaire;47.27;-2.21;24/09/2026;10:00;19.4;5;SOLEIL VOILÉ;4;29.2;0
Saint-Nazaire;47.27;-2.21;24/09/2026;11:00;25.6;5;SOLEIL VOILÉ;3;31.7;0
Saint-Nazaire;47.27;-2.21;24/09/2026;12:00;25.6;5;SOLEIL VOILÉ;3;31.3;0
Saint-Nazaire;47.27;-2.21;24/09/2026;13:00;25.6;5;SOLEIL VOILÉ;3;29.9;0
Saint-Nazaire;47.27;-2.21;24/09/2026;14:00;25.7;5;SOLEIL VOILÉ;3;29.2;0
Saint-Nazaire;47.27;-2.21;24/09/2026;15:00;25.7;5;SOLEIL VOILÉ;3;28.4;0
Saint-Nazaire;47.27;-2.21;24/09/2026;16:00;25.7;5;SOLEIL VOILÉ;3;26.6;0
Saint-Nazaire;47.27;-2.21;24/09/2026;17:00;23;5;SOLEIL VOILÉ;3;23.8;0
Saint-Nazaire;47.27;-2.21;24/09/2026;18:00;23;5;SOLEIL VOILÉ;3;20.5;0
Saint-Nazaire;47.27;-2.21;24/09/2026;19:00;23;5;SOLEIL VOILÉ;3;18.0;0
Saint-Nazaire;47.27;-2.21;24/09/2026;20:00;18.5;0;SOLEIL;4;14.4;0
Saint-Nazaire;47.27;-2.21;24/09/2026;21:00;18.5;0;SOLEIL;4;11.2;0
Saint-Nazaire;47.27;-2.21;24/09/2026;22:00;18.5;0;SOLEIL;4;13.7;0
Saint-Nazaire;47.27;-2.21;24/09/2026;23:00;17.1;0;SOLEIL;4;14.0;0
Saint-Nazaire;47.27;-2.21;25/09/2026;00:00;17.1;0;SOLEIL;4;13.7;0
Saint-Nazaire;47.27;-2.21;25/09/2026;01:00;17.1;0;SOLEIL;4;14.4;0
Saint-Nazaire;47.27;-2.21;25/09/2026;02:00;14.9;0;SOLEIL;3;15.8;0
Saint-Nazaire;47.27;-2.21;25/09/2026;03:00;14.9;0;SOLEIL;3;16.6;0
Saint-Nazaire;47.27;-2.21;25/09/2026;04:00;14.9;0;SOLEIL;3;17.6;0
Saint-Nazaire;47.27;-2.21;25/09/2026;05:00;14.1;0;SOLEIL;3;19.4;0
Saint-Nazaire;47.27;-2.21;25/09/2026;06:00;14.1;0;SOLEIL;3;19.1;0
Saint-Nazaire;47.27;-2.21;25/09/2026;07:00;14.1;0;SOLEIL;3;19.1;0
Saint-Nazaire;47.27;-2.21;25/09/2026;08:00;19.6;0;SOLEIL;3;19.1;0
Saint-Nazaire;47.27;-2.21;25/09/2026;09:00;19.6;0;SOLEIL;3;18.7;0
Saint-Nazaire;47.27;-2.21;25/09/2026;10:00;19.6;0;SOLEIL;3;18.4;0
Saint-Nazaire;47.27;-2.21;25/09/2026;11:00;23.9;0;SOLEIL;3;18.7;0
Saint-Nazaire;47.27;-2.21;25/09/2026;12:00;23.9;0;SOLEIL;3;20.9;0
Saint-Nazaire;47.27;-2.21;25/09/2026;13:00;23.9;0;SOLEIL;3;22.3;0
Saint-Nazaire;47.27;-2.21;25/09/2026;14:00;25;0;SOLEIL;2;22.3;0
Saint-Nazaire;47.27;-2.21;25/09/2026;15:00;25;0;SOLEIL;2;21.6;0
Saint-Nazaire;47.27;-2.21;25/09/2026;16:00;25;0;SOLEIL;2;16.9;0
Saint-Nazaire;47.27;-2.21;25/09/2026;17:00;21.6;0;SOLEIL;2;22.7;0
Saint-Nazaire;47.27;-2.21;25/09/2026;18:00;21.6;0;SOLEIL;2;23.8;0
Saint-Nazaire;47.27;-2.21;25/09/2026;19:00;21.6;0;SOLEIL;2;26.3;0
Saint-Nazaire;47.27;-2.21;25/09/2026;20:00;18.8;0;SOLEIL;5;26.3;0
Saint-Nazaire;47.27;-2.21;25/09/2026;21:00;17.5;0;SOLEIL;5;22.7;0
Saint-Nazaire;47.27;-2.21;25/09/2026;22:00;16.1;0;SOLEIL;5;20.2;0
Saint-Nazaire;47.27;-2.21;25/09/2026;23:00;16.1;0;SOLEIL;2;24.8;0
Saint-Nazaire;47.27;-2.21;26/09/2026;00:00;16.1;0;SOLEIL;2;25.9;0
Saint-Nazaire;47.27;-2.21;26/09/2026;01:00;16.1;0;SOLEIL;2;25.9;0
Saint-Nazaire;47.27;-2.21;26/09/2026;02:00;13.1;0;SOLEIL;5;25.2;0
Saint-Nazaire;47.27;-2.21;26/09/2026;03:00;13.1;0;SOLEIL;5;26.6;0
Saint-Nazaire;47.27;-2.21;26/09/2026;04:00;13.1;0;SOLEIL;5;28.8;0
Saint-Nazaire;47.27;-2.21;26/09/2026;05:00;13.6;0;SOLEIL;3;29.5;0
Saint-Nazaire;47.27;-2.21;26/09/2026;06:00;13.6;0;SOLEIL;3;28.7;0
Saint-Nazaire;47.27;-2.21;26/09/2026;07:00;13.6;0;SOLEIL;3;25.4;0
Saint-Nazaire;47.27;-2.21;26/09/2026;08:00;15.4;0;SOLEIL;5;24.9;0
Saint-Nazaire;47.27;-2.21;26/09/2026;09:00;16.6;0;SOLEIL;5;25.6;0
Saint-Nazaire;47.27;-2.21;26/09/2026;10:00;17.8;0;SOLEIL;5;26.3;0
Saint-Nazaire;47.27;-2.21;26/09/2026;11:00;22.6;0;SOLEIL;3;27.0;0
Saint-Nazaire;47.27;-2.21;26/09/2026;12:00;22.6;0;SOLEIL;3;27.4;0
Saint-Nazaire;47.27;-2.21;26/09/2026;13:00;22.6;0;SOLEIL;3;27.7;0
Saint-Nazaire;47.27;-2.21;26/09/2026;14:00;22.4;0;SOLEIL;5;27.4;0
Saint-Nazaire;47.27;-2.21;26/09/2026;15:00;23.6;0;SOLEIL;5;25.2;0
Saint-Nazaire;47.27;-2.21;26/09/2026;16:00;22.4;0;SOLEIL;5;22.7;0
Saint-Nazaire;47.27;-2.21;26/09/2026;17:00;19.6;0;SOLEIL;3;21.2;0
Saint-Nazaire;47.27;-2.21;26/09/2026;18:00;19.6;0;SOLEIL;3;23.4;0
Saint-Nazaire;47.27;-2.21;26/09/2026;19:00;19.6;0;SOLEIL;3;27.0;0
Saint-Nazaire;47.27;-2.21;26/09/2026;20:00;17.8;0;SOLEIL;5;28.8;0
Saint-Nazaire;47.27;-2.21;26/09/2026;21:00;16.6;0;SOLEIL;5;27.4;0
Saint-Nazaire;47.27;-2.21;26/09/2026;22:00;15.4;0;SOLEIL;5;23.8;0
Saint-Nazaire;47.27;-2.21;26/09/2026;23:00;16.5;0;SOLEIL;3;20.9;0
Saint-Nazaire;47.27;-2.21;27/09/2026;00:00;16.5;0;SOLEIL;3;18.7;0
Saint-Nazaire;47.27;-2.21;27/09/2026;01:00;16.5;0;SOLEIL;3;16.9;0
Saint-Nazaire;47.27;-2.21;27/09/2026;02:00;15;7;PLUIE FAIBLE;5;15.5;0
Saint-Nazaire;47.27;-2.21;27/09/2026;03:00;15;7;PLUIE FAIBLE;5;14.0;0
Saint-Nazaire;47.27;-2.21;27/09/2026;04:00;15;7;PLUIE FAIBLE;5;13.0;0
Saint-Nazaire;47.27;-2.21;27/09/2026;05:00;15.5;2;NUAGEUX;3;14.0;0
Saint-Nazaire;47.27;-2.21;27/09/2026;06:00;15.5;2;NUAGEUX;3;18.7;0
Saint-Nazaire;47.27;-2.21;27/09/2026;07:00;15.5;2;NUAGEUX;3;25.6;0
Saint-Nazaire;47.27;-2.21;27/09/2026;08:00;16.5;7;PLUIE FAIBLE;5;31.7;0
Saint-Nazaire;47.27;-2.21;27/09/2026;09:00;17.3;7;PLUIE FAIBLE;5;36.4;0
Saint-Nazaire;47.27;-2.21;27/09/2026;10:00;18.1;7;PLUIE FAIBLE;5;40.0;0
Saint-Nazaire;47.27;-2.21;27/09/2026;11:00;21.2;7;PLUIE FAIBLE;4;43.6;0
Saint-Nazaire;47.27;-2.21;27/09/2026;12:00;21.2;7;PLUIE FAIBLE;4;46.8;0
Saint-Nazaire;47.27;-2.21;27/09/2026;13:00;21.2;7;PLUIE FAIBLE;4;49.3;0
Saint-Nazaire;47.27;-2.21;27/09/2026;14:00;21.1;7;PLUIE FAIBLE;5;51.5;0
Saint-Nazaire;47.27;-2.21;27/09/2026;15:00;21.9;7;PLUIE FAIBLE;5;53.3;0
Saint-Nazaire;47.27;-2.21;27/09/2026;16:00;21.1;7;PLUIE FAIBLE;5;54.0;0
Saint-Nazaire;47.27;-2.21;27/09/2026;17:00;19.1;6;AVERSES;3;52.9;0
Saint-Nazaire;47.27;-2.21;27/09/2026;18:00;19.1;6;AVERSES;3;47.5;0
Saint-Nazaire;47.27;-2.21;27/09/2026;19:00;19.1;6;AVERSES;3;40.0;0
Saint-Nazaire;47.27;-2.21;27/09/2026;20:00;18.1;7;PLUIE FAIBLE;5;34.6;0
Saint-Nazaire;47.27;-2.21;27/09/2026;21:00;17.3;7;PLUIE FAIBLE;5;27.0;0
Saint-Nazaire;47.27;-2.21;27/09/2026;22:00;16.5;7;PLUIE FAIBLE;5;22.7;0
Saint-Nazaire;47.27;-2.21;27/09/2026;23:00;16.6;7;PLUIE FAIBLE;3;17.6;0
Angers;47.47;-0.55;23/09/2026;00:00;16.6;0;SOLEIL;2;15.1;0
Angers;47.47;-0.55;23/09/2026;01:00;16.4;0;SOLEIL;2;14.4;0
Angers;47.47;-0.55;23/09/2026;02:00;15.2;0;SOLEIL;2;12.6;0
Angers;47.47;-0.55;23/09/2026;03:00;14;0;SOLEIL;2;11.5;0
Angers;47.47;-0.55;23/09/2026;04:00;13.9;0;SOLEIL;2;10.1;0
Angers;47.47;-0.55;23/09/2026;05:00;13.5;0;SOLEIL;2;7.9;0
Angers;47.47;-0.55;23/09/2026;06:00;12.9;0;SOLEIL;2;7.2;0
Angers;47.47;-0.55;23/09/2026;07:00;14.4;0;SOLEIL;2;6.5;0
Angers;47.47;-0.55;23/09/2026;08:00;16.9;0;SOLEIL;2;6.5;0
Angers;47.47;-0.55;23/09/2026;09:00;19.9;0;SOLEIL;2;6.8;0
Angers;47.47;-0.55;23/09/2026;10:00;22.6;0;SOLEIL;2;10.1;0
Angers;47.47;-0.55;23/09/2026;11:00;25.2;5;SOLEIL VOILÉ;2;15.1;0
Angers;47.47;-0.55;23/09/2026;12:00;26.6;5;SOLEIL VOILÉ;3;15.5;0
Angers;47.47;-0.55;23/09/2026;13:00;27.5;0;SOLEIL;3;14.0;0
Angers;47.47;-0.55;23/09/2026;14:00;28.1;0;SOLEIL;3;7.6;0
Angers;47.47;-0.55;23/09/2026;15:00;28.6;5;SOLEIL VOILÉ;3;7.2;0
Angers;47.47;-0.55;23/09/2026;16:00;28.1;0;SOLEIL;3;12.6;0
Angers;47.47;-0.55;23/09/2026;17:00;27.1;0;SOLEIL;3;18.7;0
Angers;47.47;-0.55;23/09/2026;18:00;25.2;0;SOLEIL;4;24.5;0
Angers;47.47;-0.55;23/09/2026;19:00;22.7;0;SOLEIL;5;25.6;0
Angers;47.47;-0.55;23/09/2026;20:00;21.1;0;SOLEIL;4;29.2;0
Angers;47.47;-0.55;23/09/2026;21:00;19.5;0;SOLEIL;4;22.7;0
Angers;47.47;-0.55;23/09/2026;22:00;18.5;0;SOLEIL;3;24.8;0
Angers;47.47;-0.55;23/09/2026;23:00;17.7;0;SOLEIL;3;24.8;0
Angers;47.47;-0.55;24/09/2026;00:00;16.7;5;SOLEIL VOILÉ;3;23.0;0
Angers;47.47;-0.55;24/09/2026;01:00;16.7;5;SOLEIL VOILÉ;3;20.5;0
Angers;47.47;-0.55;24/09/2026;02:00;14.2;5;SOLEIL VOILÉ;2;16.9;0
Angers;47.47;-0.55;24/09/2026;03:00;14.2;5;SOLEIL VOILÉ;2;13.8;0
Angers;47.47;-0.55;24/09/2026;04:00;14.2;5;SOLEIL VOILÉ;2;10.4;0
Angers;47.47;-0.55;24/09/2026;05:00;13.5;5;SOLEIL VOILÉ;2;7.6;0
Angers;47.47;-0.55;24/09/2026;06:00;13.5;5;SOLEIL VOILÉ;2;5.4;0
Angers;47.47;-0.55;24/09/2026;07:00;13.5;5;SOLEIL VOILÉ;2;6.8;0
Angers;47.47;-0.55;24/09/2026;08:00;19.1;5;SOLEIL VOILÉ;3;7.9;0
Angers;47.47;-0.55;24/09/2026;09:00;19.1;5;SOLEIL VOILÉ;3;8.3;0
Angers;47.47;-0.55;24/09/2026;10:00;19.1;5;SOLEIL VOILÉ;3;15.8;0
Angers;47.47;-0.55;24/09/2026;11:00;25.7;5;SOLEIL VOILÉ;3;21.2;0
Angers;47.47;-0.55;24/09/2026;12:00;25.7;5;SOLEIL VOILÉ;3;24.1;0
Angers;47.47;-0.55;24/09/2026;13:00;25.7;5;SOLEIL VOILÉ;3;25.2;0
Angers;47.47;-0.55;24/09/2026;14:00;27.1;5;SOLEIL VOILÉ;3;25.2;0
Angers;47.47;-0.55;24/09/2026;15:00;27.1;5;SOLEIL VOILÉ;3;24.8;0
Angers;47.47;-0.55;24/09/2026;16:00;27.1;5;SOLEIL VOILÉ;3;22.7;0
Angers;47.47;-0.55;24/09/2026;17:00;24.1;5;SOLEIL VOILÉ;3;19.8;0
Angers;47.47;-0.55;24/09/2026;18:00;24.1;5;SOLEIL VOILÉ;3;15.5;0
Angers;47.47;-0.55;24/09/2026;19:00;24.1;5;SOLEIL VOILÉ;3;13.3;0
Angers;47.47;-0.55;24/09/2026;20:00;19.1;5;SOLEIL VOILÉ;3;11.2;0
Angers;47.47;-0.55;24/09/2026;21:00;19.1;5;SOLEIL VOILÉ;3;7.2;0
Angers;47.47;-0.55;24/09/2026;22:00;19.1;5;SOLEIL VOILÉ;3;7.6;0
Angers;47.47;-0.55;24/09/2026;23:00;16.1;0;SOLEIL;2;7.6;0
Angers;47.47;-0.55;25/09/2026;00:00;16.1;0;SOLEIL;2;8.3;0
Angers;47.47;-0.55;25/09/2026;01:00;16.1;0;SOLEIL;2;8.3;0
Angers;47.47;-0.55;25/09/2026;02:00;14.1;0;SOLEIL;2;8.6;0
Angers;47.47;-0.55;25/09/2026;03:00;14.1;0;SOLEIL;2;8.6;0
Angers;47.47;-0.55;25/09/2026;04:00;14.1;0;SOLEIL;2;9.4;0
Angers;47.47;-0.55;25/09/2026;05:00;12.7;0;SOLEIL;2;9.4;0
Angers;47.47;-0.55;25/09/2026;06:00;12.7;0;SOLEIL;2;9.0;0
Angers;47.47;-0.55;25/09/2026;07:00;12.7;0;SOLEIL;2;8.6;0
Angers;47.47;-0.55;25/09/2026;08:00;19.6;0;SOLEIL;2;9.0;0
Angers;47.47;-0.55;25/09/2026;09:00;19.6;0;SOLEIL;2;12.6;0
Angers;47.47;-0.55;25/09/2026;10:00;19.6;0;SOLEIL;2;17.6;0
Angers;47.47;-0.55;25/09/2026;11:00;24.6;0;SOLEIL;3;21.2;0
Angers;47.47;-0.55;25/09/2026;12:00;24.6;0;SOLEIL;3;22.7;0
Angers;47.47;-0.55;25/09/2026;13:00;24.6;0;SOLEIL;3;22.7;0
Angers;47.47;-0.55;25/09/2026;14:00;27.5;0;SOLEIL;2;23.0;0
Angers;47.47;-0.55;25/09/2026;15:00;27.5;0;SOLEIL;2;23.4;0
Angers;47.47;-0.55;25/09/2026;16:00;27.5;0;SOLEIL;2;23.8;0
Angers;47.47;-0.55;25/09/2026;17:00;24.2;0;SOLEIL;3;25.2;0
Angers;47.47;-0.55;25/09/2026;18:00;24.2;0;SOLEIL;3;28.4;0
Angers;47.47;-0.55;25/09/2026;19:00;24.2;0;SOLEIL;3;32.4;0
Angers;47.47;-0.55;25/09/2026;20:00;19.2;0;SOLEIL;5;34.6;0
Angers;47.47;-0.55;25/09/2026;21:00;17.5;0;SOLEIL;5;33.5;0
Angers;47.47;-0.55;25/09/2026;22:00;15.7;0;SOLEIL;5;30.2;0
Angers;47.47;-0.55;25/09/2026;23:00;15.6;0;SOLEIL;2;27.4;0
Angers;47.47;-0.55;26/09/2026;00:00;15.6;0;SOLEIL;2;24.8;0
Angers;47.47;-0.55;26/09/2026;01:00;15.6;0;SOLEIL;2;22.7;0
Angers;47.47;-0.55;26/09/2026;02:00;12;0;SOLEIL;5;21.2;0
Angers;47.47;-0.55;26/09/2026;03:00;12;0;SOLEIL;5;22.0;0
Angers;47.47;-0.55;26/09/2026;04:00;12;0;SOLEIL;5;23.4;0
Angers;47.47;-0.55;26/09/2026;05:00;12.6;0;SOLEIL;2;24.1;0
Angers;47.47;-0.55;26/09/2026;06:00;12.6;0;SOLEIL;2;22.0;0
Angers;47.47;-0.55;26/09/2026;07:00;12.6;0;SOLEIL;2;19.1;0
Angers;47.47;-0.55;26/09/2026;08:00;15.2;0;SOLEIL;5;17.3;0
Angers;47.47;-0.55;26/09/2026;09:00;16.9;0;SOLEIL;5;18.7;0
Angers;47.47;-0.55;26/09/2026;10:00;18.5;0;SOLEIL;5;21.2;0
Angers;47.47;-0.55;26/09/2026;11:00;24.1;0;SOLEIL;2;22.3;0
Angers;47.47;-0.55;26/09/2026;12:00;24.1;0;SOLEIL;2;20.2;0
Angers;47.47;-0.55;26/09/2026;13:00;24.1;0;SOLEIL;2;16.6;0
Angers;47.47;-0.55;26/09/2026;14:00;25.0;0;SOLEIL;5;13.7;0
Angers;47.47;-0.55;26/09/2026;15:00;26.6;0;SOLEIL;5;12.2;0
Angers;47.47;-0.55;26/09/2026;16:00;25.0;0;SOLEIL;5;11.9;0
Angers;47.47;-0.55;26/09/2026;17:00;23.1;0;SOLEIL;3;11.2;0
Angers;47.47;-0.55;26/09/2026;18:00;23.1;0;SOLEIL;3;10.1;0
Angers;47.47;-0.55;26/09/2026;19:00;23.1;0;SOLEIL;3;9.4;0
Angers;47.47;-0.55;26/09/2026;20:00;18.5;0;SOLEIL;5;8.3;0
Angers;47.47;-0.55;26/09/2026;21:00;16.9;0;SOLEIL;5;7.2;0
Angers;47.47;-0.55;26/09/2026;22:00;15.2;0;SOLEIL;5;6.1;0
Angers;47.47;-0.55;26/09/2026;23:00;16.5;0;SOLEIL;2;5.0;0
Angers;47.47;-0.55;27/09/2026;00:00;16.5;0;SOLEIL;2;3.4;0
Angers;47.47;-0.55;27/09/2026;01:00;16.5;0;SOLEIL;2;2.5;0
Angers;47.47;-0.55;27/09/2026;02:00;13.6;2;NUAGEUX;5;2.3;0
Angers;47.47;-0.55;27/09/2026;03:00;13.6;2;NUAGEUX;5;3.6;0
Angers;47.47;-0.55;27/09/2026;04:00;13.6;2;NUAGEUX;5;5.0;0
Angers;47.47;-0.55;27/09/2026;05:00;14.4;2;NUAGEUX;2;6.1;0
Angers;47.47;-0.55;27/09/2026;06:00;14.4;2;NUAGEUX;2;6.1;0
Angers;47.47;-0.55;27/09/2026;07:00;14.4;2;NUAGEUX;2;5.4;0
Angers;47.47;-0.55;27/09/2026;08:00;16.0;2;NUAGEUX;5;6.1;0
Angers;47.47;-0.55;27/09/2026;09:00;17.3;2;NUAGEUX;5;8.6;0
Angers;47.47;-0.55;27/09/2026;10:00;18.5;2;NUAGEUX;5;11.9;0
Angers;47.47;-0.55;27/09/2026;11:00;22.9;2;NUAGEUX;3;15.5;0
Angers;47.47;-0.55;27/09/2026;12:00;22.9;2;NUAGEUX;3;19.1;0
Angers;47.47;-0.55;27/09/2026;13:00;22.9;2;NUAGEUX;3;23.0;0
Angers;47.47;-0.55;27/09/2026;14:00;23.4;2;NUAGEUX;5;25.6;0
Angers;47.47;-0.55;27/09/2026;15:00;24.6;2;NUAGEUX;5;26.3;0
Angers;47.47;-0.55;27/09/2026;16:00;23.4;2;NUAGEUX;5;26.3;0
Angers;47.47;-0.55;27/09/2026;17:00;23.1;2;NUAGEUX;3;26.3;0
Angers;47.47;-0.55;27/09/2026;18:00;23.1;2;NUAGEUX;3;28.1;0
Angers;47.47;-0.55;27/09/2026;19:00;23.1;2;NUAGEUX;3;29.9;0
Angers;47.47;-0.55;27/09/2026;20:00;18.5;2;NUAGEUX;5;29.5;0
Angers;47.47;-0.55;27/09/2026;21:00;17.3;2;NUAGEUX;5;24.1;0
Angers;47.47;-0.55;27/09/2026;22:00;16.0;2;NUAGEUX;5;15.8;0
Angers;47.47;-0.55;27/09/2026;23:00;17.4;7;PLUIE FAIBLE;2;10.1;0
Cholet;47.06;-0.87;23/09/2026;00:00;16.7;0;SOLEIL;3;21.2;0
Cholet;47.06;-0.87;23/09/2026;01:00;16.4;0;SOLEIL;2;20.5;0
Cholet;47.06;-0.87;23/09/2026;02:00;15.1;0;SOLEIL;2;16.9;0
Cholet;47.06;-0.87;23/09/2026;03:00;13.9;0;SOLEIL;2;14.4;0
Cholet;47.06;-0.87;23/09/2026;04:00;13.6;0;SOLEIL;2;10.8;0
Cholet;47.06;-0.87;23/09/2026;05:00;13.2;0;SOLEIL;2;8.3;0
Cholet;47.06;-0.87;23/09/2026;06:00;13;0;SOLEIL;2;9.0;0
Cholet;47.06;-0.87;23/09/2026;07:00;15.5;0;SOLEIL;2;9.4;0
Cholet;47.06;-0.87;23/09/2026;08:00;18.1;0;SOLEIL;2;9.4;0
Cholet;47.06;-0.87;23/09/2026;09:00;21.2;0;SOLEIL;3;8.6;0
Cholet;47.06;-0.87;23/09/2026;10:00;24;0;SOLEIL;2;11.5;0
Cholet;47.06;-0.87;23/09/2026;11:00;26.1;0;SOLEIL;3;17.6;0
Cholet;47.06;-0.87;23/09/2026;12:00;27;0;SOLEIL;4;19.8;0
Cholet;47.06;-0.87;23/09/2026;13:00;28;0;SOLEIL;3;19.4;0
Cholet;47.06;-0.87;23/09/2026;14:00;28.7;5;SOLEIL VOILÉ;3;15.8;0
Cholet;47.06;-0.87;23/09/2026;15:00;29.1;5;SOLEIL VOILÉ;3;13.0;0
Cholet;47.06;-0.87;23/09/2026;16:00;28.5;5;SOLEIL VOILÉ;3;15.8;0
Cholet;47.06;-0.87;23/09/2026;17:00;27.1;0;SOLEIL;3;20.9;0
Cholet;47.06;-0.87;23/09/2026;18:00;25;0;SOLEIL;2;21.6;0
Cholet;47.06;-0.87;23/09/2026;19:00;22.6;0;SOLEIL;3;20.9;0
Cholet;47.06;-0.87;23/09/2026;20:00;20.9;0;SOLEIL;4;20.9;0
Cholet;47.06;-0.87;23/09/2026;21:00;19.4;0;SOLEIL;4;18.4;0
Cholet;47.06;-0.87;23/09/2026;22:00;17.9;0;SOLEIL;4;18.7;0
Cholet;47.06;-0.87;23/09/2026;23:00;16.9;0;SOLEIL;3;19.4;0
Cholet;47.06;-0.87;24/09/2026;00:00;16.1;0;SOLEIL;3;19.4;0
Cholet;47.06;-0.87;24/09/2026;01:00;16.1;0;SOLEIL;3;19.1;0
Cholet;47.06;-0.87;24/09/2026;02:00;13.4;5;SOLEIL VOILÉ;3;16.6;0
Cholet;47.06;-0.87;24/09/2026;03:00;13.4;5;SOLEIL VOILÉ;3;13.2;0
Cholet;47.06;-0.87;24/09/2026;04:00;13.4;5;SOLEIL VOILÉ;3;10.1;0
Cholet;47.06;-0.87;24/09/2026;05:00;12.5;5;SOLEIL VOILÉ;3;11.2;0
Cholet;47.06;-0.87;24/09/2026;06:00;12.5;5;SOLEIL VOILÉ;3;13.3;0
Cholet;47.06;-0.87;24/09/2026;07:00;12.5;5;SOLEIL VOILÉ;3;16.2;0
Cholet;47.06;-0.87;24/09/2026;08:00;19.6;5;SOLEIL VOILÉ;3;17.6;0
Cholet;47.06;-0.87;24/09/2026;09:00;19.6;5;SOLEIL VOILÉ;3;20.2;0
Cholet;47.06;-0.87;24/09/2026;10:00;19.6;5;SOLEIL VOILÉ;3;22.3;0
Cholet;47.06;-0.87;24/09/2026;11:00;26.6;5;SOLEIL VOILÉ;3;25.6;0
Cholet;47.06;-0.87;24/09/2026;12:00;26.6;5;SOLEIL VOILÉ;3;28.8;0
Cholet;47.06;-0.87;24/09/2026;13:00;26.6;5;SOLEIL VOILÉ;3;28.1;0
Cholet;47.06;-0.87;24/09/2026;14:00;28.6;5;SOLEIL VOILÉ;3;26.6;0
Cholet;47.06;-0.87;24/09/2026;15:00;28.6;5;SOLEIL VOILÉ;3;25.6;0
Cholet;47.06;-0.87;24/09/2026;16:00;28.6;5;SOLEIL VOILÉ;3;24.8;0
Cholet;47.06;-0.87;24/09/2026;17:00;24.6;5;SOLEIL VOILÉ;3;19.8;0
Cholet;47.06;-0.87;24/09/2026;18:00;24.6;5;SOLEIL VOILÉ;3;16.6;0
Cholet;47.06;-0.87;24/09/2026;19:00;24.6;5;SOLEIL VOILÉ;3;14.8;0
Cholet;47.06;-0.87;24/09/2026;20:00;18.9;5;SOLEIL VOILÉ;3;13.0;0
Cholet;47.06;-0.87;24/09/2026;21:00;18.9;5;SOLEIL VOILÉ;3;10.4;0
Cholet;47.06;-0.87;24/09/2026;22:00;18.9;5;SOLEIL VOILÉ;3;10.1;0
Cholet;47.06;-0.87;24/09/2026;23:00;15.9;0;SOLEIL;3;10.1;0
Cholet;47.06;-0.87;25/09/2026;00:00;15.9;0;SOLEIL;3;9.0;0
Cholet;47.06;-0.87;25/09/2026;01:00;15.9;0;SOLEIL;3;9.0;0
Cholet;47.06;-0.87;25/09/2026;02:00;14;0;SOLEIL;3;9.0;0
Cholet;47.06;-0.87;25/09/2026;03:00;14;0;SOLEIL;3;9.4;0
Cholet;47.06;-0.87;25/09/2026;04:00;14;0;SOLEIL;3;9.7;0
Cholet;47.06;-0.87;25/09/2026;05:00;13;0;SOLEIL;3;9.7;0
Cholet;47.06;-0.87;25/09/2026;06:00;13;0;SOLEIL;3;10.8;0
Cholet;47.06;-0.87;25/09/2026;07:00;13;0;SOLEIL;3;10.8;0
Cholet;47.06;-0.87;25/09/2026;08:00;19.1;0;SOLEIL;3;11.2;0
Cholet;47.06;-0.87;25/09/2026;09:00;19.1;0;SOLEIL;3;13.3;0
Cholet;47.06;-0.87;25/09/2026;10:00;19.1;0;SOLEIL;3;16.2;0
Cholet;47.06;-0.87;25/09/2026;11:00;25.1;0;SOLEIL;3;19.1;0
Cholet;47.06;-0.87;25/09/2026;12:00;25.1;0;SOLEIL;3;21.6;0
Cholet;47.06;-0.87;25/09/2026;13:00;25.1;0;SOLEIL;3;24.1;0
Cholet;47.06;-0.87;25/09/2026;14:00;28.2;0;SOLEIL;3;26.6;0
Cholet;47.06;-0.87;25/09/2026;15:00;28.2;0;SOLEIL;3;28.8;0
Cholet;47.06;-0.87;25/09/2026;16:00;28.2;0;SOLEIL;3;31.0;0
Cholet;47.06;-0.87;25/09/2026;17:00;25.5;0;SOLEIL;2;32.8;0
Cholet;47.06;-0.87;25/09/2026;18:00;25.5;0;SOLEIL;2;34.2;0
Cholet;47.06;-0.87;25/09/2026;19:00;25.5;0;SOLEIL;2;34.9;0
Cholet;47.06;-0.87;25/09/2026;20:00;19.8;0;SOLEIL;5;34.2;0
Cholet;47.06;-0.87;25/09/2026;21:00;18.0;0;SOLEIL;5;30.6;0
Cholet;47.06;-0.87;25/09/2026;22:00;16.1;0;SOLEIL;5;25.2;0
Cholet;47.06;-0.87;25/09/2026;23:00;15.1;0;SOLEIL;2;21.6;0
Cholet;47.06;-0.87;26/09/2026;00:00;15.1;0;SOLEIL;2;20.9;0
Cholet;47.06;-0.87;26/09/2026;01:00;15.1;0;SOLEIL;2;22.0;0
Cholet;47.06;-0.87;26/09/2026;02:00;11.4;0;SOLEIL;5;22.0;0
Cholet;47.06;-0.87;26/09/2026;03:00;11.4;0;SOLEIL;5;20.2;0
Cholet;47.06;-0.87;26/09/2026;04:00;11.4;0;SOLEIL;5;17.6;0
Cholet;47.06;-0.87;26/09/2026;05:00;12.4;0;SOLEIL;2;15.1;0
Cholet;47.06;-0.87;26/09/2026;06:00;12.4;0;SOLEIL;2;12.6;0
Cholet;47.06;-0.87;26/09/2026;07:00;12.4;0;SOLEIL;2;10.1;0
Cholet;47.06;-0.87;26/09/2026;08:00;14.7;0;SOLEIL;5;9.0;0
Cholet;47.06;-0.87;26/09/2026;09:00;16.3;0;SOLEIL;5;10.1;0
Cholet;47.06;-0.87;26/09/2026;10:00;17.9;0;SOLEIL;5;12.2;0
Cholet;47.06;-0.87;26/09/2026;11:00;23.7;0;SOLEIL;2;14.0;0
Cholet;47.06;-0.87;26/09/2026;12:00;23.7;0;SOLEIL;2;14.4;0
Cholet;47.06;-0.87;26/09/2026;13:00;23.7;0;SOLEIL;2;14.4;0
Cholet;47.06;-0.87;26/09/2026;14:00;24.5;0;SOLEIL;5;14.0;0
Cholet;47.06;-0.87;26/09/2026;15:00;26.1;0;SOLEIL;5;13.7;0
Cholet;47.06;-0.87;26/09/2026;16:00;24.5;0;SOLEIL;5;13.3;0
Cholet;47.06;-0.87;26/09/2026;17:00;22.6;0;SOLEIL;3;12.6;0
Cholet;47.06;-0.87;26/09/2026;18:00;22.6;0;SOLEIL;3;11.5;0
Cholet;47.06;-0.87;26/09/2026;19:00;22.6;0;SOLEIL;3;10.1;0
Cholet;47.06;-0.87;26/09/2026;20:00;17.9;0;SOLEIL;5;9.0;0
Cholet;47.06;-0.87;26/09/2026;21:00;16.3;0;SOLEIL;5;8.6;0
Cholet;47.06;-0.87;26/09/2026;22:00;14.7;0;SOLEIL;5;8.3;0
Cholet;47.06;-0.87;26/09/2026;23:00;15.6;0;SOLEIL;2;7.9;0
Cholet;47.06;-0.87;27/09/2026;00:00;15.6;0;SOLEIL;2;7.7;0
Cholet;47.06;-0.87;27/09/2026;01:00;15.6;0;SOLEIL;2;7.6;0
Cholet;47.06;-0.87;27/09/2026;02:00;13.5;2;NUAGEUX;5;8.1;0
Cholet;47.06;-0.87;27/09/2026;03:00;13.5;2;NUAGEUX;5;10.1;0
Cholet;47.06;-0.87;27/09/2026;04:00;13.5;2;NUAGEUX;5;11.9;0
Cholet;47.06;-0.87;27/09/2026;05:00;14.6;2;NUAGEUX;3;13.0;0
Cholet;47.06;-0.87;27/09/2026;06:00;14.6;2;NUAGEUX;3;12.2;0
Cholet;47.06;-0.87;27/09/2026;07:00;14.6;2;NUAGEUX;3;10.8;0
Cholet;47.06;-0.87;27/09/2026;08:00;15.8;2;NUAGEUX;5;10.4;0
Cholet;47.06;-0.87;27/09/2026;09:00;17.0;2;NUAGEUX;5;11.2;0
Cholet;47.06;-0.87;27/09/2026;10:00;18.1;2;NUAGEUX;5;13.0;0
Cholet;47.06;-0.87;27/09/2026;11:00;23.1;2;NUAGEUX;3;15.8;0
Cholet;47.06;-0.87;27/09/2026;12:00;23.1;2;NUAGEUX;3;21.2;0
Cholet;47.06;-0.87;27/09/2026;13:00;23.1;2;NUAGEUX;3;27.4;0
Cholet;47.06;-0.87;27/09/2026;14:00;22.7;2;NUAGEUX;5;32.0;0
Cholet;47.06;-0.87;27/09/2026;15:00;23.9;2;NUAGEUX;5;33.1;0
Cholet;47.06;-0.87;27/09/2026;16:00;22.7;2;NUAGEUX;5;32.4;0
Cholet;47.06;-0.87;27/09/2026;17:00;21.1;2;NUAGEUX;3;31.3;0
Cholet;47.06;-0.87;27/09/2026;18:00;21.1;2;NUAGEUX;3;30.6;0
Cholet;47.06;-0.87;27/09/2026;19:00;21.1;2;NUAGEUX;3;29.2;0
Cholet;47.06;-0.87;27/09/2026;20:00;18.1;2;NUAGEUX;5;26.6;0
Cholet;47.06;-0.87;27/09/2026;21:00;17.0;2;NUAGEUX;5;21.6;0
Cholet;47.06;-0.87;27/09/2026;22:00;15.8;2;NUAGEUX;5;15.8;0
Cholet;47.06;-0.87;27/09/2026;23:00;16.6;2;NUAGEUX;2;11.5;0
Nyoiseau;47.71;-0.91;23/09/2026;00:00;15;0;SOLEIL;3;12.6;0
Nyoiseau;47.71;-0.91;23/09/2026;01:00;14.1;0;SOLEIL;1;12.6;0
Nyoiseau;47.71;-0.91;23/09/2026;02:00;13.6;0;SOLEIL;2;12.2;0
Nyoiseau;47.71;-0.91;23/09/2026;03:00;12.4;0;SOLEIL;2;9.4;0
Nyoiseau;47.71;-0.91;23/09/2026;04:00;12;0;SOLEIL;2;6.5;0
Nyoiseau;47.71;-0.91;23/09/2026;05:00;11.7;0;SOLEIL;2;6.1;0
Nyoiseau;47.71;-0.91;23/09/2026;06:00;10.6;0;SOLEIL;2;5.4;0
Nyoiseau;47.71;-0.91;23/09/2026;07:00;12.7;0;SOLEIL;2;5.8;0
Nyoiseau;47.71;-0.91;23/09/2026;08:00;15.6;0;SOLEIL;1;5.8;0
Nyoiseau;47.71;-0.91;23/09/2026;09:00;20.1;5;SOLEIL VOILÉ;2;5.8;0
Nyoiseau;47.71;-0.91;23/09/2026;10:00;22.6;5;SOLEIL VOILÉ;2;9.4;0
Nyoiseau;47.71;-0.91;23/09/2026;11:00;24.7;5;SOLEIL VOILÉ;3;14.0;0
Nyoiseau;47.71;-0.91;23/09/2026;12:00;25.9;5;SOLEIL VOILÉ;3;14.4;0
Nyoiseau;47.71;-0.91;23/09/2026;13:00;27;0;SOLEIL;3;13.0;0
Nyoiseau;47.71;-0.91;23/09/2026;14:00;27.9;0;SOLEIL;3;12.6;0
Nyoiseau;47.71;-0.91;23/09/2026;15:00;28.1;0;SOLEIL;3;17.6;0
Nyoiseau;47.71;-0.91;23/09/2026;16:00;27.4;0;SOLEIL;4;21.6;0
Nyoiseau;47.71;-0.91;23/09/2026;17:00;26.5;0;SOLEIL;5;24.8;0
Nyoiseau;47.71;-0.91;23/09/2026;18:00;23.9;0;SOLEIL;5;32.4;0
Nyoiseau;47.71;-0.91;23/09/2026;19:00;20.9;0;SOLEIL;5;33.5;0
Nyoiseau;47.71;-0.91;23/09/2026;20:00;18.6;0;SOLEIL;4;29.2;0
Nyoiseau;47.71;-0.91;23/09/2026;21:00;17.2;0;SOLEIL;4;21.6;0
Nyoiseau;47.71;-0.91;23/09/2026;22:00;16.5;0;SOLEIL;4;22.7;0
Nyoiseau;47.71;-0.91;23/09/2026;23:00;15.9;5;SOLEIL VOILÉ;3;20.9;0
Nyoiseau;47.71;-0.91;24/09/2026;00:00;15.1;5;SOLEIL VOILÉ;3;21.2;0
Nyoiseau;47.71;-0.91;24/09/2026;01:00;15.1;5;SOLEIL VOILÉ;3;19.8;0
Nyoiseau;47.71;-0.91;24/09/2026;02:00;12.6;5;SOLEIL VOILÉ;2;15.8;0
Nyoiseau;47.71;-0.91;24/09/2026;03:00;12.6;5;SOLEIL VOILÉ;2;13.1;0
Nyoiseau;47.71;-0.91;24/09/2026;04:00;12.6;5;SOLEIL VOILÉ;2;9.9;0
Nyoiseau;47.71;-0.91;24/09/2026;05:00;12.5;5;SOLEIL VOILÉ;2;7.7;0
Nyoiseau;47.71;-0.91;24/09/2026;06:00;12.5;5;SOLEIL VOILÉ;2;6.5;0
Nyoiseau;47.71;-0.91;24/09/2026;07:00;12.5;5;SOLEIL VOILÉ;2;5.4;0
Nyoiseau;47.71;-0.91;24/09/2026;08:00;18.9;5;SOLEIL VOILÉ;3;5.8;0
Nyoiseau;47.71;-0.91;24/09/2026;09:00;18.9;5;SOLEIL VOILÉ;3;6.1;0
Nyoiseau;47.71;-0.91;24/09/2026;10:00;18.9;5;SOLEIL VOILÉ;3;17.3;0
Nyoiseau;47.71;-0.91;24/09/2026;11:00;24.2;5;SOLEIL VOILÉ;3;22.7;0
Nyoiseau;47.71;-0.91;24/09/2026;12:00;24.2;5;SOLEIL VOILÉ;3;26.6;0
Nyoiseau;47.71;-0.91;24/09/2026;13:00;24.2;5;SOLEIL VOILÉ;3;27.0;0
Nyoiseau;47.71;-0.91;24/09/2026;14:00;26.1;5;SOLEIL VOILÉ;3;25.6;0
Nyoiseau;47.71;-0.91;24/09/2026;15:00;26.1;5;SOLEIL VOILÉ;3;24.5;0
Nyoiseau;47.71;-0.91;24/09/2026;16:00;26.1;5;SOLEIL VOILÉ;3;22.0;0
Nyoiseau;47.71;-0.91;24/09/2026;17:00;22.4;5;SOLEIL VOILÉ;2;17.6;0
Nyoiseau;47.71;-0.91;24/09/2026;18:00;22.4;5;SOLEIL VOILÉ;2;14.4;0
Nyoiseau;47.71;-0.91;24/09/2026;19:00;22.4;5;SOLEIL VOILÉ;2;13.0;0
Nyoiseau;47.71;-0.91;24/09/2026;20:00;17.1;5;SOLEIL VOILÉ;3;11.9;0
Nyoiseau;47.71;-0.91;24/09/2026;21:00;17.1;5;SOLEIL VOILÉ;3;7.9;0
Nyoiseau;47.71;-0.91;24/09/2026;22:00;17.1;5;SOLEIL VOILÉ;3;7.6;0
Nyoiseau;47.71;-0.91;24/09/2026;23:00;14.1;0;SOLEIL;3;9.4;0
Nyoiseau;47.71;-0.91;25/09/2026;00:00;14.1;0;SOLEIL;3;10.1;0
Nyoiseau;47.71;-0.91;25/09/2026;01:00;14.1;0;SOLEIL;3;10.8;0
Nyoiseau;47.71;-0.91;25/09/2026;02:00;12.5;0;SOLEIL;2;11.2;0
Nyoiseau;47.71;-0.91;25/09/2026;03:00;12.5;0;SOLEIL;2;12.2;0
Nyoiseau;47.71;-0.91;25/09/2026;04:00;12.5;0;SOLEIL;2;13.0;0
Nyoiseau;47.71;-0.91;25/09/2026;05:00;11.6;0;SOLEIL;2;13.0;0
Nyoiseau;47.71;-0.91;25/09/2026;06:00;11.6;0;SOLEIL;2;12.6;0
Nyoiseau;47.71;-0.91;25/09/2026;07:00;11.6;0;SOLEIL;2;12.6;0
Nyoiseau;47.71;-0.91;25/09/2026;08:00;19.1;0;SOLEIL;3;13.0;0
Nyoiseau;47.71;-0.91;25/09/2026;09:00;19.1;0;SOLEIL;3;16.9;0
Nyoiseau;47.71;-0.91;25/09/2026;10:00;19.1;0;SOLEIL;3;22.3;0
Nyoiseau;47.71;-0.91;25/09/2026;11:00;24.7;0;SOLEIL;3;25.9;0
Nyoiseau;47.71;-0.91;25/09/2026;12:00;24.7;0;SOLEIL;3;26.3;0
Nyoiseau;47.71;-0.91;25/09/2026;13:00;24.7;0;SOLEIL;3;25.2;0
Nyoiseau;47.71;-0.91;25/09/2026;14:00;26.4;0;SOLEIL;2;24.1;0
Nyoiseau;47.71;-0.91;25/09/2026;15:00;26.4;0;SOLEIL;2;24.1;0
Nyoiseau;47.71;-0.91;25/09/2026;16:00;26.4;0;SOLEIL;2;24.1;0
Nyoiseau;47.71;-0.91;25/09/2026;17:00;24;0;SOLEIL;2;25.2;0
Nyoiseau;47.71;-0.91;25/09/2026;18:00;24;0;SOLEIL;2;27.7;0
Nyoiseau;47.71;-0.91;25/09/2026;19:00;24;0;SOLEIL;2;31.0;0
Nyoiseau;47.71;-0.91;25/09/2026;20:00;17.9;0;SOLEIL;5;32.4;0
Nyoiseau;47.71;-0.91;25/09/2026;21:00;16.2;0;SOLEIL;5;31.0;0
Nyoiseau;47.71;-0.91;25/09/2026;22:00;14.4;0;SOLEIL;5;27.7;0
Nyoiseau;47.71;-0.91;25/09/2026;23:00;13.1;0;SOLEIL;2;24.8;0
Nyoiseau;47.71;-0.91;26/09/2026;00:00;13.1;0;SOLEIL;2;22.0;0
Nyoiseau;47.71;-0.91;26/09/2026;01:00;13.1;0;SOLEIL;2;19.4;0
Nyoiseau;47.71;-0.91;26/09/2026;02:00;10.4;0;SOLEIL;5;18.4;0
Nyoiseau;47.71;-0.91;26/09/2026;03:00;10.4;0;SOLEIL;5;20.5;0
Nyoiseau;47.71;-0.91;26/09/2026;04:00;10.4;0;SOLEIL;5;23.8;0
Nyoiseau;47.71;-0.91;26/09/2026;05:00;11.2;0;SOLEIL;2;25.6;0
Nyoiseau;47.71;-0.91;26/09/2026;06:00;11.2;0;SOLEIL;2;23.0;0
Nyoiseau;47.71;-0.91;26/09/2026;07:00;11.2;0;SOLEIL;2;19.1;0
Nyoiseau;47.71;-0.91;26/09/2026;08:00;13.8;0;SOLEIL;5;16.6;0
Nyoiseau;47.71;-0.91;26/09/2026;09:00;15.5;0;SOLEIL;5;18.0;0
Nyoiseau;47.71;-0.91;26/09/2026;10:00;17.2;0;SOLEIL;5;21.2;0
Nyoiseau;47.71;-0.91;26/09/2026;11:00;22.9;0;SOLEIL;3;22.7;0
Nyoiseau;47.71;-0.91;26/09/2026;12:00;22.9;0;SOLEIL;3;20.5;0
Nyoiseau;47.71;-0.91;26/09/2026;13:00;22.9;0;SOLEIL;3;16.9;0
Nyoiseau;47.71;-0.91;26/09/2026;14:00;23.9;0;SOLEIL;5;14.0;0
Nyoiseau;47.71;-0.91;26/09/2026;15:00;25.6;0;SOLEIL;5;14.0;0
Nyoiseau;47.71;-0.91;26/09/2026;16:00;23.9;0;SOLEIL;5;15.1;0
Nyoiseau;47.71;-0.91;26/09/2026;17:00;21.1;0;SOLEIL;3;15.1;0
Nyoiseau;47.71;-0.91;26/09/2026;18:00;21.1;0;SOLEIL;3;13.3;0
Nyoiseau;47.71;-0.91;26/09/2026;19:00;21.1;0;SOLEIL;3;10.4;0
Nyoiseau;47.71;-0.91;26/09/2026;20:00;17.2;0;SOLEIL;5;7.9;0
Nyoiseau;47.71;-0.91;26/09/2026;21:00;15.5;0;SOLEIL;5;6.1;0
Nyoiseau;47.71;-0.91;26/09/2026;22:00;13.8;0;SOLEIL;5;4.7;0
Nyoiseau;47.71;-0.91;26/09/2026;23:00;14.4;0;SOLEIL;2;4.0;0
Nyoiseau;47.71;-0.91;27/09/2026;00:00;14.4;0;SOLEIL;2;3.7;0
Nyoiseau;47.71;-0.91;27/09/2026;01:00;14.4;0;SOLEIL;2;3.8;0
Nyoiseau;47.71;-0.91;27/09/2026;02:00;12.1;2;NUAGEUX;5;4.1;0
Nyoiseau;47.71;-0.91;27/09/2026;03:00;12.1;2;NUAGEUX;5;5.0;0
Nyoiseau;47.71;-0.91;27/09/2026;04:00;12.1;2;NUAGEUX;5;6.8;0
Nyoiseau;47.71;-0.91;27/09/2026;05:00;13.1;2;NUAGEUX;2;7.9;0
Nyoiseau;47.71;-0.91;27/09/2026;06:00;13.1;2;NUAGEUX;2;8.3;0
Nyoiseau;47.71;-0.91;27/09/2026;07:00;13.1;2;NUAGEUX;2;8.3;0
Nyoiseau;47.71;-0.91;27/09/2026;08:00;14.8;2;NUAGEUX;5;9.4;0
Nyoiseau;47.71;-0.91;27/09/2026;09:00;16.1;2;NUAGEUX;5;12.2;0
Nyoiseau;47.71;-0.91;27/09/2026;10:00;17.4;2;NUAGEUX;5;16.2;0
Nyoiseau;47.71;-0.91;27/09/2026;11:00;22;2;NUAGEUX;3;19.8;0
Nyoiseau;47.71;-0.91;27/09/2026;12:00;22;2;NUAGEUX;3;22.7;0
Nyoiseau;47.71;-0.91;27/09/2026;13:00;22;2;NUAGEUX;3;24.8;0
Nyoiseau;47.71;-0.91;27/09/2026;14:00;22.8;2;NUAGEUX;5;27.4;0
Nyoiseau;47.71;-0.91;27/09/2026;15:00;24.1;2;NUAGEUX;5;30.2;0
Nyoiseau;47.71;-0.91;27/09/2026;16:00;22.8;2;NUAGEUX;5;33.1;0
Nyoiseau;47.71;-0.91;27/09/2026;17:00;22.1;7;PLUIE FAIBLE;3;34.2;0
Nyoiseau;47.71;-0.91;27/09/2026;18:00;22.1;7;PLUIE FAIBLE;3;33.1;0
Nyoiseau;47.71;-0.91;27/09/2026;19:00;22.1;7;PLUIE FAIBLE;3;29.9;0
Nyoiseau;47.71;-0.91;27/09/2026;20:00;17.4;2;NUAGEUX;5;26.3;0
Nyoiseau;47.71;-0.91;27/09/2026;21:00;16.1;2;NUAGEUX;5;20.9;0
Nyoiseau;47.71;-0.91;27/09/2026;22:00;14.8;2;NUAGEUX;5;14.8;0
Nyoiseau;47.71;-0.91;27/09/2026;23:00;15.5;2;NUAGEUX;2;10.4;0
Saumur;47.26;-0.07;23/09/2026;00:00;16.5;0;SOLEIL;1;11.5;0
Saumur;47.26;-0.07;23/09/2026;01:00;16.5;0;SOLEIL;2;12.2;0
Saumur;47.26;-0.07;23/09/2026;02:00;15.4;0;SOLEIL;2;13.0;0
Saumur;47.26;-0.07;23/09/2026;03:00;14.2;0;SOLEIL;2;14.0;0
Saumur;47.26;-0.07;23/09/2026;04:00;13.9;0;SOLEIL;2;14.0;0
Saumur;47.26;-0.07;23/09/2026;05:00;13.2;0;SOLEIL;2;13.0;0
Saumur;47.26;-0.07;23/09/2026;06:00;12.1;0;SOLEIL;2;10.8;0
Saumur;47.26;-0.07;23/09/2026;07:00;14;0;SOLEIL;1;7.9;0
Saumur;47.26;-0.07;23/09/2026;08:00;17;0;SOLEIL;2;4.7;0
Saumur;47.26;-0.07;23/09/2026;09:00;20.5;0;SOLEIL;2;5.0;0
Saumur;47.26;-0.07;23/09/2026;10:00;24.4;0;SOLEIL;2;7.6;0
Saumur;47.26;-0.07;23/09/2026;11:00;26.9;0;SOLEIL;2;11.5;0
Saumur;47.26;-0.07;23/09/2026;12:00;28.5;0;SOLEIL;2;12.2;0
Saumur;47.26;-0.07;23/09/2026;13:00;29.5;0;SOLEIL;2;13.0;0
Saumur;47.26;-0.07;23/09/2026;14:00;30.5;5;SOLEIL VOILÉ;3;11.5;0
Saumur;47.26;-0.07;23/09/2026;15:00;30.6;5;SOLEIL VOILÉ;3;10.1;0
Saumur;47.26;-0.07;23/09/2026;16:00;29.6;5;SOLEIL VOILÉ;3;11.5;0
Saumur;47.26;-0.07;23/09/2026;17:00;28.1;0;SOLEIL;3;13.7;0
Saumur;47.26;-0.07;23/09/2026;18:00;25.6;5;SOLEIL VOILÉ;2;17.6;0
Saumur;47.26;-0.07;23/09/2026;19:00;23.2;0;SOLEIL;3;19.4;0
Saumur;47.26;-0.07;23/09/2026;20:00;21.6;0;SOLEIL;4;18.0;0
Saumur;47.26;-0.07;23/09/2026;21:00;20.2;0;SOLEIL;3;17.6;0
Saumur;47.26;-0.07;23/09/2026;22:00;19.1;0;SOLEIL;4;19.1;0
Saumur;47.26;-0.07;23/09/2026;23:00;18.1;0;SOLEIL;3;17.6;0
Saumur;47.26;-0.07;24/09/2026;00:00;17.4;5;SOLEIL VOILÉ;3;19.1;0
Saumur;47.26;-0.07;24/09/2026;01:00;17.4;5;SOLEIL VOILÉ;3;19.4;0
Saumur;47.26;-0.07;24/09/2026;02:00;14.6;5;SOLEIL VOILÉ;2;15.8;0
Saumur;47.26;-0.07;24/09/2026;03:00;14.6;5;SOLEIL VOILÉ;2;9.6;0
Saumur;47.26;-0.07;24/09/2026;04:00;14.6;5;SOLEIL VOILÉ;2;8.3;0
Saumur;47.26;-0.07;24/09/2026;05:00;13.9;5;SOLEIL VOILÉ;2;7.5;0
Saumur;47.26;-0.07;24/09/2026;06:00;13.9;5;SOLEIL VOILÉ;2;6.8;0
Saumur;47.26;-0.07;24/09/2026;07:00;13.9;5;SOLEIL VOILÉ;2;6.1;0
Saumur;47.26;-0.07;24/09/2026;08:00;19.4;5;SOLEIL VOILÉ;2;5.8;0
Saumur;47.26;-0.07;24/09/2026;09:00;19.4;5;SOLEIL VOILÉ;2;6.1;0
Saumur;47.26;-0.07;24/09/2026;10:00;19.4;5;SOLEIL VOILÉ;2;15.5;0
Saumur;47.26;-0.07;24/09/2026;11:00;25.2;5;SOLEIL VOILÉ;2;20.2;0
Saumur;47.26;-0.07;24/09/2026;12:00;25.2;5;SOLEIL VOILÉ;2;20.2;0
Saumur;47.26;-0.07;24/09/2026;13:00;25.2;5;SOLEIL VOILÉ;2;22.3;0
Saumur;47.26;-0.07;24/09/2026;14:00;27.6;5;SOLEIL VOILÉ;3;22.7;0
Saumur;47.26;-0.07;24/09/2026;15:00;27.6;5;SOLEIL VOILÉ;3;22.3;0
Saumur;47.26;-0.07;24/09/2026;16:00;27.6;5;SOLEIL VOILÉ;3;21.6;0
Saumur;47.26;-0.07;24/09/2026;17:00;23.6;5;SOLEIL VOILÉ;3;18.7;0
Saumur;47.26;-0.07;24/09/2026;18:00;23.6;5;SOLEIL VOILÉ;3;15.1;0
Saumur;47.26;-0.07;24/09/2026;19:00;23.6;5;SOLEIL VOILÉ;3;13.0;0
Saumur;47.26;-0.07;24/09/2026;20:00;18.1;5;SOLEIL VOILÉ;3;8.3;0
Saumur;47.26;-0.07;24/09/2026;21:00;18.1;5;SOLEIL VOILÉ;3;6.8;0
Saumur;47.26;-0.07;24/09/2026;22:00;18.1;5;SOLEIL VOILÉ;3;7.6;0
Saumur;47.26;-0.07;24/09/2026;23:00;15.5;0;SOLEIL;3;7.6;0
Saumur;47.26;-0.07;25/09/2026;00:00;15.5;0;SOLEIL;3;9.0;0
Saumur;47.26;-0.07;25/09/2026;01:00;15.5;0;SOLEIL;3;9.4;0
Saumur;47.26;-0.07;25/09/2026;02:00;13.4;0;SOLEIL;2;9.0;0
Saumur;47.26;-0.07;25/09/2026;03:00;13.4;0;SOLEIL;2;8.3;0
Saumur;47.26;-0.07;25/09/2026;04:00;13.4;0;SOLEIL;2;6.5;0
Saumur;47.26;-0.07;25/09/2026;05:00;11.9;0;SOLEIL;2;6.5;0
Saumur;47.26;-0.07;25/09/2026;06:00;11.9;0;SOLEIL;2;6.1;0
Saumur;47.26;-0.07;25/09/2026;07:00;11.9;0;SOLEIL;2;5.0;0
Saumur;47.26;-0.07;25/09/2026;08:00;18.9;0;SOLEIL;2;5.4;0
Saumur;47.26;-0.07;25/09/2026;09:00;18.9;0;SOLEIL;2;9.0;0
Saumur;47.26;-0.07;25/09/2026;10:00;18.9;0;SOLEIL;2;13.7;0
Saumur;47.26;-0.07;25/09/2026;11:00;24.6;0;SOLEIL;3;17.3;0
Saumur;47.26;-0.07;25/09/2026;12:00;24.6;0;SOLEIL;3;17.6;0
Saumur;47.26;-0.07;25/09/2026;13:00;24.6;0;SOLEIL;3;16.6;0
Saumur;47.26;-0.07;25/09/2026;14:00;26.7;0;SOLEIL;3;15.8;0
Saumur;47.26;-0.07;25/09/2026;15:00;26.7;0;SOLEIL;3;16.6;0
Saumur;47.26;-0.07;25/09/2026;16:00;26.7;0;SOLEIL;3;17.3;0
Saumur;47.26;-0.07;25/09/2026;17:00;22.7;0;SOLEIL;2;18.7;0
Saumur;47.26;-0.07;25/09/2026;18:00;22.7;0;SOLEIL;2;20.2;0
Saumur;47.26;-0.07;25/09/2026;19:00;22.7;0;SOLEIL;2;22.3;0
Saumur;47.26;-0.07;25/09/2026;20:00;18.4;0;SOLEIL;5;23.8;0
Saumur;47.26;-0.07;25/09/2026;21:00;16.6;0;SOLEIL;5;25.2;0
Saumur;47.26;-0.07;25/09/2026;22:00;14.9;0;SOLEIL;5;26.3;0
Saumur;47.26;-0.07;25/09/2026;23:00;15.6;0;SOLEIL;2;26.3;0
Saumur;47.26;-0.07;26/09/2026;00:00;15.6;0;SOLEIL;2;24.1;0
Saumur;47.26;-0.07;26/09/2026;01:00;15.6;0;SOLEIL;2;20.5;0
Saumur;47.26;-0.07;26/09/2026;02:00;11.5;0;SOLEIL;5;18.0;0
Saumur;47.26;-0.07;26/09/2026;03:00;11.5;0;SOLEIL;5;17.6;0
Saumur;47.26;-0.07;26/09/2026;04:00;11.5;0;SOLEIL;5;18.4;0
Saumur;47.26;-0.07;26/09/2026;05:00;12.1;0;SOLEIL;2;18.7;0
Saumur;47.26;-0.07;26/09/2026;06:00;12.1;0;SOLEIL;2;18.0;0
Saumur;47.26;-0.07;26/09/2026;07:00;12.1;0;SOLEIL;2;16.9;0
Saumur;47.26;-0.07;26/09/2026;08:00;15.1;0;SOLEIL;5;16.6;0
Saumur;47.26;-0.07;26/09/2026;09:00;16.8;0;SOLEIL;5;17.3;0
Saumur;47.26;-0.07;26/09/2026;10:00;18.6;0;SOLEIL;5;18.7;0
Saumur;47.26;-0.07;26/09/2026;11:00;25.2;0;SOLEIL;3;19.8;0
Saumur;47.26;-0.07;26/09/2026;12:00;25.2;0;SOLEIL;3;20.2;0
Saumur;47.26;-0.07;26/09/2026;13:00;25.2;0;SOLEIL;3;19.8;0
Saumur;47.26;-0.07;26/09/2026;14:00;25.7;0;SOLEIL;5;19.1;0
Saumur;47.26;-0.07;26/09/2026;15:00;27.5;0;SOLEIL;5;18.0;0
Saumur;47.26;-0.07;26/09/2026;16:00;25.7;0;SOLEIL;5;16.2;0
Saumur;47.26;-0.07;26/09/2026;17:00;23.2;0;SOLEIL;2;14.0;0
Saumur;47.26;-0.07;26/09/2026;18:00;23.2;0;SOLEIL;2;11.2;0
Saumur;47.26;-0.07;26/09/2026;19:00;23.2;0;SOLEIL;2;7.9;0
Saumur;47.26;-0.07;26/09/2026;20:00;18.6;0;SOLEIL;5;5.4;0
Saumur;47.26;-0.07;26/09/2026;21:00;16.8;0;SOLEIL;5;4.0;0
Saumur;47.26;-0.07;26/09/2026;22:00;15.1;0;SOLEIL;5;3.2;0
Saumur;47.26;-0.07;26/09/2026;23:00;16.7;0;SOLEIL;2;2.9;0
Saumur;47.26;-0.07;27/09/2026;00:00;16.7;0;SOLEIL;2;2.7;0
Saumur;47.26;-0.07;27/09/2026;01:00;16.7;0;SOLEIL;2;3.2;0
Saumur;47.26;-0.07;27/09/2026;02:00;13.5;2;NUAGEUX;5;3.4;0
Saumur;47.26;-0.07;27/09/2026;03:00;13.5;2;NUAGEUX;5;4.0;0
Saumur;47.26;-0.07;27/09/2026;04:00;13.5;2;NUAGEUX;5;4.7;0
Saumur;47.26;-0.07;27/09/2026;05:00;14.1;2;NUAGEUX;2;5.0;0
Saumur;47.26;-0.07;27/09/2026;06:00;14.1;2;NUAGEUX;2;5.0;0
Saumur;47.26;-0.07;27/09/2026;07:00;14.1;2;NUAGEUX;2;5.0;0
Saumur;47.26;-0.07;27/09/2026;08:00;16.3;2;NUAGEUX;5;5.0;0
Saumur;47.26;-0.07;27/09/2026;09:00;17.6;2;NUAGEUX;5;5.4;0
Saumur;47.26;-0.07;27/09/2026;10:00;19.0;2;NUAGEUX;5;6.1;0
Saumur;47.26;-0.07;27/09/2026;11:00;24.6;2;NUAGEUX;3;7.9;0
Saumur;47.26;-0.07;27/09/2026;12:00;24.6;2;NUAGEUX;3;11.9;0
Saumur;47.26;-0.07;27/09/2026;13:00;24.6;2;NUAGEUX;3;17.3;0
Saumur;47.26;-0.07;27/09/2026;14:00;24.5;2;NUAGEUX;5;21.6;0
Saumur;47.26;-0.07;27/09/2026;15:00;25.9;2;NUAGEUX;5;23.8;0
Saumur;47.26;-0.07;27/09/2026;16:00;24.5;2;NUAGEUX;5;24.8;0
Saumur;47.26;-0.07;27/09/2026;17:00;23;2;NUAGEUX;2;25.6;0
Saumur;47.26;-0.07;27/09/2026;18:00;23;2;NUAGEUX;2;26.3;0
Saumur;47.26;-0.07;27/09/2026;19:00;23;2;NUAGEUX;2;26.6;0
Saumur;47.26;-0.07;27/09/2026;20:00;19.0;2;NUAGEUX;5;25.6;0
Saumur;47.26;-0.07;27/09/2026;21:00;17.6;2;NUAGEUX;5;21.2;0
Saumur;47.26;-0.07;27/09/2026;22:00;16.3;2;NUAGEUX;5;15.5;0
Saumur;47.26;-0.07;27/09/2026;23:00;17.4;2;NUAGEUX;2;10.8;0
Ernée;48.3;-0.93;23/09/2026;00:00;15.7;0;SOLEIL;2;8.3;0
Ernée;48.3;-0.93;23/09/2026;01:00;15.5;0;SOLEIL;2;6.1;0
Ernée;48.3;-0.93;23/09/2026;02:00;14.6;0;SOLEIL;2;6.1;0
Ernée;48.3;-0.93;23/09/2026;03:00;13.6;0;SOLEIL;1;5.8;0
Ernée;48.3;-0.93;23/09/2026;04:00;12.7;0;SOLEIL;1;5.0;0
Ernée;48.3;-0.93;23/09/2026;05:00;12.6;0;SOLEIL;1;4.3;0
Ernée;48.3;-0.93;23/09/2026;06:00;12.6;5;SOLEIL VOILÉ;1;4.7;0
Ernée;48.3;-0.93;23/09/2026;07:00;13.5;5;SOLEIL VOILÉ;1;5.0;0
Ernée;48.3;-0.93;23/09/2026;08:00;17.6;5;SOLEIL VOILÉ;1;5.0;0
Ernée;48.3;-0.93;23/09/2026;09:00;20.5;5;SOLEIL VOILÉ;1;5.0;0
Ernée;48.3;-0.93;23/09/2026;10:00;23;5;SOLEIL VOILÉ;2;5.0;0
Ernée;48.3;-0.93;23/09/2026;11:00;24;0;SOLEIL;3;9.7;0
Ernée;48.3;-0.93;23/09/2026;12:00;26;0;SOLEIL;3;10.8;0
Ernée;48.3;-0.93;23/09/2026;13:00;27.1;0;SOLEIL;4;11.9;0
Ernée;48.3;-0.93;23/09/2026;14:00;26.7;0;SOLEIL;4;18.4;0
Ernée;48.3;-0.93;23/09/2026;15:00;25.7;0;SOLEIL;5;22.0;0
Ernée;48.3;-0.93;23/09/2026;16:00;25.9;0;SOLEIL;5;29.9;0
Ernée;48.3;-0.93;23/09/2026;17:00;24.9;0;SOLEIL;5;35.6;0
Ernée;48.3;-0.93;23/09/2026;18:00;22.4;0;SOLEIL;4;32.0;0
Ernée;48.3;-0.93;23/09/2026;19:00;19.9;0;SOLEIL;4;27.0;0
Ernée;48.3;-0.93;23/09/2026;20:00;18.6;5;SOLEIL VOILÉ;4;26.3;0
Ernée;48.3;-0.93;23/09/2026;21:00;17.1;5;SOLEIL VOILÉ;4;22.3;0
Ernée;48.3;-0.93;23/09/2026;22:00;16.1;5;SOLEIL VOILÉ;3;15.8;0
Ernée;48.3;-0.93;23/09/2026;23:00;15.2;5;SOLEIL VOILÉ;3;14.8;0
Ernée;48.3;-0.93;24/09/2026;00:00;14.6;5;SOLEIL VOILÉ;4;14.0;0
Ernée;48.3;-0.93;24/09/2026;01:00;14.6;5;SOLEIL VOILÉ;4;13.0;0
Ernée;48.3;-0.93;24/09/2026;02:00;13.1;5;SOLEIL VOILÉ;3;11.5;0
Ernée;48.3;-0.93;24/09/2026;03:00;13.1;5;SOLEIL VOILÉ;3;10.9;0
Ernée;48.3;-0.93;24/09/2026;04:00;13.1;5;SOLEIL VOILÉ;3;8.8;0
Ernée;48.3;-0.93;24/09/2026;05:00;13;5;SOLEIL VOILÉ;3;9.5;0
Ernée;48.3;-0.93;24/09/2026;06:00;13;5;SOLEIL VOILÉ;3;11.2;0
Ernée;48.3;-0.93;24/09/2026;07:00;13;5;SOLEIL VOILÉ;3;11.5;0
Ernée;48.3;-0.93;24/09/2026;08:00;17.6;5;SOLEIL VOILÉ;3;11.9;0
Ernée;48.3;-0.93;24/09/2026;09:00;17.6;5;SOLEIL VOILÉ;3;11.9;0
Ernée;48.3;-0.93;24/09/2026;10:00;17.6;5;SOLEIL VOILÉ;3;15.8;0
Ernée;48.3;-0.93;24/09/2026;11:00;23;5;SOLEIL VOILÉ;3;25.2;0
Ernée;48.3;-0.93;24/09/2026;12:00;23;5;SOLEIL VOILÉ;3;26.6;0
Ernée;48.3;-0.93;24/09/2026;13:00;23;5;SOLEIL VOILÉ;3;25.2;0
Ernée;48.3;-0.93;24/09/2026;14:00;24.7;5;SOLEIL VOILÉ;3;25.6;0
Ernée;48.3;-0.93;24/09/2026;15:00;24.7;5;SOLEIL VOILÉ;3;24.5;0
Ernée;48.3;-0.93;24/09/2026;16:00;24.7;5;SOLEIL VOILÉ;3;22.0;0
Ernée;48.3;-0.93;24/09/2026;17:00;22.4;5;SOLEIL VOILÉ;2;18.7;0
Ernée;48.3;-0.93;24/09/2026;18:00;22.4;5;SOLEIL VOILÉ;2;14.8;0
Ernée;48.3;-0.93;24/09/2026;19:00;22.4;5;SOLEIL VOILÉ;2;11.2;0
Ernée;48.3;-0.93;24/09/2026;20:00;17.6;5;SOLEIL VOILÉ;3;10.4;0
Ernée;48.3;-0.93;24/09/2026;21:00;17.6;5;SOLEIL VOILÉ;3;5.8;0
Ernée;48.3;-0.93;24/09/2026;22:00;17.6;5;SOLEIL VOILÉ;3;6.8;0
Ernée;48.3;-0.93;24/09/2026;23:00;14.9;0;SOLEIL;3;8.6;0
Ernée;48.3;-0.93;25/09/2026;00:00;14.9;0;SOLEIL;3;9.4;0
Ernée;48.3;-0.93;25/09/2026;01:00;14.9;0;SOLEIL;3;10.1;0
Ernée;48.3;-0.93;25/09/2026;02:00;13.1;0;SOLEIL;3;10.1;0
Ernée;48.3;-0.93;25/09/2026;03:00;13.1;0;SOLEIL;3;10.4;0
Ernée;48.3;-0.93;25/09/2026;04:00;13.1;0;SOLEIL;3;11.5;0
Ernée;48.3;-0.93;25/09/2026;05:00;12.5;0;SOLEIL;3;11.5;0
Ernée;48.3;-0.93;25/09/2026;06:00;12.5;0;SOLEIL;3;10.8;0
Ernée;48.3;-0.93;25/09/2026;07:00;12.5;0;SOLEIL;3;11.2;0
Ernée;48.3;-0.93;25/09/2026;08:00;18.6;0;SOLEIL;3;11.2;0
Ernée;48.3;-0.93;25/09/2026;09:00;18.6;0;SOLEIL;3;15.5;0
Ernée;48.3;-0.93;25/09/2026;10:00;18.6;0;SOLEIL;3;22.0;0
Ernée;48.3;-0.93;25/09/2026;11:00;22.9;0;SOLEIL;3;26.6;0
Ernée;48.3;-0.93;25/09/2026;12:00;22.9;0;SOLEIL;3;28.4;0
Ernée;48.3;-0.93;25/09/2026;13:00;22.9;0;SOLEIL;3;28.8;0
Ernée;48.3;-0.93;25/09/2026;14:00;25.1;0;SOLEIL;2;28.4;0
Ernée;48.3;-0.93;25/09/2026;15:00;25.1;0;SOLEIL;2;27.4;0
Ernée;48.3;-0.93;25/09/2026;16:00;25.1;0;SOLEIL;2;25.6;0
Ernée;48.3;-0.93;25/09/2026;17:00;21.6;0;SOLEIL;2;23.4;0
Ernée;48.3;-0.93;25/09/2026;18:00;21.6;0;SOLEIL;2;20.2;0
Ernée;48.3;-0.93;25/09/2026;19:00;21.6;0;SOLEIL;2;16.2;0
Ernée;48.3;-0.93;25/09/2026;20:00;18.0;0;SOLEIL;5;15.1;0
Ernée;48.3;-0.93;25/09/2026;21:00;16.5;0;SOLEIL;5;19.1;0
Ernée;48.3;-0.93;25/09/2026;22:00;15.0;0;SOLEIL;5;25.9;0
Ernée;48.3;-0.93;25/09/2026;23:00;13.6;0;SOLEIL;2;31.0;0
Ernée;48.3;-0.93;26/09/2026;00:00;13.6;0;SOLEIL;2;32.0;0
Ernée;48.3;-0.93;26/09/2026;01:00;13.6;0;SOLEIL;2;31.3;0
Ernée;48.3;-0.93;26/09/2026;02:00;11;0;SOLEIL;5;29.5;0
Ernée;48.3;-0.93;26/09/2026;03:00;11;0;SOLEIL;5;27.0;0
Ernée;48.3;-0.93;26/09/2026;04:00;11;0;SOLEIL;5;23.4;0
Ernée;48.3;-0.93;26/09/2026;05:00;11.9;0;SOLEIL;3;20.5;0
Ernée;48.3;-0.93;26/09/2026;06:00;11.9;0;SOLEIL;3;18.7;0
Ernée;48.3;-0.93;26/09/2026;07:00;11.9;0;SOLEIL;3;17.3;0
Ernée;48.3;-0.93;26/09/2026;08:00;14.0;0;SOLEIL;5;17.3;0
Ernée;48.3;-0.93;26/09/2026;09:00;15.5;0;SOLEIL;5;19.4;0
Ernée;48.3;-0.93;26/09/2026;10:00;17.0;0;SOLEIL;5;22.3;0
Ernée;48.3;-0.93;26/09/2026;11:00;22.1;0;SOLEIL;3;24.1;0
Ernée;48.3;-0.93;26/09/2026;12:00;22.1;0;SOLEIL;3;23.0;0
Ernée;48.3;-0.93;26/09/2026;13:00;22.1;0;SOLEIL;3;20.5;0
Ernée;48.3;-0.93;26/09/2026;14:00;22.9;0;SOLEIL;5;18.0;0
Ernée;48.3;-0.93;26/09/2026;15:00;24.4;0;SOLEIL;5;15.8;0
Ernée;48.3;-0.93;26/09/2026;16:00;22.9;0;SOLEIL;5;13.3;0
Ernée;48.3;-0.93;26/09/2026;17:00;20.6;0;SOLEIL;3;11.2;0
Ernée;48.3;-0.93;26/09/2026;18:00;20.6;0;SOLEIL;3;8.3;0
Ernée;48.3;-0.93;26/09/2026;19:00;20.6;0;SOLEIL;3;5.0;0
Ernée;48.3;-0.93;26/09/2026;20:00;17.0;0;SOLEIL;5;4.3;0
Ernée;48.3;-0.93;26/09/2026;21:00;15.5;0;SOLEIL;5;7.6;0
Ernée;48.3;-0.93;26/09/2026;22:00;14.0;0;SOLEIL;5;13.0;0
Ernée;48.3;-0.93;26/09/2026;23:00;15.1;0;SOLEIL;3;16.6;0
Ernée;48.3;-0.93;27/09/2026;00:00;15.1;0;SOLEIL;3;14.7;0
Ernée;48.3;-0.93;27/09/2026;01:00;15.1;0;SOLEIL;3;11.5;0
Ernée;48.3;-0.93;27/09/2026;02:00;12.4;2;NUAGEUX;5;9.0;0
Ernée;48.3;-0.93;27/09/2026;03:00;12.4;2;NUAGEUX;5;7.2;0
Ernée;48.3;-0.93;27/09/2026;04:00;12.4;2;NUAGEUX;5;6.5;0
Ernée;48.3;-0.93;27/09/2026;05:00;13.1;2;NUAGEUX;3;6.1;0
Ernée;48.3;-0.93;27/09/2026;06:00;13.1;2;NUAGEUX;3;5.8;0
Ernée;48.3;-0.93;27/09/2026;07:00;13.1;2;NUAGEUX;3;5.4;0
Ernée;48.3;-0.93;27/09/2026;08:00;14.5;2;NUAGEUX;5;7.2;0
Ernée;48.3;-0.93;27/09/2026;09:00;15.5;2;NUAGEUX;5;12.2;0
Ernée;48.3;-0.93;27/09/2026;10:00;16.5;2;NUAGEUX;5;19.1;0
Ernée;48.3;-0.93;27/09/2026;11:00;21;2;NUAGEUX;4;25.2;0
Ernée;48.3;-0.93;27/09/2026;12:00;21;2;NUAGEUX;4;29.5;0
Ernée;48.3;-0.93;27/09/2026;13:00;21;2;NUAGEUX;4;32.8;0
Ernée;48.3;-0.93;27/09/2026;14:00;20.7;2;NUAGEUX;5;34.9;0
Ernée;48.3;-0.93;27/09/2026;15:00;21.7;2;NUAGEUX;5;36.4;0
Ernée;48.3;-0.93;27/09/2026;16:00;20.7;2;NUAGEUX;5;36.7;0
Ernée;48.3;-0.93;27/09/2026;17:00;18.9;2;NUAGEUX;3;35.6;0
Ernée;48.3;-0.93;27/09/2026;18:00;18.9;2;NUAGEUX;3;33.1;0
Ernée;48.3;-0.93;27/09/2026;19:00;18.9;2;NUAGEUX;3;29.2;0
Ernée;48.3;-0.93;27/09/2026;20:00;16.5;2;NUAGEUX;5;24.1;0
Ernée;48.3;-0.93;27/09/2026;21:00;15.5;2;NUAGEUX;5;17.6;0
Ernée;48.3;-0.93;27/09/2026;22:00;14.5;2;NUAGEUX;5;10.1;0
Ernée;48.3;-0.93;27/09/2026;23:00;15.4;7;PLUIE FAIBLE;3;4.7;0
Javron-les-Chapelles;48.41;-0.34;23/09/2026;00:00;13.2;0;SOLEIL;3;5.4;0
Javron-les-Chapelles;48.41;-0.34;23/09/2026;01:00;12.1;0;SOLEIL;1;4.3;0
Javron-les-Chapelles;48.41;-0.34;23/09/2026;02:00;11.4;0;SOLEIL;1;3.2;0
Javron-les-Chapelles;48.41;-0.34;23/09/2026;03:00;10.1;0;SOLEIL;1;2.2;0
Javron-les-Chapelles;48.41;-0.34;23/09/2026;04:00;9.6;0;SOLEIL;0;2.2;0
Javron-les-Chapelles;48.41;-0.34;23/09/2026;05:00;9.1;0;SOLEIL;0;1.4;0
Javron-les-Chapelles;48.41;-0.34;23/09/2026;06:00;8.9;5;SOLEIL VOILÉ;0;2.5;0
Javron-les-Chapelles;48.41;-0.34;23/09/2026;07:00;11.6;5;SOLEIL VOILÉ;0;1.4;0
Javron-les-Chapelles;48.41;-0.34;23/09/2026;08:00;14.2;5;SOLEIL VOILÉ;1;1.4;0
Javron-les-Chapelles;48.41;-0.34;23/09/2026;09:00;18.1;5;SOLEIL VOILÉ;1;1.4;0
Javron-les-Chapelles;48.41;-0.34;23/09/2026;10:00;21.7;5;SOLEIL VOILÉ;2;2.9;0
Javron-les-Chapelles;48.41;-0.34;23/09/2026;11:00;24;0;SOLEIL;3;5.0;0
Javron-les-Chapelles;48.41;-0.34;23/09/2026;12:00;24.4;0;SOLEIL;3;10.4;0
Javron-les-Chapelles;48.41;-0.34;23/09/2026;13:00;25.2;0;SOLEIL;3;10.1;0
Javron-les-Chapelles;48.41;-0.34;23/09/2026;14:00;26.4;0;SOLEIL;4;10.8;0
Javron-les-Chapelles;48.41;-0.34;23/09/2026;15:00;26.2;0;SOLEIL;4;15.5;0
Javron-les-Chapelles;48.41;-0.34;23/09/2026;16:00;26.1;0;SOLEIL;4;21.2;0
Javron-les-Chapelles;48.41;-0.34;23/09/2026;17:00;24.7;0;SOLEIL;4;27.7;0
Javron-les-Chapelles;48.41;-0.34;23/09/2026;18:00;21.9;0;SOLEIL;4;28.1;0
Javron-les-Chapelles;48.41;-0.34;23/09/2026;19:00;17.9;0;SOLEIL;5;24.8;0
Javron-les-Chapelles;48.41;-0.34;23/09/2026;20:00;15.7;5;SOLEIL VOILÉ;4;19.1;0
Javron-les-Chapelles;48.41;-0.34;23/09/2026;21:00;14.2;5;SOLEIL VOILÉ;4;16.6;0
Javron-les-Chapelles;48.41;-0.34;23/09/2026;22:00;13.1;5;SOLEIL VOILÉ;4;13.7;0
Javron-les-Chapelles;48.41;-0.34;23/09/2026;23:00;12.5;5;SOLEIL VOILÉ;3;9.4;0
Javron-les-Chapelles;48.41;-0.34;24/09/2026;00:00;12.1;5;SOLEIL VOILÉ;3;10.1;0
Javron-les-Chapelles;48.41;-0.34;24/09/2026;01:00;12.1;5;SOLEIL VOILÉ;3;10.1;0
Javron-les-Chapelles;48.41;-0.34;24/09/2026;02:00;11.1;5;SOLEIL VOILÉ;3;8.6;0
Javron-les-Chapelles;48.41;-0.34;24/09/2026;03:00;11.1;5;SOLEIL VOILÉ;3;7.5;0
Javron-les-Chapelles;48.41;-0.34;24/09/2026;04:00;11.1;5;SOLEIL VOILÉ;3;5.8;0
Javron-les-Chapelles;48.41;-0.34;24/09/2026;05:00;11.6;5;SOLEIL VOILÉ;3;6.3;0
Javron-les-Chapelles;48.41;-0.34;24/09/2026;06:00;11.6;5;SOLEIL VOILÉ;3;9.0;0
Javron-les-Chapelles;48.41;-0.34;24/09/2026;07:00;11.6;5;SOLEIL VOILÉ;3;9.0;0
Javron-les-Chapelles;48.41;-0.34;24/09/2026;08:00;18;5;SOLEIL VOILÉ;3;9.7;0
Javron-les-Chapelles;48.41;-0.34;24/09/2026;09:00;18;5;SOLEIL VOILÉ;3;10.4;0
Javron-les-Chapelles;48.41;-0.34;24/09/2026;10:00;18;5;SOLEIL VOILÉ;3;14.8;0
Javron-les-Chapelles;48.41;-0.34;24/09/2026;11:00;22.7;5;SOLEIL VOILÉ;3;23.8;0
Javron-les-Chapelles;48.41;-0.34;24/09/2026;12:00;22.7;5;SOLEIL VOILÉ;3;27.4;0
Javron-les-Chapelles;48.41;-0.34;24/09/2026;13:00;22.7;5;SOLEIL VOILÉ;3;27.7;0
Javron-les-Chapelles;48.41;-0.34;24/09/2026;14:00;23;5;SOLEIL VOILÉ;2;27.7;0
Javron-les-Chapelles;48.41;-0.34;24/09/2026;15:00;23;5;SOLEIL VOILÉ;2;26.6;0
Javron-les-Chapelles;48.41;-0.34;24/09/2026;16:00;23;5;SOLEIL VOILÉ;2;22.3;0
Javron-les-Chapelles;48.41;-0.34;24/09/2026;17:00;20.7;5;SOLEIL VOILÉ;2;19.4;0
Javron-les-Chapelles;48.41;-0.34;24/09/2026;18:00;20.7;5;SOLEIL VOILÉ;2;14.8;0
Javron-les-Chapelles;48.41;-0.34;24/09/2026;19:00;20.7;5;SOLEIL VOILÉ;2;12.2;0
Javron-les-Chapelles;48.41;-0.34;24/09/2026;20:00;15.2;5;SOLEIL VOILÉ;3;11.9;0
Javron-les-Chapelles;48.41;-0.34;24/09/2026;21:00;15.2;5;SOLEIL VOILÉ;3;11.2;0
Javron-les-Chapelles;48.41;-0.34;24/09/2026;22:00;15.2;5;SOLEIL VOILÉ;3;13.0;0
Javron-les-Chapelles;48.41;-0.34;24/09/2026;23:00;13.4;0;SOLEIL;3;13.7;0
Javron-les-Chapelles;48.41;-0.34;25/09/2026;00:00;13.4;0;SOLEIL;3;13.7;0
Javron-les-Chapelles;48.41;-0.34;25/09/2026;01:00;13.4;0;SOLEIL;3;14.0;0
Javron-les-Chapelles;48.41;-0.34;25/09/2026;02:00;11.5;0;SOLEIL;3;15.5;0
Javron-les-Chapelles;48.41;-0.34;25/09/2026;03:00;11.5;0;SOLEIL;3;16.9;0
Javron-les-Chapelles;48.41;-0.34;25/09/2026;04:00;11.5;0;SOLEIL;3;16.9;0
Javron-les-Chapelles;48.41;-0.34;25/09/2026;05:00;11.1;0;SOLEIL;3;16.9;0
Javron-les-Chapelles;48.41;-0.34;25/09/2026;06:00;11.1;0;SOLEIL;3;16.2;0
Javron-les-Chapelles;48.41;-0.34;25/09/2026;07:00;11.1;0;SOLEIL;3;15.1;0
Javron-les-Chapelles;48.41;-0.34;25/09/2026;08:00;19.2;0;SOLEIL;3;15.5;0
Javron-les-Chapelles;48.41;-0.34;25/09/2026;09:00;19.2;0;SOLEIL;3;19.1;0
Javron-les-Chapelles;48.41;-0.34;25/09/2026;10:00;19.2;0;SOLEIL;3;24.5;0
Javron-les-Chapelles;48.41;-0.34;25/09/2026;11:00;23.2;0;SOLEIL;3;28.1;0
Javron-les-Chapelles;48.41;-0.34;25/09/2026;12:00;23.2;0;SOLEIL;3;28.8;0
Javron-les-Chapelles;48.41;-0.34;25/09/2026;13:00;23.2;0;SOLEIL;3;28.1;0
Javron-les-Chapelles;48.41;-0.34;25/09/2026;14:00;25;0;SOLEIL;3;26.6;0
Javron-les-Chapelles;48.41;-0.34;25/09/2026;15:00;25;0;SOLEIL;3;25.2;0
Javron-les-Chapelles;48.41;-0.34;25/09/2026;16:00;25;0;SOLEIL;3;23.4;0
Javron-les-Chapelles;48.41;-0.34;25/09/2026;17:00;21.1;0;SOLEIL;2;21.2;0
Javron-les-Chapelles;48.41;-0.34;25/09/2026;18:00;21.1;0;SOLEIL;2;19.1;0
Javron-les-Chapelles;48.41;-0.34;25/09/2026;19:00;21.1;0;SOLEIL;2;16.6;0
Javron-les-Chapelles;48.41;-0.34;25/09/2026;20:00;16.9;0;SOLEIL;5;14.8;0
Javron-les-Chapelles;48.41;-0.34;25/09/2026;21:00;15.2;0;SOLEIL;5;14.0;0
Javron-les-Chapelles;48.41;-0.34;25/09/2026;22:00;13.5;0;SOLEIL;5;13.7;0
Javron-les-Chapelles;48.41;-0.34;25/09/2026;23:00;12;0;SOLEIL;3;13.7;0
Javron-les-Chapelles;48.41;-0.34;26/09/2026;00:00;12;0;SOLEIL;3;13.3;0
Javron-les-Chapelles;48.41;-0.34;26/09/2026;01:00;12;0;SOLEIL;3;13.0;0
Javron-les-Chapelles;48.41;-0.34;26/09/2026;02:00;9.9;0;SOLEIL;5;13.3;0
Javron-les-Chapelles;48.41;-0.34;26/09/2026;03:00;9.9;0;SOLEIL;5;15.5;0
Javron-les-Chapelles;48.41;-0.34;26/09/2026;04:00;9.9;0;SOLEIL;5;18.4;0
Javron-les-Chapelles;48.41;-0.34;26/09/2026;05:00;11;0;SOLEIL;3;20.2;0
Javron-les-Chapelles;48.41;-0.34;26/09/2026;06:00;11;0;SOLEIL;3;18.7;0
Javron-les-Chapelles;48.41;-0.34;26/09/2026;07:00;11;0;SOLEIL;3;15.8;0
Javron-les-Chapelles;48.41;-0.34;26/09/2026;08:00;13.0;0;SOLEIL;5;14.8;0
Javron-les-Chapelles;48.41;-0.34;26/09/2026;09:00;14.6;0;SOLEIL;5;17.3;0
Javron-les-Chapelles;48.41;-0.34;26/09/2026;10:00;16.1;0;SOLEIL;5;21.6;0
Javron-les-Chapelles;48.41;-0.34;26/09/2026;11:00;22.2;0;SOLEIL;3;24.5;0
Javron-les-Chapelles;48.41;-0.34;26/09/2026;12:00;22.2;0;SOLEIL;3;24.1;0
Javron-les-Chapelles;48.41;-0.34;26/09/2026;13:00;22.2;0;SOLEIL;3;22.0;0
Javron-les-Chapelles;48.41;-0.34;26/09/2026;14:00;22.3;0;SOLEIL;5;19.8;0
Javron-les-Chapelles;48.41;-0.34;26/09/2026;15:00;23.9;0;SOLEIL;5;18.0;0
Javron-les-Chapelles;48.41;-0.34;26/09/2026;16:00;22.3;0;SOLEIL;5;16.2;0
Javron-les-Chapelles;48.41;-0.34;26/09/2026;17:00;19.6;0;SOLEIL;2;15.1;0
Javron-les-Chapelles;48.41;-0.34;26/09/2026;18:00;19.6;0;SOLEIL;2;15.8;0
Javron-les-Chapelles;48.41;-0.34;26/09/2026;19:00;19.6;0;SOLEIL;2;17.3;0
Javron-les-Chapelles;48.41;-0.34;26/09/2026;20:00;16.1;0;SOLEIL;5;18.0;0
Javron-les-Chapelles;48.41;-0.34;26/09/2026;21:00;14.6;0;SOLEIL;5;16.6;0
Javron-les-Chapelles;48.41;-0.34;26/09/2026;22:00;13.0;0;SOLEIL;5;14.4;0
Javron-les-Chapelles;48.41;-0.34;26/09/2026;23:00;14.4;0;SOLEIL;3;13.0;0
Javron-les-Chapelles;48.41;-0.34;27/09/2026;00:00;14.4;0;SOLEIL;3;13.4;0
Javron-les-Chapelles;48.41;-0.34;27/09/2026;01:00;14.4;0;SOLEIL;3;13.7;0
Javron-les-Chapelles;48.41;-0.34;27/09/2026;02:00;11.7;7;PLUIE FAIBLE;5;13.7;0
Javron-les-Chapelles;48.41;-0.34;27/09/2026;03:00;11.7;7;PLUIE FAIBLE;5;14.0;0
Javron-les-Chapelles;48.41;-0.34;27/09/2026;04:00;11.7;7;PLUIE FAIBLE;5;14.4;0
Javron-les-Chapelles;48.41;-0.34;27/09/2026;05:00;12.7;2;NUAGEUX;3;14.8;0
Javron-les-Chapelles;48.41;-0.34;27/09/2026;06:00;12.7;2;NUAGEUX;3;14.0;0
Javron-les-Chapelles;48.41;-0.34;27/09/2026;07:00;12.7;2;NUAGEUX;3;12.6;0
Javron-les-Chapelles;48.41;-0.34;27/09/2026;08:00;13.9;7;PLUIE FAIBLE;5;13.0;0
Javron-les-Chapelles;48.41;-0.34;27/09/2026;09:00;14.9;7;PLUIE FAIBLE;5;15.5;0
Javron-les-Chapelles;48.41;-0.34;27/09/2026;10:00;16.0;7;PLUIE FAIBLE;5;19.4;0
Javron-les-Chapelles;48.41;-0.34;27/09/2026;11:00;20.6;2;NUAGEUX;4;23.4;0
Javron-les-Chapelles;48.41;-0.34;27/09/2026;12:00;20.6;2;NUAGEUX;4;27.4;0
Javron-les-Chapelles;48.41;-0.34;27/09/2026;13:00;20.6;2;NUAGEUX;4;31.0;0
Javron-les-Chapelles;48.41;-0.34;27/09/2026;14:00;20.3;7;PLUIE FAIBLE;5;33.8;0
Javron-les-Chapelles;48.41;-0.34;27/09/2026;15:00;21.4;7;PLUIE FAIBLE;5;35.3;0
Javron-les-Chapelles;48.41;-0.34;27/09/2026;16:00;20.3;7;PLUIE FAIBLE;5;35.3;0
Javron-les-Chapelles;48.41;-0.34;27/09/2026;17:00;18.6;7;PLUIE FAIBLE;3;34.6;0
Javron-les-Chapelles;48.41;-0.34;27/09/2026;18:00;18.6;7;PLUIE FAIBLE;3;32.8;0
Javron-les-Chapelles;48.41;-0.34;27/09/2026;19:00;18.6;7;PLUIE FAIBLE;3;30.2;0
Javron-les-Chapelles;48.41;-0.34;27/09/2026;20:00;16.0;7;PLUIE FAIBLE;5;26.3;0
Javron-les-Chapelles;48.41;-0.34;27/09/2026;21:00;14.9;7;PLUIE FAIBLE;5;20.5;0
Javron-les-Chapelles;48.41;-0.34;27/09/2026;22:00;13.9;7;PLUIE FAIBLE;5;13.7;0
Javron-les-Chapelles;48.41;-0.34;27/09/2026;23:00;14.7;7;PLUIE FAIBLE;3;8.3;0
Laval;48.07;-0.77;23/09/2026;00:00;15.4;0;SOLEIL;2;9.4;0
Laval;48.07;-0.77;23/09/2026;01:00;15.1;0;SOLEIL;2;8.3;0
Laval;48.07;-0.77;23/09/2026;02:00;14.1;0;SOLEIL;2;5.8;0
Laval;48.07;-0.77;23/09/2026;03:00;13.1;0;SOLEIL;2;5.4;0
Laval;48.07;-0.77;23/09/2026;04:00;12.9;0;SOLEIL;2;5.4;0
Laval;48.07;-0.77;23/09/2026;05:00;12.5;0;SOLEIL;2;5.8;0
Laval;48.07;-0.77;23/09/2026;06:00;12.4;0;SOLEIL;2;5.8;0
Laval;48.07;-0.77;23/09/2026;07:00;14.1;5;SOLEIL VOILÉ;2;5.0;0
Laval;48.07;-0.77;23/09/2026;08:00;16.7;5;SOLEIL VOILÉ;1;4.7;0
Laval;48.07;-0.77;23/09/2026;09:00;20.1;5;SOLEIL VOILÉ;1;5.0;0
Laval;48.07;-0.77;23/09/2026;10:00;21.9;5;SOLEIL VOILÉ;2;7.6;0
Laval;48.07;-0.77;23/09/2026;11:00;24.6;5;SOLEIL VOILÉ;3;10.4;0
Laval;48.07;-0.77;23/09/2026;12:00;26.4;0;SOLEIL;3;13.0;0
Laval;48.07;-0.77;23/09/2026;13:00;27.2;0;SOLEIL;2;9.4;0
Laval;48.07;-0.77;23/09/2026;14:00;27.7;0;SOLEIL;4;13.7;0
Laval;48.07;-0.77;23/09/2026;15:00;27.6;0;SOLEIL;4;16.6;0
Laval;48.07;-0.77;23/09/2026;16:00;27.4;0;SOLEIL;4;24.8;0
Laval;48.07;-0.77;23/09/2026;17:00;25.9;0;SOLEIL;5;31.7;0
Laval;48.07;-0.77;23/09/2026;18:00;24;0;SOLEIL;4;34.6;0
Laval;48.07;-0.77;23/09/2026;19:00;21.1;0;SOLEIL;4;31.7;0
Laval;48.07;-0.77;23/09/2026;20:00;19.7;0;SOLEIL;4;26.6;0
Laval;48.07;-0.77;23/09/2026;21:00;18.6;5;SOLEIL VOILÉ;4;28.4;0
Laval;48.07;-0.77;23/09/2026;22:00;17.2;0;SOLEIL;3;25.2;0
Laval;48.07;-0.77;23/09/2026;23:00;16.1;5;SOLEIL VOILÉ;3;20.9;0
Laval;48.07;-0.77;24/09/2026;00:00;15.4;5;SOLEIL VOILÉ;2;20.9;0
Laval;48.07;-0.77;24/09/2026;01:00;15.4;5;SOLEIL VOILÉ;2;18.7;0
Laval;48.07;-0.77;24/09/2026;02:00;13.5;5;SOLEIL VOILÉ;3;15.5;0
Laval;48.07;-0.77;24/09/2026;03:00;13.5;5;SOLEIL VOILÉ;3;14.6;0
Laval;48.07;-0.77;24/09/2026;04:00;13.5;5;SOLEIL VOILÉ;3;12.4;0
Laval;48.07;-0.77;24/09/2026;05:00;12.7;5;SOLEIL VOILÉ;2;7.9;0
Laval;48.07;-0.77;24/09/2026;06:00;12.7;5;SOLEIL VOILÉ;2;5.0;0
Laval;48.07;-0.77;24/09/2026;07:00;12.7;5;SOLEIL VOILÉ;2;5.4;0
Laval;48.07;-0.77;24/09/2026;08:00;18.2;5;SOLEIL VOILÉ;3;5.4;0
Laval;48.07;-0.77;24/09/2026;09:00;18.2;5;SOLEIL VOILÉ;3;5.0;0
Laval;48.07;-0.77;24/09/2026;10:00;18.2;5;SOLEIL VOILÉ;3;9.4;0
Laval;48.07;-0.77;24/09/2026;11:00;23.5;5;SOLEIL VOILÉ;3;23.4;0
Laval;48.07;-0.77;24/09/2026;12:00;23.5;5;SOLEIL VOILÉ;3;27.0;0
Laval;48.07;-0.77;24/09/2026;13:00;23.5;5;SOLEIL VOILÉ;3;27.0;0
Laval;48.07;-0.77;24/09/2026;14:00;25.4;5;SOLEIL VOILÉ;3;27.7;0
Laval;48.07;-0.77;24/09/2026;15:00;25.4;5;SOLEIL VOILÉ;3;27.7;0
Laval;48.07;-0.77;24/09/2026;16:00;25.4;5;SOLEIL VOILÉ;3;22.3;0
Laval;48.07;-0.77;24/09/2026;17:00;23.1;5;SOLEIL VOILÉ;2;19.8;0
Laval;48.07;-0.77;24/09/2026;18:00;23.1;5;SOLEIL VOILÉ;2;14.4;0
Laval;48.07;-0.77;24/09/2026;19:00;23.1;5;SOLEIL VOILÉ;2;11.5;0
Laval;48.07;-0.77;24/09/2026;20:00;18;5;SOLEIL VOILÉ;3;10.8;0
Laval;48.07;-0.77;24/09/2026;21:00;18;5;SOLEIL VOILÉ;3;6.5;0
Laval;48.07;-0.77;24/09/2026;22:00;18;5;SOLEIL VOILÉ;3;6.5;0
Laval;48.07;-0.77;24/09/2026;23:00;14.5;0;SOLEIL;3;6.5;0
Laval;48.07;-0.77;25/09/2026;00:00;14.5;0;SOLEIL;3;6.8;0
Laval;48.07;-0.77;25/09/2026;01:00;14.5;0;SOLEIL;3;6.8;0
Laval;48.07;-0.77;25/09/2026;02:00;12.1;0;SOLEIL;2;6.8;0
Laval;48.07;-0.77;25/09/2026;03:00;12.1;0;SOLEIL;2;8.3;0
Laval;48.07;-0.77;25/09/2026;04:00;12.1;0;SOLEIL;2;8.6;0
Laval;48.07;-0.77;25/09/2026;05:00;11.2;0;SOLEIL;2;8.6;0
Laval;48.07;-0.77;25/09/2026;06:00;11.2;0;SOLEIL;2;7.6;0
Laval;48.07;-0.77;25/09/2026;07:00;11.2;0;SOLEIL;2;7.6;0
Laval;48.07;-0.77;25/09/2026;08:00;19.1;0;SOLEIL;3;7.9;0
Laval;48.07;-0.77;25/09/2026;09:00;19.1;0;SOLEIL;3;12.6;0
Laval;48.07;-0.77;25/09/2026;10:00;19.1;0;SOLEIL;3;18.7;0
Laval;48.07;-0.77;25/09/2026;11:00;25.9;0;SOLEIL;3;23.8;0
Laval;48.07;-0.77;25/09/2026;12:00;25.9;0;SOLEIL;3;25.9;0
Laval;48.07;-0.77;25/09/2026;13:00;25.9;0;SOLEIL;3;26.6;0
Laval;48.07;-0.77;25/09/2026;14:00;26.9;0;SOLEIL;2;26.6;0
Laval;48.07;-0.77;25/09/2026;15:00;26.9;0;SOLEIL;2;25.6;0
Laval;48.07;-0.77;25/09/2026;16:00;26.9;0;SOLEIL;2;23.8;0
Laval;48.07;-0.77;25/09/2026;17:00;23.6;0;SOLEIL;2;22.3;0
Laval;48.07;-0.77;25/09/2026;18:00;23.6;0;SOLEIL;2;21.2;0
Laval;48.07;-0.77;25/09/2026;19:00;23.6;0;SOLEIL;2;20.5;0
Laval;48.07;-0.77;25/09/2026;20:00;18.5;0;SOLEIL;5;20.9;0
Laval;48.07;-0.77;25/09/2026;21:00;16.6;0;SOLEIL;5;23.0;0
Laval;48.07;-0.77;25/09/2026;22:00;14.7;0;SOLEIL;5;25.9;0
Laval;48.07;-0.77;25/09/2026;23:00;14.2;0;SOLEIL;2;28.1;0
Laval;48.07;-0.77;26/09/2026;00:00;14.2;0;SOLEIL;2;29.2;0
Laval;48.07;-0.77;26/09/2026;01:00;14.2;0;SOLEIL;2;29.5;0
Laval;48.07;-0.77;26/09/2026;02:00;11.1;0;SOLEIL;5;29.2;0
Laval;48.07;-0.77;26/09/2026;03:00;11.1;0;SOLEIL;5;27.4;0
Laval;48.07;-0.77;26/09/2026;04:00;11.1;0;SOLEIL;5;24.5;0
Laval;48.07;-0.77;26/09/2026;05:00;12.1;0;SOLEIL;2;22.3;0
Laval;48.07;-0.77;26/09/2026;06:00;12.1;0;SOLEIL;2;20.5;0
Laval;48.07;-0.77;26/09/2026;07:00;12.1;0;SOLEIL;2;19.1;0
Laval;48.07;-0.77;26/09/2026;08:00;14.4;0;SOLEIL;5;19.1;0
Laval;48.07;-0.77;26/09/2026;09:00;16.1;0;SOLEIL;5;21.6;0
Laval;48.07;-0.77;26/09/2026;10:00;17.8;0;SOLEIL;5;25.2;0
Laval;48.07;-0.77;26/09/2026;11:00;23.5;0;SOLEIL;3;27.0;0
Laval;48.07;-0.77;26/09/2026;12:00;23.5;0;SOLEIL;3;25.2;0
Laval;48.07;-0.77;26/09/2026;13:00;23.5;0;SOLEIL;3;21.2;0
Laval;48.07;-0.77;26/09/2026;14:00;24.4;0;SOLEIL;5;18.4;0
Laval;48.07;-0.77;26/09/2026;15:00;26.1;0;SOLEIL;5;17.6;0
Laval;48.07;-0.77;26/09/2026;16:00;24.4;0;SOLEIL;5;17.6;0
Laval;48.07;-0.77;26/09/2026;17:00;22.5;0;SOLEIL;3;16.9;0
Laval;48.07;-0.77;26/09/2026;18:00;22.5;0;SOLEIL;3;14.8;0
Laval;48.07;-0.77;26/09/2026;19:00;22.5;0;SOLEIL;3;11.5;0
Laval;48.07;-0.77;26/09/2026;20:00;17.8;0;SOLEIL;5;9.0;0
Laval;48.07;-0.77;26/09/2026;21:00;16.1;0;SOLEIL;5;7.6;0
Laval;48.07;-0.77;26/09/2026;22:00;14.4;0;SOLEIL;5;6.5;0
Laval;48.07;-0.77;26/09/2026;23:00;15.9;0;SOLEIL;2;5.8;0
Laval;48.07;-0.77;27/09/2026;00:00;15.9;0;SOLEIL;2;5.9;0
Laval;48.07;-0.77;27/09/2026;01:00;15.9;0;SOLEIL;2;6.5;0
Laval;48.07;-0.77;27/09/2026;02:00;12.9;2;NUAGEUX;5;6.8;0
Laval;48.07;-0.77;27/09/2026;03:00;12.9;2;NUAGEUX;5;7.2;0
Laval;48.07;-0.77;27/09/2026;04:00;12.9;2;NUAGEUX;5;7.6;0
Laval;48.07;-0.77;27/09/2026;05:00;13.6;2;NUAGEUX;2;7.6;0
Laval;48.07;-0.77;27/09/2026;06:00;13.6;2;NUAGEUX;2;6.8;0
Laval;48.07;-0.77;27/09/2026;07:00;13.6;2;NUAGEUX;2;6.1;0
Laval;48.07;-0.77;27/09/2026;08:00;15.3;2;NUAGEUX;5;7.2;0
Laval;48.07;-0.77;27/09/2026;09:00;16.5;2;NUAGEUX;5;11.2;0
Laval;48.07;-0.77;27/09/2026;10:00;17.7;2;NUAGEUX;5;16.9;0
Laval;48.07;-0.77;27/09/2026;11:00;22.6;2;NUAGEUX;3;22.0;0
Laval;48.07;-0.77;27/09/2026;12:00;22.6;2;NUAGEUX;3;25.6;0
Laval;48.07;-0.77;27/09/2026;13:00;22.6;2;NUAGEUX;3;28.1;0
Laval;48.07;-0.77;27/09/2026;14:00;22.5;2;NUAGEUX;5;30.2;0
Laval;48.07;-0.77;27/09/2026;15:00;23.7;2;NUAGEUX;5;32.0;0
Laval;48.07;-0.77;27/09/2026;16:00;22.5;2;NUAGEUX;5;32.8;0
Laval;48.07;-0.77;27/09/2026;17:00;21.1;7;PLUIE FAIBLE;3;32.8;0
Laval;48.07;-0.77;27/09/2026;18:00;21.1;7;PLUIE FAIBLE;3;31.3;0
Laval;48.07;-0.77;27/09/2026;19:00;21.1;7;PLUIE FAIBLE;3;29.2;0
Laval;48.07;-0.77;27/09/2026;20:00;17.7;2;NUAGEUX;5;25.2;0
Laval;48.07;-0.77;27/09/2026;21:00;16.5;2;NUAGEUX;5;18.7;0
Laval;48.07;-0.77;27/09/2026;22:00;15.3;2;NUAGEUX;5;10.4;0
Laval;48.07;-0.77;27/09/2026;23:00;16.6;6;AVERSES;2;4.7;0
La Ferté-Bernard;48.18;0.65;23/09/2026;00:00;14.4;0;SOLEIL;2;9.0;0
La Ferté-Bernard;48.18;0.65;23/09/2026;01:00;13.4;0;SOLEIL;2;8.6;0
La Ferté-Bernard;48.18;0.65;23/09/2026;02:00;12.1;0;SOLEIL;2;7.9;0
La Ferté-Bernard;48.18;0.65;23/09/2026;03:00;11.6;0;SOLEIL;2;8.3;0
La Ferté-Bernard;48.18;0.65;23/09/2026;04:00;11.4;0;SOLEIL;2;7.9;0
La Ferté-Bernard;48.18;0.65;23/09/2026;05:00;10.6;0;SOLEIL;2;7.6;0
La Ferté-Bernard;48.18;0.65;23/09/2026;06:00;10.2;0;SOLEIL;2;7.6;0
La Ferté-Bernard;48.18;0.65;23/09/2026;07:00;13.1;0;SOLEIL;2;7.2;0
La Ferté-Bernard;48.18;0.65;23/09/2026;08:00;16.5;5;SOLEIL VOILÉ;2;7.2;0
La Ferté-Bernard;48.18;0.65;23/09/2026;09:00;19.6;5;SOLEIL VOILÉ;2;6.8;0
La Ferté-Bernard;48.18;0.65;23/09/2026;10:00;23;5;SOLEIL VOILÉ;2;7.2;0
La Ferté-Bernard;48.18;0.65;23/09/2026;11:00;25.1;5;SOLEIL VOILÉ;2;9.7;0
La Ferté-Bernard;48.18;0.65;23/09/2026;12:00;25.7;5;SOLEIL VOILÉ;2;11.5;0
La Ferté-Bernard;48.18;0.65;23/09/2026;13:00;26.6;0;SOLEIL;2;12.2;0
La Ferté-Bernard;48.18;0.65;23/09/2026;14:00;27.2;0;SOLEIL;2;7.6;0
La Ferté-Bernard;48.18;0.65;23/09/2026;15:00;27.5;0;SOLEIL;3;11.5;0
La Ferté-Bernard;48.18;0.65;23/09/2026;16:00;27.5;0;SOLEIL;3;17.6;0
La Ferté-Bernard;48.18;0.65;23/09/2026;17:00;26.7;0;SOLEIL;4;21.2;0
La Ferté-Bernard;48.18;0.65;23/09/2026;18:00;24.7;0;SOLEIL;5;22.3;0
La Ferté-Bernard;48.18;0.65;23/09/2026;19:00;21.7;0;SOLEIL;5;20.9;0
La Ferté-Bernard;48.18;0.65;23/09/2026;20:00;19.1;0;SOLEIL;4;17.3;0
La Ferté-Bernard;48.18;0.65;23/09/2026;21:00;17;0;SOLEIL;4;17.6;0
La Ferté-Bernard;48.18;0.65;23/09/2026;22:00;15.6;0;SOLEIL;3;21.6;0
La Ferté-Bernard;48.18;0.65;23/09/2026;23:00;14.7;5;SOLEIL VOILÉ;3;19.4;0
La Ferté-Bernard;48.18;0.65;24/09/2026;00:00;14.4;5;SOLEIL VOILÉ;3;16.6;0
La Ferté-Bernard;48.18;0.65;24/09/2026;01:00;14.4;5;SOLEIL VOILÉ;3;15.8;0
La Ferté-Bernard;48.18;0.65;24/09/2026;02:00;12.7;5;SOLEIL VOILÉ;3;12.6;0
La Ferté-Bernard;48.18;0.65;24/09/2026;03:00;12.7;5;SOLEIL VOILÉ;3;10.6;0
La Ferté-Bernard;48.18;0.65;24/09/2026;04:00;12.7;5;SOLEIL VOILÉ;3;8.1;0
La Ferté-Bernard;48.18;0.65;24/09/2026;05:00;12.1;5;SOLEIL VOILÉ;3;7.4;0
La Ferté-Bernard;48.18;0.65;24/09/2026;06:00;12.1;5;SOLEIL VOILÉ;3;6.8;0
La Ferté-Bernard;48.18;0.65;24/09/2026;07:00;12.1;5;SOLEIL VOILÉ;3;8.6;0
La Ferté-Bernard;48.18;0.65;24/09/2026;08:00;18.2;5;SOLEIL VOILÉ;3;9.0;0
La Ferté-Bernard;48.18;0.65;24/09/2026;09:00;18.2;5;SOLEIL VOILÉ;3;8.3;0
La Ferté-Bernard;48.18;0.65;24/09/2026;10:00;18.2;5;SOLEIL VOILÉ;3;14.4;0
La Ferté-Bernard;48.18;0.65;24/09/2026;11:00;22.6;5;SOLEIL VOILÉ;3;22.3;0
La Ferté-Bernard;48.18;0.65;24/09/2026;12:00;22.6;5;SOLEIL VOILÉ;3;23.0;0
La Ferté-Bernard;48.18;0.65;24/09/2026;13:00;22.6;5;SOLEIL VOILÉ;3;23.0;0
La Ferté-Bernard;48.18;0.65;24/09/2026;14:00;22.6;5;SOLEIL VOILÉ;2;24.1;0
La Ferté-Bernard;48.18;0.65;24/09/2026;15:00;22.6;5;SOLEIL VOILÉ;2;23.8;0
La Ferté-Bernard;48.18;0.65;24/09/2026;16:00;22.6;5;SOLEIL VOILÉ;2;22.0;0
La Ferté-Bernard;48.18;0.65;24/09/2026;17:00;20.1;5;SOLEIL VOILÉ;3;19.4;0
La Ferté-Bernard;48.18;0.65;24/09/2026;18:00;20.1;5;SOLEIL VOILÉ;3;16.2;0
La Ferté-Bernard;48.18;0.65;24/09/2026;19:00;20.1;5;SOLEIL VOILÉ;3;15.1;0
La Ferté-Bernard;48.18;0.65;24/09/2026;20:00;15.1;5;SOLEIL VOILÉ;3;14.0;0
La Ferté-Bernard;48.18;0.65;24/09/2026;21:00;15.1;5;SOLEIL VOILÉ;3;9.4;0
La Ferté-Bernard;48.18;0.65;24/09/2026;22:00;15.1;5;SOLEIL VOILÉ;3;8.3;0
La Ferté-Bernard;48.18;0.65;24/09/2026;23:00;13.5;0;SOLEIL;3;7.6;0
La Ferté-Bernard;48.18;0.65;25/09/2026;00:00;13.5;0;SOLEIL;3;7.9;0
La Ferté-Bernard;48.18;0.65;25/09/2026;01:00;13.5;0;SOLEIL;3;7.9;0
La Ferté-Bernard;48.18;0.65;25/09/2026;02:00;11;0;SOLEIL;3;7.2;0
La Ferté-Bernard;48.18;0.65;25/09/2026;03:00;11;0;SOLEIL;3;7.2;0
La Ferté-Bernard;48.18;0.65;25/09/2026;04:00;11;0;SOLEIL;3;6.5;0
La Ferté-Bernard;48.18;0.65;25/09/2026;05:00;10.1;0;SOLEIL;3;6.8;0
La Ferté-Bernard;48.18;0.65;25/09/2026;06:00;10.1;0;SOLEIL;3;6.8;0
La Ferté-Bernard;48.18;0.65;25/09/2026;07:00;10.1;0;SOLEIL;3;6.1;0
La Ferté-Bernard;48.18;0.65;25/09/2026;08:00;18.6;0;SOLEIL;3;6.1;0
La Ferté-Bernard;48.18;0.65;25/09/2026;09:00;18.6;0;SOLEIL;3;9.7;0
La Ferté-Bernard;48.18;0.65;25/09/2026;10:00;18.6;0;SOLEIL;3;14.8;0
La Ferté-Bernard;48.18;0.65;25/09/2026;11:00;22.6;0;SOLEIL;3;18.7;0
La Ferté-Bernard;48.18;0.65;25/09/2026;12:00;22.6;0;SOLEIL;3;20.2;0
La Ferté-Bernard;48.18;0.65;25/09/2026;13:00;22.6;0;SOLEIL;3;20.5;0
La Ferté-Bernard;48.18;0.65;25/09/2026;14:00;24.1;0;SOLEIL;3;20.2;0
La Ferté-Bernard;48.18;0.65;25/09/2026;15:00;24.1;0;SOLEIL;3;19.8;0
La Ferté-Bernard;48.18;0.65;25/09/2026;16:00;24.1;0;SOLEIL;3;19.1;0
La Ferté-Bernard;48.18;0.65;25/09/2026;17:00;20.7;0;SOLEIL;2;17.6;0
La Ferté-Bernard;48.18;0.65;25/09/2026;18:00;20.7;0;SOLEIL;2;15.5;0
La Ferté-Bernard;48.18;0.65;25/09/2026;19:00;20.7;0;SOLEIL;2;13.0;0
La Ferté-Bernard;48.18;0.65;25/09/2026;20:00;16.0;0;SOLEIL;5;11.2;0
La Ferté-Bernard;48.18;0.65;25/09/2026;21:00;14.3;0;SOLEIL;5;10.4;0
La Ferté-Bernard;48.18;0.65;25/09/2026;22:00;12.5;0;SOLEIL;5;10.4;0
La Ferté-Bernard;48.18;0.65;25/09/2026;23:00;12.4;0;SOLEIL;3;10.4;0
La Ferté-Bernard;48.18;0.65;26/09/2026;00:00;12.4;0;SOLEIL;3;11.2;0
La Ferté-Bernard;48.18;0.65;26/09/2026;01:00;12.4;0;SOLEIL;3;11.9;0
La Ferté-Bernard;48.18;0.65;26/09/2026;02:00;9.6;0;SOLEIL;5;12.2;0
La Ferté-Bernard;48.18;0.65;26/09/2026;03:00;9.6;0;SOLEIL;5;11.2;0
La Ferté-Bernard;48.18;0.65;26/09/2026;04:00;9.6;0;SOLEIL;5;9.7;0
La Ferté-Bernard;48.18;0.65;26/09/2026;05:00;10.6;0;SOLEIL;2;8.6;0
La Ferté-Bernard;48.18;0.65;26/09/2026;06:00;10.6;0;SOLEIL;2;7.9;0
La Ferté-Bernard;48.18;0.65;26/09/2026;07:00;10.6;0;SOLEIL;2;7.9;0
La Ferté-Bernard;48.18;0.65;26/09/2026;08:00;13.1;0;SOLEIL;5;9.0;0
La Ferté-Bernard;48.18;0.65;26/09/2026;09:00;14.9;0;SOLEIL;5;13.0;0
La Ferté-Bernard;48.18;0.65;26/09/2026;10:00;16.6;0;SOLEIL;5;18.4;0
La Ferté-Bernard;48.18;0.65;26/09/2026;11:00;23.4;0;SOLEIL;3;22.3;0
La Ferté-Bernard;48.18;0.65;26/09/2026;12:00;23.4;0;SOLEIL;3;23.8;0
La Ferté-Bernard;48.18;0.65;26/09/2026;13:00;23.4;0;SOLEIL;3;23.8;0
La Ferté-Bernard;48.18;0.65;26/09/2026;14:00;23.6;0;SOLEIL;5;23.0;0
La Ferté-Bernard;48.18;0.65;26/09/2026;15:00;25.4;0;SOLEIL;5;21.6;0
La Ferté-Bernard;48.18;0.65;26/09/2026;16:00;23.6;0;SOLEIL;5;19.4;0
La Ferté-Bernard;48.18;0.65;26/09/2026;17:00;20.6;0;SOLEIL;2;17.3;0
La Ferté-Bernard;48.18;0.65;26/09/2026;18:00;20.6;0;SOLEIL;2;14.8;0
La Ferté-Bernard;48.18;0.65;26/09/2026;19:00;20.6;0;SOLEIL;2;11.9;0
La Ferté-Bernard;48.18;0.65;26/09/2026;20:00;16.6;0;SOLEIL;5;10.1;0
La Ferté-Bernard;48.18;0.65;26/09/2026;21:00;14.9;0;SOLEIL;5;10.4;0
La Ferté-Bernard;48.18;0.65;26/09/2026;22:00;13.1;0;SOLEIL;5;12.2;0
La Ferté-Bernard;48.18;0.65;26/09/2026;23:00;14.9;0;SOLEIL;3;13.0;0
La Ferté-Bernard;48.18;0.65;27/09/2026;00:00;14.9;0;SOLEIL;3;12.3;0
La Ferté-Bernard;48.18;0.65;27/09/2026;01:00;14.9;0;SOLEIL;3;11.9;0
La Ferté-Bernard;48.18;0.65;27/09/2026;02:00;12.1;2;NUAGEUX;5;12.6;0
La Ferté-Bernard;48.18;0.65;27/09/2026;03:00;12.1;2;NUAGEUX;5;12.6;0
La Ferté-Bernard;48.18;0.65;27/09/2026;04:00;12.1;2;NUAGEUX;5;11.2;0
La Ferté-Bernard;48.18;0.65;27/09/2026;05:00;13.2;2;NUAGEUX;2;9.7;0
La Ferté-Bernard;48.18;0.65;27/09/2026;06:00;13.2;2;NUAGEUX;2;9.0;0
La Ferté-Bernard;48.18;0.65;27/09/2026;07:00;13.2;2;NUAGEUX;2;9.0;0
La Ferté-Bernard;48.18;0.65;27/09/2026;08:00;14.7;2;NUAGEUX;5;9.4;0
La Ferté-Bernard;48.18;0.65;27/09/2026;09:00;16.0;2;NUAGEUX;5;10.8;0
La Ferté-Bernard;48.18;0.65;27/09/2026;10:00;17.3;2;NUAGEUX;5;13.0;0
La Ferté-Bernard;48.18;0.65;27/09/2026;11:00;22.7;2;NUAGEUX;3;15.5;0
La Ferté-Bernard;48.18;0.65;27/09/2026;12:00;22.7;2;NUAGEUX;3;18.0;0
La Ferté-Bernard;48.18;0.65;27/09/2026;13:00;22.7;2;NUAGEUX;3;20.9;0
La Ferté-Bernard;48.18;0.65;27/09/2026;14:00;22.4;2;NUAGEUX;5;23.0;0
La Ferté-Bernard;48.18;0.65;27/09/2026;15:00;23.7;2;NUAGEUX;5;24.8;0
La Ferté-Bernard;48.18;0.65;27/09/2026;16:00;22.4;2;NUAGEUX;5;26.3;0
La Ferté-Bernard;48.18;0.65;27/09/2026;17:00;20.1;2;NUAGEUX;2;26.3;0
La Ferté-Bernard;48.18;0.65;27/09/2026;18:00;20.1;2;NUAGEUX;2;24.1;0
La Ferté-Bernard;48.18;0.65;27/09/2026;19:00;20.1;2;NUAGEUX;2;20.9;0
La Ferté-Bernard;48.18;0.65;27/09/2026;20:00;17.3;2;NUAGEUX;5;18.0;0
La Ferté-Bernard;48.18;0.65;27/09/2026;21:00;16.0;2;NUAGEUX;5;15.8;0
La Ferté-Bernard;48.18;0.65;27/09/2026;22:00;14.7;2;NUAGEUX;5;13.7;0
La Ferté-Bernard;48.18;0.65;27/09/2026;23:00;16;2;NUAGEUX;3;11.9;0
La Flèche;47.7;-0.07;23/09/2026;00:00;16;0;SOLEIL;2;10.4;0
La Flèche;47.7;-0.07;23/09/2026;01:00;15.6;0;SOLEIL;2;9.4;0
La Flèche;47.7;-0.07;23/09/2026;02:00;15.1;0;SOLEIL;2;8.3;0
La Flèche;47.7;-0.07;23/09/2026;03:00;14.1;0;SOLEIL;2;7.9;0
La Flèche;47.7;-0.07;23/09/2026;04:00;14.6;0;SOLEIL;2;7.9;0
La Flèche;47.7;-0.07;23/09/2026;05:00;13.7;0;SOLEIL;2;7.2;0
La Flèche;47.7;-0.07;23/09/2026;06:00;13.4;0;SOLEIL;2;6.8;0
La Flèche;47.7;-0.07;23/09/2026;07:00;15.5;0;SOLEIL;2;6.5;0
La Flèche;47.7;-0.07;23/09/2026;08:00;17.7;0;SOLEIL;2;4.7;0
La Flèche;47.7;-0.07;23/09/2026;09:00;20.5;0;SOLEIL;2;4.3;0
La Flèche;47.7;-0.07;23/09/2026;10:00;23.6;5;SOLEIL VOILÉ;2;7.2;0
La Flèche;47.7;-0.07;23/09/2026;11:00;25.6;5;SOLEIL VOILÉ;2;13.0;0
La Flèche;47.7;-0.07;23/09/2026;12:00;26.7;5;SOLEIL VOILÉ;2;14.4;0
La Flèche;47.7;-0.07;23/09/2026;13:00;27.7;5;SOLEIL VOILÉ;2;11.2;0
La Flèche;47.7;-0.07;23/09/2026;14:00;28;0;SOLEIL;2;8.6;0
La Flèche;47.7;-0.07;23/09/2026;15:00;28.2;0;SOLEIL;2;7.9;0
La Flèche;47.7;-0.07;23/09/2026;16:00;28.1;0;SOLEIL;3;11.9;0
La Flèche;47.7;-0.07;23/09/2026;17:00;27.5;0;SOLEIL;4;16.9;0
La Flèche;47.7;-0.07;23/09/2026;18:00;25.7;0;SOLEIL;4;20.9;0
La Flèche;47.7;-0.07;23/09/2026;19:00;22.9;0;SOLEIL;4;20.5;0
La Flèche;47.7;-0.07;23/09/2026;20:00;20.5;0;SOLEIL;4;18.0;0
La Flèche;47.7;-0.07;23/09/2026;21:00;18.6;0;SOLEIL;4;16.6;0
La Flèche;47.7;-0.07;23/09/2026;22:00;18;0;SOLEIL;4;16.9;0
La Flèche;47.7;-0.07;23/09/2026;23:00;17.1;5;SOLEIL VOILÉ;4;15.1;0
La Flèche;47.7;-0.07;24/09/2026;00:00;16.5;5;SOLEIL VOILÉ;3;7.9;0
La Flèche;47.7;-0.07;24/09/2026;01:00;16.5;5;SOLEIL VOILÉ;3;6.5;0
La Flèche;47.7;-0.07;24/09/2026;02:00;13.9;5;SOLEIL VOILÉ;3;5.4;0
La Flèche;47.7;-0.07;24/09/2026;03:00;13.9;5;SOLEIL VOILÉ;3;6.4;0
La Flèche;47.7;-0.07;24/09/2026;04:00;13.9;5;SOLEIL VOILÉ;3;5.9;0
La Flèche;47.7;-0.07;24/09/2026;05:00;13.5;5;SOLEIL VOILÉ;3;5.8;0
La Flèche;47.7;-0.07;24/09/2026;06:00;13.5;5;SOLEIL VOILÉ;3;6.8;0
La Flèche;47.7;-0.07;24/09/2026;07:00;13.5;5;SOLEIL VOILÉ;3;7.2;0
La Flèche;47.7;-0.07;24/09/2026;08:00;19.2;5;SOLEIL VOILÉ;3;8.6;0
La Flèche;47.7;-0.07;24/09/2026;09:00;19.2;5;SOLEIL VOILÉ;3;9.0;0
La Flèche;47.7;-0.07;24/09/2026;10:00;19.2;5;SOLEIL VOILÉ;3;17.3;0
La Flèche;47.7;-0.07;24/09/2026;11:00;26.5;5;SOLEIL VOILÉ;3;22.0;0
La Flèche;47.7;-0.07;24/09/2026;12:00;26.5;5;SOLEIL VOILÉ;3;22.3;0
La Flèche;47.7;-0.07;24/09/2026;13:00;26.5;5;SOLEIL VOILÉ;3;24.8;0
La Flèche;47.7;-0.07;24/09/2026;14:00;25.7;5;SOLEIL VOILÉ;3;25.9;0
La Flèche;47.7;-0.07;24/09/2026;15:00;25.7;5;SOLEIL VOILÉ;3;25.2;0
La Flèche;47.7;-0.07;24/09/2026;16:00;25.7;5;SOLEIL VOILÉ;3;24.1;0
La Flèche;47.7;-0.07;24/09/2026;17:00;23.7;5;SOLEIL VOILÉ;2;19.8;0
La Flèche;47.7;-0.07;24/09/2026;18:00;23.7;5;SOLEIL VOILÉ;2;16.2;0
La Flèche;47.7;-0.07;24/09/2026;19:00;23.7;5;SOLEIL VOILÉ;2;13.3;0
La Flèche;47.7;-0.07;24/09/2026;20:00;18.5;5;SOLEIL VOILÉ;3;11.5;0
La Flèche;47.7;-0.07;24/09/2026;21:00;18.5;5;SOLEIL VOILÉ;3;10.4;0
La Flèche;47.7;-0.07;24/09/2026;22:00;18.5;5;SOLEIL VOILÉ;3;10.8;0
La Flèche;47.7;-0.07;24/09/2026;23:00;15.9;0;SOLEIL;3;11.2;0
La Flèche;47.7;-0.07;25/09/2026;00:00;15.9;0;SOLEIL;3;11.2;0
La Flèche;47.7;-0.07;25/09/2026;01:00;15.9;0;SOLEIL;3;11.9;0
La Flèche;47.7;-0.07;25/09/2026;02:00;14.2;0;SOLEIL;2;11.5;0
La Flèche;47.7;-0.07;25/09/2026;03:00;14.2;0;SOLEIL;2;11.2;0
La Flèche;47.7;-0.07;25/09/2026;04:00;14.2;0;SOLEIL;2;10.4;0
La Flèche;47.7;-0.07;25/09/2026;05:00;13;0;SOLEIL;3;10.8;0
La Flèche;47.7;-0.07;25/09/2026;06:00;13;0;SOLEIL;3;10.4;0
La Flèche;47.7;-0.07;25/09/2026;07:00;13;0;SOLEIL;3;8.6;0
La Flèche;47.7;-0.07;25/09/2026;08:00;19.1;0;SOLEIL;3;8.3;0
La Flèche;47.7;-0.07;25/09/2026;09:00;19.1;0;SOLEIL;3;12.2;0
La Flèche;47.7;-0.07;25/09/2026;10:00;19.1;0;SOLEIL;3;17.6;0
La Flèche;47.7;-0.07;25/09/2026;11:00;24.6;0;SOLEIL;3;21.2;0
La Flèche;47.7;-0.07;25/09/2026;12:00;24.6;0;SOLEIL;3;21.2;0
La Flèche;47.7;-0.07;25/09/2026;13:00;24.6;0;SOLEIL;3;19.1;0
La Flèche;47.7;-0.07;25/09/2026;14:00;26.1;0;SOLEIL;2;17.6;0
La Flèche;47.7;-0.07;25/09/2026;15:00;26.1;0;SOLEIL;2;18.0;0
La Flèche;47.7;-0.07;25/09/2026;16:00;26.1;0;SOLEIL;2;18.7;0
La Flèche;47.7;-0.07;25/09/2026;17:00;24.5;0;SOLEIL;2;18.7;0
La Flèche;47.7;-0.07;25/09/2026;18:00;24.5;0;SOLEIL;2;16.2;0
La Flèche;47.7;-0.07;25/09/2026;19:00;24.5;0;SOLEIL;2;12.6;0
La Flèche;47.7;-0.07;25/09/2026;20:00;18.4;0;SOLEIL;5;11.5;0
La Flèche;47.7;-0.07;25/09/2026;21:00;16.8;0;SOLEIL;5;15.1;0
La Flèche;47.7;-0.07;25/09/2026;22:00;15.3;0;SOLEIL;5;20.9;0
La Flèche;47.7;-0.07;25/09/2026;23:00;15.5;0;SOLEIL;2;24.8;0
La Flèche;47.7;-0.07;26/09/2026;00:00;15.5;0;SOLEIL;2;24.1;0
La Flèche;47.7;-0.07;26/09/2026;01:00;15.5;0;SOLEIL;2;21.6;0
La Flèche;47.7;-0.07;26/09/2026;02:00;10;0;SOLEIL;5;19.4;0
La Flèche;47.7;-0.07;26/09/2026;03:00;10;0;SOLEIL;5;19.1;0
La Flèche;47.7;-0.07;26/09/2026;04:00;10;0;SOLEIL;5;19.4;0
La Flèche;47.7;-0.07;26/09/2026;05:00;10.7;0;SOLEIL;2;19.4;0
La Flèche;47.7;-0.07;26/09/2026;06:00;10.7;0;SOLEIL;2;19.1;0
La Flèche;47.7;-0.07;26/09/2026;07:00;10.7;0;SOLEIL;2;18.4;0
La Flèche;47.7;-0.07;26/09/2026;08:00;13.9;0;SOLEIL;5;18.4;0
La Flèche;47.7;-0.07;26/09/2026;09:00;15.9;0;SOLEIL;5;19.8;0
La Flèche;47.7;-0.07;26/09/2026;10:00;17.8;0;SOLEIL;5;21.2;0
La Flèche;47.7;-0.07;26/09/2026;11:00;25.2;0;SOLEIL;2;22.0;0
La Flèche;47.7;-0.07;26/09/2026;12:00;25.2;0;SOLEIL;2;19.8;0
La Flèche;47.7;-0.07;26/09/2026;13:00;25.2;0;SOLEIL;2;16.6;0
La Flèche;47.7;-0.07;26/09/2026;14:00;25.6;0;SOLEIL;5;14.4;0
La Flèche;47.7;-0.07;26/09/2026;15:00;27.6;0;SOLEIL;5;14.8;0
La Flèche;47.7;-0.07;26/09/2026;16:00;25.6;0;SOLEIL;5;15.8;0
La Flèche;47.7;-0.07;26/09/2026;17:00;22;0;SOLEIL;2;15.8;0
La Flèche;47.7;-0.07;26/09/2026;18:00;22;0;SOLEIL;2;13.3;0
La Flèche;47.7;-0.07;26/09/2026;19:00;22;0;SOLEIL;2;10.1;0
La Flèche;47.7;-0.07;26/09/2026;20:00;17.8;0;SOLEIL;5;7.2;0
La Flèche;47.7;-0.07;26/09/2026;21:00;15.9;0;SOLEIL;5;5.8;0
La Flèche;47.7;-0.07;26/09/2026;22:00;13.9;0;SOLEIL;5;5.4;0
La Flèche;47.7;-0.07;26/09/2026;23:00;15.1;0;SOLEIL;2;5.0;0
La Flèche;47.7;-0.07;27/09/2026;00:00;15.1;0;SOLEIL;2;4.9;0
La Flèche;47.7;-0.07;27/09/2026;01:00;15.1;0;SOLEIL;2;5.0;0
La Flèche;47.7;-0.07;27/09/2026;02:00;12.1;2;NUAGEUX;5;5.6;0
La Flèche;47.7;-0.07;27/09/2026;03:00;12.1;2;NUAGEUX;5;6.5;0
La Flèche;47.7;-0.07;27/09/2026;04:00;12.1;2;NUAGEUX;5;7.2;0
La Flèche;47.7;-0.07;27/09/2026;05:00;13.1;2;NUAGEUX;2;7.6;0
La Flèche;47.7;-0.07;27/09/2026;06:00;13.1;2;NUAGEUX;2;6.8;0
La Flèche;47.7;-0.07;27/09/2026;07:00;13.1;2;NUAGEUX;2;6.1;0
La Flèche;47.7;-0.07;27/09/2026;08:00;15.0;2;NUAGEUX;5;6.1;0
La Flèche;47.7;-0.07;27/09/2026;09:00;16.4;2;NUAGEUX;5;7.6;0
La Flèche;47.7;-0.07;27/09/2026;10:00;17.9;2;NUAGEUX;5;10.1;0
La Flèche;47.7;-0.07;27/09/2026;11:00;24.1;2;NUAGEUX;3;13.0;0
La Flèche;47.7;-0.07;27/09/2026;12:00;24.1;2;NUAGEUX;3;17.3;0
La Flèche;47.7;-0.07;27/09/2026;13:00;24.1;2;NUAGEUX;3;22.3;0
La Flèche;47.7;-0.07;27/09/2026;14:00;23.7;2;NUAGEUX;5;25.9;0
La Flèche;47.7;-0.07;27/09/2026;15:00;25.1;2;NUAGEUX;5;27.4;0
La Flèche;47.7;-0.07;27/09/2026;16:00;23.7;2;NUAGEUX;5;27.4;0
La Flèche;47.7;-0.07;27/09/2026;17:00;22;2;NUAGEUX;3;27.4;0
La Flèche;47.7;-0.07;27/09/2026;18:00;22;2;NUAGEUX;3;28.1;0
La Flèche;47.7;-0.07;27/09/2026;19:00;22;2;NUAGEUX;3;28.8;0
La Flèche;47.7;-0.07;27/09/2026;20:00;17.9;2;NUAGEUX;5;27.4;0
La Flèche;47.7;-0.07;27/09/2026;21:00;16.4;2;NUAGEUX;5;21.6;0
La Flèche;47.7;-0.07;27/09/2026;22:00;15.0;2;NUAGEUX;5;14.0;0
La Flèche;47.7;-0.07;27/09/2026;23:00;16.4;7;PLUIE FAIBLE;2;8.6;0
Le Mans;48.0;0.19;23/09/2026;00:00;15.2;0;SOLEIL;2;13.7;0
Le Mans;48.0;0.19;23/09/2026;01:00;14.1;0;SOLEIL;2;13.0;0
Le Mans;48.0;0.19;23/09/2026;02:00;13.9;0;SOLEIL;2;11.9;0
Le Mans;48.0;0.19;23/09/2026;03:00;12.4;0;SOLEIL;2;10.8;0
Le Mans;48.0;0.19;23/09/2026;04:00;12.1;0;SOLEIL;2;10.8;0
Le Mans;48.0;0.19;23/09/2026;05:00;12.1;0;SOLEIL;2;10.8;0
Le Mans;48.0;0.19;23/09/2026;06:00;11.4;0;SOLEIL;2;10.1;0
Le Mans;48.0;0.19;23/09/2026;07:00;13.1;0;SOLEIL;2;9.0;0
Le Mans;48.0;0.19;23/09/2026;08:00;16.2;5;SOLEIL VOILÉ;2;7.6;0
Le Mans;48.0;0.19;23/09/2026;09:00;19.1;5;SOLEIL VOILÉ;1;7.6;0
Le Mans;48.0;0.19;23/09/2026;10:00;22.6;5;SOLEIL VOILÉ;2;10.1;0
Le Mans;48.0;0.19;23/09/2026;11:00;24.6;5;SOLEIL VOILÉ;2;13.7;0
Le Mans;48.0;0.19;23/09/2026;12:00;25.6;5;SOLEIL VOILÉ;2;13.0;0
Le Mans;48.0;0.19;23/09/2026;13:00;26.6;0;SOLEIL;2;12.2;0
Le Mans;48.0;0.19;23/09/2026;14:00;26.9;0;SOLEIL;2;7.9;0
Le Mans;48.0;0.19;23/09/2026;15:00;27.5;0;SOLEIL;2;8.6;0
Le Mans;48.0;0.19;23/09/2026;16:00;27.7;0;SOLEIL;3;10.1;0
Le Mans;48.0;0.19;23/09/2026;17:00;27.1;0;SOLEIL;4;18.0;0
Le Mans;48.0;0.19;23/09/2026;18:00;25.1;0;SOLEIL;4;25.9;0
Le Mans;48.0;0.19;23/09/2026;19:00;22.6;0;SOLEIL;5;26.6;0
Le Mans;48.0;0.19;23/09/2026;20:00;20.4;0;SOLEIL;5;22.7;0
Le Mans;48.0;0.19;23/09/2026;21:00;18.7;0;SOLEIL;4;19.8;0
Le Mans;48.0;0.19;23/09/2026;22:00;17.5;0;SOLEIL;4;20.9;0
Le Mans;48.0;0.19;23/09/2026;23:00;16.5;5;SOLEIL VOILÉ;3;20.5;0
Le Mans;48.0;0.19;24/09/2026;00:00;15.6;5;SOLEIL VOILÉ;3;18.4;0
Le Mans;48.0;0.19;24/09/2026;01:00;15.6;5;SOLEIL VOILÉ;3;16.2;0
Le Mans;48.0;0.19;24/09/2026;02:00;13.1;5;SOLEIL VOILÉ;3;14.8;0
Le Mans;48.0;0.19;24/09/2026;03:00;13.1;5;SOLEIL VOILÉ;3;14.5;0
Le Mans;48.0;0.19;24/09/2026;04:00;13.1;5;SOLEIL VOILÉ;3;12.8;0
Le Mans;48.0;0.19;24/09/2026;05:00;12.9;5;SOLEIL VOILÉ;3;9.1;0
Le Mans;48.0;0.19;24/09/2026;06:00;12.9;5;SOLEIL VOILÉ;3;7.6;0
Le Mans;48.0;0.19;24/09/2026;07:00;12.9;5;SOLEIL VOILÉ;3;9.7;0
Le Mans;48.0;0.19;24/09/2026;08:00;18.6;5;SOLEIL VOILÉ;3;9.7;0
Le Mans;48.0;0.19;24/09/2026;09:00;18.6;5;SOLEIL VOILÉ;3;8.3;0
Le Mans;48.0;0.19;24/09/2026;10:00;18.6;5;SOLEIL VOILÉ;3;16.2;0
Le Mans;48.0;0.19;24/09/2026;11:00;24.7;5;SOLEIL VOILÉ;3;20.9;0
Le Mans;48.0;0.19;24/09/2026;12:00;24.7;5;SOLEIL VOILÉ;3;24.5;0
Le Mans;48.0;0.19;24/09/2026;13:00;24.7;5;SOLEIL VOILÉ;3;25.9;0
Le Mans;48.0;0.19;24/09/2026;14:00;24.5;5;SOLEIL VOILÉ;3;25.9;0
Le Mans;48.0;0.19;24/09/2026;15:00;24.5;5;SOLEIL VOILÉ;3;24.8;0
Le Mans;48.0;0.19;24/09/2026;16:00;24.5;5;SOLEIL VOILÉ;3;23.4;0
Le Mans;48.0;0.19;24/09/2026;17:00;22.1;5;SOLEIL VOILÉ;3;18.7;0
Le Mans;48.0;0.19;24/09/2026;18:00;22.1;5;SOLEIL VOILÉ;3;15.8;0
Le Mans;48.0;0.19;24/09/2026;19:00;22.1;5;SOLEIL VOILÉ;3;14.8;0
Le Mans;48.0;0.19;24/09/2026;20:00;17;5;SOLEIL VOILÉ;3;12.6;0
Le Mans;48.0;0.19;24/09/2026;21:00;17;5;SOLEIL VOILÉ;3;10.1;0
Le Mans;48.0;0.19;24/09/2026;22:00;17;5;SOLEIL VOILÉ;3;10.1;0
Le Mans;48.0;0.19;24/09/2026;23:00;14.6;0;SOLEIL;3;10.8;0
Le Mans;48.0;0.19;25/09/2026;00:00;14.6;0;SOLEIL;3;10.8;0
Le Mans;48.0;0.19;25/09/2026;01:00;14.6;0;SOLEIL;3;9.7;0
Le Mans;48.0;0.19;25/09/2026;02:00;12.6;0;SOLEIL;2;9.7;0
Le Mans;48.0;0.19;25/09/2026;03:00;12.6;0;SOLEIL;2;8.6;0
Le Mans;48.0;0.19;25/09/2026;04:00;12.6;0;SOLEIL;2;8.6;0
Le Mans;48.0;0.19;25/09/2026;05:00;11.4;0;SOLEIL;2;7.6;0
Le Mans;48.0;0.19;25/09/2026;06:00;11.4;0;SOLEIL;2;7.9;0
Le Mans;48.0;0.19;25/09/2026;07:00;11.4;0;SOLEIL;2;8.3;0
Le Mans;48.0;0.19;25/09/2026;08:00;18.9;0;SOLEIL;2;8.3;0
Le Mans;48.0;0.19;25/09/2026;09:00;18.9;0;SOLEIL;2;11.2;0
Le Mans;48.0;0.19;25/09/2026;10:00;18.9;0;SOLEIL;2;14.8;0
Le Mans;48.0;0.19;25/09/2026;11:00;24.1;0;SOLEIL;3;17.3;0
Le Mans;48.0;0.19;25/09/2026;12:00;24.1;0;SOLEIL;3;18.0;0
Le Mans;48.0;0.19;25/09/2026;13:00;24.1;0;SOLEIL;3;18.0;0
Le Mans;48.0;0.19;25/09/2026;14:00;25.6;0;SOLEIL;3;17.6;0
Le Mans;48.0;0.19;25/09/2026;15:00;25.6;0;SOLEIL;3;18.0;0
Le Mans;48.0;0.19;25/09/2026;16:00;25.6;0;SOLEIL;3;18.0;0
Le Mans;48.0;0.19;25/09/2026;17:00;22.1;0;SOLEIL;2;17.6;0
Le Mans;48.0;0.19;25/09/2026;18:00;22.1;0;SOLEIL;2;15.5;0
Le Mans;48.0;0.19;25/09/2026;19:00;22.1;0;SOLEIL;2;12.6;0
Le Mans;48.0;0.19;25/09/2026;20:00;17.7;0;SOLEIL;5;11.9;0
Le Mans;48.0;0.19;25/09/2026;21:00;16.0;0;SOLEIL;5;15.8;0
Le Mans;48.0;0.19;25/09/2026;22:00;14.3;0;SOLEIL;5;21.6;0
Le Mans;48.0;0.19;25/09/2026;23:00;13.6;0;SOLEIL;2;25.6;0
Le Mans;48.0;0.19;26/09/2026;00:00;13.6;0;SOLEIL;2;24.8;0
Le Mans;48.0;0.19;26/09/2026;01:00;13.6;0;SOLEIL;2;22.0;0
Le Mans;48.0;0.19;26/09/2026;02:00;10.2;0;SOLEIL;5;19.1;0
Le Mans;48.0;0.19;26/09/2026;03:00;10.2;0;SOLEIL;5;16.6;0
Le Mans;48.0;0.19;26/09/2026;04:00;10.2;0;SOLEIL;5;14.4;0
Le Mans;48.0;0.19;26/09/2026;05:00;11.1;0;SOLEIL;2;12.6;0
Le Mans;48.0;0.19;26/09/2026;06:00;11.1;0;SOLEIL;2;11.9;0
Le Mans;48.0;0.19;26/09/2026;07:00;11.1;0;SOLEIL;2;12.2;0
Le Mans;48.0;0.19;26/09/2026;08:00;13.8;0;SOLEIL;5;13.3;0
Le Mans;48.0;0.19;26/09/2026;09:00;15.6;0;SOLEIL;5;16.2;0
Le Mans;48.0;0.19;26/09/2026;10:00;17.4;0;SOLEIL;5;19.8;0
Le Mans;48.0;0.19;26/09/2026;11:00;24.4;0;SOLEIL;3;22.0;0
Le Mans;48.0;0.19;26/09/2026;12:00;24.4;0;SOLEIL;3;21.2;0
Le Mans;48.0;0.19;26/09/2026;13:00;24.4;0;SOLEIL;3;18.7;0
Le Mans;48.0;0.19;26/09/2026;14:00;24.6;0;SOLEIL;5;16.6;0
Le Mans;48.0;0.19;26/09/2026;15:00;26.4;0;SOLEIL;5;15.1;0
Le Mans;48.0;0.19;26/09/2026;16:00;24.6;0;SOLEIL;5;13.7;0
Le Mans;48.0;0.19;26/09/2026;17:00;22.1;0;SOLEIL;2;12.2;0
Le Mans;48.0;0.19;26/09/2026;18:00;22.1;0;SOLEIL;2;10.8;0
Le Mans;48.0;0.19;26/09/2026;19:00;22.1;0;SOLEIL;2;9.4;0
Le Mans;48.0;0.19;26/09/2026;20:00;17.4;0;SOLEIL;5;8.6;0
Le Mans;48.0;0.19;26/09/2026;21:00;15.6;0;SOLEIL;5;8.6;0
Le Mans;48.0;0.19;26/09/2026;22:00;13.8;0;SOLEIL;5;9.4;0
Le Mans;48.0;0.19;26/09/2026;23:00;15.6;0;SOLEIL;2;10.1;0
Le Mans;48.0;0.19;27/09/2026;00:00;15.6;0;SOLEIL;2;10.2;0
Le Mans;48.0;0.19;27/09/2026;01:00;15.6;0;SOLEIL;2;10.4;0
Le Mans;48.0;0.19;27/09/2026;02:00;13.1;2;NUAGEUX;5;10.3;0
Le Mans;48.0;0.19;27/09/2026;03:00;13.1;2;NUAGEUX;5;9.4;0
Le Mans;48.0;0.19;27/09/2026;04:00;13.1;2;NUAGEUX;5;7.9;0
Le Mans;48.0;0.19;27/09/2026;05:00;14;2;NUAGEUX;2;6.8;0
Le Mans;48.0;0.19;27/09/2026;06:00;14;2;NUAGEUX;2;5.8;0
Le Mans;48.0;0.19;27/09/2026;07:00;14;2;NUAGEUX;2;4.7;0
Le Mans;48.0;0.19;27/09/2026;08:00;15.6;2;NUAGEUX;5;5.4;0
Le Mans;48.0;0.19;27/09/2026;09:00;16.9;2;NUAGEUX;5;8.6;0
Le Mans;48.0;0.19;27/09/2026;10:00;18.2;2;NUAGEUX;5;13.3;0
Le Mans;48.0;0.19;27/09/2026;11:00;23.4;2;NUAGEUX;3;17.6;0
Le Mans;48.0;0.19;27/09/2026;12:00;23.4;2;NUAGEUX;3;20.9;0
Le Mans;48.0;0.19;27/09/2026;13:00;23.4;2;NUAGEUX;3;23.4;0
Le Mans;48.0;0.19;27/09/2026;14:00;23.2;2;NUAGEUX;5;25.6;0
Le Mans;48.0;0.19;27/09/2026;15:00;24.5;2;NUAGEUX;5;27.0;0
Le Mans;48.0;0.19;27/09/2026;16:00;23.2;2;NUAGEUX;5;28.1;0
Le Mans;48.0;0.19;27/09/2026;17:00;21.7;2;NUAGEUX;3;28.1;0
Le Mans;48.0;0.19;27/09/2026;18:00;21.7;2;NUAGEUX;3;26.3;0
Le Mans;48.0;0.19;27/09/2026;19:00;21.7;2;NUAGEUX;3;23.4;0
Le Mans;48.0;0.19;27/09/2026;20:00;18.2;2;NUAGEUX;5;20.5;0
Le Mans;48.0;0.19;27/09/2026;21:00;16.9;2;NUAGEUX;5;17.3;0
Le Mans;48.0;0.19;27/09/2026;22:00;15.6;2;NUAGEUX;5;14.0;0
Le Mans;48.0;0.19;27/09/2026;23:00;16.7;2;NUAGEUX;3;11.2;0
Mamers;48.35;0.37;23/09/2026;00:00;14.9;0;SOLEIL;2;9.0;0
Mamers;48.35;0.37;23/09/2026;01:00;14.5;0;SOLEIL;3;9.0;0
Mamers;48.35;0.37;23/09/2026;02:00;14.4;0;SOLEIL;3;8.3;0
Mamers;48.35;0.37;23/09/2026;03:00;13.1;0;SOLEIL;3;7.9;0
Mamers;48.35;0.37;23/09/2026;04:00;13.6;0;SOLEIL;3;7.9;0
Mamers;48.35;0.37;23/09/2026;05:00;12.6;0;SOLEIL;3;7.9;0
Mamers;48.35;0.37;23/09/2026;06:00;11.9;0;SOLEIL;3;7.6;0
Mamers;48.35;0.37;23/09/2026;07:00;14.6;5;SOLEIL VOILÉ;2;7.6;0
Mamers;48.35;0.37;23/09/2026;08:00;16.6;5;SOLEIL VOILÉ;2;7.2;0
Mamers;48.35;0.37;23/09/2026;09:00;19.1;5;SOLEIL VOILÉ;2;7.6;0
Mamers;48.35;0.37;23/09/2026;10:00;21.7;5;SOLEIL VOILÉ;2;6.8;0
Mamers;48.35;0.37;23/09/2026;11:00;23.9;5;SOLEIL VOILÉ;3;8.3;0
Mamers;48.35;0.37;23/09/2026;12:00;25.4;0;SOLEIL;3;9.7;0
Mamers;48.35;0.37;23/09/2026;13:00;26.5;0;SOLEIL;2;9.7;0
Mamers;48.35;0.37;23/09/2026;14:00;27;0;SOLEIL;3;10.8;0
Mamers;48.35;0.37;23/09/2026;15:00;27.1;0;SOLEIL;3;14.0;0
Mamers;48.35;0.37;23/09/2026;16:00;27.1;0;SOLEIL;4;17.3;0
Mamers;48.35;0.37;23/09/2026;17:00;26.2;0;SOLEIL;5;20.2;0
Mamers;48.35;0.37;23/09/2026;18:00;23.1;0;SOLEIL;5;24.8;0
Mamers;48.35;0.37;23/09/2026;19:00;20.2;0;SOLEIL;5;28.1;0
Mamers;48.35;0.37;23/09/2026;20:00;18.4;0;SOLEIL;5;22.0;0
Mamers;48.35;0.37;23/09/2026;21:00;17;0;SOLEIL;5;29.9;0
Mamers;48.35;0.37;23/09/2026;22:00;16;0;SOLEIL;4;29.9;0
Mamers;48.35;0.37;23/09/2026;23:00;15.1;5;SOLEIL VOILÉ;4;26.6;0
Mamers;48.35;0.37;24/09/2026;00:00;14.6;5;SOLEIL VOILÉ;4;23.4;0
Mamers;48.35;0.37;24/09/2026;01:00;14.6;5;SOLEIL VOILÉ;4;23.4;0
Mamers;48.35;0.37;24/09/2026;02:00;12.9;5;SOLEIL VOILÉ;3;20.5;0
Mamers;48.35;0.37;24/09/2026;03:00;12.9;5;SOLEIL VOILÉ;3;18.8;0
Mamers;48.35;0.37;24/09/2026;04:00;12.9;5;SOLEIL VOILÉ;3;15.5;0
Mamers;48.35;0.37;24/09/2026;05:00;12;5;SOLEIL VOILÉ;3;15.2;0
Mamers;48.35;0.37;24/09/2026;06:00;12;5;SOLEIL VOILÉ;3;10.8;0
Mamers;48.35;0.37;24/09/2026;07:00;12;5;SOLEIL VOILÉ;3;9.4;0
Mamers;48.35;0.37;24/09/2026;08:00;18;5;SOLEIL VOILÉ;3;9.0;0
Mamers;48.35;0.37;24/09/2026;09:00;18;5;SOLEIL VOILÉ;3;10.8;0
Mamers;48.35;0.37;24/09/2026;10:00;18;5;SOLEIL VOILÉ;3;15.1;0
Mamers;48.35;0.37;24/09/2026;11:00;22.2;5;SOLEIL VOILÉ;2;21.6;0
Mamers;48.35;0.37;24/09/2026;12:00;22.2;5;SOLEIL VOILÉ;2;22.0;0
Mamers;48.35;0.37;24/09/2026;13:00;22.2;5;SOLEIL VOILÉ;2;22.7;0
Mamers;48.35;0.37;24/09/2026;14:00;23.1;5;SOLEIL VOILÉ;2;23.4;0
Mamers;48.35;0.37;24/09/2026;15:00;23.1;5;SOLEIL VOILÉ;2;23.4;0
Mamers;48.35;0.37;24/09/2026;16:00;23.1;5;SOLEIL VOILÉ;2;21.6;0
Mamers;48.35;0.37;24/09/2026;17:00;21;5;SOLEIL VOILÉ;2;18.7;0
Mamers;48.35;0.37;24/09/2026;18:00;21;5;SOLEIL VOILÉ;2;14.8;0
Mamers;48.35;0.37;24/09/2026;19:00;21;5;SOLEIL VOILÉ;2;14.0;0
Mamers;48.35;0.37;24/09/2026;20:00;16;5;SOLEIL VOILÉ;3;13.0;0
Mamers;48.35;0.37;24/09/2026;21:00;16;5;SOLEIL VOILÉ;3;9.4;0
Mamers;48.35;0.37;24/09/2026;22:00;16;5;SOLEIL VOILÉ;3;9.4;0
Mamers;48.35;0.37;24/09/2026;23:00;14.1;0;SOLEIL;3;8.6;0
Mamers;48.35;0.37;25/09/2026;00:00;14.1;0;SOLEIL;3;9.4;0
Mamers;48.35;0.37;25/09/2026;01:00;14.1;0;SOLEIL;3;9.0;0
Mamers;48.35;0.37;25/09/2026;02:00;12.6;0;SOLEIL;2;8.6;0
Mamers;48.35;0.37;25/09/2026;03:00;12.6;0;SOLEIL;2;8.3;0
Mamers;48.35;0.37;25/09/2026;04:00;12.6;0;SOLEIL;2;6.8;0
Mamers;48.35;0.37;25/09/2026;05:00;10.9;0;SOLEIL;2;6.5;0
Mamers;48.35;0.37;25/09/2026;06:00;10.9;0;SOLEIL;2;6.5;0
Mamers;48.35;0.37;25/09/2026;07:00;10.9;0;SOLEIL;2;6.8;0
Mamers;48.35;0.37;25/09/2026;08:00;18.5;0;SOLEIL;2;7.2;0
Mamers;48.35;0.37;25/09/2026;09:00;18.5;0;SOLEIL;2;9.7;0
Mamers;48.35;0.37;25/09/2026;10:00;18.5;0;SOLEIL;2;13.3;0
Mamers;48.35;0.37;25/09/2026;11:00;22.9;0;SOLEIL;3;16.2;0
Mamers;48.35;0.37;25/09/2026;12:00;22.9;0;SOLEIL;3;18.0;0
Mamers;48.35;0.37;25/09/2026;13:00;22.9;0;SOLEIL;3;19.4;0
Mamers;48.35;0.37;25/09/2026;14:00;24.2;0;SOLEIL;3;20.2;0
Mamers;48.35;0.37;25/09/2026;15:00;24.2;0;SOLEIL;3;20.2;0
Mamers;48.35;0.37;25/09/2026;16:00;24.2;0;SOLEIL;3;19.4;0
Mamers;48.35;0.37;25/09/2026;17:00;21.6;0;SOLEIL;2;18.4;0
Mamers;48.35;0.37;25/09/2026;18:00;21.6;0;SOLEIL;2;16.2;0
Mamers;48.35;0.37;25/09/2026;19:00;21.6;0;SOLEIL;2;13.7;0
Mamers;48.35;0.37;25/09/2026;20:00;16.7;0;SOLEIL;5;11.2;0
Mamers;48.35;0.37;25/09/2026;21:00;15.1;0;SOLEIL;5;9.0;0
Mamers;48.35;0.37;25/09/2026;22:00;13.6;0;SOLEIL;5;6.8;0
Mamers;48.35;0.37;25/09/2026;23:00;13.5;0;SOLEIL;2;5.8;0
Mamers;48.35;0.37;26/09/2026;00:00;13.5;0;SOLEIL;2;5.8;0
Mamers;48.35;0.37;26/09/2026;01:00;13.5;0;SOLEIL;2;6.5;0
Mamers;48.35;0.37;26/09/2026;02:00;10.6;0;SOLEIL;5;7.6;0
Mamers;48.35;0.37;26/09/2026;03:00;10.6;0;SOLEIL;5;9.4;0
Mamers;48.35;0.37;26/09/2026;04:00;10.6;0;SOLEIL;5;11.2;0
Mamers;48.35;0.37;26/09/2026;05:00;11.5;0;SOLEIL;1;12.2;0
Mamers;48.35;0.37;26/09/2026;06:00;11.5;0;SOLEIL;1;11.2;0
Mamers;48.35;0.37;26/09/2026;07:00;11.5;0;SOLEIL;1;9.0;0
Mamers;48.35;0.37;26/09/2026;08:00;13.8;0;SOLEIL;5;9.0;0
Mamers;48.35;0.37;26/09/2026;09:00;15.4;0;SOLEIL;5;13.7;0
Mamers;48.35;0.37;26/09/2026;10:00;17.0;0;SOLEIL;5;20.2;0
Mamers;48.35;0.37;26/09/2026;11:00;23.1;0;SOLEIL;3;25.2;0
Mamers;48.35;0.37;26/09/2026;12:00;23.1;0;SOLEIL;3;26.6;0
Mamers;48.35;0.37;26/09/2026;13:00;23.1;0;SOLEIL;3;25.9;0
Mamers;48.35;0.37;26/09/2026;14:00;23.5;0;SOLEIL;5;24.5;0
Mamers;48.35;0.37;26/09/2026;15:00;25.1;0;SOLEIL;5;22.3;0
Mamers;48.35;0.37;26/09/2026;16:00;23.5;0;SOLEIL;5;19.1;0
Mamers;48.35;0.37;26/09/2026;17:00;20.6;0;SOLEIL;2;16.9;0
Mamers;48.35;0.37;26/09/2026;18:00;20.6;0;SOLEIL;2;16.6;0
Mamers;48.35;0.37;26/09/2026;19:00;20.6;0;SOLEIL;2;17.3;0
Mamers;48.35;0.37;26/09/2026;20:00;17.0;0;SOLEIL;5;17.6;0
Mamers;48.35;0.37;26/09/2026;21:00;15.4;0;SOLEIL;5;16.9;0
Mamers;48.35;0.37;26/09/2026;22:00;13.8;0;SOLEIL;5;15.5;0
Mamers;48.35;0.37;26/09/2026;23:00;15.1;0;SOLEIL;2;14.4;0
Mamers;48.35;0.37;27/09/2026;00:00;15.1;0;SOLEIL;2;12.9;0
Mamers;48.35;0.37;27/09/2026;01:00;15.1;0;SOLEIL;2;11.9;0
Mamers;48.35;0.37;27/09/2026;02:00;12.5;2;NUAGEUX;5;11.1;0
Mamers;48.35;0.37;27/09/2026;03:00;12.5;2;NUAGEUX;5;10.1;0
Mamers;48.35;0.37;27/09/2026;04:00;12.5;2;NUAGEUX;5;9.0;0
Mamers;48.35;0.37;27/09/2026;05:00;13.2;2;NUAGEUX;2;8.3;0
Mamers;48.35;0.37;27/09/2026;06:00;13.2;2;NUAGEUX;2;7.2;0
Mamers;48.35;0.37;27/09/2026;07:00;13.2;2;NUAGEUX;2;6.5;0
Mamers;48.35;0.37;27/09/2026;08:00;14.9;2;NUAGEUX;5;6.8;0
Mamers;48.35;0.37;27/09/2026;09:00;16.1;2;NUAGEUX;5;9.0;0
Mamers;48.35;0.37;27/09/2026;10:00;17.3;2;NUAGEUX;5;12.6;0
Mamers;48.35;0.37;27/09/2026;11:00;22.1;2;NUAGEUX;3;16.6;0
Mamers;48.35;0.37;27/09/2026;12:00;22.1;2;NUAGEUX;3;20.9;0
Mamers;48.35;0.37;27/09/2026;13:00;22.1;2;NUAGEUX;3;25.6;0
Mamers;48.35;0.37;27/09/2026;14:00;22.2;2;NUAGEUX;5;28.8;0
Mamers;48.35;0.37;27/09/2026;15:00;23.4;2;NUAGEUX;5;29.9;0
Mamers;48.35;0.37;27/09/2026;16:00;22.2;2;NUAGEUX;5;29.9;0
Mamers;48.35;0.37;27/09/2026;17:00;21.1;2;NUAGEUX;2;28.8;0
Mamers;48.35;0.37;27/09/2026;18:00;21.1;2;NUAGEUX;2;27.0;0
Mamers;48.35;0.37;27/09/2026;19:00;21.1;2;NUAGEUX;2;24.1;0
Mamers;48.35;0.37;27/09/2026;20:00;17.3;2;NUAGEUX;5;21.2;0
Mamers;48.35;0.37;27/09/2026;21:00;16.1;2;NUAGEUX;5;18.0;0
Mamers;48.35;0.37;27/09/2026;22:00;14.9;2;NUAGEUX;5;14.8;0
Mamers;48.35;0.37;27/09/2026;23:00;16.2;2;NUAGEUX;2;11.9;0
Challans;46.84;-1.88;23/09/2026;00:00;15.3;0;SOLEIL;3;14.0;0
Challans;46.84;-1.88;23/09/2026;01:00;14.5;0;SOLEIL;3;13.3;0
Challans;46.84;-1.88;23/09/2026;02:00;14.2;0;SOLEIL;3;15.8;0
Challans;46.84;-1.88;23/09/2026;03:00;13.5;0;SOLEIL;3;19.1;0
Challans;46.84;-1.88;23/09/2026;04:00;13.5;0;SOLEIL;3;19.1;0
Challans;46.84;-1.88;23/09/2026;05:00;12.9;0;SOLEIL;3;18.0;0
Challans;46.84;-1.88;23/09/2026;06:00;12.7;0;SOLEIL;3;18.0;0
Challans;46.84;-1.88;23/09/2026;07:00;14.7;0;SOLEIL;3;18.0;0
Challans;46.84;-1.88;23/09/2026;08:00;17;0;SOLEIL;3;18.7;0
Challans;46.84;-1.88;23/09/2026;09:00;21.1;0;SOLEIL;3;18.0;0
Challans;46.84;-1.88;23/09/2026;10:00;25.2;0;SOLEIL;3;20.2;0
Challans;46.84;-1.88;23/09/2026;11:00;28.6;0;SOLEIL;4;19.4;0
Challans;46.84;-1.88;23/09/2026;12:00;29.2;0;SOLEIL;4;21.2;0
Challans;46.84;-1.88;23/09/2026;13:00;30.6;0;SOLEIL;4;25.9;0
Challans;46.84;-1.88;23/09/2026;14:00;31.7;5;SOLEIL VOILÉ;4;27.7;0
Challans;46.84;-1.88;23/09/2026;15:00;32.1;5;SOLEIL VOILÉ;4;30.6;0
Challans;46.84;-1.88;23/09/2026;16:00;31.6;0;SOLEIL;4;30.6;0
Challans;46.84;-1.88;23/09/2026;17:00;30.1;0;SOLEIL;4;29.2;0
Challans;46.84;-1.88;23/09/2026;18:00;27.1;0;SOLEIL;3;24.8;0
Challans;46.84;-1.88;23/09/2026;19:00;22.6;0;SOLEIL;4;24.1;0
Challans;46.84;-1.88;23/09/2026;20:00;20.6;0;SOLEIL;5;21.6;0
Challans;46.84;-1.88;23/09/2026;21:00;19.4;0;SOLEIL;5;19.4;0
Challans;46.84;-1.88;23/09/2026;22:00;18.1;0;SOLEIL;5;27.0;0
Challans;46.84;-1.88;23/09/2026;23:00;17.1;0;SOLEIL;5;27.7;0
Challans;46.84;-1.88;24/09/2026;00:00;15.6;0;SOLEIL;4;28.4;0
Challans;46.84;-1.88;24/09/2026;01:00;15.6;0;SOLEIL;4;27.4;0
Challans;46.84;-1.88;24/09/2026;02:00;12.9;5;SOLEIL VOILÉ;4;26.3;0
Challans;46.84;-1.88;24/09/2026;03:00;12.9;5;SOLEIL VOILÉ;4;24.8;0
Challans;46.84;-1.88;24/09/2026;04:00;12.9;5;SOLEIL VOILÉ;4;24.3;0
Challans;46.84;-1.88;24/09/2026;05:00;12.1;5;SOLEIL VOILÉ;4;24.7;0
Challans;46.84;-1.88;24/09/2026;06:00;12.1;5;SOLEIL VOILÉ;4;25.2;0
Challans;46.84;-1.88;24/09/2026;07:00;12.1;5;SOLEIL VOILÉ;4;26.6;0
Challans;46.84;-1.88;24/09/2026;08:00;20.1;5;SOLEIL VOILÉ;3;27.4;0
Challans;46.84;-1.88;24/09/2026;09:00;20.1;5;SOLEIL VOILÉ;3;29.2;0
Challans;46.84;-1.88;24/09/2026;10:00;20.1;5;SOLEIL VOILÉ;3;32.0;0
Challans;46.84;-1.88;24/09/2026;11:00;27.6;5;SOLEIL VOILÉ;3;32.0;0
Challans;46.84;-1.88;24/09/2026;12:00;27.6;5;SOLEIL VOILÉ;3;29.9;0
Challans;46.84;-1.88;24/09/2026;13:00;27.6;5;SOLEIL VOILÉ;3;28.8;0
Challans;46.84;-1.88;24/09/2026;14:00;30.5;5;SOLEIL VOILÉ;3;28.8;0
Challans;46.84;-1.88;24/09/2026;15:00;30.5;5;SOLEIL VOILÉ;3;28.1;0
Challans;46.84;-1.88;24/09/2026;16:00;30.5;5;SOLEIL VOILÉ;3;27.0;0
Challans;46.84;-1.88;24/09/2026;17:00;25.9;5;SOLEIL VOILÉ;3;24.5;0
Challans;46.84;-1.88;24/09/2026;18:00;25.9;5;SOLEIL VOILÉ;3;22.3;0
Challans;46.84;-1.88;24/09/2026;19:00;25.9;5;SOLEIL VOILÉ;3;13.3;0
Challans;46.84;-1.88;24/09/2026;20:00;18.6;0;SOLEIL;3;6.1;0
Challans;46.84;-1.88;24/09/2026;21:00;18.6;0;SOLEIL;3;3.6;0
Challans;46.84;-1.88;24/09/2026;22:00;18.6;0;SOLEIL;3;1.1;0
Challans;46.84;-1.88;24/09/2026;23:00;15.1;0;SOLEIL;3;13.0;0
Challans;46.84;-1.88;25/09/2026;00:00;15.1;0;SOLEIL;3;16.2;0
Challans;46.84;-1.88;25/09/2026;01:00;15.1;0;SOLEIL;3;18.4;0
Challans;46.84;-1.88;25/09/2026;02:00;13.1;0;SOLEIL;3;18.7;0
Challans;46.84;-1.88;25/09/2026;03:00;13.1;0;SOLEIL;3;18.7;0
Challans;46.84;-1.88;25/09/2026;04:00;13.1;0;SOLEIL;3;19.8;0
Challans;46.84;-1.88;25/09/2026;05:00;12.4;0;SOLEIL;3;21.2;0
Challans;46.84;-1.88;25/09/2026;06:00;12.4;0;SOLEIL;3;21.2;0
Challans;46.84;-1.88;25/09/2026;07:00;12.4;0;SOLEIL;3;19.8;0
Challans;46.84;-1.88;25/09/2026;08:00;21.6;0;SOLEIL;3;19.1;0
Challans;46.84;-1.88;25/09/2026;09:00;21.6;0;SOLEIL;3;18.4;0
Challans;46.84;-1.88;25/09/2026;10:00;21.6;0;SOLEIL;3;17.3;0
Challans;46.84;-1.88;25/09/2026;11:00;27.1;0;SOLEIL;3;17.6;0
Challans;46.84;-1.88;25/09/2026;12:00;27.1;0;SOLEIL;3;23.0;0
Challans;46.84;-1.88;25/09/2026;13:00;27.1;0;SOLEIL;3;24.5;0
Challans;46.84;-1.88;25/09/2026;14:00;27.6;0;SOLEIL;3;23.4;0
Challans;46.84;-1.88;25/09/2026;15:00;27.6;0;SOLEIL;3;14.8;0
Challans;46.84;-1.88;25/09/2026;16:00;27.6;0;SOLEIL;3;25.6;0
Challans;46.84;-1.88;25/09/2026;17:00;23.6;0;SOLEIL;2;28.1;0
Challans;46.84;-1.88;25/09/2026;18:00;23.6;0;SOLEIL;2;28.1;0
Challans;46.84;-1.88;25/09/2026;19:00;23.6;0;SOLEIL;2;24.5;0
Challans;46.84;-1.88;25/09/2026;20:00;19.4;0;SOLEIL;5;24.8;0
Challans;46.84;-1.88;25/09/2026;21:00;17.5;0;SOLEIL;5;20.2;0
Challans;46.84;-1.88;25/09/2026;22:00;15.6;0;SOLEIL;5;21.2;0
Challans;46.84;-1.88;25/09/2026;23:00;13.9;0;SOLEIL;3;25.6;0
Challans;46.84;-1.88;26/09/2026;00:00;13.9;0;SOLEIL;3;25.9;0
Challans;46.84;-1.88;26/09/2026;01:00;13.9;0;SOLEIL;3;25.9;0
Challans;46.84;-1.88;26/09/2026;02:00;12.1;0;SOLEIL;5;26.3;0
Challans;46.84;-1.88;26/09/2026;03:00;12.1;0;SOLEIL;5;25.9;0
Challans;46.84;-1.88;26/09/2026;04:00;12.1;0;SOLEIL;5;25.9;0
Challans;46.84;-1.88;26/09/2026;05:00;13.2;0;SOLEIL;2;31.0;0
Challans;46.84;-1.88;26/09/2026;06:00;13.2;0;SOLEIL;2;27.8;0
Challans;46.84;-1.88;26/09/2026;07:00;13.2;0;SOLEIL;2;23.6;0
Challans;46.84;-1.88;26/09/2026;08:00;14.7;0;SOLEIL;5;20.3;0
Challans;46.84;-1.88;26/09/2026;09:00;15.9;0;SOLEIL;5;18.7;0
Challans;46.84;-1.88;26/09/2026;10:00;17.2;0;SOLEIL;5;19.4;0
Challans;46.84;-1.88;26/09/2026;11:00;22.6;0;SOLEIL;3;19.8;0
Challans;46.84;-1.88;26/09/2026;12:00;22.6;0;SOLEIL;3;19.8;0
Challans;46.84;-1.88;26/09/2026;13:00;22.6;0;SOLEIL;3;19.8;0
Challans;46.84;-1.88;26/09/2026;14:00;22.3;0;SOLEIL;5;20.2;0
Challans;46.84;-1.88;26/09/2026;15:00;23.6;0;SOLEIL;5;20.5;0
Challans;46.84;-1.88;26/09/2026;16:00;22.3;0;SOLEIL;5;21.2;0
Challans;46.84;-1.88;26/09/2026;17:00;19.9;0;SOLEIL;2;22.0;0
Challans;46.84;-1.88;26/09/2026;18:00;19.9;0;SOLEIL;2;23.4;0
Challans;46.84;-1.88;26/09/2026;19:00;19.9;0;SOLEIL;2;25.2;0
Challans;46.84;-1.88;26/09/2026;20:00;17.2;0;SOLEIL;5;25.6;0
Challans;46.84;-1.88;26/09/2026;21:00;15.9;0;SOLEIL;5;23.8;0
Challans;46.84;-1.88;26/09/2026;22:00;14.7;0;SOLEIL;5;20.5;0
Challans;46.84;-1.88;26/09/2026;23:00;16.1;0;SOLEIL;2;17.3;0
Challans;46.84;-1.88;27/09/2026;00:00;16.1;0;SOLEIL;2;13.7;0
Challans;46.84;-1.88;27/09/2026;01:00;16.1;0;SOLEIL;2;10.1;0
Challans;46.84;-1.88;27/09/2026;02:00;14;2;NUAGEUX;5;7.6;0
Challans;46.84;-1.88;27/09/2026;03:00;14;2;NUAGEUX;5;6.8;0
Challans;46.84;-1.88;27/09/2026;04:00;14;2;NUAGEUX;5;7.6;0
Challans;46.84;-1.88;27/09/2026;05:00;15.1;2;NUAGEUX;3;9.4;0
Challans;46.84;-1.88;27/09/2026;06:00;15.1;2;NUAGEUX;3;11.9;0
Challans;46.84;-1.88;27/09/2026;07:00;15.1;2;NUAGEUX;3;15.5;0
Challans;46.84;-1.88;27/09/2026;08:00;15.8;2;NUAGEUX;5;19.4;0
Challans;46.84;-1.88;27/09/2026;09:00;16.7;2;NUAGEUX;5;23.4;0
Challans;46.84;-1.88;27/09/2026;10:00;17.6;2;NUAGEUX;5;27.4;0
Challans;46.84;-1.88;27/09/2026;11:00;21.2;2;NUAGEUX;4;32.0;0
Challans;46.84;-1.88;27/09/2026;12:00;21.2;2;NUAGEUX;4;37.8;0
Challans;46.84;-1.88;27/09/2026;13:00;21.2;2;NUAGEUX;4;44.3;0
Challans;46.84;-1.88;27/09/2026;14:00;21.2;2;NUAGEUX;5;48.6;0
Challans;46.84;-1.88;27/09/2026;15:00;22.1;2;NUAGEUX;5;50.4;0
Challans;46.84;-1.88;27/09/2026;16:00;21.2;2;NUAGEUX;5;50.4;0
Challans;46.84;-1.88;27/09/2026;17:00;19.7;2;NUAGEUX;3;48.6;0
Challans;46.84;-1.88;27/09/2026;18:00;19.7;2;NUAGEUX;3;44.3;0
Challans;46.84;-1.88;27/09/2026;19:00;19.7;2;NUAGEUX;3;38.5;0
Challans;46.84;-1.88;27/09/2026;20:00;17.6;2;NUAGEUX;5;34.2;0
Challans;46.84;-1.88;27/09/2026;21:00;16.7;2;NUAGEUX;5;24.5;0
Challans;46.84;-1.88;27/09/2026;22:00;15.8;2;NUAGEUX;5;23.0;0
Challans;46.84;-1.88;27/09/2026;23:00;16.7;6;AVERSES;3;21.2;0
Fontenay-le-Comte;46.46;-0.8;23/09/2026;00:00;18.3;0;SOLEIL;4;16.6;0
Fontenay-le-Comte;46.46;-0.8;23/09/2026;01:00;18.1;0;SOLEIL;4;17.6;0
Fontenay-le-Comte;46.46;-0.8;23/09/2026;02:00;17.4;0;SOLEIL;4;18.0;0
Fontenay-le-Comte;46.46;-0.8;23/09/2026;03:00;16.6;0;SOLEIL;3;17.6;0
Fontenay-le-Comte;46.46;-0.8;23/09/2026;04:00;15.7;0;SOLEIL;3;17.6;0
Fontenay-le-Comte;46.46;-0.8;23/09/2026;05:00;14.7;0;SOLEIL;3;16.9;0
Fontenay-le-Comte;46.46;-0.8;23/09/2026;06:00;15.5;0;SOLEIL;3;15.8;0
Fontenay-le-Comte;46.46;-0.8;23/09/2026;07:00;17.1;0;SOLEIL;3;14.8;0
Fontenay-le-Comte;46.46;-0.8;23/09/2026;08:00;20.1;0;SOLEIL;3;13.0;0
Fontenay-le-Comte;46.46;-0.8;23/09/2026;09:00;22.4;0;SOLEIL;3;12.2;0
Fontenay-le-Comte;46.46;-0.8;23/09/2026;10:00;24.5;0;SOLEIL;3;13.7;0
Fontenay-le-Comte;46.46;-0.8;23/09/2026;11:00;26.6;0;SOLEIL;3;18.7;0
Fontenay-le-Comte;46.46;-0.8;23/09/2026;12:00;28.1;0;SOLEIL;4;20.2;0
Fontenay-le-Comte;46.46;-0.8;23/09/2026;13:00;29;0;SOLEIL;3;22.3;0
Fontenay-le-Comte;46.46;-0.8;23/09/2026;14:00;29.6;0;SOLEIL;3;22.3;0
Fontenay-le-Comte;46.46;-0.8;23/09/2026;15:00;29.5;5;SOLEIL VOILÉ;3;16.6;0
Fontenay-le-Comte;46.46;-0.8;23/09/2026;16:00;28.9;5;SOLEIL VOILÉ;3;17.3;0
Fontenay-le-Comte;46.46;-0.8;23/09/2026;17:00;27.1;5;SOLEIL VOILÉ;3;16.2;0
Fontenay-le-Comte;46.46;-0.8;23/09/2026;18:00;24.9;0;SOLEIL;3;17.6;0
Fontenay-le-Comte;46.46;-0.8;23/09/2026;19:00;22.2;0;SOLEIL;2;19.1;0
Fontenay-le-Comte;46.46;-0.8;23/09/2026;20:00;20.6;0;SOLEIL;2;13.7;0
Fontenay-le-Comte;46.46;-0.8;23/09/2026;21:00;19.6;0;SOLEIL;3;13.7;0
Fontenay-le-Comte;46.46;-0.8;23/09/2026;22:00;18.9;0;SOLEIL;4;12.6;0
Fontenay-le-Comte;46.46;-0.8;23/09/2026;23:00;18.4;0;SOLEIL;5;12.6;0
Fontenay-le-Comte;46.46;-0.8;24/09/2026;00:00;18.1;0;SOLEIL;5;16.2;0
Fontenay-le-Comte;46.46;-0.8;24/09/2026;01:00;18.1;0;SOLEIL;5;19.1;0
Fontenay-le-Comte;46.46;-0.8;24/09/2026;02:00;15.4;0;SOLEIL;4;20.5;0
Fontenay-le-Comte;46.46;-0.8;24/09/2026;03:00;15.4;0;SOLEIL;4;20.2;0
Fontenay-le-Comte;46.46;-0.8;24/09/2026;04:00;15.4;0;SOLEIL;4;17.3;0
Fontenay-le-Comte;46.46;-0.8;24/09/2026;05:00;15.2;5;SOLEIL VOILÉ;4;16.8;0
Fontenay-le-Comte;46.46;-0.8;24/09/2026;06:00;15.2;5;SOLEIL VOILÉ;4;16.2;0
Fontenay-le-Comte;46.46;-0.8;24/09/2026;07:00;15.2;5;SOLEIL VOILÉ;4;15.1;0
Fontenay-le-Comte;46.46;-0.8;24/09/2026;08:00;22.4;5;SOLEIL VOILÉ;3;15.1;0
Fontenay-le-Comte;46.46;-0.8;24/09/2026;09:00;22.4;5;SOLEIL VOILÉ;3;15.8;0
Fontenay-le-Comte;46.46;-0.8;24/09/2026;10:00;22.4;5;SOLEIL VOILÉ;3;22.3;0
Fontenay-le-Comte;46.46;-0.8;24/09/2026;11:00;27.7;5;SOLEIL VOILÉ;3;24.8;0
Fontenay-le-Comte;46.46;-0.8;24/09/2026;12:00;27.7;5;SOLEIL VOILÉ;3;27.4;0
Fontenay-le-Comte;46.46;-0.8;24/09/2026;13:00;27.7;5;SOLEIL VOILÉ;3;27.4;0
Fontenay-le-Comte;46.46;-0.8;24/09/2026;14:00;29.6;5;SOLEIL VOILÉ;3;24.8;0
Fontenay-le-Comte;46.46;-0.8;24/09/2026;15:00;29.6;5;SOLEIL VOILÉ;3;21.6;0
Fontenay-le-Comte;46.46;-0.8;24/09/2026;16:00;29.6;5;SOLEIL VOILÉ;3;20.9;0
Fontenay-le-Comte;46.46;-0.8;24/09/2026;17:00;26;5;SOLEIL VOILÉ;3;20.2;0
Fontenay-le-Comte;46.46;-0.8;24/09/2026;18:00;26;5;SOLEIL VOILÉ;3;17.3;0
Fontenay-le-Comte;46.46;-0.8;24/09/2026;19:00;26;5;SOLEIL VOILÉ;3;15.8;0
Fontenay-le-Comte;46.46;-0.8;24/09/2026;20:00;20.7;5;SOLEIL VOILÉ;4;11.2;0
Fontenay-le-Comte;46.46;-0.8;24/09/2026;21:00;20.7;5;SOLEIL VOILÉ;4;9.4;0
Fontenay-le-Comte;46.46;-0.8;24/09/2026;22:00;20.7;5;SOLEIL VOILÉ;4;11.2;0
Fontenay-le-Comte;46.46;-0.8;24/09/2026;23:00;18.4;0;SOLEIL;4;11.2;0
Fontenay-le-Comte;46.46;-0.8;25/09/2026;00:00;18.4;0;SOLEIL;4;10.8;0
Fontenay-le-Comte;46.46;-0.8;25/09/2026;01:00;18.4;0;SOLEIL;4;10.4;0
Fontenay-le-Comte;46.46;-0.8;25/09/2026;02:00;15.7;0;SOLEIL;3;9.7;0
Fontenay-le-Comte;46.46;-0.8;25/09/2026;03:00;15.7;0;SOLEIL;3;9.4;0
Fontenay-le-Comte;46.46;-0.8;25/09/2026;04:00;15.7;0;SOLEIL;3;9.0;0
Fontenay-le-Comte;46.46;-0.8;25/09/2026;05:00;14.9;0;SOLEIL;3;8.6;0
Fontenay-le-Comte;46.46;-0.8;25/09/2026;06:00;14.9;0;SOLEIL;3;9.0;0
Fontenay-le-Comte;46.46;-0.8;25/09/2026;07:00;14.9;0;SOLEIL;3;9.0;0
Fontenay-le-Comte;46.46;-0.8;25/09/2026;08:00;21.6;0;SOLEIL;3;9.0;0
Fontenay-le-Comte;46.46;-0.8;25/09/2026;09:00;21.6;0;SOLEIL;3;9.7;0
Fontenay-le-Comte;46.46;-0.8;25/09/2026;10:00;21.6;0;SOLEIL;3;11.2;0
Fontenay-le-Comte;46.46;-0.8;25/09/2026;11:00;26.4;0;SOLEIL;3;13.7;0
Fontenay-le-Comte;46.46;-0.8;25/09/2026;12:00;26.4;0;SOLEIL;3;18.0;0
Fontenay-le-Comte;46.46;-0.8;25/09/2026;13:00;26.4;0;SOLEIL;3;23.0;0
Fontenay-le-Comte;46.46;-0.8;25/09/2026;14:00;27.9;0;SOLEIL;3;27.7;0
Fontenay-le-Comte;46.46;-0.8;25/09/2026;15:00;27.9;0;SOLEIL;3;32.0;0
Fontenay-le-Comte;46.46;-0.8;25/09/2026;16:00;27.9;0;SOLEIL;3;35.6;0
Fontenay-le-Comte;46.46;-0.8;25/09/2026;17:00;25.6;0;SOLEIL;3;37.4;0
Fontenay-le-Comte;46.46;-0.8;25/09/2026;18:00;25.6;0;SOLEIL;3;36.7;0
Fontenay-le-Comte;46.46;-0.8;25/09/2026;19:00;25.6;0;SOLEIL;3;33.8;0
Fontenay-le-Comte;46.46;-0.8;25/09/2026;20:00;20.6;0;SOLEIL;5;30.2;0
Fontenay-le-Comte;46.46;-0.8;25/09/2026;21:00;19.0;0;SOLEIL;5;25.2;0
Fontenay-le-Comte;46.46;-0.8;25/09/2026;22:00;17.4;0;SOLEIL;5;19.4;0
Fontenay-le-Comte;46.46;-0.8;25/09/2026;23:00;15.6;0;SOLEIL;3;14.8;0
Fontenay-le-Comte;46.46;-0.8;26/09/2026;00:00;15.6;0;SOLEIL;3;12.2;0
Fontenay-le-Comte;46.46;-0.8;26/09/2026;01:00;15.6;0;SOLEIL;3;11.5;0
Fontenay-le-Comte;46.46;-0.8;26/09/2026;02:00;11.4;0;SOLEIL;5;10.8;0
Fontenay-le-Comte;46.46;-0.8;26/09/2026;03:00;11.4;0;SOLEIL;5;10.8;0
Fontenay-le-Comte;46.46;-0.8;26/09/2026;04:00;11.4;0;SOLEIL;5;11.5;0
Fontenay-le-Comte;46.46;-0.8;26/09/2026;05:00;12.6;0;SOLEIL;3;11.5;0
Fontenay-le-Comte;46.46;-0.8;26/09/2026;06:00;12.6;0;SOLEIL;3;9.4;0
Fontenay-le-Comte;46.46;-0.8;26/09/2026;07:00;12.6;0;SOLEIL;3;6.5;0
Fontenay-le-Comte;46.46;-0.8;26/09/2026;08:00;14.8;0;SOLEIL;5;5.0;0
Fontenay-le-Comte;46.46;-0.8;26/09/2026;09:00;16.5;0;SOLEIL;5;6.1;0
Fontenay-le-Comte;46.46;-0.8;26/09/2026;10:00;18.2;0;SOLEIL;5;8.3;0
Fontenay-le-Comte;46.46;-0.8;26/09/2026;11:00;25.2;0;SOLEIL;3;10.1;0
Fontenay-le-Comte;46.46;-0.8;26/09/2026;12:00;25.2;0;SOLEIL;3;11.2;0
Fontenay-le-Comte;46.46;-0.8;26/09/2026;13:00;25.2;0;SOLEIL;3;12.2;0
Fontenay-le-Comte;46.46;-0.8;26/09/2026;14:00;24.9;0;SOLEIL;5;12.2;0
Fontenay-le-Comte;46.46;-0.8;26/09/2026;15:00;26.6;0;SOLEIL;5;10.8;0
Fontenay-le-Comte;46.46;-0.8;26/09/2026;16:00;24.9;0;SOLEIL;5;9.0;0
Fontenay-le-Comte;46.46;-0.8;26/09/2026;17:00;21.9;0;SOLEIL;3;7.6;0
Fontenay-le-Comte;46.46;-0.8;26/09/2026;18:00;21.9;0;SOLEIL;3;7.9;0
Fontenay-le-Comte;46.46;-0.8;26/09/2026;19:00;21.9;0;SOLEIL;3;9.0;0
Fontenay-le-Comte;46.46;-0.8;26/09/2026;20:00;18.2;0;SOLEIL;5;9.7;0
Fontenay-le-Comte;46.46;-0.8;26/09/2026;21:00;16.5;0;SOLEIL;5;10.1;0
Fontenay-le-Comte;46.46;-0.8;26/09/2026;22:00;14.8;0;SOLEIL;5;10.4;0
Fontenay-le-Comte;46.46;-0.8;26/09/2026;23:00;15.6;0;SOLEIL;2;10.1;0
Fontenay-le-Comte;46.46;-0.8;27/09/2026;00:00;15.6;0;SOLEIL;2;9.4;0
Fontenay-le-Comte;46.46;-0.8;27/09/2026;01:00;15.6;0;SOLEIL;2;8.3;0
Fontenay-le-Comte;46.46;-0.8;27/09/2026;02:00;13.4;2;NUAGEUX;5;7.7;0
Fontenay-le-Comte;46.46;-0.8;27/09/2026;03:00;13.4;2;NUAGEUX;5;6.8;0
Fontenay-le-Comte;46.46;-0.8;27/09/2026;04:00;13.4;2;NUAGEUX;5;6.1;0
Fontenay-le-Comte;46.46;-0.8;27/09/2026;05:00;14.9;2;NUAGEUX;2;6.5;0
Fontenay-le-Comte;46.46;-0.8;27/09/2026;06:00;14.9;2;NUAGEUX;2;9.4;0
Fontenay-le-Comte;46.46;-0.8;27/09/2026;07:00;14.9;2;NUAGEUX;2;13.7;0
Fontenay-le-Comte;46.46;-0.8;27/09/2026;08:00;16.0;2;NUAGEUX;5;15.8;0
Fontenay-le-Comte;46.46;-0.8;27/09/2026;09:00;17.3;2;NUAGEUX;5;12.6;0
Fontenay-le-Comte;46.46;-0.8;27/09/2026;10:00;18.6;2;NUAGEUX;5;7.2;0
Fontenay-le-Comte;46.46;-0.8;27/09/2026;11:00;24.2;2;NUAGEUX;3;6.5;0
Fontenay-le-Comte;46.46;-0.8;27/09/2026;12:00;24.2;2;NUAGEUX;3;15.5;0
Fontenay-le-Comte;46.46;-0.8;27/09/2026;13:00;24.2;2;NUAGEUX;3;28.8;0
Fontenay-le-Comte;46.46;-0.8;27/09/2026;14:00;23.8;2;NUAGEUX;5;37.4;0
Fontenay-le-Comte;46.46;-0.8;27/09/2026;15:00;25.1;2;NUAGEUX;5;36.7;0
Fontenay-le-Comte;46.46;-0.8;27/09/2026;16:00;23.8;2;NUAGEUX;5;31.3;0
Fontenay-le-Comte;46.46;-0.8;27/09/2026;17:00;21.4;2;NUAGEUX;2;26.6;0
Fontenay-le-Comte;46.46;-0.8;27/09/2026;18:00;21.4;2;NUAGEUX;2;24.8;0
Fontenay-le-Comte;46.46;-0.8;27/09/2026;19:00;21.4;2;NUAGEUX;2;23.4;0
Fontenay-le-Comte;46.46;-0.8;27/09/2026;20:00;18.6;2;NUAGEUX;5;21.2;0
Fontenay-le-Comte;46.46;-0.8;27/09/2026;21:00;17.3;2;NUAGEUX;5;16.9;0
Fontenay-le-Comte;46.46;-0.8;27/09/2026;22:00;16.0;2;NUAGEUX;5;11.5;0
Fontenay-le-Comte;46.46;-0.8;27/09/2026;23:00;17.4;2;NUAGEUX;2;7.6;0
La Roche-sur-Yon;46.67;-1.42;23/09/2026;00:00;16.6;0;SOLEIL;3;15.8;0
La Roche-sur-Yon;46.67;-1.42;23/09/2026;01:00;16.1;0;SOLEIL;3;16.2;0
La Roche-sur-Yon;46.67;-1.42;23/09/2026;02:00;15.6;0;SOLEIL;3;15.5;0
La Roche-sur-Yon;46.67;-1.42;23/09/2026;03:00;14.6;0;SOLEIL;3;16.6;0
La Roche-sur-Yon;46.67;-1.42;23/09/2026;04:00;14.5;0;SOLEIL;3;17.3;0
La Roche-sur-Yon;46.67;-1.42;23/09/2026;05:00;14;0;SOLEIL;3;16.2;0
La Roche-sur-Yon;46.67;-1.42;23/09/2026;06:00;14;0;SOLEIL;3;15.5;0
La Roche-sur-Yon;46.67;-1.42;23/09/2026;07:00;16;0;SOLEIL;3;15.5;0
La Roche-sur-Yon;46.67;-1.42;23/09/2026;08:00;18.1;0;SOLEIL;3;15.1;0
La Roche-sur-Yon;46.67;-1.42;23/09/2026;09:00;21.1;0;SOLEIL;3;16.6;0
La Roche-sur-Yon;46.67;-1.42;23/09/2026;10:00;23.4;0;SOLEIL;3;16.6;0
La Roche-sur-Yon;46.67;-1.42;23/09/2026;11:00;25.7;0;SOLEIL;3;15.5;0
La Roche-sur-Yon;46.67;-1.42;23/09/2026;12:00;27.4;0;SOLEIL;4;17.6;0
La Roche-sur-Yon;46.67;-1.42;23/09/2026;13:00;28.5;0;SOLEIL;4;22.7;0
La Roche-sur-Yon;46.67;-1.42;23/09/2026;14:00;29.4;5;SOLEIL VOILÉ;4;22.3;0
La Roche-sur-Yon;46.67;-1.42;23/09/2026;15:00;29.4;5;SOLEIL VOILÉ;4;23.4;0
La Roche-sur-Yon;46.67;-1.42;23/09/2026;16:00;28.2;5;SOLEIL VOILÉ;3;28.4;0
La Roche-sur-Yon;46.67;-1.42;23/09/2026;17:00;26.6;0;SOLEIL;3;27.7;0
La Roche-sur-Yon;46.67;-1.42;23/09/2026;18:00;24.6;0;SOLEIL;3;24.1;0
La Roche-sur-Yon;46.67;-1.42;23/09/2026;19:00;22.1;0;SOLEIL;3;22.0;0
La Roche-sur-Yon;46.67;-1.42;23/09/2026;20:00;20.6;0;SOLEIL;3;22.3;0
La Roche-sur-Yon;46.67;-1.42;23/09/2026;21:00;19.5;0;SOLEIL;4;16.2;0
La Roche-sur-Yon;46.67;-1.42;23/09/2026;22:00;18.2;0;SOLEIL;5;16.2;0
La Roche-sur-Yon;46.67;-1.42;23/09/2026;23:00;17.4;0;SOLEIL;5;30.2;0
La Roche-sur-Yon;46.67;-1.42;24/09/2026;00:00;16.4;0;SOLEIL;4;30.6;0
La Roche-sur-Yon;46.67;-1.42;24/09/2026;01:00;16.4;0;SOLEIL;4;29.5;0
La Roche-sur-Yon;46.67;-1.42;24/09/2026;02:00;14.1;5;SOLEIL VOILÉ;4;26.3;0
La Roche-sur-Yon;46.67;-1.42;24/09/2026;03:00;14.1;5;SOLEIL VOILÉ;4;24.8;0
La Roche-sur-Yon;46.67;-1.42;24/09/2026;04:00;14.1;5;SOLEIL VOILÉ;4;22.5;0
La Roche-sur-Yon;46.67;-1.42;24/09/2026;05:00;13.6;5;SOLEIL VOILÉ;3;20.8;0
La Roche-sur-Yon;46.67;-1.42;24/09/2026;06:00;13.6;5;SOLEIL VOILÉ;3;19.1;0
La Roche-sur-Yon;46.67;-1.42;24/09/2026;07:00;13.6;5;SOLEIL VOILÉ;3;20.9;0
La Roche-sur-Yon;46.67;-1.42;24/09/2026;08:00;20.9;5;SOLEIL VOILÉ;3;22.0;0
La Roche-sur-Yon;46.67;-1.42;24/09/2026;09:00;20.9;5;SOLEIL VOILÉ;3;25.6;0
La Roche-sur-Yon;46.67;-1.42;24/09/2026;10:00;20.9;5;SOLEIL VOILÉ;3;29.5;0
La Roche-sur-Yon;46.67;-1.42;24/09/2026;11:00;27.5;5;SOLEIL VOILÉ;3;29.9;0
La Roche-sur-Yon;46.67;-1.42;24/09/2026;12:00;27.5;5;SOLEIL VOILÉ;3;28.8;0
La Roche-sur-Yon;46.67;-1.42;24/09/2026;13:00;27.5;5;SOLEIL VOILÉ;3;31.0;0
La Roche-sur-Yon;46.67;-1.42;24/09/2026;14:00;28.9;5;SOLEIL VOILÉ;3;31.0;0
La Roche-sur-Yon;46.67;-1.42;24/09/2026;15:00;28.9;5;SOLEIL VOILÉ;3;29.2;0
La Roche-sur-Yon;46.67;-1.42;24/09/2026;16:00;28.9;5;SOLEIL VOILÉ;3;26.6;0
La Roche-sur-Yon;46.67;-1.42;24/09/2026;17:00;24.7;5;SOLEIL VOILÉ;3;25.6;0
La Roche-sur-Yon;46.67;-1.42;24/09/2026;18:00;24.7;5;SOLEIL VOILÉ;3;23.8;0
La Roche-sur-Yon;46.67;-1.42;24/09/2026;19:00;24.7;5;SOLEIL VOILÉ;3;21.6;0
La Roche-sur-Yon;46.67;-1.42;24/09/2026;20:00;19.6;0;SOLEIL;3;19.8;0
La Roche-sur-Yon;46.67;-1.42;24/09/2026;21:00;19.6;0;SOLEIL;3;16.2;0
La Roche-sur-Yon;46.67;-1.42;24/09/2026;22:00;19.6;0;SOLEIL;3;14.8;0
La Roche-sur-Yon;46.67;-1.42;24/09/2026;23:00;16.9;0;SOLEIL;3;14.8;0
La Roche-sur-Yon;46.67;-1.42;25/09/2026;00:00;16.9;0;SOLEIL;3;15.5;0
La Roche-sur-Yon;46.67;-1.42;25/09/2026;01:00;16.9;0;SOLEIL;3;16.2;0
La Roche-sur-Yon;46.67;-1.42;25/09/2026;02:00;14.7;0;SOLEIL;3;16.6;0
La Roche-sur-Yon;46.67;-1.42;25/09/2026;03:00;14.7;0;SOLEIL;3;18.4;0
La Roche-sur-Yon;46.67;-1.42;25/09/2026;04:00;14.7;0;SOLEIL;3;18.7;0
La Roche-sur-Yon;46.67;-1.42;25/09/2026;05:00;14.1;0;SOLEIL;3;20.2;0
La Roche-sur-Yon;46.67;-1.42;25/09/2026;06:00;14.1;0;SOLEIL;3;22.3;0
La Roche-sur-Yon;46.67;-1.42;25/09/2026;07:00;14.1;0;SOLEIL;3;22.3;0
La Roche-sur-Yon;46.67;-1.42;25/09/2026;08:00;20.6;0;SOLEIL;3;20.9;0
La Roche-sur-Yon;46.67;-1.42;25/09/2026;09:00;20.6;0;SOLEIL;3;20.2;0
La Roche-sur-Yon;46.67;-1.42;25/09/2026;10:00;20.6;0;SOLEIL;3;19.1;0
La Roche-sur-Yon;46.67;-1.42;25/09/2026;11:00;26.1;0;SOLEIL;3;18.0;0
La Roche-sur-Yon;46.67;-1.42;25/09/2026;12:00;26.1;0;SOLEIL;3;20.9;0
La Roche-sur-Yon;46.67;-1.42;25/09/2026;13:00;26.1;0;SOLEIL;3;21.2;0
La Roche-sur-Yon;46.67;-1.42;25/09/2026;14:00;27.5;0;SOLEIL;3;20.5;0
La Roche-sur-Yon;46.67;-1.42;25/09/2026;15:00;27.5;0;SOLEIL;3;19.8;0
La Roche-sur-Yon;46.67;-1.42;25/09/2026;16:00;27.5;0;SOLEIL;3;15.5;0
La Roche-sur-Yon;46.67;-1.42;25/09/2026;17:00;24.1;0;SOLEIL;3;15.8;0
La Roche-sur-Yon;46.67;-1.42;25/09/2026;18:00;24.1;0;SOLEIL;3;15.8;0
La Roche-sur-Yon;46.67;-1.42;25/09/2026;19:00;24.1;0;SOLEIL;3;16.2;0
La Roche-sur-Yon;46.67;-1.42;25/09/2026;20:00;20.3;0;SOLEIL;5;22.3;0
La Roche-sur-Yon;46.67;-1.42;25/09/2026;21:00;18.6;0;SOLEIL;5;21.6;0
La Roche-sur-Yon;46.67;-1.42;25/09/2026;22:00;17.0;0;SOLEIL;5;18.7;0
La Roche-sur-Yon;46.67;-1.42;25/09/2026;23:00;15.7;0;SOLEIL;2;19.1;0
La Roche-sur-Yon;46.67;-1.42;26/09/2026;00:00;15.7;0;SOLEIL;2;24.1;0
La Roche-sur-Yon;46.67;-1.42;26/09/2026;01:00;15.7;0;SOLEIL;2;25.6;0
La Roche-sur-Yon;46.67;-1.42;26/09/2026;02:00;13;0;SOLEIL;5;24.8;0
La Roche-sur-Yon;46.67;-1.42;26/09/2026;03:00;13;0;SOLEIL;5;23.8;0
La Roche-sur-Yon;46.67;-1.42;26/09/2026;04:00;13;0;SOLEIL;5;23.4;0
La Roche-sur-Yon;46.67;-1.42;26/09/2026;05:00;13.9;0;SOLEIL;2;25.6;0
La Roche-sur-Yon;46.67;-1.42;26/09/2026;06:00;13.9;0;SOLEIL;2;25.9;0
La Roche-sur-Yon;46.67;-1.42;26/09/2026;07:00;13.9;0;SOLEIL;2;24.7;0
La Roche-sur-Yon;46.67;-1.42;26/09/2026;08:00;15.8;0;SOLEIL;5;22.4;0
La Roche-sur-Yon;46.67;-1.42;26/09/2026;09:00;17.2;0;SOLEIL;5;20.5;0
La Roche-sur-Yon;46.67;-1.42;26/09/2026;10:00;18.6;0;SOLEIL;5;18.7;0
La Roche-sur-Yon;46.67;-1.42;26/09/2026;11:00;24.5;0;SOLEIL;3;17.3;0
La Roche-sur-Yon;46.67;-1.42;26/09/2026;12:00;24.5;0;SOLEIL;3;16.2;0
La Roche-sur-Yon;46.67;-1.42;26/09/2026;13:00;24.5;0;SOLEIL;3;15.1;0
La Roche-sur-Yon;46.67;-1.42;26/09/2026;14:00;24.3;0;SOLEIL;5;15.5;0
La Roche-sur-Yon;46.67;-1.42;26/09/2026;15:00;25.7;0;SOLEIL;5;18.4;0
La Roche-sur-Yon;46.67;-1.42;26/09/2026;16:00;24.3;0;SOLEIL;5;23.0;0
La Roche-sur-Yon;46.67;-1.42;26/09/2026;17:00;21.4;0;SOLEIL;2;26.3;0
La Roche-sur-Yon;46.67;-1.42;26/09/2026;18:00;21.4;0;SOLEIL;2;27.7;0
La Roche-sur-Yon;46.67;-1.42;26/09/2026;19:00;21.4;0;SOLEIL;2;28.1;0
La Roche-sur-Yon;46.67;-1.42;26/09/2026;20:00;18.6;0;SOLEIL;5;27.0;0
La Roche-sur-Yon;46.67;-1.42;26/09/2026;21:00;17.2;0;SOLEIL;5;23.4;0
La Roche-sur-Yon;46.67;-1.42;26/09/2026;22:00;15.8;0;SOLEIL;5;18.7;0
La Roche-sur-Yon;46.67;-1.42;26/09/2026;23:00;16.1;0;SOLEIL;2;14.4;0
La Roche-sur-Yon;46.67;-1.42;27/09/2026;00:00;16.1;0;SOLEIL;2;11.9;0
La Roche-sur-Yon;46.67;-1.42;27/09/2026;01:00;16.1;0;SOLEIL;2;10.1;0
La Roche-sur-Yon;46.67;-1.42;27/09/2026;02:00;14.1;2;NUAGEUX;5;9.0;0
La Roche-sur-Yon;46.67;-1.42;27/09/2026;03:00;14.1;2;NUAGEUX;5;9.4;0
La Roche-sur-Yon;46.67;-1.42;27/09/2026;04:00;14.1;2;NUAGEUX;5;10.4;0
La Roche-sur-Yon;46.67;-1.42;27/09/2026;05:00;15.2;2;NUAGEUX;2;11.9;0
La Roche-sur-Yon;46.67;-1.42;27/09/2026;06:00;15.2;2;NUAGEUX;2;12.6;0
La Roche-sur-Yon;46.67;-1.42;27/09/2026;07:00;15.2;2;NUAGEUX;2;13.3;0
La Roche-sur-Yon;46.67;-1.42;27/09/2026;08:00;16.2;2;NUAGEUX;5;15.5;0
La Roche-sur-Yon;46.67;-1.42;27/09/2026;09:00;17.3;2;NUAGEUX;5;19.8;0
La Roche-sur-Yon;46.67;-1.42;27/09/2026;10:00;18.3;2;NUAGEUX;5;25.6;0
La Roche-sur-Yon;46.67;-1.42;27/09/2026;11:00;22.9;2;NUAGEUX;3;31.0;0
La Roche-sur-Yon;46.67;-1.42;27/09/2026;12:00;22.9;2;NUAGEUX;3;36.0;0
La Roche-sur-Yon;46.67;-1.42;27/09/2026;13:00;22.9;2;NUAGEUX;3;41.0;0
La Roche-sur-Yon;46.67;-1.42;27/09/2026;14:00;22.5;2;NUAGEUX;5;44.6;0
La Roche-sur-Yon;46.67;-1.42;27/09/2026;15:00;23.6;2;NUAGEUX;5;47.2;0
La Roche-sur-Yon;46.67;-1.42;27/09/2026;16:00;22.5;2;NUAGEUX;5;48.6;0
La Roche-sur-Yon;46.67;-1.42;27/09/2026;17:00;20.7;2;NUAGEUX;2;48.6;0
La Roche-sur-Yon;46.67;-1.42;27/09/2026;18:00;20.7;2;NUAGEUX;2;46.1;0
La Roche-sur-Yon;46.67;-1.42;27/09/2026;19:00;20.7;2;NUAGEUX;2;41.8;0
La Roche-sur-Yon;46.67;-1.42;27/09/2026;20:00;18.3;2;NUAGEUX;5;38.9;0
La Roche-sur-Yon;46.67;-1.42;27/09/2026;21:00;17.3;2;NUAGEUX;5;18.7;0
La Roche-sur-Yon;46.67;-1.42;27/09/2026;22:00;16.2;2;NUAGEUX;5;20.2;0
La Roche-sur-Yon;46.67;-1.42;27/09/2026;23:00;17.1;6;AVERSES;3;21.6;0
La Tranche-sur-Mer;46.34;-1.43;23/09/2026;00:00;16.4;0;SOLEIL;3;16.2;0
La Tranche-sur-Mer;46.34;-1.43;23/09/2026;01:00;16.1;0;SOLEIL;3;18.7;0
La Tranche-sur-Mer;46.34;-1.43;23/09/2026;02:00;15.9;0;SOLEIL;3;18.7;0
La Tranche-sur-Mer;46.34;-1.43;23/09/2026;03:00;15.5;0;SOLEIL;3;18.0;0
La Tranche-sur-Mer;46.34;-1.43;23/09/2026;04:00;15.2;0;SOLEIL;3;18.7;0
La Tranche-sur-Mer;46.34;-1.43;23/09/2026;05:00;14.9;0;SOLEIL;3;19.4;0
La Tranche-sur-Mer;46.34;-1.43;23/09/2026;06:00;14.2;0;SOLEIL;3;18.7;0
La Tranche-sur-Mer;46.34;-1.43;23/09/2026;07:00;16.5;0;SOLEIL;2;17.6;0
La Tranche-sur-Mer;46.34;-1.43;23/09/2026;08:00;18.9;0;SOLEIL;3;15.8;0
La Tranche-sur-Mer;46.34;-1.43;23/09/2026;09:00;21.1;0;SOLEIL;3;15.8;0
La Tranche-sur-Mer;46.34;-1.43;23/09/2026;10:00;23.1;0;SOLEIL;3;19.4;0
La Tranche-sur-Mer;46.34;-1.43;23/09/2026;11:00;25.1;0;SOLEIL;4;19.8;0
La Tranche-sur-Mer;46.34;-1.43;23/09/2026;12:00;26.1;0;SOLEIL;4;18.7;0
La Tranche-sur-Mer;46.34;-1.43;23/09/2026;13:00;26.6;0;SOLEIL;4;20.2;0
La Tranche-sur-Mer;46.34;-1.43;23/09/2026;14:00;26.7;0;SOLEIL;4;12.2;0
La Tranche-sur-Mer;46.34;-1.43;23/09/2026;15:00;26.7;0;SOLEIL;4;24.5;0
La Tranche-sur-Mer;46.34;-1.43;23/09/2026;16:00;26.2;5;SOLEIL VOILÉ;4;24.5;0
La Tranche-sur-Mer;46.34;-1.43;23/09/2026;17:00;25.6;0;SOLEIL;3;21.2;0
La Tranche-sur-Mer;46.34;-1.43;23/09/2026;18:00;23.7;0;SOLEIL;2;15.8;0
La Tranche-sur-Mer;46.34;-1.43;23/09/2026;19:00;22.1;0;SOLEIL;3;14.4;0
La Tranche-sur-Mer;46.34;-1.43;23/09/2026;20:00;20.9;0;SOLEIL;3;10.8;0
La Tranche-sur-Mer;46.34;-1.43;23/09/2026;21:00;19.4;0;SOLEIL;3;6.5;0
La Tranche-sur-Mer;46.34;-1.43;23/09/2026;22:00;18.1;0;SOLEIL;4;13.0;0
La Tranche-sur-Mer;46.34;-1.43;23/09/2026;23:00;17.1;0;SOLEIL;4;13.7;0
La Tranche-sur-Mer;46.34;-1.43;24/09/2026;00:00;16.6;0;SOLEIL;5;24.8;0
La Tranche-sur-Mer;46.34;-1.43;24/09/2026;01:00;16.6;0;SOLEIL;5;24.8;0
La Tranche-sur-Mer;46.34;-1.43;24/09/2026;02:00;15.2;0;SOLEIL;5;20.2;0
La Tranche-sur-Mer;46.34;-1.43;24/09/2026;03:00;15.2;0;SOLEIL;5;19.7;0
La Tranche-sur-Mer;46.34;-1.43;24/09/2026;04:00;15.2;0;SOLEIL;5;18.9;0
La Tranche-sur-Mer;46.34;-1.43;24/09/2026;05:00;14.5;5;SOLEIL VOILÉ;5;20.6;0
La Tranche-sur-Mer;46.34;-1.43;24/09/2026;06:00;14.5;5;SOLEIL VOILÉ;5;20.9;0
La Tranche-sur-Mer;46.34;-1.43;24/09/2026;07:00;14.5;5;SOLEIL VOILÉ;5;20.9;0
La Tranche-sur-Mer;46.34;-1.43;24/09/2026;08:00;21.1;5;SOLEIL VOILÉ;5;23.0;0
La Tranche-sur-Mer;46.34;-1.43;24/09/2026;09:00;21.1;5;SOLEIL VOILÉ;5;24.8;0
La Tranche-sur-Mer;46.34;-1.43;24/09/2026;10:00;21.1;5;SOLEIL VOILÉ;5;30.2;0
La Tranche-sur-Mer;46.34;-1.43;24/09/2026;11:00;26.2;5;SOLEIL VOILÉ;3;32.0;0
La Tranche-sur-Mer;46.34;-1.43;24/09/2026;12:00;26.2;5;SOLEIL VOILÉ;3;32.0;0
La Tranche-sur-Mer;46.34;-1.43;24/09/2026;13:00;26.2;5;SOLEIL VOILÉ;3;34.2;0
La Tranche-sur-Mer;46.34;-1.43;24/09/2026;14:00;26.7;5;SOLEIL VOILÉ;2;34.6;0
La Tranche-sur-Mer;46.34;-1.43;24/09/2026;15:00;26.7;5;SOLEIL VOILÉ;2;33.5;0
La Tranche-sur-Mer;46.34;-1.43;24/09/2026;16:00;26.7;5;SOLEIL VOILÉ;2;31.0;0
La Tranche-sur-Mer;46.34;-1.43;24/09/2026;17:00;23.7;5;SOLEIL VOILÉ;5;28.1;0
La Tranche-sur-Mer;46.34;-1.43;24/09/2026;18:00;23.7;5;SOLEIL VOILÉ;5;26.6;0
La Tranche-sur-Mer;46.34;-1.43;24/09/2026;19:00;23.7;5;SOLEIL VOILÉ;5;23.4;0
La Tranche-sur-Mer;46.34;-1.43;24/09/2026;20:00;19.1;0;SOLEIL;5;20.2;0
La Tranche-sur-Mer;46.34;-1.43;24/09/2026;21:00;19.1;0;SOLEIL;5;16.9;0
La Tranche-sur-Mer;46.34;-1.43;24/09/2026;22:00;19.1;0;SOLEIL;5;18.0;0
La Tranche-sur-Mer;46.34;-1.43;24/09/2026;23:00;17.1;0;SOLEIL;5;17.6;0
La Tranche-sur-Mer;46.34;-1.43;25/09/2026;00:00;17.1;0;SOLEIL;5;15.5;0
La Tranche-sur-Mer;46.34;-1.43;25/09/2026;01:00;17.1;0;SOLEIL;5;16.6;0
La Tranche-sur-Mer;46.34;-1.43;25/09/2026;02:00;15.4;0;SOLEIL;5;16.9;0
La Tranche-sur-Mer;46.34;-1.43;25/09/2026;03:00;15.4;0;SOLEIL;5;16.2;0
La Tranche-sur-Mer;46.34;-1.43;25/09/2026;04:00;15.4;0;SOLEIL;5;16.9;0
La Tranche-sur-Mer;46.34;-1.43;25/09/2026;05:00;14.6;0;SOLEIL;5;19.4;0
La Tranche-sur-Mer;46.34;-1.43;25/09/2026;06:00;14.6;0;SOLEIL;5;19.8;0
La Tranche-sur-Mer;46.34;-1.43;25/09/2026;07:00;14.6;0;SOLEIL;5;19.1;0
La Tranche-sur-Mer;46.34;-1.43;25/09/2026;08:00;21;0;SOLEIL;5;18.0;0
La Tranche-sur-Mer;46.34;-1.43;25/09/2026;09:00;21;0;SOLEIL;5;18.0;0
La Tranche-sur-Mer;46.34;-1.43;25/09/2026;10:00;21;0;SOLEIL;5;17.3;0
La Tranche-sur-Mer;46.34;-1.43;25/09/2026;11:00;24.2;0;SOLEIL;4;18.4;0
La Tranche-sur-Mer;46.34;-1.43;25/09/2026;12:00;24.2;0;SOLEIL;4;20.2;0
La Tranche-sur-Mer;46.34;-1.43;25/09/2026;13:00;24.2;0;SOLEIL;4;23.8;0
La Tranche-sur-Mer;46.34;-1.43;25/09/2026;14:00;24.6;0;SOLEIL;4;23.8;0
La Tranche-sur-Mer;46.34;-1.43;25/09/2026;15:00;24.6;0;SOLEIL;4;22.7;0
La Tranche-sur-Mer;46.34;-1.43;25/09/2026;16:00;24.6;0;SOLEIL;4;20.2;0
La Tranche-sur-Mer;46.34;-1.43;25/09/2026;17:00;21.4;0;SOLEIL;5;22.0;0
La Tranche-sur-Mer;46.34;-1.43;25/09/2026;18:00;21.4;0;SOLEIL;5;22.7;0
La Tranche-sur-Mer;46.34;-1.43;25/09/2026;19:00;21.4;0;SOLEIL;5;22.7;0
La Tranche-sur-Mer;46.34;-1.43;25/09/2026;20:00;18.9;0;SOLEIL;5;19.8;0
La Tranche-sur-Mer;46.34;-1.43;25/09/2026;21:00;17.6;0;SOLEIL;5;20.2;0
La Tranche-sur-Mer;46.34;-1.43;25/09/2026;22:00;16.3;0;SOLEIL;5;21.2;0
La Tranche-sur-Mer;46.34;-1.43;25/09/2026;23:00;16.9;0;SOLEIL;5;24.5;0
La Tranche-sur-Mer;46.34;-1.43;26/09/2026;00:00;16.9;0;SOLEIL;5;29.9;0
La Tranche-sur-Mer;46.34;-1.43;26/09/2026;01:00;16.9;0;SOLEIL;5;27.7;0
La Tranche-sur-Mer;46.34;-1.43;26/09/2026;02:00;13.9;0;SOLEIL;5;27.4;0
La Tranche-sur-Mer;46.34;-1.43;26/09/2026;03:00;13.9;0;SOLEIL;5;27.7;0
La Tranche-sur-Mer;46.34;-1.43;26/09/2026;04:00;13.9;0;SOLEIL;5;25.9;0
La Tranche-sur-Mer;46.34;-1.43;26/09/2026;05:00;14.9;0;SOLEIL;4;28.4;0
La Tranche-sur-Mer;46.34;-1.43;26/09/2026;06:00;14.9;0;SOLEIL;4;28.4;0
La Tranche-sur-Mer;46.34;-1.43;26/09/2026;07:00;14.9;0;SOLEIL;4;23.4;0
La Tranche-sur-Mer;46.34;-1.43;26/09/2026;08:00;15.8;0;SOLEIL;5;19.1;0
La Tranche-sur-Mer;46.34;-1.43;26/09/2026;09:00;16.8;0;SOLEIL;5;15.5;0
La Tranche-sur-Mer;46.34;-1.43;26/09/2026;10:00;17.8;0;SOLEIL;5;14.0;0
La Tranche-sur-Mer;46.34;-1.43;26/09/2026;11:00;21.9;0;SOLEIL;3;14.8;0
La Tranche-sur-Mer;46.34;-1.43;26/09/2026;12:00;21.9;0;SOLEIL;3;19.1;0
La Tranche-sur-Mer;46.34;-1.43;26/09/2026;13:00;21.9;0;SOLEIL;3;25.6;0
La Tranche-sur-Mer;46.34;-1.43;26/09/2026;14:00;21.6;0;SOLEIL;5;30.2;0
La Tranche-sur-Mer;46.34;-1.43;26/09/2026;15:00;22.6;0;SOLEIL;5;31.7;0
La Tranche-sur-Mer;46.34;-1.43;26/09/2026;16:00;21.6;0;SOLEIL;5;31.7;0
La Tranche-sur-Mer;46.34;-1.43;26/09/2026;17:00;20;0;SOLEIL;4;31.0;0
La Tranche-sur-Mer;46.34;-1.43;26/09/2026;18:00;20;0;SOLEIL;4;29.9;0
La Tranche-sur-Mer;46.34;-1.43;26/09/2026;19:00;20;0;SOLEIL;4;28.1;0
La Tranche-sur-Mer;46.34;-1.43;26/09/2026;20:00;17.8;0;SOLEIL;5;25.6;0
La Tranche-sur-Mer;46.34;-1.43;26/09/2026;21:00;16.8;0;SOLEIL;5;22.0;0
La Tranche-sur-Mer;46.34;-1.43;26/09/2026;22:00;15.8;0;SOLEIL;5;17.3;0
La Tranche-sur-Mer;46.34;-1.43;26/09/2026;23:00;17;0;SOLEIL;3;14.0;0
La Tranche-sur-Mer;46.34;-1.43;27/09/2026;00:00;17;0;SOLEIL;3;12.2;0
La Tranche-sur-Mer;46.34;-1.43;27/09/2026;01:00;17;0;SOLEIL;3;11.5;0
La Tranche-sur-Mer;46.34;-1.43;27/09/2026;02:00;15.6;2;NUAGEUX;5;11.5;0
La Tranche-sur-Mer;46.34;-1.43;27/09/2026;03:00;15.6;2;NUAGEUX;5;11.9;0
La Tranche-sur-Mer;46.34;-1.43;27/09/2026;04:00;15.6;2;NUAGEUX;5;13.0;0
La Tranche-sur-Mer;46.34;-1.43;27/09/2026;05:00;16.6;2;NUAGEUX;3;14.8;0
La Tranche-sur-Mer;46.34;-1.43;27/09/2026;06:00;16.6;2;NUAGEUX;3;18.0;0
La Tranche-sur-Mer;46.34;-1.43;27/09/2026;07:00;16.6;2;NUAGEUX;3;22.3;0
La Tranche-sur-Mer;46.34;-1.43;27/09/2026;08:00;17.0;2;NUAGEUX;5;26.3;0
La Tranche-sur-Mer;46.34;-1.43;27/09/2026;09:00;17.8;2;NUAGEUX;5;29.9;0
La Tranche-sur-Mer;46.34;-1.43;27/09/2026;10:00;18.5;2;NUAGEUX;5;33.1;0
La Tranche-sur-Mer;46.34;-1.43;27/09/2026;11:00;21.6;2;NUAGEUX;4;36.4;0
La Tranche-sur-Mer;46.34;-1.43;27/09/2026;12:00;21.6;2;NUAGEUX;4;39.6;0
La Tranche-sur-Mer;46.34;-1.43;27/09/2026;13:00;21.6;2;NUAGEUX;4;42.5;0
La Tranche-sur-Mer;46.34;-1.43;27/09/2026;14:00;21.4;2;NUAGEUX;5;44.6;0
La Tranche-sur-Mer;46.34;-1.43;27/09/2026;15:00;22.1;2;NUAGEUX;5;46.1;0
La Tranche-sur-Mer;46.34;-1.43;27/09/2026;16:00;21.4;2;NUAGEUX;5;46.8;0
La Tranche-sur-Mer;46.34;-1.43;27/09/2026;17:00;19.6;2;NUAGEUX;4;46.4;0
La Tranche-sur-Mer;46.34;-1.43;27/09/2026;18:00;19.6;2;NUAGEUX;4;44.3;0
La Tranche-sur-Mer;46.34;-1.43;27/09/2026;19:00;19.6;2;NUAGEUX;4;41.0;0
La Tranche-sur-Mer;46.34;-1.43;27/09/2026;20:00;18.5;2;NUAGEUX;5;38.9;0
La Tranche-sur-Mer;46.34;-1.43;27/09/2026;21:00;17.8;2;NUAGEUX;5;25.2;0
La Tranche-sur-Mer;46.34;-1.43;27/09/2026;22:00;17.0;2;NUAGEUX;5;25.6;0
La Tranche-sur-Mer;46.34;-1.43;27/09/2026;23:00;17.9;7;PLUIE FAIBLE;4;25.9;0
