Ville;Latitude;Longitude;Date;Heure;temperature_2m;weathercode;Temps_Label;windspeed_10m;wind_gusts_10m;precipitation
Bourg-en-Bresse;46.2;5.22;16/09/2026;00:00;22.6;0;SOLEIL;3;16.2;0
Bourg-en-Bresse;46.2;5.22;16/09/2026;01:00;22.1;0;SOLEIL;3;14.4;0
Bourg-en-Bresse;46.2;5.22;16/09/2026;02:00;21.1;0;SOLEIL;2;12.6;0
Bourg-en-Bresse;46.2;5.22;16/09/2026;03:00;20.4;0;SOLEIL;2;11.5;0
Bourg-en-Bresse;46.2;5.22;16/09/2026;04:00;19.4;0;SOLEIL;4;10.4;0
Bourg-en-Bresse;46.2;5.22;16/09/2026;05:00;18.6;0;SOLEIL;4;10.8;0
Bourg-en-Bresse;46.2;5.22;16/09/2026;06:00;19.1;0;SOLEIL;4;8.3;0
Bourg-en-Bresse;46.2;5.22;16/09/2026;07:00;20.1;0;SOLEIL;4;32.4;0
Bourg-en-Bresse;46.2;5.22;16/09/2026;08:00;21.1;2;NUAGEUX;4;37.1;0
Bourg-en-Bresse;46.2;5.22;16/09/2026;09:00;21.5;2;NUAGEUX;3;35.6;0
Bourg-en-Bresse;46.2;5.22;16/09/2026;10:00;23.4;2;NUAGEUX;3;28.1;0
Bourg-en-Bresse;46.2;5.22;16/09/2026;11:00;24.4;2;NUAGEUX;3;27.0;0
Bourg-en-Bresse;46.2;5.22;16/09/2026;12:00;23.5;2;NUAGEUX;4;27.4;0
Bourg-en-Bresse;46.2;5.22;16/09/2026;13:00;23.1;2;NUAGEUX;4;34.6;0
Bourg-en-Bresse;46.2;5.22;16/09/2026;14:00;22.6;2;NUAGEUX;4;29.2;0
Bourg-en-Bresse;46.2;5.22;16/09/2026;15:00;22.5;2;NUAGEUX;4;23.8;0
Bourg-en-Bresse;46.2;5.22;16/09/2026;16:00;22;2;NUAGEUX;3;26.3;0
Bourg-en-Bresse;46.2;5.22;16/09/2026;17:00;21.6;2;NUAGEUX;3;24.8;0
Bourg-en-Bresse;46.2;5.22;16/09/2026;18:00;21.1;0;SOLEIL;3;20.2;0
Bourg-en-Bresse;46.2;5.22;16/09/2026;19:00;20.6;0;SOLEIL;3;16.6;0
Bourg-en-Bresse;46.2;5.22;16/09/2026;20:00;20;0;SOLEIL;1;16.6;0
Bourg-en-Bresse;46.2;5.22;16/09/2026;21:00;19.5;0;SOLEIL;2;17.6;0
Bourg-en-Bresse;46.2;5.22;16/09/2026;22:00;19;0;SOLEIL;3;3.6;0
Bourg-en-Bresse;46.2;5.22;16/09/2026;23:00;18.6;0;SOLEIL;3;2.2;0
Bourg-en-Bresse;46.2;5.22;17/09/2026;00:00;18;0;SOLEIL;3;6.8;0
Bourg-en-Bresse;46.2;5.22;17/09/2026;01:00;18;0;SOLEIL;3;7.9;0
Bourg-en-Bresse;46.2;5.22;17/09/2026;02:00;17;0;SOLEIL;2;7.9;0
Bourg-en-Bresse;46.2;5.22;17/09/2026;03:00;17;0;SOLEIL;2;6.5;0
Bourg-en-Bresse;46.2;5.22;17/09/2026;04:00;17;0;SOLEIL;2;6.8;0
Bourg-en-Bresse;46.2;5.22;17/09/2026;05:00;16.4;0;SOLEIL;2;7.5;0
Bourg-en-Bresse;46.2;5.22;17/09/2026;06:00;16.4;0;SOLEIL;2;7.9;0
Bourg-en-Bresse;46.2;5.22;17/09/2026;07:00;16.4;0;SOLEIL;2;9.0;0
Bourg-en-Bresse;46.2;5.22;17/09/2026;08:00;20.1;0;SOLEIL;3;8.6;0
Bourg-en-Bresse;46.2;5.22;17/09/2026;09:00;20.1;0;SOLEIL;3;8.3;0
Bourg-en-Bresse;46.2;5.22;17/09/2026;10:00;20.1;0;SOLEIL;3;10.1;0
Bourg-en-Bresse;46.2;5.22;17/09/2026;11:00;23;0;SOLEIL;3;23.0;0
Bourg-en-Bresse;46.2;5.22;17/09/2026;12:00;23;0;SOLEIL;3;31.7;0
Bourg-en-Bresse;46.2;5.22;17/09/2026;13:00;23;0;SOLEIL;3;34.2;0
Bourg-en-Bresse;46.2;5.22;17/09/2026;14:00;24.6;5;SOLEIL VOILÉ;3;32.8;0
Bourg-en-Bresse;46.2;5.22;17/09/2026;15:00;24.6;5;SOLEIL VOILÉ;3;34.2;0
Bourg-en-Bresse;46.2;5.22;17/09/2026;16:00;24.6;5;SOLEIL VOILÉ;3;33.8;0
Bourg-en-Bresse;46.2;5.22;17/09/2026;17:00;22.2;5;SOLEIL VOILÉ;3;32.0;0
Bourg-en-Bresse;46.2;5.22;17/09/2026;18:00;22.2;5;SOLEIL VOILÉ;3;32.4;0
Bourg-en-Bresse;46.2;5.22;17/09/2026;19:00;22.2;5;SOLEIL VOILÉ;3;29.2;0
Bourg-en-Bresse;46.2;5.22;17/09/2026;20:00;19.1;5;SOLEIL VOILÉ;2;22.7;0
Bourg-en-Bresse;46.2;5.22;17/09/2026;21:00;19.1;5;SOLEIL VOILÉ;2;9.7;0
Bourg-en-Bresse;46.2;5.22;17/09/2026;22:00;19.1;5;SOLEIL VOILÉ;2;7.2;0
Bourg-en-Bresse;46.2;5.22;17/09/2026;23:00;17.2;0;SOLEIL;2;6.5;0
Bourg-en-Bresse;46.2;5.22;18/09/2026;00:00;17.2;0;SOLEIL;2;7.9;0
Bourg-en-Bresse;46.2;5.22;18/09/2026;01:00;17.2;0;SOLEIL;2;8.3;0
Bourg-en-Bresse;46.2;5.22;18/09/2026;02:00;15.6;0;SOLEIL;2;7.9;0
Bourg-en-Bresse;46.2;5.22;18/09/2026;03:00;15.6;0;SOLEIL;2;7.2;0
Bourg-en-Bresse;46.2;5.22;18/09/2026;04:00;15.6;0;SOLEIL;2;7.6;0
Bourg-en-Bresse;46.2;5.22;18/09/2026;05:00;15.4;0;SOLEIL;2;7.2;0
Bourg-en-Bresse;46.2;5.22;18/09/2026;06:00;15.4;0;SOLEIL;2;6.1;0
Bourg-en-Bresse;46.2;5.22;18/09/2026;07:00;15.4;0;SOLEIL;2;6.5;0
Bourg-en-Bresse;46.2;5.22;18/09/2026;08:00;20.1;0;SOLEIL;2;5.8;0
Bourg-en-Bresse;46.2;5.22;18/09/2026;09:00;20.1;0;SOLEIL;2;11.5;0
Bourg-en-Bresse;46.2;5.22;18/09/2026;10:00;20.1;0;SOLEIL;2;19.8;0
Bourg-en-Bresse;46.2;5.22;18/09/2026;11:00;23.7;0;SOLEIL;3;26.3;0
Bourg-en-Bresse;46.2;5.22;18/09/2026;12:00;23.7;0;SOLEIL;3;29.2;0
Bourg-en-Bresse;46.2;5.22;18/09/2026;13:00;23.7;0;SOLEIL;3;30.6;0
Bourg-en-Bresse;46.2;5.22;18/09/2026;14:00;25.6;0;SOLEIL;3;31.3;0
Bourg-en-Bresse;46.2;5.22;18/09/2026;15:00;25.6;0;SOLEIL;3;32.4;0
Bourg-en-Bresse;46.2;5.22;18/09/2026;16:00;25.6;0;SOLEIL;3;33.5;0
Bourg-en-Bresse;46.2;5.22;18/09/2026;17:00;22.9;0;SOLEIL;3;33.1;0
Bourg-en-Bresse;46.2;5.22;18/09/2026;18:00;22.9;0;SOLEIL;3;31.3;0
Bourg-en-Bresse;46.2;5.22;18/09/2026;19:00;22.9;0;SOLEIL;3;28.1;0
Bourg-en-Bresse;46.2;5.22;18/09/2026;20:00;20.0;0;SOLEIL;5;24.5;0
Bourg-en-Bresse;46.2;5.22;18/09/2026;21:00;18.7;0;SOLEIL;5;19.4;0
Bourg-en-Bresse;46.2;5.22;18/09/2026;22:00;17.3;0;SOLEIL;5;13.7;0
Bourg-en-Bresse;46.2;5.22;18/09/2026;23:00;17.4;0;SOLEIL;2;9.7;0
Bourg-en-Bresse;46.2;5.22;19/09/2026;00:00;17.4;0;SOLEIL;2;8.6;0
Bourg-en-Bresse;46.2;5.22;19/09/2026;01:00;17.4;0;SOLEIL;2;9.0;0
Bourg-en-Bresse;46.2;5.22;19/09/2026;02:00;14.1;0;SOLEIL;5;9.4;0
Bourg-en-Bresse;46.2;5.22;19/09/2026;03:00;14.1;0;SOLEIL;5;9.0;0
Bourg-en-Bresse;46.2;5.22;19/09/2026;04:00;14.1;0;SOLEIL;5;8.6;0
Bourg-en-Bresse;46.2;5.22;19/09/2026;05:00;14.9;0;SOLEIL;1;8.3;0
Bourg-en-Bresse;46.2;5.22;19/09/2026;06:00;14.9;0;SOLEIL;1;7.6;0
Bourg-en-Bresse;46.2;5.22;19/09/2026;07:00;14.9;0;SOLEIL;1;7.2;0
Bourg-en-Bresse;46.2;5.22;19/09/2026;08:00;16.9;0;SOLEIL;5;6.8;0
Bourg-en-Bresse;46.2;5.22;19/09/2026;09:00;18.2;0;SOLEIL;5;6.8;0
Bourg-en-Bresse;46.2;5.22;19/09/2026;10:00;19.6;0;SOLEIL;5;7.2;0
Bourg-en-Bresse;46.2;5.22;19/09/2026;11:00;24.1;0;SOLEIL;2;9.0;0
Bourg-en-Bresse;46.2;5.22;19/09/2026;12:00;24.1;0;SOLEIL;2;13.7;0
Bourg-en-Bresse;46.2;5.22;19/09/2026;13:00;24.1;0;SOLEIL;2;19.4;0
Bourg-en-Bresse;46.2;5.22;19/09/2026;14:00;25.1;0;SOLEIL;5;24.5;0
Bourg-en-Bresse;46.2;5.22;19/09/2026;15:00;26.5;0;SOLEIL;5;27.4;0
Bourg-en-Bresse;46.2;5.22;19/09/2026;16:00;25.1;0;SOLEIL;5;29.2;0
Bourg-en-Bresse;46.2;5.22;19/09/2026;17:00;23.1;0;SOLEIL;2;29.9;0
Bourg-en-Bresse;46.2;5.22;19/09/2026;18:00;23.1;0;SOLEIL;2;29.5;0
Bourg-en-Bresse;46.2;5.22;19/09/2026;19:00;23.1;0;SOLEIL;2;28.1;0
Bourg-en-Bresse;46.2;5.22;19/09/2026;20:00;19.6;0;SOLEIL;5;25.2;0
Bourg-en-Bresse;46.2;5.22;19/09/2026;21:00;18.2;0;SOLEIL;5;19.4;0
Bourg-en-Bresse;46.2;5.22;19/09/2026;22:00;16.9;0;SOLEIL;5;12.2;0
Bourg-en-Bresse;46.2;5.22;19/09/2026;23:00;18.5;0;SOLEIL;1;7.2;0
Bourg-en-Bresse;46.2;5.22;20/09/2026;00:00;18.5;0;SOLEIL;1;6.3;0
Bourg-en-Bresse;46.2;5.22;20/09/2026;01:00;18.5;0;SOLEIL;1;7.2;0
Bourg-en-Bresse;46.2;5.22;20/09/2026;02:00;15.1;0;SOLEIL;5;7.7;0
Bourg-en-Bresse;46.2;5.22;20/09/2026;03:00;15.1;0;SOLEIL;5;6.5;0
Bourg-en-Bresse;46.2;5.22;20/09/2026;04:00;15.1;0;SOLEIL;5;5.0;0
Bourg-en-Bresse;46.2;5.22;20/09/2026;05:00;16.1;0;SOLEIL;1;4.0;0
Bourg-en-Bresse;46.2;5.22;20/09/2026;06:00;16.1;0;SOLEIL;1;3.2;0
Bourg-en-Bresse;46.2;5.22;20/09/2026;07:00;16.1;0;SOLEIL;1;2.5;0
Bourg-en-Bresse;46.2;5.22;20/09/2026;08:00;17.5;0;SOLEIL;5;3.2;0
Bourg-en-Bresse;46.2;5.22;20/09/2026;09:00;18.7;0;SOLEIL;5;5.4;0
Bourg-en-Bresse;46.2;5.22;20/09/2026;10:00;19.9;0;SOLEIL;5;9.0;0
Bourg-en-Bresse;46.2;5.22;20/09/2026;11:00;25;0;SOLEIL;3;13.0;0
Bourg-en-Bresse;46.2;5.22;20/09/2026;12:00;25;0;SOLEIL;3;17.6;0
Bourg-en-Bresse;46.2;5.22;20/09/2026;13:00;25;0;SOLEIL;3;22.7;0
Bourg-en-Bresse;46.2;5.22;20/09/2026;14:00;24.8;0;SOLEIL;5;26.6;0
Bourg-en-Bresse;46.2;5.22;20/09/2026;15:00;26.0;0;SOLEIL;5;28.8;0
Bourg-en-Bresse;46.2;5.22;20/09/2026;16:00;24.8;0;SOLEIL;5;29.9;0
Bourg-en-Bresse;46.2;5.22;20/09/2026;17:00;23.4;0;SOLEIL;3;29.9;0
Bourg-en-Bresse;46.2;5.22;20/09/2026;18:00;23.4;0;SOLEIL;3;29.2;0
Bourg-en-Bresse;46.2;5.22;20/09/2026;19:00;23.4;0;SOLEIL;3;27.4;0
Bourg-en-Bresse;46.2;5.22;20/09/2026;20:00;19.9;0;SOLEIL;5;24.8;0
Bourg-en-Bresse;46.2;5.22;20/09/2026;21:00;18.7;0;SOLEIL;5;20.2;0
Bourg-en-Bresse;46.2;5.22;20/09/2026;22:00;17.5;0;SOLEIL;5;14.4;0
Bourg-en-Bresse;46.2;5.22;20/09/2026;23:00;18.7;0;SOLEIL;3;10.4;0
Vichy;46.12;3.42;16/09/2026;00:00;22.4;0;SOLEIL;4;27.4;0
Vichy;46.12;3.42;16/09/2026;01:00;21.9;0;SOLEIL;4;27.0;0
Vichy;46.12;3.42;16/09/2026;02:00;20.5;0;SOLEIL;3;26.6;0
Vichy;46.12;3.42;16/09/2026;03:00;18.9;0;SOLEIL;2;26.6;0
Vichy;46.12;3.42;16/09/2026;04:00;18.1;0;SOLEIL;3;26.6;0
Vichy;46.12;3.42;16/09/2026;05:00;18.5;0;SOLEIL;3;24.1;0
Vichy;46.12;3.42;16/09/2026;06:00;16.8;0;SOLEIL;3;20.9;0
Vichy;46.12;3.42;16/09/2026;07:00;19.2;2;NUAGEUX;4;15.1;0
Vichy;46.12;3.42;16/09/2026;08:00;20.1;2;NUAGEUX;4;39.2;0
Vichy;46.12;3.42;16/09/2026;09:00;20.5;2;NUAGEUX;3;39.6;0
Vichy;46.12;3.42;16/09/2026;10:00;21.6;2;NUAGEUX;3;31.0;0
Vichy;46.12;3.42;16/09/2026;11:00;22.5;2;NUAGEUX;4;27.0;0
Vichy;46.12;3.42;16/09/2026;12:00;22.1;6;AVERSES;4;23.8;0.2
Vichy;46.12;3.42;16/09/2026;13:00;22.2;2;NUAGEUX;4;31.0;0
Vichy;46.12;3.42;16/09/2026;14:00;21.6;2;NUAGEUX;4;28.4;0
Vichy;46.12;3.42;16/09/2026;15:00;22;2;NUAGEUX;3;23.8;0
Vichy;46.12;3.42;16/09/2026;16:00;22.2;2;NUAGEUX;2;20.5;0
Vichy;46.12;3.42;16/09/2026;17:00;21.2;2;NUAGEUX;2;21.2;0
Vichy;46.12;3.42;16/09/2026;18:00;19.6;2;NUAGEUX;2;24.8;0
Vichy;46.12;3.42;16/09/2026;19:00;18.1;0;SOLEIL;1;19.4;0
Vichy;46.12;3.42;16/09/2026;20:00;17;0;SOLEIL;1;16.6;0
Vichy;46.12;3.42;16/09/2026;21:00;16.2;0;SOLEIL;1;7.9;0
Vichy;46.12;3.42;16/09/2026;22:00;15.3;0;SOLEIL;2;6.8;0
Vichy;46.12;3.42;16/09/2026;23:00;14.5;0;SOLEIL;1;4.3;0
Vichy;46.12;3.42;17/09/2026;00:00;13.1;0;SOLEIL;1;6.8;0
Vichy;46.12;3.42;17/09/2026;01:00;13.1;0;SOLEIL;1;7.9;0
Vichy;46.12;3.42;17/09/2026;02:00;11.7;0;SOLEIL;2;8.6;0
Vichy;46.12;3.42;17/09/2026;03:00;11.7;0;SOLEIL;2;7.2;0
Vichy;46.12;3.42;17/09/2026;04:00;11.7;0;SOLEIL;2;7.0;0
Vichy;46.12;3.42;17/09/2026;05:00;10.6;0;SOLEIL;1;5.5;0
Vichy;46.12;3.42;17/09/2026;06:00;10.6;0;SOLEIL;1;5.4;0
Vichy;46.12;3.42;17/09/2026;07:00;10.6;0;SOLEIL;1;5.4;0
Vichy;46.12;3.42;17/09/2026;08:00;18.6;0;SOLEIL;2;4.0;0
Vichy;46.12;3.42;17/09/2026;09:00;18.6;0;SOLEIL;2;4.7;0
Vichy;46.12;3.42;17/09/2026;10:00;18.6;0;SOLEIL;2;9.0;0
Vichy;46.12;3.42;17/09/2026;11:00;22.2;5;SOLEIL VOILÉ;3;17.3;0
Vichy;46.12;3.42;17/09/2026;12:00;22.2;5;SOLEIL VOILÉ;3;23.0;0
Vichy;46.12;3.42;17/09/2026;13:00;22.2;5;SOLEIL VOILÉ;3;27.4;0
Vichy;46.12;3.42;17/09/2026;14:00;23.5;5;SOLEIL VOILÉ;3;27.4;0
Vichy;46.12;3.42;17/09/2026;15:00;23.5;5;SOLEIL VOILÉ;3;23.8;0
Vichy;46.12;3.42;17/09/2026;16:00;23.5;5;SOLEIL VOILÉ;3;22.3;0
Vichy;46.12;3.42;17/09/2026;17:00;19.9;5;SOLEIL VOILÉ;3;22.0;0
Vichy;46.12;3.42;17/09/2026;18:00;19.9;5;SOLEIL VOILÉ;3;21.6;0
Vichy;46.12;3.42;17/09/2026;19:00;19.9;5;SOLEIL VOILÉ;3;17.6;0
Vichy;46.12;3.42;17/09/2026;20:00;14.6;5;SOLEIL VOILÉ;2;10.8;0
Vichy;46.12;3.42;17/09/2026;21:00;14.6;5;SOLEIL VOILÉ;2;4.7;0
Vichy;46.12;3.42;17/09/2026;22:00;14.6;5;SOLEIL VOILÉ;2;6.8;0
Vichy;46.12;3.42;17/09/2026;23:00;14;5;SOLEIL VOILÉ;1;7.6;0
Vichy;46.12;3.42;18/09/2026;00:00;14;5;SOLEIL VOILÉ;1;7.2;0
Vichy;46.12;3.42;18/09/2026;01:00;14;5;SOLEIL VOILÉ;1;5.4;0
Vichy;46.12;3.42;18/09/2026;02:00;13.4;0;SOLEIL;0;6.8;0
Vichy;46.12;3.42;18/09/2026;03:00;13.4;0;SOLEIL;0;6.8;0
Vichy;46.12;3.42;18/09/2026;04:00;13.4;0;SOLEIL;0;5.4;0
Vichy;46.12;3.42;18/09/2026;05:00;12.4;0;SOLEIL;0;5.8;0
Vichy;46.12;3.42;18/09/2026;06:00;12.4;0;SOLEIL;0;5.8;0
Vichy;46.12;3.42;18/09/2026;07:00;12.4;0;SOLEIL;0;5.0;0
Vichy;46.12;3.42;18/09/2026;08:00;19.1;0;SOLEIL;2;5.0;0
Vichy;46.12;3.42;18/09/2026;09:00;19.1;0;SOLEIL;2;8.3;0
Vichy;46.12;3.42;18/09/2026;10:00;19.1;0;SOLEIL;2;12.6;0
Vichy;46.12;3.42;18/09/2026;11:00;22.1;0;SOLEIL;3;16.9;0
Vichy;46.12;3.42;18/09/2026;12:00;22.1;0;SOLEIL;3;20.2;0
Vichy;46.12;3.42;18/09/2026;13:00;22.1;0;SOLEIL;3;23.0;0
Vichy;46.12;3.42;18/09/2026;14:00;23.1;0;SOLEIL;3;25.2;0
Vichy;46.12;3.42;18/09/2026;15:00;23.1;0;SOLEIL;3;26.3;0
Vichy;46.12;3.42;18/09/2026;16:00;23.1;0;SOLEIL;3;26.6;0
Vichy;46.12;3.42;18/09/2026;17:00;20.5;0;SOLEIL;2;25.2;0
Vichy;46.12;3.42;18/09/2026;18:00;20.5;0;SOLEIL;2;21.6;0
Vichy;46.12;3.42;18/09/2026;19:00;20.5;0;SOLEIL;2;16.9;0
Vichy;46.12;3.42;18/09/2026;20:00;17.2;0;SOLEIL;5;12.2;0
Vichy;46.12;3.42;18/09/2026;21:00;15.8;0;SOLEIL;5;8.6;0
Vichy;46.12;3.42;18/09/2026;22:00;14.4;0;SOLEIL;5;5.0;0
Vichy;46.12;3.42;18/09/2026;23:00;13.1;0;SOLEIL;0;3.2;0
Vichy;46.12;3.42;19/09/2026;00:00;13.1;0;SOLEIL;0;3.6;0
Vichy;46.12;3.42;19/09/2026;01:00;13.1;0;SOLEIL;0;5.0;0
Vichy;46.12;3.42;19/09/2026;02:00;11.2;0;SOLEIL;5;6.1;0
Vichy;46.12;3.42;19/09/2026;03:00;11.2;0;SOLEIL;5;5.8;0
Vichy;46.12;3.42;19/09/2026;04:00;11.2;0;SOLEIL;5;4.7;0
Vichy;46.12;3.42;19/09/2026;05:00;13.1;0;SOLEIL;0;4.0;0
Vichy;46.12;3.42;19/09/2026;06:00;13.1;0;SOLEIL;0;3.2;0
Vichy;46.12;3.42;19/09/2026;07:00;13.1;0;SOLEIL;0;2.5;0
Vichy;46.12;3.42;19/09/2026;08:00;14.3;0;SOLEIL;5;2.9;0
Vichy;46.12;3.42;19/09/2026;09:00;15.8;0;SOLEIL;5;5.4;0
Vichy;46.12;3.42;19/09/2026;10:00;17.4;0;SOLEIL;5;9.0;0
Vichy;46.12;3.42;19/09/2026;11:00;23.2;0;SOLEIL;2;12.2;0
Vichy;46.12;3.42;19/09/2026;12:00;23.2;0;SOLEIL;2;15.1;0
Vichy;46.12;3.42;19/09/2026;13:00;23.2;0;SOLEIL;2;18.0;0
Vichy;46.12;3.42;19/09/2026;14:00;23.6;0;SOLEIL;5;19.8;0
Vichy;46.12;3.42;19/09/2026;15:00;25.1;0;SOLEIL;5;20.5;0
Vichy;46.12;3.42;19/09/2026;16:00;23.6;0;SOLEIL;5;20.5;0
Vichy;46.12;3.42;19/09/2026;17:00;21.2;0;SOLEIL;2;19.8;0
Vichy;46.12;3.42;19/09/2026;18:00;21.2;0;SOLEIL;2;17.6;0
Vichy;46.12;3.42;19/09/2026;19:00;21.2;0;SOLEIL;2;14.4;0
Vichy;46.12;3.42;19/09/2026;20:00;17.4;0;SOLEIL;5;11.5;0
Vichy;46.12;3.42;19/09/2026;21:00;15.8;0;SOLEIL;5;9.4;0
Vichy;46.12;3.42;19/09/2026;22:00;14.3;0;SOLEIL;5;7.6;0
Vichy;46.12;3.42;19/09/2026;23:00;15.1;0;SOLEIL;0;6.5;0
Vichy;46.12;3.42;20/09/2026;00:00;15.1;0;SOLEIL;0;5.9;0
Vichy;46.12;3.42;20/09/2026;01:00;15.1;0;SOLEIL;0;6.3;0
Vichy;46.12;3.42;20/09/2026;02:00;12.2;0;SOLEIL;5;6.5;0
Vichy;46.12;3.42;20/09/2026;03:00;12.2;0;SOLEIL;5;6.5;0
Vichy;46.12;3.42;20/09/2026;04:00;12.2;0;SOLEIL;5;6.5;0
Vichy;46.12;3.42;20/09/2026;05:00;13.7;0;SOLEIL;1;6.5;0
Vichy;46.12;3.42;20/09/2026;06:00;13.7;0;SOLEIL;1;6.5;0
Vichy;46.12;3.42;20/09/2026;07:00;13.7;0;SOLEIL;1;6.8;0
Vichy;46.12;3.42;20/09/2026;08:00;14.8;0;SOLEIL;5;7.2;0
Vichy;46.12;3.42;20/09/2026;09:00;16.2;0;SOLEIL;5;7.6;0
Vichy;46.12;3.42;20/09/2026;10:00;17.5;0;SOLEIL;5;8.3;0
Vichy;46.12;3.42;20/09/2026;11:00;23.4;0;SOLEIL;3;9.7;0
Vichy;46.12;3.42;20/09/2026;12:00;23.4;0;SOLEIL;3;13.3;0
Vichy;46.12;3.42;20/09/2026;13:00;23.4;0;SOLEIL;3;18.0;0
Vichy;46.12;3.42;20/09/2026;14:00;22.8;0;SOLEIL;5;21.6;0
Vichy;46.12;3.42;20/09/2026;15:00;24.1;0;SOLEIL;5;23.8;0
Vichy;46.12;3.42;20/09/2026;16:00;22.8;0;SOLEIL;5;25.2;0
Vichy;46.12;3.42;20/09/2026;17:00;21.1;0;SOLEIL;3;25.2;0
Vichy;46.12;3.42;20/09/2026;18:00;21.1;0;SOLEIL;3;23.0;0
Vichy;46.12;3.42;20/09/2026;19:00;21.1;0;SOLEIL;3;19.1;0
Vichy;46.12;3.42;20/09/2026;20:00;17.5;0;SOLEIL;5;15.1;0
Vichy;46.12;3.42;20/09/2026;21:00;16.2;0;SOLEIL;5;10.8;0
Vichy;46.12;3.42;20/09/2026;22:00;14.8;0;SOLEIL;5;6.1;0
Vichy;46.12;3.42;20/09/2026;23:00;15.2;0;SOLEIL;3;3.2;0
Montluçon;46.34;2.6;16/09/2026;00:00;19.7;0;SOLEIL;3;9.7;0
Montluçon;46.34;2.6;16/09/2026;01:00;18.9;0;SOLEIL;3;9.0;0
Montluçon;46.34;2.6;16/09/2026;02:00;17.1;0;SOLEIL;3;7.6;0
Montluçon;46.34;2.6;16/09/2026;03:00;17.2;0;SOLEIL;3;5.8;0
Montluçon;46.34;2.6;16/09/2026;04:00;16.6;2;NUAGEUX;3;6.1;0
Montluçon;46.34;2.6;16/09/2026;05:00;16.5;2;NUAGEUX;3;18.4;0
Montluçon;46.34;2.6;16/09/2026;06:00;17.4;2;NUAGEUX;3;20.9;0
Montluçon;46.34;2.6;16/09/2026;07:00;16.9;2;NUAGEUX;3;23.0;0
Montluçon;46.34;2.6;16/09/2026;08:00;17.1;2;NUAGEUX;3;23.4;0
Montluçon;46.34;2.6;16/09/2026;09:00;17.2;2;NUAGEUX;3;24.1;0
Montluçon;46.34;2.6;16/09/2026;10:00;17.6;2;NUAGEUX;3;25.6;0
Montluçon;46.34;2.6;16/09/2026;11:00;18.1;2;NUAGEUX;3;25.2;0
Montluçon;46.34;2.6;16/09/2026;12:00;17.9;2;NUAGEUX;3;23.8;0
Montluçon;46.34;2.6;16/09/2026;13:00;18.2;2;NUAGEUX;4;25.9;0
Montluçon;46.34;2.6;16/09/2026;14:00;19;2;NUAGEUX;4;28.1;0
Montluçon;46.34;2.6;16/09/2026;15:00;19.4;0;SOLEIL;4;30.6;0
Montluçon;46.34;2.6;16/09/2026;16:00;19.6;0;SOLEIL;4;32.4;0
Montluçon;46.34;2.6;16/09/2026;17:00;19.3;0;SOLEIL;4;33.5;0
Montluçon;46.34;2.6;16/09/2026;18:00;18.7;0;SOLEIL;3;30.6;0
Montluçon;46.34;2.6;16/09/2026;19:00;18.1;0;SOLEIL;3;30.2;0
Montluçon;46.34;2.6;16/09/2026;20:00;17.3;0;SOLEIL;2;21.2;0
Montluçon;46.34;2.6;16/09/2026;21:00;16.1;0;SOLEIL;2;12.6;0
Montluçon;46.34;2.6;16/09/2026;22:00;14.8;0;SOLEIL;2;6.5;0
Montluçon;46.34;2.6;16/09/2026;23:00;14.2;0;SOLEIL;2;4.0;0
Montluçon;46.34;2.6;17/09/2026;00:00;13.6;0;SOLEIL;1;4.7;0
Montluçon;46.34;2.6;17/09/2026;01:00;13.6;0;SOLEIL;1;7.9;0
Montluçon;46.34;2.6;17/09/2026;02:00;11.4;0;SOLEIL;2;8.6;0
Montluçon;46.34;2.6;17/09/2026;03:00;11.4;0;SOLEIL;2;9.3;0
Montluçon;46.34;2.6;17/09/2026;04:00;11.4;0;SOLEIL;2;9.5;0
Montluçon;46.34;2.6;17/09/2026;05:00;10.6;0;SOLEIL;2;10.3;0
Montluçon;46.34;2.6;17/09/2026;06:00;10.6;0;SOLEIL;2;10.8;0
Montluçon;46.34;2.6;17/09/2026;07:00;10.6;0;SOLEIL;2;10.8;0
Montluçon;46.34;2.6;17/09/2026;08:00;17.1;5;SOLEIL VOILÉ;1;10.8;0
Montluçon;46.34;2.6;17/09/2026;09:00;17.1;5;SOLEIL VOILÉ;1;11.9;0
Montluçon;46.34;2.6;17/09/2026;10:00;17.1;5;SOLEIL VOILÉ;1;15.5;0
Montluçon;46.34;2.6;17/09/2026;11:00;22.1;5;SOLEIL VOILÉ;2;14.8;0
Montluçon;46.34;2.6;17/09/2026;12:00;22.1;5;SOLEIL VOILÉ;2;14.0;0
Montluçon;46.34;2.6;17/09/2026;13:00;22.1;5;SOLEIL VOILÉ;2;16.9;0
Montluçon;46.34;2.6;17/09/2026;14:00;23;2;NUAGEUX;3;19.8;0
Montluçon;46.34;2.6;17/09/2026;15:00;23;2;NUAGEUX;3;20.9;0
Montluçon;46.34;2.6;17/09/2026;16:00;23;2;NUAGEUX;3;20.5;0
Montluçon;46.34;2.6;17/09/2026;17:00;20.5;5;SOLEIL VOILÉ;3;24.8;0
Montluçon;46.34;2.6;17/09/2026;18:00;20.5;5;SOLEIL VOILÉ;3;24.5;0
Montluçon;46.34;2.6;17/09/2026;19:00;20.5;5;SOLEIL VOILÉ;3;22.0;0
Montluçon;46.34;2.6;17/09/2026;20:00;17.4;5;SOLEIL VOILÉ;2;21.2;0
Montluçon;46.34;2.6;17/09/2026;21:00;17.4;5;SOLEIL VOILÉ;2;11.9;0
Montluçon;46.34;2.6;17/09/2026;22:00;17.4;5;SOLEIL VOILÉ;2;7.9;0
Montluçon;46.34;2.6;17/09/2026;23:00;14.7;2;NUAGEUX;2;6.8;0
Montluçon;46.34;2.6;18/09/2026;00:00;14.7;2;NUAGEUX;2;8.6;0
Montluçon;46.34;2.6;18/09/2026;01:00;14.7;2;NUAGEUX;2;10.1;0
Montluçon;46.34;2.6;18/09/2026;02:00;13.7;2;NUAGEUX;2;10.8;0
Montluçon;46.34;2.6;18/09/2026;03:00;13.7;2;NUAGEUX;2;10.4;0
Montluçon;46.34;2.6;18/09/2026;04:00;13.7;2;NUAGEUX;2;11.2;0
Montluçon;46.34;2.6;18/09/2026;05:00;13.9;2;NUAGEUX;2;10.4;0
Montluçon;46.34;2.6;18/09/2026;06:00;13.9;2;NUAGEUX;2;10.4;0
Montluçon;46.34;2.6;18/09/2026;07:00;13.9;2;NUAGEUX;2;10.4;0
Montluçon;46.34;2.6;18/09/2026;08:00;17.5;2;NUAGEUX;2;10.4;0
Montluçon;46.34;2.6;18/09/2026;09:00;17.5;2;NUAGEUX;2;10.1;0
Montluçon;46.34;2.6;18/09/2026;10:00;17.5;2;NUAGEUX;2;10.1;0
Montluçon;46.34;2.6;18/09/2026;11:00;20.9;0;SOLEIL;3;11.2;0
Montluçon;46.34;2.6;18/09/2026;12:00;20.9;0;SOLEIL;3;15.5;0
Montluçon;46.34;2.6;18/09/2026;13:00;20.9;0;SOLEIL;3;20.9;0
Montluçon;46.34;2.6;18/09/2026;14:00;22.1;0;SOLEIL;3;24.8;0
Montluçon;46.34;2.6;18/09/2026;15:00;22.1;0;SOLEIL;3;25.6;0
Montluçon;46.34;2.6;18/09/2026;16:00;22.1;0;SOLEIL;3;24.5;0
Montluçon;46.34;2.6;18/09/2026;17:00;20.6;0;SOLEIL;2;23.4;0
Montluçon;46.34;2.6;18/09/2026;18:00;20.6;0;SOLEIL;2;22.7;0
Montluçon;46.34;2.6;18/09/2026;19:00;20.6;0;SOLEIL;2;21.2;0
Montluçon;46.34;2.6;18/09/2026;20:00;17.5;2;NUAGEUX;5;19.1;0
Montluçon;46.34;2.6;18/09/2026;21:00;16.4;2;NUAGEUX;5;14.0;0
Montluçon;46.34;2.6;18/09/2026;22:00;15.3;2;NUAGEUX;5;7.9;0
Montluçon;46.34;2.6;18/09/2026;23:00;12.1;0;SOLEIL;1;4.3;0
Montluçon;46.34;2.6;19/09/2026;00:00;12.1;0;SOLEIL;1;5.0;0
Montluçon;46.34;2.6;19/09/2026;01:00;12.1;0;SOLEIL;1;8.3;0
Montluçon;46.34;2.6;19/09/2026;02:00;10.6;0;SOLEIL;5;10.8;0
Montluçon;46.34;2.6;19/09/2026;03:00;10.6;0;SOLEIL;5;11.2;0
Montluçon;46.34;2.6;19/09/2026;04:00;10.6;0;SOLEIL;5;11.2;0
Montluçon;46.34;2.6;19/09/2026;05:00;11.6;0;SOLEIL;2;10.8;0
Montluçon;46.34;2.6;19/09/2026;06:00;11.6;0;SOLEIL;2;10.8;0
Montluçon;46.34;2.6;19/09/2026;07:00;11.6;0;SOLEIL;2;10.4;0
Montluçon;46.34;2.6;19/09/2026;08:00;14.0;0;SOLEIL;5;10.8;0
Montluçon;46.34;2.6;19/09/2026;09:00;15.8;0;SOLEIL;5;11.9;0
Montluçon;46.34;2.6;19/09/2026;10:00;17.5;0;SOLEIL;5;13.7;0
Montluçon;46.34;2.6;19/09/2026;11:00;23.6;0;SOLEIL;2;14.4;0
Montluçon;46.34;2.6;19/09/2026;12:00;23.6;0;SOLEIL;2;13.3;0
Montluçon;46.34;2.6;19/09/2026;13:00;23.6;0;SOLEIL;2;11.5;0
Montluçon;46.34;2.6;19/09/2026;14:00;24.4;0;SOLEIL;5;10.8;0
Montluçon;46.34;2.6;19/09/2026;15:00;26.1;0;SOLEIL;5;13.0;0
Montluçon;46.34;2.6;19/09/2026;16:00;24.4;0;SOLEIL;5;16.6;0
Montluçon;46.34;2.6;19/09/2026;17:00;22.9;0;SOLEIL;2;18.7;0
Montluçon;46.34;2.6;19/09/2026;18:00;22.9;0;SOLEIL;2;18.0;0
Montluçon;46.34;2.6;19/09/2026;19:00;22.9;0;SOLEIL;2;15.8;0
Montluçon;46.34;2.6;19/09/2026;20:00;17.5;0;SOLEIL;5;13.7;0
Montluçon;46.34;2.6;19/09/2026;21:00;15.8;0;SOLEIL;5;12.6;0
Montluçon;46.34;2.6;19/09/2026;22:00;14.0;0;SOLEIL;5;11.5;0
Montluçon;46.34;2.6;19/09/2026;23:00;16.4;0;SOLEIL;2;10.8;0
Montluçon;46.34;2.6;20/09/2026;00:00;16.4;0;SOLEIL;2;8.2;0
Montluçon;46.34;2.6;20/09/2026;01:00;16.4;0;SOLEIL;2;6.8;0
Montluçon;46.34;2.6;20/09/2026;02:00;12.4;0;SOLEIL;5;5.9;0
Montluçon;46.34;2.6;20/09/2026;03:00;12.4;0;SOLEIL;5;4.7;0
Montluçon;46.34;2.6;20/09/2026;04:00;12.4;0;SOLEIL;5;4.7;0
Montluçon;46.34;2.6;20/09/2026;05:00;13.6;0;SOLEIL;2;4.7;0
Montluçon;46.34;2.6;20/09/2026;06:00;13.6;0;SOLEIL;2;5.0;0
Montluçon;46.34;2.6;20/09/2026;07:00;13.6;0;SOLEIL;2;5.4;0
Montluçon;46.34;2.6;20/09/2026;08:00;15.2;0;SOLEIL;5;5.8;0
Montluçon;46.34;2.6;20/09/2026;09:00;16.6;0;SOLEIL;5;6.1;0
Montluçon;46.34;2.6;20/09/2026;10:00;18.0;0;SOLEIL;5;6.1;0
Montluçon;46.34;2.6;20/09/2026;11:00;23.9;0;SOLEIL;4;6.8;0
Montluçon;46.34;2.6;20/09/2026;12:00;23.9;0;SOLEIL;4;8.3;0
Montluçon;46.34;2.6;20/09/2026;13:00;23.9;0;SOLEIL;4;10.4;0
Montluçon;46.34;2.6;20/09/2026;14:00;23.6;0;SOLEIL;5;12.2;0
Montluçon;46.34;2.6;20/09/2026;15:00;25.0;0;SOLEIL;5;14.0;0
Montluçon;46.34;2.6;20/09/2026;16:00;23.6;0;SOLEIL;5;15.5;0
Montluçon;46.34;2.6;20/09/2026;17:00;21.9;0;SOLEIL;3;16.6;0
Montluçon;46.34;2.6;20/09/2026;18:00;21.9;0;SOLEIL;3;17.6;0
Montluçon;46.34;2.6;20/09/2026;19:00;21.9;0;SOLEIL;3;18.4;0
Montluçon;46.34;2.6;20/09/2026;20:00;18.0;0;SOLEIL;5;18.0;0
Montluçon;46.34;2.6;20/09/2026;21:00;16.6;0;SOLEIL;5;15.1;0
Montluçon;46.34;2.6;20/09/2026;22:00;15.2;0;SOLEIL;5;11.2;0
Montluçon;46.34;2.6;20/09/2026;23:00;16.4;2;NUAGEUX;3;7.6;0
Moulins;46.56;3.33;16/09/2026;00:00;19.6;0;SOLEIL;3;12.6;0
Moulins;46.56;3.33;16/09/2026;01:00;18.7;0;SOLEIL;3;11.5;0
Moulins;46.56;3.33;16/09/2026;02:00;18.5;2;NUAGEUX;3;11.2;0
Moulins;46.56;3.33;16/09/2026;03:00;17.6;2;NUAGEUX;4;11.9;0
Moulins;46.56;3.33;16/09/2026;04:00;17.1;2;NUAGEUX;3;16.9;0
Moulins;46.56;3.33;16/09/2026;05:00;16.6;2;NUAGEUX;3;22.0;0
Moulins;46.56;3.33;16/09/2026;06:00;16.4;6;AVERSES;3;22.3;0.1
Moulins;46.56;3.33;16/09/2026;07:00;16.6;6;AVERSES;3;22.7;0.1
Moulins;46.56;3.33;16/09/2026;08:00;17.7;2;NUAGEUX;3;20.9;0
Moulins;46.56;3.33;16/09/2026;09:00;17.2;2;NUAGEUX;3;23.8;0
Moulins;46.56;3.33;16/09/2026;10:00;18.4;2;NUAGEUX;3;26.3;0
Moulins;46.56;3.33;16/09/2026;11:00;19.5;2;NUAGEUX;4;22.3;0
Moulins;46.56;3.33;16/09/2026;12:00;20;2;NUAGEUX;4;25.9;0
Moulins;46.56;3.33;16/09/2026;13:00;20.8;0;SOLEIL;4;26.6;0
Moulins;46.56;3.33;16/09/2026;14:00;22.4;0;SOLEIL;4;25.2;0
Moulins;46.56;3.33;16/09/2026;15:00;22.7;0;SOLEIL;4;25.2;0
Moulins;46.56;3.33;16/09/2026;16:00;22.6;0;SOLEIL;4;37.4;0
Moulins;46.56;3.33;16/09/2026;17:00;22;0;SOLEIL;4;30.6;0
Moulins;46.56;3.33;16/09/2026;18:00;21.1;0;SOLEIL;3;35.3;0
Moulins;46.56;3.33;16/09/2026;19:00;19;0;SOLEIL;3;30.2;0
Moulins;46.56;3.33;16/09/2026;20:00;16.3;0;SOLEIL;2;27.4;0
Moulins;46.56;3.33;16/09/2026;21:00;14.3;0;SOLEIL;2;17.3;0
Moulins;46.56;3.33;16/09/2026;22:00;13.3;0;SOLEIL;2;9.4;0
Moulins;46.56;3.33;16/09/2026;23:00;12.6;0;SOLEIL;1;10.4;0
Moulins;46.56;3.33;17/09/2026;00:00;12.5;0;SOLEIL;2;11.2;0
Moulins;46.56;3.33;17/09/2026;01:00;12.5;0;SOLEIL;2;12.6;0
Moulins;46.56;3.33;17/09/2026;02:00;10.2;0;SOLEIL;2;13.0;0
Moulins;46.56;3.33;17/09/2026;03:00;10.2;0;SOLEIL;2;11.8;0
Moulins;46.56;3.33;17/09/2026;04:00;10.2;0;SOLEIL;2;10.4;0
Moulins;46.56;3.33;17/09/2026;05:00;10.2;5;SOLEIL VOILÉ;2;9.5;0
Moulins;46.56;3.33;17/09/2026;06:00;10.2;5;SOLEIL VOILÉ;2;8.6;0
Moulins;46.56;3.33;17/09/2026;07:00;10.2;5;SOLEIL VOILÉ;2;9.4;0
Moulins;46.56;3.33;17/09/2026;08:00;18.5;5;SOLEIL VOILÉ;2;9.4;0
Moulins;46.56;3.33;17/09/2026;09:00;18.5;5;SOLEIL VOILÉ;2;9.7;0
Moulins;46.56;3.33;17/09/2026;10:00;18.5;5;SOLEIL VOILÉ;2;11.2;0
Moulins;46.56;3.33;17/09/2026;11:00;22.1;2;NUAGEUX;4;17.3;0
Moulins;46.56;3.33;17/09/2026;12:00;22.1;2;NUAGEUX;4;20.2;0
Moulins;46.56;3.33;17/09/2026;13:00;22.1;2;NUAGEUX;4;23.4;0
Moulins;46.56;3.33;17/09/2026;14:00;23.1;2;NUAGEUX;5;25.2;0
Moulins;46.56;3.33;17/09/2026;15:00;23.1;2;NUAGEUX;5;28.8;0
Moulins;46.56;3.33;17/09/2026;16:00;23.1;2;NUAGEUX;5;29.5;0
Moulins;46.56;3.33;17/09/2026;17:00;21;5;SOLEIL VOILÉ;4;28.8;0
Moulins;46.56;3.33;17/09/2026;18:00;21;5;SOLEIL VOILÉ;4;28.4;0
Moulins;46.56;3.33;17/09/2026;19:00;21;5;SOLEIL VOILÉ;4;27.0;0
Moulins;46.56;3.33;17/09/2026;20:00;16.1;2;NUAGEUX;3;21.6;0
Moulins;46.56;3.33;17/09/2026;21:00;16.1;2;NUAGEUX;3;10.4;0
Moulins;46.56;3.33;17/09/2026;22:00;16.1;2;NUAGEUX;3;8.3;0
Moulins;46.56;3.33;17/09/2026;23:00;15;2;NUAGEUX;3;8.6;0
Moulins;46.56;3.33;18/09/2026;00:00;15;2;NUAGEUX;3;9.7;0
Moulins;46.56;3.33;18/09/2026;01:00;15;2;NUAGEUX;3;9.4;0
Moulins;46.56;3.33;18/09/2026;02:00;14.7;2;NUAGEUX;3;8.6;0
Moulins;46.56;3.33;18/09/2026;03:00;14.7;2;NUAGEUX;3;9.0;0
Moulins;46.56;3.33;18/09/2026;04:00;14.7;2;NUAGEUX;3;8.3;0
Moulins;46.56;3.33;18/09/2026;05:00;15.1;6;AVERSES;3;8.6;0
Moulins;46.56;3.33;18/09/2026;06:00;15.1;6;AVERSES;3;8.6;0
Moulins;46.56;3.33;18/09/2026;07:00;15.1;6;AVERSES;3;8.6;0
Moulins;46.56;3.33;18/09/2026;08:00;17.4;2;NUAGEUX;3;7.9;0
Moulins;46.56;3.33;18/09/2026;09:00;17.4;2;NUAGEUX;3;9.7;0
Moulins;46.56;3.33;18/09/2026;10:00;17.4;2;NUAGEUX;3;11.9;0
Moulins;46.56;3.33;18/09/2026;11:00;21.2;0;SOLEIL;3;14.8;0
Moulins;46.56;3.33;18/09/2026;12:00;21.2;0;SOLEIL;3;18.0;0
Moulins;46.56;3.33;18/09/2026;13:00;21.2;0;SOLEIL;3;21.6;0
Moulins;46.56;3.33;18/09/2026;14:00;22.6;0;SOLEIL;4;23.8;0
Moulins;46.56;3.33;18/09/2026;15:00;22.6;0;SOLEIL;4;23.8;0
Moulins;46.56;3.33;18/09/2026;16:00;22.6;0;SOLEIL;4;22.3;0
Moulins;46.56;3.33;18/09/2026;17:00;21.6;0;SOLEIL;2;20.9;0
Moulins;46.56;3.33;18/09/2026;18:00;21.6;0;SOLEIL;2;19.4;0
Moulins;46.56;3.33;18/09/2026;19:00;21.6;0;SOLEIL;2;18.0;0
Moulins;46.56;3.33;18/09/2026;20:00;18.3;6;AVERSES;5;15.8;0
Moulins;46.56;3.33;18/09/2026;21:00;17.2;6;AVERSES;5;12.6;0
Moulins;46.56;3.33;18/09/2026;22:00;16.1;6;AVERSES;5;9.4;0
Moulins;46.56;3.33;18/09/2026;23:00;11.7;0;SOLEIL;2;6.8;0
Moulins;46.56;3.33;19/09/2026;00:00;11.7;0;SOLEIL;2;6.5;0
Moulins;46.56;3.33;19/09/2026;01:00;11.7;0;SOLEIL;2;7.6;0
Moulins;46.56;3.33;19/09/2026;02:00;10.1;0;SOLEIL;5;8.3;0
Moulins;46.56;3.33;19/09/2026;03:00;10.1;0;SOLEIL;5;8.6;0
Moulins;46.56;3.33;19/09/2026;04:00;10.1;0;SOLEIL;5;9.0;0
Moulins;46.56;3.33;19/09/2026;05:00;11.2;0;SOLEIL;2;9.0;0
Moulins;46.56;3.33;19/09/2026;06:00;11.2;0;SOLEIL;2;8.6;0
Moulins;46.56;3.33;19/09/2026;07:00;11.2;0;SOLEIL;2;8.3;0
Moulins;46.56;3.33;19/09/2026;08:00;13.4;0;SOLEIL;5;8.6;0
Moulins;46.56;3.33;19/09/2026;09:00;15.1;0;SOLEIL;5;10.1;0
Moulins;46.56;3.33;19/09/2026;10:00;16.7;0;SOLEIL;5;12.2;0
Moulins;46.56;3.33;19/09/2026;11:00;22.9;0;SOLEIL;3;14.4;0
Moulins;46.56;3.33;19/09/2026;12:00;22.9;0;SOLEIL;3;16.2;0
Moulins;46.56;3.33;19/09/2026;13:00;22.9;0;SOLEIL;3;18.0;0
Moulins;46.56;3.33;19/09/2026;14:00;23.3;0;SOLEIL;5;19.8;0
Moulins;46.56;3.33;19/09/2026;15:00;25.0;0;SOLEIL;5;21.6;0
Moulins;46.56;3.33;19/09/2026;16:00;23.3;0;SOLEIL;5;23.4;0
Moulins;46.56;3.33;19/09/2026;17:00;21.7;0;SOLEIL;3;23.4;0
Moulins;46.56;3.33;19/09/2026;18:00;21.7;0;SOLEIL;3;21.2;0
Moulins;46.56;3.33;19/09/2026;19:00;21.7;0;SOLEIL;3;17.3;0
Moulins;46.56;3.33;19/09/2026;20:00;16.7;0;SOLEIL;5;14.0;0
Moulins;46.56;3.33;19/09/2026;21:00;15.1;0;SOLEIL;5;11.5;0
Moulins;46.56;3.33;19/09/2026;22:00;13.4;0;SOLEIL;5;9.7;0
Moulins;46.56;3.33;19/09/2026;23:00;14.6;0;SOLEIL;3;8.3;0
Moulins;46.56;3.33;20/09/2026;00:00;14.6;0;SOLEIL;3;7.8;0
Moulins;46.56;3.33;20/09/2026;01:00;14.6;0;SOLEIL;3;8.3;0
Moulins;46.56;3.33;20/09/2026;02:00;11.5;0;SOLEIL;5;8.6;0
Moulins;46.56;3.33;20/09/2026;03:00;11.5;0;SOLEIL;5;8.6;0
Moulins;46.56;3.33;20/09/2026;04:00;11.5;0;SOLEIL;5;8.6;0
Moulins;46.56;3.33;20/09/2026;05:00;12.9;0;SOLEIL;2;8.6;0
Moulins;46.56;3.33;20/09/2026;06:00;12.9;0;SOLEIL;2;8.6;0
Moulins;46.56;3.33;20/09/2026;07:00;12.9;0;SOLEIL;2;9.0;0
Moulins;46.56;3.33;20/09/2026;08:00;14.4;0;SOLEIL;5;9.0;0
Moulins;46.56;3.33;20/09/2026;09:00;15.9;0;SOLEIL;5;9.0;0
Moulins;46.56;3.33;20/09/2026;10:00;17.3;0;SOLEIL;5;8.6;0
Moulins;46.56;3.33;20/09/2026;11:00;23.4;7;PLUIE FAIBLE;4;9.4;0
Moulins;46.56;3.33;20/09/2026;12:00;23.4;7;PLUIE FAIBLE;4;11.5;0
Moulins;46.56;3.33;20/09/2026;13:00;23.4;7;PLUIE FAIBLE;4;14.8;0
Moulins;46.56;3.33;20/09/2026;14:00;23.1;0;SOLEIL;5;17.3;0
Moulins;46.56;3.33;20/09/2026;15:00;24.6;0;SOLEIL;5;19.1;0
Moulins;46.56;3.33;20/09/2026;16:00;23.1;0;SOLEIL;5;20.5;0
Moulins;46.56;3.33;20/09/2026;17:00;22.1;0;SOLEIL;3;20.9;0
Moulins;46.56;3.33;20/09/2026;18:00;22.1;0;SOLEIL;3;20.5;0
Moulins;46.56;3.33;20/09/2026;19:00;22.1;0;SOLEIL;3;19.4;0
Moulins;46.56;3.33;20/09/2026;20:00;17.3;0;SOLEIL;5;17.3;0
Moulins;46.56;3.33;20/09/2026;21:00;15.9;0;SOLEIL;5;13.7;0
Moulins;46.56;3.33;20/09/2026;22:00;14.4;0;SOLEIL;5;9.4;0
Moulins;46.56;3.33;20/09/2026;23:00;11.7;0;SOLEIL;3;6.5;0
Privas;44.73;4.59;16/09/2026;00:00;19;0;SOLEIL;4;7.2;0
Privas;44.73;4.59;16/09/2026;01:00;17.7;0;SOLEIL;4;11.9;0
Privas;44.73;4.59;16/09/2026;02:00;17.6;0;SOLEIL;4;16.6;0
Privas;44.73;4.59;16/09/2026;03:00;17.1;0;SOLEIL;5;22.7;0
Privas;44.73;4.59;16/09/2026;04:00;16.6;2;NUAGEUX;4;29.9;0
Privas;44.73;4.59;16/09/2026;05:00;16.4;2;NUAGEUX;4;31.7;0
Privas;44.73;4.59;16/09/2026;06:00;16.5;2;NUAGEUX;4;32.8;0
Privas;44.73;4.59;16/09/2026;07:00;16.7;2;NUAGEUX;4;31.3;0
Privas;44.73;4.59;16/09/2026;08:00;17.6;2;NUAGEUX;4;29.5;0
Privas;44.73;4.59;16/09/2026;09:00;17.9;2;NUAGEUX;4;30.2;0
Privas;44.73;4.59;16/09/2026;10:00;19.7;2;NUAGEUX;4;31.3;0
Privas;44.73;4.59;16/09/2026;11:00;20;2;NUAGEUX;4;31.3;0
Privas;44.73;4.59;16/09/2026;12:00;20.3;2;NUAGEUX;4;33.1;0
Privas;44.73;4.59;16/09/2026;13:00;21;0;SOLEIL;4;34.6;0
Privas;44.73;4.59;16/09/2026;14:00;21.9;0;SOLEIL;4;33.8;0
Privas;44.73;4.59;16/09/2026;15:00;22.4;0;SOLEIL;4;31.0;0
Privas;44.73;4.59;16/09/2026;16:00;22.9;0;SOLEIL;4;36.4;0
Privas;44.73;4.59;16/09/2026;17:00;22.5;0;SOLEIL;4;35.3;0
Privas;44.73;4.59;16/09/2026;18:00;20.7;0;SOLEIL;3;30.6;0
Privas;44.73;4.59;16/09/2026;19:00;18;0;SOLEIL;3;32.0;0
Privas;44.73;4.59;16/09/2026;20:00;15.6;0;SOLEIL;2;25.2;0
Privas;44.73;4.59;16/09/2026;21:00;14.1;0;SOLEIL;2;15.5;0
Privas;44.73;4.59;16/09/2026;22:00;13.2;0;SOLEIL;2;8.6;0
Privas;44.73;4.59;16/09/2026;23:00;13.1;0;SOLEIL;2;7.6;0
Privas;44.73;4.59;17/09/2026;00:00;13.1;0;SOLEIL;2;7.2;0
Privas;44.73;4.59;17/09/2026;01:00;13.1;0;SOLEIL;2;6.8;0
Privas;44.73;4.59;17/09/2026;02:00;10.2;0;SOLEIL;2;6.8;0
Privas;44.73;4.59;17/09/2026;03:00;10.2;0;SOLEIL;2;5.3;0
Privas;44.73;4.59;17/09/2026;04:00;10.2;0;SOLEIL;2;5.4;0
Privas;44.73;4.59;17/09/2026;05:00;10.5;5;SOLEIL VOILÉ;3;6.1;0
Privas;44.73;4.59;17/09/2026;06:00;10.5;5;SOLEIL VOILÉ;3;5.8;0
Privas;44.73;4.59;17/09/2026;07:00;10.5;5;SOLEIL VOILÉ;3;5.4;0
Privas;44.73;4.59;17/09/2026;08:00;18.9;5;SOLEIL VOILÉ;2;4.0;0
Privas;44.73;4.59;17/09/2026;09:00;18.9;5;SOLEIL VOILÉ;2;5.0;0
Privas;44.73;4.59;17/09/2026;10:00;18.9;5;SOLEIL VOILÉ;2;9.7;0
Privas;44.73;4.59;17/09/2026;11:00;22.1;2;NUAGEUX;3;14.4;0
Privas;44.73;4.59;17/09/2026;12:00;22.1;2;NUAGEUX;3;17.6;0
Privas;44.73;4.59;17/09/2026;13:00;22.1;2;NUAGEUX;3;20.9;0
Privas;44.73;4.59;17/09/2026;14:00;22.6;2;NUAGEUX;4;22.7;0
Privas;44.73;4.59;17/09/2026;15:00;22.6;2;NUAGEUX;4;24.8;0
Privas;44.73;4.59;17/09/2026;16:00;22.6;2;NUAGEUX;4;27.4;0
Privas;44.73;4.59;17/09/2026;17:00;20;2;NUAGEUX;3;28.8;0
Privas;44.73;4.59;17/09/2026;18:00;20;2;NUAGEUX;3;28.4;0
Privas;44.73;4.59;17/09/2026;19:00;20;2;NUAGEUX;3;26.6;0
Privas;44.73;4.59;17/09/2026;20:00;16.1;2;NUAGEUX;3;22.3;0
Privas;44.73;4.59;17/09/2026;21:00;16.1;2;NUAGEUX;3;13.0;0
Privas;44.73;4.59;17/09/2026;22:00;16.1;2;NUAGEUX;3;4.7;0
Privas;44.73;4.59;17/09/2026;23:00;13.4;2;NUAGEUX;3;5.4;0
Privas;44.73;4.59;18/09/2026;00:00;13.4;2;NUAGEUX;3;6.1;0
Privas;44.73;4.59;18/09/2026;01:00;13.4;2;NUAGEUX;3;7.9;0
Privas;44.73;4.59;18/09/2026;02:00;13.7;2;NUAGEUX;3;11.9;0
Privas;44.73;4.59;18/09/2026;03:00;13.7;2;NUAGEUX;3;12.2;0
Privas;44.73;4.59;18/09/2026;04:00;13.7;2;NUAGEUX;3;11.9;0
Privas;44.73;4.59;18/09/2026;05:00;13.6;2;NUAGEUX;3;13.0;0
Privas;44.73;4.59;18/09/2026;06:00;13.6;2;NUAGEUX;3;11.5;0
Privas;44.73;4.59;18/09/2026;07:00;13.6;2;NUAGEUX;3;8.6;0
Privas;44.73;4.59;18/09/2026;08:00;18.2;2;NUAGEUX;3;9.0;0
Privas;44.73;4.59;18/09/2026;09:00;18.2;2;NUAGEUX;3;11.2;0
Privas;44.73;4.59;18/09/2026;10:00;18.2;2;NUAGEUX;3;15.1;0
Privas;44.73;4.59;18/09/2026;11:00;21.6;0;SOLEIL;3;18.4;0
Privas;44.73;4.59;18/09/2026;12:00;21.6;0;SOLEIL;3;20.2;0
Privas;44.73;4.59;18/09/2026;13:00;21.6;0;SOLEIL;3;21.6;0
Privas;44.73;4.59;18/09/2026;14:00;22.2;0;SOLEIL;4;22.7;0
Privas;44.73;4.59;18/09/2026;15:00;22.2;0;SOLEIL;4;23.0;0
Privas;44.73;4.59;18/09/2026;16:00;22.2;0;SOLEIL;4;23.0;0
Privas;44.73;4.59;18/09/2026;17:00;19.7;0;SOLEIL;2;22.7;0
Privas;44.73;4.59;18/09/2026;18:00;19.7;0;SOLEIL;2;22.0;0
Privas;44.73;4.59;18/09/2026;19:00;19.7;0;SOLEIL;2;20.5;0
Privas;44.73;4.59;18/09/2026;20:00;17.2;2;NUAGEUX;5;18.4;0
Privas;44.73;4.59;18/09/2026;21:00;16.0;2;NUAGEUX;5;14.0;0
Privas;44.73;4.59;18/09/2026;22:00;14.9;2;NUAGEUX;5;8.6;0
Privas;44.73;4.59;18/09/2026;23:00;10.6;0;SOLEIL;2;4.7;0
Privas;44.73;4.59;19/09/2026;00:00;10.6;0;SOLEIL;2;3.2;0
Privas;44.73;4.59;19/09/2026;01:00;10.6;0;SOLEIL;2;3.6;0
Privas;44.73;4.59;19/09/2026;02:00;10.5;0;SOLEIL;5;4.0;0
Privas;44.73;4.59;19/09/2026;03:00;10.5;0;SOLEIL;5;4.3;0
Privas;44.73;4.59;19/09/2026;04:00;10.5;0;SOLEIL;5;4.7;0
Privas;44.73;4.59;19/09/2026;05:00;11.5;0;SOLEIL;2;5.0;0
Privas;44.73;4.59;19/09/2026;06:00;11.5;0;SOLEIL;2;5.4;0
Privas;44.73;4.59;19/09/2026;07:00;11.5;0;SOLEIL;2;5.8;0
Privas;44.73;4.59;19/09/2026;08:00;13.7;0;SOLEIL;5;6.1;0
Privas;44.73;4.59;19/09/2026;09:00;15.3;0;SOLEIL;5;6.8;0
Privas;44.73;4.59;19/09/2026;10:00;16.9;0;SOLEIL;5;7.6;0
Privas;44.73;4.59;19/09/2026;11:00;22.7;0;SOLEIL;3;9.4;0
Privas;44.73;4.59;19/09/2026;12:00;22.7;0;SOLEIL;3;13.0;0
Privas;44.73;4.59;19/09/2026;13:00;22.7;0;SOLEIL;3;17.6;0
Privas;44.73;4.59;19/09/2026;14:00;23.4;0;SOLEIL;5;20.9;0
Privas;44.73;4.59;19/09/2026;15:00;25.0;0;SOLEIL;5;21.6;0
Privas;44.73;4.59;19/09/2026;16:00;23.4;0;SOLEIL;5;20.5;0
Privas;44.73;4.59;19/09/2026;17:00;21.2;0;SOLEIL;3;19.1;0
Privas;44.73;4.59;19/09/2026;18:00;21.2;0;SOLEIL;3;17.3;0
Privas;44.73;4.59;19/09/2026;19:00;21.2;0;SOLEIL;3;14.8;0
Privas;44.73;4.59;19/09/2026;20:00;16.9;0;SOLEIL;5;11.9;0
Privas;44.73;4.59;19/09/2026;21:00;15.3;0;SOLEIL;5;8.6;0
Privas;44.73;4.59;19/09/2026;22:00;13.7;0;SOLEIL;5;5.4;0
Privas;44.73;4.59;19/09/2026;23:00;14.1;0;SOLEIL;3;3.2;0
Privas;44.73;4.59;20/09/2026;00:00;14.1;0;SOLEIL;3;4.0;0
Privas;44.73;4.59;20/09/2026;01:00;14.1;0;SOLEIL;3;5.6;0
Privas;44.73;4.59;20/09/2026;02:00;12.1;0;SOLEIL;5;7.0;0
Privas;44.73;4.59;20/09/2026;03:00;12.1;0;SOLEIL;5;7.9;0
Privas;44.73;4.59;20/09/2026;04:00;12.1;0;SOLEIL;5;7.9;0
Privas;44.73;4.59;20/09/2026;05:00;13.1;0;SOLEIL;3;7.9;0
Privas;44.73;4.59;20/09/2026;06:00;13.1;0;SOLEIL;3;7.9;0
Privas;44.73;4.59;20/09/2026;07:00;13.1;0;SOLEIL;3;7.6;0
Privas;44.73;4.59;20/09/2026;08:00;14.7;0;SOLEIL;5;8.3;0
Privas;44.73;4.59;20/09/2026;09:00;15.9;0;SOLEIL;5;9.7;0
Privas;44.73;4.59;20/09/2026;10:00;17.2;0;SOLEIL;5;12.2;0
Privas;44.73;4.59;20/09/2026;11:00;22.6;0;SOLEIL;4;14.4;0
Privas;44.73;4.59;20/09/2026;12:00;22.6;0;SOLEIL;4;16.6;0
Privas;44.73;4.59;20/09/2026;13:00;22.6;0;SOLEIL;4;19.1;0
Privas;44.73;4.59;20/09/2026;14:00;22.3;0;SOLEIL;5;20.9;0
Privas;44.73;4.59;20/09/2026;15:00;23.6;0;SOLEIL;5;22.0;0
Privas;44.73;4.59;20/09/2026;16:00;22.3;0;SOLEIL;5;22.7;0
Privas;44.73;4.59;20/09/2026;17:00;20.6;0;SOLEIL;3;22.7;0
Privas;44.73;4.59;20/09/2026;18:00;20.6;0;SOLEIL;3;22.3;0
Privas;44.73;4.59;20/09/2026;19:00;20.6;0;SOLEIL;3;21.2;0
Privas;44.73;4.59;20/09/2026;20:00;17.2;0;SOLEIL;5;19.1;0
Privas;44.73;4.59;20/09/2026;21:00;15.9;0;SOLEIL;5;14.8;0
Privas;44.73;4.59;20/09/2026;22:00;14.7;0;SOLEIL;5;9.0;0
Privas;44.73;4.59;20/09/2026;23:00;12.6;2;NUAGEUX;3;5.0;0
Sablières;44.53;4.07;16/09/2026;00:00;19.2;0;SOLEIL;1;3.6;0
Sablières;44.53;4.07;16/09/2026;01:00;18.4;0;SOLEIL;1;2.5;0
Sablières;44.53;4.07;16/09/2026;02:00;17.6;0;SOLEIL;0;1.8;0
Sablières;44.53;4.07;16/09/2026;03:00;16.9;0;SOLEIL;0;3.6;0
Sablières;44.53;4.07;16/09/2026;04:00;16.1;0;SOLEIL;1;4.0;0
Sablières;44.53;4.07;16/09/2026;05:00;15.4;0;SOLEIL;2;2.2;0
Sablières;44.53;4.07;16/09/2026;06:00;15;0;SOLEIL;2;1.4;0
Sablières;44.53;4.07;16/09/2026;07:00;19.6;0;SOLEIL;2;2.5;0
Sablières;44.53;4.07;16/09/2026;08:00;23.7;0;SOLEIL;3;9.0;0
Sablières;44.53;4.07;16/09/2026;09:00;24.9;0;SOLEIL;3;10.1;0
Sablières;44.53;4.07;16/09/2026;10:00;26.1;0;SOLEIL;3;9.0;0
Sablières;44.53;4.07;16/09/2026;11:00;26.6;0;SOLEIL;3;29.2;0
Sablières;44.53;4.07;16/09/2026;12:00;26.9;2;NUAGEUX;3;29.9;0
Sablières;44.53;4.07;16/09/2026;13:00;27.1;2;NUAGEUX;4;31.0;0
Sablières;44.53;4.07;16/09/2026;14:00;26.1;2;NUAGEUX;4;31.0;0
Sablières;44.53;4.07;16/09/2026;15:00;24.5;2;NUAGEUX;4;31.7;0
Sablières;44.53;4.07;16/09/2026;16:00;22.7;2;NUAGEUX;4;37.1;0
Sablières;44.53;4.07;16/09/2026;17:00;21.2;5;SOLEIL VOILÉ;3;37.4;0
Sablières;44.53;4.07;16/09/2026;18:00;20.5;0;SOLEIL;3;35.6;0
Sablières;44.53;4.07;16/09/2026;19:00;19.6;0;SOLEIL;4;33.5;0
Sablières;44.53;4.07;16/09/2026;20:00;18.3;0;SOLEIL;4;24.8;0
Sablières;44.53;4.07;16/09/2026;21:00;18.2;0;SOLEIL;4;10.4;0
Sablières;44.53;4.07;16/09/2026;22:00;18;0;SOLEIL;4;7.9;0
Sablières;44.53;4.07;16/09/2026;23:00;17.5;0;SOLEIL;4;11.2;0
Sablières;44.53;4.07;17/09/2026;00:00;17;0;SOLEIL;5;10.4;0
Sablières;44.53;4.07;17/09/2026;01:00;17;0;SOLEIL;5;11.5;0
Sablières;44.53;4.07;17/09/2026;02:00;15.5;0;SOLEIL;5;12.6;0
Sablières;44.53;4.07;17/09/2026;03:00;15.5;0;SOLEIL;5;16.3;0
Sablières;44.53;4.07;17/09/2026;04:00;15.5;0;SOLEIL;5;20.7;0
Sablières;44.53;4.07;17/09/2026;05:00;15.6;0;SOLEIL;5;23.9;0
Sablières;44.53;4.07;17/09/2026;06:00;15.6;0;SOLEIL;5;25.2;0
Sablières;44.53;4.07;17/09/2026;07:00;15.6;0;SOLEIL;5;25.6;0
Sablières;44.53;4.07;17/09/2026;08:00;20.7;0;SOLEIL;6;24.1;0
Sablières;44.53;4.07;17/09/2026;09:00;20.7;0;SOLEIL;6;29.2;0
Sablières;44.53;4.07;17/09/2026;10:00;20.7;0;SOLEIL;6;43.9;0
Sablières;44.53;4.07;17/09/2026;11:00;22.7;0;SOLEIL;5;53.3;0
Sablières;44.53;4.07;17/09/2026;12:00;22.7;0;SOLEIL;5;56.5;0
Sablières;44.53;4.07;17/09/2026;13:00;22.7;0;SOLEIL;5;56.9;0
Sablières;44.53;4.07;17/09/2026;14:00;22.6;0;SOLEIL;5;56.5;0
Sablières;44.53;4.07;17/09/2026;15:00;22.6;0;SOLEIL;5;53.3;0
Sablières;44.53;4.07;17/09/2026;16:00;22.6;0;SOLEIL;5;50.8;0
Sablières;44.53;4.07;17/09/2026;17:00;21.1;0;SOLEIL;3;47.2;0
Sablières;44.53;4.07;17/09/2026;18:00;21.1;0;SOLEIL;3;45.0;0
Sablières;44.53;4.07;17/09/2026;19:00;21.1;0;SOLEIL;3;41.0;0
Sablières;44.53;4.07;17/09/2026;20:00;16.1;0;SOLEIL;3;34.9;0
Sablières;44.53;4.07;17/09/2026;21:00;16.1;0;SOLEIL;3;28.4;0
Sablières;44.53;4.07;17/09/2026;22:00;16.1;0;SOLEIL;3;24.5;0
Sablières;44.53;4.07;17/09/2026;23:00;15.5;0;SOLEIL;3;21.2;0
Sablières;44.53;4.07;18/09/2026;00:00;15.5;0;SOLEIL;3;19.8;0
Sablières;44.53;4.07;18/09/2026;01:00;15.5;0;SOLEIL;3;17.6;0
Sablières;44.53;4.07;18/09/2026;02:00;15.4;0;SOLEIL;4;15.5;0
Sablières;44.53;4.07;18/09/2026;03:00;15.4;0;SOLEIL;4;17.6;0
Sablières;44.53;4.07;18/09/2026;04:00;15.4;0;SOLEIL;4;18.7;0
Sablières;44.53;4.07;18/09/2026;05:00;15.1;0;SOLEIL;3;19.1;0
Sablières;44.53;4.07;18/09/2026;06:00;15.1;0;SOLEIL;3;19.4;0
Sablières;44.53;4.07;18/09/2026;07:00;15.1;0;SOLEIL;3;15.5;0
Sablières;44.53;4.07;18/09/2026;08:00;20.6;0;SOLEIL;5;16.9;0
Sablières;44.53;4.07;18/09/2026;09:00;20.6;0;SOLEIL;5;22.7;0
Sablières;44.53;4.07;18/09/2026;10:00;20.6;0;SOLEIL;5;30.6;0
Sablières;44.53;4.07;18/09/2026;11:00;23.7;0;SOLEIL;5;37.8;0
Sablières;44.53;4.07;18/09/2026;12:00;23.7;0;SOLEIL;5;42.5;0
Sablières;44.53;4.07;18/09/2026;13:00;23.7;0;SOLEIL;5;46.1;0
Sablières;44.53;4.07;18/09/2026;14:00;24.6;0;SOLEIL;5;48.6;0
Sablières;44.53;4.07;18/09/2026;15:00;24.6;0;SOLEIL;5;49.7;0
Sablières;44.53;4.07;18/09/2026;16:00;24.6;0;SOLEIL;5;49.7;0
Sablières;44.53;4.07;18/09/2026;17:00;20.9;0;SOLEIL;4;49.0;0
Sablières;44.53;4.07;18/09/2026;18:00;20.9;0;SOLEIL;4;47.5;0
Sablières;44.53;4.07;18/09/2026;19:00;20.9;0;SOLEIL;4;45.7;0
Sablières;44.53;4.07;18/09/2026;20:00;19.3;0;SOLEIL;5;42.1;0
Sablières;44.53;4.07;18/09/2026;21:00;18.1;0;SOLEIL;5;36.0;0
Sablières;44.53;4.07;18/09/2026;22:00;16.9;0;SOLEIL;5;28.4;0
Sablières;44.53;4.07;18/09/2026;23:00;15.4;0;SOLEIL;3;23.0;0
Sablières;44.53;4.07;19/09/2026;00:00;15.4;0;SOLEIL;3;21.2;0
Sablières;44.53;4.07;19/09/2026;01:00;15.4;0;SOLEIL;3;21.2;0
Sablières;44.53;4.07;19/09/2026;02:00;13.1;0;SOLEIL;5;21.2;0
Sablières;44.53;4.07;19/09/2026;03:00;13.1;0;SOLEIL;5;20.5;0
Sablières;44.53;4.07;19/09/2026;04:00;13.1;0;SOLEIL;5;19.4;0
Sablières;44.53;4.07;19/09/2026;05:00;14.2;0;SOLEIL;4;18.7;0
Sablières;44.53;4.07;19/09/2026;06:00;14.2;0;SOLEIL;4;18.0;0
Sablières;44.53;4.07;19/09/2026;07:00;14.2;0;SOLEIL;4;17.6;0
Sablières;44.53;4.07;19/09/2026;08:00;16.2;0;SOLEIL;5;19.1;0
Sablières;44.53;4.07;19/09/2026;09:00;17.8;0;SOLEIL;5;24.5;0
Sablières;44.53;4.07;19/09/2026;10:00;19.3;0;SOLEIL;5;31.7;0
Sablières;44.53;4.07;19/09/2026;11:00;24.9;0;SOLEIL;4;37.4;0
Sablières;44.53;4.07;19/09/2026;12:00;24.9;0;SOLEIL;4;40.0;0
Sablières;44.53;4.07;19/09/2026;13:00;24.9;0;SOLEIL;4;40.3;0
Sablières;44.53;4.07;19/09/2026;14:00;25.5;0;SOLEIL;5;40.7;0
Sablières;44.53;4.07;19/09/2026;15:00;27.1;0;SOLEIL;5;40.7;0
Sablières;44.53;4.07;19/09/2026;16:00;25.5;0;SOLEIL;5;40.3;0
Sablières;44.53;4.07;19/09/2026;17:00;21.9;0;SOLEIL;3;40.0;0
Sablières;44.53;4.07;19/09/2026;18:00;21.9;0;SOLEIL;3;40.0;0
Sablières;44.53;4.07;19/09/2026;19:00;21.9;0;SOLEIL;3;40.0;0
Sablières;44.53;4.07;19/09/2026;20:00;19.3;0;SOLEIL;5;38.5;0
Sablières;44.53;4.07;19/09/2026;21:00;17.8;0;SOLEIL;5;34.2;0
Sablières;44.53;4.07;19/09/2026;22:00;16.2;0;SOLEIL;5;28.1;0
Sablières;44.53;4.07;19/09/2026;23:00;16;0;SOLEIL;3;23.4;0
Sablières;44.53;4.07;20/09/2026;00:00;16;0;SOLEIL;3;21.5;0
Sablières;44.53;4.07;20/09/2026;01:00;16;0;SOLEIL;3;21.2;0
Sablières;44.53;4.07;20/09/2026;02:00;13.4;0;SOLEIL;5;21.5;0
Sablières;44.53;4.07;20/09/2026;03:00;13.4;0;SOLEIL;5;22.0;0
Sablières;44.53;4.07;20/09/2026;04:00;13.4;0;SOLEIL;5;21.6;0
Sablières;44.53;4.07;20/09/2026;05:00;14.5;0;SOLEIL;3;21.6;0
Sablières;44.53;4.07;20/09/2026;06:00;14.5;0;SOLEIL;3;20.9;0
Sablières;44.53;4.07;20/09/2026;07:00;14.5;0;SOLEIL;3;20.5;0
Sablières;44.53;4.07;20/09/2026;08:00;16.4;0;SOLEIL;5;22.3;0
Sablières;44.53;4.07;20/09/2026;09:00;17.8;0;SOLEIL;5;28.4;0
Sablières;44.53;4.07;20/09/2026;10:00;19.3;0;SOLEIL;5;37.1;0
Sablières;44.53;4.07;20/09/2026;11:00;26.2;0;SOLEIL;5;44.3;0
Sablières;44.53;4.07;20/09/2026;12:00;26.2;0;SOLEIL;5;48.2;0
Sablières;44.53;4.07;20/09/2026;13:00;26.2;0;SOLEIL;5;50.4;0
Sablières;44.53;4.07;20/09/2026;14:00;25.2;0;SOLEIL;5;51.8;0
Sablières;44.53;4.07;20/09/2026;15:00;26.7;0;SOLEIL;5;52.2;0
Sablières;44.53;4.07;20/09/2026;16:00;25.2;0;SOLEIL;5;51.1;0
Sablières;44.53;4.07;20/09/2026;17:00;23;0;SOLEIL;4;49.7;0
Sablières;44.53;4.07;20/09/2026;18:00;23;0;SOLEIL;4;46.8;0
Sablières;44.53;4.07;20/09/2026;19:00;23;0;SOLEIL;4;43.6;0
Sablières;44.53;4.07;20/09/2026;20:00;19.3;0;SOLEIL;5;40.7;0
Sablières;44.53;4.07;20/09/2026;21:00;17.8;0;SOLEIL;5;39.2;0
Sablières;44.53;4.07;20/09/2026;22:00;16.4;0;SOLEIL;5;38.9;0
Sablières;44.53;4.07;20/09/2026;23:00;17.7;0;SOLEIL;5;37.8;0
Aurillac;44.93;2.44;16/09/2026;00:00;16.7;0;SOLEIL;0;5.4;0
Aurillac;44.93;2.44;16/09/2026;01:00;16.6;0;SOLEIL;0;4.7;0
Aurillac;44.93;2.44;16/09/2026;02:00;15.9;0;SOLEIL;1;13.0;0
Aurillac;44.93;2.44;16/09/2026;03:00;16.1;0;SOLEIL;3;9.7;0
Aurillac;44.93;2.44;16/09/2026;04:00;15.7;0;SOLEIL;3;14.4;0
Aurillac;44.93;2.44;16/09/2026;05:00;17.5;0;SOLEIL;3;12.2;0
Aurillac;44.93;2.44;16/09/2026;06:00;18.4;0;SOLEIL;3;15.5;0
Aurillac;44.93;2.44;16/09/2026;07:00;20.4;0;SOLEIL;3;20.2;0
Aurillac;44.93;2.44;16/09/2026;08:00;22.6;0;SOLEIL;3;24.5;0
Aurillac;44.93;2.44;16/09/2026;09:00;24.7;0;SOLEIL;3;29.5;0
Aurillac;44.93;2.44;16/09/2026;10:00;26.1;0;SOLEIL;3;31.7;0
Aurillac;44.93;2.44;16/09/2026;11:00;26.9;0;SOLEIL;3;35.6;0
Aurillac;44.93;2.44;16/09/2026;12:00;27.6;0;SOLEIL;3;41.0;0
Aurillac;44.93;2.44;16/09/2026;13:00;27.6;2;NUAGEUX;3;38.5;0
Aurillac;44.93;2.44;16/09/2026;14:00;27.1;2;NUAGEUX;3;33.5;0
Aurillac;44.93;2.44;16/09/2026;15:00;25;2;NUAGEUX;3;36.4;0
Aurillac;44.93;2.44;16/09/2026;16:00;23.8;2;NUAGEUX;3;34.6;0
Aurillac;44.93;2.44;16/09/2026;17:00;21.4;0;SOLEIL;3;41.4;0
Aurillac;44.93;2.44;16/09/2026;18:00;19.1;0;SOLEIL;3;41.0;0
Aurillac;44.93;2.44;16/09/2026;19:00;17.9;0;SOLEIL;3;43.9;0
Aurillac;44.93;2.44;16/09/2026;20:00;17.1;0;SOLEIL;3;32.8;0
Aurillac;44.93;2.44;16/09/2026;21:00;16.8;0;SOLEIL;3;22.3;0
Aurillac;44.93;2.44;16/09/2026;22:00;16.9;0;SOLEIL;3;19.8;0
Aurillac;44.93;2.44;16/09/2026;23:00;16.5;0;SOLEIL;2;15.5;0
Aurillac;44.93;2.44;17/09/2026;00:00;16.1;0;SOLEIL;2;17.3;0
Aurillac;44.93;2.44;17/09/2026;01:00;16.1;0;SOLEIL;2;17.3;0
Aurillac;44.93;2.44;17/09/2026;02:00;15;0;SOLEIL;4;16.2;0
Aurillac;44.93;2.44;17/09/2026;03:00;15;0;SOLEIL;4;18.4;0
Aurillac;44.93;2.44;17/09/2026;04:00;15;0;SOLEIL;4;25.2;0
Aurillac;44.93;2.44;17/09/2026;05:00;14.6;0;SOLEIL;4;31.3;0
Aurillac;44.93;2.44;17/09/2026;06:00;14.6;0;SOLEIL;4;40.3;0
Aurillac;44.93;2.44;17/09/2026;07:00;14.6;0;SOLEIL;4;41.8;0
Aurillac;44.93;2.44;17/09/2026;08:00;20.1;0;SOLEIL;4;43.6;0
Aurillac;44.93;2.44;17/09/2026;09:00;20.1;0;SOLEIL;4;44.3;0
Aurillac;44.93;2.44;17/09/2026;10:00;20.1;0;SOLEIL;4;46.1;0
Aurillac;44.93;2.44;17/09/2026;11:00;24.5;0;SOLEIL;2;46.8;0
Aurillac;44.93;2.44;17/09/2026;12:00;24.5;0;SOLEIL;2;48.2;0
Aurillac;44.93;2.44;17/09/2026;13:00;24.5;0;SOLEIL;2;48.2;0
Aurillac;44.93;2.44;17/09/2026;14:00;24.2;0;SOLEIL;4;46.8;0
Aurillac;44.93;2.44;17/09/2026;15:00;24.2;0;SOLEIL;4;45.7;0
Aurillac;44.93;2.44;17/09/2026;16:00;24.2;0;SOLEIL;4;43.9;0
Aurillac;44.93;2.44;17/09/2026;17:00;20.1;0;SOLEIL;3;42.5;0
Aurillac;44.93;2.44;17/09/2026;18:00;20.1;0;SOLEIL;3;40.7;0
Aurillac;44.93;2.44;17/09/2026;19:00;20.1;0;SOLEIL;3;37.4;0
Aurillac;44.93;2.44;17/09/2026;20:00;16.4;0;SOLEIL;3;31.3;0
Aurillac;44.93;2.44;17/09/2026;21:00;16.4;0;SOLEIL;3;32.8;0
Aurillac;44.93;2.44;17/09/2026;22:00;16.4;0;SOLEIL;3;29.2;0
Aurillac;44.93;2.44;17/09/2026;23:00;15.1;0;SOLEIL;4;28.1;0
Aurillac;44.93;2.44;18/09/2026;00:00;15.1;0;SOLEIL;4;28.1;0
Aurillac;44.93;2.44;18/09/2026;01:00;15.1;0;SOLEIL;4;30.6;0
Aurillac;44.93;2.44;18/09/2026;02:00;13.6;0;SOLEIL;3;33.5;0
Aurillac;44.93;2.44;18/09/2026;03:00;13.6;0;SOLEIL;3;34.6;0
Aurillac;44.93;2.44;18/09/2026;04:00;13.6;0;SOLEIL;3;36.0;0
Aurillac;44.93;2.44;18/09/2026;05:00;13.1;0;SOLEIL;3;34.9;0
Aurillac;44.93;2.44;18/09/2026;06:00;13.1;0;SOLEIL;3;28.8;0
Aurillac;44.93;2.44;18/09/2026;07:00;13.1;0;SOLEIL;3;27.7;0
Aurillac;44.93;2.44;18/09/2026;08:00;20.5;0;SOLEIL;3;32.8;0
Aurillac;44.93;2.44;18/09/2026;09:00;20.5;0;SOLEIL;3;32.8;0
Aurillac;44.93;2.44;18/09/2026;10:00;20.5;0;SOLEIL;3;33.5;0
Aurillac;44.93;2.44;18/09/2026;11:00;25.2;0;SOLEIL;3;34.6;0
Aurillac;44.93;2.44;18/09/2026;12:00;25.2;0;SOLEIL;3;36.7;0
Aurillac;44.93;2.44;18/09/2026;13:00;25.2;0;SOLEIL;3;39.2;0
Aurillac;44.93;2.44;18/09/2026;14:00;26.1;0;SOLEIL;3;41.4;0
Aurillac;44.93;2.44;18/09/2026;15:00;26.1;0;SOLEIL;3;43.2;0
Aurillac;44.93;2.44;18/09/2026;16:00;26.1;0;SOLEIL;3;44.6;0
Aurillac;44.93;2.44;18/09/2026;17:00;21.9;0;SOLEIL;3;44.3;0
Aurillac;44.93;2.44;18/09/2026;18:00;21.9;0;SOLEIL;3;40.7;0
Aurillac;44.93;2.44;18/09/2026;19:00;21.9;0;SOLEIL;3;35.3;0
Aurillac;44.93;2.44;18/09/2026;20:00;18.9;0;SOLEIL;5;31.0;0
Aurillac;44.93;2.44;18/09/2026;21:00;17.3;0;SOLEIL;5;29.5;0
Aurillac;44.93;2.44;18/09/2026;22:00;15.7;0;SOLEIL;5;29.5;0
Aurillac;44.93;2.44;18/09/2026;23:00;14.9;0;SOLEIL;4;29.5;0
Aurillac;44.93;2.44;19/09/2026;00:00;14.9;0;SOLEIL;4;29.5;0
Aurillac;44.93;2.44;19/09/2026;01:00;14.9;0;SOLEIL;4;30.2;0
Aurillac;44.93;2.44;19/09/2026;02:00;12.5;0;SOLEIL;5;30.6;0
Aurillac;44.93;2.44;19/09/2026;03:00;12.5;0;SOLEIL;5;31.3;0
Aurillac;44.93;2.44;19/09/2026;04:00;12.5;0;SOLEIL;5;32.4;0
Aurillac;44.93;2.44;19/09/2026;05:00;13.4;0;SOLEIL;4;32.8;0
Aurillac;44.93;2.44;19/09/2026;06:00;13.4;0;SOLEIL;4;32.4;0
Aurillac;44.93;2.44;19/09/2026;07:00;13.4;0;SOLEIL;4;32.0;0
Aurillac;44.93;2.44;19/09/2026;08:00;16.0;0;SOLEIL;5;31.7;0
Aurillac;44.93;2.44;19/09/2026;09:00;17.7;0;SOLEIL;5;32.4;0
Aurillac;44.93;2.44;19/09/2026;10:00;19.5;0;SOLEIL;5;33.8;0
Aurillac;44.93;2.44;19/09/2026;11:00;26.4;0;SOLEIL;2;33.1;0
Aurillac;44.93;2.44;19/09/2026;12:00;26.4;0;SOLEIL;2;28.8;0
Aurillac;44.93;2.44;19/09/2026;13:00;26.4;0;SOLEIL;2;23.0;0
Aurillac;44.93;2.44;19/09/2026;14:00;26.5;0;SOLEIL;5;19.4;0
Aurillac;44.93;2.44;19/09/2026;15:00;28.2;0;SOLEIL;5;21.2;0
Aurillac;44.93;2.44;19/09/2026;16:00;26.5;0;SOLEIL;5;25.9;0
Aurillac;44.93;2.44;19/09/2026;17:00;21.6;0;SOLEIL;0;27.7;0
Aurillac;44.93;2.44;19/09/2026;18:00;21.6;0;SOLEIL;0;23.4;0
Aurillac;44.93;2.44;19/09/2026;19:00;21.6;0;SOLEIL;0;16.9;0
Aurillac;44.93;2.44;19/09/2026;20:00;19.5;0;SOLEIL;5;13.3;0
Aurillac;44.93;2.44;19/09/2026;21:00;17.7;0;SOLEIL;5;16.2;0
Aurillac;44.93;2.44;19/09/2026;22:00;16.0;0;SOLEIL;5;22.7;0
Aurillac;44.93;2.44;19/09/2026;23:00;17.1;0;SOLEIL;4;27.0;0
Aurillac;44.93;2.44;20/09/2026;00:00;17.1;0;SOLEIL;4;24.8;0
Aurillac;44.93;2.44;20/09/2026;01:00;17.1;0;SOLEIL;4;21.8;0
Aurillac;44.93;2.44;20/09/2026;02:00;14.6;0;SOLEIL;5;19.3;0
Aurillac;44.93;2.44;20/09/2026;03:00;14.6;0;SOLEIL;5;17.3;0
Aurillac;44.93;2.44;20/09/2026;04:00;14.6;0;SOLEIL;5;17.3;0
Aurillac;44.93;2.44;20/09/2026;05:00;15.2;0;SOLEIL;4;17.3;0
Aurillac;44.93;2.44;20/09/2026;06:00;15.2;0;SOLEIL;4;16.9;0
Aurillac;44.93;2.44;20/09/2026;07:00;15.2;0;SOLEIL;4;16.6;0
Aurillac;44.93;2.44;20/09/2026;08:00;17.8;0;SOLEIL;5;15.8;0
Aurillac;44.93;2.44;20/09/2026;09:00;19.4;0;SOLEIL;5;14.8;0
Aurillac;44.93;2.44;20/09/2026;10:00;21.0;0;SOLEIL;5;13.7;0
Aurillac;44.93;2.44;20/09/2026;11:00;28.4;0;SOLEIL;4;14.0;0
Aurillac;44.93;2.44;20/09/2026;12:00;28.4;0;SOLEIL;4;16.9;0
Aurillac;44.93;2.44;20/09/2026;13:00;28.4;0;SOLEIL;4;20.9;0
Aurillac;44.93;2.44;20/09/2026;14:00;27.3;0;SOLEIL;5;24.5;0
Aurillac;44.93;2.44;20/09/2026;15:00;28.9;0;SOLEIL;5;27.4;0
Aurillac;44.93;2.44;20/09/2026;16:00;27.3;0;SOLEIL;5;29.5;0
Aurillac;44.93;2.44;20/09/2026;17:00;23.1;0;SOLEIL;4;29.5;0
Aurillac;44.93;2.44;20/09/2026;18:00;23.1;0;SOLEIL;4;24.8;0
Aurillac;44.93;2.44;20/09/2026;19:00;23.1;0;SOLEIL;4;17.6;0
Aurillac;44.93;2.44;20/09/2026;20:00;21.0;0;SOLEIL;5;13.0;0
Aurillac;44.93;2.44;20/09/2026;21:00;19.4;0;SOLEIL;5;13.3;0
Aurillac;44.93;2.44;20/09/2026;22:00;17.8;0;SOLEIL;5;16.2;0
Aurillac;44.93;2.44;20/09/2026;23:00;18.7;0;SOLEIL;5;18.7;0
Saint-Flour;45.03;3.09;16/09/2026;00:00;17.4;0;SOLEIL;2;11.5;0
Saint-Flour;45.03;3.09;16/09/2026;01:00;17;0;SOLEIL;2;9.7;0
Saint-Flour;45.03;3.09;16/09/2026;02:00;16;0;SOLEIL;2;6.8;0
Saint-Flour;45.03;3.09;16/09/2026;03:00;15.4;2;NUAGEUX;2;13.3;0
Saint-Flour;45.03;3.09;16/09/2026;04:00;14.6;2;NUAGEUX;2;13.0;0
Saint-Flour;45.03;3.09;16/09/2026;05:00;14.7;2;NUAGEUX;2;16.9;0
Saint-Flour;45.03;3.09;16/09/2026;06:00;15.2;2;NUAGEUX;2;16.2;0
Saint-Flour;45.03;3.09;16/09/2026;07:00;15.6;2;NUAGEUX;2;15.1;0
Saint-Flour;45.03;3.09;16/09/2026;08:00;15.9;2;NUAGEUX;2;16.2;0
Saint-Flour;45.03;3.09;16/09/2026;09:00;16.9;6;AVERSES;2;15.5;0.1
Saint-Flour;45.03;3.09;16/09/2026;10:00;17.9;2;NUAGEUX;3;23.4;0
Saint-Flour;45.03;3.09;16/09/2026;11:00;17.1;2;NUAGEUX;4;25.6;0
Saint-Flour;45.03;3.09;16/09/2026;12:00;18.2;2;NUAGEUX;4;28.4;0
Saint-Flour;45.03;3.09;16/09/2026;13:00;19.1;2;NUAGEUX;4;27.0;0
Saint-Flour;45.03;3.09;16/09/2026;14:00;18.4;0;SOLEIL;4;25.2;0
Saint-Flour;45.03;3.09;16/09/2026;15:00;17;0;SOLEIL;4;21.2;0
Saint-Flour;45.03;3.09;16/09/2026;16:00;17;0;SOLEIL;4;24.5;0
Saint-Flour;45.03;3.09;16/09/2026;17:00;17.4;0;SOLEIL;4;25.6;0
Saint-Flour;45.03;3.09;16/09/2026;18:00;17.6;0;SOLEIL;3;27.0;0
Saint-Flour;45.03;3.09;16/09/2026;19:00;16.5;0;SOLEIL;3;30.2;0
Saint-Flour;45.03;3.09;16/09/2026;20:00;15.1;0;SOLEIL;3;24.1;0
Saint-Flour;45.03;3.09;16/09/2026;21:00;14;0;SOLEIL;3;19.8;0
Saint-Flour;45.03;3.09;16/09/2026;22:00;13.3;0;SOLEIL;2;21.2;0
Saint-Flour;45.03;3.09;16/09/2026;23:00;12.7;0;SOLEIL;2;16.9;0
Saint-Flour;45.03;3.09;17/09/2026;00:00;12.5;0;SOLEIL;2;16.9;0
Saint-Flour;45.03;3.09;17/09/2026;01:00;12.5;0;SOLEIL;2;15.5;0
Saint-Flour;45.03;3.09;17/09/2026;02:00;10.9;0;SOLEIL;2;14.8;0
Saint-Flour;45.03;3.09;17/09/2026;03:00;10.9;0;SOLEIL;2;10.5;0
Saint-Flour;45.03;3.09;17/09/2026;04:00;10.9;0;SOLEIL;2;12.1;0
Saint-Flour;45.03;3.09;17/09/2026;05:00;10.5;0;SOLEIL;2;12.7;0
Saint-Flour;45.03;3.09;17/09/2026;06:00;10.5;0;SOLEIL;2;12.6;0
Saint-Flour;45.03;3.09;17/09/2026;07:00;10.5;0;SOLEIL;2;12.2;0
Saint-Flour;45.03;3.09;17/09/2026;08:00;16.9;5;SOLEIL VOILÉ;3;11.9;0
Saint-Flour;45.03;3.09;17/09/2026;09:00;16.9;5;SOLEIL VOILÉ;3;11.9;0
Saint-Flour;45.03;3.09;17/09/2026;10:00;16.9;5;SOLEIL VOILÉ;3;8.3;0
Saint-Flour;45.03;3.09;17/09/2026;11:00;19.6;5;SOLEIL VOILÉ;4;16.2;0
Saint-Flour;45.03;3.09;17/09/2026;12:00;19.6;5;SOLEIL VOILÉ;4;25.9;0
Saint-Flour;45.03;3.09;17/09/2026;13:00;19.6;5;SOLEIL VOILÉ;4;26.6;0
Saint-Flour;45.03;3.09;17/09/2026;14:00;19.6;5;SOLEIL VOILÉ;4;25.2;0
Saint-Flour;45.03;3.09;17/09/2026;15:00;19.6;5;SOLEIL VOILÉ;4;24.8;0
Saint-Flour;45.03;3.09;17/09/2026;16:00;19.6;5;SOLEIL VOILÉ;4;28.1;0
Saint-Flour;45.03;3.09;17/09/2026;17:00;18.1;0;SOLEIL;3;29.2;0
Saint-Flour;45.03;3.09;17/09/2026;18:00;18.1;0;SOLEIL;3;29.2;0
Saint-Flour;45.03;3.09;17/09/2026;19:00;18.1;0;SOLEIL;3;26.3;0
Saint-Flour;45.03;3.09;17/09/2026;20:00;15.6;5;SOLEIL VOILÉ;2;25.6;0
Saint-Flour;45.03;3.09;17/09/2026;21:00;15.6;5;SOLEIL VOILÉ;2;16.2;0
Saint-Flour;45.03;3.09;17/09/2026;22:00;15.6;5;SOLEIL VOILÉ;2;8.6;0
Saint-Flour;45.03;3.09;17/09/2026;23:00;13.6;2;NUAGEUX;2;5.4;0
Saint-Flour;45.03;3.09;18/09/2026;00:00;13.6;2;NUAGEUX;2;9.0;0
Saint-Flour;45.03;3.09;18/09/2026;01:00;13.6;2;NUAGEUX;2;9.0;0
Saint-Flour;45.03;3.09;18/09/2026;02:00;12.1;0;SOLEIL;2;7.2;0
Saint-Flour;45.03;3.09;18/09/2026;03:00;12.1;0;SOLEIL;2;6.1;0
Saint-Flour;45.03;3.09;18/09/2026;04:00;12.1;0;SOLEIL;2;6.1;0
Saint-Flour;45.03;3.09;18/09/2026;05:00;11.7;0;SOLEIL;2;6.5;0
Saint-Flour;45.03;3.09;18/09/2026;06:00;11.7;0;SOLEIL;2;5.4;0
Saint-Flour;45.03;3.09;18/09/2026;07:00;11.7;0;SOLEIL;2;6.5;0
Saint-Flour;45.03;3.09;18/09/2026;08:00;16;2;NUAGEUX;2;4.3;0
Saint-Flour;45.03;3.09;18/09/2026;09:00;16;2;NUAGEUX;2;9.4;0
Saint-Flour;45.03;3.09;18/09/2026;10:00;16;2;NUAGEUX;2;16.9;0
Saint-Flour;45.03;3.09;18/09/2026;11:00;19.2;0;SOLEIL;4;23.0;0
Saint-Flour;45.03;3.09;18/09/2026;12:00;19.2;0;SOLEIL;4;26.3;0
Saint-Flour;45.03;3.09;18/09/2026;13:00;19.2;0;SOLEIL;4;27.7;0
Saint-Flour;45.03;3.09;18/09/2026;14:00;20.1;0;SOLEIL;4;28.8;0
Saint-Flour;45.03;3.09;18/09/2026;15:00;20.1;0;SOLEIL;4;29.2;0
Saint-Flour;45.03;3.09;18/09/2026;16:00;20.1;0;SOLEIL;4;29.2;0
Saint-Flour;45.03;3.09;18/09/2026;17:00;18.4;0;SOLEIL;3;28.4;0
Saint-Flour;45.03;3.09;18/09/2026;18:00;18.4;0;SOLEIL;3;28.1;0
Saint-Flour;45.03;3.09;18/09/2026;19:00;18.4;0;SOLEIL;3;27.7;0
Saint-Flour;45.03;3.09;18/09/2026;20:00;15.6;0;SOLEIL;5;25.2;0
Saint-Flour;45.03;3.09;18/09/2026;21:00;14.5;0;SOLEIL;5;19.1;0
Saint-Flour;45.03;3.09;18/09/2026;22:00;13.3;0;SOLEIL;5;11.2;0
Saint-Flour;45.03;3.09;18/09/2026;23:00;12.4;0;SOLEIL;2;6.1;0
Saint-Flour;45.03;3.09;19/09/2026;00:00;12.4;0;SOLEIL;2;6.1;0
Saint-Flour;45.03;3.09;19/09/2026;01:00;12.4;0;SOLEIL;2;9.0;0
Saint-Flour;45.03;3.09;19/09/2026;02:00;9.1;0;SOLEIL;5;11.2;0
Saint-Flour;45.03;3.09;19/09/2026;03:00;9.1;0;SOLEIL;5;11.9;0
Saint-Flour;45.03;3.09;19/09/2026;04:00;9.1;0;SOLEIL;5;11.9;0
Saint-Flour;45.03;3.09;19/09/2026;05:00;10.2;0;SOLEIL;1;11.9;0
Saint-Flour;45.03;3.09;19/09/2026;06:00;10.2;0;SOLEIL;1;11.5;0
Saint-Flour;45.03;3.09;19/09/2026;07:00;10.2;0;SOLEIL;1;10.8;0
Saint-Flour;45.03;3.09;19/09/2026;08:00;12.4;0;SOLEIL;5;10.4;0
Saint-Flour;45.03;3.09;19/09/2026;09:00;14.0;0;SOLEIL;5;10.4;0
Saint-Flour;45.03;3.09;19/09/2026;10:00;15.7;0;SOLEIL;5;11.2;0
Saint-Flour;45.03;3.09;19/09/2026;11:00;21.6;0;SOLEIL;3;12.6;0
Saint-Flour;45.03;3.09;19/09/2026;12:00;21.6;0;SOLEIL;3;16.2;0
Saint-Flour;45.03;3.09;19/09/2026;13:00;21.6;0;SOLEIL;3;20.5;0
Saint-Flour;45.03;3.09;19/09/2026;14:00;22.3;0;SOLEIL;5;24.5;0
Saint-Flour;45.03;3.09;19/09/2026;15:00;23.9;0;SOLEIL;5;27.7;0
Saint-Flour;45.03;3.09;19/09/2026;16:00;22.3;0;SOLEIL;5;30.2;0
Saint-Flour;45.03;3.09;19/09/2026;17:00;19.7;0;SOLEIL;2;31.3;0
Saint-Flour;45.03;3.09;19/09/2026;18:00;19.7;0;SOLEIL;2;30.6;0
Saint-Flour;45.03;3.09;19/09/2026;19:00;19.7;0;SOLEIL;2;28.4;0
Saint-Flour;45.03;3.09;19/09/2026;20:00;15.7;0;SOLEIL;5;25.6;0
Saint-Flour;45.03;3.09;19/09/2026;21:00;14.0;0;SOLEIL;5;22.0;0
Saint-Flour;45.03;3.09;19/09/2026;22:00;12.4;0;SOLEIL;5;17.6;0
Saint-Flour;45.03;3.09;19/09/2026;23:00;13.7;0;SOLEIL;1;14.8;0
Saint-Flour;45.03;3.09;20/09/2026;00:00;13.7;0;SOLEIL;1;13.5;0
Saint-Flour;45.03;3.09;20/09/2026;01:00;13.7;0;SOLEIL;1;13.9;0
Saint-Flour;45.03;3.09;20/09/2026;02:00;11.2;0;SOLEIL;5;14.1;0
Saint-Flour;45.03;3.09;20/09/2026;03:00;11.2;0;SOLEIL;5;13.3;0
Saint-Flour;45.03;3.09;20/09/2026;04:00;11.2;0;SOLEIL;5;12.2;0
Saint-Flour;45.03;3.09;20/09/2026;05:00;12.6;0;SOLEIL;1;11.5;0
Saint-Flour;45.03;3.09;20/09/2026;06:00;12.6;0;SOLEIL;1;11.5;0
Saint-Flour;45.03;3.09;20/09/2026;07:00;12.6;0;SOLEIL;1;11.9;0
Saint-Flour;45.03;3.09;20/09/2026;08:00;14.2;0;SOLEIL;5;11.9;0
Saint-Flour;45.03;3.09;20/09/2026;09:00;15.7;0;SOLEIL;5;11.2;0
Saint-Flour;45.03;3.09;20/09/2026;10:00;17.2;0;SOLEIL;5;10.4;0
Saint-Flour;45.03;3.09;20/09/2026;11:00;24.1;0;SOLEIL;4;11.2;0
Saint-Flour;45.03;3.09;20/09/2026;12:00;24.1;0;SOLEIL;4;14.0;0
Saint-Flour;45.03;3.09;20/09/2026;13:00;24.1;0;SOLEIL;4;18.0;0
Saint-Flour;45.03;3.09;20/09/2026;14:00;23.2;0;SOLEIL;5;22.0;0
Saint-Flour;45.03;3.09;20/09/2026;15:00;24.7;0;SOLEIL;5;25.2;0
Saint-Flour;45.03;3.09;20/09/2026;16:00;23.2;0;SOLEIL;5;28.1;0
Saint-Flour;45.03;3.09;20/09/2026;17:00;20.9;0;SOLEIL;3;29.5;0
Saint-Flour;45.03;3.09;20/09/2026;18:00;20.9;0;SOLEIL;3;29.2;0
Saint-Flour;45.03;3.09;20/09/2026;19:00;20.9;0;SOLEIL;3;27.7;0
Saint-Flour;45.03;3.09;20/09/2026;20:00;17.2;0;SOLEIL;5;25.2;0
Saint-Flour;45.03;3.09;20/09/2026;21:00;15.7;0;SOLEIL;5;21.6;0
Saint-Flour;45.03;3.09;20/09/2026;22:00;14.2;0;SOLEIL;5;17.6;0
Saint-Flour;45.03;3.09;20/09/2026;23:00;15.1;0;SOLEIL;2;14.4;0
Dieulefit;44.52;5.06;16/09/2026;00:00;15;0;SOLEIL;3;9.0;0
Dieulefit;44.52;5.06;16/09/2026;01:00;14.9;0;SOLEIL;4;13.7;0
Dieulefit;44.52;5.06;16/09/2026;02:00;14;0;SOLEIL;4;5.4;0
Dieulefit;44.52;5.06;16/09/2026;03:00;13.6;0;SOLEIL;4;10.1;0
Dieulefit;44.52;5.06;16/09/2026;04:00;13.1;0;SOLEIL;4;16.6;0
Dieulefit;44.52;5.06;16/09/2026;05:00;12.2;0;SOLEIL;3;16.2;0
Dieulefit;44.52;5.06;16/09/2026;06:00;11.9;2;NUAGEUX;2;12.2;0
Dieulefit;44.52;5.06;16/09/2026;07:00;13.4;2;NUAGEUX;1;21.2;0
Dieulefit;44.52;5.06;16/09/2026;08:00;15;2;NUAGEUX;1;24.1;0
Dieulefit;44.52;5.06;16/09/2026;09:00;16.7;2;NUAGEUX;2;25.9;0
Dieulefit;44.52;5.06;16/09/2026;10:00;17.4;6;AVERSES;2;14.4;0.2
Dieulefit;44.52;5.06;16/09/2026;11:00;18.6;6;AVERSES;4;20.5;0.4
Dieulefit;44.52;5.06;16/09/2026;12:00;18.1;6;AVERSES;4;22.3;0.1
Dieulefit;44.52;5.06;16/09/2026;13:00;17.5;2;NUAGEUX;4;22.0;0
Dieulefit;44.52;5.06;16/09/2026;14:00;16.1;2;NUAGEUX;4;31.7;0
Dieulefit;44.52;5.06;16/09/2026;15:00;15.2;2;NUAGEUX;5;30.2;0
Dieulefit;44.52;5.06;16/09/2026;16:00;14.7;2;NUAGEUX;3;26.6;0
Dieulefit;44.52;5.06;16/09/2026;17:00;13.7;2;NUAGEUX;3;28.1;0
Dieulefit;44.52;5.06;16/09/2026;18:00;12.9;0;SOLEIL;3;30.2;0
Dieulefit;44.52;5.06;16/09/2026;19:00;12.1;0;SOLEIL;3;24.8;0
Dieulefit;44.52;5.06;16/09/2026;20:00;11.7;0;SOLEIL;3;25.9;0
Dieulefit;44.52;5.06;16/09/2026;21:00;11;0;SOLEIL;2;19.8;0
Dieulefit;44.52;5.06;16/09/2026;22:00;10.6;0;SOLEIL;2;11.2;0
Dieulefit;44.52;5.06;16/09/2026;23:00;10.1;0;SOLEIL;2;11.2;0
Dieulefit;44.52;5.06;17/09/2026;00:00;9.5;0;SOLEIL;3;7.6;0
Dieulefit;44.52;5.06;17/09/2026;01:00;9.5;0;SOLEIL;3;9.0;0
Dieulefit;44.52;5.06;17/09/2026;02:00;7.2;0;SOLEIL;2;9.4;0
Dieulefit;44.52;5.06;17/09/2026;03:00;7.2;0;SOLEIL;2;10.2;0
Dieulefit;44.52;5.06;17/09/2026;04:00;7.2;0;SOLEIL;2;11.7;0
Dieulefit;44.52;5.06;17/09/2026;05:00;7.7;0;SOLEIL;2;12.5;0
Dieulefit;44.52;5.06;17/09/2026;06:00;7.7;0;SOLEIL;2;13.0;0
Dieulefit;44.52;5.06;17/09/2026;07:00;7.7;0;SOLEIL;2;13.0;0
Dieulefit;44.52;5.06;17/09/2026;08:00;14.1;5;SOLEIL VOILÉ;3;12.6;0
Dieulefit;44.52;5.06;17/09/2026;09:00;14.1;5;SOLEIL VOILÉ;3;11.2;0
Dieulefit;44.52;5.06;17/09/2026;10:00;14.1;5;SOLEIL VOILÉ;3;9.0;0
Dieulefit;44.52;5.06;17/09/2026;11:00;16.7;5;SOLEIL VOILÉ;2;21.6;0
Dieulefit;44.52;5.06;17/09/2026;12:00;16.7;5;SOLEIL VOILÉ;2;25.6;0
Dieulefit;44.52;5.06;17/09/2026;13:00;16.7;5;SOLEIL VOILÉ;2;27.0;0
Dieulefit;44.52;5.06;17/09/2026;14:00;17;5;SOLEIL VOILÉ;4;27.0;0
Dieulefit;44.52;5.06;17/09/2026;15:00;17;5;SOLEIL VOILÉ;4;27.4;0
Dieulefit;44.52;5.06;17/09/2026;16:00;17;5;SOLEIL VOILÉ;4;28.8;0
Dieulefit;44.52;5.06;17/09/2026;17:00;13.6;5;SOLEIL VOILÉ;3;29.5;0
Dieulefit;44.52;5.06;17/09/2026;18:00;13.6;5;SOLEIL VOILÉ;3;28.4;0
Dieulefit;44.52;5.06;17/09/2026;19:00;13.6;5;SOLEIL VOILÉ;3;28.4;0
Dieulefit;44.52;5.06;17/09/2026;20:00;11.9;5;SOLEIL VOILÉ;2;27.0;0
Dieulefit;44.52;5.06;17/09/2026;21:00;11.9;5;SOLEIL VOILÉ;2;22.0;0
Dieulefit;44.52;5.06;17/09/2026;22:00;11.9;5;SOLEIL VOILÉ;2;18.4;0
Dieulefit;44.52;5.06;17/09/2026;23:00;10.1;5;SOLEIL VOILÉ;2;13.7;0
Dieulefit;44.52;5.06;18/09/2026;00:00;10.1;5;SOLEIL VOILÉ;2;10.4;0
Dieulefit;44.52;5.06;18/09/2026;01:00;10.1;5;SOLEIL VOILÉ;2;9.7;0
Dieulefit;44.52;5.06;18/09/2026;02:00;8.6;0;SOLEIL;1;9.7;0
Dieulefit;44.52;5.06;18/09/2026;03:00;8.6;0;SOLEIL;1;8.6;0
Dieulefit;44.52;5.06;18/09/2026;04:00;8.6;0;SOLEIL;1;8.3;0
Dieulefit;44.52;5.06;18/09/2026;05:00;9;0;SOLEIL;1;9.0;0
Dieulefit;44.52;5.06;18/09/2026;06:00;9;0;SOLEIL;1;8.6;0
Dieulefit;44.52;5.06;18/09/2026;07:00;9;0;SOLEIL;1;6.8;0
Dieulefit;44.52;5.06;18/09/2026;08:00;13.9;0;SOLEIL;2;6.1;0
Dieulefit;44.52;5.06;18/09/2026;09:00;13.9;0;SOLEIL;2;10.1;0
Dieulefit;44.52;5.06;18/09/2026;10:00;13.9;0;SOLEIL;2;15.8;0
Dieulefit;44.52;5.06;18/09/2026;11:00;16.5;0;SOLEIL;3;21.2;0
Dieulefit;44.52;5.06;18/09/2026;12:00;16.5;0;SOLEIL;3;25.6;0
Dieulefit;44.52;5.06;18/09/2026;13:00;16.5;0;SOLEIL;3;29.2;0
Dieulefit;44.52;5.06;18/09/2026;14:00;18.1;0;SOLEIL;4;31.7;0
Dieulefit;44.52;5.06;18/09/2026;15:00;18.1;0;SOLEIL;4;32.0;0
Dieulefit;44.52;5.06;18/09/2026;16:00;18.1;0;SOLEIL;4;31.3;0
Dieulefit;44.52;5.06;18/09/2026;17:00;15.1;0;SOLEIL;3;30.2;0
Dieulefit;44.52;5.06;18/09/2026;18:00;15.1;0;SOLEIL;3;29.5;0
Dieulefit;44.52;5.06;18/09/2026;19:00;15.1;0;SOLEIL;3;28.1;0
Dieulefit;44.52;5.06;18/09/2026;20:00;12.8;0;SOLEIL;5;25.9;0
Dieulefit;44.52;5.06;18/09/2026;21:00;11.6;0;SOLEIL;5;21.6;0
Dieulefit;44.52;5.06;18/09/2026;22:00;10.4;0;SOLEIL;5;15.8;0
Dieulefit;44.52;5.06;18/09/2026;23:00;8.6;0;SOLEIL;2;11.9;0
Dieulefit;44.52;5.06;19/09/2026;00:00;8.6;0;SOLEIL;2;10.8;0
Dieulefit;44.52;5.06;19/09/2026;01:00;8.6;0;SOLEIL;2;10.8;0
Dieulefit;44.52;5.06;19/09/2026;02:00;5.7;0;SOLEIL;5;11.2;0
Dieulefit;44.52;5.06;19/09/2026;03:00;5.7;0;SOLEIL;5;10.8;0
Dieulefit;44.52;5.06;19/09/2026;04:00;5.7;0;SOLEIL;5;10.4;0
Dieulefit;44.52;5.06;19/09/2026;05:00;6.6;0;SOLEIL;0;10.1;0
Dieulefit;44.52;5.06;19/09/2026;06:00;6.6;0;SOLEIL;0;9.7;0
Dieulefit;44.52;5.06;19/09/2026;07:00;6.6;0;SOLEIL;0;9.0;0
Dieulefit;44.52;5.06;19/09/2026;08:00;9.3;0;SOLEIL;5;8.6;0
Dieulefit;44.52;5.06;19/09/2026;09:00;11.2;0;SOLEIL;5;7.9;0
Dieulefit;44.52;5.06;19/09/2026;10:00;13.0;0;SOLEIL;5;7.6;0
Dieulefit;44.52;5.06;19/09/2026;11:00;19.6;0;SOLEIL;2;8.3;0
Dieulefit;44.52;5.06;19/09/2026;12:00;19.6;0;SOLEIL;2;11.2;0
Dieulefit;44.52;5.06;19/09/2026;13:00;19.6;0;SOLEIL;2;15.5;0
Dieulefit;44.52;5.06;19/09/2026;14:00;20.3;0;SOLEIL;5;19.4;0
Dieulefit;44.52;5.06;19/09/2026;15:00;22.1;0;SOLEIL;5;22.3;0
Dieulefit;44.52;5.06;19/09/2026;16:00;20.3;0;SOLEIL;5;24.8;0
Dieulefit;44.52;5.06;19/09/2026;17:00;17.2;0;SOLEIL;3;26.3;0
Dieulefit;44.52;5.06;19/09/2026;18:00;17.2;0;SOLEIL;3;27.0;0
Dieulefit;44.52;5.06;19/09/2026;19:00;17.2;0;SOLEIL;3;26.6;0
Dieulefit;44.52;5.06;19/09/2026;20:00;13.0;0;SOLEIL;5;25.2;0
Dieulefit;44.52;5.06;19/09/2026;21:00;11.2;0;SOLEIL;5;21.2;0
Dieulefit;44.52;5.06;19/09/2026;22:00;9.3;0;SOLEIL;5;15.8;0
Dieulefit;44.52;5.06;19/09/2026;23:00;11.2;0;SOLEIL;1;12.2;0
Dieulefit;44.52;5.06;20/09/2026;00:00;11.2;0;SOLEIL;1;10.7;0
Dieulefit;44.52;5.06;20/09/2026;01:00;11.2;0;SOLEIL;1;9.7;0
Dieulefit;44.52;5.06;20/09/2026;02:00;7.9;2;NUAGEUX;5;7.8;0
Dieulefit;44.52;5.06;20/09/2026;03:00;7.9;2;NUAGEUX;5;4.7;0
Dieulefit;44.52;5.06;20/09/2026;04:00;7.9;2;NUAGEUX;5;3.2;0
Dieulefit;44.52;5.06;20/09/2026;05:00;8.9;0;SOLEIL;0;2.5;0
Dieulefit;44.52;5.06;20/09/2026;06:00;8.9;0;SOLEIL;0;2.5;0
Dieulefit;44.52;5.06;20/09/2026;07:00;8.9;0;SOLEIL;0;3.2;0
Dieulefit;44.52;5.06;20/09/2026;08:00;11.1;2;NUAGEUX;5;4.7;0
Dieulefit;44.52;5.06;20/09/2026;09:00;12.7;2;NUAGEUX;5;6.8;0
Dieulefit;44.52;5.06;20/09/2026;10:00;14.3;2;NUAGEUX;5;9.7;0
Dieulefit;44.52;5.06;20/09/2026;11:00;21.4;0;SOLEIL;3;13.3;0
Dieulefit;44.52;5.06;20/09/2026;12:00;21.4;0;SOLEIL;3;19.1;0
Dieulefit;44.52;5.06;20/09/2026;13:00;21.4;0;SOLEIL;3;25.2;0
Dieulefit;44.52;5.06;20/09/2026;14:00;20.6;2;NUAGEUX;5;29.9;0
Dieulefit;44.52;5.06;20/09/2026;15:00;22.2;2;NUAGEUX;5;31.0;0
Dieulefit;44.52;5.06;20/09/2026;16:00;20.6;2;NUAGEUX;5;30.2;0
Dieulefit;44.52;5.06;20/09/2026;17:00;18.1;2;NUAGEUX;3;28.8;0
Dieulefit;44.52;5.06;20/09/2026;18:00;18.1;2;NUAGEUX;3;27.4;0
Dieulefit;44.52;5.06;20/09/2026;19:00;18.1;2;NUAGEUX;3;25.2;0
Dieulefit;44.52;5.06;20/09/2026;20:00;14.3;2;NUAGEUX;5;22.7;0
Dieulefit;44.52;5.06;20/09/2026;21:00;12.7;2;NUAGEUX;5;19.4;0
Dieulefit;44.52;5.06;20/09/2026;22:00;11.1;2;NUAGEUX;5;15.5;0
Dieulefit;44.52;5.06;20/09/2026;23:00;12;2;NUAGEUX;3;12.2;0
Montélimar;44.56;4.75;16/09/2026;00:00;16.7;0;SOLEIL;1;11.2;0
Montélimar;44.56;4.75;16/09/2026;01:00;16.1;0;SOLEIL;1;11.9;0
Montélimar;44.56;4.75;16/09/2026;02:00;15.3;0;SOLEIL;1;11.9;0
Montélimar;44.56;4.75;16/09/2026;03:00;15.1;0;SOLEIL;1;10.1;0
Montélimar;44.56;4.75;16/09/2026;04:00;15.1;0;SOLEIL;1;7.9;0
Montélimar;44.56;4.75;16/09/2026;05:00;14.7;0;SOLEIL;1;12.6;0
Montélimar;44.56;4.75;16/09/2026;06:00;14.6;0;SOLEIL;1;12.2;0
Montélimar;44.56;4.75;16/09/2026;07:00;16.9;0;SOLEIL;0;8.6;0
Montélimar;44.56;4.75;16/09/2026;08:00;21.6;0;SOLEIL;1;9.0;0
Montélimar;44.56;4.75;16/09/2026;09:00;23.6;0;SOLEIL;3;6.8;0
Montélimar;44.56;4.75;16/09/2026;10:00;25.4;0;SOLEIL;4;5.8;0
Montélimar;44.56;4.75;16/09/2026;11:00;26.6;0;SOLEIL;4;25.9;0
Montélimar;44.56;4.75;16/09/2026;12:00;26.9;0;SOLEIL;4;33.1;0
Montélimar;44.56;4.75;16/09/2026;13:00;27.2;0;SOLEIL;5;42.8;0
Montélimar;44.56;4.75;16/09/2026;14:00;27.1;0;SOLEIL;5;46.8;0
Montélimar;44.56;4.75;16/09/2026;15:00;26.3;0;SOLEIL;4;46.1;0
Montélimar;44.56;4.75;16/09/2026;16:00;24.9;0;SOLEIL;4;47.2;0
Montélimar;44.56;4.75;16/09/2026;17:00;22.7;0;SOLEIL;4;46.8;0
Montélimar;44.56;4.75;16/09/2026;18:00;20.5;0;SOLEIL;4;46.1;0
Montélimar;44.56;4.75;16/09/2026;19:00;19.1;0;SOLEIL;4;36.0;0
Montélimar;44.56;4.75;16/09/2026;20:00;18.5;0;SOLEIL;4;32.8;0
Montélimar;44.56;4.75;16/09/2026;21:00;17.9;0;SOLEIL;4;29.2;0
Montélimar;44.56;4.75;16/09/2026;22:00;16.8;0;SOLEIL;4;30.6;0
Montélimar;44.56;4.75;16/09/2026;23:00;16;0;SOLEIL;4;31.7;0
Montélimar;44.56;4.75;17/09/2026;00:00;15.1;0;SOLEIL;4;32.0;0
Montélimar;44.56;4.75;17/09/2026;01:00;15.1;0;SOLEIL;4;28.1;0
Montélimar;44.56;4.75;17/09/2026;02:00;14;0;SOLEIL;6;20.9;0
Montélimar;44.56;4.75;17/09/2026;03:00;14;0;SOLEIL;6;21.5;0
Montélimar;44.56;4.75;17/09/2026;04:00;14;0;SOLEIL;6;25.2;0
Montélimar;44.56;4.75;17/09/2026;05:00;13.7;0;SOLEIL;6;34.0;0
Montélimar;44.56;4.75;17/09/2026;06:00;13.7;0;SOLEIL;6;43.9;0
Montélimar;44.56;4.75;17/09/2026;07:00;13.7;0;SOLEIL;6;42.5;0
Montélimar;44.56;4.75;17/09/2026;08:00;19.1;0;SOLEIL;7;42.5;0
Montélimar;44.56;4.75;17/09/2026;09:00;19.1;0;SOLEIL;7;43.6;0
Montélimar;44.56;4.75;17/09/2026;10:00;19.1;0;SOLEIL;7;53.6;0
Montélimar;44.56;4.75;17/09/2026;11:00;22.4;0;SOLEIL;7;70.9;0
Montélimar;44.56;4.75;17/09/2026;12:00;22.4;0;SOLEIL;7;74.9;0
Montélimar;44.56;4.75;17/09/2026;13:00;22.4;0;SOLEIL;7;74.9;0
Montélimar;44.56;4.75;17/09/2026;14:00;23.4;0;SOLEIL;6;74.9;0
Montélimar;44.56;4.75;17/09/2026;15:00;23.4;0;SOLEIL;6;74.9;0
Montélimar;44.56;4.75;17/09/2026;16:00;23.4;0;SOLEIL;6;71.6;0
Montélimar;44.56;4.75;17/09/2026;17:00;19.2;0;SOLEIL;5;70.9;0
Montélimar;44.56;4.75;17/09/2026;18:00;19.2;0;SOLEIL;5;66.6;0
Montélimar;44.56;4.75;17/09/2026;19:00;19.2;0;SOLEIL;5;61.6;0
Montélimar;44.56;4.75;17/09/2026;20:00;16.7;0;SOLEIL;5;54.4;0
Montélimar;44.56;4.75;17/09/2026;21:00;16.7;0;SOLEIL;5;56.5;0
Montélimar;44.56;4.75;17/09/2026;22:00;16.7;0;SOLEIL;5;56.5;0
Montélimar;44.56;4.75;17/09/2026;23:00;16;5;SOLEIL VOILÉ;4;46.1;0
Montélimar;44.56;4.75;18/09/2026;00:00;16;5;SOLEIL VOILÉ;4;41.4;0
Montélimar;44.56;4.75;18/09/2026;01:00;16;5;SOLEIL VOILÉ;4;41.0;0
Montélimar;44.56;4.75;18/09/2026;02:00;13.9;0;SOLEIL;5;42.5;0
Montélimar;44.56;4.75;18/09/2026;03:00;13.9;0;SOLEIL;5;41.0;0
Montélimar;44.56;4.75;18/09/2026;04:00;13.9;0;SOLEIL;5;46.1;0
Montélimar;44.56;4.75;18/09/2026;05:00;13.7;0;SOLEIL;5;44.6;0
Montélimar;44.56;4.75;18/09/2026;06:00;13.7;0;SOLEIL;5;44.3;0
Montélimar;44.56;4.75;18/09/2026;07:00;13.7;0;SOLEIL;5;38.9;0
Montélimar;44.56;4.75;18/09/2026;08:00;19.1;0;SOLEIL;6;33.5;0
Montélimar;44.56;4.75;18/09/2026;09:00;19.1;0;SOLEIL;6;40.7;0
Montélimar;44.56;4.75;18/09/2026;10:00;19.1;0;SOLEIL;6;52.2;0
Montélimar;44.56;4.75;18/09/2026;11:00;22.7;0;SOLEIL;6;61.6;0
Montélimar;44.56;4.75;18/09/2026;12:00;22.7;0;SOLEIL;6;66.2;0
Montélimar;44.56;4.75;18/09/2026;13:00;22.7;0;SOLEIL;6;68.8;0
Montélimar;44.56;4.75;18/09/2026;14:00;24;0;SOLEIL;6;70.6;0
Montélimar;44.56;4.75;18/09/2026;15:00;24;0;SOLEIL;6;72.0;0
Montélimar;44.56;4.75;18/09/2026;16:00;24;0;SOLEIL;6;72.7;0
Montélimar;44.56;4.75;18/09/2026;17:00;19.2;0;SOLEIL;5;71.3;0
Montélimar;44.56;4.75;18/09/2026;18:00;19.2;0;SOLEIL;5;67.3;0
Montélimar;44.56;4.75;18/09/2026;19:00;19.2;0;SOLEIL;5;61.2;0
Montélimar;44.56;4.75;18/09/2026;20:00;18.1;0;SOLEIL;5;54.7;0
Montélimar;44.56;4.75;18/09/2026;21:00;16.8;0;SOLEIL;5;47.5;0
Montélimar;44.56;4.75;18/09/2026;22:00;15.4;0;SOLEIL;5;40.3;0
Montélimar;44.56;4.75;18/09/2026;23:00;14.1;0;SOLEIL;5;35.3;0
Montélimar;44.56;4.75;19/09/2026;00:00;14.1;0;SOLEIL;5;35.3;0
Montélimar;44.56;4.75;19/09/2026;01:00;14.1;0;SOLEIL;5;37.4;0
Montélimar;44.56;4.75;19/09/2026;02:00;11.7;0;SOLEIL;5;38.5;0
Montélimar;44.56;4.75;19/09/2026;03:00;11.7;0;SOLEIL;5;36.4;0
Montélimar;44.56;4.75;19/09/2026;04:00;11.7;0;SOLEIL;5;32.8;0
Montélimar;44.56;4.75;19/09/2026;05:00;12.9;0;SOLEIL;5;30.2;0
Montélimar;44.56;4.75;19/09/2026;06:00;12.9;0;SOLEIL;5;29.5;0
Montélimar;44.56;4.75;19/09/2026;07:00;12.9;0;SOLEIL;5;29.5;0
Montélimar;44.56;4.75;19/09/2026;08:00;15.1;0;SOLEIL;5;30.2;0
Montélimar;44.56;4.75;19/09/2026;09:00;16.8;0;SOLEIL;5;31.0;0
Montélimar;44.56;4.75;19/09/2026;10:00;18.5;0;SOLEIL;5;32.4;0
Montélimar;44.56;4.75;19/09/2026;11:00;25;0;SOLEIL;5;34.2;0
Montélimar;44.56;4.75;19/09/2026;12:00;25;0;SOLEIL;5;37.1;0
Montélimar;44.56;4.75;19/09/2026;13:00;25;0;SOLEIL;5;41.0;0
Montélimar;44.56;4.75;19/09/2026;14:00;25.4;0;SOLEIL;5;43.6;0
Montélimar;44.56;4.75;19/09/2026;15:00;27.1;0;SOLEIL;5;44.6;0
Montélimar;44.56;4.75;19/09/2026;16:00;25.4;0;SOLEIL;5;45.0;0
Montélimar;44.56;4.75;19/09/2026;17:00;22.6;0;SOLEIL;4;44.3;0
Montélimar;44.56;4.75;19/09/2026;18:00;22.6;0;SOLEIL;4;42.1;0
Montélimar;44.56;4.75;19/09/2026;19:00;22.6;0;SOLEIL;4;39.2;0
Montélimar;44.56;4.75;19/09/2026;20:00;18.5;0;SOLEIL;5;37.1;0
Montélimar;44.56;4.75;19/09/2026;21:00;16.8;0;SOLEIL;5;36.0;0
Montélimar;44.56;4.75;19/09/2026;22:00;15.1;0;SOLEIL;5;35.6;0
Montélimar;44.56;4.75;19/09/2026;23:00;15.1;0;SOLEIL;4;34.9;0
Montélimar;44.56;4.75;20/09/2026;00:00;15.1;0;SOLEIL;4;32.1;0
Montélimar;44.56;4.75;20/09/2026;01:00;15.1;0;SOLEIL;4;29.7;0
Montélimar;44.56;4.75;20/09/2026;02:00;12.4;0;SOLEIL;5;28.9;0
Montélimar;44.56;4.75;20/09/2026;03:00;12.4;0;SOLEIL;5;28.8;0
Montélimar;44.56;4.75;20/09/2026;04:00;12.4;0;SOLEIL;5;28.8;0
Montélimar;44.56;4.75;20/09/2026;05:00;13.7;0;SOLEIL;4;29.2;0
Montélimar;44.56;4.75;20/09/2026;06:00;13.7;0;SOLEIL;4;29.9;0
Montélimar;44.56;4.75;20/09/2026;07:00;13.7;0;SOLEIL;4;31.0;0
Montélimar;44.56;4.75;20/09/2026;08:00;15.7;0;SOLEIL;5;32.4;0
Montélimar;44.56;4.75;20/09/2026;09:00;17.3;0;SOLEIL;5;33.1;0
Montélimar;44.56;4.75;20/09/2026;10:00;18.9;0;SOLEIL;5;34.2;0
Montélimar;44.56;4.75;20/09/2026;11:00;26.6;0;SOLEIL;6;36.7;0
Montélimar;44.56;4.75;20/09/2026;12:00;26.6;0;SOLEIL;6;42.1;0
Montélimar;44.56;4.75;20/09/2026;13:00;26.6;0;SOLEIL;6;49.0;0
Montélimar;44.56;4.75;20/09/2026;14:00;25.5;0;SOLEIL;5;53.6;0
Montélimar;44.56;4.75;20/09/2026;15:00;27.1;0;SOLEIL;5;54.4;0
Montélimar;44.56;4.75;20/09/2026;16:00;25.5;0;SOLEIL;5;53.3;0
Montélimar;44.56;4.75;20/09/2026;17:00;22.9;0;SOLEIL;6;51.5;0
Montélimar;44.56;4.75;20/09/2026;18:00;22.9;0;SOLEIL;6;50.0;0
Montélimar;44.56;4.75;20/09/2026;19:00;22.9;0;SOLEIL;6;47.9;0
Montélimar;44.56;4.75;20/09/2026;20:00;18.9;0;SOLEIL;5;46.1;0
Montélimar;44.56;4.75;20/09/2026;21:00;17.3;0;SOLEIL;5;43.9;0
Montélimar;44.56;4.75;20/09/2026;22:00;15.7;0;SOLEIL;5;41.8;0
Montélimar;44.56;4.75;20/09/2026;23:00;17.9;0;SOLEIL;7;40.3;0
Valence;44.93;4.89;16/09/2026;00:00;19.6;0;SOLEIL;2;13.0;0
Valence;44.93;4.89;16/09/2026;01:00;19.7;0;SOLEIL;2;10.1;0
Valence;44.93;4.89;16/09/2026;02:00;18.7;0;SOLEIL;2;10.4;0
Valence;44.93;4.89;16/09/2026;03:00;18.1;0;SOLEIL;2;11.2;0
Valence;44.93;4.89;16/09/2026;04:00;18.1;2;NUAGEUX;2;10.8;0
Valence;44.93;4.89;16/09/2026;05:00;18.4;2;NUAGEUX;1;9.7;0
Valence;44.93;4.89;16/09/2026;06:00;18.7;2;NUAGEUX;1;8.3;0
Valence;44.93;4.89;16/09/2026;07:00;20.1;2;NUAGEUX;0;6.8;0
Valence;44.93;4.89;16/09/2026;08:00;21.4;0;SOLEIL;2;6.5;0
Valence;44.93;4.89;16/09/2026;09:00;24.6;0;SOLEIL;7;6.1;0
Valence;44.93;4.89;16/09/2026;10:00;26.6;0;SOLEIL;7;9.0;0
Valence;44.93;4.89;16/09/2026;11:00;28.1;0;SOLEIL;7;14.0;0
Valence;44.93;4.89;16/09/2026;12:00;28.4;0;SOLEIL;7;45.0;0
Valence;44.93;4.89;16/09/2026;13:00;28.2;0;SOLEIL;7;52.6;0
Valence;44.93;4.89;16/09/2026;14:00;27.7;2;NUAGEUX;7;55.4;0
Valence;44.93;4.89;16/09/2026;15:00;26.9;2;NUAGEUX;8;56.5;0
Valence;44.93;4.89;16/09/2026;16:00;25.7;2;NUAGEUX;8;61.9;0
Valence;44.93;4.89;16/09/2026;17:00;23.8;5;SOLEIL VOILÉ;7;64.4;0
Valence;44.93;4.89;16/09/2026;18:00;22.2;5;SOLEIL VOILÉ;7;59.8;0
Valence;44.93;4.89;16/09/2026;19:00;21.2;5;SOLEIL VOILÉ;6;53.6;0
Valence;44.93;4.89;16/09/2026;20:00;20.6;0;SOLEIL;6;43.6;0
Valence;44.93;4.89;16/09/2026;21:00;19.7;0;SOLEIL;6;35.3;0
Valence;44.93;4.89;16/09/2026;22:00;18.9;0;SOLEIL;6;35.3;0
Valence;44.93;4.89;16/09/2026;23:00;18.5;0;SOLEIL;6;34.9;0
Valence;44.93;4.89;17/09/2026;00:00;18;0;SOLEIL;6;32.0;0
Valence;44.93;4.89;17/09/2026;01:00;18;0;SOLEIL;6;28.8;0
Valence;44.93;4.89;17/09/2026;02:00;16.7;0;SOLEIL;5;25.9;0
Valence;44.93;4.89;17/09/2026;03:00;16.7;0;SOLEIL;5;25.3;0
Valence;44.93;4.89;17/09/2026;04:00;16.7;0;SOLEIL;5;23.6;0
Valence;44.93;4.89;17/09/2026;05:00;16.6;0;SOLEIL;5;21.3;0
Valence;44.93;4.89;17/09/2026;06:00;16.6;0;SOLEIL;5;16.6;0
Valence;44.93;4.89;17/09/2026;07:00;16.6;0;SOLEIL;5;18.0;0
Valence;44.93;4.89;17/09/2026;08:00;20.9;0;SOLEIL;8;18.7;0
Valence;44.93;4.89;17/09/2026;09:00;20.9;0;SOLEIL;8;30.2;0
Valence;44.93;4.89;17/09/2026;10:00;20.9;0;SOLEIL;8;43.2;0
Valence;44.93;4.89;17/09/2026;11:00;24;0;SOLEIL;8;55.1;0
Valence;44.93;4.89;17/09/2026;12:00;24;0;SOLEIL;8;62.3;0
Valence;44.93;4.89;17/09/2026;13:00;24;0;SOLEIL;8;63.0;0
Valence;44.93;4.89;17/09/2026;14:00;24.9;0;SOLEIL;7;62.3;0
Valence;44.93;4.89;17/09/2026;15:00;24.9;0;SOLEIL;7;59.0;0
Valence;44.93;4.89;17/09/2026;16:00;24.9;0;SOLEIL;7;55.8;0
Valence;44.93;4.89;17/09/2026;17:00;22.6;0;SOLEIL;5;51.8;0
Valence;44.93;4.89;17/09/2026;18:00;22.6;0;SOLEIL;5;49.0;0
Valence;44.93;4.89;17/09/2026;19:00;22.6;0;SOLEIL;5;44.6;0
Valence;44.93;4.89;17/09/2026;20:00;19.4;0;SOLEIL;4;39.6;0
Valence;44.93;4.89;17/09/2026;21:00;19.4;0;SOLEIL;4;33.1;0
Valence;44.93;4.89;17/09/2026;22:00;19.4;0;SOLEIL;4;27.4;0
Valence;44.93;4.89;17/09/2026;23:00;17.7;5;SOLEIL VOILÉ;4;20.9;0
Valence;44.93;4.89;18/09/2026;00:00;17.7;5;SOLEIL VOILÉ;4;18.7;0
Valence;44.93;4.89;18/09/2026;01:00;17.7;5;SOLEIL VOILÉ;4;15.5;0
Valence;44.93;4.89;18/09/2026;02:00;16.6;0;SOLEIL;4;11.5;0
Valence;44.93;4.89;18/09/2026;03:00;16.6;0;SOLEIL;4;10.1;0
Valence;44.93;4.89;18/09/2026;04:00;16.6;0;SOLEIL;4;10.1;0
Valence;44.93;4.89;18/09/2026;05:00;16.1;0;SOLEIL;4;11.5;0
Valence;44.93;4.89;18/09/2026;06:00;16.1;0;SOLEIL;4;11.5;0
Valence;44.93;4.89;18/09/2026;07:00;16.1;0;SOLEIL;4;11.5;0
Valence;44.93;4.89;18/09/2026;08:00;20.6;0;SOLEIL;6;11.9;0
Valence;44.93;4.89;18/09/2026;09:00;20.6;0;SOLEIL;6;19.1;0
Valence;44.93;4.89;18/09/2026;10:00;20.6;0;SOLEIL;6;28.8;0
Valence;44.93;4.89;18/09/2026;11:00;24.4;0;SOLEIL;6;37.4;0
Valence;44.93;4.89;18/09/2026;12:00;24.4;0;SOLEIL;6;43.9;0
Valence;44.93;4.89;18/09/2026;13:00;24.4;0;SOLEIL;6;49.0;0
Valence;44.93;4.89;18/09/2026;14:00;25.9;0;SOLEIL;6;52.6;0
Valence;44.93;4.89;18/09/2026;15:00;25.9;0;SOLEIL;6;54.4;0
Valence;44.93;4.89;18/09/2026;16:00;25.9;0;SOLEIL;6;54.4;0
Valence;44.93;4.89;18/09/2026;17:00;23.1;0;SOLEIL;5;53.6;0
Valence;44.93;4.89;18/09/2026;18:00;23.1;0;SOLEIL;5;52.9;0
Valence;44.93;4.89;18/09/2026;19:00;23.1;0;SOLEIL;5;51.5;0
Valence;44.93;4.89;18/09/2026;20:00;20.4;0;SOLEIL;5;48.6;0
Valence;44.93;4.89;18/09/2026;21:00;19.3;0;SOLEIL;5;43.6;0
Valence;44.93;4.89;18/09/2026;22:00;18.2;0;SOLEIL;5;36.7;0
Valence;44.93;4.89;18/09/2026;23:00;18.1;0;SOLEIL;5;31.0;0
Valence;44.93;4.89;19/09/2026;00:00;18.1;0;SOLEIL;5;26.3;0
Valence;44.93;4.89;19/09/2026;01:00;18.1;0;SOLEIL;5;22.3;0
Valence;44.93;4.89;19/09/2026;02:00;15.6;0;SOLEIL;5;19.4;0
Valence;44.93;4.89;19/09/2026;03:00;15.6;0;SOLEIL;5;17.6;0
Valence;44.93;4.89;19/09/2026;04:00;15.6;0;SOLEIL;5;16.9;0
Valence;44.93;4.89;19/09/2026;05:00;16.2;0;SOLEIL;4;16.6;0
Valence;44.93;4.89;19/09/2026;06:00;16.2;0;SOLEIL;4;15.1;0
Valence;44.93;4.89;19/09/2026;07:00;16.2;0;SOLEIL;4;14.0;0
Valence;44.93;4.89;19/09/2026;08:00;18.5;0;SOLEIL;5;16.2;0
Valence;44.93;4.89;19/09/2026;09:00;19.9;0;SOLEIL;5;24.8;0
Valence;44.93;4.89;19/09/2026;10:00;21.4;0;SOLEIL;5;37.1;0
Valence;44.93;4.89;19/09/2026;11:00;26.2;0;SOLEIL;5;46.1;0
Valence;44.93;4.89;19/09/2026;12:00;26.2;0;SOLEIL;5;49.0;0
Valence;44.93;4.89;19/09/2026;13:00;26.2;0;SOLEIL;5;48.6;0
Valence;44.93;4.89;19/09/2026;14:00;27.2;0;SOLEIL;5;47.5;0
Valence;44.93;4.89;19/09/2026;15:00;28.6;0;SOLEIL;5;46.4;0
Valence;44.93;4.89;19/09/2026;16:00;27.2;0;SOLEIL;5;44.3;0
Valence;44.93;4.89;19/09/2026;17:00;24.7;0;SOLEIL;4;42.8;0
Valence;44.93;4.89;19/09/2026;18:00;24.7;0;SOLEIL;4;42.8;0
Valence;44.93;4.89;19/09/2026;19:00;24.7;0;SOLEIL;4;43.2;0
Valence;44.93;4.89;19/09/2026;20:00;21.4;0;SOLEIL;5;42.1;0
Valence;44.93;4.89;19/09/2026;21:00;19.9;0;SOLEIL;5;38.9;0
Valence;44.93;4.89;19/09/2026;22:00;18.5;0;SOLEIL;5;34.6;0
Valence;44.93;4.89;19/09/2026;23:00;18.6;0;SOLEIL;0;29.9;0
Valence;44.93;4.89;20/09/2026;00:00;18.6;0;SOLEIL;0;29.1;0
Valence;44.93;4.89;20/09/2026;01:00;18.6;0;SOLEIL;0;29.3;0
Valence;44.93;4.89;20/09/2026;02:00;15.1;0;SOLEIL;5;31.1;0
Valence;44.93;4.89;20/09/2026;03:00;15.1;0;SOLEIL;5;34.2;0
Valence;44.93;4.89;20/09/2026;04:00;15.1;0;SOLEIL;5;33.1;0
Valence;44.93;4.89;20/09/2026;05:00;16.1;0;SOLEIL;0;32.8;0
Valence;44.93;4.89;20/09/2026;06:00;16.1;0;SOLEIL;0;32.4;0
Valence;44.93;4.89;20/09/2026;07:00;16.1;0;SOLEIL;0;32.8;0
Valence;44.93;4.89;20/09/2026;08:00;18.1;0;SOLEIL;5;35.3;0
Valence;44.93;4.89;20/09/2026;09:00;19.6;0;SOLEIL;5;41.0;0
Valence;44.93;4.89;20/09/2026;10:00;21.1;0;SOLEIL;5;49.0;0
Valence;44.93;4.89;20/09/2026;11:00;27.7;0;SOLEIL;6;55.4;0
Valence;44.93;4.89;20/09/2026;12:00;27.7;0;SOLEIL;6;60.1;0
Valence;44.93;4.89;20/09/2026;13:00;27.7;0;SOLEIL;6;63.4;0
Valence;44.93;4.89;20/09/2026;14:00;27.1;0;SOLEIL;5;65.5;0
Valence;44.93;4.89;20/09/2026;15:00;28.6;0;SOLEIL;5;66.2;0
Valence;44.93;4.89;20/09/2026;16:00;27.1;0;SOLEIL;5;65.5;0
Valence;44.93;4.89;20/09/2026;17:00;25.1;0;SOLEIL;6;64.1;0
Valence;44.93;4.89;20/09/2026;18:00;25.1;0;SOLEIL;6;61.9;0
Valence;44.93;4.89;20/09/2026;19:00;25.1;0;SOLEIL;6;59.0;0
Valence;44.93;4.89;20/09/2026;20:00;21.1;0;SOLEIL;5;56.5;0
Valence;44.93;4.89;20/09/2026;21:00;19.6;0;SOLEIL;5;55.1;0
Valence;44.93;4.89;20/09/2026;22:00;18.1;0;SOLEIL;5;54.7;0
Valence;44.93;4.89;20/09/2026;23:00;19.2;0;SOLEIL;6;54.4;0
Bourgoin-Jallieu;45.59;5.28;16/09/2026;00:00;21.4;0;SOLEIL;4;31.3;0
Bourgoin-Jallieu;45.59;5.28;16/09/2026;01:00;20.6;0;SOLEIL;5;30.6;0
Bourgoin-Jallieu;45.59;5.28;16/09/2026;02:00;20;0;SOLEIL;4;29.9;0
Bourgoin-Jallieu;45.59;5.28;16/09/2026;03:00;19.5;0;SOLEIL;4;31.3;0
Bourgoin-Jallieu;45.59;5.28;16/09/2026;04:00;18.6;0;SOLEIL;4;32.0;0
Bourgoin-Jallieu;45.59;5.28;16/09/2026;05:00;17.9;0;SOLEIL;4;30.6;0
Bourgoin-Jallieu;45.59;5.28;16/09/2026;06:00;18.7;0;SOLEIL;3;27.0;0
Bourgoin-Jallieu;45.59;5.28;16/09/2026;07:00;20.4;0;SOLEIL;2;27.0;0
Bourgoin-Jallieu;45.59;5.28;16/09/2026;08:00;22.1;0;SOLEIL;4;27.0;0
Bourgoin-Jallieu;45.59;5.28;16/09/2026;09:00;24.1;0;SOLEIL;6;24.5;0
Bourgoin-Jallieu;45.59;5.28;16/09/2026;10:00;26.6;0;SOLEIL;6;23.0;0
Bourgoin-Jallieu;45.59;5.28;16/09/2026;11:00;27;0;SOLEIL;6;37.4;0
Bourgoin-Jallieu;45.59;5.28;16/09/2026;12:00;27.1;0;SOLEIL;6;44.3;0
Bourgoin-Jallieu;45.59;5.28;16/09/2026;13:00;27.3;0;SOLEIL;6;43.6;0
Bourgoin-Jallieu;45.59;5.28;16/09/2026;14:00;27.1;2;NUAGEUX;7;48.2;0
Bourgoin-Jallieu;45.59;5.28;16/09/2026;15:00;26.2;2;NUAGEUX;7;55.8;0
Bourgoin-Jallieu;45.59;5.28;16/09/2026;16:00;25.3;2;NUAGEUX;6;55.4;0
Bourgoin-Jallieu;45.59;5.28;16/09/2026;17:00;23.8;2;NUAGEUX;6;54.0;0
Bourgoin-Jallieu;45.59;5.28;16/09/2026;18:00;22.5;2;NUAGEUX;5;46.8;0
Bourgoin-Jallieu;45.59;5.28;16/09/2026;19:00;21.7;0;SOLEIL;6;43.6;0
Bourgoin-Jallieu;45.59;5.28;16/09/2026;20:00;20.9;0;SOLEIL;6;37.4;0
Bourgoin-Jallieu;45.59;5.28;16/09/2026;21:00;20.2;0;SOLEIL;6;29.9;0
Bourgoin-Jallieu;45.59;5.28;16/09/2026;22:00;19.9;0;SOLEIL;5;27.7;0
Bourgoin-Jallieu;45.59;5.28;16/09/2026;23:00;19.4;0;SOLEIL;5;25.9;0
Bourgoin-Jallieu;45.59;5.28;17/09/2026;00:00;18.7;0;SOLEIL;5;26.3;0
Bourgoin-Jallieu;45.59;5.28;17/09/2026;01:00;18.7;0;SOLEIL;5;25.2;0
Bourgoin-Jallieu;45.59;5.28;17/09/2026;02:00;16.7;0;SOLEIL;6;24.8;0
Bourgoin-Jallieu;45.59;5.28;17/09/2026;03:00;16.7;0;SOLEIL;6;24.4;0
Bourgoin-Jallieu;45.59;5.28;17/09/2026;04:00;16.7;0;SOLEIL;6;24.5;0
Bourgoin-Jallieu;45.59;5.28;17/09/2026;05:00;16.6;0;SOLEIL;6;23.9;0
Bourgoin-Jallieu;45.59;5.28;17/09/2026;06:00;16.6;0;SOLEIL;6;23.0;0
Bourgoin-Jallieu;45.59;5.28;17/09/2026;07:00;16.6;0;SOLEIL;6;23.0;0
Bourgoin-Jallieu;45.59;5.28;17/09/2026;08:00;21.1;0;SOLEIL;7;23.4;0
Bourgoin-Jallieu;45.59;5.28;17/09/2026;09:00;21.1;0;SOLEIL;7;29.9;0
Bourgoin-Jallieu;45.59;5.28;17/09/2026;10:00;21.1;0;SOLEIL;7;42.5;0
Bourgoin-Jallieu;45.59;5.28;17/09/2026;11:00;23.6;0;SOLEIL;7;55.1;0
Bourgoin-Jallieu;45.59;5.28;17/09/2026;12:00;23.6;0;SOLEIL;7;59.4;0
Bourgoin-Jallieu;45.59;5.28;17/09/2026;13:00;23.6;0;SOLEIL;7;60.5;0
Bourgoin-Jallieu;45.59;5.28;17/09/2026;14:00;25.5;0;SOLEIL;6;60.5;0
Bourgoin-Jallieu;45.59;5.28;17/09/2026;15:00;25.5;0;SOLEIL;6;58.0;0
Bourgoin-Jallieu;45.59;5.28;17/09/2026;16:00;25.5;0;SOLEIL;6;55.4;0
Bourgoin-Jallieu;45.59;5.28;17/09/2026;17:00;22.9;0;SOLEIL;5;53.3;0
Bourgoin-Jallieu;45.59;5.28;17/09/2026;18:00;22.9;0;SOLEIL;5;50.0;0
Bourgoin-Jallieu;45.59;5.28;17/09/2026;19:00;22.9;0;SOLEIL;5;48.2;0
Bourgoin-Jallieu;45.59;5.28;17/09/2026;20:00;19;0;SOLEIL;4;43.9;0
Bourgoin-Jallieu;45.59;5.28;17/09/2026;21:00;19;0;SOLEIL;4;33.1;0
Bourgoin-Jallieu;45.59;5.28;17/09/2026;22:00;19;0;SOLEIL;4;27.0;0
Bourgoin-Jallieu;45.59;5.28;17/09/2026;23:00;17.5;5;SOLEIL VOILÉ;4;20.9;0
Bourgoin-Jallieu;45.59;5.28;18/09/2026;00:00;17.5;5;SOLEIL VOILÉ;4;17.3;0
Bourgoin-Jallieu;45.59;5.28;18/09/2026;01:00;17.5;5;SOLEIL VOILÉ;4;16.2;0
Bourgoin-Jallieu;45.59;5.28;18/09/2026;02:00;15.7;0;SOLEIL;5;15.5;0
Bourgoin-Jallieu;45.59;5.28;18/09/2026;03:00;15.7;0;SOLEIL;5;15.1;0
Bourgoin-Jallieu;45.59;5.28;18/09/2026;04:00;15.7;0;SOLEIL;5;15.5;0
Bourgoin-Jallieu;45.59;5.28;18/09/2026;05:00;15.7;0;SOLEIL;5;15.8;0
Bourgoin-Jallieu;45.59;5.28;18/09/2026;06:00;15.7;0;SOLEIL;5;16.6;0
Bourgoin-Jallieu;45.59;5.28;18/09/2026;07:00;15.7;0;SOLEIL;5;17.3;0
Bourgoin-Jallieu;45.59;5.28;18/09/2026;08:00;21.1;0;SOLEIL;5;20.2;0
Bourgoin-Jallieu;45.59;5.28;18/09/2026;09:00;21.1;0;SOLEIL;5;27.4;0
Bourgoin-Jallieu;45.59;5.28;18/09/2026;10:00;21.1;0;SOLEIL;5;36.4;0
Bourgoin-Jallieu;45.59;5.28;18/09/2026;11:00;24.9;0;SOLEIL;6;43.9;0
Bourgoin-Jallieu;45.59;5.28;18/09/2026;12:00;24.9;0;SOLEIL;6;47.9;0
Bourgoin-Jallieu;45.59;5.28;18/09/2026;13:00;24.9;0;SOLEIL;6;50.4;0
Bourgoin-Jallieu;45.59;5.28;18/09/2026;14:00;25.5;0;SOLEIL;7;52.2;0
Bourgoin-Jallieu;45.59;5.28;18/09/2026;15:00;25.5;0;SOLEIL;7;54.0;0
Bourgoin-Jallieu;45.59;5.28;18/09/2026;16:00;25.5;0;SOLEIL;7;55.4;0
Bourgoin-Jallieu;45.59;5.28;18/09/2026;17:00;23.1;0;SOLEIL;5;55.1;0
Bourgoin-Jallieu;45.59;5.28;18/09/2026;18:00;23.1;0;SOLEIL;5;52.9;0
Bourgoin-Jallieu;45.59;5.28;18/09/2026;19:00;23.1;0;SOLEIL;5;49.0;0
Bourgoin-Jallieu;45.59;5.28;18/09/2026;20:00;20.1;0;SOLEIL;5;44.3;0
Bourgoin-Jallieu;45.59;5.28;18/09/2026;21:00;18.8;0;SOLEIL;5;37.8;0
Bourgoin-Jallieu;45.59;5.28;18/09/2026;22:00;17.5;0;SOLEIL;5;30.2;0
Bourgoin-Jallieu;45.59;5.28;18/09/2026;23:00;18.1;0;SOLEIL;3;24.1;0
Bourgoin-Jallieu;45.59;5.28;19/09/2026;00:00;18.1;0;SOLEIL;3;21.2;0
Bourgoin-Jallieu;45.59;5.28;19/09/2026;01:00;18.1;0;SOLEIL;3;20.2;0
Bourgoin-Jallieu;45.59;5.28;19/09/2026;02:00;14;0;SOLEIL;5;19.1;0
Bourgoin-Jallieu;45.59;5.28;19/09/2026;03:00;14;0;SOLEIL;5;18.0;0
Bourgoin-Jallieu;45.59;5.28;19/09/2026;04:00;14;0;SOLEIL;5;16.9;0
Bourgoin-Jallieu;45.59;5.28;19/09/2026;05:00;15;0;SOLEIL;2;16.6;0
Bourgoin-Jallieu;45.59;5.28;19/09/2026;06:00;15;0;SOLEIL;2;16.2;0
Bourgoin-Jallieu;45.59;5.28;19/09/2026;07:00;15;0;SOLEIL;2;15.8;0
Bourgoin-Jallieu;45.59;5.28;19/09/2026;08:00;17.1;0;SOLEIL;5;18.0;0
Bourgoin-Jallieu;45.59;5.28;19/09/2026;09:00;18.7;0;SOLEIL;5;23.8;0
Bourgoin-Jallieu;45.59;5.28;19/09/2026;10:00;20.2;0;SOLEIL;5;32.0;0
Bourgoin-Jallieu;45.59;5.28;19/09/2026;11:00;26.1;0;SOLEIL;5;38.5;0
Bourgoin-Jallieu;45.59;5.28;19/09/2026;12:00;26.1;0;SOLEIL;5;42.1;0
Bourgoin-Jallieu;45.59;5.28;19/09/2026;13:00;26.1;0;SOLEIL;5;44.3;0
Bourgoin-Jallieu;45.59;5.28;19/09/2026;14:00;26.4;0;SOLEIL;5;45.4;0
Bourgoin-Jallieu;45.59;5.28;19/09/2026;15:00;28.0;0;SOLEIL;5;45.7;0
Bourgoin-Jallieu;45.59;5.28;19/09/2026;16:00;26.4;0;SOLEIL;5;45.0;0
Bourgoin-Jallieu;45.59;5.28;19/09/2026;17:00;24.1;0;SOLEIL;3;43.6;0
Bourgoin-Jallieu;45.59;5.28;19/09/2026;18:00;24.1;0;SOLEIL;3;41.4;0
Bourgoin-Jallieu;45.59;5.28;19/09/2026;19:00;24.1;0;SOLEIL;3;38.9;0
Bourgoin-Jallieu;45.59;5.28;19/09/2026;20:00;20.2;0;SOLEIL;5;35.6;0
Bourgoin-Jallieu;45.59;5.28;19/09/2026;21:00;18.7;0;SOLEIL;5;31.3;0
Bourgoin-Jallieu;45.59;5.28;19/09/2026;22:00;17.1;0;SOLEIL;5;26.6;0
Bourgoin-Jallieu;45.59;5.28;19/09/2026;23:00;18;0;SOLEIL;2;22.7;0
Bourgoin-Jallieu;45.59;5.28;20/09/2026;00:00;18;0;SOLEIL;2;20.1;0
Bourgoin-Jallieu;45.59;5.28;20/09/2026;01:00;18;0;SOLEIL;2;18.4;0
Bourgoin-Jallieu;45.59;5.28;20/09/2026;02:00;14.9;0;SOLEIL;5;17.6;0
Bourgoin-Jallieu;45.59;5.28;20/09/2026;03:00;14.9;0;SOLEIL;5;16.6;0
Bourgoin-Jallieu;45.59;5.28;20/09/2026;04:00;14.9;0;SOLEIL;5;16.2;0
Bourgoin-Jallieu;45.59;5.28;20/09/2026;05:00;16;0;SOLEIL;2;16.2;0
Bourgoin-Jallieu;45.59;5.28;20/09/2026;06:00;16;0;SOLEIL;2;15.8;0
Bourgoin-Jallieu;45.59;5.28;20/09/2026;07:00;16;0;SOLEIL;2;16.2;0
Bourgoin-Jallieu;45.59;5.28;20/09/2026;08:00;17.9;0;SOLEIL;5;19.1;0
Bourgoin-Jallieu;45.59;5.28;20/09/2026;09:00;19.4;0;SOLEIL;5;27.4;0
Bourgoin-Jallieu;45.59;5.28;20/09/2026;10:00;20.9;0;SOLEIL;5;38.5;0
Bourgoin-Jallieu;45.59;5.28;20/09/2026;11:00;27.6;0;SOLEIL;6;47.5;0
Bourgoin-Jallieu;45.59;5.28;20/09/2026;12:00;27.6;0;SOLEIL;6;52.6;0
Bourgoin-Jallieu;45.59;5.28;20/09/2026;13:00;27.6;0;SOLEIL;6;55.4;0
Bourgoin-Jallieu;45.59;5.28;20/09/2026;14:00;26.9;0;SOLEIL;5;57.2;0
Bourgoin-Jallieu;45.59;5.28;20/09/2026;15:00;28.4;0;SOLEIL;5;58.0;0
Bourgoin-Jallieu;45.59;5.28;20/09/2026;16:00;26.9;0;SOLEIL;5;57.6;0
Bourgoin-Jallieu;45.59;5.28;20/09/2026;17:00;24.7;0;SOLEIL;5;56.2;0
Bourgoin-Jallieu;45.59;5.28;20/09/2026;18:00;24.7;0;SOLEIL;5;53.3;0
Bourgoin-Jallieu;45.59;5.28;20/09/2026;19:00;24.7;0;SOLEIL;5;49.3;0
Bourgoin-Jallieu;45.59;5.28;20/09/2026;20:00;20.9;0;SOLEIL;5;45.0;0
Bourgoin-Jallieu;45.59;5.28;20/09/2026;21:00;19.4;0;SOLEIL;5;40.7;0
Bourgoin-Jallieu;45.59;5.28;20/09/2026;22:00;17.9;0;SOLEIL;5;36.4;0
Bourgoin-Jallieu;45.59;5.28;20/09/2026;23:00;18.7;0;SOLEIL;5;33.1;0
Grenoble;45.18;5.72;16/09/2026;00:00;23.6;0;SOLEIL;5;55.8;0
Grenoble;45.18;5.72;16/09/2026;01:00;23.7;0;SOLEIL;3;54.0;0
Grenoble;45.18;5.72;16/09/2026;02:00;22.9;0;SOLEIL;4;50.0;0
Grenoble;45.18;5.72;16/09/2026;03:00;22.4;0;SOLEIL;3;40.3;0
Grenoble;45.18;5.72;16/09/2026;04:00;21;0;SOLEIL;3;34.9;0
Grenoble;45.18;5.72;16/09/2026;05:00;20.5;0;SOLEIL;2;34.9;0
Grenoble;45.18;5.72;16/09/2026;06:00;20.4;0;SOLEIL;3;26.6;0
Grenoble;45.18;5.72;16/09/2026;07:00;20.2;0;SOLEIL;3;16.9;0
Grenoble;45.18;5.72;16/09/2026;08:00;21.4;0;SOLEIL;4;12.2;0
Grenoble;45.18;5.72;16/09/2026;09:00;21.7;2;NUAGEUX;4;33.8;0
Grenoble;45.18;5.72;16/09/2026;10:00;23.9;2;NUAGEUX;4;36.0;0
Grenoble;45.18;5.72;16/09/2026;11:00;25.1;2;NUAGEUX;4;37.4;0
Grenoble;45.18;5.72;16/09/2026;12:00;24.7;2;NUAGEUX;4;35.6;0
Grenoble;45.18;5.72;16/09/2026;13:00;24.2;6;AVERSES;4;30.6;0.1
Grenoble;45.18;5.72;16/09/2026;14:00;23.6;6;AVERSES;4;34.2;1
Grenoble;45.18;5.72;16/09/2026;15:00;22.2;6;AVERSES;4;32.4;0.3
Grenoble;45.18;5.72;16/09/2026;16:00;21.5;6;AVERSES;3;28.4;0.3
Grenoble;45.18;5.72;16/09/2026;17:00;20.8;6;AVERSES;3;29.2;0.1
Grenoble;45.18;5.72;16/09/2026;18:00;20.2;2;NUAGEUX;3;28.4;0
Grenoble;45.18;5.72;16/09/2026;19:00;20.1;0;SOLEIL;0;19.4;0
Grenoble;45.18;5.72;16/09/2026;20:00;20;0;SOLEIL;1;9.7;0
Grenoble;45.18;5.72;16/09/2026;21:00;19.8;0;SOLEIL;2;5.8;0
Grenoble;45.18;5.72;16/09/2026;22:00;19.2;0;SOLEIL;2;5.0;0
Grenoble;45.18;5.72;16/09/2026;23:00;18.5;0;SOLEIL;2;5.0;0
Grenoble;45.18;5.72;17/09/2026;00:00;17.6;0;SOLEIL;2;9.0;0
Grenoble;45.18;5.72;17/09/2026;01:00;17.6;0;SOLEIL;2;9.4;0
Grenoble;45.18;5.72;17/09/2026;02:00;15.6;0;SOLEIL;3;8.3;0
Grenoble;45.18;5.72;17/09/2026;03:00;15.6;0;SOLEIL;3;7.0;0
Grenoble;45.18;5.72;17/09/2026;04:00;15.6;0;SOLEIL;3;5.9;0
Grenoble;45.18;5.72;17/09/2026;05:00;14.6;0;SOLEIL;3;5.0;0
Grenoble;45.18;5.72;17/09/2026;06:00;14.6;0;SOLEIL;3;2.9;0
Grenoble;45.18;5.72;17/09/2026;07:00;14.6;0;SOLEIL;3;1.8;0
Grenoble;45.18;5.72;17/09/2026;08:00;19;0;SOLEIL;4;2.9;0
Grenoble;45.18;5.72;17/09/2026;09:00;19;0;SOLEIL;4;4.0;0
Grenoble;45.18;5.72;17/09/2026;10:00;19;0;SOLEIL;4;7.2;0
Grenoble;45.18;5.72;17/09/2026;11:00;21.5;0;SOLEIL;5;14.8;0
Grenoble;45.18;5.72;17/09/2026;12:00;21.5;0;SOLEIL;5;24.1;0
Grenoble;45.18;5.72;17/09/2026;13:00;21.5;0;SOLEIL;5;32.8;0
Grenoble;45.18;5.72;17/09/2026;14:00;23.1;5;SOLEIL VOILÉ;5;35.6;0
Grenoble;45.18;5.72;17/09/2026;15:00;23.1;5;SOLEIL VOILÉ;5;36.7;0
Grenoble;45.18;5.72;17/09/2026;16:00;23.1;5;SOLEIL VOILÉ;5;35.6;0
Grenoble;45.18;5.72;17/09/2026;17:00;20.6;5;SOLEIL VOILÉ;4;34.2;0
Grenoble;45.18;5.72;17/09/2026;18:00;20.6;5;SOLEIL VOILÉ;4;33.8;0
Grenoble;45.18;5.72;17/09/2026;19:00;20.6;5;SOLEIL VOILÉ;4;30.2;0
Grenoble;45.18;5.72;17/09/2026;20:00;18.1;5;SOLEIL VOILÉ;3;21.2;0
Grenoble;45.18;5.72;17/09/2026;21:00;18.1;5;SOLEIL VOILÉ;3;8.6;0
Grenoble;45.18;5.72;17/09/2026;22:00;18.1;5;SOLEIL VOILÉ;3;4.3;0
Grenoble;45.18;5.72;17/09/2026;23:00;17;5;SOLEIL VOILÉ;2;3.2;0
Grenoble;45.18;5.72;18/09/2026;00:00;17;5;SOLEIL VOILÉ;2;1.8;0
Grenoble;45.18;5.72;18/09/2026;01:00;17;5;SOLEIL VOILÉ;2;2.2;0
Grenoble;45.18;5.72;18/09/2026;02:00;15.6;0;SOLEIL;2;5.4;0
Grenoble;45.18;5.72;18/09/2026;03:00;15.6;0;SOLEIL;2;5.4;0
Grenoble;45.18;5.72;18/09/2026;04:00;15.6;0;SOLEIL;2;5.4;0
Grenoble;45.18;5.72;18/09/2026;05:00;14.6;0;SOLEIL;2;5.0;0
Grenoble;45.18;5.72;18/09/2026;06:00;14.6;0;SOLEIL;2;2.2;0
Grenoble;45.18;5.72;18/09/2026;07:00;14.6;0;SOLEIL;2;2.2;0
Grenoble;45.18;5.72;18/09/2026;08:00;18.6;0;SOLEIL;3;1.4;0
Grenoble;45.18;5.72;18/09/2026;09:00;18.6;0;SOLEIL;3;7.2;0
Grenoble;45.18;5.72;18/09/2026;10:00;18.6;0;SOLEIL;3;15.8;0
Grenoble;45.18;5.72;18/09/2026;11:00;21.7;0;SOLEIL;4;23.0;0
Grenoble;45.18;5.72;18/09/2026;12:00;21.7;0;SOLEIL;4;27.4;0
Grenoble;45.18;5.72;18/09/2026;13:00;21.7;0;SOLEIL;4;30.6;0
Grenoble;45.18;5.72;18/09/2026;14:00;22.2;0;SOLEIL;4;32.8;0
Grenoble;45.18;5.72;18/09/2026;15:00;22.2;0;SOLEIL;4;34.6;0
Grenoble;45.18;5.72;18/09/2026;16:00;22.2;0;SOLEIL;4;35.3;0
Grenoble;45.18;5.72;18/09/2026;17:00;21.5;0;SOLEIL;4;34.9;0
Grenoble;45.18;5.72;18/09/2026;18:00;21.5;0;SOLEIL;4;33.1;0
Grenoble;45.18;5.72;18/09/2026;19:00;21.5;0;SOLEIL;4;30.2;0
Grenoble;45.18;5.72;18/09/2026;20:00;18.2;0;SOLEIL;5;26.3;0
Grenoble;45.18;5.72;18/09/2026;21:00;17.2;0;SOLEIL;5;20.2;0
Grenoble;45.18;5.72;18/09/2026;22:00;16.2;0;SOLEIL;5;13.0;0
Grenoble;45.18;5.72;18/09/2026;23:00;16.4;0;SOLEIL;3;7.9;0
Grenoble;45.18;5.72;19/09/2026;00:00;16.4;0;SOLEIL;3;6.5;0
Grenoble;45.18;5.72;19/09/2026;01:00;16.4;0;SOLEIL;3;7.2;0
Grenoble;45.18;5.72;19/09/2026;02:00;12.7;0;SOLEIL;5;7.9;0
Grenoble;45.18;5.72;19/09/2026;03:00;12.7;0;SOLEIL;5;7.6;0
Grenoble;45.18;5.72;19/09/2026;04:00;12.7;0;SOLEIL;5;7.2;0
Grenoble;45.18;5.72;19/09/2026;05:00;13.7;0;SOLEIL;2;6.5;0
Grenoble;45.18;5.72;19/09/2026;06:00;13.7;0;SOLEIL;2;5.4;0
Grenoble;45.18;5.72;19/09/2026;07:00;13.7;0;SOLEIL;2;4.0;0
Grenoble;45.18;5.72;19/09/2026;08:00;15.7;0;SOLEIL;5;3.6;0
Grenoble;45.18;5.72;19/09/2026;09:00;17.2;0;SOLEIL;5;4.7;0
Grenoble;45.18;5.72;19/09/2026;10:00;18.7;0;SOLEIL;5;6.8;0
Grenoble;45.18;5.72;19/09/2026;11:00;23.7;0;SOLEIL;3;9.7;0
Grenoble;45.18;5.72;19/09/2026;12:00;23.7;0;SOLEIL;3;14.4;0
Grenoble;45.18;5.72;19/09/2026;13:00;23.7;0;SOLEIL;3;20.2;0
Grenoble;45.18;5.72;19/09/2026;14:00;24.7;0;SOLEIL;5;24.5;0
Grenoble;45.18;5.72;19/09/2026;15:00;26.2;0;SOLEIL;5;27.4;0
Grenoble;45.18;5.72;19/09/2026;16:00;24.7;0;SOLEIL;5;28.8;0
Grenoble;45.18;5.72;19/09/2026;17:00;22.6;0;SOLEIL;3;29.2;0
Grenoble;45.18;5.72;19/09/2026;18:00;22.6;0;SOLEIL;3;27.7;0
Grenoble;45.18;5.72;19/09/2026;19:00;22.6;0;SOLEIL;3;24.5;0
Grenoble;45.18;5.72;19/09/2026;20:00;18.7;0;SOLEIL;5;20.9;0
Grenoble;45.18;5.72;19/09/2026;21:00;17.2;0;SOLEIL;5;15.8;0
Grenoble;45.18;5.72;19/09/2026;22:00;15.7;0;SOLEIL;5;10.4;0
Grenoble;45.18;5.72;19/09/2026;23:00;17.7;0;SOLEIL;2;6.1;0
Grenoble;45.18;5.72;20/09/2026;00:00;17.7;0;SOLEIL;2;5.7;0
Grenoble;45.18;5.72;20/09/2026;01:00;17.7;0;SOLEIL;2;6.7;0
Grenoble;45.18;5.72;20/09/2026;02:00;14.6;0;SOLEIL;5;7.7;0
Grenoble;45.18;5.72;20/09/2026;03:00;14.6;0;SOLEIL;5;8.3;0
Grenoble;45.18;5.72;20/09/2026;04:00;14.6;0;SOLEIL;5;7.9;0
Grenoble;45.18;5.72;20/09/2026;05:00;15.9;0;SOLEIL;2;7.6;0
Grenoble;45.18;5.72;20/09/2026;06:00;15.9;0;SOLEIL;2;7.6;0
Grenoble;45.18;5.72;20/09/2026;07:00;15.9;0;SOLEIL;2;7.6;0
Grenoble;45.18;5.72;20/09/2026;08:00;16.9;0;SOLEIL;5;8.6;0
Grenoble;45.18;5.72;20/09/2026;09:00;18.1;0;SOLEIL;5;10.8;0
Grenoble;45.18;5.72;20/09/2026;10:00;19.2;0;SOLEIL;5;14.0;0
Grenoble;45.18;5.72;20/09/2026;11:00;24.1;0;SOLEIL;4;17.3;0
Grenoble;45.18;5.72;20/09/2026;12:00;24.1;0;SOLEIL;4;20.2;0
Grenoble;45.18;5.72;20/09/2026;13:00;24.1;0;SOLEIL;4;23.0;0
Grenoble;45.18;5.72;20/09/2026;14:00;23.8;0;SOLEIL;5;25.9;0
Grenoble;45.18;5.72;20/09/2026;15:00;25.0;0;SOLEIL;5;28.8;0
Grenoble;45.18;5.72;20/09/2026;16:00;23.8;0;SOLEIL;5;31.0;0
Grenoble;45.18;5.72;20/09/2026;17:00;21.5;0;SOLEIL;4;32.4;0
Grenoble;45.18;5.72;20/09/2026;18:00;21.5;0;SOLEIL;4;32.0;0
Grenoble;45.18;5.72;20/09/2026;19:00;21.5;0;SOLEIL;4;31.0;0
Grenoble;45.18;5.72;20/09/2026;20:00;19.2;0;SOLEIL;5;28.1;0
Grenoble;45.18;5.72;20/09/2026;21:00;18.1;0;SOLEIL;5;22.7;0
Grenoble;45.18;5.72;20/09/2026;22:00;16.9;0;SOLEIL;5;16.2;0
Grenoble;45.18;5.72;20/09/2026;23:00;17;0;SOLEIL;4;11.5;0
Lalley;44.76;5.67;16/09/2026;00:00;19.6;0;SOLEIL;1;3.6;0
Lalley;44.76;5.67;16/09/2026;01:00;19.2;0;SOLEIL;1;2.5;0
Lalley;44.76;5.67;16/09/2026;02:00;18.7;0;SOLEIL;1;2.9;0
Lalley;44.76;5.67;16/09/2026;03:00;18.6;0;SOLEIL;1;2.9;0
Lalley;44.76;5.67;16/09/2026;04:00;18.5;0;SOLEIL;0;2.5;0
Lalley;44.76;5.67;16/09/2026;05:00;18;0;SOLEIL;1;4.3;0
Lalley;44.76;5.67;16/09/2026;06:00;18.8;0;SOLEIL;0;4.7;0
Lalley;44.76;5.67;16/09/2026;07:00;21.2;0;SOLEIL;1;6.8;0
Lalley;44.76;5.67;16/09/2026;08:00;23;0;SOLEIL;5;7.2;0
Lalley;44.76;5.67;16/09/2026;09:00;22.6;0;SOLEIL;5;16.9;0
Lalley;44.76;5.67;16/09/2026;10:00;23.9;0;SOLEIL;5;38.9;0
Lalley;44.76;5.67;16/09/2026;11:00;24.7;0;SOLEIL;5;48.6;0
Lalley;44.76;5.67;16/09/2026;12:00;25.3;0;SOLEIL;5;53.6;0
Lalley;44.76;5.67;16/09/2026;13:00;26;0;SOLEIL;5;55.1;0
Lalley;44.76;5.67;16/09/2026;14:00;26.5;0;SOLEIL;5;54.0;0
Lalley;44.76;5.67;16/09/2026;15:00;25.8;2;NUAGEUX;6;56.9;0
Lalley;44.76;5.67;16/09/2026;16:00;25;2;NUAGEUX;5;54.7;0
Lalley;44.76;5.67;16/09/2026;17:00;23.3;2;NUAGEUX;5;51.1;0
Lalley;44.76;5.67;16/09/2026;18:00;22.1;2;NUAGEUX;5;46.4;0
Lalley;44.76;5.67;16/09/2026;19:00;20.5;6;AVERSES;4;41.4;0.2
Lalley;44.76;5.67;16/09/2026;20:00;19.7;6;AVERSES;3;36.0;0.2
Lalley;44.76;5.67;16/09/2026;21:00;19.1;6;AVERSES;2;22.7;0.2
Lalley;44.76;5.67;16/09/2026;22:00;18.9;6;AVERSES;2;14.0;0.1
Lalley;44.76;5.67;16/09/2026;23:00;18.7;0;SOLEIL;2;13.7;0
Lalley;44.76;5.67;17/09/2026;00:00;18.5;0;SOLEIL;3;15.5;0
Lalley;44.76;5.67;17/09/2026;01:00;18.5;0;SOLEIL;3;15.5;0
Lalley;44.76;5.67;17/09/2026;02:00;16.7;0;SOLEIL;3;14.0;0
Lalley;44.76;5.67;17/09/2026;03:00;16.7;0;SOLEIL;3;14.3;0
Lalley;44.76;5.67;17/09/2026;04:00;16.7;0;SOLEIL;3;11.3;0
Lalley;44.76;5.67;17/09/2026;05:00;17.6;0;SOLEIL;1;8.6;0
Lalley;44.76;5.67;17/09/2026;06:00;17.6;0;SOLEIL;1;8.3;0
Lalley;44.76;5.67;17/09/2026;07:00;17.6;0;SOLEIL;1;7.6;0
Lalley;44.76;5.67;17/09/2026;08:00;20.9;0;SOLEIL;2;7.2;0
Lalley;44.76;5.67;17/09/2026;09:00;20.9;0;SOLEIL;2;7.2;0
Lalley;44.76;5.67;17/09/2026;10:00;20.9;0;SOLEIL;2;7.9;0
Lalley;44.76;5.67;17/09/2026;11:00;23.6;0;SOLEIL;3;15.1;0
Lalley;44.76;5.67;17/09/2026;12:00;23.6;0;SOLEIL;3;22.7;0
Lalley;44.76;5.67;17/09/2026;13:00;23.6;0;SOLEIL;3;24.8;0
Lalley;44.76;5.67;17/09/2026;14:00;25.1;0;SOLEIL;2;29.5;0
Lalley;44.76;5.67;17/09/2026;15:00;25.1;0;SOLEIL;2;32.0;0
Lalley;44.76;5.67;17/09/2026;16:00;25.1;0;SOLEIL;2;31.3;0
Lalley;44.76;5.67;17/09/2026;17:00;21.7;0;SOLEIL;2;32.0;0
Lalley;44.76;5.67;17/09/2026;18:00;21.7;0;SOLEIL;2;31.0;0
Lalley;44.76;5.67;17/09/2026;19:00;21.7;0;SOLEIL;2;26.6;0
Lalley;44.76;5.67;17/09/2026;20:00;19.5;0;SOLEIL;2;24.8;0
Lalley;44.76;5.67;17/09/2026;21:00;19.5;0;SOLEIL;2;21.2;0
Lalley;44.76;5.67;17/09/2026;22:00;19.5;0;SOLEIL;2;15.5;0
Lalley;44.76;5.67;17/09/2026;23:00;17.1;0;SOLEIL;2;9.7;0
Lalley;44.76;5.67;18/09/2026;00:00;17.1;0;SOLEIL;2;8.3;0
Lalley;44.76;5.67;18/09/2026;01:00;17.1;0;SOLEIL;2;8.3;0
Lalley;44.76;5.67;18/09/2026;02:00;16.5;0;SOLEIL;2;7.2;0
Lalley;44.76;5.67;18/09/2026;03:00;16.5;0;SOLEIL;2;5.8;0
Lalley;44.76;5.67;18/09/2026;04:00;16.5;0;SOLEIL;2;5.0;0
Lalley;44.76;5.67;18/09/2026;05:00;15.5;0;SOLEIL;2;4.3;0
Lalley;44.76;5.67;18/09/2026;06:00;15.5;0;SOLEIL;2;4.0;0
Lalley;44.76;5.67;18/09/2026;07:00;15.5;0;SOLEIL;2;3.2;0
Lalley;44.76;5.67;18/09/2026;08:00;19.5;0;SOLEIL;2;1.8;0
Lalley;44.76;5.67;18/09/2026;09:00;19.5;0;SOLEIL;2;2.9;0
Lalley;44.76;5.67;18/09/2026;10:00;19.5;0;SOLEIL;2;5.0;0
Lalley;44.76;5.67;18/09/2026;11:00;23;0;SOLEIL;3;8.3;0
Lalley;44.76;5.67;18/09/2026;12:00;23;0;SOLEIL;3;14.0;0
Lalley;44.76;5.67;18/09/2026;13:00;23;0;SOLEIL;3;20.9;0
Lalley;44.76;5.67;18/09/2026;14:00;25.6;0;SOLEIL;3;26.3;0
Lalley;44.76;5.67;18/09/2026;15:00;25.6;0;SOLEIL;3;29.5;0
Lalley;44.76;5.67;18/09/2026;16:00;25.6;0;SOLEIL;3;31.3;0
Lalley;44.76;5.67;18/09/2026;17:00;22;0;SOLEIL;2;32.0;0
Lalley;44.76;5.67;18/09/2026;18:00;22;0;SOLEIL;2;31.3;0
Lalley;44.76;5.67;18/09/2026;19:00;22;0;SOLEIL;2;29.2;0
Lalley;44.76;5.67;18/09/2026;20:00;20.0;0;SOLEIL;5;25.6;0
Lalley;44.76;5.67;18/09/2026;21:00;18.8;0;SOLEIL;5;19.4;0
Lalley;44.76;5.67;18/09/2026;22:00;17.5;0;SOLEIL;5;11.5;0
Lalley;44.76;5.67;18/09/2026;23:00;15.9;0;SOLEIL;1;6.1;0
Lalley;44.76;5.67;19/09/2026;00:00;15.9;0;SOLEIL;1;4.7;0
Lalley;44.76;5.67;19/09/2026;01:00;15.9;0;SOLEIL;1;5.4;0
Lalley;44.76;5.67;19/09/2026;02:00;11.6;0;SOLEIL;5;5.8;0
Lalley;44.76;5.67;19/09/2026;03:00;11.6;0;SOLEIL;5;4.7;0
Lalley;44.76;5.67;19/09/2026;04:00;11.6;0;SOLEIL;5;3.2;0
Lalley;44.76;5.67;19/09/2026;05:00;12.9;0;SOLEIL;0;2.2;0
Lalley;44.76;5.67;19/09/2026;06:00;12.9;0;SOLEIL;0;1.8;0
Lalley;44.76;5.67;19/09/2026;07:00;12.9;0;SOLEIL;0;1.8;0
Lalley;44.76;5.67;19/09/2026;08:00;15.0;0;SOLEIL;5;2.5;0
Lalley;44.76;5.67;19/09/2026;09:00;16.8;0;SOLEIL;5;3.6;0
Lalley;44.76;5.67;19/09/2026;10:00;18.5;0;SOLEIL;5;5.4;0
Lalley;44.76;5.67;19/09/2026;11:00;24.6;0;SOLEIL;1;7.2;0
Lalley;44.76;5.67;19/09/2026;12:00;24.6;0;SOLEIL;1;9.4;0
Lalley;44.76;5.67;19/09/2026;13:00;24.6;0;SOLEIL;1;11.5;0
Lalley;44.76;5.67;19/09/2026;14:00;25.4;0;SOLEIL;5;14.0;0
Lalley;44.76;5.67;19/09/2026;15:00;27.1;0;SOLEIL;5;18.0;0
Lalley;44.76;5.67;19/09/2026;16:00;25.4;0;SOLEIL;5;22.3;0
Lalley;44.76;5.67;19/09/2026;17:00;21.1;0;SOLEIL;1;24.5;0
Lalley;44.76;5.67;19/09/2026;18:00;21.1;0;SOLEIL;1;23.4;0
Lalley;44.76;5.67;19/09/2026;19:00;21.1;0;SOLEIL;1;20.2;0
Lalley;44.76;5.67;19/09/2026;20:00;18.5;0;SOLEIL;5;16.6;0
Lalley;44.76;5.67;19/09/2026;21:00;16.8;0;SOLEIL;5;13.0;0
Lalley;44.76;5.67;19/09/2026;22:00;15.0;0;SOLEIL;5;9.4;0
Lalley;44.76;5.67;19/09/2026;23:00;15.9;0;SOLEIL;0;6.5;0
Lalley;44.76;5.67;20/09/2026;00:00;15.9;0;SOLEIL;0;5.1;0
Lalley;44.76;5.67;20/09/2026;01:00;15.9;0;SOLEIL;0;4.0;0
Lalley;44.76;5.67;20/09/2026;02:00;12.7;0;SOLEIL;5;3.3;0
Lalley;44.76;5.67;20/09/2026;03:00;12.7;0;SOLEIL;5;4.3;0
Lalley;44.76;5.67;20/09/2026;04:00;12.7;0;SOLEIL;5;6.5;0
Lalley;44.76;5.67;20/09/2026;05:00;14;0;SOLEIL;0;7.9;0
Lalley;44.76;5.67;20/09/2026;06:00;14;0;SOLEIL;0;7.9;0
Lalley;44.76;5.67;20/09/2026;07:00;14;0;SOLEIL;0;7.6;0
Lalley;44.76;5.67;20/09/2026;08:00;15.8;0;SOLEIL;5;8.3;0
Lalley;44.76;5.67;20/09/2026;09:00;17.3;0;SOLEIL;5;10.8;0
Lalley;44.76;5.67;20/09/2026;10:00;18.8;0;SOLEIL;5;14.4;0
Lalley;44.76;5.67;20/09/2026;11:00;26;0;SOLEIL;2;18.0;0
Lalley;44.76;5.67;20/09/2026;12:00;26;0;SOLEIL;2;21.2;0
Lalley;44.76;5.67;20/09/2026;13:00;26;0;SOLEIL;2;24.5;0
Lalley;44.76;5.67;20/09/2026;14:00;25.0;0;SOLEIL;5;27.0;0
Lalley;44.76;5.67;20/09/2026;15:00;26.5;0;SOLEIL;5;28.4;0
Lalley;44.76;5.67;20/09/2026;16:00;25.0;0;SOLEIL;5;28.8;0
Lalley;44.76;5.67;20/09/2026;17:00;21.5;0;SOLEIL;1;28.1;0
Lalley;44.76;5.67;20/09/2026;18:00;21.5;0;SOLEIL;1;25.6;0
Lalley;44.76;5.67;20/09/2026;19:00;21.5;0;SOLEIL;1;22.0;0
Lalley;44.76;5.67;20/09/2026;20:00;18.8;0;SOLEIL;5;18.4;0
Lalley;44.76;5.67;20/09/2026;21:00;17.3;0;SOLEIL;5;15.8;0
Lalley;44.76;5.67;20/09/2026;22:00;15.8;0;SOLEIL;5;13.7;0
Lalley;44.76;5.67;20/09/2026;23:00;16.6;0;SOLEIL;1;11.5;0
Roanne;46.03;4.07;16/09/2026;00:00;15;0;SOLEIL;1;15.8;0
Roanne;46.03;4.07;16/09/2026;01:00;14.5;0;SOLEIL;1;15.5;0
Roanne;46.03;4.07;16/09/2026;02:00;14.2;0;SOLEIL;1;15.5;0
Roanne;46.03;4.07;16/09/2026;03:00;13.6;0;SOLEIL;1;16.6;0
Roanne;46.03;4.07;16/09/2026;04:00;13.7;0;SOLEIL;1;16.9;0
Roanne;46.03;4.07;16/09/2026;05:00;13.6;0;SOLEIL;1;15.1;0
Roanne;46.03;4.07;16/09/2026;06:00;13.5;0;SOLEIL;1;14.8;0
Roanne;46.03;4.07;16/09/2026;07:00;16.1;0;SOLEIL;0;13.7;0
Roanne;46.03;4.07;16/09/2026;08:00;19.2;0;SOLEIL;1;14.0;0
Roanne;46.03;4.07;16/09/2026;09:00;21.1;0;SOLEIL;1;11.5;0
Roanne;46.03;4.07;16/09/2026;10:00;22.3;0;SOLEIL;2;5.8;0
Roanne;46.03;4.07;16/09/2026;11:00;23.1;0;SOLEIL;3;8.3;0
Roanne;46.03;4.07;16/09/2026;12:00;23.1;0;SOLEIL;3;13.3;0
Roanne;46.03;4.07;16/09/2026;13:00;23;6;AVERSES;3;15.8;0.1
Roanne;46.03;4.07;16/09/2026;14:00;22.9;6;AVERSES;3;19.1;0.1
Roanne;46.03;4.07;16/09/2026;15:00;22.8;6;AVERSES;3;29.9;0.1
Roanne;46.03;4.07;16/09/2026;16:00;21;2;NUAGEUX;3;28.8;0
Roanne;46.03;4.07;16/09/2026;17:00;18.8;2;NUAGEUX;2;26.3;0
Roanne;46.03;4.07;16/09/2026;18:00;16.4;2;NUAGEUX;2;23.8;0
Roanne;46.03;4.07;16/09/2026;19:00;15;0;SOLEIL;1;18.0;0
Roanne;46.03;4.07;16/09/2026;20:00;14.2;2;NUAGEUX;1;12.6;0
Roanne;46.03;4.07;16/09/2026;21:00;13.6;2;NUAGEUX;1;11.9;0
Roanne;46.03;4.07;16/09/2026;22:00;13.4;2;NUAGEUX;1;13.3;0
Roanne;46.03;4.07;16/09/2026;23:00;13.2;0;SOLEIL;2;15.1;0
Roanne;46.03;4.07;17/09/2026;00:00;13.2;0;SOLEIL;1;15.8;0
Roanne;46.03;4.07;17/09/2026;01:00;13.2;0;SOLEIL;1;16.2;0
Roanne;46.03;4.07;17/09/2026;02:00;10.1;0;SOLEIL;2;16.6;0
Roanne;46.03;4.07;17/09/2026;03:00;10.1;0;SOLEIL;2;16.0;0
Roanne;46.03;4.07;17/09/2026;04:00;10.1;0;SOLEIL;2;14.6;0
Roanne;46.03;4.07;17/09/2026;05:00;9.4;0;SOLEIL;2;12.0;0
Roanne;46.03;4.07;17/09/2026;06:00;9.4;0;SOLEIL;2;11.5;0
Roanne;46.03;4.07;17/09/2026;07:00;9.4;0;SOLEIL;2;12.2;0
Roanne;46.03;4.07;17/09/2026;08:00;12.2;0;SOLEIL;3;11.9;0
Roanne;46.03;4.07;17/09/2026;09:00;12.2;0;SOLEIL;3;16.6;0
Roanne;46.03;4.07;17/09/2026;10:00;12.2;0;SOLEIL;3;25.2;0
Roanne;46.03;4.07;17/09/2026;11:00;18.6;0;SOLEIL;4;31.7;0
Roanne;46.03;4.07;17/09/2026;12:00;18.6;0;SOLEIL;4;34.2;0
Roanne;46.03;4.07;17/09/2026;13:00;18.6;0;SOLEIL;4;34.2;0
Roanne;46.03;4.07;17/09/2026;14:00;20.1;0;SOLEIL;4;32.4;0
Roanne;46.03;4.07;17/09/2026;15:00;20.1;0;SOLEIL;4;36.0;0
Roanne;46.03;4.07;17/09/2026;16:00;20.1;0;SOLEIL;4;37.4;0
Roanne;46.03;4.07;17/09/2026;17:00;15.2;0;SOLEIL;3;38.9;0
Roanne;46.03;4.07;17/09/2026;18:00;15.2;0;SOLEIL;3;34.9;0
Roanne;46.03;4.07;17/09/2026;19:00;15.2;0;SOLEIL;3;32.4;0
Roanne;46.03;4.07;17/09/2026;20:00;11.7;0;SOLEIL;2;27.7;0
Roanne;46.03;4.07;17/09/2026;21:00;11.7;0;SOLEIL;2;19.4;0
Roanne;46.03;4.07;17/09/2026;22:00;11.7;0;SOLEIL;2;14.4;0
Roanne;46.03;4.07;17/09/2026;23:00;10;0;SOLEIL;1;13.7;0
Roanne;46.03;4.07;18/09/2026;00:00;10;0;SOLEIL;1;12.6;0
Roanne;46.03;4.07;18/09/2026;01:00;10;0;SOLEIL;1;11.9;0
Roanne;46.03;4.07;18/09/2026;02:00;9;0;SOLEIL;1;11.9;0
Roanne;46.03;4.07;18/09/2026;03:00;9;0;SOLEIL;1;12.6;0
Roanne;46.03;4.07;18/09/2026;04:00;9;0;SOLEIL;1;15.5;0
Roanne;46.03;4.07;18/09/2026;05:00;9.1;0;SOLEIL;1;17.6;0
Roanne;46.03;4.07;18/09/2026;06:00;9.1;0;SOLEIL;1;19.8;0
Roanne;46.03;4.07;18/09/2026;07:00;9.1;0;SOLEIL;1;20.5;0
Roanne;46.03;4.07;18/09/2026;08:00;14.4;0;SOLEIL;2;20.5;0
Roanne;46.03;4.07;18/09/2026;09:00;14.4;0;SOLEIL;2;23.8;0
Roanne;46.03;4.07;18/09/2026;10:00;14.4;0;SOLEIL;2;27.7;0
Roanne;46.03;4.07;18/09/2026;11:00;19.4;0;SOLEIL;4;31.0;0
Roanne;46.03;4.07;18/09/2026;12:00;19.4;0;SOLEIL;4;32.4;0
Roanne;46.03;4.07;18/09/2026;13:00;19.4;0;SOLEIL;4;33.5;0
Roanne;46.03;4.07;18/09/2026;14:00;19.7;0;SOLEIL;4;35.3;0
Roanne;46.03;4.07;18/09/2026;15:00;19.7;0;SOLEIL;4;39.6;0
Roanne;46.03;4.07;18/09/2026;16:00;19.7;0;SOLEIL;4;45.0;0
Roanne;46.03;4.07;18/09/2026;17:00;15.4;0;SOLEIL;2;47.9;0
Roanne;46.03;4.07;18/09/2026;18:00;15.4;0;SOLEIL;2;46.8;0
Roanne;46.03;4.07;18/09/2026;19:00;15.4;0;SOLEIL;2;43.2;0
Roanne;46.03;4.07;18/09/2026;20:00;13.8;0;SOLEIL;5;37.8;0
Roanne;46.03;4.07;18/09/2026;21:00;12.5;0;SOLEIL;5;29.9;0
Roanne;46.03;4.07;18/09/2026;22:00;11.2;0;SOLEIL;5;20.9;0
Roanne;46.03;4.07;18/09/2026;23:00;9;0;SOLEIL;1;13.7;0
Roanne;46.03;4.07;19/09/2026;00:00;9;0;SOLEIL;1;11.2;0
Roanne;46.03;4.07;19/09/2026;01:00;9;0;SOLEIL;1;10.4;0
Roanne;46.03;4.07;19/09/2026;02:00;6.6;0;SOLEIL;5;10.1;0
Roanne;46.03;4.07;19/09/2026;03:00;6.6;0;SOLEIL;5;8.6;0
Roanne;46.03;4.07;19/09/2026;04:00;6.6;0;SOLEIL;5;6.8;0
Roanne;46.03;4.07;19/09/2026;05:00;7.4;0;SOLEIL;1;5.8;0
Roanne;46.03;4.07;19/09/2026;06:00;7.4;0;SOLEIL;1;4.7;0
Roanne;46.03;4.07;19/09/2026;07:00;7.4;0;SOLEIL;1;4.3;0
Roanne;46.03;4.07;19/09/2026;08:00;10.4;0;SOLEIL;5;5.4;0
Roanne;46.03;4.07;19/09/2026;09:00;12.3;0;SOLEIL;5;9.4;0
Roanne;46.03;4.07;19/09/2026;10:00;14.2;0;SOLEIL;5;14.8;0
Roanne;46.03;4.07;19/09/2026;11:00;21.7;0;SOLEIL;2;19.1;0
Roanne;46.03;4.07;19/09/2026;12:00;21.7;0;SOLEIL;2;20.5;0
Roanne;46.03;4.07;19/09/2026;13:00;21.7;0;SOLEIL;2;20.5;0
Roanne;46.03;4.07;19/09/2026;14:00;21.7;0;SOLEIL;5;20.9;0
Roanne;46.03;4.07;19/09/2026;15:00;23.6;0;SOLEIL;5;22.0;0
Roanne;46.03;4.07;19/09/2026;16:00;21.7;0;SOLEIL;5;23.4;0
Roanne;46.03;4.07;19/09/2026;17:00;15.1;0;SOLEIL;1;23.8;0
Roanne;46.03;4.07;19/09/2026;18:00;15.1;0;SOLEIL;1;22.7;0
Roanne;46.03;4.07;19/09/2026;19:00;15.1;0;SOLEIL;1;20.9;0
Roanne;46.03;4.07;19/09/2026;20:00;14.2;0;SOLEIL;5;18.7;0
Roanne;46.03;4.07;19/09/2026;21:00;12.3;0;SOLEIL;5;16.6;0
Roanne;46.03;4.07;19/09/2026;22:00;10.4;0;SOLEIL;5;14.0;0
Roanne;46.03;4.07;19/09/2026;23:00;10.5;0;SOLEIL;0;12.2;0
Roanne;46.03;4.07;20/09/2026;00:00;10.5;0;SOLEIL;0;14.1;0
Roanne;46.03;4.07;20/09/2026;01:00;10.5;0;SOLEIL;0;16.7;0
Roanne;46.03;4.07;20/09/2026;02:00;8.4;0;SOLEIL;5;19.1;0
Roanne;46.03;4.07;20/09/2026;03:00;8.4;0;SOLEIL;5;20.5;0
Roanne;46.03;4.07;20/09/2026;04:00;8.4;0;SOLEIL;5;19.8;0
Roanne;46.03;4.07;20/09/2026;05:00;8.9;0;SOLEIL;0;20.2;0
Roanne;46.03;4.07;20/09/2026;06:00;8.9;0;SOLEIL;0;22.3;0
Roanne;46.03;4.07;20/09/2026;07:00;8.9;0;SOLEIL;0;25.2;0
Roanne;46.03;4.07;20/09/2026;08:00;11.8;0;SOLEIL;5;28.4;0
Roanne;46.03;4.07;20/09/2026;09:00;13.6;0;SOLEIL;5;31.7;0
Roanne;46.03;4.07;20/09/2026;10:00;15.3;0;SOLEIL;5;34.9;0
Roanne;46.03;4.07;20/09/2026;11:00;23.2;0;SOLEIL;3;37.8;0
Roanne;46.03;4.07;20/09/2026;12:00;23.2;0;SOLEIL;3;39.6;0
Roanne;46.03;4.07;20/09/2026;13:00;23.2;0;SOLEIL;3;40.7;0
Roanne;46.03;4.07;20/09/2026;14:00;22.2;0;SOLEIL;5;41.4;0
Roanne;46.03;4.07;20/09/2026;15:00;23.9;0;SOLEIL;5;41.8;0
Roanne;46.03;4.07;20/09/2026;16:00;22.2;0;SOLEIL;5;41.4;0
Roanne;46.03;4.07;20/09/2026;17:00;16.1;0;SOLEIL;2;41.4;0
Roanne;46.03;4.07;20/09/2026;18:00;16.1;0;SOLEIL;2;41.4;0
Roanne;46.03;4.07;20/09/2026;19:00;16.1;0;SOLEIL;2;41.4;0
Roanne;46.03;4.07;20/09/2026;20:00;15.3;0;SOLEIL;5;41.4;0
Roanne;46.03;4.07;20/09/2026;21:00;13.6;0;SOLEIL;5;41.0;0
Roanne;46.03;4.07;20/09/2026;22:00;11.8;0;SOLEIL;5;41.0;0
Roanne;46.03;4.07;20/09/2026;23:00;11.1;0;SOLEIL;3;40.3;0
Saint-Étienne;45.43;4.39;16/09/2026;00:00;21.1;0;SOLEIL;2;13.0;0
Saint-Étienne;45.43;4.39;16/09/2026;01:00;20.4;0;SOLEIL;1;11.2;0
Saint-Étienne;45.43;4.39;16/09/2026;02:00;19.3;0;SOLEIL;1;11.2;0
Saint-Étienne;45.43;4.39;16/09/2026;03:00;18.7;0;SOLEIL;5;9.4;0
Saint-Étienne;45.43;4.39;16/09/2026;04:00;17.6;0;SOLEIL;5;6.5;0
Saint-Étienne;45.43;4.39;16/09/2026;05:00;17.2;0;SOLEIL;5;5.0;0
Saint-Étienne;45.43;4.39;16/09/2026;06:00;17.5;2;NUAGEUX;4;18.4;0
Saint-Étienne;45.43;4.39;16/09/2026;07:00;18.4;2;NUAGEUX;4;34.6;0
Saint-Étienne;45.43;4.39;16/09/2026;08:00;18.9;2;NUAGEUX;4;35.6;0
Saint-Étienne;45.43;4.39;16/09/2026;09:00;19.6;2;NUAGEUX;5;24.5;0
Saint-Étienne;45.43;4.39;16/09/2026;10:00;19.6;2;NUAGEUX;5;28.1;0
Saint-Étienne;45.43;4.39;16/09/2026;11:00;19.9;2;NUAGEUX;5;32.4;0
Saint-Étienne;45.43;4.39;16/09/2026;12:00;19.1;2;NUAGEUX;4;35.3;0
Saint-Étienne;45.43;4.39;16/09/2026;13:00;19.3;2;NUAGEUX;5;33.8;0
Saint-Étienne;45.43;4.39;16/09/2026;14:00;19.2;2;NUAGEUX;5;31.7;0
Saint-Étienne;45.43;4.39;16/09/2026;15:00;19.8;0;SOLEIL;4;31.0;0
Saint-Étienne;45.43;4.39;16/09/2026;16:00;20.2;0;SOLEIL;5;30.2;0
Saint-Étienne;45.43;4.39;16/09/2026;17:00;19.6;0;SOLEIL;4;36.4;0
Saint-Étienne;45.43;4.39;16/09/2026;18:00;19;0;SOLEIL;3;38.2;0
Saint-Étienne;45.43;4.39;16/09/2026;19:00;18.2;0;SOLEIL;3;35.3;0
Saint-Étienne;45.43;4.39;16/09/2026;20:00;17.7;0;SOLEIL;3;24.1;0
Saint-Étienne;45.43;4.39;16/09/2026;21:00;17.4;0;SOLEIL;3;10.4;0
Saint-Étienne;45.43;4.39;16/09/2026;22:00;16.6;0;SOLEIL;2;5.8;0
Saint-Étienne;45.43;4.39;16/09/2026;23:00;15.7;0;SOLEIL;0;4.3;0
Saint-Étienne;45.43;4.39;17/09/2026;00:00;15.1;0;SOLEIL;1;10.1;0
Saint-Étienne;45.43;4.39;17/09/2026;01:00;15.1;0;SOLEIL;1;10.1;0
Saint-Étienne;45.43;4.39;17/09/2026;02:00;13.2;0;SOLEIL;0;8.6;0
Saint-Étienne;45.43;4.39;17/09/2026;03:00;13.2;0;SOLEIL;0;8.5;0
Saint-Étienne;45.43;4.39;17/09/2026;04:00;13.2;0;SOLEIL;0;7.4;0
Saint-Étienne;45.43;4.39;17/09/2026;05:00;12.6;0;SOLEIL;1;6.5;0
Saint-Étienne;45.43;4.39;17/09/2026;06:00;12.6;0;SOLEIL;1;5.8;0
Saint-Étienne;45.43;4.39;17/09/2026;07:00;12.6;0;SOLEIL;1;5.4;0
Saint-Étienne;45.43;4.39;17/09/2026;08:00;19.1;5;SOLEIL VOILÉ;2;5.8;0
Saint-Étienne;45.43;4.39;17/09/2026;09:00;19.1;5;SOLEIL VOILÉ;2;5.4;0
Saint-Étienne;45.43;4.39;17/09/2026;10:00;19.1;5;SOLEIL VOILÉ;2;9.0;0
Saint-Étienne;45.43;4.39;17/09/2026;11:00;21.4;5;SOLEIL VOILÉ;3;14.8;0
Saint-Étienne;45.43;4.39;17/09/2026;12:00;21.4;5;SOLEIL VOILÉ;3;24.8;0
Saint-Étienne;45.43;4.39;17/09/2026;13:00;21.4;5;SOLEIL VOILÉ;3;28.8;0
Saint-Étienne;45.43;4.39;17/09/2026;14:00;22.6;5;SOLEIL VOILÉ;4;28.8;0
Saint-Étienne;45.43;4.39;17/09/2026;15:00;22.6;5;SOLEIL VOILÉ;4;27.4;0
Saint-Étienne;45.43;4.39;17/09/2026;16:00;22.6;5;SOLEIL VOILÉ;4;26.3;0
Saint-Étienne;45.43;4.39;17/09/2026;17:00;20.1;5;SOLEIL VOILÉ;3;27.4;0
Saint-Étienne;45.43;4.39;17/09/2026;18:00;20.1;5;SOLEIL VOILÉ;3;27.7;0
Saint-Étienne;45.43;4.39;17/09/2026;19:00;20.1;5;SOLEIL VOILÉ;3;24.8;0
Saint-Étienne;45.43;4.39;17/09/2026;20:00;17.6;5;SOLEIL VOILÉ;2;17.6;0
Saint-Étienne;45.43;4.39;17/09/2026;21:00;17.6;5;SOLEIL VOILÉ;2;9.7;0
Saint-Étienne;45.43;4.39;17/09/2026;22:00;17.6;5;SOLEIL VOILÉ;2;9.7;0
Saint-Étienne;45.43;4.39;17/09/2026;23:00;16;0;SOLEIL;1;7.2;0
Saint-Étienne;45.43;4.39;18/09/2026;00:00;16;0;SOLEIL;1;7.6;0
Saint-Étienne;45.43;4.39;18/09/2026;01:00;16;0;SOLEIL;1;8.3;0
Saint-Étienne;45.43;4.39;18/09/2026;02:00;13.4;0;SOLEIL;1;8.6;0
Saint-Étienne;45.43;4.39;18/09/2026;03:00;13.4;0;SOLEIL;1;7.2;0
Saint-Étienne;45.43;4.39;18/09/2026;04:00;13.4;0;SOLEIL;1;7.2;0
Saint-Étienne;45.43;4.39;18/09/2026;05:00;14.1;0;SOLEIL;1;7.2;0
Saint-Étienne;45.43;4.39;18/09/2026;06:00;14.1;0;SOLEIL;1;6.1;0
Saint-Étienne;45.43;4.39;18/09/2026;07:00;14.1;0;SOLEIL;1;4.7;0
Saint-Étienne;45.43;4.39;18/09/2026;08:00;18.6;2;NUAGEUX;2;4.3;0
Saint-Étienne;45.43;4.39;18/09/2026;09:00;18.6;2;NUAGEUX;2;6.1;0
Saint-Étienne;45.43;4.39;18/09/2026;10:00;18.6;2;NUAGEUX;2;9.4;0
Saint-Étienne;45.43;4.39;18/09/2026;11:00;21.6;0;SOLEIL;3;13.7;0
Saint-Étienne;45.43;4.39;18/09/2026;12:00;21.6;0;SOLEIL;3;20.9;0
Saint-Étienne;45.43;4.39;18/09/2026;13:00;21.6;0;SOLEIL;3;29.5;0
Saint-Étienne;45.43;4.39;18/09/2026;14:00;23;0;SOLEIL;4;35.3;0
Saint-Étienne;45.43;4.39;18/09/2026;15:00;23;0;SOLEIL;4;36.4;0
Saint-Étienne;45.43;4.39;18/09/2026;16:00;23;0;SOLEIL;4;34.6;0
Saint-Étienne;45.43;4.39;18/09/2026;17:00;20.7;0;SOLEIL;3;32.0;0
Saint-Étienne;45.43;4.39;18/09/2026;18:00;20.7;0;SOLEIL;3;29.5;0
Saint-Étienne;45.43;4.39;18/09/2026;19:00;20.7;0;SOLEIL;3;26.3;0
Saint-Étienne;45.43;4.39;18/09/2026;20:00;17.7;0;SOLEIL;5;22.3;0
Saint-Étienne;45.43;4.39;18/09/2026;21:00;16.3;0;SOLEIL;5;17.3;0
Saint-Étienne;45.43;4.39;18/09/2026;22:00;14.9;0;SOLEIL;5;11.9;0
Saint-Étienne;45.43;4.39;18/09/2026;23:00;15;0;SOLEIL;0;7.9;0
Saint-Étienne;45.43;4.39;19/09/2026;00:00;15;0;SOLEIL;0;6.8;0
Saint-Étienne;45.43;4.39;19/09/2026;01:00;15;0;SOLEIL;0;7.2;0
Saint-Étienne;45.43;4.39;19/09/2026;02:00;11.9;0;SOLEIL;5;7.6;0
Saint-Étienne;45.43;4.39;19/09/2026;03:00;11.9;0;SOLEIL;5;7.6;0
Saint-Étienne;45.43;4.39;19/09/2026;04:00;11.9;0;SOLEIL;5;7.6;0
Saint-Étienne;45.43;4.39;19/09/2026;05:00;13.1;0;SOLEIL;0;7.9;0
Saint-Étienne;45.43;4.39;19/09/2026;06:00;13.1;0;SOLEIL;0;8.3;0
Saint-Étienne;45.43;4.39;19/09/2026;07:00;13.1;0;SOLEIL;0;9.0;0
Saint-Étienne;45.43;4.39;19/09/2026;08:00;15.0;0;SOLEIL;5;9.4;0
Saint-Étienne;45.43;4.39;19/09/2026;09:00;16.6;0;SOLEIL;5;9.4;0
Saint-Étienne;45.43;4.39;19/09/2026;10:00;18.1;0;SOLEIL;5;9.0;0
Saint-Étienne;45.43;4.39;19/09/2026;11:00;24;0;SOLEIL;2;9.7;0
Saint-Étienne;45.43;4.39;19/09/2026;12:00;24;0;SOLEIL;2;12.2;0
Saint-Étienne;45.43;4.39;19/09/2026;13:00;24;0;SOLEIL;2;15.5;0
Saint-Étienne;45.43;4.39;19/09/2026;14:00;24.3;0;SOLEIL;5;18.7;0
Saint-Étienne;45.43;4.39;19/09/2026;15:00;25.9;0;SOLEIL;5;21.6;0
Saint-Étienne;45.43;4.39;19/09/2026;16:00;24.3;0;SOLEIL;5;24.1;0
Saint-Étienne;45.43;4.39;19/09/2026;17:00;21.9;0;SOLEIL;2;25.2;0
Saint-Étienne;45.43;4.39;19/09/2026;18:00;21.9;0;SOLEIL;2;24.8;0
Saint-Étienne;45.43;4.39;19/09/2026;19:00;21.9;0;SOLEIL;2;23.0;0
Saint-Étienne;45.43;4.39;19/09/2026;20:00;18.1;0;SOLEIL;5;20.5;0
Saint-Étienne;45.43;4.39;19/09/2026;21:00;16.6;0;SOLEIL;5;16.2;0
Saint-Étienne;45.43;4.39;19/09/2026;22:00;15.0;0;SOLEIL;5;11.2;0
Saint-Étienne;45.43;4.39;19/09/2026;23:00;17.1;0;SOLEIL;1;7.6;0
Saint-Étienne;45.43;4.39;20/09/2026;00:00;17.1;0;SOLEIL;1;6.0;0
Saint-Étienne;45.43;4.39;20/09/2026;01:00;17.1;0;SOLEIL;1;6.3;0
Saint-Étienne;45.43;4.39;20/09/2026;02:00;14.4;0;SOLEIL;5;7.4;0
Saint-Étienne;45.43;4.39;20/09/2026;03:00;14.4;0;SOLEIL;5;7.6;0
Saint-Étienne;45.43;4.39;20/09/2026;04:00;14.4;0;SOLEIL;5;7.9;0
Saint-Étienne;45.43;4.39;20/09/2026;05:00;15.5;0;SOLEIL;0;7.9;0
Saint-Étienne;45.43;4.39;20/09/2026;06:00;15.5;0;SOLEIL;0;7.9;0
Saint-Étienne;45.43;4.39;20/09/2026;07:00;15.5;0;SOLEIL;0;7.6;0
Saint-Étienne;45.43;4.39;20/09/2026;08:00;16.7;0;SOLEIL;5;7.6;0
Saint-Étienne;45.43;4.39;20/09/2026;09:00;17.8;0;SOLEIL;5;8.3;0
Saint-Étienne;45.43;4.39;20/09/2026;10:00;18.9;0;SOLEIL;5;9.0;0
Saint-Étienne;45.43;4.39;20/09/2026;11:00;23.6;0;SOLEIL;3;10.4;0
Saint-Étienne;45.43;4.39;20/09/2026;12:00;23.6;0;SOLEIL;3;12.6;0
Saint-Étienne;45.43;4.39;20/09/2026;13:00;23.6;0;SOLEIL;3;15.5;0
Saint-Étienne;45.43;4.39;20/09/2026;14:00;23.5;0;SOLEIL;5;18.0;0
Saint-Étienne;45.43;4.39;20/09/2026;15:00;24.6;0;SOLEIL;5;20.5;0
Saint-Étienne;45.43;4.39;20/09/2026;16:00;23.5;0;SOLEIL;5;22.7;0
Saint-Étienne;45.43;4.39;20/09/2026;17:00;22.1;0;SOLEIL;3;24.1;0
Saint-Étienne;45.43;4.39;20/09/2026;18:00;22.1;0;SOLEIL;3;24.1;0
Saint-Étienne;45.43;4.39;20/09/2026;19:00;22.1;0;SOLEIL;3;23.0;0
Saint-Étienne;45.43;4.39;20/09/2026;20:00;18.9;0;SOLEIL;5;20.5;0
Saint-Étienne;45.43;4.39;20/09/2026;21:00;17.8;0;SOLEIL;5;15.5;0
Saint-Étienne;45.43;4.39;20/09/2026;22:00;16.7;0;SOLEIL;5;8.6;0
Saint-Étienne;45.43;4.39;20/09/2026;23:00;17.7;0;SOLEIL;2;4.0;0
Le Puy-en-Velay;45.04;3.88;16/09/2026;00:00;22.1;0;SOLEIL;3;15.8;0
Le Puy-en-Velay;45.04;3.88;16/09/2026;01:00;21.7;0;SOLEIL;3;14.4;0
Le Puy-en-Velay;45.04;3.88;16/09/2026;02:00;20.5;0;SOLEIL;3;14.0;0
Le Puy-en-Velay;45.04;3.88;16/09/2026;03:00;19.4;0;SOLEIL;3;13.0;0
Le Puy-en-Velay;45.04;3.88;16/09/2026;04:00;18.1;0;SOLEIL;2;20.9;0
Le Puy-en-Velay;45.04;3.88;16/09/2026;05:00;16.7;0;SOLEIL;3;22.3;0
Le Puy-en-Velay;45.04;3.88;16/09/2026;06:00;15.6;0;SOLEIL;2;27.4;0
Le Puy-en-Velay;45.04;3.88;16/09/2026;07:00;17.4;2;NUAGEUX;2;28.4;0
Le Puy-en-Velay;45.04;3.88;16/09/2026;08:00;18.6;2;NUAGEUX;2;20.9;0
Le Puy-en-Velay;45.04;3.88;16/09/2026;09:00;18.9;2;NUAGEUX;3;19.8;0
Le Puy-en-Velay;45.04;3.88;16/09/2026;10:00;20.9;6;AVERSES;3;19.8;0.1
Le Puy-en-Velay;45.04;3.88;16/09/2026;11:00;21.2;6;AVERSES;3;16.9;0.3
Le Puy-en-Velay;45.04;3.88;16/09/2026;12:00;20.3;6;AVERSES;4;13.3;0.5
Le Puy-en-Velay;45.04;3.88;16/09/2026;13:00;19.2;6;AVERSES;3;27.7;0.8
Le Puy-en-Velay;45.04;3.88;16/09/2026;14:00;18.1;2;NUAGEUX;3;23.4;0
Le Puy-en-Velay;45.04;3.88;16/09/2026;15:00;17.3;2;NUAGEUX;3;23.8;0
Le Puy-en-Velay;45.04;3.88;16/09/2026;16:00;16.7;2;NUAGEUX;4;23.4;0
Le Puy-en-Velay;45.04;3.88;16/09/2026;17:00;15.8;2;NUAGEUX;4;20.9;0
Le Puy-en-Velay;45.04;3.88;16/09/2026;18:00;15.1;0;SOLEIL;3;27.7;0
Le Puy-en-Velay;45.04;3.88;16/09/2026;19:00;15.1;0;SOLEIL;3;27.4;0
Le Puy-en-Velay;45.04;3.88;16/09/2026;20:00;15.3;0;SOLEIL;2;29.9;0
Le Puy-en-Velay;45.04;3.88;16/09/2026;21:00;15.6;0;SOLEIL;2;22.3;0
Le Puy-en-Velay;45.04;3.88;16/09/2026;22:00;15.7;0;SOLEIL;2;9.4;0
Le Puy-en-Velay;45.04;3.88;16/09/2026;23:00;15.6;0;SOLEIL;2;7.9;0
Le Puy-en-Velay;45.04;3.88;17/09/2026;00:00;15.1;0;SOLEIL;2;7.6;0
Le Puy-en-Velay;45.04;3.88;17/09/2026;01:00;15.1;0;SOLEIL;2;8.3;0
Le Puy-en-Velay;45.04;3.88;17/09/2026;02:00;14;0;SOLEIL;1;9.0;0
Le Puy-en-Velay;45.04;3.88;17/09/2026;03:00;14;0;SOLEIL;1;8.5;0
Le Puy-en-Velay;45.04;3.88;17/09/2026;04:00;14;0;SOLEIL;1;6.8;0
Le Puy-en-Velay;45.04;3.88;17/09/2026;05:00;12.7;0;SOLEIL;1;4.8;0
Le Puy-en-Velay;45.04;3.88;17/09/2026;06:00;12.7;0;SOLEIL;1;4.0;0
Le Puy-en-Velay;45.04;3.88;17/09/2026;07:00;12.7;0;SOLEIL;1;4.3;0
Le Puy-en-Velay;45.04;3.88;17/09/2026;08:00;17.1;0;SOLEIL;3;4.3;0
Le Puy-en-Velay;45.04;3.88;17/09/2026;09:00;17.1;0;SOLEIL;3;5.8;0
Le Puy-en-Velay;45.04;3.88;17/09/2026;10:00;17.1;0;SOLEIL;3;10.4;0
Le Puy-en-Velay;45.04;3.88;17/09/2026;11:00;20;5;SOLEIL VOILÉ;4;22.3;0
Le Puy-en-Velay;45.04;3.88;17/09/2026;12:00;20;5;SOLEIL VOILÉ;4;30.2;0
Le Puy-en-Velay;45.04;3.88;17/09/2026;13:00;20;5;SOLEIL VOILÉ;4;32.8;0
Le Puy-en-Velay;45.04;3.88;17/09/2026;14:00;21.1;5;SOLEIL VOILÉ;4;32.8;0
Le Puy-en-Velay;45.04;3.88;17/09/2026;15:00;21.1;5;SOLEIL VOILÉ;4;32.8;0
Le Puy-en-Velay;45.04;3.88;17/09/2026;16:00;21.1;5;SOLEIL VOILÉ;4;32.4;0
Le Puy-en-Velay;45.04;3.88;17/09/2026;17:00;19;5;SOLEIL VOILÉ;3;32.4;0
Le Puy-en-Velay;45.04;3.88;17/09/2026;18:00;19;5;SOLEIL VOILÉ;3;32.0;0
Le Puy-en-Velay;45.04;3.88;17/09/2026;19:00;19;5;SOLEIL VOILÉ;3;27.4;0
Le Puy-en-Velay;45.04;3.88;17/09/2026;20:00;17.1;0;SOLEIL;2;20.5;0
Le Puy-en-Velay;45.04;3.88;17/09/2026;21:00;17.1;0;SOLEIL;2;12.6;0
Le Puy-en-Velay;45.04;3.88;17/09/2026;22:00;17.1;0;SOLEIL;2;6.8;0
Le Puy-en-Velay;45.04;3.88;17/09/2026;23:00;15;0;SOLEIL;1;4.3;0
Le Puy-en-Velay;45.04;3.88;18/09/2026;00:00;15;0;SOLEIL;1;2.5;0
Le Puy-en-Velay;45.04;3.88;18/09/2026;01:00;15;0;SOLEIL;1;2.9;0
Le Puy-en-Velay;45.04;3.88;18/09/2026;02:00;13.6;0;SOLEIL;1;4.0;0
Le Puy-en-Velay;45.04;3.88;18/09/2026;03:00;13.6;0;SOLEIL;1;3.2;0
Le Puy-en-Velay;45.04;3.88;18/09/2026;04:00;13.6;0;SOLEIL;1;4.3;0
Le Puy-en-Velay;45.04;3.88;18/09/2026;05:00;12.1;0;SOLEIL;2;4.0;0
Le Puy-en-Velay;45.04;3.88;18/09/2026;06:00;12.1;0;SOLEIL;2;2.9;0
Le Puy-en-Velay;45.04;3.88;18/09/2026;07:00;12.1;0;SOLEIL;2;2.5;0
Le Puy-en-Velay;45.04;3.88;18/09/2026;08:00;17.1;0;SOLEIL;3;2.9;0
Le Puy-en-Velay;45.04;3.88;18/09/2026;09:00;17.1;0;SOLEIL;3;7.2;0
Le Puy-en-Velay;45.04;3.88;18/09/2026;10:00;17.1;0;SOLEIL;3;13.0;0
Le Puy-en-Velay;45.04;3.88;18/09/2026;11:00;20.5;0;SOLEIL;4;18.7;0
Le Puy-en-Velay;45.04;3.88;18/09/2026;12:00;20.5;0;SOLEIL;4;23.4;0
Le Puy-en-Velay;45.04;3.88;18/09/2026;13:00;20.5;0;SOLEIL;4;27.7;0
Le Puy-en-Velay;45.04;3.88;18/09/2026;14:00;21.2;0;SOLEIL;4;30.6;0
Le Puy-en-Velay;45.04;3.88;18/09/2026;15:00;21.2;0;SOLEIL;4;31.7;0
Le Puy-en-Velay;45.04;3.88;18/09/2026;16:00;21.2;0;SOLEIL;4;31.3;0
Le Puy-en-Velay;45.04;3.88;18/09/2026;17:00;19.6;0;SOLEIL;3;30.2;0
Le Puy-en-Velay;45.04;3.88;18/09/2026;18:00;19.6;0;SOLEIL;3;28.8;0
Le Puy-en-Velay;45.04;3.88;18/09/2026;19:00;19.6;0;SOLEIL;3;26.6;0
Le Puy-en-Velay;45.04;3.88;18/09/2026;20:00;16.2;0;SOLEIL;5;23.4;0
Le Puy-en-Velay;45.04;3.88;18/09/2026;21:00;15.0;0;SOLEIL;5;17.6;0
Le Puy-en-Velay;45.04;3.88;18/09/2026;22:00;13.8;0;SOLEIL;5;10.8;0
Le Puy-en-Velay;45.04;3.88;18/09/2026;23:00;14.6;0;SOLEIL;2;5.4;0
Le Puy-en-Velay;45.04;3.88;19/09/2026;00:00;14.6;0;SOLEIL;2;3.2;0
Le Puy-en-Velay;45.04;3.88;19/09/2026;01:00;14.6;0;SOLEIL;2;2.9;0
Le Puy-en-Velay;45.04;3.88;19/09/2026;02:00;11.2;0;SOLEIL;5;2.9;0
Le Puy-en-Velay;45.04;3.88;19/09/2026;03:00;11.2;0;SOLEIL;5;2.5;0
Le Puy-en-Velay;45.04;3.88;19/09/2026;04:00;11.2;0;SOLEIL;5;2.9;0
Le Puy-en-Velay;45.04;3.88;19/09/2026;05:00;12.6;0;SOLEIL;1;2.9;0
Le Puy-en-Velay;45.04;3.88;19/09/2026;06:00;12.6;0;SOLEIL;1;2.5;0
Le Puy-en-Velay;45.04;3.88;19/09/2026;07:00;12.6;0;SOLEIL;1;2.5;0
Le Puy-en-Velay;45.04;3.88;19/09/2026;08:00;14.2;0;SOLEIL;5;2.9;0
Le Puy-en-Velay;45.04;3.88;19/09/2026;09:00;15.8;0;SOLEIL;5;4.3;0
Le Puy-en-Velay;45.04;3.88;19/09/2026;10:00;17.3;0;SOLEIL;5;6.1;0
Le Puy-en-Velay;45.04;3.88;19/09/2026;11:00;23;0;SOLEIL;2;9.0;0
Le Puy-en-Velay;45.04;3.88;19/09/2026;12:00;23;0;SOLEIL;2;13.3;0
Le Puy-en-Velay;45.04;3.88;19/09/2026;13:00;23;0;SOLEIL;2;18.7;0
Le Puy-en-Velay;45.04;3.88;19/09/2026;14:00;23.4;0;SOLEIL;5;22.7;0
Le Puy-en-Velay;45.04;3.88;19/09/2026;15:00;24.9;0;SOLEIL;5;24.8;0
Le Puy-en-Velay;45.04;3.88;19/09/2026;16:00;23.4;0;SOLEIL;5;25.6;0
Le Puy-en-Velay;45.04;3.88;19/09/2026;17:00;20.7;0;SOLEIL;2;25.2;0
Le Puy-en-Velay;45.04;3.88;19/09/2026;18:00;20.7;0;SOLEIL;2;23.8;0
Le Puy-en-Velay;45.04;3.88;19/09/2026;19:00;20.7;0;SOLEIL;2;21.2;0
Le Puy-en-Velay;45.04;3.88;19/09/2026;20:00;17.3;0;SOLEIL;5;17.6;0
Le Puy-en-Velay;45.04;3.88;19/09/2026;21:00;15.8;0;SOLEIL;5;12.6;0
Le Puy-en-Velay;45.04;3.88;19/09/2026;22:00;14.2;0;SOLEIL;5;6.8;0
Le Puy-en-Velay;45.04;3.88;19/09/2026;23:00;15.7;0;SOLEIL;1;2.9;0
Le Puy-en-Velay;45.04;3.88;20/09/2026;00:00;15.7;0;SOLEIL;1;3.6;0
Le Puy-en-Velay;45.04;3.88;20/09/2026;01:00;15.7;0;SOLEIL;1;6.1;0
Le Puy-en-Velay;45.04;3.88;20/09/2026;02:00;13;0;SOLEIL;5;8.6;0
Le Puy-en-Velay;45.04;3.88;20/09/2026;03:00;13;0;SOLEIL;5;11.2;0
Le Puy-en-Velay;45.04;3.88;20/09/2026;04:00;13;0;SOLEIL;5;12.6;0
Le Puy-en-Velay;45.04;3.88;20/09/2026;05:00;14.2;0;SOLEIL;1;13.7;0
Le Puy-en-Velay;45.04;3.88;20/09/2026;06:00;14.2;0;SOLEIL;1;14.0;0
Le Puy-en-Velay;45.04;3.88;20/09/2026;07:00;14.2;0;SOLEIL;1;13.7;0
Le Puy-en-Velay;45.04;3.88;20/09/2026;08:00;15.4;0;SOLEIL;5;14.4;0
Le Puy-en-Velay;45.04;3.88;20/09/2026;09:00;16.6;0;SOLEIL;5;16.2;0
Le Puy-en-Velay;45.04;3.88;20/09/2026;10:00;17.8;0;SOLEIL;5;18.4;0
Le Puy-en-Velay;45.04;3.88;20/09/2026;11:00;23;0;SOLEIL;4;20.9;0
Le Puy-en-Velay;45.04;3.88;20/09/2026;12:00;23;0;SOLEIL;4;23.8;0
Le Puy-en-Velay;45.04;3.88;20/09/2026;13:00;23;0;SOLEIL;4;27.0;0
Le Puy-en-Velay;45.04;3.88;20/09/2026;14:00;22.7;0;SOLEIL;5;29.2;0
Le Puy-en-Velay;45.04;3.88;20/09/2026;15:00;23.9;0;SOLEIL;5;29.9;0
Le Puy-en-Velay;45.04;3.88;20/09/2026;16:00;22.7;0;SOLEIL;5;30.2;0
Le Puy-en-Velay;45.04;3.88;20/09/2026;17:00;20.6;0;SOLEIL;3;29.5;0
Le Puy-en-Velay;45.04;3.88;20/09/2026;18:00;20.6;0;SOLEIL;3;28.4;0
Le Puy-en-Velay;45.04;3.88;20/09/2026;19:00;20.6;0;SOLEIL;3;27.0;0
Le Puy-en-Velay;45.04;3.88;20/09/2026;20:00;17.8;0;SOLEIL;5;24.8;0
Le Puy-en-Velay;45.04;3.88;20/09/2026;21:00;16.6;0;SOLEIL;5;21.6;0
Le Puy-en-Velay;45.04;3.88;20/09/2026;22:00;15.4;0;SOLEIL;5;17.6;0
Le Puy-en-Velay;45.04;3.88;20/09/2026;23:00;15.1;0;SOLEIL;3;14.4;0
Ambert;45.55;3.74;16/09/2026;00:00;16;0;SOLEIL;1;6.8;0
Ambert;45.55;3.74;16/09/2026;01:00;15.6;0;SOLEIL;0;4.3;0
Ambert;45.55;3.74;16/09/2026;02:00;15.2;0;SOLEIL;0;8.6;0
Ambert;45.55;3.74;16/09/2026;03:00;15.1;0;SOLEIL;0;2.9;0
Ambert;45.55;3.74;16/09/2026;04:00;13.1;0;SOLEIL;0;3.2;0
Ambert;45.55;3.74;16/09/2026;05:00;12.5;0;SOLEIL;1;3.2;0
Ambert;45.55;3.74;16/09/2026;06:00;13.8;0;SOLEIL;0;4.0;0
Ambert;45.55;3.74;16/09/2026;07:00;14.2;0;SOLEIL;1;4.3;0
Ambert;45.55;3.74;16/09/2026;08:00;17.5;0;SOLEIL;1;5.4;0
Ambert;45.55;3.74;16/09/2026;09:00;18.6;2;NUAGEUX;3;5.8;0
Ambert;45.55;3.74;16/09/2026;10:00;20.1;6;AVERSES;3;15.5;0.1
Ambert;45.55;3.74;16/09/2026;11:00;20.6;6;AVERSES;3;26.6;0.5
Ambert;45.55;3.74;16/09/2026;12:00;20.3;6;AVERSES;3;28.1;0.1
Ambert;45.55;3.74;16/09/2026;13:00;21.1;2;NUAGEUX;3;27.4;0
Ambert;45.55;3.74;16/09/2026;14:00;20.2;6;AVERSES;4;28.1;0.2
Ambert;45.55;3.74;16/09/2026;15:00;17.9;6;AVERSES;3;28.4;0.1
Ambert;45.55;3.74;16/09/2026;16:00;16.6;6;AVERSES;3;26.3;0.2
Ambert;45.55;3.74;16/09/2026;17:00;15.1;6;AVERSES;3;24.8;0.2
Ambert;45.55;3.74;16/09/2026;18:00;14.4;6;AVERSES;3;24.5;0.1
Ambert;45.55;3.74;16/09/2026;19:00;14;0;SOLEIL;3;20.5;0
Ambert;45.55;3.74;16/09/2026;20:00;13.7;0;SOLEIL;3;17.6;0
Ambert;45.55;3.74;16/09/2026;21:00;13.6;0;SOLEIL;2;11.2;0
Ambert;45.55;3.74;16/09/2026;22:00;13;0;SOLEIL;2;11.9;0
Ambert;45.55;3.74;16/09/2026;23:00;12;0;SOLEIL;2;11.9;0
Ambert;45.55;3.74;17/09/2026;00:00;10.6;0;SOLEIL;1;11.5;0
Ambert;45.55;3.74;17/09/2026;01:00;10.6;0;SOLEIL;1;9.4;0
Ambert;45.55;3.74;17/09/2026;02:00;9.1;0;SOLEIL;2;8.6;0
Ambert;45.55;3.74;17/09/2026;03:00;9.1;0;SOLEIL;2;6.7;0
Ambert;45.55;3.74;17/09/2026;04:00;9.1;0;SOLEIL;2;5.6;0
Ambert;45.55;3.74;17/09/2026;05:00;8.5;0;SOLEIL;2;5.9;0
Ambert;45.55;3.74;17/09/2026;06:00;8.5;0;SOLEIL;2;5.8;0
Ambert;45.55;3.74;17/09/2026;07:00;8.5;0;SOLEIL;2;5.4;0
Ambert;45.55;3.74;17/09/2026;08:00;15.2;0;SOLEIL;4;6.1;0
Ambert;45.55;3.74;17/09/2026;09:00;15.2;0;SOLEIL;4;6.1;0
Ambert;45.55;3.74;17/09/2026;10:00;15.2;0;SOLEIL;4;10.4;0
Ambert;45.55;3.74;17/09/2026;11:00;19.2;0;SOLEIL;4;22.7;0
Ambert;45.55;3.74;17/09/2026;12:00;19.2;0;SOLEIL;4;31.0;0
Ambert;45.55;3.74;17/09/2026;13:00;19.2;0;SOLEIL;4;31.3;0
Ambert;45.55;3.74;17/09/2026;14:00;20.1;5;SOLEIL VOILÉ;4;30.6;0
Ambert;45.55;3.74;17/09/2026;15:00;20.1;5;SOLEIL VOILÉ;4;29.5;0
Ambert;45.55;3.74;17/09/2026;16:00;20.1;5;SOLEIL VOILÉ;4;27.7;0
Ambert;45.55;3.74;17/09/2026;17:00;16.6;5;SOLEIL VOILÉ;3;27.4;0
Ambert;45.55;3.74;17/09/2026;18:00;16.6;5;SOLEIL VOILÉ;3;27.4;0
Ambert;45.55;3.74;17/09/2026;19:00;16.6;5;SOLEIL VOILÉ;3;25.2;0
Ambert;45.55;3.74;17/09/2026;20:00;14.6;0;SOLEIL;2;22.7;0
Ambert;45.55;3.74;17/09/2026;21:00;14.6;0;SOLEIL;2;13.7;0
Ambert;45.55;3.74;17/09/2026;22:00;14.6;0;SOLEIL;2;8.3;0
Ambert;45.55;3.74;17/09/2026;23:00;12.2;0;SOLEIL;2;9.0;0
Ambert;45.55;3.74;18/09/2026;00:00;12.2;0;SOLEIL;2;6.8;0
Ambert;45.55;3.74;18/09/2026;01:00;12.2;0;SOLEIL;2;6.1;0
Ambert;45.55;3.74;18/09/2026;02:00;10.9;0;SOLEIL;1;5.8;0
Ambert;45.55;3.74;18/09/2026;03:00;10.9;0;SOLEIL;1;6.5;0
Ambert;45.55;3.74;18/09/2026;04:00;10.9;0;SOLEIL;1;5.8;0
Ambert;45.55;3.74;18/09/2026;05:00;9.4;0;SOLEIL;0;5.0;0
Ambert;45.55;3.74;18/09/2026;06:00;9.4;0;SOLEIL;0;6.5;0
Ambert;45.55;3.74;18/09/2026;07:00;9.4;0;SOLEIL;0;6.1;0
Ambert;45.55;3.74;18/09/2026;08:00;15.1;0;SOLEIL;2;5.4;0
Ambert;45.55;3.74;18/09/2026;09:00;15.1;0;SOLEIL;2;8.3;0
Ambert;45.55;3.74;18/09/2026;10:00;15.1;0;SOLEIL;2;12.6;0
Ambert;45.55;3.74;18/09/2026;11:00;19.5;0;SOLEIL;3;16.6;0
Ambert;45.55;3.74;18/09/2026;12:00;19.5;0;SOLEIL;3;20.5;0
Ambert;45.55;3.74;18/09/2026;13:00;19.5;0;SOLEIL;3;24.5;0
Ambert;45.55;3.74;18/09/2026;14:00;19.7;0;SOLEIL;4;27.0;0
Ambert;45.55;3.74;18/09/2026;15:00;19.7;0;SOLEIL;4;27.7;0
Ambert;45.55;3.74;18/09/2026;16:00;19.7;0;SOLEIL;4;27.0;0
Ambert;45.55;3.74;18/09/2026;17:00;18.1;0;SOLEIL;3;25.6;0
Ambert;45.55;3.74;18/09/2026;18:00;18.1;0;SOLEIL;3;24.1;0
Ambert;45.55;3.74;18/09/2026;19:00;18.1;0;SOLEIL;3;22.0;0
Ambert;45.55;3.74;18/09/2026;20:00;14.0;0;SOLEIL;5;19.1;0
Ambert;45.55;3.74;18/09/2026;21:00;12.7;0;SOLEIL;5;15.1;0
Ambert;45.55;3.74;18/09/2026;22:00;11.5;0;SOLEIL;5;10.8;0
Ambert;45.55;3.74;18/09/2026;23:00;10.6;0;SOLEIL;1;7.6;0
Ambert;45.55;3.74;19/09/2026;00:00;10.6;0;SOLEIL;1;6.5;0
Ambert;45.55;3.74;19/09/2026;01:00;10.6;0;SOLEIL;1;6.5;0
Ambert;45.55;3.74;19/09/2026;02:00;7.6;0;SOLEIL;5;6.5;0
Ambert;45.55;3.74;19/09/2026;03:00;7.6;0;SOLEIL;5;5.4;0
Ambert;45.55;3.74;19/09/2026;04:00;7.6;0;SOLEIL;5;4.3;0
Ambert;45.55;3.74;19/09/2026;05:00;8.5;0;SOLEIL;0;3.6;0
Ambert;45.55;3.74;19/09/2026;06:00;8.5;0;SOLEIL;0;3.2;0
Ambert;45.55;3.74;19/09/2026;07:00;8.5;0;SOLEIL;0;3.2;0
Ambert;45.55;3.74;19/09/2026;08:00;11.5;0;SOLEIL;5;3.6;0
Ambert;45.55;3.74;19/09/2026;09:00;13.4;0;SOLEIL;5;4.3;0
Ambert;45.55;3.74;19/09/2026;10:00;15.4;0;SOLEIL;5;5.8;0
Ambert;45.55;3.74;19/09/2026;11:00;22.2;0;SOLEIL;3;7.6;0
Ambert;45.55;3.74;19/09/2026;12:00;22.2;0;SOLEIL;3;10.8;0
Ambert;45.55;3.74;19/09/2026;13:00;22.2;0;SOLEIL;3;14.4;0
Ambert;45.55;3.74;19/09/2026;14:00;23.2;0;SOLEIL;5;17.6;0
Ambert;45.55;3.74;19/09/2026;15:00;25.1;0;SOLEIL;5;19.8;0
Ambert;45.55;3.74;19/09/2026;16:00;23.2;0;SOLEIL;5;21.2;0
Ambert;45.55;3.74;19/09/2026;17:00;20.2;0;SOLEIL;2;22.0;0
Ambert;45.55;3.74;19/09/2026;18:00;20.2;0;SOLEIL;2;21.6;0
Ambert;45.55;3.74;19/09/2026;19:00;20.2;0;SOLEIL;2;19.8;0
Ambert;45.55;3.74;19/09/2026;20:00;15.4;0;SOLEIL;5;17.6;0
Ambert;45.55;3.74;19/09/2026;21:00;13.4;0;SOLEIL;5;13.7;0
Ambert;45.55;3.74;19/09/2026;22:00;11.5;0;SOLEIL;5;9.0;0
Ambert;45.55;3.74;19/09/2026;23:00;12.9;0;SOLEIL;0;5.8;0
Ambert;45.55;3.74;20/09/2026;00:00;12.9;0;SOLEIL;0;5.9;0
Ambert;45.55;3.74;20/09/2026;01:00;12.9;0;SOLEIL;0;6.5;0
Ambert;45.55;3.74;20/09/2026;02:00;7.7;0;SOLEIL;5;7.2;0
Ambert;45.55;3.74;20/09/2026;03:00;7.7;0;SOLEIL;5;8.3;0
Ambert;45.55;3.74;20/09/2026;04:00;7.7;0;SOLEIL;5;9.7;0
Ambert;45.55;3.74;20/09/2026;05:00;8.9;0;SOLEIL;0;10.8;0
Ambert;45.55;3.74;20/09/2026;06:00;8.9;0;SOLEIL;0;10.4;0
Ambert;45.55;3.74;20/09/2026;07:00;8.9;0;SOLEIL;0;9.4;0
Ambert;45.55;3.74;20/09/2026;08:00;11.3;0;SOLEIL;5;9.7;0
Ambert;45.55;3.74;20/09/2026;09:00;13.1;0;SOLEIL;5;13.0;0
Ambert;45.55;3.74;20/09/2026;10:00;14.9;0;SOLEIL;5;17.3;0
Ambert;45.55;3.74;20/09/2026;11:00;22.7;0;SOLEIL;4;21.6;0
Ambert;45.55;3.74;20/09/2026;12:00;22.7;0;SOLEIL;4;24.8;0
Ambert;45.55;3.74;20/09/2026;13:00;22.7;0;SOLEIL;4;28.1;0
Ambert;45.55;3.74;20/09/2026;14:00;22.1;0;SOLEIL;5;30.2;0
Ambert;45.55;3.74;20/09/2026;15:00;23.9;0;SOLEIL;5;31.3;0
Ambert;45.55;3.74;20/09/2026;16:00;22.1;0;SOLEIL;5;31.7;0
Ambert;45.55;3.74;20/09/2026;17:00;20.5;0;SOLEIL;3;31.0;0
Ambert;45.55;3.74;20/09/2026;18:00;20.5;0;SOLEIL;3;29.2;0
Ambert;45.55;3.74;20/09/2026;19:00;20.5;0;SOLEIL;3;26.6;0
Ambert;45.55;3.74;20/09/2026;20:00;14.9;0;SOLEIL;5;23.8;0
Ambert;45.55;3.74;20/09/2026;21:00;13.1;0;SOLEIL;5;20.5;0
Ambert;45.55;3.74;20/09/2026;22:00;11.3;0;SOLEIL;5;17.3;0
Ambert;45.55;3.74;20/09/2026;23:00;13;0;SOLEIL;3;14.8;0
Clermont-Ferrand;45.78;3.08;16/09/2026;00:00;14.6;0;SOLEIL;1;6.1;0
Clermont-Ferrand;45.78;3.08;16/09/2026;01:00;14.5;0;SOLEIL;0;5.4;0
Clermont-Ferrand;45.78;3.08;16/09/2026;02:00;13.5;0;SOLEIL;2;2.9;0
Clermont-Ferrand;45.78;3.08;16/09/2026;03:00;13.1;0;SOLEIL;3;4.7;0
Clermont-Ferrand;45.78;3.08;16/09/2026;04:00;13.2;0;SOLEIL;3;2.2;0
Clermont-Ferrand;45.78;3.08;16/09/2026;05:00;12.6;0;SOLEIL;4;2.2;0
Clermont-Ferrand;45.78;3.08;16/09/2026;06:00;13.3;2;NUAGEUX;3;16.2;0
Clermont-Ferrand;45.78;3.08;16/09/2026;07:00;14;2;NUAGEUX;4;18.4;0
Clermont-Ferrand;45.78;3.08;16/09/2026;08:00;15;2;NUAGEUX;4;12.2;0
Clermont-Ferrand;45.78;3.08;16/09/2026;09:00;16.5;2;NUAGEUX;4;18.4;0
Clermont-Ferrand;45.78;3.08;16/09/2026;10:00;16.7;2;NUAGEUX;4;22.0;0
Clermont-Ferrand;45.78;3.08;16/09/2026;11:00;16.7;2;NUAGEUX;5;22.0;0
Clermont-Ferrand;45.78;3.08;16/09/2026;12:00;16.4;2;NUAGEUX;4;33.5;0
Clermont-Ferrand;45.78;3.08;16/09/2026;13:00;15.9;2;NUAGEUX;4;28.1;0
Clermont-Ferrand;45.78;3.08;16/09/2026;14:00;16.9;2;NUAGEUX;4;28.8;0
Clermont-Ferrand;45.78;3.08;16/09/2026;15:00;17.6;2;NUAGEUX;4;30.2;0
Clermont-Ferrand;45.78;3.08;16/09/2026;16:00;17.6;0;SOLEIL;4;30.6;0
Clermont-Ferrand;45.78;3.08;16/09/2026;17:00;16.5;6;AVERSES;4;25.9;0.1
Clermont-Ferrand;45.78;3.08;16/09/2026;18:00;15.5;0;SOLEIL;3;28.1;0
Clermont-Ferrand;45.78;3.08;16/09/2026;19:00;14.6;0;SOLEIL;3;32.4;0
Clermont-Ferrand;45.78;3.08;16/09/2026;20:00;14;0;SOLEIL;0;25.9;0
Clermont-Ferrand;45.78;3.08;16/09/2026;21:00;13.1;0;SOLEIL;0;13.3;0
Clermont-Ferrand;45.78;3.08;16/09/2026;22:00;11.7;0;SOLEIL;2;6.5;0
Clermont-Ferrand;45.78;3.08;16/09/2026;23:00;10.6;0;SOLEIL;2;3.6;0
Clermont-Ferrand;45.78;3.08;17/09/2026;00:00;9.6;0;SOLEIL;0;3.2;0
Clermont-Ferrand;45.78;3.08;17/09/2026;01:00;9.6;0;SOLEIL;0;3.6;0
Clermont-Ferrand;45.78;3.08;17/09/2026;02:00;7.1;0;SOLEIL;1;1.4;0
Clermont-Ferrand;45.78;3.08;17/09/2026;03:00;7.1;0;SOLEIL;1;3.1;0
Clermont-Ferrand;45.78;3.08;17/09/2026;04:00;7.1;0;SOLEIL;1;5.2;0
Clermont-Ferrand;45.78;3.08;17/09/2026;05:00;6;0;SOLEIL;1;7.2;0
Clermont-Ferrand;45.78;3.08;17/09/2026;06:00;6;0;SOLEIL;1;9.4;0
Clermont-Ferrand;45.78;3.08;17/09/2026;07:00;6;0;SOLEIL;1;7.9;0
Clermont-Ferrand;45.78;3.08;17/09/2026;08:00;15.4;5;SOLEIL VOILÉ;3;7.6;0
Clermont-Ferrand;45.78;3.08;17/09/2026;09:00;15.4;5;SOLEIL VOILÉ;3;11.5;0
Clermont-Ferrand;45.78;3.08;17/09/2026;10:00;15.4;5;SOLEIL VOILÉ;3;21.6;0
Clermont-Ferrand;45.78;3.08;17/09/2026;11:00;19.4;5;SOLEIL VOILÉ;3;29.9;0
Clermont-Ferrand;45.78;3.08;17/09/2026;12:00;19.4;5;SOLEIL VOILÉ;3;32.8;0
Clermont-Ferrand;45.78;3.08;17/09/2026;13:00;19.4;5;SOLEIL VOILÉ;3;34.9;0
Clermont-Ferrand;45.78;3.08;17/09/2026;14:00;20.1;5;SOLEIL VOILÉ;4;34.6;0
Clermont-Ferrand;45.78;3.08;17/09/2026;15:00;20.1;5;SOLEIL VOILÉ;4;29.9;0
Clermont-Ferrand;45.78;3.08;17/09/2026;16:00;20.1;5;SOLEIL VOILÉ;4;30.6;0
Clermont-Ferrand;45.78;3.08;17/09/2026;17:00;17.4;5;SOLEIL VOILÉ;2;31.0;0
Clermont-Ferrand;45.78;3.08;17/09/2026;18:00;17.4;5;SOLEIL VOILÉ;2;29.9;0
Clermont-Ferrand;45.78;3.08;17/09/2026;19:00;17.4;5;SOLEIL VOILÉ;2;27.0;0
Clermont-Ferrand;45.78;3.08;17/09/2026;20:00;13.6;0;SOLEIL;2;20.2;0
Clermont-Ferrand;45.78;3.08;17/09/2026;21:00;13.6;0;SOLEIL;2;14.4;0
Clermont-Ferrand;45.78;3.08;17/09/2026;22:00;13.6;0;SOLEIL;2;13.7;0
Clermont-Ferrand;45.78;3.08;17/09/2026;23:00;11.1;0;SOLEIL;1;11.5;0
Clermont-Ferrand;45.78;3.08;18/09/2026;00:00;11.1;0;SOLEIL;1;9.7;0
Clermont-Ferrand;45.78;3.08;18/09/2026;01:00;11.1;0;SOLEIL;1;9.0;0
Clermont-Ferrand;45.78;3.08;18/09/2026;02:00;9.1;0;SOLEIL;1;10.1;0
Clermont-Ferrand;45.78;3.08;18/09/2026;03:00;9.1;0;SOLEIL;1;10.1;0
Clermont-Ferrand;45.78;3.08;18/09/2026;04:00;9.1;0;SOLEIL;1;9.7;0
Clermont-Ferrand;45.78;3.08;18/09/2026;05:00;9.9;0;SOLEIL;0;8.6;0
Clermont-Ferrand;45.78;3.08;18/09/2026;06:00;9.9;0;SOLEIL;0;9.0;0
Clermont-Ferrand;45.78;3.08;18/09/2026;07:00;9.9;0;SOLEIL;0;9.0;0
Clermont-Ferrand;45.78;3.08;18/09/2026;08:00;14.4;2;NUAGEUX;2;7.2;0
Clermont-Ferrand;45.78;3.08;18/09/2026;09:00;14.4;2;NUAGEUX;2;11.2;0
Clermont-Ferrand;45.78;3.08;18/09/2026;10:00;14.4;2;NUAGEUX;2;17.3;0
Clermont-Ferrand;45.78;3.08;18/09/2026;11:00;20.1;0;SOLEIL;3;23.0;0
Clermont-Ferrand;45.78;3.08;18/09/2026;12:00;20.1;0;SOLEIL;3;28.1;0
Clermont-Ferrand;45.78;3.08;18/09/2026;13:00;20.1;0;SOLEIL;3;32.8;0
Clermont-Ferrand;45.78;3.08;18/09/2026;14:00;20.4;0;SOLEIL;3;35.6;0
Clermont-Ferrand;45.78;3.08;18/09/2026;15:00;20.4;0;SOLEIL;3;36.0;0
Clermont-Ferrand;45.78;3.08;18/09/2026;16:00;20.4;0;SOLEIL;3;34.6;0
Clermont-Ferrand;45.78;3.08;18/09/2026;17:00;17.6;0;SOLEIL;2;32.8;0
Clermont-Ferrand;45.78;3.08;18/09/2026;18:00;17.6;0;SOLEIL;2;31.0;0
Clermont-Ferrand;45.78;3.08;18/09/2026;19:00;17.6;0;SOLEIL;2;28.4;0
Clermont-Ferrand;45.78;3.08;18/09/2026;20:00;14.1;0;SOLEIL;5;25.2;0
Clermont-Ferrand;45.78;3.08;18/09/2026;21:00;12.7;0;SOLEIL;5;20.5;0
Clermont-Ferrand;45.78;3.08;18/09/2026;22:00;11.3;0;SOLEIL;5;15.5;0
Clermont-Ferrand;45.78;3.08;18/09/2026;23:00;8.5;0;SOLEIL;1;11.5;0
Clermont-Ferrand;45.78;3.08;19/09/2026;00:00;8.5;0;SOLEIL;1;9.7;0
Clermont-Ferrand;45.78;3.08;19/09/2026;01:00;8.5;0;SOLEIL;1;9.4;0
Clermont-Ferrand;45.78;3.08;19/09/2026;02:00;6;0;SOLEIL;5;9.0;0
Clermont-Ferrand;45.78;3.08;19/09/2026;03:00;6;0;SOLEIL;5;9.0;0
Clermont-Ferrand;45.78;3.08;19/09/2026;04:00;6;0;SOLEIL;5;9.0;0
Clermont-Ferrand;45.78;3.08;19/09/2026;05:00;7.1;0;SOLEIL;0;9.0;0
Clermont-Ferrand;45.78;3.08;19/09/2026;06:00;7.1;0;SOLEIL;0;8.6;0
Clermont-Ferrand;45.78;3.08;19/09/2026;07:00;7.1;0;SOLEIL;0;7.9;0
Clermont-Ferrand;45.78;3.08;19/09/2026;08:00;10.1;0;SOLEIL;5;8.6;0
Clermont-Ferrand;45.78;3.08;19/09/2026;09:00;12.2;0;SOLEIL;5;11.2;0
Clermont-Ferrand;45.78;3.08;19/09/2026;10:00;14.3;0;SOLEIL;5;15.1;0
Clermont-Ferrand;45.78;3.08;19/09/2026;11:00;21.6;0;SOLEIL;2;18.0;0
Clermont-Ferrand;45.78;3.08;19/09/2026;12:00;21.6;0;SOLEIL;2;19.4;0
Clermont-Ferrand;45.78;3.08;19/09/2026;13:00;21.6;0;SOLEIL;2;19.8;0
Clermont-Ferrand;45.78;3.08;19/09/2026;14:00;22.5;0;SOLEIL;5;20.9;0
Clermont-Ferrand;45.78;3.08;19/09/2026;15:00;24.6;0;SOLEIL;5;23.8;0
Clermont-Ferrand;45.78;3.08;19/09/2026;16:00;22.5;0;SOLEIL;5;27.0;0
Clermont-Ferrand;45.78;3.08;19/09/2026;17:00;18.5;0;SOLEIL;1;28.4;0
Clermont-Ferrand;45.78;3.08;19/09/2026;18:00;18.5;0;SOLEIL;1;26.3;0
Clermont-Ferrand;45.78;3.08;19/09/2026;19:00;18.5;0;SOLEIL;1;22.0;0
Clermont-Ferrand;45.78;3.08;19/09/2026;20:00;14.3;0;SOLEIL;5;18.0;0
Clermont-Ferrand;45.78;3.08;19/09/2026;21:00;12.2;0;SOLEIL;5;15.1;0
Clermont-Ferrand;45.78;3.08;19/09/2026;22:00;10.1;0;SOLEIL;5;12.2;0
Clermont-Ferrand;45.78;3.08;19/09/2026;23:00;10.6;0;SOLEIL;0;10.1;0
Clermont-Ferrand;45.78;3.08;20/09/2026;00:00;10.6;0;SOLEIL;0;7.8;0
Clermont-Ferrand;45.78;3.08;20/09/2026;01:00;10.6;0;SOLEIL;0;7.0;0
Clermont-Ferrand;45.78;3.08;20/09/2026;02:00;7.2;0;SOLEIL;5;7.0;0
Clermont-Ferrand;45.78;3.08;20/09/2026;03:00;7.2;0;SOLEIL;5;6.5;0
Clermont-Ferrand;45.78;3.08;20/09/2026;04:00;7.2;0;SOLEIL;5;5.8;0
Clermont-Ferrand;45.78;3.08;20/09/2026;05:00;8.6;0;SOLEIL;0;5.4;0
Clermont-Ferrand;45.78;3.08;20/09/2026;06:00;8.6;0;SOLEIL;0;5.0;0
Clermont-Ferrand;45.78;3.08;20/09/2026;07:00;8.6;0;SOLEIL;0;5.4;0
Clermont-Ferrand;45.78;3.08;20/09/2026;08:00;10.5;0;SOLEIL;5;6.1;0
Clermont-Ferrand;45.78;3.08;20/09/2026;09:00;12.2;0;SOLEIL;5;8.3;0
Clermont-Ferrand;45.78;3.08;20/09/2026;10:00;13.8;0;SOLEIL;5;11.2;0
Clermont-Ferrand;45.78;3.08;20/09/2026;11:00;21.6;0;SOLEIL;3;14.4;0
Clermont-Ferrand;45.78;3.08;20/09/2026;12:00;21.6;0;SOLEIL;3;17.6;0
Clermont-Ferrand;45.78;3.08;20/09/2026;13:00;21.6;0;SOLEIL;3;20.9;0
Clermont-Ferrand;45.78;3.08;20/09/2026;14:00;20.4;0;SOLEIL;5;23.4;0
Clermont-Ferrand;45.78;3.08;20/09/2026;15:00;22.1;0;SOLEIL;5;25.6;0
Clermont-Ferrand;45.78;3.08;20/09/2026;16:00;20.4;0;SOLEIL;5;27.0;0
Clermont-Ferrand;45.78;3.08;20/09/2026;17:00;18.2;0;SOLEIL;2;27.4;0
Clermont-Ferrand;45.78;3.08;20/09/2026;18:00;18.2;0;SOLEIL;2;26.3;0
Clermont-Ferrand;45.78;3.08;20/09/2026;19:00;18.2;0;SOLEIL;2;24.1;0
Clermont-Ferrand;45.78;3.08;20/09/2026;20:00;13.8;0;SOLEIL;5;21.2;0
Clermont-Ferrand;45.78;3.08;20/09/2026;21:00;12.2;0;SOLEIL;5;16.6;0
Clermont-Ferrand;45.78;3.08;20/09/2026;22:00;10.5;0;SOLEIL;5;10.8;0
Clermont-Ferrand;45.78;3.08;20/09/2026;23:00;11.1;2;NUAGEUX;2;6.5;0
Vodable;45.5;3.14;16/09/2026;00:00;19.6;0;SOLEIL;5;25.9;0
Vodable;45.5;3.14;16/09/2026;01:00;18.2;0;SOLEIL;4;27.4;0
Vodable;45.5;3.14;16/09/2026;02:00;16.5;0;SOLEIL;2;29.5;0
Vodable;45.5;3.14;16/09/2026;03:00;17;0;SOLEIL;2;29.9;0
Vodable;45.5;3.14;16/09/2026;04:00;16.4;0;SOLEIL;3;12.2;0
Vodable;45.5;3.14;16/09/2026;05:00;15.9;2;NUAGEUX;2;4.7;0
Vodable;45.5;3.14;16/09/2026;06:00;16.6;2;NUAGEUX;2;12.2;0
Vodable;45.5;3.14;16/09/2026;07:00;17.1;2;NUAGEUX;2;11.5;0
Vodable;45.5;3.14;16/09/2026;08:00;18.2;2;NUAGEUX;2;5.4;0
Vodable;45.5;3.14;16/09/2026;09:00;19;2;NUAGEUX;2;11.9;0
Vodable;45.5;3.14;16/09/2026;10:00;18.6;6;AVERSES;3;19.1;0.1
Vodable;45.5;3.14;16/09/2026;11:00;18.4;6;AVERSES;2;23.0;0.1
Vodable;45.5;3.14;16/09/2026;12:00;18.2;2;NUAGEUX;3;20.2;0
Vodable;45.5;3.14;16/09/2026;13:00;19.1;2;NUAGEUX;3;21.6;0
Vodable;45.5;3.14;16/09/2026;14:00;19.4;2;NUAGEUX;3;23.4;0
Vodable;45.5;3.14;16/09/2026;15:00;19.4;0;SOLEIL;3;21.2;0
Vodable;45.5;3.14;16/09/2026;16:00;19.7;0;SOLEIL;3;23.4;0
Vodable;45.5;3.14;16/09/2026;17:00;19.1;0;SOLEIL;3;26.3;0
Vodable;45.5;3.14;16/09/2026;18:00;18.9;0;SOLEIL;3;33.1;0
Vodable;45.5;3.14;16/09/2026;19:00;18.2;0;SOLEIL;2;29.2;0
Vodable;45.5;3.14;16/09/2026;20:00;17.3;0;SOLEIL;2;23.4;0
Vodable;45.5;3.14;16/09/2026;21:00;16.3;0;SOLEIL;3;20.5;0
Vodable;45.5;3.14;16/09/2026;22:00;15.4;0;SOLEIL;3;20.2;0
Vodable;45.5;3.14;16/09/2026;23:00;14.5;0;SOLEIL;3;17.3;0
Vodable;45.5;3.14;17/09/2026;00:00;14;0;SOLEIL;3;14.4;0
Vodable;45.5;3.14;17/09/2026;01:00;14;0;SOLEIL;3;14.8;0
Vodable;45.5;3.14;17/09/2026;02:00;11.6;0;SOLEIL;2;12.6;0
Vodable;45.5;3.14;17/09/2026;03:00;11.6;0;SOLEIL;2;8.2;0
Vodable;45.5;3.14;17/09/2026;04:00;11.6;0;SOLEIL;2;11.5;0
Vodable;45.5;3.14;17/09/2026;05:00;11.7;0;SOLEIL;2;15.8;0
Vodable;45.5;3.14;17/09/2026;06:00;11.7;0;SOLEIL;2;18.7;0
Vodable;45.5;3.14;17/09/2026;07:00;11.7;0;SOLEIL;2;18.7;0
Vodable;45.5;3.14;17/09/2026;08:00;18.7;5;SOLEIL VOILÉ;2;17.3;0
Vodable;45.5;3.14;17/09/2026;09:00;18.7;5;SOLEIL VOILÉ;2;16.9;0
Vodable;45.5;3.14;17/09/2026;10:00;18.7;5;SOLEIL VOILÉ;2;10.8;0
Vodable;45.5;3.14;17/09/2026;11:00;22.4;5;SOLEIL VOILÉ;2;15.8;0
Vodable;45.5;3.14;17/09/2026;12:00;22.4;5;SOLEIL VOILÉ;2;23.4;0
Vodable;45.5;3.14;17/09/2026;13:00;22.4;5;SOLEIL VOILÉ;2;24.1;0
Vodable;45.5;3.14;17/09/2026;14:00;22.4;5;SOLEIL VOILÉ;3;23.0;0
Vodable;45.5;3.14;17/09/2026;15:00;22.4;5;SOLEIL VOILÉ;3;22.3;0
Vodable;45.5;3.14;17/09/2026;16:00;22.4;5;SOLEIL VOILÉ;3;25.6;0
Vodable;45.5;3.14;17/09/2026;17:00;20;5;SOLEIL VOILÉ;3;25.9;0
Vodable;45.5;3.14;17/09/2026;18:00;20;5;SOLEIL VOILÉ;3;24.5;0
Vodable;45.5;3.14;17/09/2026;19:00;20;5;SOLEIL VOILÉ;3;24.5;0
Vodable;45.5;3.14;17/09/2026;20:00;17;5;SOLEIL VOILÉ;2;22.3;0
Vodable;45.5;3.14;17/09/2026;21:00;17;5;SOLEIL VOILÉ;2;19.8;0
Vodable;45.5;3.14;17/09/2026;22:00;17;5;SOLEIL VOILÉ;2;22.0;0
Vodable;45.5;3.14;17/09/2026;23:00;14.5;0;SOLEIL;2;19.4;0
Vodable;45.5;3.14;18/09/2026;00:00;14.5;0;SOLEIL;2;20.5;0
Vodable;45.5;3.14;18/09/2026;01:00;14.5;0;SOLEIL;2;20.5;0
Vodable;45.5;3.14;18/09/2026;02:00;14.1;0;SOLEIL;2;16.9;0
Vodable;45.5;3.14;18/09/2026;03:00;14.1;0;SOLEIL;2;15.8;0
Vodable;45.5;3.14;18/09/2026;04:00;14.1;0;SOLEIL;2;17.3;0
Vodable;45.5;3.14;18/09/2026;05:00;14.1;0;SOLEIL;1;16.6;0
Vodable;45.5;3.14;18/09/2026;06:00;14.1;0;SOLEIL;1;12.2;0
Vodable;45.5;3.14;18/09/2026;07:00;14.1;0;SOLEIL;1;11.5;0
Vodable;45.5;3.14;18/09/2026;08:00;18.1;2;NUAGEUX;2;10.4;0
Vodable;45.5;3.14;18/09/2026;09:00;18.1;2;NUAGEUX;2;9.0;0
Vodable;45.5;3.14;18/09/2026;10:00;18.1;2;NUAGEUX;2;7.9;0
Vodable;45.5;3.14;18/09/2026;11:00;21.6;0;SOLEIL;3;9.7;0
Vodable;45.5;3.14;18/09/2026;12:00;21.6;0;SOLEIL;3;16.2;0
Vodable;45.5;3.14;18/09/2026;13:00;21.6;0;SOLEIL;3;25.2;0
Vodable;45.5;3.14;18/09/2026;14:00;22.7;0;SOLEIL;3;31.7;0
Vodable;45.5;3.14;18/09/2026;15:00;22.7;0;SOLEIL;3;32.8;0
Vodable;45.5;3.14;18/09/2026;16:00;22.7;0;SOLEIL;3;31.3;0
Vodable;45.5;3.14;18/09/2026;17:00;20.6;0;SOLEIL;2;29.2;0
Vodable;45.5;3.14;18/09/2026;18:00;20.6;0;SOLEIL;2;27.0;0
Vodable;45.5;3.14;18/09/2026;19:00;20.6;0;SOLEIL;2;24.1;0
Vodable;45.5;3.14;18/09/2026;20:00;17.8;0;SOLEIL;5;21.6;0
Vodable;45.5;3.14;18/09/2026;21:00;16.7;0;SOLEIL;5;19.1;0
Vodable;45.5;3.14;18/09/2026;22:00;15.5;0;SOLEIL;5;16.9;0
Vodable;45.5;3.14;18/09/2026;23:00;13;0;SOLEIL;1;15.5;0
Vodable;45.5;3.14;19/09/2026;00:00;13;0;SOLEIL;1;15.8;0
Vodable;45.5;3.14;19/09/2026;01:00;13;0;SOLEIL;1;16.9;0
Vodable;45.5;3.14;19/09/2026;02:00;9.6;0;SOLEIL;5;17.6;0
Vodable;45.5;3.14;19/09/2026;03:00;9.6;0;SOLEIL;5;18.0;0
Vodable;45.5;3.14;19/09/2026;04:00;9.6;0;SOLEIL;5;18.0;0
Vodable;45.5;3.14;19/09/2026;05:00;10.6;0;SOLEIL;1;17.6;0
Vodable;45.5;3.14;19/09/2026;06:00;10.6;0;SOLEIL;1;17.3;0
Vodable;45.5;3.14;19/09/2026;07:00;10.6;0;SOLEIL;1;16.6;0
Vodable;45.5;3.14;19/09/2026;08:00;13.1;0;SOLEIL;5;15.8;0
Vodable;45.5;3.14;19/09/2026;09:00;14.9;0;SOLEIL;5;14.4;0
Vodable;45.5;3.14;19/09/2026;10:00;16.6;0;SOLEIL;5;13.0;0
Vodable;45.5;3.14;19/09/2026;11:00;22.6;0;SOLEIL;2;12.2;0
Vodable;45.5;3.14;19/09/2026;12:00;22.6;0;SOLEIL;2;13.3;0
Vodable;45.5;3.14;19/09/2026;13:00;22.6;0;SOLEIL;2;15.8;0
Vodable;45.5;3.14;19/09/2026;14:00;23.6;0;SOLEIL;5;18.0;0
Vodable;45.5;3.14;19/09/2026;15:00;25.4;0;SOLEIL;5;20.2;0
Vodable;45.5;3.14;19/09/2026;16:00;23.6;0;SOLEIL;5;22.7;0
Vodable;45.5;3.14;19/09/2026;17:00;20.5;0;SOLEIL;2;23.8;0
Vodable;45.5;3.14;19/09/2026;18:00;20.5;0;SOLEIL;2;23.0;0
Vodable;45.5;3.14;19/09/2026;19:00;20.5;0;SOLEIL;2;21.6;0
Vodable;45.5;3.14;19/09/2026;20:00;16.6;0;SOLEIL;5;19.8;0
Vodable;45.5;3.14;19/09/2026;21:00;14.9;0;SOLEIL;5;18.0;0
Vodable;45.5;3.14;19/09/2026;22:00;13.1;0;SOLEIL;5;16.2;0
Vodable;45.5;3.14;19/09/2026;23:00;14.7;0;SOLEIL;2;15.1;0
Vodable;45.5;3.14;20/09/2026;00:00;14.7;0;SOLEIL;2;15.2;0
Vodable;45.5;3.14;20/09/2026;01:00;14.7;0;SOLEIL;2;15.8;0
Vodable;45.5;3.14;20/09/2026;02:00;11.1;0;SOLEIL;5;15.9;0
Vodable;45.5;3.14;20/09/2026;03:00;11.1;0;SOLEIL;5;15.5;0
Vodable;45.5;3.14;20/09/2026;04:00;11.1;0;SOLEIL;5;15.5;0
Vodable;45.5;3.14;20/09/2026;05:00;12.4;0;SOLEIL;2;15.5;0
Vodable;45.5;3.14;20/09/2026;06:00;12.4;0;SOLEIL;2;14.8;0
Vodable;45.5;3.14;20/09/2026;07:00;12.4;0;SOLEIL;2;14.0;0
Vodable;45.5;3.14;20/09/2026;08:00;14.1;0;SOLEIL;5;13.7;0
Vodable;45.5;3.14;20/09/2026;09:00;15.5;0;SOLEIL;5;14.0;0
Vodable;45.5;3.14;20/09/2026;10:00;17.0;0;SOLEIL;5;14.8;0
Vodable;45.5;3.14;20/09/2026;11:00;23.5;0;SOLEIL;4;15.8;0
Vodable;45.5;3.14;20/09/2026;12:00;23.5;0;SOLEIL;4;17.6;0
Vodable;45.5;3.14;20/09/2026;13:00;23.5;0;SOLEIL;4;19.4;0
Vodable;45.5;3.14;20/09/2026;14:00;22.9;0;SOLEIL;5;21.2;0
Vodable;45.5;3.14;20/09/2026;15:00;24.4;0;SOLEIL;5;22.7;0
Vodable;45.5;3.14;20/09/2026;16:00;22.9;0;SOLEIL;5;23.4;0
Vodable;45.5;3.14;20/09/2026;17:00;20.2;0;SOLEIL;3;23.8;0
Vodable;45.5;3.14;20/09/2026;18:00;20.2;0;SOLEIL;3;23.4;0
Vodable;45.5;3.14;20/09/2026;19:00;20.2;0;SOLEIL;3;22.0;0
Vodable;45.5;3.14;20/09/2026;20:00;17.0;0;SOLEIL;5;20.5;0
Vodable;45.5;3.14;20/09/2026;21:00;15.5;0;SOLEIL;5;18.4;0
Vodable;45.5;3.14;20/09/2026;22:00;14.1;0;SOLEIL;5;15.8;0
Vodable;45.5;3.14;20/09/2026;23:00;14.4;2;NUAGEUX;2;13.7;0
Lyon;45.76;4.83;16/09/2026;00:00;16.6;0;SOLEIL;4;29.2;0
Lyon;45.76;4.83;16/09/2026;01:00;15.6;0;SOLEIL;3;47.5;0
Lyon;45.76;4.83;16/09/2026;02:00;13.8;0;SOLEIL;2;50.8;0
Lyon;45.76;4.83;16/09/2026;03:00;13.1;0;SOLEIL;2;36.0;0
Lyon;45.76;4.83;16/09/2026;04:00;13.6;0;SOLEIL;2;33.8;0
Lyon;45.76;4.83;16/09/2026;05:00;14.1;0;SOLEIL;2;13.7;0
Lyon;45.76;4.83;16/09/2026;06:00;14.1;2;NUAGEUX;2;11.5;0
Lyon;45.76;4.83;16/09/2026;07:00;15.9;2;NUAGEUX;2;12.2;0
Lyon;45.76;4.83;16/09/2026;08:00;16.2;2;NUAGEUX;2;13.3;0
Lyon;45.76;4.83;16/09/2026;09:00;17.1;2;NUAGEUX;2;16.2;0
Lyon;45.76;4.83;16/09/2026;10:00;16.6;2;NUAGEUX;3;11.9;0
Lyon;45.76;4.83;16/09/2026;11:00;16.4;6;AVERSES;3;25.9;0.4
Lyon;45.76;4.83;16/09/2026;12:00;15.9;6;AVERSES;3;31.7;0.6
Lyon;45.76;4.83;16/09/2026;13:00;16.7;6;AVERSES;3;30.6;0.1
Lyon;45.76;4.83;16/09/2026;14:00;17.1;2;NUAGEUX;3;33.8;0
Lyon;45.76;4.83;16/09/2026;15:00;17;2;NUAGEUX;3;28.8;0
Lyon;45.76;4.83;16/09/2026;16:00;15.5;0;SOLEIL;4;32.4;0
Lyon;45.76;4.83;16/09/2026;17:00;14.6;0;SOLEIL;3;27.7;0
Lyon;45.76;4.83;16/09/2026;18:00;13.9;0;SOLEIL;3;36.7;0
Lyon;45.76;4.83;16/09/2026;19:00;13.7;0;SOLEIL;2;36.4;0
Lyon;45.76;4.83;16/09/2026;20:00;12.8;0;SOLEIL;3;29.2;0
Lyon;45.76;4.83;16/09/2026;21:00;12;0;SOLEIL;3;27.7;0
Lyon;45.76;4.83;16/09/2026;22:00;11.1;0;SOLEIL;3;26.3;0
Lyon;45.76;4.83;16/09/2026;23:00;10.1;0;SOLEIL;3;26.6;0
Lyon;45.76;4.83;17/09/2026;00:00;8.9;0;SOLEIL;3;26.6;0
Lyon;45.76;4.83;17/09/2026;01:00;8.9;0;SOLEIL;3;26.6;0
Lyon;45.76;4.83;17/09/2026;02:00;7.7;0;SOLEIL;2;25.6;0
Lyon;45.76;4.83;17/09/2026;03:00;7.7;0;SOLEIL;2;21.5;0
Lyon;45.76;4.83;17/09/2026;04:00;7.7;0;SOLEIL;2;20.2;0
Lyon;45.76;4.83;17/09/2026;05:00;7.5;0;SOLEIL;2;19.4;0
Lyon;45.76;4.83;17/09/2026;06:00;7.5;0;SOLEIL;2;18.0;0
Lyon;45.76;4.83;17/09/2026;07:00;7.5;0;SOLEIL;2;17.6;0
Lyon;45.76;4.83;17/09/2026;08:00;15.1;5;SOLEIL VOILÉ;2;16.9;0
Lyon;45.76;4.83;17/09/2026;09:00;15.1;5;SOLEIL VOILÉ;2;16.2;0
Lyon;45.76;4.83;17/09/2026;10:00;15.1;5;SOLEIL VOILÉ;2;9.7;0
Lyon;45.76;4.83;17/09/2026;11:00;18.2;5;SOLEIL VOILÉ;3;15.5;0
Lyon;45.76;4.83;17/09/2026;12:00;18.2;5;SOLEIL VOILÉ;3;21.2;0
Lyon;45.76;4.83;17/09/2026;13:00;18.2;5;SOLEIL VOILÉ;3;22.7;0
Lyon;45.76;4.83;17/09/2026;14:00;18.9;5;SOLEIL VOILÉ;4;23.0;0
Lyon;45.76;4.83;17/09/2026;15:00;18.9;5;SOLEIL VOILÉ;4;22.0;0
Lyon;45.76;4.83;17/09/2026;16:00;18.9;5;SOLEIL VOILÉ;4;24.8;0
Lyon;45.76;4.83;17/09/2026;17:00;15.5;5;SOLEIL VOILÉ;3;24.8;0
Lyon;45.76;4.83;17/09/2026;18:00;15.5;5;SOLEIL VOILÉ;3;24.1;0
Lyon;45.76;4.83;17/09/2026;19:00;15.5;5;SOLEIL VOILÉ;3;22.7;0
Lyon;45.76;4.83;17/09/2026;20:00;13.5;5;SOLEIL VOILÉ;2;21.6;0
Lyon;45.76;4.83;17/09/2026;21:00;13.5;5;SOLEIL VOILÉ;2;22.0;0
Lyon;45.76;4.83;17/09/2026;22:00;13.5;5;SOLEIL VOILÉ;2;24.8;0
Lyon;45.76;4.83;17/09/2026;23:00;9;2;NUAGEUX;2;22.0;0
Lyon;45.76;4.83;18/09/2026;00:00;9;2;NUAGEUX;2;20.5;0
Lyon;45.76;4.83;18/09/2026;01:00;9;2;NUAGEUX;2;20.9;0
Lyon;45.76;4.83;18/09/2026;02:00;7.9;0;SOLEIL;2;16.6;0
Lyon;45.76;4.83;18/09/2026;03:00;7.9;0;SOLEIL;2;14.4;0
Lyon;45.76;4.83;18/09/2026;04:00;7.9;0;SOLEIL;2;14.0;0
Lyon;45.76;4.83;18/09/2026;05:00;9.2;0;SOLEIL;2;13.3;0
Lyon;45.76;4.83;18/09/2026;06:00;9.2;0;SOLEIL;2;9.4;0
Lyon;45.76;4.83;18/09/2026;07:00;9.2;0;SOLEIL;2;7.2;0
Lyon;45.76;4.83;18/09/2026;08:00;14;0;SOLEIL;2;7.9;0
Lyon;45.76;4.83;18/09/2026;09:00;14;0;SOLEIL;2;8.6;0
Lyon;45.76;4.83;18/09/2026;10:00;14;0;SOLEIL;2;10.8;0
Lyon;45.76;4.83;18/09/2026;11:00;18;0;SOLEIL;3;13.3;0
Lyon;45.76;4.83;18/09/2026;12:00;18;0;SOLEIL;3;16.6;0
Lyon;45.76;4.83;18/09/2026;13:00;18;0;SOLEIL;3;20.2;0
Lyon;45.76;4.83;18/09/2026;14:00;19.1;0;SOLEIL;4;23.0;0
Lyon;45.76;4.83;18/09/2026;15:00;19.1;0;SOLEIL;4;24.5;0
Lyon;45.76;4.83;18/09/2026;16:00;19.1;0;SOLEIL;4;24.5;0
Lyon;45.76;4.83;18/09/2026;17:00;14.6;0;SOLEIL;3;24.5;0
Lyon;45.76;4.83;18/09/2026;18:00;14.6;0;SOLEIL;3;23.8;0
Lyon;45.76;4.83;18/09/2026;19:00;14.6;0;SOLEIL;3;22.7;0
Lyon;45.76;4.83;18/09/2026;20:00;13.2;0;SOLEIL;5;21.2;0
Lyon;45.76;4.83;18/09/2026;21:00;11.8;0;SOLEIL;5;19.1;0
Lyon;45.76;4.83;18/09/2026;22:00;10.4;0;SOLEIL;5;16.2;0
Lyon;45.76;4.83;18/09/2026;23:00;7.9;0;SOLEIL;1;14.8;0
Lyon;45.76;4.83;19/09/2026;00:00;7.9;0;SOLEIL;1;15.1;0
Lyon;45.76;4.83;19/09/2026;01:00;7.9;0;SOLEIL;1;16.2;0
Lyon;45.76;4.83;19/09/2026;02:00;7.9;0;SOLEIL;5;17.3;0
Lyon;45.76;4.83;19/09/2026;03:00;7.9;0;SOLEIL;5;18.0;0
Lyon;45.76;4.83;19/09/2026;04:00;7.9;0;SOLEIL;5;18.4;0
Lyon;45.76;4.83;19/09/2026;05:00;9;0;SOLEIL;1;18.4;0
Lyon;45.76;4.83;19/09/2026;06:00;9;0;SOLEIL;1;18.0;0
Lyon;45.76;4.83;19/09/2026;07:00;9;0;SOLEIL;1;17.6;0
Lyon;45.76;4.83;19/09/2026;08:00;11.3;0;SOLEIL;5;16.9;0
Lyon;45.76;4.83;19/09/2026;09:00;13.0;0;SOLEIL;5;15.5;0
Lyon;45.76;4.83;19/09/2026;10:00;14.7;0;SOLEIL;5;13.3;0
Lyon;45.76;4.83;19/09/2026;11:00;20.7;0;SOLEIL;2;12.6;0
Lyon;45.76;4.83;19/09/2026;12:00;20.7;0;SOLEIL;2;13.7;0
Lyon;45.76;4.83;19/09/2026;13:00;20.7;0;SOLEIL;2;15.8;0
Lyon;45.76;4.83;19/09/2026;14:00;21.4;0;SOLEIL;5;18.4;0
Lyon;45.76;4.83;19/09/2026;15:00;23.1;0;SOLEIL;5;21.6;0
Lyon;45.76;4.83;19/09/2026;16:00;21.4;0;SOLEIL;5;25.2;0
Lyon;45.76;4.83;19/09/2026;17:00;17.9;0;SOLEIL;2;27.4;0
Lyon;45.76;4.83;19/09/2026;18:00;17.9;0;SOLEIL;2;27.0;0
Lyon;45.76;4.83;19/09/2026;19:00;17.9;0;SOLEIL;2;24.8;0
Lyon;45.76;4.83;19/09/2026;20:00;14.7;0;SOLEIL;5;22.7;0
Lyon;45.76;4.83;19/09/2026;21:00;13.0;0;SOLEIL;5;20.2;0
Lyon;45.76;4.83;19/09/2026;22:00;11.3;0;SOLEIL;5;17.3;0
Lyon;45.76;4.83;19/09/2026;23:00;12.1;0;SOLEIL;2;15.8;0
Lyon;45.76;4.83;20/09/2026;00:00;12.1;0;SOLEIL;2;15.4;0
Lyon;45.76;4.83;20/09/2026;01:00;12.1;0;SOLEIL;2;15.7;0
Lyon;45.76;4.83;20/09/2026;02:00;8.5;2;NUAGEUX;5;15.0;0
Lyon;45.76;4.83;20/09/2026;03:00;8.5;2;NUAGEUX;5;13.3;0
Lyon;45.76;4.83;20/09/2026;04:00;8.5;2;NUAGEUX;5;13.0;0
Lyon;45.76;4.83;20/09/2026;05:00;9.6;0;SOLEIL;2;12.6;0
Lyon;45.76;4.83;20/09/2026;06:00;9.6;0;SOLEIL;2;12.2;0
Lyon;45.76;4.83;20/09/2026;07:00;9.6;0;SOLEIL;2;12.2;0
Lyon;45.76;4.83;20/09/2026;08:00;11.7;2;NUAGEUX;5;12.2;0
Lyon;45.76;4.83;20/09/2026;09:00;13.4;2;NUAGEUX;5;11.9;0
Lyon;45.76;4.83;20/09/2026;10:00;15.0;2;NUAGEUX;5;11.9;0
Lyon;45.76;4.83;20/09/2026;11:00;22.2;0;SOLEIL;2;12.2;0
Lyon;45.76;4.83;20/09/2026;12:00;22.2;0;SOLEIL;2;13.7;0
Lyon;45.76;4.83;20/09/2026;13:00;22.2;0;SOLEIL;2;16.2;0
Lyon;45.76;4.83;20/09/2026;14:00;21.5;2;NUAGEUX;5;18.7;0
Lyon;45.76;4.83;20/09/2026;15:00;23.1;2;NUAGEUX;5;22.3;0
Lyon;45.76;4.83;20/09/2026;16:00;21.5;2;NUAGEUX;5;26.3;0
Lyon;45.76;4.83;20/09/2026;17:00;18.4;2;NUAGEUX;2;28.1;0
Lyon;45.76;4.83;20/09/2026;18:00;18.4;2;NUAGEUX;2;26.6;0
Lyon;45.76;4.83;20/09/2026;19:00;18.4;2;NUAGEUX;2;23.8;0
Lyon;45.76;4.83;20/09/2026;20:00;15.0;2;NUAGEUX;5;20.5;0
Lyon;45.76;4.83;20/09/2026;21:00;13.4;2;NUAGEUX;5;18.0;0
Lyon;45.76;4.83;20/09/2026;22:00;11.7;2;NUAGEUX;5;15.5;0
Lyon;45.76;4.83;20/09/2026;23:00;12.4;2;NUAGEUX;3;14.0;0
Bonneval-sur-Arc;45.37;7.04;16/09/2026;00:00;12.1;0;SOLEIL;0;5.0;0
Bonneval-sur-Arc;45.37;7.04;16/09/2026;01:00;12;0;SOLEIL;1;5.0;0
Bonneval-sur-Arc;45.37;7.04;16/09/2026;02:00;11.6;0;SOLEIL;0;4.7;0
Bonneval-sur-Arc;45.37;7.04;16/09/2026;03:00;11.1;0;SOLEIL;1;5.4;0
Bonneval-sur-Arc;45.37;7.04;16/09/2026;04:00;10.6;0;SOLEIL;1;4.3;0
Bonneval-sur-Arc;45.37;7.04;16/09/2026;05:00;9.9;0;SOLEIL;1;5.4;0
Bonneval-sur-Arc;45.37;7.04;16/09/2026;06:00;10;0;SOLEIL;1;5.8;0
Bonneval-sur-Arc;45.37;7.04;16/09/2026;07:00;9.9;0;SOLEIL;1;5.8;0
Bonneval-sur-Arc;45.37;7.04;16/09/2026;08:00;11.7;0;SOLEIL;1;5.8;0
Bonneval-sur-Arc;45.37;7.04;16/09/2026;09:00;14.4;0;SOLEIL;2;8.3;0
Bonneval-sur-Arc;45.37;7.04;16/09/2026;10:00;17.5;0;SOLEIL;3;11.5;0
Bonneval-sur-Arc;45.37;7.04;16/09/2026;11:00;18.4;0;SOLEIL;3;16.2;0
Bonneval-sur-Arc;45.37;7.04;16/09/2026;12:00;18.4;0;SOLEIL;3;18.7;0
Bonneval-sur-Arc;45.37;7.04;16/09/2026;13:00;18.4;6;AVERSES;3;18.4;0.1
Bonneval-sur-Arc;45.37;7.04;16/09/2026;14:00;17.9;6;AVERSES;3;21.2;0.4
Bonneval-sur-Arc;45.37;7.04;16/09/2026;15:00;16.7;10;ORAGEUX;3;22.0;0.2
Bonneval-sur-Arc;45.37;7.04;16/09/2026;16:00;15.3;10;ORAGEUX;2;16.2;0.1
Bonneval-sur-Arc;45.37;7.04;16/09/2026;17:00;14.6;2;NUAGEUX;2;13.3;0
Bonneval-sur-Arc;45.37;7.04;16/09/2026;18:00;14.1;2;NUAGEUX;2;16.9;0
Bonneval-sur-Arc;45.37;7.04;16/09/2026;19:00;13.1;2;NUAGEUX;2;15.8;0
Bonneval-sur-Arc;45.37;7.04;16/09/2026;20:00;12.3;6;AVERSES;2;20.9;0.1
Bonneval-sur-Arc;45.37;7.04;16/09/2026;21:00;11.6;6;AVERSES;2;20.2;0.2
Bonneval-sur-Arc;45.37;7.04;16/09/2026;22:00;11.3;6;AVERSES;2;16.9;0.3
Bonneval-sur-Arc;45.37;7.04;16/09/2026;23:00;11.2;6;AVERSES;2;11.5;0.2
Bonneval-sur-Arc;45.37;7.04;17/09/2026;00:00;11.1;6;AVERSES;1;13.7;0.2
Bonneval-sur-Arc;45.37;7.04;17/09/2026;01:00;11.1;6;AVERSES;1;14.8;0.2
Bonneval-sur-Arc;45.37;7.04;17/09/2026;02:00;10.5;0;SOLEIL;0;13.7;0
Bonneval-sur-Arc;45.37;7.04;17/09/2026;03:00;10.5;0;SOLEIL;0;16.7;0
Bonneval-sur-Arc;45.37;7.04;17/09/2026;04:00;10.5;0;SOLEIL;0;19.6;0
Bonneval-sur-Arc;45.37;7.04;17/09/2026;05:00;10;0;SOLEIL;1;22.5;0
Bonneval-sur-Arc;45.37;7.04;17/09/2026;06:00;10;0;SOLEIL;1;20.9;0
Bonneval-sur-Arc;45.37;7.04;17/09/2026;07:00;10;0;SOLEIL;1;17.6;0
Bonneval-sur-Arc;45.37;7.04;17/09/2026;08:00;14.7;0;SOLEIL;0;14.4;0
Bonneval-sur-Arc;45.37;7.04;17/09/2026;09:00;14.7;0;SOLEIL;0;13.3;0
Bonneval-sur-Arc;45.37;7.04;17/09/2026;10:00;14.7;0;SOLEIL;0;13.3;0
Bonneval-sur-Arc;45.37;7.04;17/09/2026;11:00;17.7;0;SOLEIL;2;15.8;0
Bonneval-sur-Arc;45.37;7.04;17/09/2026;12:00;17.7;0;SOLEIL;2;16.9;0
Bonneval-sur-Arc;45.37;7.04;17/09/2026;13:00;17.7;0;SOLEIL;2;17.6;0
Bonneval-sur-Arc;45.37;7.04;17/09/2026;14:00;17.4;0;SOLEIL;3;19.4;0
Bonneval-sur-Arc;45.37;7.04;17/09/2026;15:00;17.4;0;SOLEIL;3;21.6;0
Bonneval-sur-Arc;45.37;7.04;17/09/2026;16:00;17.4;0;SOLEIL;3;21.6;0
Bonneval-sur-Arc;45.37;7.04;17/09/2026;17:00;13.3;0;SOLEIL;2;20.5;0
Bonneval-sur-Arc;45.37;7.04;17/09/2026;18:00;13.3;0;SOLEIL;2;19.1;0
Bonneval-sur-Arc;45.37;7.04;17/09/2026;19:00;13.3;0;SOLEIL;2;14.8;0
Bonneval-sur-Arc;45.37;7.04;17/09/2026;20:00;11.1;0;SOLEIL;1;15.8;0
Bonneval-sur-Arc;45.37;7.04;17/09/2026;21:00;11.1;0;SOLEIL;1;15.8;0
Bonneval-sur-Arc;45.37;7.04;17/09/2026;22:00;11.1;0;SOLEIL;1;14.8;0
Bonneval-sur-Arc;45.37;7.04;17/09/2026;23:00;10.2;0;SOLEIL;0;13.7;0
Bonneval-sur-Arc;45.37;7.04;18/09/2026;00:00;10.2;0;SOLEIL;0;10.8;0
Bonneval-sur-Arc;45.37;7.04;18/09/2026;01:00;10.2;0;SOLEIL;0;10.4;0
Bonneval-sur-Arc;45.37;7.04;18/09/2026;02:00;9.5;0;SOLEIL;1;9.0;0
Bonneval-sur-Arc;45.37;7.04;18/09/2026;03:00;9.5;0;SOLEIL;1;9.0;0
Bonneval-sur-Arc;45.37;7.04;18/09/2026;04:00;9.5;0;SOLEIL;1;10.8;0
Bonneval-sur-Arc;45.37;7.04;18/09/2026;05:00;8.6;0;SOLEIL;1;13.0;0
Bonneval-sur-Arc;45.37;7.04;18/09/2026;06:00;8.6;0;SOLEIL;1;13.0;0
Bonneval-sur-Arc;45.37;7.04;18/09/2026;07:00;8.6;0;SOLEIL;1;13.0;0
Bonneval-sur-Arc;45.37;7.04;18/09/2026;08:00;12.4;0;SOLEIL;2;11.9;0
Bonneval-sur-Arc;45.37;7.04;18/09/2026;09:00;12.4;0;SOLEIL;2;11.2;0
Bonneval-sur-Arc;45.37;7.04;18/09/2026;10:00;12.4;0;SOLEIL;2;10.8;0
Bonneval-sur-Arc;45.37;7.04;18/09/2026;11:00;16.7;0;SOLEIL;3;10.8;0
Bonneval-sur-Arc;45.37;7.04;18/09/2026;12:00;16.7;0;SOLEIL;3;11.5;0
Bonneval-sur-Arc;45.37;7.04;18/09/2026;13:00;16.7;0;SOLEIL;3;13.0;0
Bonneval-sur-Arc;45.37;7.04;18/09/2026;14:00;14.3;0;SOLEIL;3;14.8;0
Bonneval-sur-Arc;45.37;7.04;18/09/2026;15:00;14.3;0;SOLEIL;3;17.3;0
Bonneval-sur-Arc;45.37;7.04;18/09/2026;16:00;14.3;0;SOLEIL;3;20.5;0
Bonneval-sur-Arc;45.37;7.04;18/09/2026;17:00;12.8;0;SOLEIL;2;22.3;0
Bonneval-sur-Arc;45.37;7.04;18/09/2026;18:00;12.8;0;SOLEIL;2;22.3;0
Bonneval-sur-Arc;45.37;7.04;18/09/2026;19:00;12.8;0;SOLEIL;2;20.9;0
Bonneval-sur-Arc;45.37;7.04;18/09/2026;20:00;12.0;0;SOLEIL;5;18.7;0
Bonneval-sur-Arc;45.37;7.04;18/09/2026;21:00;11.0;0;SOLEIL;5;15.1;0
Bonneval-sur-Arc;45.37;7.04;18/09/2026;22:00;10.0;0;SOLEIL;5;10.4;0
Bonneval-sur-Arc;45.37;7.04;18/09/2026;23:00;9.7;0;SOLEIL;0;6.8;0
Bonneval-sur-Arc;45.37;7.04;19/09/2026;00:00;9.7;0;SOLEIL;0;5.4;0
Bonneval-sur-Arc;45.37;7.04;19/09/2026;01:00;9.7;0;SOLEIL;0;5.0;0
Bonneval-sur-Arc;45.37;7.04;19/09/2026;02:00;4;0;SOLEIL;5;5.0;0
Bonneval-sur-Arc;45.37;7.04;19/09/2026;03:00;4;0;SOLEIL;5;5.0;0
Bonneval-sur-Arc;45.37;7.04;19/09/2026;04:00;4;0;SOLEIL;5;5.4;0
Bonneval-sur-Arc;45.37;7.04;19/09/2026;05:00;5.6;0;SOLEIL;0;5.8;0
Bonneval-sur-Arc;45.37;7.04;19/09/2026;06:00;5.6;0;SOLEIL;0;6.1;0
Bonneval-sur-Arc;45.37;7.04;19/09/2026;07:00;5.6;0;SOLEIL;0;6.8;0
Bonneval-sur-Arc;45.37;7.04;19/09/2026;08:00;7.0;0;SOLEIL;5;7.9;0
Bonneval-sur-Arc;45.37;7.04;19/09/2026;09:00;8.5;0;SOLEIL;5;9.4;0
Bonneval-sur-Arc;45.37;7.04;19/09/2026;10:00;10.0;0;SOLEIL;5;10.8;0
Bonneval-sur-Arc;45.37;7.04;19/09/2026;11:00;17;0;SOLEIL;2;12.6;0
Bonneval-sur-Arc;45.37;7.04;19/09/2026;12:00;17;0;SOLEIL;2;14.8;0
Bonneval-sur-Arc;45.37;7.04;19/09/2026;13:00;17;0;SOLEIL;2;17.3;0
Bonneval-sur-Arc;45.37;7.04;19/09/2026;14:00;15.9;0;SOLEIL;5;20.2;0
Bonneval-sur-Arc;45.37;7.04;19/09/2026;15:00;17.4;0;SOLEIL;5;24.1;0
Bonneval-sur-Arc;45.37;7.04;19/09/2026;16:00;15.9;0;SOLEIL;5;28.1;0
Bonneval-sur-Arc;45.37;7.04;19/09/2026;17:00;10.6;0;SOLEIL;1;29.9;0
Bonneval-sur-Arc;45.37;7.04;19/09/2026;18:00;10.6;0;SOLEIL;1;28.1;0
Bonneval-sur-Arc;45.37;7.04;19/09/2026;19:00;10.6;0;SOLEIL;1;23.8;0
Bonneval-sur-Arc;45.37;7.04;19/09/2026;20:00;10.0;0;SOLEIL;5;20.2;0
Bonneval-sur-Arc;45.37;7.04;19/09/2026;21:00;8.5;0;SOLEIL;5;18.0;0
Bonneval-sur-Arc;45.37;7.04;19/09/2026;22:00;7.0;0;SOLEIL;5;16.2;0
Bonneval-sur-Arc;45.37;7.04;19/09/2026;23:00;8.6;0;SOLEIL;0;14.4;0
Bonneval-sur-Arc;45.37;7.04;20/09/2026;00:00;8.6;0;SOLEIL;0;14.4;0
Bonneval-sur-Arc;45.37;7.04;20/09/2026;01:00;8.6;0;SOLEIL;0;14.9;0
Bonneval-sur-Arc;45.37;7.04;20/09/2026;02:00;5.7;0;SOLEIL;5;16.4;0
Bonneval-sur-Arc;45.37;7.04;20/09/2026;03:00;5.7;0;SOLEIL;5;19.1;0
Bonneval-sur-Arc;45.37;7.04;20/09/2026;04:00;5.7;0;SOLEIL;5;19.4;0
Bonneval-sur-Arc;45.37;7.04;20/09/2026;05:00;6.7;0;SOLEIL;0;20.5;0
Bonneval-sur-Arc;45.37;7.04;20/09/2026;06:00;6.7;0;SOLEIL;0;22.0;0
Bonneval-sur-Arc;45.37;7.04;20/09/2026;07:00;6.7;0;SOLEIL;0;23.8;0
Bonneval-sur-Arc;45.37;7.04;20/09/2026;08:00;8.4;0;SOLEIL;5;25.2;0
Bonneval-sur-Arc;45.37;7.04;20/09/2026;09:00;9.7;0;SOLEIL;5;25.6;0
Bonneval-sur-Arc;45.37;7.04;20/09/2026;10:00;11.1;0;SOLEIL;5;25.2;0
Bonneval-sur-Arc;45.37;7.04;20/09/2026;11:00;17.5;0;SOLEIL;3;25.9;0
Bonneval-sur-Arc;45.37;7.04;20/09/2026;12:00;17.5;0;SOLEIL;3;28.4;0
Bonneval-sur-Arc;45.37;7.04;20/09/2026;13:00;17.5;0;SOLEIL;3;31.7;0
Bonneval-sur-Arc;45.37;7.04;20/09/2026;14:00;16.5;0;SOLEIL;5;33.8;0
Bonneval-sur-Arc;45.37;7.04;20/09/2026;15:00;17.8;0;SOLEIL;5;33.5;0
Bonneval-sur-Arc;45.37;7.04;20/09/2026;16:00;16.5;0;SOLEIL;5;31.7;0
Bonneval-sur-Arc;45.37;7.04;20/09/2026;17:00;10.9;0;SOLEIL;2;29.9;0
Bonneval-sur-Arc;45.37;7.04;20/09/2026;18:00;10.9;0;SOLEIL;2;27.4;0
Bonneval-sur-Arc;45.37;7.04;20/09/2026;19:00;10.9;0;SOLEIL;2;24.5;0
Bonneval-sur-Arc;45.37;7.04;20/09/2026;20:00;11.1;0;SOLEIL;5;23.0;0
Bonneval-sur-Arc;45.37;7.04;20/09/2026;21:00;9.7;0;SOLEIL;5;23.8;0
Bonneval-sur-Arc;45.37;7.04;20/09/2026;22:00;8.4;0;SOLEIL;5;25.9;0
Bonneval-sur-Arc;45.37;7.04;20/09/2026;23:00;8.2;7;PLUIE FAIBLE;3;27.7;0
Chambéry;45.56;5.91;16/09/2026;00:00;18.9;0;SOLEIL;2;12.2;0
Chambéry;45.56;5.91;16/09/2026;01:00;18.6;0;SOLEIL;2;12.6;0
Chambéry;45.56;5.91;16/09/2026;02:00;18;0;SOLEIL;2;11.2;0
Chambéry;45.56;5.91;16/09/2026;03:00;17.7;0;SOLEIL;2;11.5;0
Chambéry;45.56;5.91;16/09/2026;04:00;17.5;0;SOLEIL;2;12.2;0
Chambéry;45.56;5.91;16/09/2026;05:00;16.9;0;SOLEIL;1;11.5;0
Chambéry;45.56;5.91;16/09/2026;06:00;17.1;0;SOLEIL;1;11.9;0
Chambéry;45.56;5.91;16/09/2026;07:00;18.1;0;SOLEIL;4;11.2;0
Chambéry;45.56;5.91;16/09/2026;08:00;20.4;0;SOLEIL;5;10.1;0
Chambéry;45.56;5.91;16/09/2026;09:00;21.6;0;SOLEIL;5;13.0;0
Chambéry;45.56;5.91;16/09/2026;10:00;22.4;0;SOLEIL;5;37.8;0
Chambéry;45.56;5.91;16/09/2026;11:00;22.9;0;SOLEIL;5;43.6;0
Chambéry;45.56;5.91;16/09/2026;12:00;23.2;0;SOLEIL;5;49.0;0
Chambéry;45.56;5.91;16/09/2026;13:00;23.6;2;NUAGEUX;4;45.0;0
Chambéry;45.56;5.91;16/09/2026;14:00;23.5;2;NUAGEUX;5;41.0;0
Chambéry;45.56;5.91;16/09/2026;15:00;22.8;2;NUAGEUX;5;41.4;0
Chambéry;45.56;5.91;16/09/2026;16:00;22.3;2;NUAGEUX;4;37.1;0
Chambéry;45.56;5.91;16/09/2026;17:00;20.5;2;NUAGEUX;4;35.6;0
Chambéry;45.56;5.91;16/09/2026;18:00;18.6;2;NUAGEUX;3;24.1;0
Chambéry;45.56;5.91;16/09/2026;19:00;17.4;2;NUAGEUX;3;22.0;0
Chambéry;45.56;5.91;16/09/2026;20:00;16.7;2;NUAGEUX;2;18.7;0
Chambéry;45.56;5.91;16/09/2026;21:00;16.5;2;NUAGEUX;2;13.3;0
Chambéry;45.56;5.91;16/09/2026;22:00;16.5;0;SOLEIL;2;11.5;0
Chambéry;45.56;5.91;16/09/2026;23:00;16.5;0;SOLEIL;2;11.5;0
Chambéry;45.56;5.91;17/09/2026;00:00;16.2;0;SOLEIL;2;11.2;0
Chambéry;45.56;5.91;17/09/2026;01:00;16.2;0;SOLEIL;2;11.5;0
Chambéry;45.56;5.91;17/09/2026;02:00;16.1;0;SOLEIL;2;11.9;0
Chambéry;45.56;5.91;17/09/2026;03:00;16.1;0;SOLEIL;2;11.4;0
Chambéry;45.56;5.91;17/09/2026;04:00;16.1;0;SOLEIL;2;9.9;0
Chambéry;45.56;5.91;17/09/2026;05:00;16;0;SOLEIL;2;10.0;0
Chambéry;45.56;5.91;17/09/2026;06:00;16;0;SOLEIL;2;8.6;0
Chambéry;45.56;5.91;17/09/2026;07:00;16;0;SOLEIL;2;7.9;0
Chambéry;45.56;5.91;17/09/2026;08:00;18.1;0;SOLEIL;3;7.6;0
Chambéry;45.56;5.91;17/09/2026;09:00;18.1;0;SOLEIL;3;8.6;0
Chambéry;45.56;5.91;17/09/2026;10:00;18.1;0;SOLEIL;3;14.0;0
Chambéry;45.56;5.91;17/09/2026;11:00;20.6;0;SOLEIL;3;21.6;0
Chambéry;45.56;5.91;17/09/2026;12:00;20.6;0;SOLEIL;3;25.2;0
Chambéry;45.56;5.91;17/09/2026;13:00;20.6;0;SOLEIL;3;26.3;0
Chambéry;45.56;5.91;17/09/2026;14:00;21.9;0;SOLEIL;2;31.3;0
Chambéry;45.56;5.91;17/09/2026;15:00;21.9;0;SOLEIL;2;33.1;0
Chambéry;45.56;5.91;17/09/2026;16:00;21.9;0;SOLEIL;2;33.1;0
Chambéry;45.56;5.91;17/09/2026;17:00;19.4;0;SOLEIL;1;31.3;0
Chambéry;45.56;5.91;17/09/2026;18:00;19.4;0;SOLEIL;1;27.0;0
Chambéry;45.56;5.91;17/09/2026;19:00;19.4;0;SOLEIL;1;23.4;0
Chambéry;45.56;5.91;17/09/2026;20:00;16.7;0;SOLEIL;2;17.3;0
Chambéry;45.56;5.91;17/09/2026;21:00;16.7;0;SOLEIL;2;17.3;0
Chambéry;45.56;5.91;17/09/2026;22:00;16.7;0;SOLEIL;2;11.5;0
Chambéry;45.56;5.91;17/09/2026;23:00;15.1;5;SOLEIL VOILÉ;0;5.4;0
Chambéry;45.56;5.91;18/09/2026;00:00;15.1;5;SOLEIL VOILÉ;0;4.0;0
Chambéry;45.56;5.91;18/09/2026;01:00;15.1;5;SOLEIL VOILÉ;0;2.9;0
Chambéry;45.56;5.91;18/09/2026;02:00;14.9;0;SOLEIL;0;4.0;0
Chambéry;45.56;5.91;18/09/2026;03:00;14.9;0;SOLEIL;0;4.0;0
Chambéry;45.56;5.91;18/09/2026;04:00;14.9;0;SOLEIL;0;2.5;0
Chambéry;45.56;5.91;18/09/2026;05:00;13.6;0;SOLEIL;0;5.4;0
Chambéry;45.56;5.91;18/09/2026;06:00;13.6;0;SOLEIL;0;7.2;0
Chambéry;45.56;5.91;18/09/2026;07:00;13.6;0;SOLEIL;0;7.2;0
Chambéry;45.56;5.91;18/09/2026;08:00;18.4;0;SOLEIL;2;5.0;0
Chambéry;45.56;5.91;18/09/2026;09:00;18.4;0;SOLEIL;2;7.9;0
Chambéry;45.56;5.91;18/09/2026;10:00;18.4;0;SOLEIL;2;12.2;0
Chambéry;45.56;5.91;18/09/2026;11:00;22;0;SOLEIL;3;16.2;0
Chambéry;45.56;5.91;18/09/2026;12:00;22;0;SOLEIL;3;19.8;0
Chambéry;45.56;5.91;18/09/2026;13:00;22;0;SOLEIL;3;23.4;0
Chambéry;45.56;5.91;18/09/2026;14:00;23.7;0;SOLEIL;3;25.9;0
Chambéry;45.56;5.91;18/09/2026;15:00;23.7;0;SOLEIL;3;27.7;0
Chambéry;45.56;5.91;18/09/2026;16:00;23.7;0;SOLEIL;3;28.4;0
Chambéry;45.56;5.91;18/09/2026;17:00;19.1;0;SOLEIL;2;28.1;0
Chambéry;45.56;5.91;18/09/2026;18:00;19.1;0;SOLEIL;2;25.6;0
Chambéry;45.56;5.91;18/09/2026;19:00;19.1;0;SOLEIL;2;22.0;0
Chambéry;45.56;5.91;18/09/2026;20:00;18.0;0;SOLEIL;5;18.0;0
Chambéry;45.56;5.91;18/09/2026;21:00;16.8;0;SOLEIL;5;13.7;0
Chambéry;45.56;5.91;18/09/2026;22:00;15.5;0;SOLEIL;5;9.0;0
Chambéry;45.56;5.91;18/09/2026;23:00;14.4;0;SOLEIL;0;5.4;0
Chambéry;45.56;5.91;19/09/2026;00:00;14.4;0;SOLEIL;0;3.6;0
Chambéry;45.56;5.91;19/09/2026;01:00;14.4;0;SOLEIL;0;2.9;0
Chambéry;45.56;5.91;19/09/2026;02:00;9.2;0;SOLEIL;5;2.5;0
Chambéry;45.56;5.91;19/09/2026;03:00;9.2;0;SOLEIL;5;2.5;0
Chambéry;45.56;5.91;19/09/2026;04:00;9.2;0;SOLEIL;5;3.2;0
Chambéry;45.56;5.91;19/09/2026;05:00;10.5;0;SOLEIL;0;3.6;0
Chambéry;45.56;5.91;19/09/2026;06:00;10.5;0;SOLEIL;0;4.0;0
Chambéry;45.56;5.91;19/09/2026;07:00;10.5;0;SOLEIL;0;4.3;0
Chambéry;45.56;5.91;19/09/2026;08:00;12.4;0;SOLEIL;5;5.0;0
Chambéry;45.56;5.91;19/09/2026;09:00;14.0;0;SOLEIL;5;5.4;0
Chambéry;45.56;5.91;19/09/2026;10:00;15.6;0;SOLEIL;5;6.1;0
Chambéry;45.56;5.91;19/09/2026;11:00;21.1;0;SOLEIL;2;7.9;0
Chambéry;45.56;5.91;19/09/2026;12:00;21.1;0;SOLEIL;2;12.2;0
Chambéry;45.56;5.91;19/09/2026;13:00;21.1;0;SOLEIL;2;17.6;0
Chambéry;45.56;5.91;19/09/2026;14:00;22.1;0;SOLEIL;5;21.6;0
Chambéry;45.56;5.91;19/09/2026;15:00;23.7;0;SOLEIL;5;24.1;0
Chambéry;45.56;5.91;19/09/2026;16:00;22.1;0;SOLEIL;5;25.2;0
Chambéry;45.56;5.91;19/09/2026;17:00;18.5;0;SOLEIL;0;24.1;0
Chambéry;45.56;5.91;19/09/2026;18:00;18.5;0;SOLEIL;0;19.4;0
Chambéry;45.56;5.91;19/09/2026;19:00;18.5;0;SOLEIL;0;13.0;0
Chambéry;45.56;5.91;19/09/2026;20:00;15.6;0;SOLEIL;5;7.6;0
Chambéry;45.56;5.91;19/09/2026;21:00;14.0;0;SOLEIL;5;4.7;0
Chambéry;45.56;5.91;19/09/2026;22:00;12.4;0;SOLEIL;5;3.2;0
Chambéry;45.56;5.91;19/09/2026;23:00;12.7;0;SOLEIL;0;2.5;0
Chambéry;45.56;5.91;20/09/2026;00:00;12.7;0;SOLEIL;0;2.0;0
Chambéry;45.56;5.91;20/09/2026;01:00;12.7;0;SOLEIL;0;2.3;0
Chambéry;45.56;5.91;20/09/2026;02:00;10.1;0;SOLEIL;5;2.9;0
Chambéry;45.56;5.91;20/09/2026;03:00;10.1;0;SOLEIL;5;3.2;0
Chambéry;45.56;5.91;20/09/2026;04:00;10.1;0;SOLEIL;5;3.2;0
Chambéry;45.56;5.91;20/09/2026;05:00;11.2;0;SOLEIL;0;3.2;0
Chambéry;45.56;5.91;20/09/2026;06:00;11.2;0;SOLEIL;0;3.2;0
Chambéry;45.56;5.91;20/09/2026;07:00;11.2;0;SOLEIL;0;3.2;0
Chambéry;45.56;5.91;20/09/2026;08:00;13.0;0;SOLEIL;5;4.3;0
Chambéry;45.56;5.91;20/09/2026;09:00;14.4;0;SOLEIL;5;7.2;0
Chambéry;45.56;5.91;20/09/2026;10:00;15.9;0;SOLEIL;5;10.8;0
Chambéry;45.56;5.91;20/09/2026;11:00;22.5;0;SOLEIL;3;13.7;0
Chambéry;45.56;5.91;20/09/2026;12:00;22.5;0;SOLEIL;3;15.5;0
Chambéry;45.56;5.91;20/09/2026;13:00;22.5;0;SOLEIL;3;16.2;0
Chambéry;45.56;5.91;20/09/2026;14:00;21.7;0;SOLEIL;5;16.9;0
Chambéry;45.56;5.91;20/09/2026;15:00;23.1;0;SOLEIL;5;17.6;0
Chambéry;45.56;5.91;20/09/2026;16:00;21.7;0;SOLEIL;5;18.0;0
Chambéry;45.56;5.91;20/09/2026;17:00;18.6;0;SOLEIL;2;17.6;0
Chambéry;45.56;5.91;20/09/2026;18:00;18.6;0;SOLEIL;2;15.5;0
Chambéry;45.56;5.91;20/09/2026;19:00;18.6;0;SOLEIL;2;12.6;0
Chambéry;45.56;5.91;20/09/2026;20:00;15.9;0;SOLEIL;5;9.7;0
Chambéry;45.56;5.91;20/09/2026;21:00;14.4;0;SOLEIL;5;7.6;0
Chambéry;45.56;5.91;20/09/2026;22:00;13.0;0;SOLEIL;5;5.4;0
Chambéry;45.56;5.91;20/09/2026;23:00;13.6;0;SOLEIL;0;4.3;0
Moûtiers;45.48;6.53;16/09/2026;00:00;15.9;0;SOLEIL;1;10.8;0
Moûtiers;45.48;6.53;16/09/2026;01:00;15.6;0;SOLEIL;1;10.8;0
Moûtiers;45.48;6.53;16/09/2026;02:00;15.2;0;SOLEIL;1;9.7;0
Moûtiers;45.48;6.53;16/09/2026;03:00;15;0;SOLEIL;0;7.9;0
Moûtiers;45.48;6.53;16/09/2026;04:00;14.6;0;SOLEIL;0;8.3;0
Moûtiers;45.48;6.53;16/09/2026;05:00;14.5;0;SOLEIL;1;8.3;0
Moûtiers;45.48;6.53;16/09/2026;06:00;14.7;0;SOLEIL;0;8.3;0
Moûtiers;45.48;6.53;16/09/2026;07:00;14.5;0;SOLEIL;1;9.4;0
Moûtiers;45.48;6.53;16/09/2026;08:00;17.4;0;SOLEIL;1;8.3;0
Moûtiers;45.48;6.53;16/09/2026;09:00;21.2;0;SOLEIL;1;8.6;0
Moûtiers;45.48;6.53;16/09/2026;10:00;24.5;0;SOLEIL;3;2.9;0
Moûtiers;45.48;6.53;16/09/2026;11:00;25.9;0;SOLEIL;3;8.3;0
Moûtiers;45.48;6.53;16/09/2026;12:00;25.8;0;SOLEIL;4;14.4;0
Moûtiers;45.48;6.53;16/09/2026;13:00;25.9;0;SOLEIL;5;21.2;0
Moûtiers;45.48;6.53;16/09/2026;14:00;25.4;0;SOLEIL;5;26.6;0
Moûtiers;45.48;6.53;16/09/2026;15:00;24.5;0;SOLEIL;4;27.0;0
Moûtiers;45.48;6.53;16/09/2026;16:00;23.1;0;SOLEIL;4;25.9;0
Moûtiers;45.48;6.53;16/09/2026;17:00;21.4;0;SOLEIL;3;24.1;0
Moûtiers;45.48;6.53;16/09/2026;18:00;19.5;6;AVERSES;3;19.4;0.1
Moûtiers;45.48;6.53;16/09/2026;19:00;18.4;2;NUAGEUX;2;16.6;0
Moûtiers;45.48;6.53;16/09/2026;20:00;17.6;2;NUAGEUX;2;11.5;0
Moûtiers;45.48;6.53;16/09/2026;21:00;17;2;NUAGEUX;1;9.7;0
Moûtiers;45.48;6.53;16/09/2026;22:00;16.6;6;AVERSES;1;12.2;0.1
Moûtiers;45.48;6.53;16/09/2026;23:00;16.5;2;NUAGEUX;0;12.2;0
Moûtiers;45.48;6.53;17/09/2026;00:00;16.1;6;AVERSES;0;11.2;0.1
Moûtiers;45.48;6.53;17/09/2026;01:00;16.1;6;AVERSES;0;7.6;0.1
Moûtiers;45.48;6.53;17/09/2026;02:00;14.2;6;AVERSES;1;4.0;0
Moûtiers;45.48;6.53;17/09/2026;03:00;14.2;6;AVERSES;1;5.9;0
Moûtiers;45.48;6.53;17/09/2026;04:00;14.2;6;AVERSES;1;3.4;0
Moûtiers;45.48;6.53;17/09/2026;05:00;13.2;2;NUAGEUX;1;3.1;0
Moûtiers;45.48;6.53;17/09/2026;06:00;13.2;2;NUAGEUX;1;4.0;0
Moûtiers;45.48;6.53;17/09/2026;07:00;13.2;2;NUAGEUX;1;2.9;0
Moûtiers;45.48;6.53;17/09/2026;08:00;16.5;0;SOLEIL;0;2.2;0
Moûtiers;45.48;6.53;17/09/2026;09:00;16.5;0;SOLEIL;0;4.7;0
Moûtiers;45.48;6.53;17/09/2026;10:00;16.5;0;SOLEIL;0;9.7;0
Moûtiers;45.48;6.53;17/09/2026;11:00;20;0;SOLEIL;1;13.3;0
Moûtiers;45.48;6.53;17/09/2026;12:00;20;0;SOLEIL;1;16.6;0
Moûtiers;45.48;6.53;17/09/2026;13:00;20;0;SOLEIL;1;18.7;0
Moûtiers;45.48;6.53;17/09/2026;14:00;20.9;0;SOLEIL;1;17.3;0
Moûtiers;45.48;6.53;17/09/2026;15:00;20.9;0;SOLEIL;1;22.0;0
Moûtiers;45.48;6.53;17/09/2026;16:00;20.9;0;SOLEIL;1;22.0;0
Moûtiers;45.48;6.53;17/09/2026;17:00;16.9;0;SOLEIL;0;21.2;0
Moûtiers;45.48;6.53;17/09/2026;18:00;16.9;0;SOLEIL;0;16.6;0
Moûtiers;45.48;6.53;17/09/2026;19:00;16.9;0;SOLEIL;0;12.2;0
Moûtiers;45.48;6.53;17/09/2026;20:00;15.1;0;SOLEIL;0;9.0;0
Moûtiers;45.48;6.53;17/09/2026;21:00;15.1;0;SOLEIL;0;8.3;0
Moûtiers;45.48;6.53;17/09/2026;22:00;15.1;0;SOLEIL;0;5.0;0
Moûtiers;45.48;6.53;17/09/2026;23:00;13.5;0;SOLEIL;0;4.3;0
Moûtiers;45.48;6.53;18/09/2026;00:00;13.5;0;SOLEIL;0;2.9;0
Moûtiers;45.48;6.53;18/09/2026;01:00;13.5;0;SOLEIL;0;2.5;0
Moûtiers;45.48;6.53;18/09/2026;02:00;13.6;0;SOLEIL;0;3.6;0
Moûtiers;45.48;6.53;18/09/2026;03:00;13.6;0;SOLEIL;0;2.9;0
Moûtiers;45.48;6.53;18/09/2026;04:00;13.6;0;SOLEIL;0;2.2;0
Moûtiers;45.48;6.53;18/09/2026;05:00;11.4;0;SOLEIL;0;2.9;0
Moûtiers;45.48;6.53;18/09/2026;06:00;11.4;0;SOLEIL;0;2.5;0
Moûtiers;45.48;6.53;18/09/2026;07:00;11.4;0;SOLEIL;0;3.2;0
Moûtiers;45.48;6.53;18/09/2026;08:00;16;0;SOLEIL;1;6.1;0
Moûtiers;45.48;6.53;18/09/2026;09:00;16;0;SOLEIL;1;7.6;0
Moûtiers;45.48;6.53;18/09/2026;10:00;16;0;SOLEIL;1;9.4;0
Moûtiers;45.48;6.53;18/09/2026;11:00;21.7;0;SOLEIL;0;11.5;0
Moûtiers;45.48;6.53;18/09/2026;12:00;21.7;0;SOLEIL;0;15.5;0
Moûtiers;45.48;6.53;18/09/2026;13:00;21.7;0;SOLEIL;0;19.8;0
Moûtiers;45.48;6.53;18/09/2026;14:00;21.4;0;SOLEIL;2;22.7;0
Moûtiers;45.48;6.53;18/09/2026;15:00;21.4;0;SOLEIL;2;23.4;0
Moûtiers;45.48;6.53;18/09/2026;16:00;21.4;0;SOLEIL;2;22.7;0
Moûtiers;45.48;6.53;18/09/2026;17:00;16.9;0;SOLEIL;0;20.5;0
Moûtiers;45.48;6.53;18/09/2026;18:00;16.9;0;SOLEIL;0;16.6;0
Moûtiers;45.48;6.53;18/09/2026;19:00;16.9;0;SOLEIL;0;10.8;0
Moûtiers;45.48;6.53;18/09/2026;20:00;16.1;0;SOLEIL;5;6.8;0
Moûtiers;45.48;6.53;18/09/2026;21:00;14.8;0;SOLEIL;5;5.0;0
Moûtiers;45.48;6.53;18/09/2026;22:00;13.5;0;SOLEIL;5;4.7;0
Moûtiers;45.48;6.53;18/09/2026;23:00;12.6;0;SOLEIL;0;4.7;0
Moûtiers;45.48;6.53;19/09/2026;00:00;12.6;0;SOLEIL;0;4.7;0
Moûtiers;45.48;6.53;19/09/2026;01:00;12.6;0;SOLEIL;0;5.0;0
Moûtiers;45.48;6.53;19/09/2026;02:00;8.4;0;SOLEIL;5;5.0;0
Moûtiers;45.48;6.53;19/09/2026;03:00;8.4;0;SOLEIL;5;4.7;0
Moûtiers;45.48;6.53;19/09/2026;04:00;8.4;0;SOLEIL;5;3.6;0
Moûtiers;45.48;6.53;19/09/2026;05:00;9.2;0;SOLEIL;1;3.2;0
Moûtiers;45.48;6.53;19/09/2026;06:00;9.2;0;SOLEIL;1;3.2;0
Moûtiers;45.48;6.53;19/09/2026;07:00;9.2;0;SOLEIL;1;3.2;0
Moûtiers;45.48;6.53;19/09/2026;08:00;11.8;0;SOLEIL;5;3.6;0
Moûtiers;45.48;6.53;19/09/2026;09:00;13.4;0;SOLEIL;5;4.3;0
Moûtiers;45.48;6.53;19/09/2026;10:00;15.1;0;SOLEIL;5;5.4;0
Moûtiers;45.48;6.53;19/09/2026;11:00;22.1;0;SOLEIL;2;7.6;0
Moûtiers;45.48;6.53;19/09/2026;12:00;22.1;0;SOLEIL;2;12.2;0
Moûtiers;45.48;6.53;19/09/2026;13:00;22.1;0;SOLEIL;2;18.4;0
Moûtiers;45.48;6.53;19/09/2026;14:00;21.8;0;SOLEIL;5;22.3;0
Moûtiers;45.48;6.53;19/09/2026;15:00;23.5;0;SOLEIL;5;23.0;0
Moûtiers;45.48;6.53;19/09/2026;16:00;21.8;0;SOLEIL;5;22.0;0
Moûtiers;45.48;6.53;19/09/2026;17:00;18.6;0;SOLEIL;0;19.8;0
Moûtiers;45.48;6.53;19/09/2026;18:00;18.6;0;SOLEIL;0;16.6;0
Moûtiers;45.48;6.53;19/09/2026;19:00;18.6;0;SOLEIL;0;12.2;0
Moûtiers;45.48;6.53;19/09/2026;20:00;15.1;0;SOLEIL;5;8.3;0
Moûtiers;45.48;6.53;19/09/2026;21:00;13.4;0;SOLEIL;5;5.4;0
Moûtiers;45.48;6.53;19/09/2026;22:00;11.8;0;SOLEIL;5;3.2;0
Moûtiers;45.48;6.53;19/09/2026;23:00;13.4;0;SOLEIL;1;1.8;0
Moûtiers;45.48;6.53;20/09/2026;00:00;13.4;0;SOLEIL;1;4.0;0
Moûtiers;45.48;6.53;20/09/2026;01:00;13.4;0;SOLEIL;1;8.1;0
Moûtiers;45.48;6.53;20/09/2026;02:00;10.4;0;SOLEIL;5;12.1;0
Moûtiers;45.48;6.53;20/09/2026;03:00;10.4;0;SOLEIL;5;15.5;0
Moûtiers;45.48;6.53;20/09/2026;04:00;10.4;0;SOLEIL;5;15.5;0
Moûtiers;45.48;6.53;20/09/2026;05:00;11.1;0;SOLEIL;1;15.5;0
Moûtiers;45.48;6.53;20/09/2026;06:00;11.1;0;SOLEIL;1;15.1;0
Moûtiers;45.48;6.53;20/09/2026;07:00;11.1;0;SOLEIL;1;14.8;0
Moûtiers;45.48;6.53;20/09/2026;08:00;13.4;0;SOLEIL;5;14.4;0
Moûtiers;45.48;6.53;20/09/2026;09:00;14.8;0;SOLEIL;5;13.7;0
Moûtiers;45.48;6.53;20/09/2026;10:00;16.3;0;SOLEIL;5;12.6;0
Moûtiers;45.48;6.53;20/09/2026;11:00;23.2;0;SOLEIL;2;13.0;0
Moûtiers;45.48;6.53;20/09/2026;12:00;23.2;0;SOLEIL;2;15.1;0
Moûtiers;45.48;6.53;20/09/2026;13:00;23.2;0;SOLEIL;2;18.7;0
Moûtiers;45.48;6.53;20/09/2026;14:00;22.2;0;SOLEIL;5;21.2;0
Moûtiers;45.48;6.53;20/09/2026;15:00;23.7;0;SOLEIL;5;22.7;0
Moûtiers;45.48;6.53;20/09/2026;16:00;22.2;0;SOLEIL;5;23.0;0
Moûtiers;45.48;6.53;20/09/2026;17:00;19.4;0;SOLEIL;1;22.3;0
Moûtiers;45.48;6.53;20/09/2026;18:00;19.4;0;SOLEIL;1;19.4;0
Moûtiers;45.48;6.53;20/09/2026;19:00;19.4;0;SOLEIL;1;15.5;0
Moûtiers;45.48;6.53;20/09/2026;20:00;16.3;0;SOLEIL;5;13.3;0
Moûtiers;45.48;6.53;20/09/2026;21:00;14.8;0;SOLEIL;5;14.4;0
Moûtiers;45.48;6.53;20/09/2026;22:00;13.4;0;SOLEIL;5;17.3;0
Moûtiers;45.48;6.53;20/09/2026;23:00;14;0;SOLEIL;1;19.1;0
Annecy;45.9;6.12;16/09/2026;00:00;18.4;0;SOLEIL;4;9.7;0
Annecy;45.9;6.12;16/09/2026;01:00;17.9;0;SOLEIL;3;8.6;0
Annecy;45.9;6.12;16/09/2026;02:00;17.2;0;SOLEIL;3;7.9;0
Annecy;45.9;6.12;16/09/2026;03:00;17.1;0;SOLEIL;3;9.0;0
Annecy;45.9;6.12;16/09/2026;04:00;17;0;SOLEIL;2;9.0;0
Annecy;45.9;6.12;16/09/2026;05:00;16.5;0;SOLEIL;1;6.1;0
Annecy;45.9;6.12;16/09/2026;06:00;16.3;0;SOLEIL;0;7.9;0
Annecy;45.9;6.12;16/09/2026;07:00;18.1;0;SOLEIL;1;6.1;0
Annecy;45.9;6.12;16/09/2026;08:00;20.7;0;SOLEIL;4;5.4;0
Annecy;45.9;6.12;16/09/2026;09:00;22.1;0;SOLEIL;4;4.7;0
Annecy;45.9;6.12;16/09/2026;10:00;22.6;0;SOLEIL;4;34.2;0
Annecy;45.9;6.12;16/09/2026;11:00;23.5;2;NUAGEUX;4;35.6;0
Annecy;45.9;6.12;16/09/2026;12:00;24;2;NUAGEUX;4;37.1;0
Annecy;45.9;6.12;16/09/2026;13:00;24.5;2;NUAGEUX;4;36.4;0
Annecy;45.9;6.12;16/09/2026;14:00;24.2;2;NUAGEUX;4;29.5;0
Annecy;45.9;6.12;16/09/2026;15:00;22.1;6;AVERSES;4;27.4;0.1
Annecy;45.9;6.12;16/09/2026;16:00;20.8;6;AVERSES;3;25.6;0.3
Annecy;45.9;6.12;16/09/2026;17:00;19.7;2;NUAGEUX;3;27.4;0
Annecy;45.9;6.12;16/09/2026;18:00;19.1;2;NUAGEUX;2;13.7;0
Annecy;45.9;6.12;16/09/2026;19:00;18;2;NUAGEUX;2;10.8;0
Annecy;45.9;6.12;16/09/2026;20:00;17.3;2;NUAGEUX;1;10.1;0
Annecy;45.9;6.12;16/09/2026;21:00;17.1;2;NUAGEUX;1;7.9;0
Annecy;45.9;6.12;16/09/2026;22:00;17.1;2;NUAGEUX;2;7.6;0
Annecy;45.9;6.12;16/09/2026;23:00;17;6;AVERSES;1;7.6;0.1
Annecy;45.9;6.12;17/09/2026;00:00;16.1;0;SOLEIL;1;6.8;0
Annecy;45.9;6.12;17/09/2026;01:00;16.1;0;SOLEIL;1;7.6;0
Annecy;45.9;6.12;17/09/2026;02:00;14.6;0;SOLEIL;1;6.8;0
Annecy;45.9;6.12;17/09/2026;03:00;14.6;0;SOLEIL;1;5.0;0
Annecy;45.9;6.12;17/09/2026;04:00;14.6;0;SOLEIL;1;4.9;0
Annecy;45.9;6.12;17/09/2026;05:00;15.2;0;SOLEIL;1;5.0;0
Annecy;45.9;6.12;17/09/2026;06:00;15.2;0;SOLEIL;1;4.7;0
Annecy;45.9;6.12;17/09/2026;07:00;15.2;0;SOLEIL;1;2.9;0
Annecy;45.9;6.12;17/09/2026;08:00;18;0;SOLEIL;3;2.9;0
Annecy;45.9;6.12;17/09/2026;09:00;18;0;SOLEIL;3;5.4;0
Annecy;45.9;6.12;17/09/2026;10:00;18;0;SOLEIL;3;11.9;0
Annecy;45.9;6.12;17/09/2026;11:00;20.4;0;SOLEIL;3;19.4;0
Annecy;45.9;6.12;17/09/2026;12:00;20.4;0;SOLEIL;3;24.8;0
Annecy;45.9;6.12;17/09/2026;13:00;20.4;0;SOLEIL;3;28.1;0
Annecy;45.9;6.12;17/09/2026;14:00;21.6;0;SOLEIL;2;30.6;0
Annecy;45.9;6.12;17/09/2026;15:00;21.6;0;SOLEIL;2;32.0;0
Annecy;45.9;6.12;17/09/2026;16:00;21.6;0;SOLEIL;2;31.7;0
Annecy;45.9;6.12;17/09/2026;17:00;19.5;5;SOLEIL VOILÉ;2;29.2;0
Annecy;45.9;6.12;17/09/2026;18:00;19.5;5;SOLEIL VOILÉ;2;25.6;0
Annecy;45.9;6.12;17/09/2026;19:00;19.5;5;SOLEIL VOILÉ;2;22.7;0
Annecy;45.9;6.12;17/09/2026;20:00;16;5;SOLEIL VOILÉ;1;16.2;0
Annecy;45.9;6.12;17/09/2026;21:00;16;5;SOLEIL VOILÉ;1;11.5;0
Annecy;45.9;6.12;17/09/2026;22:00;16;5;SOLEIL VOILÉ;1;6.8;0
Annecy;45.9;6.12;17/09/2026;23:00;14.1;5;SOLEIL VOILÉ;2;2.2;0
Annecy;45.9;6.12;18/09/2026;00:00;14.1;5;SOLEIL VOILÉ;2;5.4;0
Annecy;45.9;6.12;18/09/2026;01:00;14.1;5;SOLEIL VOILÉ;2;7.2;0
Annecy;45.9;6.12;18/09/2026;02:00;13.1;0;SOLEIL;2;7.2;0
Annecy;45.9;6.12;18/09/2026;03:00;13.1;0;SOLEIL;2;7.2;0
Annecy;45.9;6.12;18/09/2026;04:00;13.1;0;SOLEIL;2;6.8;0
Annecy;45.9;6.12;18/09/2026;05:00;12.9;0;SOLEIL;2;8.6;0
Annecy;45.9;6.12;18/09/2026;06:00;12.9;0;SOLEIL;2;9.0;0
Annecy;45.9;6.12;18/09/2026;07:00;12.9;0;SOLEIL;2;4.7;0
Annecy;45.9;6.12;18/09/2026;08:00;18.1;0;SOLEIL;1;7.2;0
Annecy;45.9;6.12;18/09/2026;09:00;18.1;0;SOLEIL;1;7.9;0
Annecy;45.9;6.12;18/09/2026;10:00;18.1;0;SOLEIL;1;9.7;0
Annecy;45.9;6.12;18/09/2026;11:00;21.6;0;SOLEIL;2;11.9;0
Annecy;45.9;6.12;18/09/2026;12:00;21.6;0;SOLEIL;2;15.5;0
Annecy;45.9;6.12;18/09/2026;13:00;21.6;0;SOLEIL;2;19.4;0
Annecy;45.9;6.12;18/09/2026;14:00;22.9;0;SOLEIL;3;23.0;0
Annecy;45.9;6.12;18/09/2026;15:00;22.9;0;SOLEIL;3;25.9;0
Annecy;45.9;6.12;18/09/2026;16:00;22.9;0;SOLEIL;3;28.1;0
Annecy;45.9;6.12;18/09/2026;17:00;19.5;0;SOLEIL;2;28.4;0
Annecy;45.9;6.12;18/09/2026;18:00;19.5;0;SOLEIL;2;25.9;0
Annecy;45.9;6.12;18/09/2026;19:00;19.5;0;SOLEIL;2;21.6;0
Annecy;45.9;6.12;18/09/2026;20:00;17.2;0;SOLEIL;5;16.9;0
Annecy;45.9;6.12;18/09/2026;21:00;15.9;0;SOLEIL;5;12.2;0
Annecy;45.9;6.12;18/09/2026;22:00;14.7;0;SOLEIL;5;7.6;0
Annecy;45.9;6.12;18/09/2026;23:00;12.5;0;SOLEIL;0;4.7;0
Annecy;45.9;6.12;19/09/2026;00:00;12.5;0;SOLEIL;0;4.3;0
Annecy;45.9;6.12;19/09/2026;01:00;12.5;0;SOLEIL;0;5.8;0
Annecy;45.9;6.12;19/09/2026;02:00;9.4;0;SOLEIL;5;6.8;0
Annecy;45.9;6.12;19/09/2026;03:00;9.4;0;SOLEIL;5;7.6;0
Annecy;45.9;6.12;19/09/2026;04:00;9.4;0;SOLEIL;5;7.9;0
Annecy;45.9;6.12;19/09/2026;05:00;10.6;0;SOLEIL;0;8.3;0
Annecy;45.9;6.12;19/09/2026;06:00;10.6;0;SOLEIL;0;7.9;0
Annecy;45.9;6.12;19/09/2026;07:00;10.6;0;SOLEIL;0;6.8;0
Annecy;45.9;6.12;19/09/2026;08:00;12.3;0;SOLEIL;5;6.8;0
Annecy;45.9;6.12;19/09/2026;09:00;13.8;0;SOLEIL;5;7.9;0
Annecy;45.9;6.12;19/09/2026;10:00;15.3;0;SOLEIL;5;9.7;0
Annecy;45.9;6.12;19/09/2026;11:00;19.6;0;SOLEIL;2;11.5;0
Annecy;45.9;6.12;19/09/2026;12:00;19.6;0;SOLEIL;2;13.3;0
Annecy;45.9;6.12;19/09/2026;13:00;19.6;0;SOLEIL;2;14.8;0
Annecy;45.9;6.12;19/09/2026;14:00;21.1;0;SOLEIL;5;16.2;0
Annecy;45.9;6.12;19/09/2026;15:00;22.6;0;SOLEIL;5;17.6;0
Annecy;45.9;6.12;19/09/2026;16:00;21.1;0;SOLEIL;5;19.1;0
Annecy;45.9;6.12;19/09/2026;17:00;17.7;0;SOLEIL;1;19.1;0
Annecy;45.9;6.12;19/09/2026;18:00;17.7;0;SOLEIL;1;16.2;0
Annecy;45.9;6.12;19/09/2026;19:00;17.7;0;SOLEIL;1;11.9;0
Annecy;45.9;6.12;19/09/2026;20:00;15.3;0;SOLEIL;5;8.3;0
Annecy;45.9;6.12;19/09/2026;21:00;13.8;0;SOLEIL;5;6.8;0
Annecy;45.9;6.12;19/09/2026;22:00;12.3;0;SOLEIL;5;6.1;0
Annecy;45.9;6.12;19/09/2026;23:00;13.4;0;SOLEIL;0;6.1;0
Annecy;45.9;6.12;20/09/2026;00:00;13.4;0;SOLEIL;0;6.7;0
Annecy;45.9;6.12;20/09/2026;01:00;13.4;0;SOLEIL;0;7.6;0
Annecy;45.9;6.12;20/09/2026;02:00;10.2;0;SOLEIL;5;8.4;0
Annecy;45.9;6.12;20/09/2026;03:00;10.2;0;SOLEIL;5;9.0;0
Annecy;45.9;6.12;20/09/2026;04:00;10.2;0;SOLEIL;5;10.1;0
Annecy;45.9;6.12;20/09/2026;05:00;11.5;0;SOLEIL;0;10.4;0
Annecy;45.9;6.12;20/09/2026;06:00;11.5;0;SOLEIL;0;10.1;0
Annecy;45.9;6.12;20/09/2026;07:00;11.5;0;SOLEIL;0;9.7;0
Annecy;45.9;6.12;20/09/2026;08:00;12.6;0;SOLEIL;5;9.7;0
Annecy;45.9;6.12;20/09/2026;09:00;13.8;0;SOLEIL;5;11.2;0
Annecy;45.9;6.12;20/09/2026;10:00;15.0;0;SOLEIL;5;13.0;0
Annecy;45.9;6.12;20/09/2026;11:00;20.4;0;SOLEIL;3;14.8;0
Annecy;45.9;6.12;20/09/2026;12:00;20.4;0;SOLEIL;3;15.8;0
Annecy;45.9;6.12;20/09/2026;13:00;20.4;0;SOLEIL;3;16.9;0
Annecy;45.9;6.12;20/09/2026;14:00;19.7;0;SOLEIL;5;17.6;0
Annecy;45.9;6.12;20/09/2026;15:00;20.9;0;SOLEIL;5;18.0;0
Annecy;45.9;6.12;20/09/2026;16:00;19.7;0;SOLEIL;5;18.0;0
Annecy;45.9;6.12;20/09/2026;17:00;17.9;0;SOLEIL;2;16.9;0
Annecy;45.9;6.12;20/09/2026;18:00;17.9;0;SOLEIL;2;14.4;0
Annecy;45.9;6.12;20/09/2026;19:00;17.9;0;SOLEIL;2;11.2;0
Annecy;45.9;6.12;20/09/2026;20:00;15.0;0;SOLEIL;5;9.0;0
Annecy;45.9;6.12;20/09/2026;21:00;13.8;0;SOLEIL;5;9.0;0
Annecy;45.9;6.12;20/09/2026;22:00;12.6;0;SOLEIL;5;9.7;0
Annecy;45.9;6.12;20/09/2026;23:00;12.9;0;SOLEIL;2;10.4;0
Chamonix;45.92;6.86;16/09/2026;00:00;11.2;0;SOLEIL;0;2.9;0
Chamonix;45.92;6.86;16/09/2026;01:00;11.2;0;SOLEIL;0;6.1;0
Chamonix;45.92;6.86;16/09/2026;02:00;10.9;0;SOLEIL;0;4.3;0
Chamonix;45.92;6.86;16/09/2026;03:00;10.5;0;SOLEIL;0;4.3;0
Chamonix;45.92;6.86;16/09/2026;04:00;10.6;0;SOLEIL;0;2.9;0
Chamonix;45.92;6.86;16/09/2026;05:00;10.6;0;SOLEIL;0;3.6;0
Chamonix;45.92;6.86;16/09/2026;06:00;9.8;0;SOLEIL;0;1.8;0
Chamonix;45.92;6.86;16/09/2026;07:00;10.9;0;SOLEIL;0;1.4;0
Chamonix;45.92;6.86;16/09/2026;08:00;11.2;0;SOLEIL;0;2.5;0
Chamonix;45.92;6.86;16/09/2026;09:00;14.9;0;SOLEIL;0;6.8;0
Chamonix;45.92;6.86;16/09/2026;10:00;19.4;0;SOLEIL;2;9.4;0
Chamonix;45.92;6.86;16/09/2026;11:00;20.5;0;SOLEIL;2;14.0;0
Chamonix;45.92;6.86;16/09/2026;12:00;20.1;2;NUAGEUX;3;16.2;0
Chamonix;45.92;6.86;16/09/2026;13:00;19.4;6;AVERSES;3;22.0;0.2
Chamonix;45.92;6.86;16/09/2026;14:00;18.7;6;AVERSES;3;26.6;0.4
Chamonix;45.92;6.86;16/09/2026;15:00;18;6;AVERSES;3;26.6;0.3
Chamonix;45.92;6.86;16/09/2026;16:00;17.5;6;AVERSES;2;26.3;0.1
Chamonix;45.92;6.86;16/09/2026;17:00;16;6;AVERSES;2;24.8;0.2
Chamonix;45.92;6.86;16/09/2026;18:00;14.9;6;AVERSES;2;22.3;0.2
Chamonix;45.92;6.86;16/09/2026;19:00;14;6;AVERSES;0;20.2;0.2
Chamonix;45.92;6.86;16/09/2026;20:00;12.8;6;AVERSES;2;18.7;0.1
Chamonix;45.92;6.86;16/09/2026;21:00;12.4;6;AVERSES;2;19.8;0.2
Chamonix;45.92;6.86;16/09/2026;22:00;12.2;6;AVERSES;1;19.8;0.1
Chamonix;45.92;6.86;16/09/2026;23:00;12.4;2;NUAGEUX;1;17.6;0
Chamonix;45.92;6.86;17/09/2026;00:00;12.4;2;NUAGEUX;1;16.9;0
Chamonix;45.92;6.86;17/09/2026;01:00;12.4;2;NUAGEUX;1;16.2;0
Chamonix;45.92;6.86;17/09/2026;02:00;10.6;0;SOLEIL;0;11.9;0
Chamonix;45.92;6.86;17/09/2026;03:00;10.6;0;SOLEIL;0;6.9;0
Chamonix;45.92;6.86;17/09/2026;04:00;10.6;0;SOLEIL;0;6.1;0
Chamonix;45.92;6.86;17/09/2026;05:00;9.7;2;NUAGEUX;2;8.0;0
Chamonix;45.92;6.86;17/09/2026;06:00;9.7;2;NUAGEUX;2;7.9;0
Chamonix;45.92;6.86;17/09/2026;07:00;9.7;2;NUAGEUX;2;7.6;0
Chamonix;45.92;6.86;17/09/2026;08:00;12.5;0;SOLEIL;1;4.0;0
Chamonix;45.92;6.86;17/09/2026;09:00;12.5;0;SOLEIL;1;4.7;0
Chamonix;45.92;6.86;17/09/2026;10:00;12.5;0;SOLEIL;1;12.2;0
Chamonix;45.92;6.86;17/09/2026;11:00;17.5;0;SOLEIL;2;13.3;0
Chamonix;45.92;6.86;17/09/2026;12:00;17.5;0;SOLEIL;2;18.4;0
Chamonix;45.92;6.86;17/09/2026;13:00;17.5;0;SOLEIL;2;18.4;0
Chamonix;45.92;6.86;17/09/2026;14:00;17.5;2;NUAGEUX;2;21.2;0
Chamonix;45.92;6.86;17/09/2026;15:00;17.5;2;NUAGEUX;2;21.6;0
Chamonix;45.92;6.86;17/09/2026;16:00;17.5;2;NUAGEUX;2;20.9;0
Chamonix;45.92;6.86;17/09/2026;17:00;13.6;2;NUAGEUX;1;21.2;0
Chamonix;45.92;6.86;17/09/2026;18:00;13.6;2;NUAGEUX;1;18.0;0
Chamonix;45.92;6.86;17/09/2026;19:00;13.6;2;NUAGEUX;1;13.0;0
Chamonix;45.92;6.86;17/09/2026;20:00;10.6;0;SOLEIL;0;11.5;0
Chamonix;45.92;6.86;17/09/2026;21:00;10.6;0;SOLEIL;0;8.6;0
Chamonix;45.92;6.86;17/09/2026;22:00;10.6;0;SOLEIL;0;6.8;0
Chamonix;45.92;6.86;17/09/2026;23:00;10.1;2;NUAGEUX;0;6.1;0
Chamonix;45.92;6.86;18/09/2026;00:00;10.1;2;NUAGEUX;0;5.0;0
Chamonix;45.92;6.86;18/09/2026;01:00;10.1;2;NUAGEUX;0;2.9;0
Chamonix;45.92;6.86;18/09/2026;02:00;9.1;0;SOLEIL;0;3.6;0
Chamonix;45.92;6.86;18/09/2026;03:00;9.1;0;SOLEIL;0;4.0;0
Chamonix;45.92;6.86;18/09/2026;04:00;9.1;0;SOLEIL;0;6.1;0
Chamonix;45.92;6.86;18/09/2026;05:00;8.1;0;SOLEIL;2;5.0;0
Chamonix;45.92;6.86;18/09/2026;06:00;8.1;0;SOLEIL;2;6.5;0
Chamonix;45.92;6.86;18/09/2026;07:00;8.1;0;SOLEIL;2;12.2;0
Chamonix;45.92;6.86;18/09/2026;08:00;11.1;0;SOLEIL;1;11.9;0
Chamonix;45.92;6.86;18/09/2026;09:00;11.1;0;SOLEIL;1;12.6;0
Chamonix;45.92;6.86;18/09/2026;10:00;11.1;0;SOLEIL;1;12.6;0
Chamonix;45.92;6.86;18/09/2026;11:00;17.5;0;SOLEIL;2;13.7;0
Chamonix;45.92;6.86;18/09/2026;12:00;17.5;0;SOLEIL;2;16.6;0
Chamonix;45.92;6.86;18/09/2026;13:00;17.5;0;SOLEIL;2;20.2;0
Chamonix;45.92;6.86;18/09/2026;14:00;16.9;0;SOLEIL;2;22.3;0
Chamonix;45.92;6.86;18/09/2026;15:00;16.9;0;SOLEIL;2;22.0;0
Chamonix;45.92;6.86;18/09/2026;16:00;16.9;0;SOLEIL;2;19.8;0
Chamonix;45.92;6.86;18/09/2026;17:00;12.9;0;SOLEIL;1;17.6;0
Chamonix;45.92;6.86;18/09/2026;18:00;12.9;0;SOLEIL;1;14.8;0
Chamonix;45.92;6.86;18/09/2026;19:00;12.9;0;SOLEIL;1;11.9;0
Chamonix;45.92;6.86;18/09/2026;20:00;12.4;0;SOLEIL;5;9.4;0
Chamonix;45.92;6.86;18/09/2026;21:00;11.2;0;SOLEIL;5;7.9;0
Chamonix;45.92;6.86;18/09/2026;22:00;10.0;0;SOLEIL;5;6.8;0
Chamonix;45.92;6.86;18/09/2026;23:00;8.1;6;AVERSES;1;6.8;0
Chamonix;45.92;6.86;19/09/2026;00:00;8.1;6;AVERSES;1;7.9;0
Chamonix;45.92;6.86;19/09/2026;01:00;8.1;6;AVERSES;1;9.7;0
Chamonix;45.92;6.86;19/09/2026;02:00;4.6;0;SOLEIL;5;11.2;0
Chamonix;45.92;6.86;19/09/2026;03:00;4.6;0;SOLEIL;5;11.9;0
Chamonix;45.92;6.86;19/09/2026;04:00;4.6;0;SOLEIL;5;12.2;0
Chamonix;45.92;6.86;19/09/2026;05:00;5.6;6;AVERSES;1;11.9;0
Chamonix;45.92;6.86;19/09/2026;06:00;5.6;6;AVERSES;1;10.8;0
Chamonix;45.92;6.86;19/09/2026;07:00;5.6;6;AVERSES;1;9.4;0
Chamonix;45.92;6.86;19/09/2026;08:00;8.4;0;SOLEIL;5;8.6;0
Chamonix;45.92;6.86;19/09/2026;09:00;10.2;0;SOLEIL;5;9.0;0
Chamonix;45.92;6.86;19/09/2026;10:00;12.1;0;SOLEIL;5;10.1;0
Chamonix;45.92;6.86;19/09/2026;11:00;19.5;0;SOLEIL;2;11.5;0
Chamonix;45.92;6.86;19/09/2026;12:00;19.5;0;SOLEIL;2;13.0;0
Chamonix;45.92;6.86;19/09/2026;13:00;19.5;0;SOLEIL;2;14.8;0
Chamonix;45.92;6.86;19/09/2026;14:00;19.6;0;SOLEIL;5;15.8;0
Chamonix;45.92;6.86;19/09/2026;15:00;21.5;0;SOLEIL;5;15.5;0
Chamonix;45.92;6.86;19/09/2026;16:00;19.6;0;SOLEIL;5;14.4;0
Chamonix;45.92;6.86;19/09/2026;17:00;12.9;0;SOLEIL;0;13.0;0
Chamonix;45.92;6.86;19/09/2026;18:00;12.9;0;SOLEIL;0;11.2;0
Chamonix;45.92;6.86;19/09/2026;19:00;12.9;0;SOLEIL;0;9.0;0
Chamonix;45.92;6.86;19/09/2026;20:00;12.1;0;SOLEIL;5;7.9;0
Chamonix;45.92;6.86;19/09/2026;21:00;10.2;0;SOLEIL;5;8.3;0
Chamonix;45.92;6.86;19/09/2026;22:00;8.4;0;SOLEIL;5;9.4;0
Chamonix;45.92;6.86;19/09/2026;23:00;8.4;0;SOLEIL;1;10.4;0
Chamonix;45.92;6.86;20/09/2026;00:00;8.4;0;SOLEIL;1;10.8;0
Chamonix;45.92;6.86;20/09/2026;01:00;8.4;0;SOLEIL;1;11.0;0
Chamonix;45.92;6.86;20/09/2026;02:00;5.6;0;SOLEIL;5;10.6;0
Chamonix;45.92;6.86;20/09/2026;03:00;5.6;0;SOLEIL;5;10.1;0
Chamonix;45.92;6.86;20/09/2026;04:00;5.6;0;SOLEIL;5;10.4;0
Chamonix;45.92;6.86;20/09/2026;05:00;6.4;0;SOLEIL;1;10.4;0
Chamonix;45.92;6.86;20/09/2026;06:00;6.4;0;SOLEIL;1;9.7;0
Chamonix;45.92;6.86;20/09/2026;07:00;6.4;0;SOLEIL;1;9.0;0
Chamonix;45.92;6.86;20/09/2026;08:00;9.1;0;SOLEIL;5;9.4;0
Chamonix;45.92;6.86;20/09/2026;09:00;10.8;0;SOLEIL;5;11.5;0
Chamonix;45.92;6.86;20/09/2026;10:00;12.5;0;SOLEIL;5;15.1;0
Chamonix;45.92;6.86;20/09/2026;11:00;20.4;0;SOLEIL;2;17.6;0
Chamonix;45.92;6.86;20/09/2026;12:00;20.4;0;SOLEIL;2;19.1;0
Chamonix;45.92;6.86;20/09/2026;13:00;20.4;0;SOLEIL;2;19.8;0
Chamonix;45.92;6.86;20/09/2026;14:00;19.5;0;SOLEIL;5;20.2;0
Chamonix;45.92;6.86;20/09/2026;15:00;21.2;0;SOLEIL;5;20.5;0
Chamonix;45.92;6.86;20/09/2026;16:00;19.5;0;SOLEIL;5;20.9;0
Chamonix;45.92;6.86;20/09/2026;17:00;14;0;SOLEIL;0;20.2;0
Chamonix;45.92;6.86;20/09/2026;18:00;14;0;SOLEIL;0;17.6;0
Chamonix;45.92;6.86;20/09/2026;19:00;14;0;SOLEIL;0;14.8;0
Chamonix;45.92;6.86;20/09/2026;20:00;12.5;0;SOLEIL;5;12.2;0
Chamonix;45.92;6.86;20/09/2026;21:00;10.8;0;SOLEIL;5;11.5;0
Chamonix;45.92;6.86;20/09/2026;22:00;9.1;0;SOLEIL;5;11.9;0
Chamonix;45.92;6.86;20/09/2026;23:00;9.2;0;SOLEIL;1;12.2;0
Thonon-les-Bains;46.37;6.48;16/09/2026;00:00;19;0;SOLEIL;1;7.2;0
Thonon-les-Bains;46.37;6.48;16/09/2026;01:00;18.9;0;SOLEIL;1;7.2;0
Thonon-les-Bains;46.37;6.48;16/09/2026;02:00;18;0;SOLEIL;1;7.9;0
Thonon-les-Bains;46.37;6.48;16/09/2026;03:00;16.7;0;SOLEIL;1;6.8;0
Thonon-les-Bains;46.37;6.48;16/09/2026;04:00;16.5;0;SOLEIL;1;7.6;0
Thonon-les-Bains;46.37;6.48;16/09/2026;05:00;16.4;0;SOLEIL;1;9.0;0
Thonon-les-Bains;46.37;6.48;16/09/2026;06:00;16.4;0;SOLEIL;1;8.3;0
Thonon-les-Bains;46.37;6.48;16/09/2026;07:00;19.7;0;SOLEIL;2;8.3;0
Thonon-les-Bains;46.37;6.48;16/09/2026;08:00;23;0;SOLEIL;5;7.9;0
Thonon-les-Bains;46.37;6.48;16/09/2026;09:00;24.6;0;SOLEIL;6;9.4;0
Thonon-les-Bains;46.37;6.48;16/09/2026;10:00;24.8;0;SOLEIL;6;31.7;0
Thonon-les-Bains;46.37;6.48;16/09/2026;11:00;25.9;2;NUAGEUX;5;37.4;0
Thonon-les-Bains;46.37;6.48;16/09/2026;12:00;25.6;2;NUAGEUX;4;37.4;0
Thonon-les-Bains;46.37;6.48;16/09/2026;13:00;23.8;2;NUAGEUX;6;38.9;0
Thonon-les-Bains;46.37;6.48;16/09/2026;14:00;22.7;2;NUAGEUX;4;30.2;0
Thonon-les-Bains;46.37;6.48;16/09/2026;15:00;22.1;2;NUAGEUX;4;36.4;0
Thonon-les-Bains;46.37;6.48;16/09/2026;16:00;21.2;6;AVERSES;4;31.7;0.1
Thonon-les-Bains;46.37;6.48;16/09/2026;17:00;19.3;2;NUAGEUX;4;25.9;0
Thonon-les-Bains;46.37;6.48;16/09/2026;18:00;17.2;6;AVERSES;4;21.6;0.2
Thonon-les-Bains;46.37;6.48;16/09/2026;19:00;16.5;6;AVERSES;3;13.3;0.1
Thonon-les-Bains;46.37;6.48;16/09/2026;20:00;16.4;6;AVERSES;3;12.6;0.5
Thonon-les-Bains;46.37;6.48;16/09/2026;21:00;16.3;6;AVERSES;2;13.3;0.2
Thonon-les-Bains;46.37;6.48;16/09/2026;22:00;15.9;2;NUAGEUX;2;10.4;0
Thonon-les-Bains;46.37;6.48;16/09/2026;23:00;15.1;0;SOLEIL;2;11.2;0
Thonon-les-Bains;46.37;6.48;17/09/2026;00:00;15.1;0;SOLEIL;3;11.5;0
Thonon-les-Bains;46.37;6.48;17/09/2026;01:00;15.1;0;SOLEIL;3;11.5;0
Thonon-les-Bains;46.37;6.48;17/09/2026;02:00;14.6;0;SOLEIL;3;13.3;0
Thonon-les-Bains;46.37;6.48;17/09/2026;03:00;14.6;0;SOLEIL;3;12.4;0
Thonon-les-Bains;46.37;6.48;17/09/2026;04:00;14.6;0;SOLEIL;3;10.8;0
Thonon-les-Bains;46.37;6.48;17/09/2026;05:00;14.2;0;SOLEIL;3;8.6;0
Thonon-les-Bains;46.37;6.48;17/09/2026;06:00;14.2;0;SOLEIL;3;10.4;0
Thonon-les-Bains;46.37;6.48;17/09/2026;07:00;14.2;0;SOLEIL;3;11.2;0
Thonon-les-Bains;46.37;6.48;17/09/2026;08:00;17.9;0;SOLEIL;3;10.8;0
Thonon-les-Bains;46.37;6.48;17/09/2026;09:00;17.9;0;SOLEIL;3;10.4;0
Thonon-les-Bains;46.37;6.48;17/09/2026;10:00;17.9;0;SOLEIL;3;10.1;0
Thonon-les-Bains;46.37;6.48;17/09/2026;11:00;20.4;0;SOLEIL;2;11.5;0
Thonon-les-Bains;46.37;6.48;17/09/2026;12:00;20.4;0;SOLEIL;2;14.8;0
Thonon-les-Bains;46.37;6.48;17/09/2026;13:00;20.4;0;SOLEIL;2;21.2;0
Thonon-les-Bains;46.37;6.48;17/09/2026;14:00;21.9;0;SOLEIL;2;23.8;0
Thonon-les-Bains;46.37;6.48;17/09/2026;15:00;21.9;0;SOLEIL;2;24.5;0
Thonon-les-Bains;46.37;6.48;17/09/2026;16:00;21.9;0;SOLEIL;2;23.8;0
Thonon-les-Bains;46.37;6.48;17/09/2026;17:00;18.5;5;SOLEIL VOILÉ;2;21.6;0
Thonon-les-Bains;46.37;6.48;17/09/2026;18:00;18.5;5;SOLEIL VOILÉ;2;18.7;0
Thonon-les-Bains;46.37;6.48;17/09/2026;19:00;18.5;5;SOLEIL VOILÉ;2;15.5;0
Thonon-les-Bains;46.37;6.48;17/09/2026;20:00;15.9;5;SOLEIL VOILÉ;2;13.0;0
Thonon-les-Bains;46.37;6.48;17/09/2026;21:00;15.9;5;SOLEIL VOILÉ;2;11.5;0
Thonon-les-Bains;46.37;6.48;17/09/2026;22:00;15.9;5;SOLEIL VOILÉ;2;9.0;0
Thonon-les-Bains;46.37;6.48;17/09/2026;23:00;13.5;5;SOLEIL VOILÉ;3;6.5;0
Thonon-les-Bains;46.37;6.48;18/09/2026;00:00;13.5;5;SOLEIL VOILÉ;3;9.4;0
Thonon-les-Bains;46.37;6.48;18/09/2026;01:00;13.5;5;SOLEIL VOILÉ;3;14.8;0
Thonon-les-Bains;46.37;6.48;18/09/2026;02:00;12.9;0;SOLEIL;3;15.1;0
Thonon-les-Bains;46.37;6.48;18/09/2026;03:00;12.9;0;SOLEIL;3;15.1;0
Thonon-les-Bains;46.37;6.48;18/09/2026;04:00;12.9;0;SOLEIL;3;14.4;0
Thonon-les-Bains;46.37;6.48;18/09/2026;05:00;13;0;SOLEIL;3;13.7;0
Thonon-les-Bains;46.37;6.48;18/09/2026;06:00;13;0;SOLEIL;3;15.1;0
Thonon-les-Bains;46.37;6.48;18/09/2026;07:00;13;0;SOLEIL;3;16.9;0
Thonon-les-Bains;46.37;6.48;18/09/2026;08:00;18.1;0;SOLEIL;2;16.2;0
Thonon-les-Bains;46.37;6.48;18/09/2026;09:00;18.1;0;SOLEIL;2;13.0;0
Thonon-les-Bains;46.37;6.48;18/09/2026;10:00;18.1;0;SOLEIL;2;7.9;0
Thonon-les-Bains;46.37;6.48;18/09/2026;11:00;21.5;0;SOLEIL;2;5.8;0
Thonon-les-Bains;46.37;6.48;18/09/2026;12:00;21.5;0;SOLEIL;2;8.6;0
Thonon-les-Bains;46.37;6.48;18/09/2026;13:00;21.5;0;SOLEIL;2;13.7;0
Thonon-les-Bains;46.37;6.48;18/09/2026;14:00;23.2;0;SOLEIL;2;17.3;0
Thonon-les-Bains;46.37;6.48;18/09/2026;15:00;23.2;0;SOLEIL;2;17.3;0
Thonon-les-Bains;46.37;6.48;18/09/2026;16:00;23.2;0;SOLEIL;2;15.8;0
Thonon-les-Bains;46.37;6.48;18/09/2026;17:00;18.5;0;SOLEIL;2;13.7;0
Thonon-les-Bains;46.37;6.48;18/09/2026;18:00;18.5;0;SOLEIL;2;10.8;0
Thonon-les-Bains;46.37;6.48;18/09/2026;19:00;18.5;0;SOLEIL;2;7.6;0
Thonon-les-Bains;46.37;6.48;18/09/2026;20:00;17.3;0;SOLEIL;5;5.4;0
Thonon-les-Bains;46.37;6.48;18/09/2026;21:00;16.1;0;SOLEIL;5;5.0;0
Thonon-les-Bains;46.37;6.48;18/09/2026;22:00;14.9;0;SOLEIL;5;6.1;0
Thonon-les-Bains;46.37;6.48;18/09/2026;23:00;12.7;0;SOLEIL;2;7.6;0
Thonon-les-Bains;46.37;6.48;19/09/2026;00:00;12.7;0;SOLEIL;2;10.1;0
Thonon-les-Bains;46.37;6.48;19/09/2026;01:00;12.7;0;SOLEIL;2;13.7;0
Thonon-les-Bains;46.37;6.48;19/09/2026;02:00;7.7;0;SOLEIL;5;15.8;0
Thonon-les-Bains;46.37;6.48;19/09/2026;03:00;7.7;0;SOLEIL;5;16.2;0
Thonon-les-Bains;46.37;6.48;19/09/2026;04:00;7.7;0;SOLEIL;5;15.5;0
Thonon-les-Bains;46.37;6.48;19/09/2026;05:00;9.7;0;SOLEIL;2;14.8;0
Thonon-les-Bains;46.37;6.48;19/09/2026;06:00;9.7;0;SOLEIL;2;14.8;0
Thonon-les-Bains;46.37;6.48;19/09/2026;07:00;9.7;0;SOLEIL;2;14.8;0
Thonon-les-Bains;46.37;6.48;19/09/2026;08:00;11.2;0;SOLEIL;5;14.4;0
Thonon-les-Bains;46.37;6.48;19/09/2026;09:00;13.0;0;SOLEIL;5;13.3;0
Thonon-les-Bains;46.37;6.48;19/09/2026;10:00;14.8;0;SOLEIL;5;12.2;0
Thonon-les-Bains;46.37;6.48;19/09/2026;11:00;21.7;0;SOLEIL;2;11.2;0
Thonon-les-Bains;46.37;6.48;19/09/2026;12:00;21.7;0;SOLEIL;2;10.8;0
Thonon-les-Bains;46.37;6.48;19/09/2026;13:00;21.7;0;SOLEIL;2;11.2;0
Thonon-les-Bains;46.37;6.48;19/09/2026;14:00;21.8;0;SOLEIL;5;11.2;0
Thonon-les-Bains;46.37;6.48;19/09/2026;15:00;23.6;0;SOLEIL;5;11.2;0
Thonon-les-Bains;46.37;6.48;19/09/2026;16:00;21.8;0;SOLEIL;5;10.8;0
Thonon-les-Bains;46.37;6.48;19/09/2026;17:00;16.5;0;SOLEIL;0;10.8;0
Thonon-les-Bains;46.37;6.48;19/09/2026;18:00;16.5;0;SOLEIL;0;10.4;0
Thonon-les-Bains;46.37;6.48;19/09/2026;19:00;16.5;0;SOLEIL;0;9.7;0
Thonon-les-Bains;46.37;6.48;19/09/2026;20:00;14.8;0;SOLEIL;5;10.1;0
Thonon-les-Bains;46.37;6.48;19/09/2026;21:00;13.0;0;SOLEIL;5;11.9;0
Thonon-les-Bains;46.37;6.48;19/09/2026;22:00;11.2;0;SOLEIL;5;14.4;0
Thonon-les-Bains;46.37;6.48;19/09/2026;23:00;12.9;0;SOLEIL;1;16.2;0
Thonon-les-Bains;46.37;6.48;20/09/2026;00:00;12.9;0;SOLEIL;1;14.1;0
Thonon-les-Bains;46.37;6.48;20/09/2026;01:00;12.9;0;SOLEIL;1;11.5;0
Thonon-les-Bains;46.37;6.48;20/09/2026;02:00;10.5;0;SOLEIL;5;9.6;0
Thonon-les-Bains;46.37;6.48;20/09/2026;03:00;10.5;0;SOLEIL;5;8.6;0
Thonon-les-Bains;46.37;6.48;20/09/2026;04:00;10.5;0;SOLEIL;5;9.7;0
Thonon-les-Bains;46.37;6.48;20/09/2026;05:00;12.1;0;SOLEIL;2;10.4;0
Thonon-les-Bains;46.37;6.48;20/09/2026;06:00;12.1;0;SOLEIL;2;10.8;0
Thonon-les-Bains;46.37;6.48;20/09/2026;07:00;12.1;0;SOLEIL;2;10.4;0
Thonon-les-Bains;46.37;6.48;20/09/2026;08:00;13.5;0;SOLEIL;5;10.1;0
Thonon-les-Bains;46.37;6.48;20/09/2026;09:00;15.0;0;SOLEIL;5;9.0;0
Thonon-les-Bains;46.37;6.48;20/09/2026;10:00;16.5;0;SOLEIL;5;7.6;0
Thonon-les-Bains;46.37;6.48;20/09/2026;11:00;23.5;0;SOLEIL;2;6.8;0
Thonon-les-Bains;46.37;6.48;20/09/2026;12:00;23.5;0;SOLEIL;2;7.9;0
Thonon-les-Bains;46.37;6.48;20/09/2026;13:00;23.5;0;SOLEIL;2;9.7;0
Thonon-les-Bains;46.37;6.48;20/09/2026;14:00;22.4;0;SOLEIL;5;11.5;0
Thonon-les-Bains;46.37;6.48;20/09/2026;15:00;23.9;0;SOLEIL;5;12.6;0
Thonon-les-Bains;46.37;6.48;20/09/2026;16:00;22.4;0;SOLEIL;5;13.7;0
Thonon-les-Bains;46.37;6.48;20/09/2026;17:00;17.1;0;SOLEIL;3;14.0;0
Thonon-les-Bains;46.37;6.48;20/09/2026;18:00;17.1;0;SOLEIL;3;13.3;0
Thonon-les-Bains;46.37;6.48;20/09/2026;19:00;17.1;0;SOLEIL;3;11.9;0
Thonon-les-Bains;46.37;6.48;20/09/2026;20:00;16.5;0;SOLEIL;5;10.4;0
Thonon-les-Bains;46.37;6.48;20/09/2026;21:00;15.0;0;SOLEIL;5;9.7;0
Thonon-les-Bains;46.37;6.48;20/09/2026;22:00;13.5;0;SOLEIL;5;9.0;0
Thonon-les-Bains;46.37;6.48;20/09/2026;23:00;13.5;0;SOLEIL;3;8.3;0
