Ville;Latitude;Longitude;Date;Heure;temperature_2m;weathercode;Temps_Label;windspeed_10m;wind_gusts_10m;precipitation
Argent-sur-Sauldre;47.56;2.45;27/09/2026;00:00;14.7;0;SOLEIL;2;7.2;0
Argent-sur-Sauldre;47.56;2.45;27/09/2026;01:00;14.5;0;SOLEIL;2;6.5;0
Argent-sur-Sauldre;47.56;2.45;27/09/2026;02:00;14.1;0;SOLEIL;2;6.1;0
Argent-sur-Sauldre;47.56;2.45;27/09/2026;03:00;12.2;0;SOLEIL;2;2.9;0
Argent-sur-Sauldre;47.56;2.45;27/09/2026;04:00;11.7;0;SOLEIL;2;6.5;0
Argent-sur-Sauldre;47.56;2.45;27/09/2026;05:00;11.8;0;SOLEIL;2;8.3;0
Argent-sur-Sauldre;47.56;2.45;27/09/2026;06:00;11.4;0;SOLEIL;2;7.9;0
Argent-sur-Sauldre;47.56;2.45;27/09/2026;07:00;14.7;2;NUAGEUX;2;8.6;0
Argent-sur-Sauldre;47.56;2.45;27/09/2026;08:00;17.4;2;NUAGEUX;2;7.9;0
Argent-sur-Sauldre;47.56;2.45;27/09/2026;09:00;21.1;2;NUAGEUX;2;9.0;0
Argent-sur-Sauldre;47.56;2.45;27/09/2026;10:00;24.5;2;NUAGEUX;3;9.4;0
Argent-sur-Sauldre;47.56;2.45;27/09/2026;11:00;27.2;2;NUAGEUX;4;9.0;0
Argent-sur-Sauldre;47.56;2.45;27/09/2026;12:00;26.7;2;NUAGEUX;4;14.4;0
Argent-sur-Sauldre;47.56;2.45;27/09/2026;13:00;27.1;2;NUAGEUX;4;18.4;0
Argent-sur-Sauldre;47.56;2.45;27/09/2026;14:00;27.6;2;NUAGEUX;4;27.0;0
Argent-sur-Sauldre;47.56;2.45;27/09/2026;15:00;28.2;2;NUAGEUX;4;26.3;0
Argent-sur-Sauldre;47.56;2.45;27/09/2026;16:00;28.2;2;NUAGEUX;4;25.9;0
Argent-sur-Sauldre;47.56;2.45;27/09/2026;17:00;26.9;2;NUAGEUX;3;25.2;0
Argent-sur-Sauldre;47.56;2.45;27/09/2026;18:00;25;2;NUAGEUX;2;22.7;0
Argent-sur-Sauldre;47.56;2.45;27/09/2026;19:00;22.2;5;SOLEIL VOILÉ;2;16.6;0
Argent-sur-Sauldre;47.56;2.45;27/09/2026;20:00;21;5;SOLEIL VOILÉ;2;10.8;0
Argent-sur-Sauldre;47.56;2.45;27/09/2026;21:00;20.2;2;NUAGEUX;2;9.4;0
Argent-sur-Sauldre;47.56;2.45;27/09/2026;22:00;19.6;2;NUAGEUX;2;7.6;0
Argent-sur-Sauldre;47.56;2.45;27/09/2026;23:00;18.9;2;NUAGEUX;2;6.5;0
Argent-sur-Sauldre;47.56;2.45;28/09/2026;00:00;17.7;2;NUAGEUX;1;5.4;0
Argent-sur-Sauldre;47.56;2.45;28/09/2026;01:00;17.7;2;NUAGEUX;1;8.6;0
Argent-sur-Sauldre;47.56;2.45;28/09/2026;02:00;14.7;2;NUAGEUX;2;7.9;0
Argent-sur-Sauldre;47.56;2.45;28/09/2026;03:00;14.7;2;NUAGEUX;2;7.7;0
Argent-sur-Sauldre;47.56;2.45;28/09/2026;04:00;14.7;2;NUAGEUX;2;24.5;0
Argent-sur-Sauldre;47.56;2.45;28/09/2026;05:00;15.2;2;NUAGEUX;1;10.7;0
Argent-sur-Sauldre;47.56;2.45;28/09/2026;06:00;15.2;2;NUAGEUX;1;19.4;0
Argent-sur-Sauldre;47.56;2.45;28/09/2026;07:00;15.2;2;NUAGEUX;1;20.2;0
Argent-sur-Sauldre;47.56;2.45;28/09/2026;08:00;21.4;2;NUAGEUX;3;21.2;0
Argent-sur-Sauldre;47.56;2.45;28/09/2026;09:00;21.4;2;NUAGEUX;3;27.0;0
Argent-sur-Sauldre;47.56;2.45;28/09/2026;10:00;21.4;2;NUAGEUX;3;23.8;0
Argent-sur-Sauldre;47.56;2.45;28/09/2026;11:00;25;5;SOLEIL VOILÉ;3;26.6;0
Argent-sur-Sauldre;47.56;2.45;28/09/2026;12:00;25;5;SOLEIL VOILÉ;3;21.2;0
Argent-sur-Sauldre;47.56;2.45;28/09/2026;13:00;25;5;SOLEIL VOILÉ;3;25.9;0
Argent-sur-Sauldre;47.56;2.45;28/09/2026;14:00;26.6;5;SOLEIL VOILÉ;4;30.2;0
Argent-sur-Sauldre;47.56;2.45;28/09/2026;15:00;26.6;5;SOLEIL VOILÉ;4;21.6;0
Argent-sur-Sauldre;47.56;2.45;28/09/2026;16:00;26.6;5;SOLEIL VOILÉ;4;23.8;0
Argent-sur-Sauldre;47.56;2.45;28/09/2026;17:00;23.5;5;SOLEIL VOILÉ;3;27.7;0
Argent-sur-Sauldre;47.56;2.45;28/09/2026;18:00;23.5;5;SOLEIL VOILÉ;3;27.4;0
Argent-sur-Sauldre;47.56;2.45;28/09/2026;19:00;23.5;5;SOLEIL VOILÉ;3;20.9;0
Argent-sur-Sauldre;47.56;2.45;28/09/2026;20:00;19.5;5;SOLEIL VOILÉ;4;11.5;0
Argent-sur-Sauldre;47.56;2.45;28/09/2026;21:00;19.5;5;SOLEIL VOILÉ;4;12.6;0
Argent-sur-Sauldre;47.56;2.45;28/09/2026;22:00;19.5;5;SOLEIL VOILÉ;4;11.9;0
Argent-sur-Sauldre;47.56;2.45;28/09/2026;23:00;17.4;5;SOLEIL VOILÉ;3;9.7;0
Argent-sur-Sauldre;47.56;2.45;29/09/2026;00:00;17.4;5;SOLEIL VOILÉ;3;10.1;0
Argent-sur-Sauldre;47.56;2.45;29/09/2026;01:00;17.4;5;SOLEIL VOILÉ;3;10.1;0
Argent-sur-Sauldre;47.56;2.45;29/09/2026;02:00;14.1;5;SOLEIL VOILÉ;3;10.4;0
Argent-sur-Sauldre;47.56;2.45;29/09/2026;03:00;14.1;5;SOLEIL VOILÉ;3;9.0;0
Argent-sur-Sauldre;47.56;2.45;29/09/2026;04:00;14.1;5;SOLEIL VOILÉ;3;8.3;0
Argent-sur-Sauldre;47.56;2.45;29/09/2026;05:00;13.1;0;SOLEIL;2;8.3;0
Argent-sur-Sauldre;47.56;2.45;29/09/2026;06:00;13.1;0;SOLEIL;2;10.1;0
Argent-sur-Sauldre;47.56;2.45;29/09/2026;07:00;13.1;0;SOLEIL;2;10.1;0
Argent-sur-Sauldre;47.56;2.45;29/09/2026;08:00;23.6;0;SOLEIL;3;9.7;0
Argent-sur-Sauldre;47.56;2.45;29/09/2026;09:00;23.6;0;SOLEIL;3;11.9;0
Argent-sur-Sauldre;47.56;2.45;29/09/2026;10:00;23.6;0;SOLEIL;3;15.1;0
Argent-sur-Sauldre;47.56;2.45;29/09/2026;11:00;28.5;0;SOLEIL;3;18.4;0
Argent-sur-Sauldre;47.56;2.45;29/09/2026;12:00;28.5;0;SOLEIL;3;22.0;0
Argent-sur-Sauldre;47.56;2.45;29/09/2026;13:00;28.5;0;SOLEIL;3;25.9;0
Argent-sur-Sauldre;47.56;2.45;29/09/2026;14:00;30.1;0;SOLEIL;4;29.5;0
Argent-sur-Sauldre;47.56;2.45;29/09/2026;15:00;30.1;0;SOLEIL;4;32.4;0
Argent-sur-Sauldre;47.56;2.45;29/09/2026;16:00;30.1;0;SOLEIL;4;34.9;0
Argent-sur-Sauldre;47.56;2.45;29/09/2026;17:00;26;0;SOLEIL;2;35.6;0
Argent-sur-Sauldre;47.56;2.45;29/09/2026;18:00;26;0;SOLEIL;2;33.8;0
Argent-sur-Sauldre;47.56;2.45;29/09/2026;19:00;26;0;SOLEIL;2;30.6;0
Argent-sur-Sauldre;47.56;2.45;29/09/2026;20:00;20.7;0;SOLEIL;5;27.4;0
Argent-sur-Sauldre;47.56;2.45;29/09/2026;21:00;18.6;0;SOLEIL;5;24.5;0
Argent-sur-Sauldre;47.56;2.45;29/09/2026;22:00;16.5;0;SOLEIL;5;21.6;0
Argent-sur-Sauldre;47.56;2.45;29/09/2026;23:00;20.5;2;NUAGEUX;3;19.4;0
Argent-sur-Sauldre;47.56;2.45;30/09/2026;00:00;20.5;2;NUAGEUX;3;18.7;0
Argent-sur-Sauldre;47.56;2.45;30/09/2026;01:00;20.5;2;NUAGEUX;3;19.1;0
Argent-sur-Sauldre;47.56;2.45;30/09/2026;02:00;17.6;2;NUAGEUX;5;19.1;0
Argent-sur-Sauldre;47.56;2.45;30/09/2026;03:00;17.6;2;NUAGEUX;5;19.1;0
Argent-sur-Sauldre;47.56;2.45;30/09/2026;04:00;17.6;2;NUAGEUX;5;19.1;0
Argent-sur-Sauldre;47.56;2.45;30/09/2026;05:00;19;2;NUAGEUX;3;18.7;0
Argent-sur-Sauldre;47.56;2.45;30/09/2026;06:00;19;2;NUAGEUX;3;17.6;0
Argent-sur-Sauldre;47.56;2.45;30/09/2026;07:00;19;2;NUAGEUX;3;16.2;0
Argent-sur-Sauldre;47.56;2.45;30/09/2026;08:00;19.7;2;NUAGEUX;5;15.8;0
Argent-sur-Sauldre;47.56;2.45;30/09/2026;09:00;20.7;2;NUAGEUX;5;17.6;0
Argent-sur-Sauldre;47.56;2.45;30/09/2026;10:00;21.7;2;NUAGEUX;5;20.9;0
Argent-sur-Sauldre;47.56;2.45;30/09/2026;11:00;24.9;2;NUAGEUX;4;23.8;0
Argent-sur-Sauldre;47.56;2.45;30/09/2026;12:00;24.9;2;NUAGEUX;4;26.6;0
Argent-sur-Sauldre;47.56;2.45;30/09/2026;13:00;24.9;2;NUAGEUX;4;29.2;0
Argent-sur-Sauldre;47.56;2.45;30/09/2026;14:00;25.9;2;NUAGEUX;5;31.3;0
Argent-sur-Sauldre;47.56;2.45;30/09/2026;15:00;26.9;2;NUAGEUX;5;33.1;0
Argent-sur-Sauldre;47.56;2.45;30/09/2026;16:00;25.9;2;NUAGEUX;5;34.6;0
Argent-sur-Sauldre;47.56;2.45;30/09/2026;17:00;21.7;6;AVERSES;3;34.2;0
Argent-sur-Sauldre;47.56;2.45;30/09/2026;18:00;21.7;6;AVERSES;3;31.3;0
Argent-sur-Sauldre;47.56;2.45;30/09/2026;19:00;21.7;6;AVERSES;3;26.6;0
Argent-sur-Sauldre;47.56;2.45;30/09/2026;20:00;21.7;2;NUAGEUX;5;23.4;0
Argent-sur-Sauldre;47.56;2.45;30/09/2026;21:00;20.7;2;NUAGEUX;5;22.0;0
Argent-sur-Sauldre;47.56;2.45;30/09/2026;22:00;19.7;2;NUAGEUX;5;21.6;0
Argent-sur-Sauldre;47.56;2.45;30/09/2026;23:00;17.4;7;PLUIE FAIBLE;3;22.0;0
Argent-sur-Sauldre;47.56;2.45;01/10/2026;00:00;17.4;7;PLUIE FAIBLE;3;23.9;0
Argent-sur-Sauldre;47.56;2.45;01/10/2026;01:00;17.4;7;PLUIE FAIBLE;3;25.7;0
Argent-sur-Sauldre;47.56;2.45;01/10/2026;02:00;14.4;7;PLUIE FAIBLE;5;25.4;0
Argent-sur-Sauldre;47.56;2.45;01/10/2026;03:00;14.4;7;PLUIE FAIBLE;5;20.9;0
Argent-sur-Sauldre;47.56;2.45;01/10/2026;04:00;14.4;7;PLUIE FAIBLE;5;15.5;0
Argent-sur-Sauldre;47.56;2.45;01/10/2026;05:00;15.6;7;PLUIE FAIBLE;2;13.0;0
Argent-sur-Sauldre;47.56;2.45;01/10/2026;06:00;15.6;7;PLUIE FAIBLE;2;15.5;0
Argent-sur-Sauldre;47.56;2.45;01/10/2026;07:00;15.6;7;PLUIE FAIBLE;2;20.5;0
Argent-sur-Sauldre;47.56;2.45;01/10/2026;08:00;16.0;7;PLUIE FAIBLE;5;23.4;0
Argent-sur-Sauldre;47.56;2.45;01/10/2026;09:00;16.7;7;PLUIE FAIBLE;5;22.0;0
Argent-sur-Sauldre;47.56;2.45;01/10/2026;10:00;17.5;7;PLUIE FAIBLE;5;18.4;0
Argent-sur-Sauldre;47.56;2.45;01/10/2026;11:00;20.5;7;PLUIE FAIBLE;3;16.2;0
Argent-sur-Sauldre;47.56;2.45;01/10/2026;12:00;20.5;7;PLUIE FAIBLE;3;16.9;0
Argent-sur-Sauldre;47.56;2.45;01/10/2026;13:00;20.5;7;PLUIE FAIBLE;3;18.7;0
Argent-sur-Sauldre;47.56;2.45;01/10/2026;14:00;20.6;7;PLUIE FAIBLE;5;20.5;0
Argent-sur-Sauldre;47.56;2.45;01/10/2026;15:00;21.4;7;PLUIE FAIBLE;5;22.3;0
Argent-sur-Sauldre;47.56;2.45;01/10/2026;16:00;20.6;7;PLUIE FAIBLE;5;24.1;0
Argent-sur-Sauldre;47.56;2.45;01/10/2026;17:00;17.9;0;SOLEIL;2;24.8;0
Argent-sur-Sauldre;47.56;2.45;01/10/2026;18:00;17.9;0;SOLEIL;2;23.4;0
Argent-sur-Sauldre;47.56;2.45;01/10/2026;19:00;17.9;0;SOLEIL;2;20.9;0
Argent-sur-Sauldre;47.56;2.45;01/10/2026;20:00;17.5;7;PLUIE FAIBLE;5;18.7;0
Argent-sur-Sauldre;47.56;2.45;01/10/2026;21:00;16.7;7;PLUIE FAIBLE;5;18.0;0
Argent-sur-Sauldre;47.56;2.45;01/10/2026;22:00;16.0;7;PLUIE FAIBLE;5;17.6;0
Argent-sur-Sauldre;47.56;2.45;01/10/2026;23:00;12.1;0;SOLEIL;2;16.6;0
Bourges;47.08;2.39;27/09/2026;00:00;11.6;0;SOLEIL;2;5.8;0
Bourges;47.08;2.39;27/09/2026;01:00;11.6;0;SOLEIL;2;5.8;0
Bourges;47.08;2.39;27/09/2026;02:00;11.6;0;SOLEIL;2;7.6;0
Bourges;47.08;2.39;27/09/2026;03:00;12;0;SOLEIL;2;7.6;0
Bourges;47.08;2.39;27/09/2026;04:00;11.7;0;SOLEIL;2;7.6;0
Bourges;47.08;2.39;27/09/2026;05:00;11.4;2;NUAGEUX;2;7.9;0
Bourges;47.08;2.39;27/09/2026;06:00;12;2;NUAGEUX;2;7.6;0
Bourges;47.08;2.39;27/09/2026;07:00;15;2;NUAGEUX;2;6.8;0
Bourges;47.08;2.39;27/09/2026;08:00;19.5;2;NUAGEUX;3;7.2;0
Bourges;47.08;2.39;27/09/2026;09:00;23.2;2;NUAGEUX;4;7.2;0
Bourges;47.08;2.39;27/09/2026;10:00;25.7;5;SOLEIL VOILÉ;4;7.2;0
Bourges;47.08;2.39;27/09/2026;11:00;27.1;5;SOLEIL VOILÉ;4;16.2;0
Bourges;47.08;2.39;27/09/2026;12:00;28.1;2;NUAGEUX;4;22.7;0
Bourges;47.08;2.39;27/09/2026;13:00;28.6;2;NUAGEUX;4;26.3;0
Bourges;47.08;2.39;27/09/2026;14:00;29.4;2;NUAGEUX;4;25.2;0
Bourges;47.08;2.39;27/09/2026;15:00;28.6;2;NUAGEUX;4;22.7;0
Bourges;47.08;2.39;27/09/2026;16:00;28;2;NUAGEUX;4;21.2;0
Bourges;47.08;2.39;27/09/2026;17:00;26.3;2;NUAGEUX;3;19.8;0
Bourges;47.08;2.39;27/09/2026;18:00;23.7;2;NUAGEUX;2;22.3;0
Bourges;47.08;2.39;27/09/2026;19:00;20.9;5;SOLEIL VOILÉ;2;16.9;0
Bourges;47.08;2.39;27/09/2026;20:00;18.6;5;SOLEIL VOILÉ;1;9.0;0
Bourges;47.08;2.39;27/09/2026;21:00;17;2;NUAGEUX;2;2.9;0
Bourges;47.08;2.39;27/09/2026;22:00;16.1;2;NUAGEUX;1;7.6;0
Bourges;47.08;2.39;27/09/2026;23:00;15.6;2;NUAGEUX;1;7.2;0
Bourges;47.08;2.39;28/09/2026;00:00;15.4;2;NUAGEUX;1;6.5;0
Bourges;47.08;2.39;28/09/2026;01:00;15.4;2;NUAGEUX;1;5.8;0
Bourges;47.08;2.39;28/09/2026;02:00;16.4;2;NUAGEUX;2;4.7;0
Bourges;47.08;2.39;28/09/2026;03:00;16.4;2;NUAGEUX;2;4.0;0
Bourges;47.08;2.39;28/09/2026;04:00;16.4;2;NUAGEUX;2;3.6;0
Bourges;47.08;2.39;28/09/2026;05:00;15.1;2;NUAGEUX;0;4.4;0
Bourges;47.08;2.39;28/09/2026;06:00;15.1;2;NUAGEUX;0;5.4;0
Bourges;47.08;2.39;28/09/2026;07:00;15.1;2;NUAGEUX;0;11.9;0
Bourges;47.08;2.39;28/09/2026;08:00;21.6;2;NUAGEUX;2;14.4;0
Bourges;47.08;2.39;28/09/2026;09:00;21.6;2;NUAGEUX;2;10.8;0
Bourges;47.08;2.39;28/09/2026;10:00;21.6;2;NUAGEUX;2;15.1;0
Bourges;47.08;2.39;28/09/2026;11:00;25.5;5;SOLEIL VOILÉ;2;17.6;0
Bourges;47.08;2.39;28/09/2026;12:00;25.5;5;SOLEIL VOILÉ;2;21.2;0
Bourges;47.08;2.39;28/09/2026;13:00;25.5;5;SOLEIL VOILÉ;2;22.0;0
Bourges;47.08;2.39;28/09/2026;14:00;26.4;5;SOLEIL VOILÉ;3;15.8;0
Bourges;47.08;2.39;28/09/2026;15:00;26.4;5;SOLEIL VOILÉ;3;15.1;0
Bourges;47.08;2.39;28/09/2026;16:00;26.4;5;SOLEIL VOILÉ;3;19.8;0
Bourges;47.08;2.39;28/09/2026;17:00;22.6;5;SOLEIL VOILÉ;3;25.9;0
Bourges;47.08;2.39;28/09/2026;18:00;22.6;5;SOLEIL VOILÉ;3;27.4;0
Bourges;47.08;2.39;28/09/2026;19:00;22.6;5;SOLEIL VOILÉ;3;23.8;0
Bourges;47.08;2.39;28/09/2026;20:00;16.7;5;SOLEIL VOILÉ;3;19.4;0
Bourges;47.08;2.39;28/09/2026;21:00;16.7;5;SOLEIL VOILÉ;3;11.2;0
Bourges;47.08;2.39;28/09/2026;22:00;16.7;5;SOLEIL VOILÉ;3;11.5;0
Bourges;47.08;2.39;28/09/2026;23:00;15.2;5;SOLEIL VOILÉ;3;11.9;0
Bourges;47.08;2.39;29/09/2026;00:00;15.2;5;SOLEIL VOILÉ;3;14.0;0
Bourges;47.08;2.39;29/09/2026;01:00;15.2;5;SOLEIL VOILÉ;3;20.2;0
Bourges;47.08;2.39;29/09/2026;02:00;14.7;5;SOLEIL VOILÉ;3;23.4;0
Bourges;47.08;2.39;29/09/2026;03:00;14.7;5;SOLEIL VOILÉ;3;22.7;0
Bourges;47.08;2.39;29/09/2026;04:00;14.7;5;SOLEIL VOILÉ;3;18.4;0
Bourges;47.08;2.39;29/09/2026;05:00;15.5;0;SOLEIL;3;17.6;0
Bourges;47.08;2.39;29/09/2026;06:00;15.5;0;SOLEIL;3;17.6;0
Bourges;47.08;2.39;29/09/2026;07:00;15.5;0;SOLEIL;3;14.8;0
Bourges;47.08;2.39;29/09/2026;08:00;24.7;0;SOLEIL;3;14.4;0
Bourges;47.08;2.39;29/09/2026;09:00;24.7;0;SOLEIL;3;18.0;0
Bourges;47.08;2.39;29/09/2026;10:00;24.7;0;SOLEIL;3;23.0;0
Bourges;47.08;2.39;29/09/2026;11:00;28.4;0;SOLEIL;3;27.4;0
Bourges;47.08;2.39;29/09/2026;12:00;28.4;0;SOLEIL;3;28.8;0
Bourges;47.08;2.39;29/09/2026;13:00;28.4;0;SOLEIL;3;29.5;0
Bourges;47.08;2.39;29/09/2026;14:00;29.6;0;SOLEIL;4;30.2;0
Bourges;47.08;2.39;29/09/2026;15:00;29.6;0;SOLEIL;4;32.4;0
Bourges;47.08;2.39;29/09/2026;16:00;29.6;0;SOLEIL;4;34.9;0
Bourges;47.08;2.39;29/09/2026;17:00;24.6;0;SOLEIL;3;35.6;0
Bourges;47.08;2.39;29/09/2026;18:00;24.6;0;SOLEIL;3;32.4;0
Bourges;47.08;2.39;29/09/2026;19:00;24.6;0;SOLEIL;3;27.4;0
Bourges;47.08;2.39;29/09/2026;20:00;21.1;0;SOLEIL;5;24.1;0
Bourges;47.08;2.39;29/09/2026;21:00;19.3;0;SOLEIL;5;24.5;0
Bourges;47.08;2.39;29/09/2026;22:00;17.5;0;SOLEIL;5;27.0;0
Bourges;47.08;2.39;29/09/2026;23:00;18;2;NUAGEUX;4;28.4;0
Bourges;47.08;2.39;30/09/2026;00:00;18;2;NUAGEUX;4;28.1;0
Bourges;47.08;2.39;30/09/2026;01:00;18;2;NUAGEUX;4;27.0;0
Bourges;47.08;2.39;30/09/2026;02:00;16.4;7;PLUIE FAIBLE;5;25.9;0
Bourges;47.08;2.39;30/09/2026;03:00;16.4;7;PLUIE FAIBLE;5;25.2;0
Bourges;47.08;2.39;30/09/2026;04:00;16.4;7;PLUIE FAIBLE;5;24.5;0
Bourges;47.08;2.39;30/09/2026;05:00;17.9;2;NUAGEUX;4;23.8;0
Bourges;47.08;2.39;30/09/2026;06:00;17.9;2;NUAGEUX;4;23.0;0
Bourges;47.08;2.39;30/09/2026;07:00;17.9;2;NUAGEUX;4;22.3;0
Bourges;47.08;2.39;30/09/2026;08:00;18.7;7;PLUIE FAIBLE;5;22.7;0
Bourges;47.08;2.39;30/09/2026;09:00;19.8;7;PLUIE FAIBLE;5;24.5;0
Bourges;47.08;2.39;30/09/2026;10:00;20.9;7;PLUIE FAIBLE;5;27.0;0
Bourges;47.08;2.39;30/09/2026;11:00;24.7;2;NUAGEUX;4;29.2;0
Bourges;47.08;2.39;30/09/2026;12:00;24.7;2;NUAGEUX;4;30.2;0
Bourges;47.08;2.39;30/09/2026;13:00;24.7;2;NUAGEUX;4;31.3;0
Bourges;47.08;2.39;30/09/2026;14:00;25.5;7;PLUIE FAIBLE;5;32.0;0
Bourges;47.08;2.39;30/09/2026;15:00;26.6;7;PLUIE FAIBLE;5;33.8;0
Bourges;47.08;2.39;30/09/2026;16:00;25.5;7;PLUIE FAIBLE;5;35.6;0
Bourges;47.08;2.39;30/09/2026;17:00;21.2;7;PLUIE FAIBLE;3;34.6;0
Bourges;47.08;2.39;30/09/2026;18:00;21.2;7;PLUIE FAIBLE;3;27.7;0
Bourges;47.08;2.39;30/09/2026;19:00;21.2;7;PLUIE FAIBLE;3;18.4;0
Bourges;47.08;2.39;30/09/2026;20:00;20.9;7;PLUIE FAIBLE;5;12.6;0
Bourges;47.08;2.39;30/09/2026;21:00;19.8;7;PLUIE FAIBLE;5;13.7;0
Bourges;47.08;2.39;30/09/2026;22:00;18.7;7;PLUIE FAIBLE;5;18.7;0
Bourges;47.08;2.39;30/09/2026;23:00;16.7;7;PLUIE FAIBLE;3;22.3;0
Bourges;47.08;2.39;01/10/2026;00:00;16.7;7;PLUIE FAIBLE;3;22.3;0
Bourges;47.08;2.39;01/10/2026;01:00;16.7;7;PLUIE FAIBLE;3;23.4;0
Bourges;47.08;2.39;01/10/2026;02:00;13.9;6;AVERSES;5;25.3;0
Bourges;47.08;2.39;01/10/2026;03:00;13.9;6;AVERSES;5;24.8;0
Bourges;47.08;2.39;01/10/2026;04:00;13.9;6;AVERSES;5;22.0;0
Bourges;47.08;2.39;01/10/2026;05:00;15.1;6;AVERSES;2;20.2;0
Bourges;47.08;2.39;01/10/2026;06:00;15.1;6;AVERSES;2;21.6;0
Bourges;47.08;2.39;01/10/2026;07:00;15.1;6;AVERSES;2;24.5;0
Bourges;47.08;2.39;01/10/2026;08:00;15.3;6;AVERSES;5;25.9;0
Bourges;47.08;2.39;01/10/2026;09:00;15.9;6;AVERSES;5;24.1;0
Bourges;47.08;2.39;01/10/2026;10:00;16.6;6;AVERSES;5;20.5;0
Bourges;47.08;2.39;01/10/2026;11:00;18.7;7;PLUIE FAIBLE;3;17.6;0
Bourges;47.08;2.39;01/10/2026;12:00;18.7;7;PLUIE FAIBLE;3;16.6;0
Bourges;47.08;2.39;01/10/2026;13:00;18.7;7;PLUIE FAIBLE;3;15.8;0
Bourges;47.08;2.39;01/10/2026;14:00;19.3;6;AVERSES;5;16.2;0
Bourges;47.08;2.39;01/10/2026;15:00;20.0;6;AVERSES;5;18.0;0
Bourges;47.08;2.39;01/10/2026;16:00;19.3;6;AVERSES;5;20.2;0
Bourges;47.08;2.39;01/10/2026;17:00;16.4;2;NUAGEUX;2;22.0;0
Bourges;47.08;2.39;01/10/2026;18:00;16.4;2;NUAGEUX;2;22.3;0
Bourges;47.08;2.39;01/10/2026;19:00;16.4;2;NUAGEUX;2;21.6;0
Bourges;47.08;2.39;01/10/2026;20:00;16.6;6;AVERSES;5;20.9;0
Bourges;47.08;2.39;01/10/2026;21:00;15.9;6;AVERSES;5;20.2;0
Bourges;47.08;2.39;01/10/2026;22:00;15.3;6;AVERSES;5;19.4;0
Bourges;47.08;2.39;01/10/2026;23:00;11.4;0;SOLEIL;2;18.4;0
Saint-Amand-Montrond;46.72;2.5;27/09/2026;00:00;16.4;0;SOLEIL;2;7.6;0
Saint-Amand-Montrond;46.72;2.5;27/09/2026;01:00;16.1;0;SOLEIL;2;7.2;0
Saint-Amand-Montrond;46.72;2.5;27/09/2026;02:00;15.5;0;SOLEIL;1;7.9;0
Saint-Amand-Montrond;46.72;2.5;27/09/2026;03:00;14;0;SOLEIL;1;7.2;0
Saint-Amand-Montrond;46.72;2.5;27/09/2026;04:00;14.5;0;SOLEIL;2;7.9;0
Saint-Amand-Montrond;46.72;2.5;27/09/2026;05:00;13.7;0;SOLEIL;2;8.6;0
Saint-Amand-Montrond;46.72;2.5;27/09/2026;06:00;13.9;0;SOLEIL;2;8.6;0
Saint-Amand-Montrond;46.72;2.5;27/09/2026;07:00;15.9;0;SOLEIL;2;9.0;0
Saint-Amand-Montrond;46.72;2.5;27/09/2026;08:00;18.6;2;NUAGEUX;2;8.3;0
Saint-Amand-Montrond;46.72;2.5;27/09/2026;09:00;21.7;2;NUAGEUX;2;9.0;0
Saint-Amand-Montrond;46.72;2.5;27/09/2026;10:00;26.9;5;SOLEIL VOILÉ;2;12.6;0
Saint-Amand-Montrond;46.72;2.5;27/09/2026;11:00;28.5;5;SOLEIL VOILÉ;3;12.6;0
Saint-Amand-Montrond;46.72;2.5;27/09/2026;12:00;28.9;2;NUAGEUX;3;14.8;0
Saint-Amand-Montrond;46.72;2.5;27/09/2026;13:00;29.3;2;NUAGEUX;3;13.0;0
Saint-Amand-Montrond;46.72;2.5;27/09/2026;14:00;29.5;2;NUAGEUX;3;19.1;0
Saint-Amand-Montrond;46.72;2.5;27/09/2026;15:00;29.5;2;NUAGEUX;3;18.7;0
Saint-Amand-Montrond;46.72;2.5;27/09/2026;16:00;29.6;2;NUAGEUX;4;17.3;0
Saint-Amand-Montrond;46.72;2.5;27/09/2026;17:00;29;2;NUAGEUX;3;14.4;0
Saint-Amand-Montrond;46.72;2.5;27/09/2026;18:00;27.1;5;SOLEIL VOILÉ;2;20.5;0
Saint-Amand-Montrond;46.72;2.5;27/09/2026;19:00;25;5;SOLEIL VOILÉ;2;15.5;0
Saint-Amand-Montrond;46.72;2.5;27/09/2026;20:00;23.1;5;SOLEIL VOILÉ;1;9.0;0
Saint-Amand-Montrond;46.72;2.5;27/09/2026;21:00;21.9;2;NUAGEUX;2;8.3;0
Saint-Amand-Montrond;46.72;2.5;27/09/2026;22:00;21;2;NUAGEUX;1;6.8;0
Saint-Amand-Montrond;46.72;2.5;27/09/2026;23:00;20.1;2;NUAGEUX;0;9.0;0
Saint-Amand-Montrond;46.72;2.5;28/09/2026;00:00;19.2;2;NUAGEUX;1;7.6;0
Saint-Amand-Montrond;46.72;2.5;28/09/2026;01:00;19.2;2;NUAGEUX;1;3.6;0
Saint-Amand-Montrond;46.72;2.5;28/09/2026;02:00;18.5;2;NUAGEUX;2;7.6;0
Saint-Amand-Montrond;46.72;2.5;28/09/2026;03:00;18.5;2;NUAGEUX;2;6.4;0
Saint-Amand-Montrond;46.72;2.5;28/09/2026;04:00;18.5;2;NUAGEUX;2;3.6;0
Saint-Amand-Montrond;46.72;2.5;28/09/2026;05:00;17.5;2;NUAGEUX;1;4.9;0
Saint-Amand-Montrond;46.72;2.5;28/09/2026;06:00;17.5;2;NUAGEUX;1;3.6;0
Saint-Amand-Montrond;46.72;2.5;28/09/2026;07:00;17.5;2;NUAGEUX;1;5.4;0
Saint-Amand-Montrond;46.72;2.5;28/09/2026;08:00;21.6;5;SOLEIL VOILÉ;2;4.7;0
Saint-Amand-Montrond;46.72;2.5;28/09/2026;09:00;21.6;5;SOLEIL VOILÉ;2;4.7;0
Saint-Amand-Montrond;46.72;2.5;28/09/2026;10:00;21.6;5;SOLEIL VOILÉ;2;6.1;0
Saint-Amand-Montrond;46.72;2.5;28/09/2026;11:00;26.4;5;SOLEIL VOILÉ;2;11.9;0
Saint-Amand-Montrond;46.72;2.5;28/09/2026;12:00;26.4;5;SOLEIL VOILÉ;2;13.3;0
Saint-Amand-Montrond;46.72;2.5;28/09/2026;13:00;26.4;5;SOLEIL VOILÉ;2;15.1;0
Saint-Amand-Montrond;46.72;2.5;28/09/2026;14:00;28.1;5;SOLEIL VOILÉ;3;9.4;0
Saint-Amand-Montrond;46.72;2.5;28/09/2026;15:00;28.1;5;SOLEIL VOILÉ;3;12.6;0
Saint-Amand-Montrond;46.72;2.5;28/09/2026;16:00;28.1;5;SOLEIL VOILÉ;3;19.8;0
Saint-Amand-Montrond;46.72;2.5;28/09/2026;17:00;26.6;5;SOLEIL VOILÉ;3;24.8;0
Saint-Amand-Montrond;46.72;2.5;28/09/2026;18:00;26.6;5;SOLEIL VOILÉ;3;25.9;0
Saint-Amand-Montrond;46.72;2.5;28/09/2026;19:00;26.6;5;SOLEIL VOILÉ;3;25.2;0
Saint-Amand-Montrond;46.72;2.5;28/09/2026;20:00;22;5;SOLEIL VOILÉ;3;16.9;0
Saint-Amand-Montrond;46.72;2.5;28/09/2026;21:00;22;5;SOLEIL VOILÉ;3;10.4;0
Saint-Amand-Montrond;46.72;2.5;28/09/2026;22:00;22;5;SOLEIL VOILÉ;3;11.2;0
Saint-Amand-Montrond;46.72;2.5;28/09/2026;23:00;18.5;5;SOLEIL VOILÉ;2;10.4;0
Saint-Amand-Montrond;46.72;2.5;29/09/2026;00:00;18.5;5;SOLEIL VOILÉ;2;14.0;0
Saint-Amand-Montrond;46.72;2.5;29/09/2026;01:00;18.5;5;SOLEIL VOILÉ;2;15.5;0
Saint-Amand-Montrond;46.72;2.5;29/09/2026;02:00;17.2;5;SOLEIL VOILÉ;2;14.4;0
Saint-Amand-Montrond;46.72;2.5;29/09/2026;03:00;17.2;5;SOLEIL VOILÉ;2;11.2;0
Saint-Amand-Montrond;46.72;2.5;29/09/2026;04:00;17.2;5;SOLEIL VOILÉ;2;11.5;0
Saint-Amand-Montrond;46.72;2.5;29/09/2026;05:00;16.5;0;SOLEIL;2;14.0;0
Saint-Amand-Montrond;46.72;2.5;29/09/2026;06:00;16.5;0;SOLEIL;2;14.0;0
Saint-Amand-Montrond;46.72;2.5;29/09/2026;07:00;16.5;0;SOLEIL;2;14.8;0
Saint-Amand-Montrond;46.72;2.5;29/09/2026;08:00;23.6;0;SOLEIL;3;15.1;0
Saint-Amand-Montrond;46.72;2.5;29/09/2026;09:00;23.6;0;SOLEIL;3;18.0;0
Saint-Amand-Montrond;46.72;2.5;29/09/2026;10:00;23.6;0;SOLEIL;3;21.6;0
Saint-Amand-Montrond;46.72;2.5;29/09/2026;11:00;28.5;0;SOLEIL;3;25.2;0
Saint-Amand-Montrond;46.72;2.5;29/09/2026;12:00;28.5;0;SOLEIL;3;28.8;0
Saint-Amand-Montrond;46.72;2.5;29/09/2026;13:00;28.5;0;SOLEIL;3;32.0;0
Saint-Amand-Montrond;46.72;2.5;29/09/2026;14:00;30.1;0;SOLEIL;3;34.6;0
Saint-Amand-Montrond;46.72;2.5;29/09/2026;15:00;30.1;0;SOLEIL;3;35.6;0
Saint-Amand-Montrond;46.72;2.5;29/09/2026;16:00;30.1;0;SOLEIL;3;35.6;0
Saint-Amand-Montrond;46.72;2.5;29/09/2026;17:00;28;0;SOLEIL;3;34.9;0
Saint-Amand-Montrond;46.72;2.5;29/09/2026;18:00;28;0;SOLEIL;3;33.1;0
Saint-Amand-Montrond;46.72;2.5;29/09/2026;19:00;28;0;SOLEIL;3;30.2;0
Saint-Amand-Montrond;46.72;2.5;29/09/2026;20:00;22.4;0;SOLEIL;5;27.7;0
Saint-Amand-Montrond;46.72;2.5;29/09/2026;21:00;20.7;0;SOLEIL;5;25.9;0
Saint-Amand-Montrond;46.72;2.5;29/09/2026;22:00;19.0;0;SOLEIL;5;24.1;0
Saint-Amand-Montrond;46.72;2.5;29/09/2026;23:00;20.7;2;NUAGEUX;3;22.7;0
Saint-Amand-Montrond;46.72;2.5;30/09/2026;00:00;20.7;2;NUAGEUX;3;21.6;0
Saint-Amand-Montrond;46.72;2.5;30/09/2026;01:00;20.7;2;NUAGEUX;3;20.5;0
Saint-Amand-Montrond;46.72;2.5;30/09/2026;02:00;17.9;7;PLUIE FAIBLE;5;19.8;0
Saint-Amand-Montrond;46.72;2.5;30/09/2026;03:00;17.9;7;PLUIE FAIBLE;5;19.1;0
Saint-Amand-Montrond;46.72;2.5;30/09/2026;04:00;17.9;7;PLUIE FAIBLE;5;18.4;0
Saint-Amand-Montrond;46.72;2.5;30/09/2026;05:00;18.6;2;NUAGEUX;3;17.6;0
Saint-Amand-Montrond;46.72;2.5;30/09/2026;06:00;18.6;2;NUAGEUX;3;16.9;0
Saint-Amand-Montrond;46.72;2.5;30/09/2026;07:00;18.6;2;NUAGEUX;3;16.2;0
Saint-Amand-Montrond;46.72;2.5;30/09/2026;08:00;20.2;7;PLUIE FAIBLE;5;16.2;0
Saint-Amand-Montrond;46.72;2.5;30/09/2026;09:00;21.3;7;PLUIE FAIBLE;5;18.0;0
Saint-Amand-Montrond;46.72;2.5;30/09/2026;10:00;22.4;7;PLUIE FAIBLE;5;20.9;0
Saint-Amand-Montrond;46.72;2.5;30/09/2026;11:00;26.6;2;NUAGEUX;3;23.0;0
Saint-Amand-Montrond;46.72;2.5;30/09/2026;12:00;26.6;2;NUAGEUX;3;24.1;0
Saint-Amand-Montrond;46.72;2.5;30/09/2026;13:00;26.6;2;NUAGEUX;3;24.8;0
Saint-Amand-Montrond;46.72;2.5;30/09/2026;14:00;27.0;7;PLUIE FAIBLE;5;26.3;0
Saint-Amand-Montrond;46.72;2.5;30/09/2026;15:00;28.1;7;PLUIE FAIBLE;5;30.2;0
Saint-Amand-Montrond;46.72;2.5;30/09/2026;16:00;27.0;7;PLUIE FAIBLE;5;34.9;0
Saint-Amand-Montrond;46.72;2.5;30/09/2026;17:00;23.6;7;PLUIE FAIBLE;3;36.0;0
Saint-Amand-Montrond;46.72;2.5;30/09/2026;18:00;23.6;7;PLUIE FAIBLE;3;29.2;0
Saint-Amand-Montrond;46.72;2.5;30/09/2026;19:00;23.6;7;PLUIE FAIBLE;3;18.7;0
Saint-Amand-Montrond;46.72;2.5;30/09/2026;20:00;22.4;7;PLUIE FAIBLE;5;11.5;0
Saint-Amand-Montrond;46.72;2.5;30/09/2026;21:00;21.3;7;PLUIE FAIBLE;5;11.5;0
Saint-Amand-Montrond;46.72;2.5;30/09/2026;22:00;20.2;7;PLUIE FAIBLE;5;14.8;0
Saint-Amand-Montrond;46.72;2.5;30/09/2026;23:00;19.5;7;PLUIE FAIBLE;2;17.6;0
Saint-Amand-Montrond;46.72;2.5;01/10/2026;00:00;19.5;7;PLUIE FAIBLE;2;18.4;0
Saint-Amand-Montrond;46.72;2.5;01/10/2026;01:00;19.5;7;PLUIE FAIBLE;2;19.3;0
Saint-Amand-Montrond;46.72;2.5;01/10/2026;02:00;15.6;6;AVERSES;5;19.4;0
Saint-Amand-Montrond;46.72;2.5;01/10/2026;03:00;15.6;6;AVERSES;5;16.9;0
Saint-Amand-Montrond;46.72;2.5;01/10/2026;04:00;15.6;6;AVERSES;5;13.7;0
Saint-Amand-Montrond;46.72;2.5;01/10/2026;05:00;17.1;6;AVERSES;2;13.3;0
Saint-Amand-Montrond;46.72;2.5;01/10/2026;06:00;17.1;6;AVERSES;2;19.8;0
Saint-Amand-Montrond;46.72;2.5;01/10/2026;07:00;17.1;6;AVERSES;2;29.5;0
Saint-Amand-Montrond;46.72;2.5;01/10/2026;08:00;16.7;6;AVERSES;5;35.3;0
Saint-Amand-Montrond;46.72;2.5;01/10/2026;09:00;17.3;6;AVERSES;5;32.8;0
Saint-Amand-Montrond;46.72;2.5;01/10/2026;10:00;17.9;6;AVERSES;5;26.3;0
Saint-Amand-Montrond;46.72;2.5;01/10/2026;11:00;19.2;6;AVERSES;3;20.5;0
Saint-Amand-Montrond;46.72;2.5;01/10/2026;12:00;19.2;6;AVERSES;3;16.2;0
Saint-Amand-Montrond;46.72;2.5;01/10/2026;13:00;19.2;6;AVERSES;3;13.0;0
Saint-Amand-Montrond;46.72;2.5;01/10/2026;14:00;20.1;6;AVERSES;5;11.5;0
Saint-Amand-Montrond;46.72;2.5;01/10/2026;15:00;20.7;6;AVERSES;5;14.0;0
Saint-Amand-Montrond;46.72;2.5;01/10/2026;16:00;20.1;6;AVERSES;5;18.7;0
Saint-Amand-Montrond;46.72;2.5;01/10/2026;17:00;18.6;7;PLUIE FAIBLE;2;22.3;0
Saint-Amand-Montrond;46.72;2.5;01/10/2026;18:00;18.6;7;PLUIE FAIBLE;2;23.4;0
Saint-Amand-Montrond;46.72;2.5;01/10/2026;19:00;18.6;7;PLUIE FAIBLE;2;23.4;0
Saint-Amand-Montrond;46.72;2.5;01/10/2026;20:00;17.9;6;AVERSES;5;22.3;0
Saint-Amand-Montrond;46.72;2.5;01/10/2026;21:00;17.3;6;AVERSES;5;20.2;0
Saint-Amand-Montrond;46.72;2.5;01/10/2026;22:00;16.7;6;AVERSES;5;17.3;0
Saint-Amand-Montrond;46.72;2.5;01/10/2026;23:00;14.6;0;SOLEIL;2;14.8;0
Sancerre;47.33;2.84;27/09/2026;00:00;14.5;0;SOLEIL;2;6.5;0
Sancerre;47.33;2.84;27/09/2026;01:00;13.6;0;SOLEIL;1;6.1;0
Sancerre;47.33;2.84;27/09/2026;02:00;13.6;0;SOLEIL;1;6.5;0
Sancerre;47.33;2.84;27/09/2026;03:00;13.4;0;SOLEIL;2;8.3;0
Sancerre;47.33;2.84;27/09/2026;04:00;13.1;0;SOLEIL;2;8.3;0
Sancerre;47.33;2.84;27/09/2026;05:00;13.2;0;SOLEIL;2;7.6;0
Sancerre;47.33;2.84;27/09/2026;06:00;13.9;0;SOLEIL;2;8.6;0
Sancerre;47.33;2.84;27/09/2026;07:00;16.1;0;SOLEIL;2;9.0;0
Sancerre;47.33;2.84;27/09/2026;08:00;19.6;0;SOLEIL;2;8.3;0
Sancerre;47.33;2.84;27/09/2026;09:00;23.6;0;SOLEIL;2;7.6;0
Sancerre;47.33;2.84;27/09/2026;10:00;27.5;0;SOLEIL;2;10.1;0
Sancerre;47.33;2.84;27/09/2026;11:00;29.1;5;SOLEIL VOILÉ;3;12.6;0
Sancerre;47.33;2.84;27/09/2026;12:00;30;5;SOLEIL VOILÉ;3;11.5;0
Sancerre;47.33;2.84;27/09/2026;13:00;30.8;2;NUAGEUX;4;11.5;0
Sancerre;47.33;2.84;27/09/2026;14:00;31.4;5;SOLEIL VOILÉ;4;21.6;0
Sancerre;47.33;2.84;27/09/2026;15:00;31.2;5;SOLEIL VOILÉ;4;23.0;0
Sancerre;47.33;2.84;27/09/2026;16:00;30.7;5;SOLEIL VOILÉ;4;22.3;0
Sancerre;47.33;2.84;27/09/2026;17:00;29;5;SOLEIL VOILÉ;4;21.2;0
Sancerre;47.33;2.84;27/09/2026;18:00;26.6;5;SOLEIL VOILÉ;2;21.6;0
Sancerre;47.33;2.84;27/09/2026;19:00;23.6;5;SOLEIL VOILÉ;1;18.4;0
Sancerre;47.33;2.84;27/09/2026;20:00;21.4;5;SOLEIL VOILÉ;0;14.4;0
Sancerre;47.33;2.84;27/09/2026;21:00;19.9;5;SOLEIL VOILÉ;2;9.7;0
Sancerre;47.33;2.84;27/09/2026;22:00;18.7;5;SOLEIL VOILÉ;1;7.2;0
Sancerre;47.33;2.84;27/09/2026;23:00;18.1;2;NUAGEUX;1;3.6;0
Sancerre;47.33;2.84;28/09/2026;00:00;17.9;2;NUAGEUX;1;5.8;0
Sancerre;47.33;2.84;28/09/2026;01:00;17.9;2;NUAGEUX;1;3.6;0
Sancerre;47.33;2.84;28/09/2026;02:00;17;5;SOLEIL VOILÉ;2;5.0;0
Sancerre;47.33;2.84;28/09/2026;03:00;17;5;SOLEIL VOILÉ;2;6.3;0
Sancerre;47.33;2.84;28/09/2026;04:00;17;5;SOLEIL VOILÉ;2;6.8;0
Sancerre;47.33;2.84;28/09/2026;05:00;15.9;5;SOLEIL VOILÉ;1;6.8;0
Sancerre;47.33;2.84;28/09/2026;06:00;15.9;5;SOLEIL VOILÉ;1;8.6;0
Sancerre;47.33;2.84;28/09/2026;07:00;15.9;5;SOLEIL VOILÉ;1;7.6;0
Sancerre;47.33;2.84;28/09/2026;08:00;22.1;5;SOLEIL VOILÉ;1;6.8;0
Sancerre;47.33;2.84;28/09/2026;09:00;22.1;5;SOLEIL VOILÉ;1;6.1;0
Sancerre;47.33;2.84;28/09/2026;10:00;22.1;5;SOLEIL VOILÉ;1;6.8;0
Sancerre;47.33;2.84;28/09/2026;11:00;26.6;5;SOLEIL VOILÉ;1;11.5;0
Sancerre;47.33;2.84;28/09/2026;12:00;26.6;5;SOLEIL VOILÉ;1;10.8;0
Sancerre;47.33;2.84;28/09/2026;13:00;26.6;5;SOLEIL VOILÉ;1;11.9;0
Sancerre;47.33;2.84;28/09/2026;14:00;28.7;5;SOLEIL VOILÉ;2;18.7;0
Sancerre;47.33;2.84;28/09/2026;15:00;28.7;5;SOLEIL VOILÉ;2;24.1;0
Sancerre;47.33;2.84;28/09/2026;16:00;28.7;5;SOLEIL VOILÉ;2;27.0;0
Sancerre;47.33;2.84;28/09/2026;17:00;26.4;5;SOLEIL VOILÉ;3;27.0;0
Sancerre;47.33;2.84;28/09/2026;18:00;26.4;5;SOLEIL VOILÉ;3;26.3;0
Sancerre;47.33;2.84;28/09/2026;19:00;26.4;5;SOLEIL VOILÉ;3;21.6;0
Sancerre;47.33;2.84;28/09/2026;20:00;20.1;5;SOLEIL VOILÉ;3;15.5;0
Sancerre;47.33;2.84;28/09/2026;21:00;20.1;5;SOLEIL VOILÉ;3;11.2;0
Sancerre;47.33;2.84;28/09/2026;22:00;20.1;5;SOLEIL VOILÉ;3;10.1;0
Sancerre;47.33;2.84;28/09/2026;23:00;17.6;5;SOLEIL VOILÉ;2;10.4;0
Sancerre;47.33;2.84;29/09/2026;00:00;17.6;5;SOLEIL VOILÉ;2;11.5;0
Sancerre;47.33;2.84;29/09/2026;01:00;17.6;5;SOLEIL VOILÉ;2;13.3;0
Sancerre;47.33;2.84;29/09/2026;02:00;16.1;5;SOLEIL VOILÉ;2;13.3;0
Sancerre;47.33;2.84;29/09/2026;03:00;16.1;5;SOLEIL VOILÉ;2;10.1;0
Sancerre;47.33;2.84;29/09/2026;04:00;16.1;5;SOLEIL VOILÉ;2;9.4;0
Sancerre;47.33;2.84;29/09/2026;05:00;15.7;0;SOLEIL;2;9.7;0
Sancerre;47.33;2.84;29/09/2026;06:00;15.7;0;SOLEIL;2;10.4;0
Sancerre;47.33;2.84;29/09/2026;07:00;15.7;0;SOLEIL;2;10.1;0
Sancerre;47.33;2.84;29/09/2026;08:00;24;0;SOLEIL;3;8.6;0
Sancerre;47.33;2.84;29/09/2026;09:00;24;0;SOLEIL;3;11.5;0
Sancerre;47.33;2.84;29/09/2026;10:00;24;0;SOLEIL;3;16.2;0
Sancerre;47.33;2.84;29/09/2026;11:00;29.9;0;SOLEIL;3;20.9;0
Sancerre;47.33;2.84;29/09/2026;12:00;29.9;0;SOLEIL;3;25.9;0
Sancerre;47.33;2.84;29/09/2026;13:00;29.9;0;SOLEIL;3;31.3;0
Sancerre;47.33;2.84;29/09/2026;14:00;30.6;0;SOLEIL;4;35.3;0
Sancerre;47.33;2.84;29/09/2026;15:00;30.6;0;SOLEIL;4;37.8;0
Sancerre;47.33;2.84;29/09/2026;16:00;30.6;0;SOLEIL;4;38.9;0
Sancerre;47.33;2.84;29/09/2026;17:00;28.2;0;SOLEIL;3;37.8;0
Sancerre;47.33;2.84;29/09/2026;18:00;28.2;0;SOLEIL;3;33.5;0
Sancerre;47.33;2.84;29/09/2026;19:00;28.2;0;SOLEIL;3;27.4;0
Sancerre;47.33;2.84;29/09/2026;20:00;22.1;0;SOLEIL;5;22.7;0
Sancerre;47.33;2.84;29/09/2026;21:00;20.3;0;SOLEIL;5;20.5;0
Sancerre;47.33;2.84;29/09/2026;22:00;18.5;0;SOLEIL;5;19.8;0
Sancerre;47.33;2.84;29/09/2026;23:00;17.9;0;SOLEIL;3;19.1;0
Sancerre;47.33;2.84;30/09/2026;00:00;17.9;0;SOLEIL;3;18.0;0
Sancerre;47.33;2.84;30/09/2026;01:00;17.9;0;SOLEIL;3;17.3;0
Sancerre;47.33;2.84;30/09/2026;02:00;17.2;2;NUAGEUX;5;16.6;0
Sancerre;47.33;2.84;30/09/2026;03:00;17.2;2;NUAGEUX;5;15.8;0
Sancerre;47.33;2.84;30/09/2026;04:00;17.2;2;NUAGEUX;5;15.1;0
Sancerre;47.33;2.84;30/09/2026;05:00;18.5;2;NUAGEUX;3;14.4;0
Sancerre;47.33;2.84;30/09/2026;06:00;18.5;2;NUAGEUX;3;13.3;0
Sancerre;47.33;2.84;30/09/2026;07:00;18.5;2;NUAGEUX;3;11.9;0
Sancerre;47.33;2.84;30/09/2026;08:00;19.6;2;NUAGEUX;5;12.2;0
Sancerre;47.33;2.84;30/09/2026;09:00;20.8;2;NUAGEUX;5;15.5;0
Sancerre;47.33;2.84;30/09/2026;10:00;22.0;2;NUAGEUX;5;20.2;0
Sancerre;47.33;2.84;30/09/2026;11:00;26.7;2;NUAGEUX;3;24.5;0
Sancerre;47.33;2.84;30/09/2026;12:00;26.7;2;NUAGEUX;3;28.1;0
Sancerre;47.33;2.84;30/09/2026;13:00;26.7;2;NUAGEUX;3;31.7;0
Sancerre;47.33;2.84;30/09/2026;14:00;26.7;2;NUAGEUX;5;33.8;0
Sancerre;47.33;2.84;30/09/2026;15:00;27.9;2;NUAGEUX;5;35.3;0
Sancerre;47.33;2.84;30/09/2026;16:00;26.7;2;NUAGEUX;5;35.6;0
Sancerre;47.33;2.84;30/09/2026;17:00;23.1;7;PLUIE FAIBLE;2;33.8;0
Sancerre;47.33;2.84;30/09/2026;18:00;23.1;7;PLUIE FAIBLE;2;27.4;0
Sancerre;47.33;2.84;30/09/2026;19:00;23.1;7;PLUIE FAIBLE;2;18.7;0
Sancerre;47.33;2.84;30/09/2026;20:00;22.0;2;NUAGEUX;5;13.3;0
Sancerre;47.33;2.84;30/09/2026;21:00;20.8;2;NUAGEUX;5;15.1;0
Sancerre;47.33;2.84;30/09/2026;22:00;19.6;2;NUAGEUX;5;20.2;0
Sancerre;47.33;2.84;30/09/2026;23:00;19.1;6;AVERSES;2;23.8;0
Sancerre;47.33;2.84;01/10/2026;00:00;19.1;6;AVERSES;2;22.9;0
Sancerre;47.33;2.84;01/10/2026;01:00;19.1;6;AVERSES;2;20.7;0
Sancerre;47.33;2.84;01/10/2026;02:00;15.4;6;AVERSES;5;18.5;0
Sancerre;47.33;2.84;01/10/2026;03:00;15.4;6;AVERSES;5;14.4;0
Sancerre;47.33;2.84;01/10/2026;04:00;15.4;6;AVERSES;5;10.1;0
Sancerre;47.33;2.84;01/10/2026;05:00;16.7;6;AVERSES;2;10.4;0
Sancerre;47.33;2.84;01/10/2026;06:00;16.7;6;AVERSES;2;20.2;0
Sancerre;47.33;2.84;01/10/2026;07:00;16.7;6;AVERSES;2;34.2;0
Sancerre;47.33;2.84;01/10/2026;08:00;16.8;6;AVERSES;5;41.8;0
Sancerre;47.33;2.84;01/10/2026;09:00;17.5;6;AVERSES;5;36.4;0
Sancerre;47.33;2.84;01/10/2026;10:00;18.2;6;AVERSES;5;24.5;0
Sancerre;47.33;2.84;01/10/2026;11:00;20.2;7;PLUIE FAIBLE;3;16.2;0
Sancerre;47.33;2.84;01/10/2026;12:00;20.2;7;PLUIE FAIBLE;3;15.8;0
Sancerre;47.33;2.84;01/10/2026;13:00;20.2;7;PLUIE FAIBLE;3;19.4;0
Sancerre;47.33;2.84;01/10/2026;14:00;20.9;6;AVERSES;5;22.0;0
Sancerre;47.33;2.84;01/10/2026;15:00;21.6;6;AVERSES;5;22.7;0
Sancerre;47.33;2.84;01/10/2026;16:00;20.9;6;AVERSES;5;22.7;0
Sancerre;47.33;2.84;01/10/2026;17:00;18.2;6;AVERSES;2;22.3;0
Sancerre;47.33;2.84;01/10/2026;18:00;18.2;6;AVERSES;2;21.6;0
Sancerre;47.33;2.84;01/10/2026;19:00;18.2;6;AVERSES;2;20.2;0
Sancerre;47.33;2.84;01/10/2026;20:00;18.2;6;AVERSES;5;19.1;0
Sancerre;47.33;2.84;01/10/2026;21:00;17.5;6;AVERSES;5;18.0;0
Sancerre;47.33;2.84;01/10/2026;22:00;16.8;6;AVERSES;5;16.6;0
Sancerre;47.33;2.84;01/10/2026;23:00;13.9;0;SOLEIL;2;15.5;0
Chartres;48.44;1.48;27/09/2026;00:00;15.9;0;SOLEIL;2;3.6;0
Chartres;48.44;1.48;27/09/2026;01:00;15.5;0;SOLEIL;2;1.4;0
Chartres;48.44;1.48;27/09/2026;02:00;15.7;0;SOLEIL;2;4.3;0
Chartres;48.44;1.48;27/09/2026;03:00;15.7;0;SOLEIL;1;4.3;0
Chartres;48.44;1.48;27/09/2026;04:00;15.1;0;SOLEIL;1;3.6;0
Chartres;48.44;1.48;27/09/2026;05:00;15.4;0;SOLEIL;1;2.2;0
Chartres;48.44;1.48;27/09/2026;06:00;14.9;0;SOLEIL;2;3.6;0
Chartres;48.44;1.48;27/09/2026;07:00;15.9;0;SOLEIL;2;4.3;0
Chartres;48.44;1.48;27/09/2026;08:00;17.9;0;SOLEIL;2;4.7;0
Chartres;48.44;1.48;27/09/2026;09:00;20;0;SOLEIL;2;6.5;0
Chartres;48.44;1.48;27/09/2026;10:00;24;0;SOLEIL;3;12.6;0
Chartres;48.44;1.48;27/09/2026;11:00;25.9;5;SOLEIL VOILÉ;3;17.6;0
Chartres;48.44;1.48;27/09/2026;12:00;27.2;5;SOLEIL VOILÉ;4;22.3;0
Chartres;48.44;1.48;27/09/2026;13:00;27.7;2;NUAGEUX;3;23.0;0
Chartres;48.44;1.48;27/09/2026;14:00;27.7;2;NUAGEUX;3;24.1;0
Chartres;48.44;1.48;27/09/2026;15:00;27.7;2;NUAGEUX;3;22.7;0
Chartres;48.44;1.48;27/09/2026;16:00;27.1;2;NUAGEUX;3;23.0;0
Chartres;48.44;1.48;27/09/2026;17:00;25.7;2;NUAGEUX;2;20.5;0
Chartres;48.44;1.48;27/09/2026;18:00;23.2;2;NUAGEUX;2;15.5;0
Chartres;48.44;1.48;27/09/2026;19:00;21.9;5;SOLEIL VOILÉ;2;7.9;0
Chartres;48.44;1.48;27/09/2026;20:00;20.7;5;SOLEIL VOILÉ;1;6.1;0
Chartres;48.44;1.48;27/09/2026;21:00;20.1;2;NUAGEUX;1;6.1;0
Chartres;48.44;1.48;27/09/2026;22:00;19.6;2;NUAGEUX;2;3.2;0
Chartres;48.44;1.48;27/09/2026;23:00;19.1;2;NUAGEUX;2;5.4;0
Chartres;48.44;1.48;28/09/2026;00:00;18.1;2;NUAGEUX;2;3.6;0
Chartres;48.44;1.48;28/09/2026;01:00;18.1;2;NUAGEUX;2;4.0;0
Chartres;48.44;1.48;28/09/2026;02:00;17.4;5;SOLEIL VOILÉ;2;2.9;0
Chartres;48.44;1.48;28/09/2026;03:00;17.4;5;SOLEIL VOILÉ;2;5.0;0
Chartres;48.44;1.48;28/09/2026;04:00;17.4;5;SOLEIL VOILÉ;2;4.5;0
Chartres;48.44;1.48;28/09/2026;05:00;16.5;2;NUAGEUX;2;3.0;0
Chartres;48.44;1.48;28/09/2026;06:00;16.5;2;NUAGEUX;2;2.9;0
Chartres;48.44;1.48;28/09/2026;07:00;16.5;2;NUAGEUX;2;4.7;0
Chartres;48.44;1.48;28/09/2026;08:00;22;5;SOLEIL VOILÉ;3;4.0;0
Chartres;48.44;1.48;28/09/2026;09:00;22;5;SOLEIL VOILÉ;3;2.9;0
Chartres;48.44;1.48;28/09/2026;10:00;22;5;SOLEIL VOILÉ;3;6.5;0
Chartres;48.44;1.48;28/09/2026;11:00;25.6;5;SOLEIL VOILÉ;2;9.0;0
Chartres;48.44;1.48;28/09/2026;12:00;25.6;5;SOLEIL VOILÉ;2;17.6;0
Chartres;48.44;1.48;28/09/2026;13:00;25.6;5;SOLEIL VOILÉ;2;20.2;0
Chartres;48.44;1.48;28/09/2026;14:00;28.1;5;SOLEIL VOILÉ;3;22.3;0
Chartres;48.44;1.48;28/09/2026;15:00;28.1;5;SOLEIL VOILÉ;3;13.3;0
Chartres;48.44;1.48;28/09/2026;16:00;28.1;5;SOLEIL VOILÉ;3;18.4;0
Chartres;48.44;1.48;28/09/2026;17:00;23.6;5;SOLEIL VOILÉ;2;26.6;0
Chartres;48.44;1.48;28/09/2026;18:00;23.6;5;SOLEIL VOILÉ;2;27.0;0
Chartres;48.44;1.48;28/09/2026;19:00;23.6;5;SOLEIL VOILÉ;2;24.1;0
Chartres;48.44;1.48;28/09/2026;20:00;19.1;5;SOLEIL VOILÉ;3;15.1;0
Chartres;48.44;1.48;28/09/2026;21:00;19.1;5;SOLEIL VOILÉ;3;6.8;0
Chartres;48.44;1.48;28/09/2026;22:00;19.1;5;SOLEIL VOILÉ;3;4.0;0
Chartres;48.44;1.48;28/09/2026;23:00;16.7;5;SOLEIL VOILÉ;2;4.7;0
Chartres;48.44;1.48;29/09/2026;00:00;16.7;5;SOLEIL VOILÉ;2;8.6;0
Chartres;48.44;1.48;29/09/2026;01:00;16.7;5;SOLEIL VOILÉ;2;9.7;0
Chartres;48.44;1.48;29/09/2026;02:00;15.9;5;SOLEIL VOILÉ;2;9.7;0
Chartres;48.44;1.48;29/09/2026;03:00;15.9;5;SOLEIL VOILÉ;2;8.6;0
Chartres;48.44;1.48;29/09/2026;04:00;15.9;5;SOLEIL VOILÉ;2;8.6;0
Chartres;48.44;1.48;29/09/2026;05:00;15.6;0;SOLEIL;2;10.8;0
Chartres;48.44;1.48;29/09/2026;06:00;15.6;0;SOLEIL;2;11.2;0
Chartres;48.44;1.48;29/09/2026;07:00;15.6;0;SOLEIL;2;10.4;0
Chartres;48.44;1.48;29/09/2026;08:00;22.6;0;SOLEIL;3;9.7;0
Chartres;48.44;1.48;29/09/2026;09:00;22.6;0;SOLEIL;3;13.7;0
Chartres;48.44;1.48;29/09/2026;10:00;22.6;0;SOLEIL;3;19.4;0
Chartres;48.44;1.48;29/09/2026;11:00;27.2;0;SOLEIL;4;24.1;0
Chartres;48.44;1.48;29/09/2026;12:00;27.2;0;SOLEIL;4;27.0;0
Chartres;48.44;1.48;29/09/2026;13:00;27.2;0;SOLEIL;4;28.4;0
Chartres;48.44;1.48;29/09/2026;14:00;29.5;0;SOLEIL;4;30.2;0
Chartres;48.44;1.48;29/09/2026;15:00;29.5;0;SOLEIL;4;32.4;0
Chartres;48.44;1.48;29/09/2026;16:00;29.5;0;SOLEIL;4;34.6;0
Chartres;48.44;1.48;29/09/2026;17:00;25.2;0;SOLEIL;3;34.9;0
Chartres;48.44;1.48;29/09/2026;18:00;25.2;0;SOLEIL;3;32.8;0
Chartres;48.44;1.48;29/09/2026;19:00;25.2;0;SOLEIL;3;29.2;0
Chartres;48.44;1.48;29/09/2026;20:00;21.7;0;SOLEIL;5;26.3;0
Chartres;48.44;1.48;29/09/2026;21:00;19.9;0;SOLEIL;5;25.2;0
Chartres;48.44;1.48;29/09/2026;22:00;18.1;0;SOLEIL;5;25.2;0
Chartres;48.44;1.48;29/09/2026;23:00;18.6;0;SOLEIL;3;24.5;0
Chartres;48.44;1.48;30/09/2026;00:00;18.6;0;SOLEIL;3;22.3;0
Chartres;48.44;1.48;30/09/2026;01:00;18.6;0;SOLEIL;3;19.8;0
Chartres;48.44;1.48;30/09/2026;02:00;16.4;7;PLUIE FAIBLE;5;17.6;0
Chartres;48.44;1.48;30/09/2026;03:00;16.4;7;PLUIE FAIBLE;5;16.9;0
Chartres;48.44;1.48;30/09/2026;04:00;16.4;7;PLUIE FAIBLE;5;16.6;0
Chartres;48.44;1.48;30/09/2026;05:00;17.2;2;NUAGEUX;3;16.6;0
Chartres;48.44;1.48;30/09/2026;06:00;17.2;2;NUAGEUX;3;15.5;0
Chartres;48.44;1.48;30/09/2026;07:00;17.2;2;NUAGEUX;3;14.4;0
Chartres;48.44;1.48;30/09/2026;08:00;18.6;7;PLUIE FAIBLE;5;15.1;0
Chartres;48.44;1.48;30/09/2026;09:00;19.8;7;PLUIE FAIBLE;5;19.1;0
Chartres;48.44;1.48;30/09/2026;10:00;20.9;7;PLUIE FAIBLE;5;24.8;0
Chartres;48.44;1.48;30/09/2026;11:00;24.6;2;NUAGEUX;3;29.2;0
Chartres;48.44;1.48;30/09/2026;12:00;24.6;2;NUAGEUX;3;29.9;0
Chartres;48.44;1.48;30/09/2026;13:00;24.6;2;NUAGEUX;3;28.8;0
Chartres;48.44;1.48;30/09/2026;14:00;25.4;7;PLUIE FAIBLE;5;28.4;0
Chartres;48.44;1.48;30/09/2026;15:00;26.5;7;PLUIE FAIBLE;5;31.0;0
Chartres;48.44;1.48;30/09/2026;16:00;25.4;7;PLUIE FAIBLE;5;34.2;0
Chartres;48.44;1.48;30/09/2026;17:00;21.5;7;PLUIE FAIBLE;3;34.6;0
Chartres;48.44;1.48;30/09/2026;18:00;21.5;7;PLUIE FAIBLE;3;28.1;0
Chartres;48.44;1.48;30/09/2026;19:00;21.5;7;PLUIE FAIBLE;3;18.4;0
Chartres;48.44;1.48;30/09/2026;20:00;20.9;7;PLUIE FAIBLE;5;12.6;0
Chartres;48.44;1.48;30/09/2026;21:00;19.8;7;PLUIE FAIBLE;5;14.4;0
Chartres;48.44;1.48;30/09/2026;22:00;18.6;7;PLUIE FAIBLE;5;19.8;0
Chartres;48.44;1.48;30/09/2026;23:00;18.1;7;PLUIE FAIBLE;3;24.1;0
Chartres;48.44;1.48;01/10/2026;00:00;18.1;7;PLUIE FAIBLE;3;25.1;0
Chartres;48.44;1.48;01/10/2026;01:00;18.1;7;PLUIE FAIBLE;3;24.5;0
Chartres;48.44;1.48;01/10/2026;02:00;14.6;6;AVERSES;5;23.4;0
Chartres;48.44;1.48;01/10/2026;03:00;14.6;6;AVERSES;5;21.6;0
Chartres;48.44;1.48;01/10/2026;04:00;14.6;6;AVERSES;5;19.1;0
Chartres;48.44;1.48;01/10/2026;05:00;16.4;6;AVERSES;2;19.1;0
Chartres;48.44;1.48;01/10/2026;06:00;16.4;6;AVERSES;2;23.4;0
Chartres;48.44;1.48;01/10/2026;07:00;16.4;6;AVERSES;2;30.2;0
Chartres;48.44;1.48;01/10/2026;08:00;15.8;6;AVERSES;5;34.2;0
Chartres;48.44;1.48;01/10/2026;09:00;16.4;6;AVERSES;5;33.1;0
Chartres;48.44;1.48;01/10/2026;10:00;17.0;6;AVERSES;5;29.5;0
Chartres;48.44;1.48;01/10/2026;11:00;18.6;7;PLUIE FAIBLE;3;25.9;0
Chartres;48.44;1.48;01/10/2026;12:00;18.6;7;PLUIE FAIBLE;3;23.4;0
Chartres;48.44;1.48;01/10/2026;13:00;18.6;7;PLUIE FAIBLE;3;21.2;0
Chartres;48.44;1.48;01/10/2026;14:00;19.4;6;AVERSES;5;19.4;0
Chartres;48.44;1.48;01/10/2026;15:00;20.0;6;AVERSES;5;18.0;0
Chartres;48.44;1.48;01/10/2026;16:00;19.4;6;AVERSES;5;16.9;0
Chartres;48.44;1.48;01/10/2026;17:00;16.4;6;AVERSES;2;16.6;0
Chartres;48.44;1.48;01/10/2026;18:00;16.4;6;AVERSES;2;16.9;0
Chartres;48.44;1.48;01/10/2026;19:00;16.4;6;AVERSES;2;18.0;0
Chartres;48.44;1.48;01/10/2026;20:00;17.0;6;AVERSES;5;18.4;0
Chartres;48.44;1.48;01/10/2026;21:00;16.4;6;AVERSES;5;17.6;0
Chartres;48.44;1.48;01/10/2026;22:00;15.8;6;AVERSES;5;16.6;0
Chartres;48.44;1.48;01/10/2026;23:00;13.1;0;SOLEIL;2;15.5;0
Châteaudun;48.07;1.33;27/09/2026;00:00;14.6;0;SOLEIL;2;11.5;0
Châteaudun;48.07;1.33;27/09/2026;01:00;14;0;SOLEIL;2;9.7;0
Châteaudun;48.07;1.33;27/09/2026;02:00;14.1;0;SOLEIL;2;6.5;0
Châteaudun;48.07;1.33;27/09/2026;03:00;13.9;0;SOLEIL;2;6.1;0
Châteaudun;48.07;1.33;27/09/2026;04:00;15;0;SOLEIL;2;5.4;0
Châteaudun;48.07;1.33;27/09/2026;05:00;14.3;0;SOLEIL;1;4.7;0
Châteaudun;48.07;1.33;27/09/2026;06:00;13.6;2;NUAGEUX;2;4.3;0
Châteaudun;48.07;1.33;27/09/2026;07:00;16.4;5;SOLEIL VOILÉ;2;4.3;0
Châteaudun;48.07;1.33;27/09/2026;08:00;18.1;5;SOLEIL VOILÉ;2;4.7;0
Châteaudun;48.07;1.33;27/09/2026;09:00;20.4;5;SOLEIL VOILÉ;3;5.4;0
Châteaudun;48.07;1.33;27/09/2026;10:00;22.2;2;NUAGEUX;3;8.6;0
Châteaudun;48.07;1.33;27/09/2026;11:00;24.1;2;NUAGEUX;4;16.6;0
Châteaudun;48.07;1.33;27/09/2026;12:00;25.6;2;NUAGEUX;5;20.9;0
Châteaudun;48.07;1.33;27/09/2026;13:00;26.3;2;NUAGEUX;5;24.1;0
Châteaudun;48.07;1.33;27/09/2026;14:00;26.6;2;NUAGEUX;5;24.8;0
Châteaudun;48.07;1.33;27/09/2026;15:00;26.4;2;NUAGEUX;5;28.1;0
Châteaudun;48.07;1.33;27/09/2026;16:00;26.4;2;NUAGEUX;4;28.8;0
Châteaudun;48.07;1.33;27/09/2026;17:00;25.4;2;NUAGEUX;4;29.2;0
Châteaudun;48.07;1.33;27/09/2026;18:00;24.5;2;NUAGEUX;3;28.8;0
Châteaudun;48.07;1.33;27/09/2026;19:00;22.6;5;SOLEIL VOILÉ;3;22.0;0
Châteaudun;48.07;1.33;27/09/2026;20:00;21.1;2;NUAGEUX;3;16.9;0
Châteaudun;48.07;1.33;27/09/2026;21:00;20.1;2;NUAGEUX;2;6.5;0
Châteaudun;48.07;1.33;27/09/2026;22:00;19.1;2;NUAGEUX;3;6.1;0
Châteaudun;48.07;1.33;27/09/2026;23:00;18.2;2;NUAGEUX;3;6.8;0
Châteaudun;48.07;1.33;28/09/2026;00:00;17.6;2;NUAGEUX;2;6.1;0
Châteaudun;48.07;1.33;28/09/2026;01:00;17.6;2;NUAGEUX;2;13.7;0
Châteaudun;48.07;1.33;28/09/2026;02:00;16.7;2;NUAGEUX;2;14.8;0
Châteaudun;48.07;1.33;28/09/2026;03:00;16.7;2;NUAGEUX;2;11.2;0
Châteaudun;48.07;1.33;28/09/2026;04:00;16.7;2;NUAGEUX;2;7.6;0
Châteaudun;48.07;1.33;28/09/2026;05:00;16.1;2;NUAGEUX;0;22.3;0
Châteaudun;48.07;1.33;28/09/2026;06:00;16.1;2;NUAGEUX;0;27.0;0
Châteaudun;48.07;1.33;28/09/2026;07:00;16.1;2;NUAGEUX;0;22.3;0
Châteaudun;48.07;1.33;28/09/2026;08:00;19.5;6;AVERSES;2;19.1;0
Châteaudun;48.07;1.33;28/09/2026;09:00;19.5;6;AVERSES;2;18.4;0
Châteaudun;48.07;1.33;28/09/2026;10:00;19.5;6;AVERSES;2;31.0;0
Châteaudun;48.07;1.33;28/09/2026;11:00;22.6;6;AVERSES;3;24.1;0
Châteaudun;48.07;1.33;28/09/2026;12:00;22.6;6;AVERSES;3;18.4;0
Châteaudun;48.07;1.33;28/09/2026;13:00;22.6;6;AVERSES;3;22.7;0
Châteaudun;48.07;1.33;28/09/2026;14:00;23;6;AVERSES;3;21.2;0
Châteaudun;48.07;1.33;28/09/2026;15:00;23;6;AVERSES;3;23.0;0
Châteaudun;48.07;1.33;28/09/2026;16:00;23;6;AVERSES;3;26.6;0
Châteaudun;48.07;1.33;28/09/2026;17:00;20.2;5;SOLEIL VOILÉ;3;32.8;0
Châteaudun;48.07;1.33;28/09/2026;18:00;20.2;5;SOLEIL VOILÉ;3;20.5;0
Châteaudun;48.07;1.33;28/09/2026;19:00;20.2;5;SOLEIL VOILÉ;3;20.5;0
Châteaudun;48.07;1.33;28/09/2026;20:00;17.1;5;SOLEIL VOILÉ;3;20.2;0
Châteaudun;48.07;1.33;28/09/2026;21:00;17.1;5;SOLEIL VOILÉ;3;21.2;0
Châteaudun;48.07;1.33;28/09/2026;22:00;17.1;5;SOLEIL VOILÉ;3;21.6;0
Châteaudun;48.07;1.33;28/09/2026;23:00;15.6;5;SOLEIL VOILÉ;3;14.8;0
Châteaudun;48.07;1.33;29/09/2026;00:00;15.6;5;SOLEIL VOILÉ;3;11.2;0
Châteaudun;48.07;1.33;29/09/2026;01:00;15.6;5;SOLEIL VOILÉ;3;7.9;0
Châteaudun;48.07;1.33;29/09/2026;02:00;14.9;5;SOLEIL VOILÉ;3;6.5;0
Châteaudun;48.07;1.33;29/09/2026;03:00;14.9;5;SOLEIL VOILÉ;3;9.7;0
Châteaudun;48.07;1.33;29/09/2026;04:00;14.9;5;SOLEIL VOILÉ;3;11.5;0
Châteaudun;48.07;1.33;29/09/2026;05:00;14.5;0;SOLEIL;2;11.5;0
Châteaudun;48.07;1.33;29/09/2026;06:00;14.5;0;SOLEIL;2;12.2;0
Châteaudun;48.07;1.33;29/09/2026;07:00;14.5;0;SOLEIL;2;15.8;0
Châteaudun;48.07;1.33;29/09/2026;08:00;21.1;0;SOLEIL;3;18.7;0
Châteaudun;48.07;1.33;29/09/2026;09:00;21.1;0;SOLEIL;3;21.2;0
Châteaudun;48.07;1.33;29/09/2026;10:00;21.1;0;SOLEIL;3;23.4;0
Châteaudun;48.07;1.33;29/09/2026;11:00;27.2;0;SOLEIL;4;25.6;0
Châteaudun;48.07;1.33;29/09/2026;12:00;27.2;0;SOLEIL;4;27.0;0
Châteaudun;48.07;1.33;29/09/2026;13:00;27.2;0;SOLEIL;4;28.4;0
Châteaudun;48.07;1.33;29/09/2026;14:00;28.5;0;SOLEIL;5;30.2;0
Châteaudun;48.07;1.33;29/09/2026;15:00;28.5;0;SOLEIL;5;33.1;0
Châteaudun;48.07;1.33;29/09/2026;16:00;28.5;0;SOLEIL;5;36.4;0
Châteaudun;48.07;1.33;29/09/2026;17:00;24.5;0;SOLEIL;3;38.2;0
Châteaudun;48.07;1.33;29/09/2026;18:00;24.5;0;SOLEIL;3;37.4;0
Châteaudun;48.07;1.33;29/09/2026;19:00;24.5;0;SOLEIL;3;35.6;0
Châteaudun;48.07;1.33;29/09/2026;20:00;20.4;0;SOLEIL;5;32.4;0
Châteaudun;48.07;1.33;29/09/2026;21:00;18.7;0;SOLEIL;5;27.4;0
Châteaudun;48.07;1.33;29/09/2026;22:00;17.0;0;SOLEIL;5;21.2;0
Châteaudun;48.07;1.33;29/09/2026;23:00;18.5;2;NUAGEUX;3;17.3;0
Châteaudun;48.07;1.33;30/09/2026;00:00;18.5;2;NUAGEUX;3;17.3;0
Châteaudun;48.07;1.33;30/09/2026;01:00;18.5;2;NUAGEUX;3;19.4;0
Châteaudun;48.07;1.33;30/09/2026;02:00;17.6;6;AVERSES;5;21.2;0
Châteaudun;48.07;1.33;30/09/2026;03:00;17.6;6;AVERSES;5;22.0;0
Châteaudun;48.07;1.33;30/09/2026;04:00;17.6;6;AVERSES;5;22.3;0
Châteaudun;48.07;1.33;30/09/2026;05:00;18.6;2;NUAGEUX;4;22.3;0
Châteaudun;48.07;1.33;30/09/2026;06:00;18.6;2;NUAGEUX;4;21.6;0
Châteaudun;48.07;1.33;30/09/2026;07:00;18.6;2;NUAGEUX;4;20.5;0
Châteaudun;48.07;1.33;30/09/2026;08:00;19.3;6;AVERSES;5;20.9;0
Châteaudun;48.07;1.33;30/09/2026;09:00;20.2;6;AVERSES;5;24.1;0
Châteaudun;48.07;1.33;30/09/2026;10:00;21.1;6;AVERSES;5;28.4;0
Châteaudun;48.07;1.33;30/09/2026;11:00;23.7;7;PLUIE FAIBLE;5;31.3;0
Châteaudun;48.07;1.33;30/09/2026;12:00;23.7;7;PLUIE FAIBLE;5;31.0;0
Châteaudun;48.07;1.33;30/09/2026;13:00;23.7;7;PLUIE FAIBLE;5;29.2;0
Châteaudun;48.07;1.33;30/09/2026;14:00;24.5;6;AVERSES;5;28.8;0
Châteaudun;48.07;1.33;30/09/2026;15:00;25.4;6;AVERSES;5;31.3;0
Châteaudun;48.07;1.33;30/09/2026;16:00;24.5;6;AVERSES;5;35.3;0
Châteaudun;48.07;1.33;30/09/2026;17:00;20.4;6;AVERSES;3;37.1;0
Châteaudun;48.07;1.33;30/09/2026;18:00;20.4;6;AVERSES;3;34.9;0
Châteaudun;48.07;1.33;30/09/2026;19:00;20.4;6;AVERSES;3;31.3;0
Châteaudun;48.07;1.33;30/09/2026;20:00;21.1;6;AVERSES;5;28.1;0
Châteaudun;48.07;1.33;30/09/2026;21:00;20.2;6;AVERSES;5;27.4;0
Châteaudun;48.07;1.33;30/09/2026;22:00;19.3;6;AVERSES;5;27.4;0
Châteaudun;48.07;1.33;30/09/2026;23:00;17.7;6;AVERSES;2;26.3;0
Châteaudun;48.07;1.33;01/10/2026;00:00;17.7;6;AVERSES;2;22.0;0
Châteaudun;48.07;1.33;01/10/2026;01:00;17.7;6;AVERSES;2;16.6;0
Châteaudun;48.07;1.33;01/10/2026;02:00;13.7;0;SOLEIL;5;12.6;0
Châteaudun;48.07;1.33;01/10/2026;03:00;13.7;0;SOLEIL;5;10.8;0
Châteaudun;48.07;1.33;01/10/2026;04:00;13.7;0;SOLEIL;5;10.1;0
Châteaudun;48.07;1.33;01/10/2026;05:00;14.6;6;AVERSES;2;10.4;0
Châteaudun;48.07;1.33;01/10/2026;06:00;14.6;6;AVERSES;2;11.5;0
Châteaudun;48.07;1.33;01/10/2026;07:00;14.6;6;AVERSES;2;13.3;0
Châteaudun;48.07;1.33;01/10/2026;08:00;15.1;0;SOLEIL;5;14.8;0
Châteaudun;48.07;1.33;01/10/2026;09:00;15.8;0;SOLEIL;5;15.5;0
Châteaudun;48.07;1.33;01/10/2026;10:00;16.5;0;SOLEIL;5;16.2;0
Châteaudun;48.07;1.33;01/10/2026;11:00;19.1;2;NUAGEUX;4;16.9;0
Châteaudun;48.07;1.33;01/10/2026;12:00;19.1;2;NUAGEUX;4;17.6;0
Châteaudun;48.07;1.33;01/10/2026;13:00;19.1;2;NUAGEUX;4;18.7;0
Châteaudun;48.07;1.33;01/10/2026;14:00;19.4;0;SOLEIL;5;19.8;0
Châteaudun;48.07;1.33;01/10/2026;15:00;20.1;0;SOLEIL;5;21.2;0
Châteaudun;48.07;1.33;01/10/2026;16:00;19.4;0;SOLEIL;5;23.4;0
Châteaudun;48.07;1.33;01/10/2026;17:00;16.7;0;SOLEIL;2;24.8;0
Châteaudun;48.07;1.33;01/10/2026;18:00;16.7;0;SOLEIL;2;26.3;0
Châteaudun;48.07;1.33;01/10/2026;19:00;16.7;0;SOLEIL;2;27.7;0
Châteaudun;48.07;1.33;01/10/2026;20:00;16.5;0;SOLEIL;5;27.4;0
Châteaudun;48.07;1.33;01/10/2026;21:00;15.8;0;SOLEIL;5;24.5;0
Châteaudun;48.07;1.33;01/10/2026;22:00;15.1;0;SOLEIL;5;19.8;0
Châteaudun;48.07;1.33;01/10/2026;23:00;12.5;0;SOLEIL;2;15.8;0
Dreux;48.73;1.36;27/09/2026;00:00;14.7;0;SOLEIL;2;4.3;0
Dreux;48.73;1.36;27/09/2026;01:00;13.7;0;SOLEIL;2;4.7;0
Dreux;48.73;1.36;27/09/2026;02:00;14.1;0;SOLEIL;2;4.3;0
Dreux;48.73;1.36;27/09/2026;03:00;13.6;0;SOLEIL;2;2.9;0
Dreux;48.73;1.36;27/09/2026;04:00;13.4;0;SOLEIL;2;2.2;0
Dreux;48.73;1.36;27/09/2026;05:00;13;0;SOLEIL;2;2.9;0
Dreux;48.73;1.36;27/09/2026;06:00;12.6;2;NUAGEUX;1;4.3;0
Dreux;48.73;1.36;27/09/2026;07:00;14.7;2;NUAGEUX;1;4.0;0
Dreux;48.73;1.36;27/09/2026;08:00;17.1;2;NUAGEUX;2;4.7;0
Dreux;48.73;1.36;27/09/2026;09:00;19.6;2;NUAGEUX;3;4.3;0
Dreux;48.73;1.36;27/09/2026;10:00;22.1;2;NUAGEUX;3;7.9;0
Dreux;48.73;1.36;27/09/2026;11:00;24.7;2;NUAGEUX;4;13.3;0
Dreux;48.73;1.36;27/09/2026;12:00;26;2;NUAGEUX;5;17.6;0
Dreux;48.73;1.36;27/09/2026;13:00;26.6;2;NUAGEUX;5;23.0;0
Dreux;48.73;1.36;27/09/2026;14:00;26.7;2;NUAGEUX;5;24.1;0
Dreux;48.73;1.36;27/09/2026;15:00;26.5;2;NUAGEUX;4;28.4;0
Dreux;48.73;1.36;27/09/2026;16:00;25.5;2;NUAGEUX;4;28.8;0
Dreux;48.73;1.36;27/09/2026;17:00;24.8;2;NUAGEUX;4;28.4;0
Dreux;48.73;1.36;27/09/2026;18:00;23.5;2;NUAGEUX;3;27.7;0
Dreux;48.73;1.36;27/09/2026;19:00;21.6;5;SOLEIL VOILÉ;2;23.8;0
Dreux;48.73;1.36;27/09/2026;20:00;20.4;2;NUAGEUX;2;16.2;0
Dreux;48.73;1.36;27/09/2026;21:00;19.6;2;NUAGEUX;2;9.7;0
Dreux;48.73;1.36;27/09/2026;22:00;18.9;2;NUAGEUX;2;6.5;0
Dreux;48.73;1.36;27/09/2026;23:00;18.2;2;NUAGEUX;3;13.0;0
Dreux;48.73;1.36;28/09/2026;00:00;17.6;2;NUAGEUX;3;14.4;0
Dreux;48.73;1.36;28/09/2026;01:00;17.6;2;NUAGEUX;3;13.0;0
Dreux;48.73;1.36;28/09/2026;02:00;16.1;2;NUAGEUX;1;15.1;0
Dreux;48.73;1.36;28/09/2026;03:00;16.1;2;NUAGEUX;1;10.1;0
Dreux;48.73;1.36;28/09/2026;04:00;16.1;2;NUAGEUX;1;13.7;0
Dreux;48.73;1.36;28/09/2026;05:00;16.1;2;NUAGEUX;0;14.1;0
Dreux;48.73;1.36;28/09/2026;06:00;16.1;2;NUAGEUX;0;19.1;0
Dreux;48.73;1.36;28/09/2026;07:00;16.1;2;NUAGEUX;0;22.7;0
Dreux;48.73;1.36;28/09/2026;08:00;20;6;AVERSES;3;15.1;0
Dreux;48.73;1.36;28/09/2026;09:00;20;6;AVERSES;3;21.2;0
Dreux;48.73;1.36;28/09/2026;10:00;20;6;AVERSES;3;29.5;0
Dreux;48.73;1.36;28/09/2026;11:00;21.4;6;AVERSES;3;17.3;0
Dreux;48.73;1.36;28/09/2026;12:00;21.4;6;AVERSES;3;18.0;0
Dreux;48.73;1.36;28/09/2026;13:00;21.4;6;AVERSES;3;19.1;0
Dreux;48.73;1.36;28/09/2026;14:00;23.6;6;AVERSES;3;16.9;0
Dreux;48.73;1.36;28/09/2026;15:00;23.6;6;AVERSES;3;28.4;0
Dreux;48.73;1.36;28/09/2026;16:00;23.6;6;AVERSES;3;24.5;0
Dreux;48.73;1.36;28/09/2026;17:00;20.5;5;SOLEIL VOILÉ;3;22.3;0
Dreux;48.73;1.36;28/09/2026;18:00;20.5;5;SOLEIL VOILÉ;3;16.6;0
Dreux;48.73;1.36;28/09/2026;19:00;20.5;5;SOLEIL VOILÉ;3;18.0;0
Dreux;48.73;1.36;28/09/2026;20:00;17.2;5;SOLEIL VOILÉ;4;21.2;0
Dreux;48.73;1.36;28/09/2026;21:00;17.2;5;SOLEIL VOILÉ;4;22.0;0
Dreux;48.73;1.36;28/09/2026;22:00;17.2;5;SOLEIL VOILÉ;4;20.2;0
Dreux;48.73;1.36;28/09/2026;23:00;15.9;5;SOLEIL VOILÉ;3;18.7;0
Dreux;48.73;1.36;29/09/2026;00:00;15.9;5;SOLEIL VOILÉ;3;13.7;0
Dreux;48.73;1.36;29/09/2026;01:00;15.9;5;SOLEIL VOILÉ;3;6.8;0
Dreux;48.73;1.36;29/09/2026;02:00;15.1;5;SOLEIL VOILÉ;3;7.6;0
Dreux;48.73;1.36;29/09/2026;03:00;15.1;5;SOLEIL VOILÉ;3;9.0;0
Dreux;48.73;1.36;29/09/2026;04:00;15.1;5;SOLEIL VOILÉ;3;9.7;0
Dreux;48.73;1.36;29/09/2026;05:00;14.7;0;SOLEIL;2;10.8;0
Dreux;48.73;1.36;29/09/2026;06:00;14.7;0;SOLEIL;2;10.4;0
Dreux;48.73;1.36;29/09/2026;07:00;14.7;0;SOLEIL;2;15.8;0
Dreux;48.73;1.36;29/09/2026;08:00;20.6;0;SOLEIL;3;15.8;0
Dreux;48.73;1.36;29/09/2026;09:00;20.6;0;SOLEIL;3;17.6;0
Dreux;48.73;1.36;29/09/2026;10:00;20.6;0;SOLEIL;3;19.4;0
Dreux;48.73;1.36;29/09/2026;11:00;26.7;0;SOLEIL;4;21.6;0
Dreux;48.73;1.36;29/09/2026;12:00;26.7;0;SOLEIL;4;23.8;0
Dreux;48.73;1.36;29/09/2026;13:00;26.7;0;SOLEIL;4;26.6;0
Dreux;48.73;1.36;29/09/2026;14:00;26.5;0;SOLEIL;4;29.2;0
Dreux;48.73;1.36;29/09/2026;15:00;26.5;0;SOLEIL;4;32.8;0
Dreux;48.73;1.36;29/09/2026;16:00;26.5;0;SOLEIL;4;36.4;0
Dreux;48.73;1.36;29/09/2026;17:00;24.6;0;SOLEIL;3;38.2;0
Dreux;48.73;1.36;29/09/2026;18:00;24.6;0;SOLEIL;3;36.4;0
Dreux;48.73;1.36;29/09/2026;19:00;24.6;0;SOLEIL;3;32.4;0
Dreux;48.73;1.36;29/09/2026;20:00;20.4;0;SOLEIL;5;28.1;0
Dreux;48.73;1.36;29/09/2026;21:00;18.8;0;SOLEIL;5;23.8;0
Dreux;48.73;1.36;29/09/2026;22:00;17.3;0;SOLEIL;5;19.4;0
Dreux;48.73;1.36;29/09/2026;23:00;18;2;NUAGEUX;4;16.6;0
Dreux;48.73;1.36;30/09/2026;00:00;18;2;NUAGEUX;4;16.2;0
Dreux;48.73;1.36;30/09/2026;01:00;18;2;NUAGEUX;4;17.6;0
Dreux;48.73;1.36;30/09/2026;02:00;17.4;6;AVERSES;5;18.7;0
Dreux;48.73;1.36;30/09/2026;03:00;17.4;6;AVERSES;5;19.4;0
Dreux;48.73;1.36;30/09/2026;04:00;17.4;6;AVERSES;5;19.8;0
Dreux;48.73;1.36;30/09/2026;05:00;18.2;2;NUAGEUX;4;20.2;0
Dreux;48.73;1.36;30/09/2026;06:00;18.2;2;NUAGEUX;4;20.2;0
Dreux;48.73;1.36;30/09/2026;07:00;18.2;2;NUAGEUX;4;20.2;0
Dreux;48.73;1.36;30/09/2026;08:00;19.1;6;AVERSES;5;20.9;0
Dreux;48.73;1.36;30/09/2026;09:00;19.9;6;AVERSES;5;22.3;0
Dreux;48.73;1.36;30/09/2026;10:00;20.7;6;AVERSES;5;24.1;0
Dreux;48.73;1.36;30/09/2026;11:00;23.6;7;PLUIE FAIBLE;5;27.0;0
Dreux;48.73;1.36;30/09/2026;12:00;23.6;7;PLUIE FAIBLE;5;31.7;0
Dreux;48.73;1.36;30/09/2026;13:00;23.6;7;PLUIE FAIBLE;5;37.1;0
Dreux;48.73;1.36;30/09/2026;14:00;24.1;6;AVERSES;5;40.0;0
Dreux;48.73;1.36;30/09/2026;15:00;24.9;6;AVERSES;5;38.5;0
Dreux;48.73;1.36;30/09/2026;16:00;24.1;6;AVERSES;5;34.6;0
Dreux;48.73;1.36;30/09/2026;17:00;20.1;6;AVERSES;3;30.6;0
Dreux;48.73;1.36;30/09/2026;18:00;20.1;6;AVERSES;3;26.6;0
Dreux;48.73;1.36;30/09/2026;19:00;20.1;6;AVERSES;3;22.7;0
Dreux;48.73;1.36;30/09/2026;20:00;20.7;6;AVERSES;5;20.2;0
Dreux;48.73;1.36;30/09/2026;21:00;19.9;6;AVERSES;5;21.2;0
Dreux;48.73;1.36;30/09/2026;22:00;19.1;6;AVERSES;5;24.1;0
Dreux;48.73;1.36;30/09/2026;23:00;16.9;6;AVERSES;3;25.2;0
Dreux;48.73;1.36;01/10/2026;00:00;16.9;6;AVERSES;3;21.4;0
Dreux;48.73;1.36;01/10/2026;01:00;16.9;6;AVERSES;3;17.1;0
Dreux;48.73;1.36;01/10/2026;02:00;13.9;0;SOLEIL;5;15.0;0
Dreux;48.73;1.36;01/10/2026;03:00;13.9;0;SOLEIL;5;13.7;0
Dreux;48.73;1.36;01/10/2026;04:00;13.9;0;SOLEIL;5;11.5;0
Dreux;48.73;1.36;01/10/2026;05:00;14.5;6;AVERSES;2;10.8;0
Dreux;48.73;1.36;01/10/2026;06:00;14.5;6;AVERSES;2;12.2;0
Dreux;48.73;1.36;01/10/2026;07:00;14.5;6;AVERSES;2;14.8;0
Dreux;48.73;1.36;01/10/2026;08:00;15.3;0;SOLEIL;5;16.2;0
Dreux;48.73;1.36;01/10/2026;09:00;16.1;0;SOLEIL;5;15.5;0
Dreux;48.73;1.36;01/10/2026;10:00;16.8;0;SOLEIL;5;14.0;0
Dreux;48.73;1.36;01/10/2026;11:00;19.5;7;PLUIE FAIBLE;3;13.3;0
Dreux;48.73;1.36;01/10/2026;12:00;19.5;7;PLUIE FAIBLE;3;14.8;0
Dreux;48.73;1.36;01/10/2026;13:00;19.5;7;PLUIE FAIBLE;3;17.6;0
Dreux;48.73;1.36;01/10/2026;14:00;19.7;0;SOLEIL;5;20.2;0
Dreux;48.73;1.36;01/10/2026;15:00;20.4;0;SOLEIL;5;23.0;0
Dreux;48.73;1.36;01/10/2026;16:00;19.7;0;SOLEIL;5;25.6;0
Dreux;48.73;1.36;01/10/2026;17:00;17.1;0;SOLEIL;2;26.6;0
Dreux;48.73;1.36;01/10/2026;18:00;17.1;0;SOLEIL;2;24.8;0
Dreux;48.73;1.36;01/10/2026;19:00;17.1;0;SOLEIL;2;21.6;0
Dreux;48.73;1.36;01/10/2026;20:00;16.8;0;SOLEIL;5;18.7;0
Dreux;48.73;1.36;01/10/2026;21:00;16.1;0;SOLEIL;5;16.9;0
Dreux;48.73;1.36;01/10/2026;22:00;15.3;0;SOLEIL;5;15.5;0
Dreux;48.73;1.36;01/10/2026;23:00;13;0;SOLEIL;2;13.7;0
Nogent-le-Rotrou;48.32;0.82;27/09/2026;00:00;15;0;SOLEIL;2;7.2;0
Nogent-le-Rotrou;48.32;0.82;27/09/2026;01:00;14.8;0;SOLEIL;2;6.1;0
Nogent-le-Rotrou;48.32;0.82;27/09/2026;02:00;14.4;0;SOLEIL;1;5.8;0
Nogent-le-Rotrou;48.32;0.82;27/09/2026;03:00;13.7;0;SOLEIL;1;4.3;0
Nogent-le-Rotrou;48.32;0.82;27/09/2026;04:00;14.1;0;SOLEIL;1;4.3;0
Nogent-le-Rotrou;48.32;0.82;27/09/2026;05:00;13.5;0;SOLEIL;1;4.0;0
Nogent-le-Rotrou;48.32;0.82;27/09/2026;06:00;12.9;2;NUAGEUX;1;4.3;0
Nogent-le-Rotrou;48.32;0.82;27/09/2026;07:00;14.5;5;SOLEIL VOILÉ;2;4.7;0
Nogent-le-Rotrou;48.32;0.82;27/09/2026;08:00;16.1;5;SOLEIL VOILÉ;2;5.0;0
Nogent-le-Rotrou;48.32;0.82;27/09/2026;09:00;19.7;5;SOLEIL VOILÉ;3;5.4;0
Nogent-le-Rotrou;48.32;0.82;27/09/2026;10:00;22.6;5;SOLEIL VOILÉ;4;11.9;0
Nogent-le-Rotrou;48.32;0.82;27/09/2026;11:00;24.6;5;SOLEIL VOILÉ;4;20.9;0
Nogent-le-Rotrou;48.32;0.82;27/09/2026;12:00;25.9;2;NUAGEUX;4;25.6;0
Nogent-le-Rotrou;48.32;0.82;27/09/2026;13:00;26;2;NUAGEUX;5;29.5;0
Nogent-le-Rotrou;48.32;0.82;27/09/2026;14:00;25.9;2;NUAGEUX;5;33.1;0
Nogent-le-Rotrou;48.32;0.82;27/09/2026;15:00;26.3;2;NUAGEUX;5;34.2;0
Nogent-le-Rotrou;48.32;0.82;27/09/2026;16:00;25.9;2;NUAGEUX;4;33.1;0
Nogent-le-Rotrou;48.32;0.82;27/09/2026;17:00;24.8;2;NUAGEUX;4;32.4;0
Nogent-le-Rotrou;48.32;0.82;27/09/2026;18:00;23.6;2;NUAGEUX;3;30.6;0
Nogent-le-Rotrou;48.32;0.82;27/09/2026;19:00;21.6;5;SOLEIL VOILÉ;3;27.7;0
Nogent-le-Rotrou;48.32;0.82;27/09/2026;20:00;20.5;2;NUAGEUX;2;22.0;0
Nogent-le-Rotrou;48.32;0.82;27/09/2026;21:00;19.5;2;NUAGEUX;3;8.6;0
Nogent-le-Rotrou;48.32;0.82;27/09/2026;22:00;18.9;2;NUAGEUX;2;8.6;0
Nogent-le-Rotrou;48.32;0.82;27/09/2026;23:00;18.2;2;NUAGEUX;2;7.9;0
Nogent-le-Rotrou;48.32;0.82;28/09/2026;00:00;17.6;2;NUAGEUX;2;6.5;0
Nogent-le-Rotrou;48.32;0.82;28/09/2026;01:00;17.6;2;NUAGEUX;2;15.8;0
Nogent-le-Rotrou;48.32;0.82;28/09/2026;02:00;16.1;2;NUAGEUX;1;6.8;0
Nogent-le-Rotrou;48.32;0.82;28/09/2026;03:00;16.1;2;NUAGEUX;1;17.9;0
Nogent-le-Rotrou;48.32;0.82;28/09/2026;04:00;16.1;2;NUAGEUX;1;13.0;0
Nogent-le-Rotrou;48.32;0.82;28/09/2026;05:00;15.9;2;NUAGEUX;2;7.9;0
Nogent-le-Rotrou;48.32;0.82;28/09/2026;06:00;15.9;2;NUAGEUX;2;11.9;0
Nogent-le-Rotrou;48.32;0.82;28/09/2026;07:00;15.9;2;NUAGEUX;2;12.6;0
Nogent-le-Rotrou;48.32;0.82;28/09/2026;08:00;19.2;6;AVERSES;2;5.8;0
Nogent-le-Rotrou;48.32;0.82;28/09/2026;09:00;19.2;6;AVERSES;2;20.2;0
Nogent-le-Rotrou;48.32;0.82;28/09/2026;10:00;19.2;6;AVERSES;2;7.6;0
Nogent-le-Rotrou;48.32;0.82;28/09/2026;11:00;22.2;6;AVERSES;2;14.0;0
Nogent-le-Rotrou;48.32;0.82;28/09/2026;12:00;22.2;6;AVERSES;2;19.4;0
Nogent-le-Rotrou;48.32;0.82;28/09/2026;13:00;22.2;6;AVERSES;2;21.6;0
Nogent-le-Rotrou;48.32;0.82;28/09/2026;14:00;22;6;AVERSES;2;25.6;0
Nogent-le-Rotrou;48.32;0.82;28/09/2026;15:00;22;6;AVERSES;2;28.1;0
Nogent-le-Rotrou;48.32;0.82;28/09/2026;16:00;22;6;AVERSES;2;33.5;0
Nogent-le-Rotrou;48.32;0.82;28/09/2026;17:00;20.2;6;AVERSES;2;28.1;0
Nogent-le-Rotrou;48.32;0.82;28/09/2026;18:00;20.2;6;AVERSES;2;25.9;0
Nogent-le-Rotrou;48.32;0.82;28/09/2026;19:00;20.2;6;AVERSES;2;25.2;0
Nogent-le-Rotrou;48.32;0.82;28/09/2026;20:00;16.9;5;SOLEIL VOILÉ;2;19.1;0
Nogent-le-Rotrou;48.32;0.82;28/09/2026;21:00;16.9;5;SOLEIL VOILÉ;2;18.4;0
Nogent-le-Rotrou;48.32;0.82;28/09/2026;22:00;16.9;5;SOLEIL VOILÉ;2;17.6;0
Nogent-le-Rotrou;48.32;0.82;28/09/2026;23:00;15.6;5;SOLEIL VOILÉ;3;14.0;0
Nogent-le-Rotrou;48.32;0.82;29/09/2026;00:00;15.6;5;SOLEIL VOILÉ;3;13.3;0
Nogent-le-Rotrou;48.32;0.82;29/09/2026;01:00;15.6;5;SOLEIL VOILÉ;3;8.3;0
Nogent-le-Rotrou;48.32;0.82;29/09/2026;02:00;14.1;5;SOLEIL VOILÉ;2;7.9;0
Nogent-le-Rotrou;48.32;0.82;29/09/2026;03:00;14.1;5;SOLEIL VOILÉ;2;7.2;0
Nogent-le-Rotrou;48.32;0.82;29/09/2026;04:00;14.1;5;SOLEIL VOILÉ;2;10.4;0
Nogent-le-Rotrou;48.32;0.82;29/09/2026;05:00;14;0;SOLEIL;2;12.2;0
Nogent-le-Rotrou;48.32;0.82;29/09/2026;06:00;14;0;SOLEIL;2;12.6;0
Nogent-le-Rotrou;48.32;0.82;29/09/2026;07:00;14;0;SOLEIL;2;11.2;0
Nogent-le-Rotrou;48.32;0.82;29/09/2026;08:00;21.1;0;SOLEIL;3;15.8;0
Nogent-le-Rotrou;48.32;0.82;29/09/2026;09:00;21.1;0;SOLEIL;3;20.2;0
Nogent-le-Rotrou;48.32;0.82;29/09/2026;10:00;21.1;0;SOLEIL;3;25.9;0
Nogent-le-Rotrou;48.32;0.82;29/09/2026;11:00;26.6;0;SOLEIL;4;30.2;0
Nogent-le-Rotrou;48.32;0.82;29/09/2026;12:00;26.6;0;SOLEIL;4;32.0;0
Nogent-le-Rotrou;48.32;0.82;29/09/2026;13:00;26.6;0;SOLEIL;4;32.4;0
Nogent-le-Rotrou;48.32;0.82;29/09/2026;14:00;28;0;SOLEIL;4;33.1;0
Nogent-le-Rotrou;48.32;0.82;29/09/2026;15:00;28;0;SOLEIL;4;35.3;0
Nogent-le-Rotrou;48.32;0.82;29/09/2026;16:00;28;0;SOLEIL;4;37.8;0
Nogent-le-Rotrou;48.32;0.82;29/09/2026;17:00;25.4;0;SOLEIL;3;38.9;0
Nogent-le-Rotrou;48.32;0.82;29/09/2026;18:00;25.4;0;SOLEIL;3;37.1;0
Nogent-le-Rotrou;48.32;0.82;29/09/2026;19:00;25.4;0;SOLEIL;3;33.8;0
Nogent-le-Rotrou;48.32;0.82;29/09/2026;20:00;19.8;0;SOLEIL;5;29.5;0
Nogent-le-Rotrou;48.32;0.82;29/09/2026;21:00;18.1;0;SOLEIL;5;23.4;0
Nogent-le-Rotrou;48.32;0.82;29/09/2026;22:00;16.5;0;SOLEIL;5;16.6;0
Nogent-le-Rotrou;48.32;0.82;29/09/2026;23:00;17.2;2;NUAGEUX;3;12.2;0
Nogent-le-Rotrou;48.32;0.82;30/09/2026;00:00;17.2;2;NUAGEUX;3;12.6;0
Nogent-le-Rotrou;48.32;0.82;30/09/2026;01:00;17.2;2;NUAGEUX;3;15.1;0
Nogent-le-Rotrou;48.32;0.82;30/09/2026;02:00;17.6;2;NUAGEUX;5;18.0;0
Nogent-le-Rotrou;48.32;0.82;30/09/2026;03:00;17.6;2;NUAGEUX;5;20.2;0
Nogent-le-Rotrou;48.32;0.82;30/09/2026;04:00;17.6;2;NUAGEUX;5;22.3;0
Nogent-le-Rotrou;48.32;0.82;30/09/2026;05:00;18.7;2;NUAGEUX;4;23.8;0
Nogent-le-Rotrou;48.32;0.82;30/09/2026;06:00;18.7;2;NUAGEUX;4;24.1;0
Nogent-le-Rotrou;48.32;0.82;30/09/2026;07:00;18.7;2;NUAGEUX;4;24.1;0
Nogent-le-Rotrou;48.32;0.82;30/09/2026;08:00;19.5;2;NUAGEUX;5;25.2;0
Nogent-le-Rotrou;48.32;0.82;30/09/2026;09:00;20.4;2;NUAGEUX;5;29.2;0
Nogent-le-Rotrou;48.32;0.82;30/09/2026;10:00;21.4;2;NUAGEUX;5;34.6;0
Nogent-le-Rotrou;48.32;0.82;30/09/2026;11:00;24.7;2;NUAGEUX;5;37.4;0
Nogent-le-Rotrou;48.32;0.82;30/09/2026;12:00;24.7;2;NUAGEUX;5;36.0;0
Nogent-le-Rotrou;48.32;0.82;30/09/2026;13:00;24.7;2;NUAGEUX;5;32.0;0
Nogent-le-Rotrou;48.32;0.82;30/09/2026;14:00;25.2;2;NUAGEUX;5;28.8;0
Nogent-le-Rotrou;48.32;0.82;30/09/2026;15:00;26.1;2;NUAGEUX;5;27.4;0
Nogent-le-Rotrou;48.32;0.82;30/09/2026;16:00;25.2;2;NUAGEUX;5;26.6;0
Nogent-le-Rotrou;48.32;0.82;30/09/2026;17:00;21.1;6;AVERSES;3;25.6;0
Nogent-le-Rotrou;48.32;0.82;30/09/2026;18:00;21.1;6;AVERSES;3;22.3;0
Nogent-le-Rotrou;48.32;0.82;30/09/2026;19:00;21.1;6;AVERSES;3;18.4;0
Nogent-le-Rotrou;48.32;0.82;30/09/2026;20:00;21.4;2;NUAGEUX;5;17.6;0
Nogent-le-Rotrou;48.32;0.82;30/09/2026;21:00;20.4;2;NUAGEUX;5;23.0;0
Nogent-le-Rotrou;48.32;0.82;30/09/2026;22:00;19.5;2;NUAGEUX;5;31.7;0
Nogent-le-Rotrou;48.32;0.82;30/09/2026;23:00;17.9;7;PLUIE FAIBLE;2;35.6;0
Nogent-le-Rotrou;48.32;0.82;01/10/2026;00:00;17.9;7;PLUIE FAIBLE;2;29.8;0
Nogent-le-Rotrou;48.32;0.82;01/10/2026;01:00;17.9;7;PLUIE FAIBLE;2;20.2;0
Nogent-le-Rotrou;48.32;0.82;01/10/2026;02:00;14.2;0;SOLEIL;5;13.0;0
Nogent-le-Rotrou;48.32;0.82;01/10/2026;03:00;14.2;0;SOLEIL;5;10.4;0
Nogent-le-Rotrou;48.32;0.82;01/10/2026;04:00;14.2;0;SOLEIL;5;10.4;0
Nogent-le-Rotrou;48.32;0.82;01/10/2026;05:00;15.1;7;PLUIE FAIBLE;2;10.8;0
Nogent-le-Rotrou;48.32;0.82;01/10/2026;06:00;15.1;7;PLUIE FAIBLE;2;11.5;0
Nogent-le-Rotrou;48.32;0.82;01/10/2026;07:00;15.1;7;PLUIE FAIBLE;2;12.6;0
Nogent-le-Rotrou;48.32;0.82;01/10/2026;08:00;15.6;0;SOLEIL;5;13.7;0
Nogent-le-Rotrou;48.32;0.82;01/10/2026;09:00;16.3;0;SOLEIL;5;14.8;0
Nogent-le-Rotrou;48.32;0.82;01/10/2026;10:00;17.0;0;SOLEIL;5;15.5;0
Nogent-le-Rotrou;48.32;0.82;01/10/2026;11:00;19.7;0;SOLEIL;4;16.6;0
Nogent-le-Rotrou;48.32;0.82;01/10/2026;12:00;19.7;0;SOLEIL;4;18.0;0
Nogent-le-Rotrou;48.32;0.82;01/10/2026;13:00;19.7;0;SOLEIL;4;19.4;0
Nogent-le-Rotrou;48.32;0.82;01/10/2026;14:00;19.9;0;SOLEIL;5;20.9;0
Nogent-le-Rotrou;48.32;0.82;01/10/2026;15:00;20.6;0;SOLEIL;5;22.3;0
Nogent-le-Rotrou;48.32;0.82;01/10/2026;16:00;19.9;0;SOLEIL;5;24.1;0
Nogent-le-Rotrou;48.32;0.82;01/10/2026;17:00;17.7;0;SOLEIL;2;25.2;0
Nogent-le-Rotrou;48.32;0.82;01/10/2026;18:00;17.7;0;SOLEIL;2;25.9;0
Nogent-le-Rotrou;48.32;0.82;01/10/2026;19:00;17.7;0;SOLEIL;2;25.9;0
Nogent-le-Rotrou;48.32;0.82;01/10/2026;20:00;17.0;0;SOLEIL;5;24.8;0
Nogent-le-Rotrou;48.32;0.82;01/10/2026;21:00;16.3;0;SOLEIL;5;22.3;0
Nogent-le-Rotrou;48.32;0.82;01/10/2026;22:00;15.6;0;SOLEIL;5;19.1;0
Nogent-le-Rotrou;48.32;0.82;01/10/2026;23:00;13;0;SOLEIL;2;15.8;0
Châteauroux;46.81;1.69;27/09/2026;00:00;14.5;0;SOLEIL;2;6.8;0
Châteauroux;46.81;1.69;27/09/2026;01:00;14.1;0;SOLEIL;2;5.8;0
Châteauroux;46.81;1.69;27/09/2026;02:00;14.1;0;SOLEIL;2;6.5;0
Châteauroux;46.81;1.69;27/09/2026;03:00;14.2;0;SOLEIL;2;6.1;0
Châteauroux;46.81;1.69;27/09/2026;04:00;12.6;0;SOLEIL;2;4.7;0
Châteauroux;46.81;1.69;27/09/2026;05:00;12;0;SOLEIL;2;4.0;0
Châteauroux;46.81;1.69;27/09/2026;06:00;13;5;SOLEIL VOILÉ;2;4.0;0
Châteauroux;46.81;1.69;27/09/2026;07:00;15.9;2;NUAGEUX;2;4.3;0
Châteauroux;46.81;1.69;27/09/2026;08:00;19.1;5;SOLEIL VOILÉ;2;5.0;0
Châteauroux;46.81;1.69;27/09/2026;09:00;21.5;2;NUAGEUX;3;5.4;0
Châteauroux;46.81;1.69;27/09/2026;10:00;23.9;2;NUAGEUX;4;8.6;0
Châteauroux;46.81;1.69;27/09/2026;11:00;26.1;2;NUAGEUX;4;19.1;0
Châteauroux;46.81;1.69;27/09/2026;12:00;26.6;2;NUAGEUX;5;25.2;0
Châteauroux;46.81;1.69;27/09/2026;13:00;26.8;2;NUAGEUX;5;28.8;0
Châteauroux;46.81;1.69;27/09/2026;14:00;27.1;2;NUAGEUX;5;31.7;0
Châteauroux;46.81;1.69;27/09/2026;15:00;27.4;2;NUAGEUX;5;32.4;0
Châteauroux;46.81;1.69;27/09/2026;16:00;27.1;2;NUAGEUX;4;33.5;0
Châteauroux;46.81;1.69;27/09/2026;17:00;26;2;NUAGEUX;4;34.9;0
Châteauroux;46.81;1.69;27/09/2026;18:00;24.6;2;NUAGEUX;3;34.2;0
Châteauroux;46.81;1.69;27/09/2026;19:00;22.6;2;NUAGEUX;3;29.2;0
Châteauroux;46.81;1.69;27/09/2026;20:00;20.6;2;NUAGEUX;3;23.8;0
Châteauroux;46.81;1.69;27/09/2026;21:00;19.1;2;NUAGEUX;3;14.4;0
Châteauroux;46.81;1.69;27/09/2026;22:00;18;2;NUAGEUX;3;7.9;0
Châteauroux;46.81;1.69;27/09/2026;23:00;17.2;2;NUAGEUX;3;5.0;0
Châteauroux;46.81;1.69;28/09/2026;00:00;17;2;NUAGEUX;3;4.7;0
Châteauroux;46.81;1.69;28/09/2026;01:00;17;2;NUAGEUX;3;19.1;0
Châteauroux;46.81;1.69;28/09/2026;02:00;16.4;2;NUAGEUX;2;3.6;0
Châteauroux;46.81;1.69;28/09/2026;03:00;16.4;2;NUAGEUX;2;14.0;0
Châteauroux;46.81;1.69;28/09/2026;04:00;16.4;2;NUAGEUX;2;11.7;0
Châteauroux;46.81;1.69;28/09/2026;05:00;15.5;6;AVERSES;2;13.6;0
Châteauroux;46.81;1.69;28/09/2026;06:00;15.5;6;AVERSES;2;18.0;0
Châteauroux;46.81;1.69;28/09/2026;07:00;15.5;6;AVERSES;2;16.9;0
Châteauroux;46.81;1.69;28/09/2026;08:00;18.6;6;AVERSES;2;14.4;0
Châteauroux;46.81;1.69;28/09/2026;09:00;18.6;6;AVERSES;2;9.7;0
Châteauroux;46.81;1.69;28/09/2026;10:00;18.6;6;AVERSES;2;13.0;0
Châteauroux;46.81;1.69;28/09/2026;11:00;22.2;6;AVERSES;3;23.0;0
Châteauroux;46.81;1.69;28/09/2026;12:00;22.2;6;AVERSES;3;23.0;0
Châteauroux;46.81;1.69;28/09/2026;13:00;22.2;6;AVERSES;3;27.7;0
Châteauroux;46.81;1.69;28/09/2026;14:00;22.6;6;AVERSES;3;26.3;0
Châteauroux;46.81;1.69;28/09/2026;15:00;22.6;6;AVERSES;3;27.4;0
Châteauroux;46.81;1.69;28/09/2026;16:00;22.6;6;AVERSES;3;27.0;0
Châteauroux;46.81;1.69;28/09/2026;17:00;19.1;5;SOLEIL VOILÉ;3;27.4;0
Châteauroux;46.81;1.69;28/09/2026;18:00;19.1;5;SOLEIL VOILÉ;3;28.8;0
Châteauroux;46.81;1.69;28/09/2026;19:00;19.1;5;SOLEIL VOILÉ;3;29.9;0
Châteauroux;46.81;1.69;28/09/2026;20:00;16.6;5;SOLEIL VOILÉ;4;30.2;0
Châteauroux;46.81;1.69;28/09/2026;21:00;16.6;5;SOLEIL VOILÉ;4;25.9;0
Châteauroux;46.81;1.69;28/09/2026;22:00;16.6;5;SOLEIL VOILÉ;4;22.0;0
Châteauroux;46.81;1.69;28/09/2026;23:00;16.1;5;SOLEIL VOILÉ;4;19.8;0
Châteauroux;46.81;1.69;29/09/2026;00:00;16.1;5;SOLEIL VOILÉ;4;16.9;0
Châteauroux;46.81;1.69;29/09/2026;01:00;16.1;5;SOLEIL VOILÉ;4;15.8;0
Châteauroux;46.81;1.69;29/09/2026;02:00;14.7;0;SOLEIL;4;15.1;0
Châteauroux;46.81;1.69;29/09/2026;03:00;14.7;0;SOLEIL;4;16.9;0
Châteauroux;46.81;1.69;29/09/2026;04:00;14.7;0;SOLEIL;4;17.6;0
Châteauroux;46.81;1.69;29/09/2026;05:00;14.6;0;SOLEIL;4;15.8;0
Châteauroux;46.81;1.69;29/09/2026;06:00;14.6;0;SOLEIL;4;14.4;0
Châteauroux;46.81;1.69;29/09/2026;07:00;14.6;0;SOLEIL;4;14.8;0
Châteauroux;46.81;1.69;29/09/2026;08:00;22.1;0;SOLEIL;4;15.5;0
Châteauroux;46.81;1.69;29/09/2026;09:00;22.1;0;SOLEIL;4;19.1;0
Châteauroux;46.81;1.69;29/09/2026;10:00;22.1;0;SOLEIL;4;24.5;0
Châteauroux;46.81;1.69;29/09/2026;11:00;26.2;0;SOLEIL;4;28.4;0
Châteauroux;46.81;1.69;29/09/2026;12:00;26.2;0;SOLEIL;4;30.2;0
Châteauroux;46.81;1.69;29/09/2026;13:00;26.2;0;SOLEIL;4;30.6;0
Châteauroux;46.81;1.69;29/09/2026;14:00;26.6;0;SOLEIL;5;32.0;0
Châteauroux;46.81;1.69;29/09/2026;15:00;26.6;0;SOLEIL;5;36.0;0
Châteauroux;46.81;1.69;29/09/2026;16:00;26.6;0;SOLEIL;5;40.7;0
Châteauroux;46.81;1.69;29/09/2026;17:00;23.5;0;SOLEIL;3;42.8;0
Châteauroux;46.81;1.69;29/09/2026;18:00;23.5;0;SOLEIL;3;41.0;0
Châteauroux;46.81;1.69;29/09/2026;19:00;23.5;0;SOLEIL;3;36.4;0
Châteauroux;46.81;1.69;29/09/2026;20:00;19.6;0;SOLEIL;5;31.0;0
Châteauroux;46.81;1.69;29/09/2026;21:00;18.1;0;SOLEIL;5;23.4;0
Châteauroux;46.81;1.69;29/09/2026;22:00;16.6;0;SOLEIL;5;15.1;0
Châteauroux;46.81;1.69;29/09/2026;23:00;16.1;2;NUAGEUX;5;9.7;0
Châteauroux;46.81;1.69;30/09/2026;00:00;16.1;2;NUAGEUX;5;10.1;0
Châteauroux;46.81;1.69;30/09/2026;01:00;16.1;2;NUAGEUX;5;14.0;0
Châteauroux;46.81;1.69;30/09/2026;02:00;17.7;7;PLUIE FAIBLE;5;17.6;0
Châteauroux;46.81;1.69;30/09/2026;03:00;17.7;7;PLUIE FAIBLE;5;20.5;0
Châteauroux;46.81;1.69;30/09/2026;04:00;17.7;7;PLUIE FAIBLE;5;23.4;0
Châteauroux;46.81;1.69;30/09/2026;05:00;19.1;2;NUAGEUX;5;25.6;0
Châteauroux;46.81;1.69;30/09/2026;06:00;19.1;2;NUAGEUX;5;26.3;0
Châteauroux;46.81;1.69;30/09/2026;07:00;19.1;2;NUAGEUX;5;26.6;0
Châteauroux;46.81;1.69;30/09/2026;08:00;19.2;7;PLUIE FAIBLE;5;27.4;0
Châteauroux;46.81;1.69;30/09/2026;09:00;20.0;7;PLUIE FAIBLE;5;30.2;0
Châteauroux;46.81;1.69;30/09/2026;10:00;20.8;7;PLUIE FAIBLE;5;33.8;0
Châteauroux;46.81;1.69;30/09/2026;11:00;23.5;7;PLUIE FAIBLE;5;36.0;0
Châteauroux;46.81;1.69;30/09/2026;12:00;23.5;7;PLUIE FAIBLE;5;34.9;0
Châteauroux;46.81;1.69;30/09/2026;13:00;23.5;7;PLUIE FAIBLE;5;32.4;0
Châteauroux;46.81;1.69;30/09/2026;14:00;23.8;7;PLUIE FAIBLE;5;30.2;0
Châteauroux;46.81;1.69;30/09/2026;15:00;24.6;7;PLUIE FAIBLE;5;29.9;0
Châteauroux;46.81;1.69;30/09/2026;16:00;23.8;7;PLUIE FAIBLE;5;29.9;0
Châteauroux;46.81;1.69;30/09/2026;17:00;19.9;6;AVERSES;3;28.8;0
Châteauroux;46.81;1.69;30/09/2026;18:00;19.9;6;AVERSES;3;26.3;0
Châteauroux;46.81;1.69;30/09/2026;19:00;19.9;6;AVERSES;3;23.0;0
Châteauroux;46.81;1.69;30/09/2026;20:00;20.8;7;PLUIE FAIBLE;5;19.1;0
Châteauroux;46.81;1.69;30/09/2026;21:00;20.0;7;PLUIE FAIBLE;5;14.4;0
Châteauroux;46.81;1.69;30/09/2026;22:00;19.2;7;PLUIE FAIBLE;5;9.0;0
Châteauroux;46.81;1.69;30/09/2026;23:00;16.6;7;PLUIE FAIBLE;3;5.8;0
Châteauroux;46.81;1.69;01/10/2026;00:00;16.6;7;PLUIE FAIBLE;3;7.1;0
Châteauroux;46.81;1.69;01/10/2026;01:00;16.6;7;PLUIE FAIBLE;3;9.4;0
Châteauroux;46.81;1.69;01/10/2026;02:00;12.6;0;SOLEIL;5;10.5;0
Châteauroux;46.81;1.69;01/10/2026;03:00;12.6;0;SOLEIL;5;10.4;0
Châteauroux;46.81;1.69;01/10/2026;04:00;12.6;0;SOLEIL;5;10.8;0
Châteauroux;46.81;1.69;01/10/2026;05:00;13.2;6;AVERSES;2;10.8;0
Châteauroux;46.81;1.69;01/10/2026;06:00;13.2;6;AVERSES;2;10.4;0
Châteauroux;46.81;1.69;01/10/2026;07:00;13.2;6;AVERSES;2;9.7;0
Châteauroux;46.81;1.69;01/10/2026;08:00;14.2;0;SOLEIL;5;9.7;0
Châteauroux;46.81;1.69;01/10/2026;09:00;15.0;0;SOLEIL;5;11.5;0
Châteauroux;46.81;1.69;01/10/2026;10:00;15.8;0;SOLEIL;5;14.0;0
Châteauroux;46.81;1.69;01/10/2026;11:00;19;7;PLUIE FAIBLE;4;16.2;0
Châteauroux;46.81;1.69;01/10/2026;12:00;19;7;PLUIE FAIBLE;4;17.3;0
Châteauroux;46.81;1.69;01/10/2026;13:00;19;7;PLUIE FAIBLE;4;18.0;0
Châteauroux;46.81;1.69;01/10/2026;14:00;19.1;0;SOLEIL;5;18.7;0
Châteauroux;46.81;1.69;01/10/2026;15:00;19.9;0;SOLEIL;5;20.2;0
Châteauroux;46.81;1.69;01/10/2026;16:00;19.1;0;SOLEIL;5;21.6;0
Châteauroux;46.81;1.69;01/10/2026;17:00;16.4;0;SOLEIL;2;22.3;0
Châteauroux;46.81;1.69;01/10/2026;18:00;16.4;0;SOLEIL;2;22.0;0
Châteauroux;46.81;1.69;01/10/2026;19:00;16.4;0;SOLEIL;2;20.9;0
Châteauroux;46.81;1.69;01/10/2026;20:00;15.8;0;SOLEIL;5;19.1;0
Châteauroux;46.81;1.69;01/10/2026;21:00;15.0;0;SOLEIL;5;15.5;0
Châteauroux;46.81;1.69;01/10/2026;22:00;14.2;0;SOLEIL;5;10.8;0
Châteauroux;46.81;1.69;01/10/2026;23:00;11.6;0;SOLEIL;2;7.2;0
Écueillé;47.08;1.34;27/09/2026;00:00;16;0;SOLEIL;2;8.3;0
Écueillé;47.08;1.34;27/09/2026;01:00;15.3;0;SOLEIL;2;7.2;0
Écueillé;47.08;1.34;27/09/2026;02:00;15.5;0;SOLEIL;2;7.6;0
Écueillé;47.08;1.34;27/09/2026;03:00;15.4;0;SOLEIL;2;7.6;0
Écueillé;47.08;1.34;27/09/2026;04:00;14.4;0;SOLEIL;2;7.9;0
Écueillé;47.08;1.34;27/09/2026;05:00;14.5;2;NUAGEUX;2;8.6;0
Écueillé;47.08;1.34;27/09/2026;06:00;15.8;2;NUAGEUX;2;9.0;0
Écueillé;47.08;1.34;27/09/2026;07:00;17.9;2;NUAGEUX;2;8.6;0
Écueillé;47.08;1.34;27/09/2026;08:00;20.9;2;NUAGEUX;2;8.3;0
Écueillé;47.08;1.34;27/09/2026;09:00;24.5;2;NUAGEUX;2;7.9;0
Écueillé;47.08;1.34;27/09/2026;10:00;26.2;2;NUAGEUX;3;7.9;0
Écueillé;47.08;1.34;27/09/2026;11:00;27.7;2;NUAGEUX;3;14.8;0
Écueillé;47.08;1.34;27/09/2026;12:00;28.6;2;NUAGEUX;4;20.2;0
Écueillé;47.08;1.34;27/09/2026;13:00;28.9;2;NUAGEUX;4;23.0;0
Écueillé;47.08;1.34;27/09/2026;14:00;30.1;2;NUAGEUX;4;23.4;0
Écueillé;47.08;1.34;27/09/2026;15:00;30.3;2;NUAGEUX;4;26.3;0
Écueillé;47.08;1.34;27/09/2026;16:00;30.4;2;NUAGEUX;4;26.3;0
Écueillé;47.08;1.34;27/09/2026;17:00;28.8;2;NUAGEUX;3;25.9;0
Écueillé;47.08;1.34;27/09/2026;18:00;26.7;2;NUAGEUX;3;20.9;0
Écueillé;47.08;1.34;27/09/2026;19:00;24.2;2;NUAGEUX;2;20.9;0
Écueillé;47.08;1.34;27/09/2026;20:00;22.7;2;NUAGEUX;2;18.4;0
Écueillé;47.08;1.34;27/09/2026;21:00;21.6;2;NUAGEUX;2;10.4;0
Écueillé;47.08;1.34;27/09/2026;22:00;20.6;2;NUAGEUX;1;6.5;0
Écueillé;47.08;1.34;27/09/2026;23:00;19.9;2;NUAGEUX;2;4.0;0
Écueillé;47.08;1.34;28/09/2026;00:00;18.7;2;NUAGEUX;0;4.3;0
Écueillé;47.08;1.34;28/09/2026;01:00;18.7;2;NUAGEUX;0;4.7;0
Écueillé;47.08;1.34;28/09/2026;02:00;17.7;2;NUAGEUX;2;7.6;0
Écueillé;47.08;1.34;28/09/2026;03:00;17.7;2;NUAGEUX;2;11.8;0
Écueillé;47.08;1.34;28/09/2026;04:00;17.7;2;NUAGEUX;2;8.1;0
Écueillé;47.08;1.34;28/09/2026;05:00;17.6;2;NUAGEUX;0;5.8;0
Écueillé;47.08;1.34;28/09/2026;06:00;17.6;2;NUAGEUX;0;2.2;0
Écueillé;47.08;1.34;28/09/2026;07:00;17.6;2;NUAGEUX;0;7.9;0
Écueillé;47.08;1.34;28/09/2026;08:00;21;2;NUAGEUX;2;7.2;0
Écueillé;47.08;1.34;28/09/2026;09:00;21;2;NUAGEUX;2;16.2;0
Écueillé;47.08;1.34;28/09/2026;10:00;21;2;NUAGEUX;2;9.0;0
Écueillé;47.08;1.34;28/09/2026;11:00;25.1;5;SOLEIL VOILÉ;3;7.9;0
Écueillé;47.08;1.34;28/09/2026;12:00;25.1;5;SOLEIL VOILÉ;3;5.0;0
Écueillé;47.08;1.34;28/09/2026;13:00;25.1;5;SOLEIL VOILÉ;3;14.8;0
Écueillé;47.08;1.34;28/09/2026;14:00;28.1;5;SOLEIL VOILÉ;3;11.5;0
Écueillé;47.08;1.34;28/09/2026;15:00;28.1;5;SOLEIL VOILÉ;3;17.3;0
Écueillé;47.08;1.34;28/09/2026;16:00;28.1;5;SOLEIL VOILÉ;3;20.5;0
Écueillé;47.08;1.34;28/09/2026;17:00;25.6;5;SOLEIL VOILÉ;3;19.8;0
Écueillé;47.08;1.34;28/09/2026;18:00;25.6;5;SOLEIL VOILÉ;3;18.7;0
Écueillé;47.08;1.34;28/09/2026;19:00;25.6;5;SOLEIL VOILÉ;3;14.8;0
Écueillé;47.08;1.34;28/09/2026;20:00;20.4;5;SOLEIL VOILÉ;3;7.9;0
Écueillé;47.08;1.34;28/09/2026;21:00;20.4;5;SOLEIL VOILÉ;3;8.3;0
Écueillé;47.08;1.34;28/09/2026;22:00;20.4;5;SOLEIL VOILÉ;3;7.9;0
Écueillé;47.08;1.34;28/09/2026;23:00;18.1;5;SOLEIL VOILÉ;3;9.0;0
Écueillé;47.08;1.34;29/09/2026;00:00;18.1;5;SOLEIL VOILÉ;3;13.0;0
Écueillé;47.08;1.34;29/09/2026;01:00;18.1;5;SOLEIL VOILÉ;3;13.3;0
Écueillé;47.08;1.34;29/09/2026;02:00;17.1;5;SOLEIL VOILÉ;2;14.0;0
Écueillé;47.08;1.34;29/09/2026;03:00;17.1;5;SOLEIL VOILÉ;2;11.9;0
Écueillé;47.08;1.34;29/09/2026;04:00;17.1;5;SOLEIL VOILÉ;2;9.0;0
Écueillé;47.08;1.34;29/09/2026;05:00;16.6;0;SOLEIL;2;7.6;0
Écueillé;47.08;1.34;29/09/2026;06:00;16.6;0;SOLEIL;2;7.9;0
Écueillé;47.08;1.34;29/09/2026;07:00;16.6;0;SOLEIL;2;8.6;0
Écueillé;47.08;1.34;29/09/2026;08:00;24.6;0;SOLEIL;2;11.5;0
Écueillé;47.08;1.34;29/09/2026;09:00;24.6;0;SOLEIL;2;13.3;0
Écueillé;47.08;1.34;29/09/2026;10:00;24.6;0;SOLEIL;2;15.8;0
Écueillé;47.08;1.34;29/09/2026;11:00;29.4;0;SOLEIL;3;19.8;0
Écueillé;47.08;1.34;29/09/2026;12:00;29.4;0;SOLEIL;3;26.6;0
Écueillé;47.08;1.34;29/09/2026;13:00;29.4;0;SOLEIL;3;35.3;0
Écueillé;47.08;1.34;29/09/2026;14:00;30.6;0;SOLEIL;3;41.4;0
Écueillé;47.08;1.34;29/09/2026;15:00;30.6;0;SOLEIL;3;43.9;0
Écueillé;47.08;1.34;29/09/2026;16:00;30.6;0;SOLEIL;3;43.6;0
Écueillé;47.08;1.34;29/09/2026;17:00;28.1;0;SOLEIL;3;41.4;0
Écueillé;47.08;1.34;29/09/2026;18:00;28.1;0;SOLEIL;3;35.6;0
Écueillé;47.08;1.34;29/09/2026;19:00;28.1;0;SOLEIL;3;27.4;0
Écueillé;47.08;1.34;29/09/2026;20:00;22.9;0;SOLEIL;5;20.9;0
Écueillé;47.08;1.34;29/09/2026;21:00;21.1;0;SOLEIL;5;17.6;0
Écueillé;47.08;1.34;29/09/2026;22:00;19.4;0;SOLEIL;5;16.2;0
Écueillé;47.08;1.34;29/09/2026;23:00;20.1;2;NUAGEUX;4;15.5;0
Écueillé;47.08;1.34;30/09/2026;00:00;20.1;2;NUAGEUX;4;15.5;0
Écueillé;47.08;1.34;30/09/2026;01:00;20.1;2;NUAGEUX;4;16.6;0
Écueillé;47.08;1.34;30/09/2026;02:00;19;2;NUAGEUX;5;16.9;0
Écueillé;47.08;1.34;30/09/2026;03:00;19;2;NUAGEUX;5;16.2;0
Écueillé;47.08;1.34;30/09/2026;04:00;19;2;NUAGEUX;5;15.1;0
Écueillé;47.08;1.34;30/09/2026;05:00;20.4;2;NUAGEUX;4;13.7;0
Écueillé;47.08;1.34;30/09/2026;06:00;20.4;2;NUAGEUX;4;11.5;0
Écueillé;47.08;1.34;30/09/2026;07:00;20.4;2;NUAGEUX;4;9.0;0
Écueillé;47.08;1.34;30/09/2026;08:00;20.9;2;NUAGEUX;5;9.0;0
Écueillé;47.08;1.34;30/09/2026;09:00;21.9;2;NUAGEUX;5;12.2;0
Écueillé;47.08;1.34;30/09/2026;10:00;22.8;2;NUAGEUX;5;17.6;0
Écueillé;47.08;1.34;30/09/2026;11:00;26.2;2;NUAGEUX;5;23.8;0
Écueillé;47.08;1.34;30/09/2026;12:00;26.2;2;NUAGEUX;5;31.7;0
Écueillé;47.08;1.34;30/09/2026;13:00;26.2;2;NUAGEUX;5;40.3;0
Écueillé;47.08;1.34;30/09/2026;14:00;26.6;2;NUAGEUX;5;43.9;0
Écueillé;47.08;1.34;30/09/2026;15:00;27.6;2;NUAGEUX;5;38.2;0
Écueillé;47.08;1.34;30/09/2026;16:00;26.6;2;NUAGEUX;5;27.0;0
Écueillé;47.08;1.34;30/09/2026;17:00;23.1;7;PLUIE FAIBLE;3;18.4;0
Écueillé;47.08;1.34;30/09/2026;18:00;23.1;7;PLUIE FAIBLE;3;14.4;0
Écueillé;47.08;1.34;30/09/2026;19:00;23.1;7;PLUIE FAIBLE;3;12.6;0
Écueillé;47.08;1.34;30/09/2026;20:00;22.8;2;NUAGEUX;5;11.9;0
Écueillé;47.08;1.34;30/09/2026;21:00;21.9;2;NUAGEUX;5;12.2;0
Écueillé;47.08;1.34;30/09/2026;22:00;20.9;2;NUAGEUX;5;13.7;0
Écueillé;47.08;1.34;30/09/2026;23:00;18.7;6;AVERSES;3;15.5;0
Écueillé;47.08;1.34;01/10/2026;00:00;18.7;6;AVERSES;3;17.2;0
Écueillé;47.08;1.34;01/10/2026;01:00;18.7;6;AVERSES;3;18.2;0
Écueillé;47.08;1.34;01/10/2026;02:00;15.5;6;AVERSES;5;18.0;0
Écueillé;47.08;1.34;01/10/2026;03:00;15.5;6;AVERSES;5;19.4;0
Écueillé;47.08;1.34;01/10/2026;04:00;15.5;6;AVERSES;5;22.3;0
Écueillé;47.08;1.34;01/10/2026;05:00;17.1;6;AVERSES;2;24.5;0
Écueillé;47.08;1.34;01/10/2026;06:00;17.1;6;AVERSES;2;24.5;0
Écueillé;47.08;1.34;01/10/2026;07:00;17.1;6;AVERSES;2;23.0;0
Écueillé;47.08;1.34;01/10/2026;08:00;16.8;6;AVERSES;5;21.6;0
Écueillé;47.08;1.34;01/10/2026;09:00;17.5;6;AVERSES;5;19.8;0
Écueillé;47.08;1.34;01/10/2026;10:00;18.2;6;AVERSES;5;17.6;0
Écueillé;47.08;1.34;01/10/2026;11:00;20.4;7;PLUIE FAIBLE;3;16.2;0
Écueillé;47.08;1.34;01/10/2026;12:00;20.4;7;PLUIE FAIBLE;3;15.1;0
Écueillé;47.08;1.34;01/10/2026;13:00;20.4;7;PLUIE FAIBLE;3;14.8;0
Écueillé;47.08;1.34;01/10/2026;14:00;20.8;6;AVERSES;5;15.1;0
Écueillé;47.08;1.34;01/10/2026;15:00;21.5;6;AVERSES;5;16.9;0
Écueillé;47.08;1.34;01/10/2026;16:00;20.8;6;AVERSES;5;19.1;0
Écueillé;47.08;1.34;01/10/2026;17:00;18.4;2;NUAGEUX;2;21.2;0
Écueillé;47.08;1.34;01/10/2026;18:00;18.4;2;NUAGEUX;2;22.7;0
Écueillé;47.08;1.34;01/10/2026;19:00;18.4;2;NUAGEUX;2;24.1;0
Écueillé;47.08;1.34;01/10/2026;20:00;18.2;6;AVERSES;5;23.4;0
Écueillé;47.08;1.34;01/10/2026;21:00;17.5;6;AVERSES;5;19.8;0
Écueillé;47.08;1.34;01/10/2026;22:00;16.8;6;AVERSES;5;14.4;0
Écueillé;47.08;1.34;01/10/2026;23:00;14.1;0;SOLEIL;2;10.1;0
Éguzon-Chantôme;46.44;1.58;27/09/2026;00:00;14.4;0;SOLEIL;2;3.6;0
Éguzon-Chantôme;46.44;1.58;27/09/2026;01:00;13.1;0;SOLEIL;2;7.9;0
Éguzon-Chantôme;46.44;1.58;27/09/2026;02:00;13.6;0;SOLEIL;3;7.9;0
Éguzon-Chantôme;46.44;1.58;27/09/2026;03:00;13.6;0;SOLEIL;3;6.8;0
Éguzon-Chantôme;46.44;1.58;27/09/2026;04:00;13;0;SOLEIL;3;7.6;0
Éguzon-Chantôme;46.44;1.58;27/09/2026;05:00;13.7;0;SOLEIL;3;7.9;0
Éguzon-Chantôme;46.44;1.58;27/09/2026;06:00;13.7;2;NUAGEUX;3;8.6;0
Éguzon-Chantôme;46.44;1.58;27/09/2026;07:00;15;2;NUAGEUX;3;9.0;0
Éguzon-Chantôme;46.44;1.58;27/09/2026;08:00;18.7;2;NUAGEUX;3;9.4;0
Éguzon-Chantôme;46.44;1.58;27/09/2026;09:00;23.2;2;NUAGEUX;4;8.6;0
Éguzon-Chantôme;46.44;1.58;27/09/2026;10:00;25.6;2;NUAGEUX;4;14.4;0
Éguzon-Chantôme;46.44;1.58;27/09/2026;11:00;27;2;NUAGEUX;4;18.4;0
Éguzon-Chantôme;46.44;1.58;27/09/2026;12:00;27.6;2;NUAGEUX;5;23.0;0
Éguzon-Chantôme;46.44;1.58;27/09/2026;13:00;28;2;NUAGEUX;5;24.1;0
Éguzon-Chantôme;46.44;1.58;27/09/2026;14:00;28.6;2;NUAGEUX;5;27.7;0
Éguzon-Chantôme;46.44;1.58;27/09/2026;15:00;28.5;2;NUAGEUX;5;28.1;0
Éguzon-Chantôme;46.44;1.58;27/09/2026;16:00;28.2;2;NUAGEUX;4;27.4;0
Éguzon-Chantôme;46.44;1.58;27/09/2026;17:00;27.1;2;NUAGEUX;3;24.8;0
Éguzon-Chantôme;46.44;1.58;27/09/2026;18:00;24.9;5;SOLEIL VOILÉ;3;22.7;0
Éguzon-Chantôme;46.44;1.58;27/09/2026;19:00;22.6;2;NUAGEUX;2;18.7;0
Éguzon-Chantôme;46.44;1.58;27/09/2026;20:00;21.4;2;NUAGEUX;2;13.3;0
Éguzon-Chantôme;46.44;1.58;27/09/2026;21:00;20.2;2;NUAGEUX;2;6.8;0
Éguzon-Chantôme;46.44;1.58;27/09/2026;22:00;19.1;2;NUAGEUX;1;4.0;0
Éguzon-Chantôme;46.44;1.58;27/09/2026;23:00;18.4;2;NUAGEUX;1;4.3;0
Éguzon-Chantôme;46.44;1.58;28/09/2026;00:00;17.9;2;NUAGEUX;2;5.8;0
Éguzon-Chantôme;46.44;1.58;28/09/2026;01:00;17.9;2;NUAGEUX;2;5.4;0
Éguzon-Chantôme;46.44;1.58;28/09/2026;02:00;17.2;2;NUAGEUX;2;6.5;0
Éguzon-Chantôme;46.44;1.58;28/09/2026;03:00;17.2;2;NUAGEUX;2;6.3;0
Éguzon-Chantôme;46.44;1.58;28/09/2026;04:00;17.2;2;NUAGEUX;2;9.2;0
Éguzon-Chantôme;46.44;1.58;28/09/2026;05:00;16.5;2;NUAGEUX;2;7.2;0
Éguzon-Chantôme;46.44;1.58;28/09/2026;06:00;16.5;2;NUAGEUX;2;10.1;0
Éguzon-Chantôme;46.44;1.58;28/09/2026;07:00;16.5;2;NUAGEUX;2;14.0;0
Éguzon-Chantôme;46.44;1.58;28/09/2026;08:00;20.2;2;NUAGEUX;2;15.1;0
Éguzon-Chantôme;46.44;1.58;28/09/2026;09:00;20.2;2;NUAGEUX;2;25.9;0
Éguzon-Chantôme;46.44;1.58;28/09/2026;10:00;20.2;2;NUAGEUX;2;27.4;0
Éguzon-Chantôme;46.44;1.58;28/09/2026;11:00;24.6;5;SOLEIL VOILÉ;3;23.8;0
Éguzon-Chantôme;46.44;1.58;28/09/2026;12:00;24.6;5;SOLEIL VOILÉ;3;21.2;0
Éguzon-Chantôme;46.44;1.58;28/09/2026;13:00;24.6;5;SOLEIL VOILÉ;3;21.6;0
Éguzon-Chantôme;46.44;1.58;28/09/2026;14:00;26.6;5;SOLEIL VOILÉ;3;22.0;0
Éguzon-Chantôme;46.44;1.58;28/09/2026;15:00;26.6;5;SOLEIL VOILÉ;3;27.4;0
Éguzon-Chantôme;46.44;1.58;28/09/2026;16:00;26.6;5;SOLEIL VOILÉ;3;27.4;0
Éguzon-Chantôme;46.44;1.58;28/09/2026;17:00;23.1;5;SOLEIL VOILÉ;3;15.8;0
Éguzon-Chantôme;46.44;1.58;28/09/2026;18:00;23.1;5;SOLEIL VOILÉ;3;16.6;0
Éguzon-Chantôme;46.44;1.58;28/09/2026;19:00;23.1;5;SOLEIL VOILÉ;3;15.8;0
Éguzon-Chantôme;46.44;1.58;28/09/2026;20:00;18.6;5;SOLEIL VOILÉ;3;11.5;0
Éguzon-Chantôme;46.44;1.58;28/09/2026;21:00;18.6;5;SOLEIL VOILÉ;3;10.4;0
Éguzon-Chantôme;46.44;1.58;28/09/2026;22:00;18.6;5;SOLEIL VOILÉ;3;10.1;0
Éguzon-Chantôme;46.44;1.58;28/09/2026;23:00;16.9;5;SOLEIL VOILÉ;3;11.2;0
Éguzon-Chantôme;46.44;1.58;29/09/2026;00:00;16.9;5;SOLEIL VOILÉ;3;14.4;0
Éguzon-Chantôme;46.44;1.58;29/09/2026;01:00;16.9;5;SOLEIL VOILÉ;3;17.6;0
Éguzon-Chantôme;46.44;1.58;29/09/2026;02:00;16.4;0;SOLEIL;3;20.9;0
Éguzon-Chantôme;46.44;1.58;29/09/2026;03:00;16.4;0;SOLEIL;3;20.9;0
Éguzon-Chantôme;46.44;1.58;29/09/2026;04:00;16.4;0;SOLEIL;3;20.5;0
Éguzon-Chantôme;46.44;1.58;29/09/2026;05:00;15.9;0;SOLEIL;3;19.8;0
Éguzon-Chantôme;46.44;1.58;29/09/2026;06:00;15.9;0;SOLEIL;3;17.6;0
Éguzon-Chantôme;46.44;1.58;29/09/2026;07:00;15.9;0;SOLEIL;3;14.8;0
Éguzon-Chantôme;46.44;1.58;29/09/2026;08:00;24.1;0;SOLEIL;4;12.2;0
Éguzon-Chantôme;46.44;1.58;29/09/2026;09:00;24.1;0;SOLEIL;4;14.4;0
Éguzon-Chantôme;46.44;1.58;29/09/2026;10:00;24.1;0;SOLEIL;4;19.1;0
Éguzon-Chantôme;46.44;1.58;29/09/2026;11:00;27.7;0;SOLEIL;3;23.8;0
Éguzon-Chantôme;46.44;1.58;29/09/2026;12:00;27.7;0;SOLEIL;3;29.5;0
Éguzon-Chantôme;46.44;1.58;29/09/2026;13:00;27.7;0;SOLEIL;3;35.3;0
Éguzon-Chantôme;46.44;1.58;29/09/2026;14:00;30;0;SOLEIL;4;39.2;0
Éguzon-Chantôme;46.44;1.58;29/09/2026;15:00;30;0;SOLEIL;4;39.2;0
Éguzon-Chantôme;46.44;1.58;29/09/2026;16:00;30;0;SOLEIL;4;36.7;0
Éguzon-Chantôme;46.44;1.58;29/09/2026;17:00;26;0;SOLEIL;3;34.2;0
Éguzon-Chantôme;46.44;1.58;29/09/2026;18:00;26;0;SOLEIL;3;32.4;0
Éguzon-Chantôme;46.44;1.58;29/09/2026;19:00;26;0;SOLEIL;3;30.2;0
Éguzon-Chantôme;46.44;1.58;29/09/2026;20:00;21.9;0;SOLEIL;5;27.7;0
Éguzon-Chantôme;46.44;1.58;29/09/2026;21:00;20.2;0;SOLEIL;5;24.5;0
Éguzon-Chantôme;46.44;1.58;29/09/2026;22:00;18.4;0;SOLEIL;5;21.2;0
Éguzon-Chantôme;46.44;1.58;29/09/2026;23:00;19.5;2;NUAGEUX;4;19.1;0
Éguzon-Chantôme;46.44;1.58;30/09/2026;00:00;19.5;2;NUAGEUX;4;19.4;0
Éguzon-Chantôme;46.44;1.58;30/09/2026;01:00;19.5;2;NUAGEUX;4;21.2;0
Éguzon-Chantôme;46.44;1.58;30/09/2026;02:00;18.6;2;NUAGEUX;5;22.3;0
Éguzon-Chantôme;46.44;1.58;30/09/2026;03:00;18.6;2;NUAGEUX;5;22.0;0
Éguzon-Chantôme;46.44;1.58;30/09/2026;04:00;18.6;2;NUAGEUX;5;21.2;0
Éguzon-Chantôme;46.44;1.58;30/09/2026;05:00;20.1;2;NUAGEUX;3;20.5;0
Éguzon-Chantôme;46.44;1.58;30/09/2026;06:00;20.1;2;NUAGEUX;3;19.8;0
Éguzon-Chantôme;46.44;1.58;30/09/2026;07:00;20.1;2;NUAGEUX;3;18.7;0
Éguzon-Chantôme;46.44;1.58;30/09/2026;08:00;20.4;2;NUAGEUX;5;19.4;0
Éguzon-Chantôme;46.44;1.58;30/09/2026;09:00;21.4;2;NUAGEUX;5;22.7;0
Éguzon-Chantôme;46.44;1.58;30/09/2026;10:00;22.3;2;NUAGEUX;5;27.7;0
Éguzon-Chantôme;46.44;1.58;30/09/2026;11:00;25;2;NUAGEUX;5;31.3;0
Éguzon-Chantôme;46.44;1.58;30/09/2026;12:00;25;2;NUAGEUX;5;32.8;0
Éguzon-Chantôme;46.44;1.58;30/09/2026;13:00;25;2;NUAGEUX;5;33.1;0
Éguzon-Chantôme;46.44;1.58;30/09/2026;14:00;26.0;2;NUAGEUX;5;33.1;0
Éguzon-Chantôme;46.44;1.58;30/09/2026;15:00;26.9;2;NUAGEUX;5;33.5;0
Éguzon-Chantôme;46.44;1.58;30/09/2026;16:00;26.0;2;NUAGEUX;5;34.2;0
Éguzon-Chantôme;46.44;1.58;30/09/2026;17:00;21.5;6;AVERSES;3;34.2;0
Éguzon-Chantôme;46.44;1.58;30/09/2026;18:00;21.5;6;AVERSES;3;33.8;0
Éguzon-Chantôme;46.44;1.58;30/09/2026;19:00;21.5;6;AVERSES;3;33.5;0
Éguzon-Chantôme;46.44;1.58;30/09/2026;20:00;22.3;2;NUAGEUX;5;32.8;0
Éguzon-Chantôme;46.44;1.58;30/09/2026;21:00;21.4;2;NUAGEUX;5;32.0;0
Éguzon-Chantôme;46.44;1.58;30/09/2026;22:00;20.4;2;NUAGEUX;5;30.6;0
Éguzon-Chantôme;46.44;1.58;30/09/2026;23:00;17.5;7;PLUIE FAIBLE;2;28.4;0
Éguzon-Chantôme;46.44;1.58;01/10/2026;00:00;17.5;7;PLUIE FAIBLE;2;23.3;0
Éguzon-Chantôme;46.44;1.58;01/10/2026;01:00;17.5;7;PLUIE FAIBLE;2;18.7;0
Éguzon-Chantôme;46.44;1.58;01/10/2026;02:00;14.2;6;AVERSES;5;17.1;0
Éguzon-Chantôme;46.44;1.58;01/10/2026;03:00;14.2;6;AVERSES;5;16.9;0
Éguzon-Chantôme;46.44;1.58;01/10/2026;04:00;14.2;6;AVERSES;5;16.2;0
Éguzon-Chantôme;46.44;1.58;01/10/2026;05:00;15.6;6;AVERSES;3;15.8;0
Éguzon-Chantôme;46.44;1.58;01/10/2026;06:00;15.6;6;AVERSES;3;16.2;0
Éguzon-Chantôme;46.44;1.58;01/10/2026;07:00;15.6;6;AVERSES;3;17.3;0
Éguzon-Chantôme;46.44;1.58;01/10/2026;08:00;15.7;6;AVERSES;5;17.6;0
Éguzon-Chantôme;46.44;1.58;01/10/2026;09:00;16.4;6;AVERSES;5;16.6;0
Éguzon-Chantôme;46.44;1.58;01/10/2026;10:00;17.2;6;AVERSES;5;15.1;0
Éguzon-Chantôme;46.44;1.58;01/10/2026;11:00;19.9;6;AVERSES;3;14.4;0
Éguzon-Chantôme;46.44;1.58;01/10/2026;12:00;19.9;6;AVERSES;3;14.8;0
Éguzon-Chantôme;46.44;1.58;01/10/2026;13:00;19.9;6;AVERSES;3;15.5;0
Éguzon-Chantôme;46.44;1.58;01/10/2026;14:00;20.2;6;AVERSES;5;16.9;0
Éguzon-Chantôme;46.44;1.58;01/10/2026;15:00;20.9;6;AVERSES;5;19.1;0
Éguzon-Chantôme;46.44;1.58;01/10/2026;16:00;20.2;6;AVERSES;5;21.2;0
Éguzon-Chantôme;46.44;1.58;01/10/2026;17:00;17.1;0;SOLEIL;2;22.3;0
Éguzon-Chantôme;46.44;1.58;01/10/2026;18:00;17.1;0;SOLEIL;2;21.2;0
Éguzon-Chantôme;46.44;1.58;01/10/2026;19:00;17.1;0;SOLEIL;2;18.7;0
Éguzon-Chantôme;46.44;1.58;01/10/2026;20:00;17.2;6;AVERSES;5;16.2;0
Éguzon-Chantôme;46.44;1.58;01/10/2026;21:00;16.4;6;AVERSES;5;14.0;0
Éguzon-Chantôme;46.44;1.58;01/10/2026;22:00;15.7;6;AVERSES;5;12.2;0
Éguzon-Chantôme;46.44;1.58;01/10/2026;23:00;13.1;0;SOLEIL;2;10.4;0
Le Blanc;46.63;1.06;27/09/2026;00:00;13.2;0;SOLEIL;2;5.4;0
Le Blanc;46.63;1.06;27/09/2026;01:00;13.1;0;SOLEIL;3;6.8;0
Le Blanc;46.63;1.06;27/09/2026;02:00;13.1;0;SOLEIL;3;7.6;0
Le Blanc;46.63;1.06;27/09/2026;03:00;12.9;0;SOLEIL;3;9.0;0
Le Blanc;46.63;1.06;27/09/2026;04:00;12.4;0;SOLEIL;3;10.8;0
Le Blanc;46.63;1.06;27/09/2026;05:00;12.7;2;NUAGEUX;3;10.8;0
Le Blanc;46.63;1.06;27/09/2026;06:00;13.6;2;NUAGEUX;3;10.8;0
Le Blanc;46.63;1.06;27/09/2026;07:00;16;2;NUAGEUX;3;10.4;0
Le Blanc;46.63;1.06;27/09/2026;08:00;19.6;2;NUAGEUX;3;10.4;0
Le Blanc;46.63;1.06;27/09/2026;09:00;22.7;2;NUAGEUX;3;10.1;0
Le Blanc;46.63;1.06;27/09/2026;10:00;26.4;2;NUAGEUX;4;16.2;0
Le Blanc;46.63;1.06;27/09/2026;11:00;28.6;2;NUAGEUX;5;20.2;0
Le Blanc;46.63;1.06;27/09/2026;12:00;29;2;NUAGEUX;5;27.7;0
Le Blanc;46.63;1.06;27/09/2026;13:00;29.3;2;NUAGEUX;5;29.5;0
Le Blanc;46.63;1.06;27/09/2026;14:00;30;2;NUAGEUX;5;28.8;0
Le Blanc;46.63;1.06;27/09/2026;15:00;29.9;2;NUAGEUX;5;27.7;0
Le Blanc;46.63;1.06;27/09/2026;16:00;29.6;2;NUAGEUX;4;26.3;0
Le Blanc;46.63;1.06;27/09/2026;17:00;27.7;2;NUAGEUX;3;23.4;0
Le Blanc;46.63;1.06;27/09/2026;18:00;24.9;2;NUAGEUX;3;23.4;0
Le Blanc;46.63;1.06;27/09/2026;19:00;22.1;2;NUAGEUX;2;18.4;0
Le Blanc;46.63;1.06;27/09/2026;20:00;20.1;2;NUAGEUX;2;13.0;0
Le Blanc;46.63;1.06;27/09/2026;21:00;19;2;NUAGEUX;2;9.4;0
Le Blanc;46.63;1.06;27/09/2026;22:00;18;2;NUAGEUX;2;7.6;0
Le Blanc;46.63;1.06;27/09/2026;23:00;17.4;2;NUAGEUX;2;5.0;0
Le Blanc;46.63;1.06;28/09/2026;00:00;17.2;2;NUAGEUX;1;7.9;0
Le Blanc;46.63;1.06;28/09/2026;01:00;17.2;2;NUAGEUX;1;9.7;0
Le Blanc;46.63;1.06;28/09/2026;02:00;16.1;2;NUAGEUX;3;9.4;0
Le Blanc;46.63;1.06;28/09/2026;03:00;16.1;2;NUAGEUX;3;10.2;0
Le Blanc;46.63;1.06;28/09/2026;04:00;16.1;2;NUAGEUX;3;8.8;0
Le Blanc;46.63;1.06;28/09/2026;05:00;16.2;2;NUAGEUX;1;7.0;0
Le Blanc;46.63;1.06;28/09/2026;06:00;16.2;2;NUAGEUX;1;6.1;0
Le Blanc;46.63;1.06;28/09/2026;07:00;16.2;2;NUAGEUX;1;9.0;0
Le Blanc;46.63;1.06;28/09/2026;08:00;21.6;2;NUAGEUX;2;5.0;0
Le Blanc;46.63;1.06;28/09/2026;09:00;21.6;2;NUAGEUX;2;7.2;0
Le Blanc;46.63;1.06;28/09/2026;10:00;21.6;2;NUAGEUX;2;6.5;0
Le Blanc;46.63;1.06;28/09/2026;11:00;25.5;5;SOLEIL VOILÉ;2;8.3;0
Le Blanc;46.63;1.06;28/09/2026;12:00;25.5;5;SOLEIL VOILÉ;2;9.7;0
Le Blanc;46.63;1.06;28/09/2026;13:00;25.5;5;SOLEIL VOILÉ;2;17.6;0
Le Blanc;46.63;1.06;28/09/2026;14:00;27.6;5;SOLEIL VOILÉ;3;18.0;0
Le Blanc;46.63;1.06;28/09/2026;15:00;27.6;5;SOLEIL VOILÉ;3;18.4;0
Le Blanc;46.63;1.06;28/09/2026;16:00;27.6;5;SOLEIL VOILÉ;3;18.0;0
Le Blanc;46.63;1.06;28/09/2026;17:00;23.9;5;SOLEIL VOILÉ;3;16.6;0
Le Blanc;46.63;1.06;28/09/2026;18:00;23.9;5;SOLEIL VOILÉ;3;14.4;0
Le Blanc;46.63;1.06;28/09/2026;19:00;23.9;5;SOLEIL VOILÉ;3;16.9;0
Le Blanc;46.63;1.06;28/09/2026;20:00;17.9;5;SOLEIL VOILÉ;4;16.2;0
Le Blanc;46.63;1.06;28/09/2026;21:00;17.9;5;SOLEIL VOILÉ;4;9.4;0
Le Blanc;46.63;1.06;28/09/2026;22:00;17.9;5;SOLEIL VOILÉ;4;10.8;0
Le Blanc;46.63;1.06;28/09/2026;23:00;17.6;5;SOLEIL VOILÉ;4;17.6;0
Le Blanc;46.63;1.06;29/09/2026;00:00;17.6;5;SOLEIL VOILÉ;4;26.6;0
Le Blanc;46.63;1.06;29/09/2026;01:00;17.6;5;SOLEIL VOILÉ;4;27.4;0
Le Blanc;46.63;1.06;29/09/2026;02:00;16.7;5;SOLEIL VOILÉ;4;25.6;0
Le Blanc;46.63;1.06;29/09/2026;03:00;16.7;5;SOLEIL VOILÉ;4;22.7;0
Le Blanc;46.63;1.06;29/09/2026;04:00;16.7;5;SOLEIL VOILÉ;4;22.7;0
Le Blanc;46.63;1.06;29/09/2026;05:00;16.2;0;SOLEIL;4;23.0;0
Le Blanc;46.63;1.06;29/09/2026;06:00;16.2;0;SOLEIL;4;23.4;0
Le Blanc;46.63;1.06;29/09/2026;07:00;16.2;0;SOLEIL;4;23.4;0
Le Blanc;46.63;1.06;29/09/2026;08:00;24.4;0;SOLEIL;5;22.3;0
Le Blanc;46.63;1.06;29/09/2026;09:00;24.4;0;SOLEIL;5;28.8;0
Le Blanc;46.63;1.06;29/09/2026;10:00;24.4;0;SOLEIL;5;38.2;0
Le Blanc;46.63;1.06;29/09/2026;11:00;28.5;0;SOLEIL;4;45.4;0
Le Blanc;46.63;1.06;29/09/2026;12:00;28.5;0;SOLEIL;4;49.0;0
Le Blanc;46.63;1.06;29/09/2026;13:00;28.5;0;SOLEIL;4;50.0;0
Le Blanc;46.63;1.06;29/09/2026;14:00;28.9;0;SOLEIL;4;50.0;0
Le Blanc;46.63;1.06;29/09/2026;15:00;28.9;0;SOLEIL;4;48.2;0
Le Blanc;46.63;1.06;29/09/2026;16:00;28.9;0;SOLEIL;4;45.0;0
Le Blanc;46.63;1.06;29/09/2026;17:00;25;0;SOLEIL;3;41.0;0
Le Blanc;46.63;1.06;29/09/2026;18:00;25;0;SOLEIL;3;36.7;0
Le Blanc;46.63;1.06;29/09/2026;19:00;25;0;SOLEIL;3;31.7;0
Le Blanc;46.63;1.06;29/09/2026;20:00;21.6;0;SOLEIL;5;27.7;0
Le Blanc;46.63;1.06;29/09/2026;21:00;20.0;0;SOLEIL;5;24.8;0
Le Blanc;46.63;1.06;29/09/2026;22:00;18.4;0;SOLEIL;5;22.7;0
Le Blanc;46.63;1.06;29/09/2026;23:00;18.2;2;NUAGEUX;6;21.2;0
Le Blanc;46.63;1.06;30/09/2026;00:00;18.2;2;NUAGEUX;6;21.2;0
Le Blanc;46.63;1.06;30/09/2026;01:00;18.2;2;NUAGEUX;6;22.3;0
Le Blanc;46.63;1.06;30/09/2026;02:00;18.4;2;NUAGEUX;5;23.4;0
Le Blanc;46.63;1.06;30/09/2026;03:00;18.4;2;NUAGEUX;5;24.1;0
Le Blanc;46.63;1.06;30/09/2026;04:00;18.4;2;NUAGEUX;5;25.2;0
Le Blanc;46.63;1.06;30/09/2026;05:00;20;2;NUAGEUX;6;25.9;0
Le Blanc;46.63;1.06;30/09/2026;06:00;20;2;NUAGEUX;6;25.9;0
Le Blanc;46.63;1.06;30/09/2026;07:00;20;2;NUAGEUX;6;25.6;0
Le Blanc;46.63;1.06;30/09/2026;08:00;20.4;2;NUAGEUX;5;26.6;0
Le Blanc;46.63;1.06;30/09/2026;09:00;21.3;2;NUAGEUX;5;31.0;0
Le Blanc;46.63;1.06;30/09/2026;10:00;22.3;2;NUAGEUX;5;36.7;0
Le Blanc;46.63;1.06;30/09/2026;11:00;25.7;2;NUAGEUX;6;40.3;0
Le Blanc;46.63;1.06;30/09/2026;12:00;25.7;2;NUAGEUX;6;39.2;0
Le Blanc;46.63;1.06;30/09/2026;13:00;25.7;2;NUAGEUX;6;36.0;0
Le Blanc;46.63;1.06;30/09/2026;14:00;26.2;2;NUAGEUX;5;32.8;0
Le Blanc;46.63;1.06;30/09/2026;15:00;27.2;2;NUAGEUX;5;31.0;0
Le Blanc;46.63;1.06;30/09/2026;16:00;26.2;2;NUAGEUX;5;29.2;0
Le Blanc;46.63;1.06;30/09/2026;17:00;21.1;6;AVERSES;3;27.0;0
Le Blanc;46.63;1.06;30/09/2026;18:00;21.1;6;AVERSES;3;23.4;0
Le Blanc;46.63;1.06;30/09/2026;19:00;21.1;6;AVERSES;3;19.1;0
Le Blanc;46.63;1.06;30/09/2026;20:00;22.3;2;NUAGEUX;5;16.2;0
Le Blanc;46.63;1.06;30/09/2026;21:00;21.3;2;NUAGEUX;5;16.2;0
Le Blanc;46.63;1.06;30/09/2026;22:00;20.4;2;NUAGEUX;5;18.0;0
Le Blanc;46.63;1.06;30/09/2026;23:00;17.5;7;PLUIE FAIBLE;3;19.1;0
Le Blanc;46.63;1.06;01/10/2026;00:00;17.5;7;PLUIE FAIBLE;3;19.4;0
Le Blanc;46.63;1.06;01/10/2026;01:00;17.5;7;PLUIE FAIBLE;3;19.6;0
Le Blanc;46.63;1.06;01/10/2026;02:00;14.1;6;AVERSES;5;20.7;0
Le Blanc;46.63;1.06;01/10/2026;03:00;14.1;6;AVERSES;5;23.0;0
Le Blanc;46.63;1.06;01/10/2026;04:00;14.1;6;AVERSES;5;24.8;0
Le Blanc;46.63;1.06;01/10/2026;05:00;15.5;7;PLUIE FAIBLE;2;25.9;0
Le Blanc;46.63;1.06;01/10/2026;06:00;15.5;7;PLUIE FAIBLE;2;25.2;0
Le Blanc;46.63;1.06;01/10/2026;07:00;15.5;7;PLUIE FAIBLE;2;23.0;0
Le Blanc;46.63;1.06;01/10/2026;08:00;15.5;6;AVERSES;5;20.9;0
Le Blanc;46.63;1.06;01/10/2026;09:00;16.2;6;AVERSES;5;18.0;0
Le Blanc;46.63;1.06;01/10/2026;10:00;16.9;6;AVERSES;5;14.4;0
Le Blanc;46.63;1.06;01/10/2026;11:00;19.2;6;AVERSES;3;11.9;0
Le Blanc;46.63;1.06;01/10/2026;12:00;19.2;6;AVERSES;3;9.7;0
Le Blanc;46.63;1.06;01/10/2026;13:00;19.2;6;AVERSES;3;8.3;0
Le Blanc;46.63;1.06;01/10/2026;14:00;19.7;6;AVERSES;5;9.0;0
Le Blanc;46.63;1.06;01/10/2026;15:00;20.4;6;AVERSES;5;14.0;0
Le Blanc;46.63;1.06;01/10/2026;16:00;19.7;6;AVERSES;5;21.2;0
Le Blanc;46.63;1.06;01/10/2026;17:00;16.6;2;NUAGEUX;2;25.6;0
Le Blanc;46.63;1.06;01/10/2026;18:00;16.6;2;NUAGEUX;2;24.8;0
Le Blanc;46.63;1.06;01/10/2026;19:00;16.6;2;NUAGEUX;2;21.6;0
Le Blanc;46.63;1.06;01/10/2026;20:00;16.9;6;AVERSES;5;18.4;0
Le Blanc;46.63;1.06;01/10/2026;21:00;16.2;6;AVERSES;5;15.1;0
Le Blanc;46.63;1.06;01/10/2026;22:00;15.5;6;AVERSES;5;11.9;0
Le Blanc;46.63;1.06;01/10/2026;23:00;12.6;0;SOLEIL;2;9.4;0
Chinon;47.16;0.24;27/09/2026;00:00;14.6;0;SOLEIL;2;4.3;0
Chinon;47.16;0.24;27/09/2026;01:00;14.3;0;SOLEIL;2;3.2;0
Chinon;47.16;0.24;27/09/2026;02:00;13.6;0;SOLEIL;2;2.9;0
Chinon;47.16;0.24;27/09/2026;03:00;13.4;0;SOLEIL;1;4.3;0
Chinon;47.16;0.24;27/09/2026;04:00;13.1;0;SOLEIL;2;4.0;0
Chinon;47.16;0.24;27/09/2026;05:00;13.2;2;NUAGEUX;1;4.7;0
Chinon;47.16;0.24;27/09/2026;06:00;13.3;2;NUAGEUX;1;4.0;0
Chinon;47.16;0.24;27/09/2026;07:00;14.7;2;NUAGEUX;1;4.7;0
Chinon;47.16;0.24;27/09/2026;08:00;18.6;2;NUAGEUX;2;4.0;0
Chinon;47.16;0.24;27/09/2026;09:00;23;2;NUAGEUX;2;4.0;0
Chinon;47.16;0.24;27/09/2026;10:00;26.2;2;NUAGEUX;4;8.3;0
Chinon;47.16;0.24;27/09/2026;11:00;28.2;2;NUAGEUX;5;13.7;0
Chinon;47.16;0.24;27/09/2026;12:00;29.6;2;NUAGEUX;5;18.7;0
Chinon;47.16;0.24;27/09/2026;13:00;30.9;2;NUAGEUX;5;24.8;0
Chinon;47.16;0.24;27/09/2026;14:00;31.1;2;NUAGEUX;5;27.4;0
Chinon;47.16;0.24;27/09/2026;15:00;30.5;2;NUAGEUX;5;27.4;0
Chinon;47.16;0.24;27/09/2026;16:00;29.6;2;NUAGEUX;4;26.3;0
Chinon;47.16;0.24;27/09/2026;17:00;28.1;5;SOLEIL VOILÉ;3;23.0;0
Chinon;47.16;0.24;27/09/2026;18:00;26;2;NUAGEUX;3;22.7;0
Chinon;47.16;0.24;27/09/2026;19:00;23.7;2;NUAGEUX;2;21.2;0
Chinon;47.16;0.24;27/09/2026;20:00;22.1;2;NUAGEUX;2;15.5;0
Chinon;47.16;0.24;27/09/2026;21:00;20.9;2;NUAGEUX;1;8.3;0
Chinon;47.16;0.24;27/09/2026;22:00;19.6;2;NUAGEUX;2;5.8;0
Chinon;47.16;0.24;27/09/2026;23:00;18.7;2;NUAGEUX;1;2.2;0
Chinon;47.16;0.24;28/09/2026;00:00;18.4;2;NUAGEUX;2;2.9;0
Chinon;47.16;0.24;28/09/2026;01:00;18.4;2;NUAGEUX;2;4.0;0
Chinon;47.16;0.24;28/09/2026;02:00;16.9;2;NUAGEUX;2;2.2;0
Chinon;47.16;0.24;28/09/2026;03:00;16.9;2;NUAGEUX;2;3.0;0
Chinon;47.16;0.24;28/09/2026;04:00;16.9;2;NUAGEUX;2;4.7;0
Chinon;47.16;0.24;28/09/2026;05:00;16.6;2;NUAGEUX;2;4.3;0
Chinon;47.16;0.24;28/09/2026;06:00;16.6;2;NUAGEUX;2;2.9;0
Chinon;47.16;0.24;28/09/2026;07:00;16.6;2;NUAGEUX;2;7.9;0
Chinon;47.16;0.24;28/09/2026;08:00;21.1;2;NUAGEUX;3;16.6;0
Chinon;47.16;0.24;28/09/2026;09:00;21.1;2;NUAGEUX;3;18.4;0
Chinon;47.16;0.24;28/09/2026;10:00;21.1;2;NUAGEUX;3;9.0;0
Chinon;47.16;0.24;28/09/2026;11:00;26.6;5;SOLEIL VOILÉ;3;11.5;0
Chinon;47.16;0.24;28/09/2026;12:00;26.6;5;SOLEIL VOILÉ;3;21.2;0
Chinon;47.16;0.24;28/09/2026;13:00;26.6;5;SOLEIL VOILÉ;3;16.9;0
Chinon;47.16;0.24;28/09/2026;14:00;28.2;5;SOLEIL VOILÉ;3;19.8;0
Chinon;47.16;0.24;28/09/2026;15:00;28.2;5;SOLEIL VOILÉ;3;36.4;0
Chinon;47.16;0.24;28/09/2026;16:00;28.2;5;SOLEIL VOILÉ;3;25.9;0
Chinon;47.16;0.24;28/09/2026;17:00;24.9;5;SOLEIL VOILÉ;3;24.5;0
Chinon;47.16;0.24;28/09/2026;18:00;24.9;5;SOLEIL VOILÉ;3;22.0;0
Chinon;47.16;0.24;28/09/2026;19:00;24.9;5;SOLEIL VOILÉ;3;19.8;0
Chinon;47.16;0.24;28/09/2026;20:00;19.7;5;SOLEIL VOILÉ;3;13.0;0
Chinon;47.16;0.24;28/09/2026;21:00;19.7;5;SOLEIL VOILÉ;3;7.6;0
Chinon;47.16;0.24;28/09/2026;22:00;19.7;5;SOLEIL VOILÉ;3;8.3;0
Chinon;47.16;0.24;28/09/2026;23:00;17.9;5;SOLEIL VOILÉ;3;16.2;0
Chinon;47.16;0.24;29/09/2026;00:00;17.9;5;SOLEIL VOILÉ;3;25.2;0
Chinon;47.16;0.24;29/09/2026;01:00;17.9;5;SOLEIL VOILÉ;3;28.8;0
Chinon;47.16;0.24;29/09/2026;02:00;17.4;0;SOLEIL;3;28.4;0
Chinon;47.16;0.24;29/09/2026;03:00;17.4;0;SOLEIL;3;26.3;0
Chinon;47.16;0.24;29/09/2026;04:00;17.4;0;SOLEIL;3;22.3;0
Chinon;47.16;0.24;29/09/2026;05:00;16.6;0;SOLEIL;3;18.7;0
Chinon;47.16;0.24;29/09/2026;06:00;16.6;0;SOLEIL;3;15.1;0
Chinon;47.16;0.24;29/09/2026;07:00;16.6;0;SOLEIL;3;11.9;0
Chinon;47.16;0.24;29/09/2026;08:00;24.7;0;SOLEIL;4;7.6;0
Chinon;47.16;0.24;29/09/2026;09:00;24.7;0;SOLEIL;4;15.8;0
Chinon;47.16;0.24;29/09/2026;10:00;24.7;0;SOLEIL;4;29.2;0
Chinon;47.16;0.24;29/09/2026;11:00;29.1;0;SOLEIL;4;39.2;0
Chinon;47.16;0.24;29/09/2026;12:00;29.1;0;SOLEIL;4;43.9;0
Chinon;47.16;0.24;29/09/2026;13:00;29.1;0;SOLEIL;4;45.4;0
Chinon;47.16;0.24;29/09/2026;14:00;31.1;0;SOLEIL;4;45.0;0
Chinon;47.16;0.24;29/09/2026;15:00;31.1;0;SOLEIL;4;41.8;0
Chinon;47.16;0.24;29/09/2026;16:00;31.1;0;SOLEIL;4;36.4;0
Chinon;47.16;0.24;29/09/2026;17:00;26.7;0;SOLEIL;3;31.7;0
Chinon;47.16;0.24;29/09/2026;18:00;26.7;0;SOLEIL;3;29.5;0
Chinon;47.16;0.24;29/09/2026;19:00;26.7;0;SOLEIL;3;28.1;0
Chinon;47.16;0.24;29/09/2026;20:00;22.9;0;SOLEIL;5;26.6;0
Chinon;47.16;0.24;29/09/2026;21:00;21.1;0;SOLEIL;5;24.5;0
Chinon;47.16;0.24;29/09/2026;22:00;19.4;0;SOLEIL;5;22.0;0
Chinon;47.16;0.24;29/09/2026;23:00;20.7;2;NUAGEUX;5;20.5;0
Chinon;47.16;0.24;30/09/2026;00:00;20.7;2;NUAGEUX;5;20.5;0
Chinon;47.16;0.24;30/09/2026;01:00;20.7;2;NUAGEUX;5;21.2;0
Chinon;47.16;0.24;30/09/2026;02:00;19.4;7;PLUIE FAIBLE;5;21.2;0
Chinon;47.16;0.24;30/09/2026;03:00;19.4;7;PLUIE FAIBLE;5;20.2;0
Chinon;47.16;0.24;30/09/2026;04:00;19.4;7;PLUIE FAIBLE;5;18.4;0
Chinon;47.16;0.24;30/09/2026;05:00;20.7;2;NUAGEUX;5;17.6;0
Chinon;47.16;0.24;30/09/2026;06:00;20.7;2;NUAGEUX;5;18.0;0
Chinon;47.16;0.24;30/09/2026;07:00;20.7;2;NUAGEUX;5;19.1;0
Chinon;47.16;0.24;30/09/2026;08:00;21.2;7;PLUIE FAIBLE;5;20.9;0
Chinon;47.16;0.24;30/09/2026;09:00;22.1;7;PLUIE FAIBLE;5;24.1;0
Chinon;47.16;0.24;30/09/2026;10:00;23.0;7;PLUIE FAIBLE;5;28.1;0
Chinon;47.16;0.24;30/09/2026;11:00;26;7;PLUIE FAIBLE;5;31.0;0
Chinon;47.16;0.24;30/09/2026;12:00;26;7;PLUIE FAIBLE;5;31.7;0
Chinon;47.16;0.24;30/09/2026;13:00;26;7;PLUIE FAIBLE;5;31.0;0
Chinon;47.16;0.24;30/09/2026;14:00;26.7;7;PLUIE FAIBLE;5;29.9;0
Chinon;47.16;0.24;30/09/2026;15:00;27.6;7;PLUIE FAIBLE;5;28.1;0
Chinon;47.16;0.24;30/09/2026;16:00;26.7;7;PLUIE FAIBLE;5;25.6;0
Chinon;47.16;0.24;30/09/2026;17:00;22.1;7;PLUIE FAIBLE;2;23.8;0
Chinon;47.16;0.24;30/09/2026;18:00;22.1;7;PLUIE FAIBLE;2;23.0;0
Chinon;47.16;0.24;30/09/2026;19:00;22.1;7;PLUIE FAIBLE;2;23.0;0
Chinon;47.16;0.24;30/09/2026;20:00;23.0;7;PLUIE FAIBLE;5;22.7;0
Chinon;47.16;0.24;30/09/2026;21:00;22.1;7;PLUIE FAIBLE;5;20.9;0
Chinon;47.16;0.24;30/09/2026;22:00;21.2;7;PLUIE FAIBLE;5;18.7;0
Chinon;47.16;0.24;30/09/2026;23:00;17.9;7;PLUIE FAIBLE;3;17.3;0
Chinon;47.16;0.24;01/10/2026;00:00;17.9;7;PLUIE FAIBLE;3;17.5;0
Chinon;47.16;0.24;01/10/2026;01:00;17.9;7;PLUIE FAIBLE;3;17.6;0
Chinon;47.16;0.24;01/10/2026;02:00;14.6;6;AVERSES;5;17.1;0
Chinon;47.16;0.24;01/10/2026;03:00;14.6;6;AVERSES;5;16.2;0
Chinon;47.16;0.24;01/10/2026;04:00;14.6;6;AVERSES;5;16.2;0
Chinon;47.16;0.24;01/10/2026;05:00;15.5;6;AVERSES;3;15.5;0
Chinon;47.16;0.24;01/10/2026;06:00;15.5;6;AVERSES;3;13.3;0
Chinon;47.16;0.24;01/10/2026;07:00;15.5;6;AVERSES;3;10.4;0
Chinon;47.16;0.24;01/10/2026;08:00;16.3;6;AVERSES;5;8.6;0
Chinon;47.16;0.24;01/10/2026;09:00;17.1;6;AVERSES;5;9.0;0
Chinon;47.16;0.24;01/10/2026;10:00;17.9;6;AVERSES;5;10.8;0
Chinon;47.16;0.24;01/10/2026;11:00;21.2;6;AVERSES;3;12.6;0
Chinon;47.16;0.24;01/10/2026;12:00;21.2;6;AVERSES;3;15.1;0
Chinon;47.16;0.24;01/10/2026;13:00;21.2;6;AVERSES;3;18.0;0
Chinon;47.16;0.24;01/10/2026;14:00;21.3;6;AVERSES;5;19.4;0
Chinon;47.16;0.24;01/10/2026;15:00;22.1;6;AVERSES;5;18.7;0
Chinon;47.16;0.24;01/10/2026;16:00;21.3;6;AVERSES;5;16.9;0
Chinon;47.16;0.24;01/10/2026;17:00;17.9;0;SOLEIL;2;15.5;0
Chinon;47.16;0.24;01/10/2026;18:00;17.9;0;SOLEIL;2;14.8;0
Chinon;47.16;0.24;01/10/2026;19:00;17.9;0;SOLEIL;2;14.0;0
Chinon;47.16;0.24;01/10/2026;20:00;17.9;6;AVERSES;5;13.0;0
Chinon;47.16;0.24;01/10/2026;21:00;17.1;6;AVERSES;5;10.1;0
Chinon;47.16;0.24;01/10/2026;22:00;16.3;6;AVERSES;5;6.8;0
Chinon;47.16;0.24;01/10/2026;23:00;13;0;SOLEIL;2;4.3;0
Le Grand-Pressigny;46.92;0.8;27/09/2026;00:00;13.6;0;SOLEIL;2;6.8;0
Le Grand-Pressigny;46.92;0.8;27/09/2026;01:00;12.9;0;SOLEIL;2;7.2;0
Le Grand-Pressigny;46.92;0.8;27/09/2026;02:00;13.2;0;SOLEIL;2;6.1;0
Le Grand-Pressigny;46.92;0.8;27/09/2026;03:00;12;0;SOLEIL;2;7.9;0
Le Grand-Pressigny;46.92;0.8;27/09/2026;04:00;12.6;0;SOLEIL;2;9.0;0
Le Grand-Pressigny;46.92;0.8;27/09/2026;05:00;12.9;2;NUAGEUX;2;9.7;0
Le Grand-Pressigny;46.92;0.8;27/09/2026;06:00;12.8;2;NUAGEUX;2;9.7;0
Le Grand-Pressigny;46.92;0.8;27/09/2026;07:00;14;2;NUAGEUX;2;8.6;0
Le Grand-Pressigny;46.92;0.8;27/09/2026;08:00;16.9;2;NUAGEUX;2;9.4;0
Le Grand-Pressigny;46.92;0.8;27/09/2026;09:00;19.6;2;NUAGEUX;2;10.1;0
Le Grand-Pressigny;46.92;0.8;27/09/2026;10:00;22.6;2;NUAGEUX;4;13.0;0
Le Grand-Pressigny;46.92;0.8;27/09/2026;11:00;26.4;2;NUAGEUX;4;16.2;0
Le Grand-Pressigny;46.92;0.8;27/09/2026;12:00;26.6;2;NUAGEUX;4;19.8;0
Le Grand-Pressigny;46.92;0.8;27/09/2026;13:00;27.7;2;NUAGEUX;4;23.0;0
Le Grand-Pressigny;46.92;0.8;27/09/2026;14:00;28.1;2;NUAGEUX;4;28.4;0
Le Grand-Pressigny;46.92;0.8;27/09/2026;15:00;28.1;5;SOLEIL VOILÉ;4;33.8;0
Le Grand-Pressigny;46.92;0.8;27/09/2026;16:00;28.1;5;SOLEIL VOILÉ;4;32.0;0
Le Grand-Pressigny;46.92;0.8;27/09/2026;17:00;26.9;2;NUAGEUX;3;29.2;0
Le Grand-Pressigny;46.92;0.8;27/09/2026;18:00;25.1;2;NUAGEUX;3;25.2;0
Le Grand-Pressigny;46.92;0.8;27/09/2026;19:00;22.9;2;NUAGEUX;2;22.0;0
Le Grand-Pressigny;46.92;0.8;27/09/2026;20:00;21;2;NUAGEUX;2;14.0;0
Le Grand-Pressigny;46.92;0.8;27/09/2026;21:00;19.5;2;NUAGEUX;3;5.4;0
Le Grand-Pressigny;46.92;0.8;27/09/2026;22:00;18.5;2;NUAGEUX;2;7.9;0
Le Grand-Pressigny;46.92;0.8;27/09/2026;23:00;17.7;2;NUAGEUX;2;10.1;0
Le Grand-Pressigny;46.92;0.8;28/09/2026;00:00;17.6;2;NUAGEUX;2;10.4;0
Le Grand-Pressigny;46.92;0.8;28/09/2026;01:00;17.6;2;NUAGEUX;2;15.8;0
Le Grand-Pressigny;46.92;0.8;28/09/2026;02:00;16.6;2;NUAGEUX;2;15.5;0
Le Grand-Pressigny;46.92;0.8;28/09/2026;03:00;16.6;2;NUAGEUX;2;11.9;0
Le Grand-Pressigny;46.92;0.8;28/09/2026;04:00;16.6;2;NUAGEUX;2;8.6;0
Le Grand-Pressigny;46.92;0.8;28/09/2026;05:00;16.6;6;AVERSES;1;14.0;0
Le Grand-Pressigny;46.92;0.8;28/09/2026;06:00;16.6;6;AVERSES;1;18.7;0
Le Grand-Pressigny;46.92;0.8;28/09/2026;07:00;16.6;6;AVERSES;1;22.0;0
Le Grand-Pressigny;46.92;0.8;28/09/2026;08:00;20;6;AVERSES;2;20.2;0
Le Grand-Pressigny;46.92;0.8;28/09/2026;09:00;20;6;AVERSES;2;18.4;0
Le Grand-Pressigny;46.92;0.8;28/09/2026;10:00;20;6;AVERSES;2;16.6;0
Le Grand-Pressigny;46.92;0.8;28/09/2026;11:00;22.4;6;AVERSES;2;22.7;0
Le Grand-Pressigny;46.92;0.8;28/09/2026;12:00;22.4;6;AVERSES;2;27.0;0
Le Grand-Pressigny;46.92;0.8;28/09/2026;13:00;22.4;6;AVERSES;2;46.4;0
Le Grand-Pressigny;46.92;0.8;28/09/2026;14:00;22.7;6;AVERSES;3;34.9;0
Le Grand-Pressigny;46.92;0.8;28/09/2026;15:00;22.7;6;AVERSES;3;24.8;0
Le Grand-Pressigny;46.92;0.8;28/09/2026;16:00;22.7;6;AVERSES;3;25.2;0
Le Grand-Pressigny;46.92;0.8;28/09/2026;17:00;21.6;5;SOLEIL VOILÉ;3;34.9;0
Le Grand-Pressigny;46.92;0.8;28/09/2026;18:00;21.6;5;SOLEIL VOILÉ;3;32.4;0
Le Grand-Pressigny;46.92;0.8;28/09/2026;19:00;21.6;5;SOLEIL VOILÉ;3;17.6;0
Le Grand-Pressigny;46.92;0.8;28/09/2026;20:00;18.1;5;SOLEIL VOILÉ;3;15.5;0
Le Grand-Pressigny;46.92;0.8;28/09/2026;21:00;18.1;5;SOLEIL VOILÉ;3;17.3;0
Le Grand-Pressigny;46.92;0.8;28/09/2026;22:00;18.1;5;SOLEIL VOILÉ;3;18.7;0
Le Grand-Pressigny;46.92;0.8;28/09/2026;23:00;16.7;5;SOLEIL VOILÉ;3;18.4;0
Le Grand-Pressigny;46.92;0.8;29/09/2026;00:00;16.7;5;SOLEIL VOILÉ;3;16.9;0
Le Grand-Pressigny;46.92;0.8;29/09/2026;01:00;16.7;5;SOLEIL VOILÉ;3;16.9;0
Le Grand-Pressigny;46.92;0.8;29/09/2026;02:00;15.2;0;SOLEIL;3;21.6;0
Le Grand-Pressigny;46.92;0.8;29/09/2026;03:00;15.2;0;SOLEIL;3;29.9;0
Le Grand-Pressigny;46.92;0.8;29/09/2026;04:00;15.2;0;SOLEIL;3;29.9;0
Le Grand-Pressigny;46.92;0.8;29/09/2026;05:00;15.1;0;SOLEIL;3;23.0;0
Le Grand-Pressigny;46.92;0.8;29/09/2026;06:00;15.1;0;SOLEIL;3;19.8;0
Le Grand-Pressigny;46.92;0.8;29/09/2026;07:00;15.1;0;SOLEIL;3;18.0;0
Le Grand-Pressigny;46.92;0.8;29/09/2026;08:00;22.2;0;SOLEIL;4;18.0;0
Le Grand-Pressigny;46.92;0.8;29/09/2026;09:00;22.2;0;SOLEIL;4;20.5;0
Le Grand-Pressigny;46.92;0.8;29/09/2026;10:00;22.2;0;SOLEIL;4;25.2;0
Le Grand-Pressigny;46.92;0.8;29/09/2026;11:00;26.6;0;SOLEIL;4;29.2;0
Le Grand-Pressigny;46.92;0.8;29/09/2026;12:00;26.6;0;SOLEIL;4;32.0;0
Le Grand-Pressigny;46.92;0.8;29/09/2026;13:00;26.6;0;SOLEIL;4;34.9;0
Le Grand-Pressigny;46.92;0.8;29/09/2026;14:00;26.9;0;SOLEIL;4;36.4;0
Le Grand-Pressigny;46.92;0.8;29/09/2026;15:00;26.9;0;SOLEIL;4;37.1;0
Le Grand-Pressigny;46.92;0.8;29/09/2026;16:00;26.9;0;SOLEIL;4;36.7;0
Le Grand-Pressigny;46.92;0.8;29/09/2026;17:00;24.2;0;SOLEIL;3;34.6;0
Le Grand-Pressigny;46.92;0.8;29/09/2026;18:00;24.2;0;SOLEIL;3;29.5;0
Le Grand-Pressigny;46.92;0.8;29/09/2026;19:00;24.2;0;SOLEIL;3;22.7;0
Le Grand-Pressigny;46.92;0.8;29/09/2026;20:00;20.5;0;SOLEIL;5;18.0;0
Le Grand-Pressigny;46.92;0.8;29/09/2026;21:00;19.0;0;SOLEIL;5;16.2;0
Le Grand-Pressigny;46.92;0.8;29/09/2026;22:00;17.5;0;SOLEIL;5;16.6;0
Le Grand-Pressigny;46.92;0.8;29/09/2026;23:00;18.7;2;NUAGEUX;4;18.0;0
Le Grand-Pressigny;46.92;0.8;30/09/2026;00:00;18.7;2;NUAGEUX;4;21.2;0
Le Grand-Pressigny;46.92;0.8;30/09/2026;01:00;18.7;2;NUAGEUX;4;25.9;0
Le Grand-Pressigny;46.92;0.8;30/09/2026;02:00;18.6;6;AVERSES;5;28.8;0
Le Grand-Pressigny;46.92;0.8;30/09/2026;03:00;18.6;6;AVERSES;5;28.4;0
Le Grand-Pressigny;46.92;0.8;30/09/2026;04:00;18.6;6;AVERSES;5;26.6;0
Le Grand-Pressigny;46.92;0.8;30/09/2026;05:00;20.5;2;NUAGEUX;4;25.2;0
Le Grand-Pressigny;46.92;0.8;30/09/2026;06:00;20.5;2;NUAGEUX;4;24.8;0
Le Grand-Pressigny;46.92;0.8;30/09/2026;07:00;20.5;2;NUAGEUX;4;25.2;0
Le Grand-Pressigny;46.92;0.8;30/09/2026;08:00;20.3;6;AVERSES;5;25.2;0
Le Grand-Pressigny;46.92;0.8;30/09/2026;09:00;21.2;6;AVERSES;5;24.5;0
Le Grand-Pressigny;46.92;0.8;30/09/2026;10:00;22.1;6;AVERSES;5;23.8;0
Le Grand-Pressigny;46.92;0.8;30/09/2026;11:00;25.4;7;PLUIE FAIBLE;5;24.5;0
Le Grand-Pressigny;46.92;0.8;30/09/2026;12:00;25.4;7;PLUIE FAIBLE;5;28.4;0
Le Grand-Pressigny;46.92;0.8;30/09/2026;13:00;25.4;7;PLUIE FAIBLE;5;33.5;0
Le Grand-Pressigny;46.92;0.8;30/09/2026;14:00;25.5;6;AVERSES;5;36.0;0
Le Grand-Pressigny;46.92;0.8;30/09/2026;15:00;26.4;6;AVERSES;5;32.8;0
Le Grand-Pressigny;46.92;0.8;30/09/2026;16:00;25.5;6;AVERSES;5;27.4;0
Le Grand-Pressigny;46.92;0.8;30/09/2026;17:00;21.1;6;AVERSES;2;23.8;0
Le Grand-Pressigny;46.92;0.8;30/09/2026;18:00;21.1;6;AVERSES;2;26.3;0
Le Grand-Pressigny;46.92;0.8;30/09/2026;19:00;21.1;6;AVERSES;2;31.0;0
Le Grand-Pressigny;46.92;0.8;30/09/2026;20:00;22.1;6;AVERSES;5;31.7;0
Le Grand-Pressigny;46.92;0.8;30/09/2026;21:00;21.2;6;AVERSES;5;24.5;0
Le Grand-Pressigny;46.92;0.8;30/09/2026;22:00;20.3;6;AVERSES;5;13.3;0
Le Grand-Pressigny;46.92;0.8;30/09/2026;23:00;16.9;6;AVERSES;2;5.4;0
Le Grand-Pressigny;46.92;0.8;01/10/2026;00:00;16.9;6;AVERSES;2;3.6;0
Le Grand-Pressigny;46.92;0.8;01/10/2026;01:00;16.9;6;AVERSES;2;4.9;0
Le Grand-Pressigny;46.92;0.8;01/10/2026;02:00;13.9;0;SOLEIL;5;6.0;0
Le Grand-Pressigny;46.92;0.8;01/10/2026;03:00;13.9;0;SOLEIL;5;6.1;0
Le Grand-Pressigny;46.92;0.8;01/10/2026;04:00;13.9;0;SOLEIL;5;5.8;0
Le Grand-Pressigny;46.92;0.8;01/10/2026;05:00;14.6;6;AVERSES;2;5.8;0
Le Grand-Pressigny;46.92;0.8;01/10/2026;06:00;14.6;6;AVERSES;2;5.4;0
Le Grand-Pressigny;46.92;0.8;01/10/2026;07:00;14.6;6;AVERSES;2;4.7;0
Le Grand-Pressigny;46.92;0.8;01/10/2026;08:00;15.6;0;SOLEIL;5;5.8;0
Le Grand-Pressigny;46.92;0.8;01/10/2026;09:00;16.5;0;SOLEIL;5;9.7;0
Le Grand-Pressigny;46.92;0.8;01/10/2026;10:00;17.4;0;SOLEIL;5;14.8;0
Le Grand-Pressigny;46.92;0.8;01/10/2026;11:00;21.1;0;SOLEIL;3;19.1;0
Le Grand-Pressigny;46.92;0.8;01/10/2026;12:00;21.1;0;SOLEIL;3;20.9;0
Le Grand-Pressigny;46.92;0.8;01/10/2026;13:00;21.1;0;SOLEIL;3;21.2;0
Le Grand-Pressigny;46.92;0.8;01/10/2026;14:00;20.8;0;SOLEIL;5;22.3;0
Le Grand-Pressigny;46.92;0.8;01/10/2026;15:00;21.7;0;SOLEIL;5;25.2;0
Le Grand-Pressigny;46.92;0.8;01/10/2026;16:00;20.8;0;SOLEIL;5;28.1;0
Le Grand-Pressigny;46.92;0.8;01/10/2026;17:00;18.1;0;SOLEIL;2;29.2;0
Le Grand-Pressigny;46.92;0.8;01/10/2026;18:00;18.1;0;SOLEIL;2;26.6;0
Le Grand-Pressigny;46.92;0.8;01/10/2026;19:00;18.1;0;SOLEIL;2;22.0;0
Le Grand-Pressigny;46.92;0.8;01/10/2026;20:00;17.4;0;SOLEIL;5;16.9;0
Le Grand-Pressigny;46.92;0.8;01/10/2026;21:00;16.5;0;SOLEIL;5;11.9;0
Le Grand-Pressigny;46.92;0.8;01/10/2026;22:00;15.6;0;SOLEIL;5;6.8;0
Le Grand-Pressigny;46.92;0.8;01/10/2026;23:00;12.6;0;SOLEIL;2;3.6;0
Tours;47.39;0.68;27/09/2026;00:00;13;0;SOLEIL;1;4.3;0
Tours;47.39;0.68;27/09/2026;01:00;12.1;0;SOLEIL;2;6.1;0
Tours;47.39;0.68;27/09/2026;02:00;11.1;0;SOLEIL;2;6.8;0
Tours;47.39;0.68;27/09/2026;03:00;10.7;0;SOLEIL;2;6.5;0
Tours;47.39;0.68;27/09/2026;04:00;11.1;0;SOLEIL;2;6.8;0
Tours;47.39;0.68;27/09/2026;05:00;11;2;NUAGEUX;2;7.2;0
Tours;47.39;0.68;27/09/2026;06:00;11.3;2;NUAGEUX;2;7.9;0
Tours;47.39;0.68;27/09/2026;07:00;13.4;2;NUAGEUX;2;8.6;0
Tours;47.39;0.68;27/09/2026;08:00;17.9;2;NUAGEUX;2;8.3;0
Tours;47.39;0.68;27/09/2026;09:00;21.5;2;NUAGEUX;2;8.6;0
Tours;47.39;0.68;27/09/2026;10:00;25.2;2;NUAGEUX;3;10.4;0
Tours;47.39;0.68;27/09/2026;11:00;27.9;2;NUAGEUX;4;15.5;0
Tours;47.39;0.68;27/09/2026;12:00;28.1;2;NUAGEUX;4;19.4;0
Tours;47.39;0.68;27/09/2026;13:00;27.8;2;NUAGEUX;4;23.8;0
Tours;47.39;0.68;27/09/2026;14:00;28.2;2;NUAGEUX;4;25.6;0
Tours;47.39;0.68;27/09/2026;15:00;28.3;2;NUAGEUX;4;24.1;0
Tours;47.39;0.68;27/09/2026;16:00;28.1;5;SOLEIL VOILÉ;4;24.5;0
Tours;47.39;0.68;27/09/2026;17:00;26.7;5;SOLEIL VOILÉ;3;22.3;0
Tours;47.39;0.68;27/09/2026;18:00;24.4;2;NUAGEUX;2;20.5;0
Tours;47.39;0.68;27/09/2026;19:00;21.6;2;NUAGEUX;1;18.7;0
Tours;47.39;0.68;27/09/2026;20:00;19.4;2;NUAGEUX;1;12.6;0
Tours;47.39;0.68;27/09/2026;21:00;17.9;2;NUAGEUX;2;7.2;0
Tours;47.39;0.68;27/09/2026;22:00;17.1;2;NUAGEUX;2;5.8;0
Tours;47.39;0.68;27/09/2026;23:00;16.6;2;NUAGEUX;2;4.3;0
Tours;47.39;0.68;28/09/2026;00:00;16.2;2;NUAGEUX;2;5.0;0
Tours;47.39;0.68;28/09/2026;01:00;16.2;2;NUAGEUX;2;20.2;0
Tours;47.39;0.68;28/09/2026;02:00;14.9;2;NUAGEUX;2;20.2;0
Tours;47.39;0.68;28/09/2026;03:00;14.9;2;NUAGEUX;2;6.4;0
Tours;47.39;0.68;28/09/2026;04:00;14.9;2;NUAGEUX;2;10.6;0
Tours;47.39;0.68;28/09/2026;05:00;16.2;6;AVERSES;1;7.7;0
Tours;47.39;0.68;28/09/2026;06:00;16.2;6;AVERSES;1;7.6;0
Tours;47.39;0.68;28/09/2026;07:00;16.2;6;AVERSES;1;15.5;0
Tours;47.39;0.68;28/09/2026;08:00;20.4;10;ORAGEUX;2;17.6;0
Tours;47.39;0.68;28/09/2026;09:00;20.4;10;ORAGEUX;2;16.2;0
Tours;47.39;0.68;28/09/2026;10:00;20.4;10;ORAGEUX;2;18.7;0
Tours;47.39;0.68;28/09/2026;11:00;23.5;5;SOLEIL VOILÉ;3;18.4;0
Tours;47.39;0.68;28/09/2026;12:00;23.5;5;SOLEIL VOILÉ;3;20.2;0
Tours;47.39;0.68;28/09/2026;13:00;23.5;5;SOLEIL VOILÉ;3;16.2;0
Tours;47.39;0.68;28/09/2026;14:00;24.7;5;SOLEIL VOILÉ;2;21.6;0
Tours;47.39;0.68;28/09/2026;15:00;24.7;5;SOLEIL VOILÉ;2;21.2;0
Tours;47.39;0.68;28/09/2026;16:00;24.7;5;SOLEIL VOILÉ;2;22.3;0
Tours;47.39;0.68;28/09/2026;17:00;22;5;SOLEIL VOILÉ;3;23.8;0
Tours;47.39;0.68;28/09/2026;18:00;22;5;SOLEIL VOILÉ;3;24.8;0
Tours;47.39;0.68;28/09/2026;19:00;22;5;SOLEIL VOILÉ;3;24.5;0
Tours;47.39;0.68;28/09/2026;20:00;16.7;5;SOLEIL VOILÉ;3;19.8;0
Tours;47.39;0.68;28/09/2026;21:00;16.7;5;SOLEIL VOILÉ;3;14.0;0
Tours;47.39;0.68;28/09/2026;22:00;16.7;5;SOLEIL VOILÉ;3;11.9;0
Tours;47.39;0.68;28/09/2026;23:00;16.1;5;SOLEIL VOILÉ;3;11.9;0
Tours;47.39;0.68;29/09/2026;00:00;16.1;5;SOLEIL VOILÉ;3;17.3;0
Tours;47.39;0.68;29/09/2026;01:00;16.1;5;SOLEIL VOILÉ;3;22.3;0
Tours;47.39;0.68;29/09/2026;02:00;16.1;0;SOLEIL;3;26.3;0
Tours;47.39;0.68;29/09/2026;03:00;16.1;0;SOLEIL;3;27.0;0
Tours;47.39;0.68;29/09/2026;04:00;16.1;0;SOLEIL;3;26.6;0
Tours;47.39;0.68;29/09/2026;05:00;14.9;0;SOLEIL;3;22.3;0
Tours;47.39;0.68;29/09/2026;06:00;14.9;0;SOLEIL;3;19.4;0
Tours;47.39;0.68;29/09/2026;07:00;14.9;0;SOLEIL;3;16.6;0
Tours;47.39;0.68;29/09/2026;08:00;23.1;0;SOLEIL;4;16.9;0
Tours;47.39;0.68;29/09/2026;09:00;23.1;0;SOLEIL;4;20.9;0
Tours;47.39;0.68;29/09/2026;10:00;23.1;0;SOLEIL;4;27.0;0
Tours;47.39;0.68;29/09/2026;11:00;28.2;0;SOLEIL;4;32.4;0
Tours;47.39;0.68;29/09/2026;12:00;28.2;0;SOLEIL;4;35.6;0
Tours;47.39;0.68;29/09/2026;13:00;28.2;0;SOLEIL;4;37.8;0
Tours;47.39;0.68;29/09/2026;14:00;30;0;SOLEIL;4;38.9;0
Tours;47.39;0.68;29/09/2026;15:00;30;0;SOLEIL;4;38.2;0
Tours;47.39;0.68;29/09/2026;16:00;30;0;SOLEIL;4;36.4;0
Tours;47.39;0.68;29/09/2026;17:00;24;0;SOLEIL;3;33.5;0
Tours;47.39;0.68;29/09/2026;18:00;24;0;SOLEIL;3;29.2;0
Tours;47.39;0.68;29/09/2026;19:00;24;0;SOLEIL;3;23.8;0
Tours;47.39;0.68;29/09/2026;20:00;21.4;0;SOLEIL;5;19.8;0
Tours;47.39;0.68;29/09/2026;21:00;19.6;0;SOLEIL;5;18.7;0
Tours;47.39;0.68;29/09/2026;22:00;17.7;0;SOLEIL;5;19.1;0
Tours;47.39;0.68;29/09/2026;23:00;19.1;2;NUAGEUX;5;19.8;0
Tours;47.39;0.68;30/09/2026;00:00;19.1;2;NUAGEUX;5;21.2;0
Tours;47.39;0.68;30/09/2026;01:00;19.1;2;NUAGEUX;5;23.4;0
Tours;47.39;0.68;30/09/2026;02:00;17.9;2;NUAGEUX;5;24.5;0
Tours;47.39;0.68;30/09/2026;03:00;17.9;2;NUAGEUX;5;23.8;0
Tours;47.39;0.68;30/09/2026;04:00;17.9;2;NUAGEUX;5;22.3;0
Tours;47.39;0.68;30/09/2026;05:00;19.6;2;NUAGEUX;5;21.2;0
Tours;47.39;0.68;30/09/2026;06:00;19.6;2;NUAGEUX;5;20.5;0
Tours;47.39;0.68;30/09/2026;07:00;19.6;2;NUAGEUX;5;20.5;0
Tours;47.39;0.68;30/09/2026;08:00;19.9;2;NUAGEUX;5;21.2;0
Tours;47.39;0.68;30/09/2026;09:00;20.8;2;NUAGEUX;5;23.8;0
Tours;47.39;0.68;30/09/2026;10:00;21.8;2;NUAGEUX;5;27.4;0
Tours;47.39;0.68;30/09/2026;11:00;25.7;2;NUAGEUX;5;29.9;0
Tours;47.39;0.68;30/09/2026;12:00;25.7;2;NUAGEUX;5;31.0;0
Tours;47.39;0.68;30/09/2026;13:00;25.7;2;NUAGEUX;5;31.0;0
Tours;47.39;0.68;30/09/2026;14:00;25.7;2;NUAGEUX;5;30.6;0
Tours;47.39;0.68;30/09/2026;15:00;26.7;2;NUAGEUX;5;29.2;0
Tours;47.39;0.68;30/09/2026;16:00;25.7;2;NUAGEUX;5;27.4;0
Tours;47.39;0.68;30/09/2026;17:00;20.9;6;AVERSES;3;25.9;0
Tours;47.39;0.68;30/09/2026;18:00;20.9;6;AVERSES;3;25.9;0
Tours;47.39;0.68;30/09/2026;19:00;20.9;6;AVERSES;3;26.3;0
Tours;47.39;0.68;30/09/2026;20:00;21.8;2;NUAGEUX;5;26.3;0
Tours;47.39;0.68;30/09/2026;21:00;20.8;2;NUAGEUX;5;25.9;0
Tours;47.39;0.68;30/09/2026;22:00;19.9;2;NUAGEUX;5;25.2;0
Tours;47.39;0.68;30/09/2026;23:00;17.1;7;PLUIE FAIBLE;2;23.4;0
Tours;47.39;0.68;01/10/2026;00:00;17.1;7;PLUIE FAIBLE;2;18.1;0
Tours;47.39;0.68;01/10/2026;01:00;17.1;7;PLUIE FAIBLE;2;11.7;0
Tours;47.39;0.68;01/10/2026;02:00;14.1;7;PLUIE FAIBLE;5;7.2;0
Tours;47.39;0.68;01/10/2026;03:00;14.1;7;PLUIE FAIBLE;5;5.4;0
Tours;47.39;0.68;01/10/2026;04:00;14.1;7;PLUIE FAIBLE;5;5.8;0
Tours;47.39;0.68;01/10/2026;05:00;15.1;7;PLUIE FAIBLE;2;6.5;0
Tours;47.39;0.68;01/10/2026;06:00;15.1;7;PLUIE FAIBLE;2;6.5;0
Tours;47.39;0.68;01/10/2026;07:00;15.1;7;PLUIE FAIBLE;2;6.5;0
Tours;47.39;0.68;01/10/2026;08:00;15.7;7;PLUIE FAIBLE;5;7.2;0
Tours;47.39;0.68;01/10/2026;09:00;16.5;7;PLUIE FAIBLE;5;8.6;0
Tours;47.39;0.68;01/10/2026;10:00;17.3;7;PLUIE FAIBLE;5;11.2;0
Tours;47.39;0.68;01/10/2026;11:00;20.6;7;PLUIE FAIBLE;3;13.3;0
Tours;47.39;0.68;01/10/2026;12:00;20.6;7;PLUIE FAIBLE;3;15.8;0
Tours;47.39;0.68;01/10/2026;13:00;20.6;7;PLUIE FAIBLE;3;18.4;0
Tours;47.39;0.68;01/10/2026;14:00;20.6;7;PLUIE FAIBLE;5;20.5;0
Tours;47.39;0.68;01/10/2026;15:00;21.4;7;PLUIE FAIBLE;5;23.0;0
Tours;47.39;0.68;01/10/2026;16:00;20.6;7;PLUIE FAIBLE;5;25.2;0
Tours;47.39;0.68;01/10/2026;17:00;17.2;0;SOLEIL;2;25.2;0
Tours;47.39;0.68;01/10/2026;18:00;17.2;0;SOLEIL;2;22.0;0
Tours;47.39;0.68;01/10/2026;19:00;17.2;0;SOLEIL;2;16.9;0
Tours;47.39;0.68;01/10/2026;20:00;17.3;7;PLUIE FAIBLE;5;12.2;0
Tours;47.39;0.68;01/10/2026;21:00;16.5;7;PLUIE FAIBLE;5;9.0;0
Tours;47.39;0.68;01/10/2026;22:00;15.7;7;PLUIE FAIBLE;5;6.1;0
Tours;47.39;0.68;01/10/2026;23:00;11.6;0;SOLEIL;2;4.7;0
Blois;47.58;1.33;27/09/2026;00:00;15.7;0;SOLEIL;2;7.2;0
Blois;47.58;1.33;27/09/2026;01:00;15.3;0;SOLEIL;2;4.7;0
Blois;47.58;1.33;27/09/2026;02:00;14.6;0;SOLEIL;2;3.2;0
Blois;47.58;1.33;27/09/2026;03:00;14;0;SOLEIL;2;5.4;0
Blois;47.58;1.33;27/09/2026;04:00;14.1;0;SOLEIL;2;5.8;0
Blois;47.58;1.33;27/09/2026;05:00;14;2;NUAGEUX;2;6.5;0
Blois;47.58;1.33;27/09/2026;06:00;13.4;2;NUAGEUX;2;6.8;0
Blois;47.58;1.33;27/09/2026;07:00;16;2;NUAGEUX;2;7.2;0
Blois;47.58;1.33;27/09/2026;08:00;17.6;2;NUAGEUX;2;7.6;0
Blois;47.58;1.33;27/09/2026;09:00;20.6;2;NUAGEUX;2;7.9;0
Blois;47.58;1.33;27/09/2026;10:00;23;2;NUAGEUX;3;9.7;0
Blois;47.58;1.33;27/09/2026;11:00;25.6;2;NUAGEUX;4;15.5;0
Blois;47.58;1.33;27/09/2026;12:00;26.1;2;NUAGEUX;4;18.4;0
Blois;47.58;1.33;27/09/2026;13:00;26.3;2;NUAGEUX;4;20.9;0
Blois;47.58;1.33;27/09/2026;14:00;27.1;2;NUAGEUX;4;22.7;0
Blois;47.58;1.33;27/09/2026;15:00;27.4;2;NUAGEUX;4;26.3;0
Blois;47.58;1.33;27/09/2026;16:00;27.6;5;SOLEIL VOILÉ;4;28.4;0
Blois;47.58;1.33;27/09/2026;17:00;27;5;SOLEIL VOILÉ;3;29.2;0
Blois;47.58;1.33;27/09/2026;18:00;26;2;NUAGEUX;3;27.0;0
Blois;47.58;1.33;27/09/2026;19:00;24.1;5;SOLEIL VOILÉ;2;23.8;0
Blois;47.58;1.33;27/09/2026;20:00;22.4;2;NUAGEUX;2;20.2;0
Blois;47.58;1.33;27/09/2026;21:00;20.7;2;NUAGEUX;2;10.8;0
Blois;47.58;1.33;27/09/2026;22:00;19.7;2;NUAGEUX;2;7.9;0
Blois;47.58;1.33;27/09/2026;23:00;19.1;2;NUAGEUX;2;9.4;0
Blois;47.58;1.33;28/09/2026;00:00;18.5;2;NUAGEUX;2;9.4;0
Blois;47.58;1.33;28/09/2026;01:00;18.5;2;NUAGEUX;2;7.2;0
Blois;47.58;1.33;28/09/2026;02:00;18.1;2;NUAGEUX;2;13.7;0
Blois;47.58;1.33;28/09/2026;03:00;18.1;2;NUAGEUX;2;11.9;0
Blois;47.58;1.33;28/09/2026;04:00;18.1;2;NUAGEUX;2;14.0;0
Blois;47.58;1.33;28/09/2026;05:00;17.6;2;NUAGEUX;2;5.7;0
Blois;47.58;1.33;28/09/2026;06:00;17.6;2;NUAGEUX;2;6.8;0
Blois;47.58;1.33;28/09/2026;07:00;17.6;2;NUAGEUX;2;12.2;0
Blois;47.58;1.33;28/09/2026;08:00;19.6;10;ORAGEUX;2;25.9;0
Blois;47.58;1.33;28/09/2026;09:00;19.6;10;ORAGEUX;2;26.3;0
Blois;47.58;1.33;28/09/2026;10:00;19.6;10;ORAGEUX;2;21.2;0
Blois;47.58;1.33;28/09/2026;11:00;22.1;6;AVERSES;3;18.4;0
Blois;47.58;1.33;28/09/2026;12:00;22.1;6;AVERSES;3;25.9;0
Blois;47.58;1.33;28/09/2026;13:00;22.1;6;AVERSES;3;24.8;0
Blois;47.58;1.33;28/09/2026;14:00;22.6;5;SOLEIL VOILÉ;3;39.2;0
Blois;47.58;1.33;28/09/2026;15:00;22.6;5;SOLEIL VOILÉ;3;30.2;0
Blois;47.58;1.33;28/09/2026;16:00;22.6;5;SOLEIL VOILÉ;3;25.6;0
Blois;47.58;1.33;28/09/2026;17:00;21.9;5;SOLEIL VOILÉ;3;25.9;0
Blois;47.58;1.33;28/09/2026;18:00;21.9;5;SOLEIL VOILÉ;3;28.4;0
Blois;47.58;1.33;28/09/2026;19:00;21.9;5;SOLEIL VOILÉ;3;25.6;0
Blois;47.58;1.33;28/09/2026;20:00;18.6;5;SOLEIL VOILÉ;4;23.4;0
Blois;47.58;1.33;28/09/2026;21:00;18.6;5;SOLEIL VOILÉ;4;22.0;0
Blois;47.58;1.33;28/09/2026;22:00;18.6;5;SOLEIL VOILÉ;4;20.2;0
Blois;47.58;1.33;28/09/2026;23:00;17.4;5;SOLEIL VOILÉ;3;19.1;0
Blois;47.58;1.33;29/09/2026;00:00;17.4;5;SOLEIL VOILÉ;3;16.9;0
Blois;47.58;1.33;29/09/2026;01:00;17.4;5;SOLEIL VOILÉ;3;13.7;0
Blois;47.58;1.33;29/09/2026;02:00;16.6;0;SOLEIL;3;17.3;0
Blois;47.58;1.33;29/09/2026;03:00;16.6;0;SOLEIL;3;19.8;0
Blois;47.58;1.33;29/09/2026;04:00;16.6;0;SOLEIL;3;20.2;0
Blois;47.58;1.33;29/09/2026;05:00;15.6;0;SOLEIL;3;18.7;0
Blois;47.58;1.33;29/09/2026;06:00;15.6;0;SOLEIL;3;18.0;0
Blois;47.58;1.33;29/09/2026;07:00;15.6;0;SOLEIL;3;16.2;0
Blois;47.58;1.33;29/09/2026;08:00;22;0;SOLEIL;3;15.1;0
Blois;47.58;1.33;29/09/2026;09:00;22;0;SOLEIL;3;17.3;0
Blois;47.58;1.33;29/09/2026;10:00;22;0;SOLEIL;3;21.2;0
Blois;47.58;1.33;29/09/2026;11:00;27.1;0;SOLEIL;4;24.8;0
Blois;47.58;1.33;29/09/2026;12:00;27.1;0;SOLEIL;4;28.4;0
Blois;47.58;1.33;29/09/2026;13:00;27.1;0;SOLEIL;4;32.4;0
Blois;47.58;1.33;29/09/2026;14:00;26.7;0;SOLEIL;4;34.9;0
Blois;47.58;1.33;29/09/2026;15:00;26.7;0;SOLEIL;4;35.6;0
Blois;47.58;1.33;29/09/2026;16:00;26.7;0;SOLEIL;4;35.3;0
Blois;47.58;1.33;29/09/2026;17:00;25.7;0;SOLEIL;1;33.8;0
Blois;47.58;1.33;29/09/2026;18:00;25.7;0;SOLEIL;1;30.2;0
Blois;47.58;1.33;29/09/2026;19:00;25.7;0;SOLEIL;1;25.6;0
Blois;47.58;1.33;29/09/2026;20:00;20.7;0;SOLEIL;5;22.0;0
Blois;47.58;1.33;29/09/2026;21:00;19.3;0;SOLEIL;5;20.2;0
Blois;47.58;1.33;29/09/2026;22:00;17.8;0;SOLEIL;5;19.4;0
Blois;47.58;1.33;29/09/2026;23:00;19.2;2;NUAGEUX;4;19.1;0
Blois;47.58;1.33;30/09/2026;00:00;19.2;2;NUAGEUX;4;19.4;0
Blois;47.58;1.33;30/09/2026;01:00;19.2;2;NUAGEUX;4;20.2;0
Blois;47.58;1.33;30/09/2026;02:00;18.7;7;PLUIE FAIBLE;5;20.9;0
Blois;47.58;1.33;30/09/2026;03:00;18.7;7;PLUIE FAIBLE;5;20.9;0
Blois;47.58;1.33;30/09/2026;04:00;18.7;7;PLUIE FAIBLE;5;20.2;0
Blois;47.58;1.33;30/09/2026;05:00;20.1;2;NUAGEUX;3;19.8;0
Blois;47.58;1.33;30/09/2026;06:00;20.1;2;NUAGEUX;3;18.7;0
Blois;47.58;1.33;30/09/2026;07:00;20.1;2;NUAGEUX;3;17.6;0
Blois;47.58;1.33;30/09/2026;08:00;20.4;7;PLUIE FAIBLE;5;18.0;0
Blois;47.58;1.33;30/09/2026;09:00;21.3;7;PLUIE FAIBLE;5;21.2;0
Blois;47.58;1.33;30/09/2026;10:00;22.1;7;PLUIE FAIBLE;5;25.9;0
Blois;47.58;1.33;30/09/2026;11:00;25.2;7;PLUIE FAIBLE;5;29.5;0
Blois;47.58;1.33;30/09/2026;12:00;25.2;7;PLUIE FAIBLE;5;31.7;0
Blois;47.58;1.33;30/09/2026;13:00;25.2;7;PLUIE FAIBLE;5;33.1;0
Blois;47.58;1.33;30/09/2026;14:00;25.5;7;PLUIE FAIBLE;5;33.5;0
Blois;47.58;1.33;30/09/2026;15:00;26.4;7;PLUIE FAIBLE;5;31.7;0
Blois;47.58;1.33;30/09/2026;16:00;25.5;7;PLUIE FAIBLE;5;28.8;0
Blois;47.58;1.33;30/09/2026;17:00;21.4;6;AVERSES;2;26.3;0
Blois;47.58;1.33;30/09/2026;18:00;21.4;6;AVERSES;2;24.8;0
Blois;47.58;1.33;30/09/2026;19:00;21.4;6;AVERSES;2;24.1;0
Blois;47.58;1.33;30/09/2026;20:00;22.1;7;PLUIE FAIBLE;5;22.3;0
Blois;47.58;1.33;30/09/2026;21:00;21.3;7;PLUIE FAIBLE;5;19.1;0
Blois;47.58;1.33;30/09/2026;22:00;20.4;7;PLUIE FAIBLE;5;15.5;0
Blois;47.58;1.33;30/09/2026;23:00;17.6;7;PLUIE FAIBLE;2;12.6;0
Blois;47.58;1.33;01/10/2026;00:00;17.6;7;PLUIE FAIBLE;2;10.1;0
Blois;47.58;1.33;01/10/2026;01:00;17.6;7;PLUIE FAIBLE;2;9.2;0
Blois;47.58;1.33;01/10/2026;02:00;14.7;7;PLUIE FAIBLE;5;8.8;0
Blois;47.58;1.33;01/10/2026;03:00;14.7;7;PLUIE FAIBLE;5;7.9;0
Blois;47.58;1.33;01/10/2026;04:00;14.7;7;PLUIE FAIBLE;5;7.6;0
Blois;47.58;1.33;01/10/2026;05:00;15.6;7;PLUIE FAIBLE;2;7.6;0
Blois;47.58;1.33;01/10/2026;06:00;15.6;7;PLUIE FAIBLE;2;7.2;0
Blois;47.58;1.33;01/10/2026;07:00;15.6;7;PLUIE FAIBLE;2;6.8;0
Blois;47.58;1.33;01/10/2026;08:00;16.2;7;PLUIE FAIBLE;5;7.6;0
Blois;47.58;1.33;01/10/2026;09:00;16.9;7;PLUIE FAIBLE;5;9.7;0
Blois;47.58;1.33;01/10/2026;10:00;17.7;7;PLUIE FAIBLE;5;12.6;0
Blois;47.58;1.33;01/10/2026;11:00;20.6;7;PLUIE FAIBLE;3;15.5;0
Blois;47.58;1.33;01/10/2026;12:00;20.6;7;PLUIE FAIBLE;3;17.6;0
Blois;47.58;1.33;01/10/2026;13:00;20.6;7;PLUIE FAIBLE;3;19.8;0
Blois;47.58;1.33;01/10/2026;14:00;20.7;7;PLUIE FAIBLE;5;21.6;0
Blois;47.58;1.33;01/10/2026;15:00;21.4;7;PLUIE FAIBLE;5;23.8;0
Blois;47.58;1.33;01/10/2026;16:00;20.7;7;PLUIE FAIBLE;5;25.2;0
Blois;47.58;1.33;01/10/2026;17:00;18.1;0;SOLEIL;2;25.9;0
Blois;47.58;1.33;01/10/2026;18:00;18.1;0;SOLEIL;2;24.5;0
Blois;47.58;1.33;01/10/2026;19:00;18.1;0;SOLEIL;2;22.0;0
Blois;47.58;1.33;01/10/2026;20:00;17.7;7;PLUIE FAIBLE;5;19.1;0
Blois;47.58;1.33;01/10/2026;21:00;16.9;7;PLUIE FAIBLE;5;15.5;0
Blois;47.58;1.33;01/10/2026;22:00;16.2;7;PLUIE FAIBLE;5;11.2;0
Blois;47.58;1.33;01/10/2026;23:00;13.6;0;SOLEIL;2;7.9;0
Romorantin-Lanthenay;47.35;1.74;27/09/2026;00:00;14.6;0;SOLEIL;2;4.3;0
Romorantin-Lanthenay;47.35;1.74;27/09/2026;01:00;15.2;0;SOLEIL;2;2.5;0
Romorantin-Lanthenay;47.35;1.74;27/09/2026;02:00;14.7;0;SOLEIL;2;3.6;0
Romorantin-Lanthenay;47.35;1.74;27/09/2026;03:00;14;0;SOLEIL;2;2.2;0
Romorantin-Lanthenay;47.35;1.74;27/09/2026;04:00;14;0;SOLEIL;2;4.0;0
Romorantin-Lanthenay;47.35;1.74;27/09/2026;05:00;13.4;0;SOLEIL;2;2.9;0
Romorantin-Lanthenay;47.35;1.74;27/09/2026;06:00;13.2;2;NUAGEUX;2;3.2;0
Romorantin-Lanthenay;47.35;1.74;27/09/2026;07:00;16.1;2;NUAGEUX;2;3.6;0
Romorantin-Lanthenay;47.35;1.74;27/09/2026;08:00;18.1;2;NUAGEUX;2;3.2;0
Romorantin-Lanthenay;47.35;1.74;27/09/2026;09:00;20.7;2;NUAGEUX;2;2.9;0
Romorantin-Lanthenay;47.35;1.74;27/09/2026;10:00;23.2;2;NUAGEUX;3;7.2;0
Romorantin-Lanthenay;47.35;1.74;27/09/2026;11:00;25.9;2;NUAGEUX;4;12.6;0
Romorantin-Lanthenay;47.35;1.74;27/09/2026;12:00;26.2;2;NUAGEUX;4;20.2;0
Romorantin-Lanthenay;47.35;1.74;27/09/2026;13:00;26.8;2;NUAGEUX;4;23.4;0
Romorantin-Lanthenay;47.35;1.74;27/09/2026;14:00;27.4;2;NUAGEUX;4;23.8;0
Romorantin-Lanthenay;47.35;1.74;27/09/2026;15:00;28.1;2;NUAGEUX;4;25.6;0
Romorantin-Lanthenay;47.35;1.74;27/09/2026;16:00;28;2;NUAGEUX;4;24.1;0
Romorantin-Lanthenay;47.35;1.74;27/09/2026;17:00;26.8;2;NUAGEUX;3;27.4;0
Romorantin-Lanthenay;47.35;1.74;27/09/2026;18:00;24.7;2;NUAGEUX;2;26.3;0
Romorantin-Lanthenay;47.35;1.74;27/09/2026;19:00;22.1;5;SOLEIL VOILÉ;2;23.4;0
Romorantin-Lanthenay;47.35;1.74;27/09/2026;20:00;20.5;2;NUAGEUX;2;13.3;0
Romorantin-Lanthenay;47.35;1.74;27/09/2026;21:00;19.1;2;NUAGEUX;2;5.8;0
Romorantin-Lanthenay;47.35;1.74;27/09/2026;22:00;18.2;2;NUAGEUX;2;5.0;0
Romorantin-Lanthenay;47.35;1.74;27/09/2026;23:00;17.9;2;NUAGEUX;3;5.0;0
Romorantin-Lanthenay;47.35;1.74;28/09/2026;00:00;17.6;2;NUAGEUX;3;5.8;0
Romorantin-Lanthenay;47.35;1.74;28/09/2026;01:00;17.6;2;NUAGEUX;3;5.8;0
Romorantin-Lanthenay;47.35;1.74;28/09/2026;02:00;16;2;NUAGEUX;1;5.0;0
Romorantin-Lanthenay;47.35;1.74;28/09/2026;03:00;16;2;NUAGEUX;1;9.2;0
Romorantin-Lanthenay;47.35;1.74;28/09/2026;04:00;16;2;NUAGEUX;1;16.4;0
Romorantin-Lanthenay;47.35;1.74;28/09/2026;05:00;15.1;6;AVERSES;1;18.6;0
Romorantin-Lanthenay;47.35;1.74;28/09/2026;06:00;15.1;6;AVERSES;1;19.1;0
Romorantin-Lanthenay;47.35;1.74;28/09/2026;07:00;15.1;6;AVERSES;1;15.1;0
Romorantin-Lanthenay;47.35;1.74;28/09/2026;08:00;20.1;2;NUAGEUX;2;21.2;0
Romorantin-Lanthenay;47.35;1.74;28/09/2026;09:00;20.1;2;NUAGEUX;2;25.6;0
Romorantin-Lanthenay;47.35;1.74;28/09/2026;10:00;20.1;2;NUAGEUX;2;25.2;0
Romorantin-Lanthenay;47.35;1.74;28/09/2026;11:00;23.2;5;SOLEIL VOILÉ;3;22.3;0
Romorantin-Lanthenay;47.35;1.74;28/09/2026;12:00;23.2;5;SOLEIL VOILÉ;3;22.3;0
Romorantin-Lanthenay;47.35;1.74;28/09/2026;13:00;23.2;5;SOLEIL VOILÉ;3;25.6;0
Romorantin-Lanthenay;47.35;1.74;28/09/2026;14:00;24.9;5;SOLEIL VOILÉ;3;34.9;0
Romorantin-Lanthenay;47.35;1.74;28/09/2026;15:00;24.9;5;SOLEIL VOILÉ;3;42.5;0
Romorantin-Lanthenay;47.35;1.74;28/09/2026;16:00;24.9;5;SOLEIL VOILÉ;3;42.5;0
Romorantin-Lanthenay;47.35;1.74;28/09/2026;17:00;22.4;5;SOLEIL VOILÉ;3;41.4;0
Romorantin-Lanthenay;47.35;1.74;28/09/2026;18:00;22.4;5;SOLEIL VOILÉ;3;20.2;0
Romorantin-Lanthenay;47.35;1.74;28/09/2026;19:00;22.4;5;SOLEIL VOILÉ;3;19.1;0
Romorantin-Lanthenay;47.35;1.74;28/09/2026;20:00;18.6;5;SOLEIL VOILÉ;3;16.6;0
Romorantin-Lanthenay;47.35;1.74;28/09/2026;21:00;18.6;5;SOLEIL VOILÉ;3;15.1;0
Romorantin-Lanthenay;47.35;1.74;28/09/2026;22:00;18.6;5;SOLEIL VOILÉ;3;15.5;0
Romorantin-Lanthenay;47.35;1.74;28/09/2026;23:00;16.1;5;SOLEIL VOILÉ;3;15.1;0
Romorantin-Lanthenay;47.35;1.74;29/09/2026;00:00;16.1;5;SOLEIL VOILÉ;3;10.8;0
Romorantin-Lanthenay;47.35;1.74;29/09/2026;01:00;16.1;5;SOLEIL VOILÉ;3;10.1;0
Romorantin-Lanthenay;47.35;1.74;29/09/2026;02:00;14.6;5;SOLEIL VOILÉ;2;9.4;0
Romorantin-Lanthenay;47.35;1.74;29/09/2026;03:00;14.6;5;SOLEIL VOILÉ;2;10.8;0
Romorantin-Lanthenay;47.35;1.74;29/09/2026;04:00;14.6;5;SOLEIL VOILÉ;2;11.2;0
Romorantin-Lanthenay;47.35;1.74;29/09/2026;05:00;15;0;SOLEIL;2;10.1;0
Romorantin-Lanthenay;47.35;1.74;29/09/2026;06:00;15;0;SOLEIL;2;8.6;0
Romorantin-Lanthenay;47.35;1.74;29/09/2026;07:00;15;0;SOLEIL;2;9.4;0
Romorantin-Lanthenay;47.35;1.74;29/09/2026;08:00;22.4;0;SOLEIL;3;10.1;0
Romorantin-Lanthenay;47.35;1.74;29/09/2026;09:00;22.4;0;SOLEIL;3;13.0;0
Romorantin-Lanthenay;47.35;1.74;29/09/2026;10:00;22.4;0;SOLEIL;3;16.9;0
Romorantin-Lanthenay;47.35;1.74;29/09/2026;11:00;28.6;0;SOLEIL;4;21.6;0
Romorantin-Lanthenay;47.35;1.74;29/09/2026;12:00;28.6;0;SOLEIL;4;26.6;0
Romorantin-Lanthenay;47.35;1.74;29/09/2026;13:00;28.6;0;SOLEIL;4;32.4;0
Romorantin-Lanthenay;47.35;1.74;29/09/2026;14:00;29.5;0;SOLEIL;4;36.7;0
Romorantin-Lanthenay;47.35;1.74;29/09/2026;15:00;29.5;0;SOLEIL;4;39.6;0
Romorantin-Lanthenay;47.35;1.74;29/09/2026;16:00;29.5;0;SOLEIL;4;41.4;0
Romorantin-Lanthenay;47.35;1.74;29/09/2026;17:00;26.2;0;SOLEIL;2;40.7;0
Romorantin-Lanthenay;47.35;1.74;29/09/2026;18:00;26.2;0;SOLEIL;2;36.0;0
Romorantin-Lanthenay;47.35;1.74;29/09/2026;19:00;26.2;0;SOLEIL;2;29.2;0
Romorantin-Lanthenay;47.35;1.74;29/09/2026;20:00;21.2;0;SOLEIL;5;23.4;0
Romorantin-Lanthenay;47.35;1.74;29/09/2026;21:00;19.4;0;SOLEIL;5;20.2;0
Romorantin-Lanthenay;47.35;1.74;29/09/2026;22:00;17.6;0;SOLEIL;5;18.4;0
Romorantin-Lanthenay;47.35;1.74;29/09/2026;23:00;18;2;NUAGEUX;4;16.9;0
Romorantin-Lanthenay;47.35;1.74;30/09/2026;00:00;18;2;NUAGEUX;4;16.2;0
Romorantin-Lanthenay;47.35;1.74;30/09/2026;01:00;18;2;NUAGEUX;4;16.2;0
Romorantin-Lanthenay;47.35;1.74;30/09/2026;02:00;17.6;7;PLUIE FAIBLE;5;16.2;0
Romorantin-Lanthenay;47.35;1.74;30/09/2026;03:00;17.6;7;PLUIE FAIBLE;5;16.2;0
Romorantin-Lanthenay;47.35;1.74;30/09/2026;04:00;17.6;7;PLUIE FAIBLE;5;16.2;0
Romorantin-Lanthenay;47.35;1.74;30/09/2026;05:00;18.9;2;NUAGEUX;3;16.2;0
Romorantin-Lanthenay;47.35;1.74;30/09/2026;06:00;18.9;2;NUAGEUX;3;15.5;0
Romorantin-Lanthenay;47.35;1.74;30/09/2026;07:00;18.9;2;NUAGEUX;3;15.1;0
Romorantin-Lanthenay;47.35;1.74;30/09/2026;08:00;19.6;7;PLUIE FAIBLE;5;15.8;0
Romorantin-Lanthenay;47.35;1.74;30/09/2026;09:00;20.6;7;PLUIE FAIBLE;5;19.4;0
Romorantin-Lanthenay;47.35;1.74;30/09/2026;10:00;21.6;7;PLUIE FAIBLE;5;24.5;0
Romorantin-Lanthenay;47.35;1.74;30/09/2026;11:00;25.6;7;PLUIE FAIBLE;5;29.2;0
Romorantin-Lanthenay;47.35;1.74;30/09/2026;12:00;25.6;7;PLUIE FAIBLE;5;33.1;0
Romorantin-Lanthenay;47.35;1.74;30/09/2026;13:00;25.6;7;PLUIE FAIBLE;5;36.7;0
Romorantin-Lanthenay;47.35;1.74;30/09/2026;14:00;25.7;7;PLUIE FAIBLE;5;37.8;0
Romorantin-Lanthenay;47.35;1.74;30/09/2026;15:00;26.7;7;PLUIE FAIBLE;5;35.3;0
Romorantin-Lanthenay;47.35;1.74;30/09/2026;16:00;25.7;7;PLUIE FAIBLE;5;30.6;0
Romorantin-Lanthenay;47.35;1.74;30/09/2026;17:00;21.5;6;AVERSES;2;26.6;0
Romorantin-Lanthenay;47.35;1.74;30/09/2026;18:00;21.5;6;AVERSES;2;24.5;0
Romorantin-Lanthenay;47.35;1.74;30/09/2026;19:00;21.5;6;AVERSES;2;22.7;0
Romorantin-Lanthenay;47.35;1.74;30/09/2026;20:00;21.6;7;PLUIE FAIBLE;5;21.6;0
Romorantin-Lanthenay;47.35;1.74;30/09/2026;21:00;20.6;7;PLUIE FAIBLE;5;20.9;0
Romorantin-Lanthenay;47.35;1.74;30/09/2026;22:00;19.6;7;PLUIE FAIBLE;5;20.5;0
Romorantin-Lanthenay;47.35;1.74;30/09/2026;23:00;17.4;7;PLUIE FAIBLE;2;19.8;0
Romorantin-Lanthenay;47.35;1.74;01/10/2026;00:00;17.4;7;PLUIE FAIBLE;2;17.2;0
Romorantin-Lanthenay;47.35;1.74;01/10/2026;01:00;17.4;7;PLUIE FAIBLE;2;14.9;0
Romorantin-Lanthenay;47.35;1.74;01/10/2026;02:00;14.1;0;SOLEIL;5;14.0;0
Romorantin-Lanthenay;47.35;1.74;01/10/2026;03:00;14.1;0;SOLEIL;5;13.0;0
Romorantin-Lanthenay;47.35;1.74;01/10/2026;04:00;14.1;0;SOLEIL;5;11.5;0
Romorantin-Lanthenay;47.35;1.74;01/10/2026;05:00;15;6;AVERSES;3;11.2;0
Romorantin-Lanthenay;47.35;1.74;01/10/2026;06:00;15;6;AVERSES;3;13.0;0
Romorantin-Lanthenay;47.35;1.74;01/10/2026;07:00;15;6;AVERSES;3;15.5;0
Romorantin-Lanthenay;47.35;1.74;01/10/2026;08:00;15.7;0;SOLEIL;5;16.9;0
Romorantin-Lanthenay;47.35;1.74;01/10/2026;09:00;16.5;0;SOLEIL;5;15.5;0
Romorantin-Lanthenay;47.35;1.74;01/10/2026;10:00;17.3;0;SOLEIL;5;13.0;0
Romorantin-Lanthenay;47.35;1.74;01/10/2026;11:00;20.6;7;PLUIE FAIBLE;3;11.9;0
Romorantin-Lanthenay;47.35;1.74;01/10/2026;12:00;20.6;7;PLUIE FAIBLE;3;14.0;0
Romorantin-Lanthenay;47.35;1.74;01/10/2026;13:00;20.6;7;PLUIE FAIBLE;3;17.3;0
Romorantin-Lanthenay;47.35;1.74;01/10/2026;14:00;20.6;0;SOLEIL;5;20.5;0
Romorantin-Lanthenay;47.35;1.74;01/10/2026;15:00;21.4;0;SOLEIL;5;22.7;0
Romorantin-Lanthenay;47.35;1.74;01/10/2026;16:00;20.6;0;SOLEIL;5;24.5;0
Romorantin-Lanthenay;47.35;1.74;01/10/2026;17:00;17.9;0;SOLEIL;2;24.8;0
Romorantin-Lanthenay;47.35;1.74;01/10/2026;18:00;17.9;0;SOLEIL;2;23.0;0
Romorantin-Lanthenay;47.35;1.74;01/10/2026;19:00;17.9;0;SOLEIL;2;19.8;0
Romorantin-Lanthenay;47.35;1.74;01/10/2026;20:00;17.3;0;SOLEIL;5;16.9;0
Romorantin-Lanthenay;47.35;1.74;01/10/2026;21:00;16.5;0;SOLEIL;5;14.8;0
Romorantin-Lanthenay;47.35;1.74;01/10/2026;22:00;15.7;0;SOLEIL;5;12.6;0
Romorantin-Lanthenay;47.35;1.74;01/10/2026;23:00;12.7;0;SOLEIL;2;10.8;0
Vendôme;47.79;1.06;27/09/2026;00:00;12.1;0;SOLEIL;1;4.3;0
Vendôme;47.79;1.06;27/09/2026;01:00;10.9;0;SOLEIL;1;5.8;0
Vendôme;47.79;1.06;27/09/2026;02:00;10.4;0;SOLEIL;1;7.9;0
Vendôme;47.79;1.06;27/09/2026;03:00;10.5;0;SOLEIL;1;6.5;0
Vendôme;47.79;1.06;27/09/2026;04:00;9.5;0;SOLEIL;1;7.9;0
Vendôme;47.79;1.06;27/09/2026;05:00;9.8;0;SOLEIL;1;6.5;0
Vendôme;47.79;1.06;27/09/2026;06:00;10.1;2;NUAGEUX;1;6.8;0
Vendôme;47.79;1.06;27/09/2026;07:00;13.5;2;NUAGEUX;2;7.2;0
Vendôme;47.79;1.06;27/09/2026;08:00;17.1;2;NUAGEUX;2;6.1;0
Vendôme;47.79;1.06;27/09/2026;09:00;21.5;2;NUAGEUX;2;5.8;0
Vendôme;47.79;1.06;27/09/2026;10:00;25.1;2;NUAGEUX;3;11.9;0
Vendôme;47.79;1.06;27/09/2026;11:00;26.7;2;NUAGEUX;4;17.3;0
Vendôme;47.79;1.06;27/09/2026;12:00;28.4;2;NUAGEUX;4;18.0;0
Vendôme;47.79;1.06;27/09/2026;13:00;28.9;2;NUAGEUX;4;18.4;0
Vendôme;47.79;1.06;27/09/2026;14:00;28.7;2;NUAGEUX;4;24.1;0
Vendôme;47.79;1.06;27/09/2026;15:00;29.2;2;NUAGEUX;4;24.8;0
Vendôme;47.79;1.06;27/09/2026;16:00;28.6;2;NUAGEUX;4;25.2;0
Vendôme;47.79;1.06;27/09/2026;17:00;27.1;2;NUAGEUX;3;24.8;0
Vendôme;47.79;1.06;27/09/2026;18:00;24.2;2;NUAGEUX;2;21.2;0
Vendôme;47.79;1.06;27/09/2026;19:00;21.6;5;SOLEIL VOILÉ;2;16.9;0
Vendôme;47.79;1.06;27/09/2026;20:00;19.1;2;NUAGEUX;1;12.6;0
Vendôme;47.79;1.06;27/09/2026;21:00;17.1;2;NUAGEUX;1;6.8;0
Vendôme;47.79;1.06;27/09/2026;22:00;15.7;2;NUAGEUX;1;6.5;0
Vendôme;47.79;1.06;27/09/2026;23:00;14.7;2;NUAGEUX;1;6.1;0
Vendôme;47.79;1.06;28/09/2026;00:00;14.5;2;NUAGEUX;1;6.1;0
Vendôme;47.79;1.06;28/09/2026;01:00;14.5;2;NUAGEUX;1;5.4;0
Vendôme;47.79;1.06;28/09/2026;02:00;15.1;2;NUAGEUX;2;6.8;0
Vendôme;47.79;1.06;28/09/2026;03:00;15.1;2;NUAGEUX;2;8.6;0
Vendôme;47.79;1.06;28/09/2026;04:00;15.1;2;NUAGEUX;2;6.7;0
Vendôme;47.79;1.06;28/09/2026;05:00;14;2;NUAGEUX;2;8.6;0
Vendôme;47.79;1.06;28/09/2026;06:00;14;2;NUAGEUX;2;10.8;0
Vendôme;47.79;1.06;28/09/2026;07:00;14;2;NUAGEUX;2;12.6;0
Vendôme;47.79;1.06;28/09/2026;08:00;20.6;2;NUAGEUX;2;14.4;0
Vendôme;47.79;1.06;28/09/2026;09:00;20.6;2;NUAGEUX;2;16.9;0
Vendôme;47.79;1.06;28/09/2026;10:00;20.6;2;NUAGEUX;2;20.9;0
Vendôme;47.79;1.06;28/09/2026;11:00;25.9;5;SOLEIL VOILÉ;3;21.6;0
Vendôme;47.79;1.06;28/09/2026;12:00;25.9;5;SOLEIL VOILÉ;3;14.0;0
Vendôme;47.79;1.06;28/09/2026;13:00;25.9;5;SOLEIL VOILÉ;3;13.7;0
Vendôme;47.79;1.06;28/09/2026;14:00;27;5;SOLEIL VOILÉ;3;12.6;0
Vendôme;47.79;1.06;28/09/2026;15:00;27;5;SOLEIL VOILÉ;3;14.8;0
Vendôme;47.79;1.06;28/09/2026;16:00;27;5;SOLEIL VOILÉ;3;18.0;0
Vendôme;47.79;1.06;28/09/2026;17:00;23.7;5;SOLEIL VOILÉ;3;19.4;0
Vendôme;47.79;1.06;28/09/2026;18:00;23.7;5;SOLEIL VOILÉ;3;18.7;0
Vendôme;47.79;1.06;28/09/2026;19:00;23.7;5;SOLEIL VOILÉ;3;11.9;0
Vendôme;47.79;1.06;28/09/2026;20:00;18.6;5;SOLEIL VOILÉ;3;9.7;0
Vendôme;47.79;1.06;28/09/2026;21:00;18.6;5;SOLEIL VOILÉ;3;9.0;0
Vendôme;47.79;1.06;28/09/2026;22:00;18.6;5;SOLEIL VOILÉ;3;10.8;0
Vendôme;47.79;1.06;28/09/2026;23:00;14.7;5;SOLEIL VOILÉ;2;10.8;0
Vendôme;47.79;1.06;29/09/2026;00:00;14.7;5;SOLEIL VOILÉ;2;10.4;0
Vendôme;47.79;1.06;29/09/2026;01:00;14.7;5;SOLEIL VOILÉ;2;13.3;0
Vendôme;47.79;1.06;29/09/2026;02:00;13.6;5;SOLEIL VOILÉ;2;13.3;0
Vendôme;47.79;1.06;29/09/2026;03:00;13.6;5;SOLEIL VOILÉ;2;8.6;0
Vendôme;47.79;1.06;29/09/2026;04:00;13.6;5;SOLEIL VOILÉ;2;8.3;0
Vendôme;47.79;1.06;29/09/2026;05:00;13.1;0;SOLEIL;3;10.1;0
Vendôme;47.79;1.06;29/09/2026;06:00;13.1;0;SOLEIL;3;10.4;0
Vendôme;47.79;1.06;29/09/2026;07:00;13.1;0;SOLEIL;3;9.4;0
Vendôme;47.79;1.06;29/09/2026;08:00;23.9;0;SOLEIL;3;10.8;0
Vendôme;47.79;1.06;29/09/2026;09:00;23.9;0;SOLEIL;3;14.8;0
Vendôme;47.79;1.06;29/09/2026;10:00;23.9;0;SOLEIL;3;20.2;0
Vendôme;47.79;1.06;29/09/2026;11:00;28.9;0;SOLEIL;3;24.8;0
Vendôme;47.79;1.06;29/09/2026;12:00;28.9;0;SOLEIL;3;27.4;0
Vendôme;47.79;1.06;29/09/2026;13:00;28.9;0;SOLEIL;3;28.8;0
Vendôme;47.79;1.06;29/09/2026;14:00;30.6;0;SOLEIL;3;30.6;0
Vendôme;47.79;1.06;29/09/2026;15:00;30.6;0;SOLEIL;3;33.8;0
Vendôme;47.79;1.06;29/09/2026;16:00;30.6;0;SOLEIL;3;37.1;0
Vendôme;47.79;1.06;29/09/2026;17:00;26.2;0;SOLEIL;2;37.8;0
Vendôme;47.79;1.06;29/09/2026;18:00;26.2;0;SOLEIL;2;33.5;0
Vendôme;47.79;1.06;29/09/2026;19:00;26.2;0;SOLEIL;2;26.6;0
Vendôme;47.79;1.06;29/09/2026;20:00;20.5;0;SOLEIL;5;20.9;0
Vendôme;47.79;1.06;29/09/2026;21:00;18.4;0;SOLEIL;5;17.6;0
Vendôme;47.79;1.06;29/09/2026;22:00;16.3;0;SOLEIL;5;15.5;0
Vendôme;47.79;1.06;29/09/2026;23:00;17.7;2;NUAGEUX;4;14.4;0
Vendôme;47.79;1.06;30/09/2026;00:00;17.7;2;NUAGEUX;4;14.8;0
Vendôme;47.79;1.06;30/09/2026;01:00;17.7;2;NUAGEUX;4;16.2;0
Vendôme;47.79;1.06;30/09/2026;02:00;16.7;6;AVERSES;5;17.3;0
Vendôme;47.79;1.06;30/09/2026;03:00;16.7;6;AVERSES;5;18.0;0
Vendôme;47.79;1.06;30/09/2026;04:00;16.7;6;AVERSES;5;18.4;0
Vendôme;47.79;1.06;30/09/2026;05:00;18.1;2;NUAGEUX;3;18.4;0
Vendôme;47.79;1.06;30/09/2026;06:00;18.1;2;NUAGEUX;3;18.0;0
Vendôme;47.79;1.06;30/09/2026;07:00;18.1;2;NUAGEUX;3;16.9;0
Vendôme;47.79;1.06;30/09/2026;08:00;18.9;6;AVERSES;5;16.9;0
Vendôme;47.79;1.06;30/09/2026;09:00;20.0;6;AVERSES;5;17.6;0
Vendôme;47.79;1.06;30/09/2026;10:00;21.1;6;AVERSES;5;19.1;0
Vendôme;47.79;1.06;30/09/2026;11:00;25.4;2;NUAGEUX;4;21.6;0
Vendôme;47.79;1.06;30/09/2026;12:00;25.4;2;NUAGEUX;4;27.4;0
Vendôme;47.79;1.06;30/09/2026;13:00;25.4;2;NUAGEUX;4;34.2;0
Vendôme;47.79;1.06;30/09/2026;14:00;25.6;6;AVERSES;5;37.8;0
Vendôme;47.79;1.06;30/09/2026;15:00;26.7;6;AVERSES;5;34.9;0
Vendôme;47.79;1.06;30/09/2026;16:00;25.6;6;AVERSES;5;28.4;0
Vendôme;47.79;1.06;30/09/2026;17:00;21.9;6;AVERSES;3;23.0;0
Vendôme;47.79;1.06;30/09/2026;18:00;21.9;6;AVERSES;3;19.8;0
Vendôme;47.79;1.06;30/09/2026;19:00;21.9;6;AVERSES;3;17.3;0
Vendôme;47.79;1.06;30/09/2026;20:00;21.1;6;AVERSES;5;15.8;0
Vendôme;47.79;1.06;30/09/2026;21:00;20.0;6;AVERSES;5;16.2;0
Vendôme;47.79;1.06;30/09/2026;22:00;18.9;6;AVERSES;5;17.6;0
Vendôme;47.79;1.06;30/09/2026;23:00;16.6;6;AVERSES;2;19.1;0
Vendôme;47.79;1.06;01/10/2026;00:00;16.6;6;AVERSES;2;19.9;0
Vendôme;47.79;1.06;01/10/2026;01:00;16.6;6;AVERSES;2;20.3;0
Vendôme;47.79;1.06;01/10/2026;02:00;13.7;7;PLUIE FAIBLE;5;20.0;0
Vendôme;47.79;1.06;01/10/2026;03:00;13.7;7;PLUIE FAIBLE;5;17.3;0
Vendôme;47.79;1.06;01/10/2026;04:00;13.7;7;PLUIE FAIBLE;5;14.0;0
Vendôme;47.79;1.06;01/10/2026;05:00;14.7;7;PLUIE FAIBLE;2;12.2;0
Vendôme;47.79;1.06;01/10/2026;06:00;14.7;7;PLUIE FAIBLE;2;14.0;0
Vendôme;47.79;1.06;01/10/2026;07:00;14.7;7;PLUIE FAIBLE;2;17.3;0
Vendôme;47.79;1.06;01/10/2026;08:00;15.2;7;PLUIE FAIBLE;5;19.4;0
Vendôme;47.79;1.06;01/10/2026;09:00;16.0;7;PLUIE FAIBLE;5;18.4;0
Vendôme;47.79;1.06;01/10/2026;10:00;16.8;7;PLUIE FAIBLE;5;15.8;0
Vendôme;47.79;1.06;01/10/2026;11:00;19.6;7;PLUIE FAIBLE;3;14.0;0
Vendôme;47.79;1.06;01/10/2026;12:00;19.6;7;PLUIE FAIBLE;3;14.4;0
Vendôme;47.79;1.06;01/10/2026;13:00;19.6;7;PLUIE FAIBLE;3;15.8;0
Vendôme;47.79;1.06;01/10/2026;14:00;19.8;7;PLUIE FAIBLE;5;16.9;0
Vendôme;47.79;1.06;01/10/2026;15:00;20.6;7;PLUIE FAIBLE;5;18.0;0
Vendôme;47.79;1.06;01/10/2026;16:00;19.8;7;PLUIE FAIBLE;5;18.7;0
Vendôme;47.79;1.06;01/10/2026;17:00;17.1;2;NUAGEUX;2;19.1;0
Vendôme;47.79;1.06;01/10/2026;18:00;17.1;2;NUAGEUX;2;18.0;0
Vendôme;47.79;1.06;01/10/2026;19:00;17.1;2;NUAGEUX;2;16.2;0
Vendôme;47.79;1.06;01/10/2026;20:00;16.8;7;PLUIE FAIBLE;5;14.8;0
Vendôme;47.79;1.06;01/10/2026;21:00;16.0;7;PLUIE FAIBLE;5;14.4;0
Vendôme;47.79;1.06;01/10/2026;22:00;15.2;7;PLUIE FAIBLE;5;14.4;0
Vendôme;47.79;1.06;01/10/2026;23:00;11.1;0;SOLEIL;2;13.7;0
Montargis;47.99;2.73;27/09/2026;00:00;15.7;0;SOLEIL;2;4.0;0
Montargis;47.99;2.73;27/09/2026;01:00;15.6;0;SOLEIL;1;5.4;0
Montargis;47.99;2.73;27/09/2026;02:00;15.4;0;SOLEIL;1;4.3;0
Montargis;47.99;2.73;27/09/2026;03:00;13.9;0;SOLEIL;2;5.0;0
Montargis;47.99;2.73;27/09/2026;04:00;13.6;0;SOLEIL;2;5.8;0
Montargis;47.99;2.73;27/09/2026;05:00;12.4;0;SOLEIL;1;5.8;0
Montargis;47.99;2.73;27/09/2026;06:00;12.6;2;NUAGEUX;1;5.4;0
Montargis;47.99;2.73;27/09/2026;07:00;14.9;2;NUAGEUX;1;5.0;0
Montargis;47.99;2.73;27/09/2026;08:00;17.2;2;NUAGEUX;1;5.4;0
Montargis;47.99;2.73;27/09/2026;09:00;20.6;2;NUAGEUX;2;4.7;0
Montargis;47.99;2.73;27/09/2026;10:00;22.7;2;NUAGEUX;3;6.1;0
Montargis;47.99;2.73;27/09/2026;11:00;25.4;2;NUAGEUX;4;13.3;0
Montargis;47.99;2.73;27/09/2026;12:00;26.1;2;NUAGEUX;4;17.3;0
Montargis;47.99;2.73;27/09/2026;13:00;26.8;2;NUAGEUX;4;26.6;0
Montargis;47.99;2.73;27/09/2026;14:00;27.7;2;NUAGEUX;4;29.9;0
Montargis;47.99;2.73;27/09/2026;15:00;28.1;2;NUAGEUX;4;30.2;0
Montargis;47.99;2.73;27/09/2026;16:00;28;2;NUAGEUX;4;31.3;0
Montargis;47.99;2.73;27/09/2026;17:00;27;2;NUAGEUX;3;31.3;0
Montargis;47.99;2.73;27/09/2026;18:00;25.6;2;NUAGEUX;3;28.4;0
Montargis;47.99;2.73;27/09/2026;19:00;23.5;5;SOLEIL VOILÉ;2;23.4;0
Montargis;47.99;2.73;27/09/2026;20:00;22;2;NUAGEUX;2;19.1;0
Montargis;47.99;2.73;27/09/2026;21:00;20.4;2;NUAGEUX;1;9.0;0
Montargis;47.99;2.73;27/09/2026;22:00;19.4;2;NUAGEUX;2;8.6;0
Montargis;47.99;2.73;27/09/2026;23:00;18.6;2;NUAGEUX;3;14.8;0
Montargis;47.99;2.73;28/09/2026;00:00;17.9;2;NUAGEUX;2;8.6;0
Montargis;47.99;2.73;28/09/2026;01:00;17.9;2;NUAGEUX;2;7.9;0
Montargis;47.99;2.73;28/09/2026;02:00;17.1;2;NUAGEUX;1;5.8;0
Montargis;47.99;2.73;28/09/2026;03:00;17.1;2;NUAGEUX;1;11.6;0
Montargis;47.99;2.73;28/09/2026;04:00;17.1;2;NUAGEUX;1;13.1;0
Montargis;47.99;2.73;28/09/2026;05:00;16.2;6;AVERSES;1;14.5;0
Montargis;47.99;2.73;28/09/2026;06:00;16.2;6;AVERSES;1;16.6;0
Montargis;47.99;2.73;28/09/2026;07:00;16.2;6;AVERSES;1;14.0;0
Montargis;47.99;2.73;28/09/2026;08:00;19.7;6;AVERSES;3;16.6;0
Montargis;47.99;2.73;28/09/2026;09:00;19.7;6;AVERSES;3;27.4;0
Montargis;47.99;2.73;28/09/2026;10:00;19.7;6;AVERSES;3;25.9;0
Montargis;47.99;2.73;28/09/2026;11:00;22.1;6;AVERSES;3;19.4;0
Montargis;47.99;2.73;28/09/2026;12:00;22.1;6;AVERSES;3;16.9;0
Montargis;47.99;2.73;28/09/2026;13:00;22.1;6;AVERSES;3;22.0;0
Montargis;47.99;2.73;28/09/2026;14:00;24;6;AVERSES;3;24.5;0
Montargis;47.99;2.73;28/09/2026;15:00;24;6;AVERSES;3;33.5;0
Montargis;47.99;2.73;28/09/2026;16:00;24;6;AVERSES;3;29.5;0
Montargis;47.99;2.73;28/09/2026;17:00;22.1;5;SOLEIL VOILÉ;3;29.5;0
Montargis;47.99;2.73;28/09/2026;18:00;22.1;5;SOLEIL VOILÉ;3;26.3;0
Montargis;47.99;2.73;28/09/2026;19:00;22.1;5;SOLEIL VOILÉ;3;22.0;0
Montargis;47.99;2.73;28/09/2026;20:00;18.5;5;SOLEIL VOILÉ;3;22.7;0
Montargis;47.99;2.73;28/09/2026;21:00;18.5;5;SOLEIL VOILÉ;3;17.3;0
Montargis;47.99;2.73;28/09/2026;22:00;18.5;5;SOLEIL VOILÉ;3;20.2;0
Montargis;47.99;2.73;28/09/2026;23:00;17.1;5;SOLEIL VOILÉ;3;21.6;0
Montargis;47.99;2.73;29/09/2026;00:00;17.1;5;SOLEIL VOILÉ;3;19.4;0
Montargis;47.99;2.73;29/09/2026;01:00;17.1;5;SOLEIL VOILÉ;3;10.1;0
Montargis;47.99;2.73;29/09/2026;02:00;15.6;5;SOLEIL VOILÉ;2;9.4;0
Montargis;47.99;2.73;29/09/2026;03:00;15.6;5;SOLEIL VOILÉ;2;12.6;0
Montargis;47.99;2.73;29/09/2026;04:00;15.6;5;SOLEIL VOILÉ;2;15.1;0
Montargis;47.99;2.73;29/09/2026;05:00;14.6;0;SOLEIL;3;15.1;0
Montargis;47.99;2.73;29/09/2026;06:00;14.6;0;SOLEIL;3;12.6;0
Montargis;47.99;2.73;29/09/2026;07:00;14.6;0;SOLEIL;3;11.9;0
Montargis;47.99;2.73;29/09/2026;08:00;22.5;0;SOLEIL;3;12.2;0
Montargis;47.99;2.73;29/09/2026;09:00;22.5;0;SOLEIL;3;14.8;0
Montargis;47.99;2.73;29/09/2026;10:00;22.5;0;SOLEIL;3;19.1;0
Montargis;47.99;2.73;29/09/2026;11:00;27.4;0;SOLEIL;4;23.0;0
Montargis;47.99;2.73;29/09/2026;12:00;27.4;0;SOLEIL;4;26.3;0
Montargis;47.99;2.73;29/09/2026;13:00;27.4;0;SOLEIL;4;29.5;0
Montargis;47.99;2.73;29/09/2026;14:00;28.6;0;SOLEIL;4;32.4;0
Montargis;47.99;2.73;29/09/2026;15:00;28.6;0;SOLEIL;4;36.0;0
Montargis;47.99;2.73;29/09/2026;16:00;28.6;0;SOLEIL;4;39.2;0
Montargis;47.99;2.73;29/09/2026;17:00;26.4;0;SOLEIL;3;39.6;0
Montargis;47.99;2.73;29/09/2026;18:00;26.4;0;SOLEIL;3;35.3;0
Montargis;47.99;2.73;29/09/2026;19:00;26.4;0;SOLEIL;3;28.4;0
Montargis;47.99;2.73;29/09/2026;20:00;20.7;0;SOLEIL;5;22.7;0
Montargis;47.99;2.73;29/09/2026;21:00;19.0;0;SOLEIL;5;20.2;0
Montargis;47.99;2.73;29/09/2026;22:00;17.3;0;SOLEIL;5;18.7;0
Montargis;47.99;2.73;29/09/2026;23:00;19.1;2;NUAGEUX;4;18.0;0
Montargis;47.99;2.73;30/09/2026;00:00;19.1;2;NUAGEUX;4;17.3;0
Montargis;47.99;2.73;30/09/2026;01:00;19.1;2;NUAGEUX;4;17.3;0
Montargis;47.99;2.73;30/09/2026;02:00;17.1;6;AVERSES;5;17.6;0
Montargis;47.99;2.73;30/09/2026;03:00;17.1;6;AVERSES;5;18.7;0
Montargis;47.99;2.73;30/09/2026;04:00;17.1;6;AVERSES;5;20.5;0
Montargis;47.99;2.73;30/09/2026;05:00;18.5;2;NUAGEUX;4;21.2;0
Montargis;47.99;2.73;30/09/2026;06:00;18.5;2;NUAGEUX;4;20.2;0
Montargis;47.99;2.73;30/09/2026;07:00;18.5;2;NUAGEUX;4;18.4;0
Montargis;47.99;2.73;30/09/2026;08:00;19.2;6;AVERSES;5;18.0;0
Montargis;47.99;2.73;30/09/2026;09:00;20.3;6;AVERSES;5;20.2;0
Montargis;47.99;2.73;30/09/2026;10:00;21.3;6;AVERSES;5;23.4;0
Montargis;47.99;2.73;30/09/2026;11:00;25.6;7;PLUIE FAIBLE;5;26.6;0
Montargis;47.99;2.73;30/09/2026;12:00;25.6;7;PLUIE FAIBLE;5;29.9;0
Montargis;47.99;2.73;30/09/2026;13:00;25.6;7;PLUIE FAIBLE;5;33.5;0
Montargis;47.99;2.73;30/09/2026;14:00;25.5;6;AVERSES;5;35.3;0
Montargis;47.99;2.73;30/09/2026;15:00;26.6;6;AVERSES;5;35.3;0
Montargis;47.99;2.73;30/09/2026;16:00;25.5;6;AVERSES;5;33.5;0
Montargis;47.99;2.73;30/09/2026;17:00;21;6;AVERSES;2;31.0;0
Montargis;47.99;2.73;30/09/2026;18:00;21;6;AVERSES;2;26.6;0
Montargis;47.99;2.73;30/09/2026;19:00;21;6;AVERSES;2;21.6;0
Montargis;47.99;2.73;30/09/2026;20:00;21.3;6;AVERSES;5;18.0;0
Montargis;47.99;2.73;30/09/2026;21:00;20.3;6;AVERSES;5;17.6;0
Montargis;47.99;2.73;30/09/2026;22:00;19.2;6;AVERSES;5;19.1;0
Montargis;47.99;2.73;30/09/2026;23:00;16.7;6;AVERSES;3;19.1;0
Montargis;47.99;2.73;01/10/2026;00:00;16.7;6;AVERSES;3;15.7;0
Montargis;47.99;2.73;01/10/2026;01:00;16.7;6;AVERSES;3;11.5;0
Montargis;47.99;2.73;01/10/2026;02:00;13.7;7;PLUIE FAIBLE;5;8.9;0
Montargis;47.99;2.73;01/10/2026;03:00;13.7;7;PLUIE FAIBLE;5;8.3;0
Montargis;47.99;2.73;01/10/2026;04:00;13.7;7;PLUIE FAIBLE;5;9.0;0
Montargis;47.99;2.73;01/10/2026;05:00;14.6;7;PLUIE FAIBLE;2;9.7;0
Montargis;47.99;2.73;01/10/2026;06:00;14.6;7;PLUIE FAIBLE;2;10.1;0
Montargis;47.99;2.73;01/10/2026;07:00;14.6;7;PLUIE FAIBLE;2;10.4;0
Montargis;47.99;2.73;01/10/2026;08:00;15.5;7;PLUIE FAIBLE;5;11.2;0
Montargis;47.99;2.73;01/10/2026;09:00;16.3;7;PLUIE FAIBLE;5;12.2;0
Montargis;47.99;2.73;01/10/2026;10:00;17.2;7;PLUIE FAIBLE;5;13.7;0
Montargis;47.99;2.73;01/10/2026;11:00;21;7;PLUIE FAIBLE;3;15.1;0
Montargis;47.99;2.73;01/10/2026;12:00;21;7;PLUIE FAIBLE;3;16.9;0
Montargis;47.99;2.73;01/10/2026;13:00;21;7;PLUIE FAIBLE;3;19.1;0
Montargis;47.99;2.73;01/10/2026;14:00;20.7;7;PLUIE FAIBLE;5;21.2;0
Montargis;47.99;2.73;01/10/2026;15:00;21.6;7;PLUIE FAIBLE;5;23.4;0
Montargis;47.99;2.73;01/10/2026;16:00;20.7;7;PLUIE FAIBLE;5;25.9;0
Montargis;47.99;2.73;01/10/2026;17:00;17.1;0;SOLEIL;2;27.0;0
Montargis;47.99;2.73;01/10/2026;18:00;17.1;0;SOLEIL;2;26.6;0
Montargis;47.99;2.73;01/10/2026;19:00;17.1;0;SOLEIL;2;25.2;0
Montargis;47.99;2.73;01/10/2026;20:00;17.2;7;PLUIE FAIBLE;5;23.0;0
Montargis;47.99;2.73;01/10/2026;21:00;16.3;7;PLUIE FAIBLE;5;19.4;0
Montargis;47.99;2.73;01/10/2026;22:00;15.5;7;PLUIE FAIBLE;5;15.1;0
Montargis;47.99;2.73;01/10/2026;23:00;12.1;0;SOLEIL;2;11.2;0
Orléans;47.9;1.9;27/09/2026;00:00;14.5;0;SOLEIL;1;10.4;0
Orléans;47.9;1.9;27/09/2026;01:00;13.8;0;SOLEIL;2;8.6;0
Orléans;47.9;1.9;27/09/2026;02:00;13.4;0;SOLEIL;0;8.3;0
Orléans;47.9;1.9;27/09/2026;03:00;13.6;0;SOLEIL;1;6.8;0
Orléans;47.9;1.9;27/09/2026;04:00;12.9;0;SOLEIL;1;7.9;0
Orléans;47.9;1.9;27/09/2026;05:00;12.2;0;SOLEIL;2;8.3;0
Orléans;47.9;1.9;27/09/2026;06:00;12.8;0;SOLEIL;2;8.3;0
Orléans;47.9;1.9;27/09/2026;07:00;16.3;0;SOLEIL;2;7.9;0
Orléans;47.9;1.9;27/09/2026;08:00;19.6;0;SOLEIL;2;7.9;0
Orléans;47.9;1.9;27/09/2026;09:00;21;0;SOLEIL;3;8.3;0
Orléans;47.9;1.9;27/09/2026;10:00;24.9;0;SOLEIL;3;13.0;0
Orléans;47.9;1.9;27/09/2026;11:00;27;5;SOLEIL VOILÉ;4;19.1;0
Orléans;47.9;1.9;27/09/2026;12:00;27.7;5;SOLEIL VOILÉ;4;19.8;0
Orléans;47.9;1.9;27/09/2026;13:00;27.9;2;NUAGEUX;4;24.5;0
Orléans;47.9;1.9;27/09/2026;14:00;28.4;2;NUAGEUX;4;27.7;0
Orléans;47.9;1.9;27/09/2026;15:00;28.8;2;NUAGEUX;4;27.4;0
Orléans;47.9;1.9;27/09/2026;16:00;28.9;2;NUAGEUX;3;27.4;0
Orléans;47.9;1.9;27/09/2026;17:00;27.5;2;NUAGEUX;3;25.2;0
Orléans;47.9;1.9;27/09/2026;18:00;25.6;2;NUAGEUX;2;20.5;0
Orléans;47.9;1.9;27/09/2026;19:00;23.2;5;SOLEIL VOILÉ;1;16.6;0
Orléans;47.9;1.9;27/09/2026;20:00;21.1;5;SOLEIL VOILÉ;2;5.0;0
Orléans;47.9;1.9;27/09/2026;21:00;19.5;5;SOLEIL VOILÉ;2;6.1;0
Orléans;47.9;1.9;27/09/2026;22:00;18.1;2;NUAGEUX;2;6.8;0
Orléans;47.9;1.9;27/09/2026;23:00;17.1;2;NUAGEUX;2;10.1;0
Orléans;47.9;1.9;28/09/2026;00:00;16.2;2;NUAGEUX;1;10.1;0
Orléans;47.9;1.9;28/09/2026;01:00;16.2;2;NUAGEUX;1;7.9;0
Orléans;47.9;1.9;28/09/2026;02:00;15.7;5;SOLEIL VOILÉ;1;5.4;0
Orléans;47.9;1.9;28/09/2026;03:00;15.7;5;SOLEIL VOILÉ;1;5.5;0
Orléans;47.9;1.9;28/09/2026;04:00;15.7;5;SOLEIL VOILÉ;1;4.7;0
Orléans;47.9;1.9;28/09/2026;05:00;14.9;2;NUAGEUX;1;2.9;0
Orléans;47.9;1.9;28/09/2026;06:00;14.9;2;NUAGEUX;1;5.4;0
Orléans;47.9;1.9;28/09/2026;07:00;14.9;2;NUAGEUX;1;6.1;0
Orléans;47.9;1.9;28/09/2026;08:00;20.1;2;NUAGEUX;2;5.8;0
Orléans;47.9;1.9;28/09/2026;09:00;20.1;2;NUAGEUX;2;8.3;0
Orléans;47.9;1.9;28/09/2026;10:00;20.1;2;NUAGEUX;2;6.8;0
Orléans;47.9;1.9;28/09/2026;11:00;25.2;5;SOLEIL VOILÉ;2;15.1;0
Orléans;47.9;1.9;28/09/2026;12:00;25.2;5;SOLEIL VOILÉ;2;17.3;0
Orléans;47.9;1.9;28/09/2026;13:00;25.2;5;SOLEIL VOILÉ;2;19.8;0
Orléans;47.9;1.9;28/09/2026;14:00;27.2;5;SOLEIL VOILÉ;3;15.8;0
Orléans;47.9;1.9;28/09/2026;15:00;27.2;5;SOLEIL VOILÉ;3;15.5;0
Orléans;47.9;1.9;28/09/2026;16:00;27.2;5;SOLEIL VOILÉ;3;14.8;0
Orléans;47.9;1.9;28/09/2026;17:00;24.6;5;SOLEIL VOILÉ;3;18.0;0
Orléans;47.9;1.9;28/09/2026;18:00;24.6;5;SOLEIL VOILÉ;3;18.4;0
Orléans;47.9;1.9;28/09/2026;19:00;24.6;5;SOLEIL VOILÉ;3;16.2;0
Orléans;47.9;1.9;28/09/2026;20:00;19.4;5;SOLEIL VOILÉ;3;9.4;0
Orléans;47.9;1.9;28/09/2026;21:00;19.4;5;SOLEIL VOILÉ;3;9.4;0
Orléans;47.9;1.9;28/09/2026;22:00;19.4;5;SOLEIL VOILÉ;3;7.2;0
Orléans;47.9;1.9;28/09/2026;23:00;16.2;5;SOLEIL VOILÉ;3;8.3;0
Orléans;47.9;1.9;29/09/2026;00:00;16.2;5;SOLEIL VOILÉ;3;10.8;0
Orléans;47.9;1.9;29/09/2026;01:00;16.2;5;SOLEIL VOILÉ;3;11.9;0
Orléans;47.9;1.9;29/09/2026;02:00;15.1;5;SOLEIL VOILÉ;3;15.1;0
Orléans;47.9;1.9;29/09/2026;03:00;15.1;5;SOLEIL VOILÉ;3;16.9;0
Orléans;47.9;1.9;29/09/2026;04:00;15.1;5;SOLEIL VOILÉ;3;16.9;0
Orléans;47.9;1.9;29/09/2026;05:00;15.5;0;SOLEIL;3;18.0;0
Orléans;47.9;1.9;29/09/2026;06:00;15.5;0;SOLEIL;3;18.4;0
Orléans;47.9;1.9;29/09/2026;07:00;15.5;0;SOLEIL;3;16.2;0
Orléans;47.9;1.9;29/09/2026;08:00;23.5;0;SOLEIL;3;15.1;0
Orléans;47.9;1.9;29/09/2026;09:00;23.5;0;SOLEIL;3;19.4;0
Orléans;47.9;1.9;29/09/2026;10:00;23.5;0;SOLEIL;3;25.9;0
Orléans;47.9;1.9;29/09/2026;11:00;29.1;0;SOLEIL;3;30.2;0
Orléans;47.9;1.9;29/09/2026;12:00;29.1;0;SOLEIL;3;30.2;0
Orléans;47.9;1.9;29/09/2026;13:00;29.1;0;SOLEIL;3;28.8;0
Orléans;47.9;1.9;29/09/2026;14:00;30.2;0;SOLEIL;4;28.4;0
Orléans;47.9;1.9;29/09/2026;15:00;30.2;0;SOLEIL;4;32.4;0
Orléans;47.9;1.9;29/09/2026;16:00;30.2;0;SOLEIL;4;37.8;0
Orléans;47.9;1.9;29/09/2026;17:00;26.5;0;SOLEIL;3;39.6;0
Orléans;47.9;1.9;29/09/2026;18:00;26.5;0;SOLEIL;3;33.5;0
Orléans;47.9;1.9;29/09/2026;19:00;26.5;0;SOLEIL;3;23.4;0
Orléans;47.9;1.9;29/09/2026;20:00;21.8;0;SOLEIL;5;17.6;0
Orléans;47.9;1.9;29/09/2026;21:00;20.0;0;SOLEIL;5;21.2;0
Orléans;47.9;1.9;29/09/2026;22:00;18.1;0;SOLEIL;5;29.2;0
Orléans;47.9;1.9;29/09/2026;23:00;19;0;SOLEIL;4;34.2;0
Orléans;47.9;1.9;30/09/2026;00:00;19;0;SOLEIL;4;32.8;0
Orléans;47.9;1.9;30/09/2026;01:00;19;0;SOLEIL;4;28.4;0
Orléans;47.9;1.9;30/09/2026;02:00;18.1;6;AVERSES;5;24.8;0
Orléans;47.9;1.9;30/09/2026;03:00;18.1;6;AVERSES;5;23.4;0
Orléans;47.9;1.9;30/09/2026;04:00;18.1;6;AVERSES;5;23.0;0
Orléans;47.9;1.9;30/09/2026;05:00;19.2;2;NUAGEUX;4;22.7;0
Orléans;47.9;1.9;30/09/2026;06:00;19.2;2;NUAGEUX;4;22.0;0
Orléans;47.9;1.9;30/09/2026;07:00;19.2;2;NUAGEUX;4;21.2;0
Orléans;47.9;1.9;30/09/2026;08:00;20.2;6;AVERSES;5;21.6;0
Orléans;47.9;1.9;30/09/2026;09:00;21.2;6;AVERSES;5;24.5;0
Orléans;47.9;1.9;30/09/2026;10:00;22.3;6;AVERSES;5;28.8;0
Orléans;47.9;1.9;30/09/2026;11:00;25.7;2;NUAGEUX;4;31.7;0
Orléans;47.9;1.9;30/09/2026;12:00;25.7;2;NUAGEUX;4;32.8;0
Orléans;47.9;1.9;30/09/2026;13:00;25.7;2;NUAGEUX;4;32.8;0
Orléans;47.9;1.9;30/09/2026;14:00;26.5;6;AVERSES;5;32.0;0
Orléans;47.9;1.9;30/09/2026;15:00;27.5;6;AVERSES;5;31.0;0
Orléans;47.9;1.9;30/09/2026;16:00;26.5;6;AVERSES;5;29.5;0
Orléans;47.9;1.9;30/09/2026;17:00;23.2;6;AVERSES;3;27.4;0
Orléans;47.9;1.9;30/09/2026;18:00;23.2;6;AVERSES;3;24.1;0
Orléans;47.9;1.9;30/09/2026;19:00;23.2;6;AVERSES;3;20.5;0
Orléans;47.9;1.9;30/09/2026;20:00;22.3;6;AVERSES;5;17.6;0
Orléans;47.9;1.9;30/09/2026;21:00;21.2;6;AVERSES;5;16.2;0
Orléans;47.9;1.9;30/09/2026;22:00;20.2;6;AVERSES;5;15.8;0
Orléans;47.9;1.9;30/09/2026;23:00;18.6;6;AVERSES;3;15.8;0
Orléans;47.9;1.9;01/10/2026;00:00;18.6;6;AVERSES;3;16.7;0
Orléans;47.9;1.9;01/10/2026;01:00;18.6;6;AVERSES;3;18.4;0
Orléans;47.9;1.9;01/10/2026;02:00;15.6;6;AVERSES;5;19.4;0
Orléans;47.9;1.9;01/10/2026;03:00;15.6;6;AVERSES;5;19.4;0
Orléans;47.9;1.9;01/10/2026;04:00;15.6;6;AVERSES;5;19.4;0
Orléans;47.9;1.9;01/10/2026;05:00;16.6;6;AVERSES;2;19.4;0
Orléans;47.9;1.9;01/10/2026;06:00;16.6;6;AVERSES;2;19.4;0
Orléans;47.9;1.9;01/10/2026;07:00;16.6;6;AVERSES;2;19.4;0
Orléans;47.9;1.9;01/10/2026;08:00;16.8;6;AVERSES;5;19.4;0
Orléans;47.9;1.9;01/10/2026;09:00;17.4;6;AVERSES;5;19.4;0
Orléans;47.9;1.9;01/10/2026;10:00;18.0;6;AVERSES;5;19.4;0
Orléans;47.9;1.9;01/10/2026;11:00;19.9;6;AVERSES;3;19.1;0
Orléans;47.9;1.9;01/10/2026;12:00;19.9;6;AVERSES;3;17.6;0
Orléans;47.9;1.9;01/10/2026;13:00;19.9;6;AVERSES;3;15.5;0
Orléans;47.9;1.9;01/10/2026;14:00;20.5;6;AVERSES;5;14.4;0
Orléans;47.9;1.9;01/10/2026;15:00;21.1;6;AVERSES;5;15.5;0
Orléans;47.9;1.9;01/10/2026;16:00;20.5;6;AVERSES;5;17.3;0
Orléans;47.9;1.9;01/10/2026;17:00;18.4;7;PLUIE FAIBLE;2;18.4;0
Orléans;47.9;1.9;01/10/2026;18:00;18.4;7;PLUIE FAIBLE;2;18.4;0
Orléans;47.9;1.9;01/10/2026;19:00;18.4;7;PLUIE FAIBLE;2;17.3;0
Orléans;47.9;1.9;01/10/2026;20:00;18.0;6;AVERSES;5;16.2;0
Orléans;47.9;1.9;01/10/2026;21:00;17.4;6;AVERSES;5;14.4;0
Orléans;47.9;1.9;01/10/2026;22:00;16.8;6;AVERSES;5;12.6;0
Orléans;47.9;1.9;01/10/2026;23:00;13.4;0;SOLEIL;2;11.2;0
Pithiviers;48.17;2.25;27/09/2026;00:00;15.6;0;SOLEIL;2;8.6;0
Pithiviers;48.17;2.25;27/09/2026;01:00;14.8;0;SOLEIL;2;13.0;0
Pithiviers;48.17;2.25;27/09/2026;02:00;14.7;0;SOLEIL;2;7.2;0
Pithiviers;48.17;2.25;27/09/2026;03:00;14.6;0;SOLEIL;2;5.0;0
Pithiviers;48.17;2.25;27/09/2026;04:00;14.5;0;SOLEIL;2;7.2;0
Pithiviers;48.17;2.25;27/09/2026;05:00;14.1;0;SOLEIL;2;7.2;0
Pithiviers;48.17;2.25;27/09/2026;06:00;13.8;0;SOLEIL;2;7.2;0
Pithiviers;48.17;2.25;27/09/2026;07:00;15.2;0;SOLEIL;2;6.8;0
Pithiviers;48.17;2.25;27/09/2026;08:00;17.4;0;SOLEIL;2;6.1;0
Pithiviers;48.17;2.25;27/09/2026;09:00;21;5;SOLEIL VOILÉ;2;7.2;0
Pithiviers;48.17;2.25;27/09/2026;10:00;23.4;2;NUAGEUX;3;10.8;0
Pithiviers;48.17;2.25;27/09/2026;11:00;25.4;5;SOLEIL VOILÉ;4;12.2;0
Pithiviers;48.17;2.25;27/09/2026;12:00;26.7;2;NUAGEUX;4;18.4;0
Pithiviers;48.17;2.25;27/09/2026;13:00;27.7;2;NUAGEUX;4;23.0;0
Pithiviers;48.17;2.25;27/09/2026;14:00;28.5;2;NUAGEUX;5;27.4;0
Pithiviers;48.17;2.25;27/09/2026;15:00;28.3;2;NUAGEUX;4;28.8;0
Pithiviers;48.17;2.25;27/09/2026;16:00;28.1;2;NUAGEUX;4;31.0;0
Pithiviers;48.17;2.25;27/09/2026;17:00;27;2;NUAGEUX;4;26.6;0
Pithiviers;48.17;2.25;27/09/2026;18:00;25.4;2;NUAGEUX;3;27.0;0
Pithiviers;48.17;2.25;27/09/2026;19:00;23.5;5;SOLEIL VOILÉ;2;24.5;0
Pithiviers;48.17;2.25;27/09/2026;20:00;21.6;5;SOLEIL VOILÉ;2;14.0;0
Pithiviers;48.17;2.25;27/09/2026;21:00;20.2;2;NUAGEUX;2;5.8;0
Pithiviers;48.17;2.25;27/09/2026;22:00;19.2;2;NUAGEUX;2;5.0;0
Pithiviers;48.17;2.25;27/09/2026;23:00;18.1;2;NUAGEUX;2;5.8;0
Pithiviers;48.17;2.25;28/09/2026;00:00;17.6;2;NUAGEUX;2;4.7;0
Pithiviers;48.17;2.25;28/09/2026;01:00;17.6;2;NUAGEUX;2;8.6;0
Pithiviers;48.17;2.25;28/09/2026;02:00;17;2;NUAGEUX;2;8.3;0
Pithiviers;48.17;2.25;28/09/2026;03:00;17;2;NUAGEUX;2;8.6;0
Pithiviers;48.17;2.25;28/09/2026;04:00;17;2;NUAGEUX;2;10.8;0
Pithiviers;48.17;2.25;28/09/2026;05:00;15.9;2;NUAGEUX;1;16.9;0
Pithiviers;48.17;2.25;28/09/2026;06:00;15.9;2;NUAGEUX;1;16.9;0
Pithiviers;48.17;2.25;28/09/2026;07:00;15.9;2;NUAGEUX;1;18.0;0
Pithiviers;48.17;2.25;28/09/2026;08:00;21.4;2;NUAGEUX;2;19.4;0
Pithiviers;48.17;2.25;28/09/2026;09:00;21.4;2;NUAGEUX;2;22.7;0
Pithiviers;48.17;2.25;28/09/2026;10:00;21.4;2;NUAGEUX;2;14.4;0
Pithiviers;48.17;2.25;28/09/2026;11:00;25;2;NUAGEUX;3;19.4;0
Pithiviers;48.17;2.25;28/09/2026;12:00;25;2;NUAGEUX;3;22.7;0
Pithiviers;48.17;2.25;28/09/2026;13:00;25;2;NUAGEUX;3;31.0;0
Pithiviers;48.17;2.25;28/09/2026;14:00;25.6;5;SOLEIL VOILÉ;3;22.7;0
Pithiviers;48.17;2.25;28/09/2026;15:00;25.6;5;SOLEIL VOILÉ;3;18.4;0
Pithiviers;48.17;2.25;28/09/2026;16:00;25.6;5;SOLEIL VOILÉ;3;22.3;0
Pithiviers;48.17;2.25;28/09/2026;17:00;24.6;5;SOLEIL VOILÉ;3;24.5;0
Pithiviers;48.17;2.25;28/09/2026;18:00;24.6;5;SOLEIL VOILÉ;3;25.2;0
Pithiviers;48.17;2.25;28/09/2026;19:00;24.6;5;SOLEIL VOILÉ;3;24.5;0
Pithiviers;48.17;2.25;28/09/2026;20:00;20.1;5;SOLEIL VOILÉ;4;13.3;0
Pithiviers;48.17;2.25;28/09/2026;21:00;20.1;5;SOLEIL VOILÉ;4;5.4;0
Pithiviers;48.17;2.25;28/09/2026;22:00;20.1;5;SOLEIL VOILÉ;4;7.2;0
Pithiviers;48.17;2.25;28/09/2026;23:00;17.4;5;SOLEIL VOILÉ;4;7.6;0
Pithiviers;48.17;2.25;29/09/2026;00:00;17.4;5;SOLEIL VOILÉ;4;6.8;0
Pithiviers;48.17;2.25;29/09/2026;01:00;17.4;5;SOLEIL VOILÉ;4;9.0;0
Pithiviers;48.17;2.25;29/09/2026;02:00;15.9;5;SOLEIL VOILÉ;3;9.4;0
Pithiviers;48.17;2.25;29/09/2026;03:00;15.9;5;SOLEIL VOILÉ;3;9.7;0
Pithiviers;48.17;2.25;29/09/2026;04:00;15.9;5;SOLEIL VOILÉ;3;9.4;0
Pithiviers;48.17;2.25;29/09/2026;05:00;15.1;0;SOLEIL;2;8.6;0
Pithiviers;48.17;2.25;29/09/2026;06:00;15.1;0;SOLEIL;2;9.7;0
Pithiviers;48.17;2.25;29/09/2026;07:00;15.1;0;SOLEIL;2;9.4;0
Pithiviers;48.17;2.25;29/09/2026;08:00;23.1;0;SOLEIL;3;8.3;0
Pithiviers;48.17;2.25;29/09/2026;09:00;23.1;0;SOLEIL;3;11.2;0
Pithiviers;48.17;2.25;29/09/2026;10:00;23.1;0;SOLEIL;3;15.1;0
Pithiviers;48.17;2.25;29/09/2026;11:00;29.2;0;SOLEIL;4;18.7;0
Pithiviers;48.17;2.25;29/09/2026;12:00;29.2;0;SOLEIL;4;20.9;0
Pithiviers;48.17;2.25;29/09/2026;13:00;29.2;0;SOLEIL;4;22.7;0
Pithiviers;48.17;2.25;29/09/2026;14:00;29.5;0;SOLEIL;4;24.5;0
Pithiviers;48.17;2.25;29/09/2026;15:00;29.5;0;SOLEIL;4;27.0;0
Pithiviers;48.17;2.25;29/09/2026;16:00;29.5;0;SOLEIL;4;29.5;0
Pithiviers;48.17;2.25;29/09/2026;17:00;26.1;0;SOLEIL;3;31.3;0
Pithiviers;48.17;2.25;29/09/2026;18:00;26.1;0;SOLEIL;3;31.3;0
Pithiviers;48.17;2.25;29/09/2026;19:00;26.1;0;SOLEIL;3;30.2;0
Pithiviers;48.17;2.25;29/09/2026;20:00;21.5;0;SOLEIL;5;28.8;0
Pithiviers;48.17;2.25;29/09/2026;21:00;19.7;0;SOLEIL;5;26.6;0
Pithiviers;48.17;2.25;29/09/2026;22:00;18.0;0;SOLEIL;5;24.1;0
Pithiviers;48.17;2.25;29/09/2026;23:00;20.1;2;NUAGEUX;4;22.0;0
Pithiviers;48.17;2.25;30/09/2026;00:00;20.1;2;NUAGEUX;4;21.2;0
Pithiviers;48.17;2.25;30/09/2026;01:00;20.1;2;NUAGEUX;4;21.2;0
Pithiviers;48.17;2.25;30/09/2026;02:00;18;7;PLUIE FAIBLE;5;20.9;0
Pithiviers;48.17;2.25;30/09/2026;03:00;18;7;PLUIE FAIBLE;5;20.2;0
Pithiviers;48.17;2.25;30/09/2026;04:00;18;7;PLUIE FAIBLE;5;19.8;0
Pithiviers;48.17;2.25;30/09/2026;05:00;18.9;2;NUAGEUX;3;19.1;0
Pithiviers;48.17;2.25;30/09/2026;06:00;18.9;2;NUAGEUX;3;18.0;0
Pithiviers;48.17;2.25;30/09/2026;07:00;18.9;2;NUAGEUX;3;17.3;0
Pithiviers;48.17;2.25;30/09/2026;08:00;20.0;7;PLUIE FAIBLE;5;17.3;0
Pithiviers;48.17;2.25;30/09/2026;09:00;21.0;7;PLUIE FAIBLE;5;18.7;0
Pithiviers;48.17;2.25;30/09/2026;10:00;22.0;7;PLUIE FAIBLE;5;21.2;0
Pithiviers;48.17;2.25;30/09/2026;11:00;25.1;2;NUAGEUX;5;23.8;0
Pithiviers;48.17;2.25;30/09/2026;12:00;25.1;2;NUAGEUX;5;27.0;0
Pithiviers;48.17;2.25;30/09/2026;13:00;25.1;2;NUAGEUX;5;30.2;0
Pithiviers;48.17;2.25;30/09/2026;14:00;26.0;7;PLUIE FAIBLE;5;32.8;0
Pithiviers;48.17;2.25;30/09/2026;15:00;27.0;7;PLUIE FAIBLE;5;34.2;0
Pithiviers;48.17;2.25;30/09/2026;16:00;26.0;7;PLUIE FAIBLE;5;34.6;0
Pithiviers;48.17;2.25;30/09/2026;17:00;22;7;PLUIE FAIBLE;3;33.8;0
Pithiviers;48.17;2.25;30/09/2026;18:00;22;7;PLUIE FAIBLE;3;31.3;0
Pithiviers;48.17;2.25;30/09/2026;19:00;22;7;PLUIE FAIBLE;3;28.1;0
Pithiviers;48.17;2.25;30/09/2026;20:00;22.0;7;PLUIE FAIBLE;5;25.2;0
Pithiviers;48.17;2.25;30/09/2026;21:00;21.0;7;PLUIE FAIBLE;5;23.8;0
Pithiviers;48.17;2.25;30/09/2026;22:00;20.0;7;PLUIE FAIBLE;5;23.0;0
Pithiviers;48.17;2.25;30/09/2026;23:00;18.2;7;PLUIE FAIBLE;3;22.7;0
Pithiviers;48.17;2.25;01/10/2026;00:00;18.2;7;PLUIE FAIBLE;3;21.8;0
Pithiviers;48.17;2.25;01/10/2026;01:00;18.2;7;PLUIE FAIBLE;3;21.1;0
Pithiviers;48.17;2.25;01/10/2026;02:00;15.2;6;AVERSES;5;20.5;0
Pithiviers;48.17;2.25;01/10/2026;03:00;15.2;6;AVERSES;5;19.8;0
Pithiviers;48.17;2.25;01/10/2026;04:00;15.2;6;AVERSES;5;19.4;0
Pithiviers;48.17;2.25;01/10/2026;05:00;16.2;7;PLUIE FAIBLE;2;19.1;0
Pithiviers;48.17;2.25;01/10/2026;06:00;16.2;7;PLUIE FAIBLE;2;19.1;0
Pithiviers;48.17;2.25;01/10/2026;07:00;16.2;7;PLUIE FAIBLE;2;19.4;0
Pithiviers;48.17;2.25;01/10/2026;08:00;16.5;6;AVERSES;5;19.4;0
Pithiviers;48.17;2.25;01/10/2026;09:00;17.1;6;AVERSES;5;18.7;0
Pithiviers;48.17;2.25;01/10/2026;10:00;17.8;6;AVERSES;5;18.0;0
Pithiviers;48.17;2.25;01/10/2026;11:00;20;6;AVERSES;4;17.6;0
Pithiviers;48.17;2.25;01/10/2026;12:00;20;6;AVERSES;4;17.6;0
Pithiviers;48.17;2.25;01/10/2026;13:00;20;6;AVERSES;4;18.4;0
Pithiviers;48.17;2.25;01/10/2026;14:00;20.4;6;AVERSES;5;19.1;0
Pithiviers;48.17;2.25;01/10/2026;15:00;21.0;6;AVERSES;5;21.2;0
Pithiviers;48.17;2.25;01/10/2026;16:00;20.4;6;AVERSES;5;23.8;0
Pithiviers;48.17;2.25;01/10/2026;17:00;18;2;NUAGEUX;2;24.5;0
Pithiviers;48.17;2.25;01/10/2026;18:00;18;2;NUAGEUX;2;22.0;0
Pithiviers;48.17;2.25;01/10/2026;19:00;18;2;NUAGEUX;2;17.3;0
Pithiviers;48.17;2.25;01/10/2026;20:00;17.8;6;AVERSES;5;14.4;0
Pithiviers;48.17;2.25;01/10/2026;21:00;17.1;6;AVERSES;5;14.4;0
Pithiviers;48.17;2.25;01/10/2026;22:00;16.5;6;AVERSES;5;16.2;0
Pithiviers;48.17;2.25;01/10/2026;23:00;13.4;0;SOLEIL;2;16.6;0
