Ville;Latitude;Longitude;Date;Heure;temperature_2m;weathercode;Temps_Label;windspeed_10m;wind_gusts_10m;precipitation
Paris;48.85;2.35;27/09/2026;00:00;17.9;0;SOLEIL;2;16.9;0
Paris;48.85;2.35;27/09/2026;01:00;17.6;0;SOLEIL;2;10.4;0
Paris;48.85;2.35;27/09/2026;02:00;17.1;0;SOLEIL;2;8.3;0
Paris;48.85;2.35;27/09/2026;03:00;16.5;0;SOLEIL;2;6.8;0
Paris;48.85;2.35;27/09/2026;04:00;16.6;0;SOLEIL;2;4.7;0
Paris;48.85;2.35;27/09/2026;05:00;16.1;0;SOLEIL;2;3.6;0
Paris;48.85;2.35;27/09/2026;06:00;15.8;0;SOLEIL;2;3.2;0
Paris;48.85;2.35;27/09/2026;07:00;17;0;SOLEIL;2;6.1;0
Paris;48.85;2.35;27/09/2026;08:00;18;0;SOLEIL;2;7.2;0
Paris;48.85;2.35;27/09/2026;09:00;20.1;5;SOLEIL VOILÉ;2;9.7;0
Paris;48.85;2.35;27/09/2026;10:00;22.6;5;SOLEIL VOILÉ;2;14.0;0
Paris;48.85;2.35;27/09/2026;11:00;23.9;5;SOLEIL VOILÉ;3;16.9;0
Paris;48.85;2.35;27/09/2026;12:00;24.9;5;SOLEIL VOILÉ;3;18.4;0
Paris;48.85;2.35;27/09/2026;13:00;25.8;5;SOLEIL VOILÉ;4;22.7;0
Paris;48.85;2.35;27/09/2026;14:00;26.8;2;NUAGEUX;4;23.8;0
Paris;48.85;2.35;27/09/2026;15:00;26.7;2;NUAGEUX;4;23.0;0
Paris;48.85;2.35;27/09/2026;16:00;26.4;2;NUAGEUX;4;21.6;0
Paris;48.85;2.35;27/09/2026;17:00;25.7;2;NUAGEUX;4;22.3;0
Paris;48.85;2.35;27/09/2026;18:00;24.9;2;NUAGEUX;3;20.5;0
Paris;48.85;2.35;27/09/2026;19:00;24.1;5;SOLEIL VOILÉ;2;14.0;0
Paris;48.85;2.35;27/09/2026;20:00;23.5;5;SOLEIL VOILÉ;3;11.9;0
Paris;48.85;2.35;27/09/2026;21:00;23.1;5;SOLEIL VOILÉ;2;6.1;0
Paris;48.85;2.35;27/09/2026;22:00;22.6;5;SOLEIL VOILÉ;2;5.8;0
Paris;48.85;2.35;27/09/2026;23:00;21.7;2;NUAGEUX;3;4.0;0
Paris;48.85;2.35;28/09/2026;00:00;21.4;2;NUAGEUX;3;2.9;0
Paris;48.85;2.35;28/09/2026;01:00;21.4;2;NUAGEUX;3;14.8;0
Paris;48.85;2.35;28/09/2026;02:00;20.1;2;NUAGEUX;1;6.5;0
Paris;48.85;2.35;28/09/2026;03:00;20.1;2;NUAGEUX;1;7.5;0
Paris;48.85;2.35;28/09/2026;04:00;20.1;2;NUAGEUX;1;19.1;0
Paris;48.85;2.35;28/09/2026;05:00;19.2;2;NUAGEUX;2;11.3;0
Paris;48.85;2.35;28/09/2026;06:00;19.2;2;NUAGEUX;2;23.8;0
Paris;48.85;2.35;28/09/2026;07:00;19.2;2;NUAGEUX;2;16.6;0
Paris;48.85;2.35;28/09/2026;08:00;21.4;2;NUAGEUX;2;16.9;0
Paris;48.85;2.35;28/09/2026;09:00;21.4;2;NUAGEUX;2;7.6;0
Paris;48.85;2.35;28/09/2026;10:00;21.4;2;NUAGEUX;2;6.5;0
Paris;48.85;2.35;28/09/2026;11:00;22.9;2;NUAGEUX;2;9.4;0
Paris;48.85;2.35;28/09/2026;12:00;22.9;2;NUAGEUX;2;25.2;0
Paris;48.85;2.35;28/09/2026;13:00;22.9;2;NUAGEUX;2;17.6;0
Paris;48.85;2.35;28/09/2026;14:00;23.1;6;AVERSES;3;18.0;0
Paris;48.85;2.35;28/09/2026;15:00;23.1;6;AVERSES;3;16.9;0
Paris;48.85;2.35;28/09/2026;16:00;23.1;6;AVERSES;3;32.0;0
Paris;48.85;2.35;28/09/2026;17:00;21.6;5;SOLEIL VOILÉ;4;34.9;0
Paris;48.85;2.35;28/09/2026;18:00;21.6;5;SOLEIL VOILÉ;4;24.1;0
Paris;48.85;2.35;28/09/2026;19:00;21.6;5;SOLEIL VOILÉ;4;15.8;0
Paris;48.85;2.35;28/09/2026;20:00;20.6;5;SOLEIL VOILÉ;3;15.1;0
Paris;48.85;2.35;28/09/2026;21:00;20.6;5;SOLEIL VOILÉ;3;9.7;0
Paris;48.85;2.35;28/09/2026;22:00;20.6;5;SOLEIL VOILÉ;3;15.5;0
Paris;48.85;2.35;28/09/2026;23:00;19.4;5;SOLEIL VOILÉ;2;15.5;0
Paris;48.85;2.35;29/09/2026;00:00;19.4;5;SOLEIL VOILÉ;2;11.5;0
Paris;48.85;2.35;29/09/2026;01:00;19.4;5;SOLEIL VOILÉ;2;6.8;0
Paris;48.85;2.35;29/09/2026;02:00;18.6;5;SOLEIL VOILÉ;2;7.2;0
Paris;48.85;2.35;29/09/2026;03:00;18.6;5;SOLEIL VOILÉ;2;7.2;0
Paris;48.85;2.35;29/09/2026;04:00;18.6;5;SOLEIL VOILÉ;2;9.4;0
Paris;48.85;2.35;29/09/2026;05:00;17.6;0;SOLEIL;2;10.4;0
Paris;48.85;2.35;29/09/2026;06:00;17.6;0;SOLEIL;2;13.0;0
Paris;48.85;2.35;29/09/2026;07:00;17.6;0;SOLEIL;2;15.1;0
Paris;48.85;2.35;29/09/2026;08:00;21.6;0;SOLEIL;2;16.2;0
Paris;48.85;2.35;29/09/2026;09:00;21.6;0;SOLEIL;2;18.7;0
Paris;48.85;2.35;29/09/2026;10:00;21.6;0;SOLEIL;2;21.6;0
Paris;48.85;2.35;29/09/2026;11:00;26.9;0;SOLEIL;3;23.8;0
Paris;48.85;2.35;29/09/2026;12:00;26.9;0;SOLEIL;3;24.5;0
Paris;48.85;2.35;29/09/2026;13:00;26.9;0;SOLEIL;3;24.5;0
Paris;48.85;2.35;29/09/2026;14:00;28;0;SOLEIL;4;25.2;0
Paris;48.85;2.35;29/09/2026;15:00;28;0;SOLEIL;4;27.4;0
Paris;48.85;2.35;29/09/2026;16:00;28;0;SOLEIL;4;29.9;0
Paris;48.85;2.35;29/09/2026;17:00;26.2;0;SOLEIL;3;31.0;0
Paris;48.85;2.35;29/09/2026;18:00;26.2;0;SOLEIL;3;29.2;0
Paris;48.85;2.35;29/09/2026;19:00;26.2;0;SOLEIL;3;25.9;0
Paris;48.85;2.35;29/09/2026;20:00;22.3;0;SOLEIL;5;22.7;0
Paris;48.85;2.35;29/09/2026;21:00;21.0;0;SOLEIL;5;19.1;0
Paris;48.85;2.35;29/09/2026;22:00;19.7;0;SOLEIL;5;15.1;0
Paris;48.85;2.35;29/09/2026;23:00;21.4;2;NUAGEUX;3;13.3;0
Paris;48.85;2.35;30/09/2026;00:00;21.4;2;NUAGEUX;3;15.5;0
Paris;48.85;2.35;30/09/2026;01:00;21.4;2;NUAGEUX;3;19.4;0
Paris;48.85;2.35;30/09/2026;02:00;19.6;6;AVERSES;5;22.0;0
Paris;48.85;2.35;30/09/2026;03:00;19.6;6;AVERSES;5;21.6;0
Paris;48.85;2.35;30/09/2026;04:00;19.6;6;AVERSES;5;20.2;0
Paris;48.85;2.35;30/09/2026;05:00;20.4;2;NUAGEUX;3;18.7;0
Paris;48.85;2.35;30/09/2026;06:00;20.4;2;NUAGEUX;3;18.0;0
Paris;48.85;2.35;30/09/2026;07:00;20.4;2;NUAGEUX;3;17.6;0
Paris;48.85;2.35;30/09/2026;08:00;21.0;6;AVERSES;5;18.7;0
Paris;48.85;2.35;30/09/2026;09:00;21.8;6;AVERSES;5;22.0;0
Paris;48.85;2.35;30/09/2026;10:00;22.5;6;AVERSES;5;26.3;0
Paris;48.85;2.35;30/09/2026;11:00;24.2;2;NUAGEUX;4;29.9;0
Paris;48.85;2.35;30/09/2026;12:00;24.2;2;NUAGEUX;4;32.0;0
Paris;48.85;2.35;30/09/2026;13:00;24.2;2;NUAGEUX;4;33.8;0
Paris;48.85;2.35;30/09/2026;14:00;25.4;6;AVERSES;5;33.8;0
Paris;48.85;2.35;30/09/2026;15:00;26.1;6;AVERSES;5;32.0;0
Paris;48.85;2.35;30/09/2026;16:00;25.4;6;AVERSES;5;28.4;0
Paris;48.85;2.35;30/09/2026;17:00;22.6;6;AVERSES;3;25.2;0
Paris;48.85;2.35;30/09/2026;18:00;22.6;6;AVERSES;3;22.0;0
Paris;48.85;2.35;30/09/2026;19:00;22.6;6;AVERSES;3;18.7;0
Paris;48.85;2.35;30/09/2026;20:00;22.5;6;AVERSES;5;17.3;0
Paris;48.85;2.35;30/09/2026;21:00;21.8;6;AVERSES;5;19.1;0
Paris;48.85;2.35;30/09/2026;22:00;21.0;6;AVERSES;5;22.3;0
Paris;48.85;2.35;30/09/2026;23:00;20.2;6;AVERSES;3;24.5;0
Paris;48.85;2.35;01/10/2026;00:00;20.2;6;AVERSES;3;23.7;0
Paris;48.85;2.35;01/10/2026;01:00;20.2;6;AVERSES;3;21.2;0
Paris;48.85;2.35;01/10/2026;02:00;16.5;6;AVERSES;5;19.3;0
Paris;48.85;2.35;01/10/2026;03:00;16.5;6;AVERSES;5;18.4;0
Paris;48.85;2.35;01/10/2026;04:00;16.5;6;AVERSES;5;18.7;0
Paris;48.85;2.35;01/10/2026;05:00;17.9;7;PLUIE FAIBLE;2;18.7;0
Paris;48.85;2.35;01/10/2026;06:00;17.9;7;PLUIE FAIBLE;2;18.4;0
Paris;48.85;2.35;01/10/2026;07:00;17.9;7;PLUIE FAIBLE;2;17.3;0
Paris;48.85;2.35;01/10/2026;08:00;17.4;6;AVERSES;5;16.9;0
Paris;48.85;2.35;01/10/2026;09:00;17.8;6;AVERSES;5;16.9;0
Paris;48.85;2.35;01/10/2026;10:00;18.3;6;AVERSES;5;16.9;0
Paris;48.85;2.35;01/10/2026;11:00;18.7;6;AVERSES;3;16.9;0
Paris;48.85;2.35;01/10/2026;12:00;18.7;6;AVERSES;3;16.2;0
Paris;48.85;2.35;01/10/2026;13:00;18.7;6;AVERSES;3;15.5;0
Paris;48.85;2.35;01/10/2026;14:00;20.1;6;AVERSES;5;16.2;0
Paris;48.85;2.35;01/10/2026;15:00;20.5;6;AVERSES;5;19.4;0
Paris;48.85;2.35;01/10/2026;16:00;20.1;6;AVERSES;5;24.5;0
Paris;48.85;2.35;01/10/2026;17:00;18.6;2;NUAGEUX;2;27.4;0
Paris;48.85;2.35;01/10/2026;18:00;18.6;2;NUAGEUX;2;27.0;0
Paris;48.85;2.35;01/10/2026;19:00;18.6;2;NUAGEUX;2;24.5;0
Paris;48.85;2.35;01/10/2026;20:00;18.3;6;AVERSES;5;23.0;0
Paris;48.85;2.35;01/10/2026;21:00;17.8;6;AVERSES;5;23.4;0
Paris;48.85;2.35;01/10/2026;22:00;17.4;6;AVERSES;5;24.5;0
Paris;48.85;2.35;01/10/2026;23:00;16.6;0;SOLEIL;2;24.1;0
Chelles;48.88;2.59;27/09/2026;00:00;14.7;0;SOLEIL;2;13.0;0
Chelles;48.88;2.59;27/09/2026;01:00;14;0;SOLEIL;2;9.4;0
Chelles;48.88;2.59;27/09/2026;02:00;13.6;0;SOLEIL;2;8.6;0
Chelles;48.88;2.59;27/09/2026;03:00;12.9;0;SOLEIL;1;7.9;0
Chelles;48.88;2.59;27/09/2026;04:00;13;0;SOLEIL;1;6.5;0
Chelles;48.88;2.59;27/09/2026;05:00;12.4;0;SOLEIL;1;5.4;0
Chelles;48.88;2.59;27/09/2026;06:00;12.4;0;SOLEIL;1;5.0;0
Chelles;48.88;2.59;27/09/2026;07:00;15.7;0;SOLEIL;1;5.8;0
Chelles;48.88;2.59;27/09/2026;08:00;18.5;0;SOLEIL;1;6.1;0
Chelles;48.88;2.59;27/09/2026;09:00;21.1;0;SOLEIL;2;6.1;0
Chelles;48.88;2.59;27/09/2026;10:00;25;5;SOLEIL VOILÉ;3;6.5;0
Chelles;48.88;2.59;27/09/2026;11:00;26.6;5;SOLEIL VOILÉ;3;12.2;0
Chelles;48.88;2.59;27/09/2026;12:00;27.1;5;SOLEIL VOILÉ;4;18.0;0
Chelles;48.88;2.59;27/09/2026;13:00;27.9;5;SOLEIL VOILÉ;4;23.4;0
Chelles;48.88;2.59;27/09/2026;14:00;28.2;2;NUAGEUX;5;27.0;0
Chelles;48.88;2.59;27/09/2026;15:00;28.4;2;NUAGEUX;4;26.3;0
Chelles;48.88;2.59;27/09/2026;16:00;27.6;2;NUAGEUX;4;25.6;0
Chelles;48.88;2.59;27/09/2026;17:00;26.4;2;NUAGEUX;4;23.4;0
Chelles;48.88;2.59;27/09/2026;18:00;24.6;2;NUAGEUX;3;23.8;0
Chelles;48.88;2.59;27/09/2026;19:00;22.4;5;SOLEIL VOILÉ;2;16.9;0
Chelles;48.88;2.59;27/09/2026;20:00;21.1;5;SOLEIL VOILÉ;2;8.3;0
Chelles;48.88;2.59;27/09/2026;21:00;19.9;2;NUAGEUX;2;7.9;0
Chelles;48.88;2.59;27/09/2026;22:00;19.1;5;SOLEIL VOILÉ;2;7.2;0
Chelles;48.88;2.59;27/09/2026;23:00;18.6;2;NUAGEUX;2;5.0;0
Chelles;48.88;2.59;28/09/2026;00:00;18.1;2;NUAGEUX;1;2.2;0
Chelles;48.88;2.59;28/09/2026;01:00;18.1;2;NUAGEUX;1;19.4;0
Chelles;48.88;2.59;28/09/2026;02:00;17;2;NUAGEUX;2;16.9;0
Chelles;48.88;2.59;28/09/2026;03:00;17;2;NUAGEUX;2;23.4;0
Chelles;48.88;2.59;28/09/2026;04:00;17;2;NUAGEUX;2;11.9;0
Chelles;48.88;2.59;28/09/2026;05:00;17.1;2;NUAGEUX;1;5.4;0
Chelles;48.88;2.59;28/09/2026;06:00;17.1;2;NUAGEUX;1;20.5;0
Chelles;48.88;2.59;28/09/2026;07:00;17.1;2;NUAGEUX;1;18.7;0
Chelles;48.88;2.59;28/09/2026;08:00;22;2;NUAGEUX;2;18.0;0
Chelles;48.88;2.59;28/09/2026;09:00;22;2;NUAGEUX;2;9.4;0
Chelles;48.88;2.59;28/09/2026;10:00;22;2;NUAGEUX;2;11.9;0
Chelles;48.88;2.59;28/09/2026;11:00;24.7;2;NUAGEUX;2;11.5;0
Chelles;48.88;2.59;28/09/2026;12:00;24.7;2;NUAGEUX;2;25.9;0
Chelles;48.88;2.59;28/09/2026;13:00;24.7;2;NUAGEUX;2;15.8;0
Chelles;48.88;2.59;28/09/2026;14:00;25.5;5;SOLEIL VOILÉ;3;16.6;0
Chelles;48.88;2.59;28/09/2026;15:00;25.5;5;SOLEIL VOILÉ;3;17.3;0
Chelles;48.88;2.59;28/09/2026;16:00;25.5;5;SOLEIL VOILÉ;3;22.7;0
Chelles;48.88;2.59;28/09/2026;17:00;21.9;5;SOLEIL VOILÉ;3;22.0;0
Chelles;48.88;2.59;28/09/2026;18:00;21.9;5;SOLEIL VOILÉ;3;23.4;0
Chelles;48.88;2.59;28/09/2026;19:00;21.9;5;SOLEIL VOILÉ;3;21.2;0
Chelles;48.88;2.59;28/09/2026;20:00;18.6;5;SOLEIL VOILÉ;3;11.9;0
Chelles;48.88;2.59;28/09/2026;21:00;18.6;5;SOLEIL VOILÉ;3;8.3;0
Chelles;48.88;2.59;28/09/2026;22:00;18.6;5;SOLEIL VOILÉ;3;8.6;0
Chelles;48.88;2.59;28/09/2026;23:00;17.4;5;SOLEIL VOILÉ;3;8.6;0
Chelles;48.88;2.59;29/09/2026;00:00;17.4;5;SOLEIL VOILÉ;3;7.2;0
Chelles;48.88;2.59;29/09/2026;01:00;17.4;5;SOLEIL VOILÉ;3;7.9;0
Chelles;48.88;2.59;29/09/2026;02:00;15.6;5;SOLEIL VOILÉ;2;9.7;0
Chelles;48.88;2.59;29/09/2026;03:00;15.6;5;SOLEIL VOILÉ;2;9.0;0
Chelles;48.88;2.59;29/09/2026;04:00;15.6;5;SOLEIL VOILÉ;2;9.7;0
Chelles;48.88;2.59;29/09/2026;05:00;15.2;0;SOLEIL;2;11.9;0
Chelles;48.88;2.59;29/09/2026;06:00;15.2;0;SOLEIL;2;13.7;0
Chelles;48.88;2.59;29/09/2026;07:00;15.2;0;SOLEIL;2;16.9;0
Chelles;48.88;2.59;29/09/2026;08:00;23.1;0;SOLEIL;3;16.9;0
Chelles;48.88;2.59;29/09/2026;09:00;23.1;0;SOLEIL;3;19.1;0
Chelles;48.88;2.59;29/09/2026;10:00;23.1;0;SOLEIL;3;21.6;0
Chelles;48.88;2.59;29/09/2026;11:00;28.7;0;SOLEIL;3;23.4;0
Chelles;48.88;2.59;29/09/2026;12:00;28.7;0;SOLEIL;3;24.1;0
Chelles;48.88;2.59;29/09/2026;13:00;28.7;0;SOLEIL;3;24.1;0
Chelles;48.88;2.59;29/09/2026;14:00;29.1;0;SOLEIL;4;24.8;0
Chelles;48.88;2.59;29/09/2026;15:00;29.1;0;SOLEIL;4;27.0;0
Chelles;48.88;2.59;29/09/2026;16:00;29.1;0;SOLEIL;4;29.5;0
Chelles;48.88;2.59;29/09/2026;17:00;26;0;SOLEIL;3;30.6;0
Chelles;48.88;2.59;29/09/2026;18:00;26;0;SOLEIL;3;28.8;0
Chelles;48.88;2.59;29/09/2026;19:00;26;0;SOLEIL;3;25.6;0
Chelles;48.88;2.59;29/09/2026;20:00;21.4;0;SOLEIL;5;22.3;0
Chelles;48.88;2.59;29/09/2026;21:00;19.6;0;SOLEIL;5;19.4;0
Chelles;48.88;2.59;29/09/2026;22:00;17.9;0;SOLEIL;5;16.2;0
Chelles;48.88;2.59;29/09/2026;23:00;19.7;2;NUAGEUX;3;15.1;0
Chelles;48.88;2.59;30/09/2026;00:00;19.7;2;NUAGEUX;3;17.3;0
Chelles;48.88;2.59;30/09/2026;01:00;19.7;2;NUAGEUX;3;20.9;0
Chelles;48.88;2.59;30/09/2026;02:00;18.2;6;AVERSES;5;23.4;0
Chelles;48.88;2.59;30/09/2026;03:00;18.2;6;AVERSES;5;23.4;0
Chelles;48.88;2.59;30/09/2026;04:00;18.2;6;AVERSES;5;22.3;0
Chelles;48.88;2.59;30/09/2026;05:00;19.6;2;NUAGEUX;3;21.2;0
Chelles;48.88;2.59;30/09/2026;06:00;19.6;2;NUAGEUX;3;20.5;0
Chelles;48.88;2.59;30/09/2026;07:00;19.6;2;NUAGEUX;3;19.8;0
Chelles;48.88;2.59;30/09/2026;08:00;20.1;6;AVERSES;5;20.5;0
Chelles;48.88;2.59;30/09/2026;09:00;21.1;6;AVERSES;5;23.8;0
Chelles;48.88;2.59;30/09/2026;10:00;22.1;6;AVERSES;5;28.4;0
Chelles;48.88;2.59;30/09/2026;11:00;24.6;2;NUAGEUX;4;32.0;0
Chelles;48.88;2.59;30/09/2026;12:00;24.6;2;NUAGEUX;4;33.8;0
Chelles;48.88;2.59;30/09/2026;13:00;24.6;2;NUAGEUX;4;34.2;0
Chelles;48.88;2.59;30/09/2026;14:00;25.9;6;AVERSES;5;33.8;0
Chelles;48.88;2.59;30/09/2026;15:00;26.9;6;AVERSES;5;32.0;0
Chelles;48.88;2.59;30/09/2026;16:00;25.9;6;AVERSES;5;29.5;0
Chelles;48.88;2.59;30/09/2026;17:00;22.6;6;AVERSES;2;26.6;0
Chelles;48.88;2.59;30/09/2026;18:00;22.6;6;AVERSES;2;23.8;0
Chelles;48.88;2.59;30/09/2026;19:00;22.6;6;AVERSES;2;20.9;0
Chelles;48.88;2.59;30/09/2026;20:00;22.1;6;AVERSES;5;19.8;0
Chelles;48.88;2.59;30/09/2026;21:00;21.1;6;AVERSES;5;21.6;0
Chelles;48.88;2.59;30/09/2026;22:00;20.1;6;AVERSES;5;24.8;0
Chelles;48.88;2.59;30/09/2026;23:00;18.6;6;AVERSES;2;27.0;0
Chelles;48.88;2.59;01/10/2026;00:00;18.6;6;AVERSES;2;26.8;0
Chelles;48.88;2.59;01/10/2026;01:00;18.6;6;AVERSES;2;25.7;0
Chelles;48.88;2.59;01/10/2026;02:00;15;7;PLUIE FAIBLE;5;24.8;0
Chelles;48.88;2.59;01/10/2026;03:00;15;7;PLUIE FAIBLE;5;24.5;0
Chelles;48.88;2.59;01/10/2026;04:00;15;7;PLUIE FAIBLE;5;24.1;0
Chelles;48.88;2.59;01/10/2026;05:00;16.4;7;PLUIE FAIBLE;2;23.4;0
Chelles;48.88;2.59;01/10/2026;06:00;16.4;7;PLUIE FAIBLE;2;21.2;0
Chelles;48.88;2.59;01/10/2026;07:00;16.4;7;PLUIE FAIBLE;2;18.4;0
Chelles;48.88;2.59;01/10/2026;08:00;16.3;7;PLUIE FAIBLE;5;16.6;0
Chelles;48.88;2.59;01/10/2026;09:00;17.0;7;PLUIE FAIBLE;5;16.6;0
Chelles;48.88;2.59;01/10/2026;10:00;17.6;7;PLUIE FAIBLE;5;17.3;0
Chelles;48.88;2.59;01/10/2026;11:00;19.6;7;PLUIE FAIBLE;3;18.0;0
Chelles;48.88;2.59;01/10/2026;12:00;19.6;7;PLUIE FAIBLE;3;18.0;0
Chelles;48.88;2.59;01/10/2026;13:00;19.6;7;PLUIE FAIBLE;3;18.0;0
Chelles;48.88;2.59;01/10/2026;14:00;20.2;7;PLUIE FAIBLE;5;18.4;0
Chelles;48.88;2.59;01/10/2026;15:00;20.9;7;PLUIE FAIBLE;5;19.4;0
Chelles;48.88;2.59;01/10/2026;16:00;20.2;7;PLUIE FAIBLE;5;20.5;0
Chelles;48.88;2.59;01/10/2026;17:00;17.2;2;NUAGEUX;2;21.6;0
Chelles;48.88;2.59;01/10/2026;18:00;17.2;2;NUAGEUX;2;22.0;0
Chelles;48.88;2.59;01/10/2026;19:00;17.2;2;NUAGEUX;2;22.3;0
Chelles;48.88;2.59;01/10/2026;20:00;17.6;7;PLUIE FAIBLE;5;22.3;0
Chelles;48.88;2.59;01/10/2026;21:00;17.0;7;PLUIE FAIBLE;5;23.0;0
Chelles;48.88;2.59;01/10/2026;22:00;16.3;7;PLUIE FAIBLE;5;23.4;0
Chelles;48.88;2.59;01/10/2026;23:00;12.7;0;SOLEIL;2;23.0;0
Coulommiers;48.81;3.08;27/09/2026;00:00;13.9;0;SOLEIL;2;14.0;0
Coulommiers;48.81;3.08;27/09/2026;01:00;13.4;0;SOLEIL;2;11.9;0
Coulommiers;48.81;3.08;27/09/2026;02:00;13.1;0;SOLEIL;2;8.6;0
Coulommiers;48.81;3.08;27/09/2026;03:00;12.9;0;SOLEIL;2;7.2;0
Coulommiers;48.81;3.08;27/09/2026;04:00;12.2;0;SOLEIL;2;5.8;0
Coulommiers;48.81;3.08;27/09/2026;05:00;12.5;0;SOLEIL;2;6.1;0
Coulommiers;48.81;3.08;27/09/2026;06:00;13.2;0;SOLEIL;2;5.8;0
Coulommiers;48.81;3.08;27/09/2026;07:00;14.8;0;SOLEIL;2;5.8;0
Coulommiers;48.81;3.08;27/09/2026;08:00;17.2;0;SOLEIL;2;5.8;0
Coulommiers;48.81;3.08;27/09/2026;09:00;21.1;0;SOLEIL;2;5.4;0
Coulommiers;48.81;3.08;27/09/2026;10:00;24.1;0;SOLEIL;3;5.8;0
Coulommiers;48.81;3.08;27/09/2026;11:00;26;5;SOLEIL VOILÉ;4;11.5;0
Coulommiers;48.81;3.08;27/09/2026;12:00;26.6;5;SOLEIL VOILÉ;4;20.5;0
Coulommiers;48.81;3.08;27/09/2026;13:00;27.5;5;SOLEIL VOILÉ;4;25.9;0
Coulommiers;48.81;3.08;27/09/2026;14:00;28.2;2;NUAGEUX;4;29.2;0
Coulommiers;48.81;3.08;27/09/2026;15:00;27.9;2;NUAGEUX;4;29.2;0
Coulommiers;48.81;3.08;27/09/2026;16:00;27.1;2;NUAGEUX;4;27.7;0
Coulommiers;48.81;3.08;27/09/2026;17:00;25.9;2;NUAGEUX;3;25.2;0
Coulommiers;48.81;3.08;27/09/2026;18:00;24.1;2;NUAGEUX;2;23.4;0
Coulommiers;48.81;3.08;27/09/2026;19:00;22.4;5;SOLEIL VOILÉ;2;19.1;0
Coulommiers;48.81;3.08;27/09/2026;20:00;20.9;5;SOLEIL VOILÉ;3;14.8;0
Coulommiers;48.81;3.08;27/09/2026;21:00;19.6;5;SOLEIL VOILÉ;2;10.1;0
Coulommiers;48.81;3.08;27/09/2026;22:00;18.9;5;SOLEIL VOILÉ;1;7.9;0
Coulommiers;48.81;3.08;27/09/2026;23:00;18.1;2;NUAGEUX;1;7.2;0
Coulommiers;48.81;3.08;28/09/2026;00:00;17.2;2;NUAGEUX;2;4.3;0
Coulommiers;48.81;3.08;28/09/2026;01:00;17.2;2;NUAGEUX;2;1.4;0
Coulommiers;48.81;3.08;28/09/2026;02:00;16.1;2;NUAGEUX;1;1.8;0
Coulommiers;48.81;3.08;28/09/2026;03:00;16.1;2;NUAGEUX;1;16.4;0
Coulommiers;48.81;3.08;28/09/2026;04:00;16.1;2;NUAGEUX;1;9.4;0
Coulommiers;48.81;3.08;28/09/2026;05:00;15.9;2;NUAGEUX;1;7.0;0
Coulommiers;48.81;3.08;28/09/2026;06:00;15.9;2;NUAGEUX;1;16.9;0
Coulommiers;48.81;3.08;28/09/2026;07:00;15.9;2;NUAGEUX;1;15.1;0
Coulommiers;48.81;3.08;28/09/2026;08:00;20.6;2;NUAGEUX;2;14.4;0
Coulommiers;48.81;3.08;28/09/2026;09:00;20.6;2;NUAGEUX;2;13.3;0
Coulommiers;48.81;3.08;28/09/2026;10:00;20.6;2;NUAGEUX;2;8.6;0
Coulommiers;48.81;3.08;28/09/2026;11:00;24.7;2;NUAGEUX;2;22.0;0
Coulommiers;48.81;3.08;28/09/2026;12:00;24.7;2;NUAGEUX;2;23.4;0
Coulommiers;48.81;3.08;28/09/2026;13:00;24.7;2;NUAGEUX;2;29.2;0
Coulommiers;48.81;3.08;28/09/2026;14:00;24.9;5;SOLEIL VOILÉ;4;19.8;0
Coulommiers;48.81;3.08;28/09/2026;15:00;24.9;5;SOLEIL VOILÉ;4;15.8;0
Coulommiers;48.81;3.08;28/09/2026;16:00;24.9;5;SOLEIL VOILÉ;4;17.3;0
Coulommiers;48.81;3.08;28/09/2026;17:00;21;5;SOLEIL VOILÉ;3;15.8;0
Coulommiers;48.81;3.08;28/09/2026;18:00;21;5;SOLEIL VOILÉ;3;22.7;0
Coulommiers;48.81;3.08;28/09/2026;19:00;21;5;SOLEIL VOILÉ;3;23.4;0
Coulommiers;48.81;3.08;28/09/2026;20:00;18.1;5;SOLEIL VOILÉ;3;20.2;0
Coulommiers;48.81;3.08;28/09/2026;21:00;18.1;5;SOLEIL VOILÉ;3;18.0;0
Coulommiers;48.81;3.08;28/09/2026;22:00;18.1;5;SOLEIL VOILÉ;3;13.7;0
Coulommiers;48.81;3.08;28/09/2026;23:00;16.6;5;SOLEIL VOILÉ;3;16.9;0
Coulommiers;48.81;3.08;29/09/2026;00:00;16.6;5;SOLEIL VOILÉ;3;16.9;0
Coulommiers;48.81;3.08;29/09/2026;01:00;16.6;5;SOLEIL VOILÉ;3;17.3;0
Coulommiers;48.81;3.08;29/09/2026;02:00;15.2;5;SOLEIL VOILÉ;3;16.2;0
Coulommiers;48.81;3.08;29/09/2026;03:00;15.2;5;SOLEIL VOILÉ;3;14.4;0
Coulommiers;48.81;3.08;29/09/2026;04:00;15.2;5;SOLEIL VOILÉ;3;12.6;0
Coulommiers;48.81;3.08;29/09/2026;05:00;15.2;5;SOLEIL VOILÉ;3;11.5;0
Coulommiers;48.81;3.08;29/09/2026;06:00;15.2;5;SOLEIL VOILÉ;3;12.6;0
Coulommiers;48.81;3.08;29/09/2026;07:00;15.2;5;SOLEIL VOILÉ;3;13.7;0
Coulommiers;48.81;3.08;29/09/2026;08:00;22.6;0;SOLEIL;3;13.3;0
Coulommiers;48.81;3.08;29/09/2026;09:00;22.6;0;SOLEIL;3;18.7;0
Coulommiers;48.81;3.08;29/09/2026;10:00;22.6;0;SOLEIL;3;25.6;0
Coulommiers;48.81;3.08;29/09/2026;11:00;27.6;0;SOLEIL;3;30.6;0
Coulommiers;48.81;3.08;29/09/2026;12:00;27.6;0;SOLEIL;3;31.3;0
Coulommiers;48.81;3.08;29/09/2026;13:00;27.6;0;SOLEIL;3;29.5;0
Coulommiers;48.81;3.08;29/09/2026;14:00;28.5;0;SOLEIL;4;28.4;0
Coulommiers;48.81;3.08;29/09/2026;15:00;28.5;0;SOLEIL;4;29.2;0
Coulommiers;48.81;3.08;29/09/2026;16:00;28.5;0;SOLEIL;4;30.2;0
Coulommiers;48.81;3.08;29/09/2026;17:00;24.5;0;SOLEIL;3;30.2;0
Coulommiers;48.81;3.08;29/09/2026;18:00;24.5;0;SOLEIL;3;28.1;0
Coulommiers;48.81;3.08;29/09/2026;19:00;24.5;0;SOLEIL;3;24.8;0
Coulommiers;48.81;3.08;29/09/2026;20:00;20.9;0;SOLEIL;5;22.7;0
Coulommiers;48.81;3.08;29/09/2026;21:00;19.3;0;SOLEIL;5;23.0;0
Coulommiers;48.81;3.08;29/09/2026;22:00;17.7;0;SOLEIL;5;24.1;0
Coulommiers;48.81;3.08;29/09/2026;23:00;19.1;2;NUAGEUX;4;24.5;0
Coulommiers;48.81;3.08;30/09/2026;00:00;19.1;2;NUAGEUX;4;22.7;0
Coulommiers;48.81;3.08;30/09/2026;01:00;19.1;2;NUAGEUX;4;20.2;0
Coulommiers;48.81;3.08;30/09/2026;02:00;17.1;6;AVERSES;5;18.7;0
Coulommiers;48.81;3.08;30/09/2026;03:00;17.1;6;AVERSES;5;19.8;0
Coulommiers;48.81;3.08;30/09/2026;04:00;17.1;6;AVERSES;5;22.0;0
Coulommiers;48.81;3.08;30/09/2026;05:00;17.9;2;NUAGEUX;4;23.4;0
Coulommiers;48.81;3.08;30/09/2026;06:00;17.9;2;NUAGEUX;4;22.0;0
Coulommiers;48.81;3.08;30/09/2026;07:00;17.9;2;NUAGEUX;4;19.8;0
Coulommiers;48.81;3.08;30/09/2026;08:00;19.3;6;AVERSES;5;19.8;0
Coulommiers;48.81;3.08;30/09/2026;09:00;20.4;6;AVERSES;5;24.1;0
Coulommiers;48.81;3.08;30/09/2026;10:00;21.5;6;AVERSES;5;30.2;0
Coulommiers;48.81;3.08;30/09/2026;11:00;24.9;2;NUAGEUX;4;34.6;0
Coulommiers;48.81;3.08;30/09/2026;12:00;24.9;2;NUAGEUX;4;35.3;0
Coulommiers;48.81;3.08;30/09/2026;13:00;24.9;2;NUAGEUX;4;34.2;0
Coulommiers;48.81;3.08;30/09/2026;14:00;25.8;6;AVERSES;5;32.8;0
Coulommiers;48.81;3.08;30/09/2026;15:00;26.9;6;AVERSES;5;32.0;0
Coulommiers;48.81;3.08;30/09/2026;16:00;25.8;6;AVERSES;5;30.6;0
Coulommiers;48.81;3.08;30/09/2026;17:00;22.1;6;AVERSES;2;28.4;0
Coulommiers;48.81;3.08;30/09/2026;18:00;22.1;6;AVERSES;2;23.4;0
Coulommiers;48.81;3.08;30/09/2026;19:00;22.1;6;AVERSES;2;17.6;0
Coulommiers;48.81;3.08;30/09/2026;20:00;21.5;6;AVERSES;5;14.0;0
Coulommiers;48.81;3.08;30/09/2026;21:00;20.4;6;AVERSES;5;15.8;0
Coulommiers;48.81;3.08;30/09/2026;22:00;19.3;6;AVERSES;5;19.8;0
Coulommiers;48.81;3.08;30/09/2026;23:00;18.1;6;AVERSES;2;23.0;0
Coulommiers;48.81;3.08;01/10/2026;00:00;18.1;6;AVERSES;2;23.2;0
Coulommiers;48.81;3.08;01/10/2026;01:00;18.1;6;AVERSES;2;22.5;0
Coulommiers;48.81;3.08;01/10/2026;02:00;15;7;PLUIE FAIBLE;5;21.7;0
Coulommiers;48.81;3.08;01/10/2026;03:00;15;7;PLUIE FAIBLE;5;21.2;0
Coulommiers;48.81;3.08;01/10/2026;04:00;15;7;PLUIE FAIBLE;5;20.5;0
Coulommiers;48.81;3.08;01/10/2026;05:00;16.1;7;PLUIE FAIBLE;2;20.2;0
Coulommiers;48.81;3.08;01/10/2026;06:00;16.1;7;PLUIE FAIBLE;2;20.5;0
Coulommiers;48.81;3.08;01/10/2026;07:00;16.1;7;PLUIE FAIBLE;2;20.9;0
Coulommiers;48.81;3.08;01/10/2026;08:00;16.2;7;PLUIE FAIBLE;5;21.2;0
Coulommiers;48.81;3.08;01/10/2026;09:00;16.7;7;PLUIE FAIBLE;5;21.6;0
Coulommiers;48.81;3.08;01/10/2026;10:00;17.3;7;PLUIE FAIBLE;5;21.6;0
Coulommiers;48.81;3.08;01/10/2026;11:00;19.1;7;PLUIE FAIBLE;3;22.0;0
Coulommiers;48.81;3.08;01/10/2026;12:00;19.1;7;PLUIE FAIBLE;3;22.7;0
Coulommiers;48.81;3.08;01/10/2026;13:00;19.1;7;PLUIE FAIBLE;3;23.8;0
Coulommiers;48.81;3.08;01/10/2026;14:00;19.6;7;PLUIE FAIBLE;5;24.1;0
Coulommiers;48.81;3.08;01/10/2026;15:00;20.2;7;PLUIE FAIBLE;5;23.8;0
Coulommiers;48.81;3.08;01/10/2026;16:00;19.6;7;PLUIE FAIBLE;5;23.0;0
Coulommiers;48.81;3.08;01/10/2026;17:00;16.7;6;AVERSES;2;21.6;0
Coulommiers;48.81;3.08;01/10/2026;18:00;16.7;6;AVERSES;2;18.4;0
Coulommiers;48.81;3.08;01/10/2026;19:00;16.7;6;AVERSES;2;14.0;0
Coulommiers;48.81;3.08;01/10/2026;20:00;17.3;7;PLUIE FAIBLE;5;11.9;0
Coulommiers;48.81;3.08;01/10/2026;21:00;16.7;7;PLUIE FAIBLE;5;13.0;0
Coulommiers;48.81;3.08;01/10/2026;22:00;16.2;7;PLUIE FAIBLE;5;16.2;0
Coulommiers;48.81;3.08;01/10/2026;23:00;13.6;0;SOLEIL;2;18.0;0
Fontainebleau;48.41;2.7;27/09/2026;00:00;10.2;0;SOLEIL;2;11.5;0
Fontainebleau;48.41;2.7;27/09/2026;01:00;9.1;0;SOLEIL;0;8.3;0
Fontainebleau;48.41;2.7;27/09/2026;02:00;9.1;0;SOLEIL;0;6.8;0
Fontainebleau;48.41;2.7;27/09/2026;03:00;9.6;0;SOLEIL;0;5.8;0
Fontainebleau;48.41;2.7;27/09/2026;04:00;8.6;0;SOLEIL;0;2.9;0
Fontainebleau;48.41;2.7;27/09/2026;05:00;7;0;SOLEIL;0;2.9;0
Fontainebleau;48.41;2.7;27/09/2026;06:00;8.5;0;SOLEIL;0;3.6;0
Fontainebleau;48.41;2.7;27/09/2026;07:00;11.6;0;SOLEIL;1;4.0;0
Fontainebleau;48.41;2.7;27/09/2026;08:00;17.6;2;NUAGEUX;1;4.0;0
Fontainebleau;48.41;2.7;27/09/2026;09:00;21.1;0;SOLEIL;2;2.9;0
Fontainebleau;48.41;2.7;27/09/2026;10:00;24.4;5;SOLEIL VOILÉ;2;4.0;0
Fontainebleau;48.41;2.7;27/09/2026;11:00;26;5;SOLEIL VOILÉ;3;12.6;0
Fontainebleau;48.41;2.7;27/09/2026;12:00;27.1;5;SOLEIL VOILÉ;3;18.4;0
Fontainebleau;48.41;2.7;27/09/2026;13:00;27.4;2;NUAGEUX;4;22.0;0
Fontainebleau;48.41;2.7;27/09/2026;14:00;28;2;NUAGEUX;3;22.0;0
Fontainebleau;48.41;2.7;27/09/2026;15:00;27.7;2;NUAGEUX;3;23.8;0
Fontainebleau;48.41;2.7;27/09/2026;16:00;26.6;2;NUAGEUX;3;23.8;0
Fontainebleau;48.41;2.7;27/09/2026;17:00;24.4;2;NUAGEUX;2;23.4;0
Fontainebleau;48.41;2.7;27/09/2026;18:00;21.6;2;NUAGEUX;2;23.0;0
Fontainebleau;48.41;2.7;27/09/2026;19:00;19.5;5;SOLEIL VOILÉ;2;19.8;0
Fontainebleau;48.41;2.7;27/09/2026;20:00;17.9;5;SOLEIL VOILÉ;1;10.1;0
Fontainebleau;48.41;2.7;27/09/2026;21:00;16.9;2;NUAGEUX;2;5.8;0
Fontainebleau;48.41;2.7;27/09/2026;22:00;15.9;2;NUAGEUX;2;4.0;0
Fontainebleau;48.41;2.7;27/09/2026;23:00;15.1;2;NUAGEUX;1;2.9;0
Fontainebleau;48.41;2.7;28/09/2026;00:00;14.4;2;NUAGEUX;1;2.9;0
Fontainebleau;48.41;2.7;28/09/2026;01:00;14.4;2;NUAGEUX;1;3.2;0
Fontainebleau;48.41;2.7;28/09/2026;02:00;13.9;2;NUAGEUX;1;6.1;0
Fontainebleau;48.41;2.7;28/09/2026;03:00;13.9;2;NUAGEUX;1;5.9;0
Fontainebleau;48.41;2.7;28/09/2026;04:00;13.9;2;NUAGEUX;1;6.8;0
Fontainebleau;48.41;2.7;28/09/2026;05:00;13.7;2;NUAGEUX;1;6.0;0
Fontainebleau;48.41;2.7;28/09/2026;06:00;13.7;2;NUAGEUX;1;12.2;0
Fontainebleau;48.41;2.7;28/09/2026;07:00;13.7;2;NUAGEUX;1;9.7;0
Fontainebleau;48.41;2.7;28/09/2026;08:00;21.9;2;NUAGEUX;2;9.7;0
Fontainebleau;48.41;2.7;28/09/2026;09:00;21.9;2;NUAGEUX;2;6.8;0
Fontainebleau;48.41;2.7;28/09/2026;10:00;21.9;2;NUAGEUX;2;13.7;0
Fontainebleau;48.41;2.7;28/09/2026;11:00;24.2;2;NUAGEUX;2;20.9;0
Fontainebleau;48.41;2.7;28/09/2026;12:00;24.2;2;NUAGEUX;2;21.2;0
Fontainebleau;48.41;2.7;28/09/2026;13:00;24.2;2;NUAGEUX;2;21.2;0
Fontainebleau;48.41;2.7;28/09/2026;14:00;25.2;5;SOLEIL VOILÉ;2;11.2;0
Fontainebleau;48.41;2.7;28/09/2026;15:00;25.2;5;SOLEIL VOILÉ;2;15.8;0
Fontainebleau;48.41;2.7;28/09/2026;16:00;25.2;5;SOLEIL VOILÉ;2;17.6;0
Fontainebleau;48.41;2.7;28/09/2026;17:00;21.7;5;SOLEIL VOILÉ;2;22.3;0
Fontainebleau;48.41;2.7;28/09/2026;18:00;21.7;5;SOLEIL VOILÉ;2;22.7;0
Fontainebleau;48.41;2.7;28/09/2026;19:00;21.7;5;SOLEIL VOILÉ;2;19.8;0
Fontainebleau;48.41;2.7;28/09/2026;20:00;17.5;5;SOLEIL VOILÉ;2;13.0;0
Fontainebleau;48.41;2.7;28/09/2026;21:00;17.5;5;SOLEIL VOILÉ;2;8.6;0
Fontainebleau;48.41;2.7;28/09/2026;22:00;17.5;5;SOLEIL VOILÉ;2;8.3;0
Fontainebleau;48.41;2.7;28/09/2026;23:00;14.6;5;SOLEIL VOILÉ;3;8.6;0
Fontainebleau;48.41;2.7;29/09/2026;00:00;14.6;5;SOLEIL VOILÉ;3;6.5;0
Fontainebleau;48.41;2.7;29/09/2026;01:00;14.6;5;SOLEIL VOILÉ;3;9.4;0
Fontainebleau;48.41;2.7;29/09/2026;02:00;12.4;5;SOLEIL VOILÉ;3;10.1;0
Fontainebleau;48.41;2.7;29/09/2026;03:00;12.4;5;SOLEIL VOILÉ;3;12.6;0
Fontainebleau;48.41;2.7;29/09/2026;04:00;12.4;5;SOLEIL VOILÉ;3;14.8;0
Fontainebleau;48.41;2.7;29/09/2026;05:00;11.4;0;SOLEIL;2;14.8;0
Fontainebleau;48.41;2.7;29/09/2026;06:00;11.4;0;SOLEIL;2;15.1;0
Fontainebleau;48.41;2.7;29/09/2026;07:00;11.4;0;SOLEIL;2;15.1;0
Fontainebleau;48.41;2.7;29/09/2026;08:00;23.4;0;SOLEIL;3;13.0;0
Fontainebleau;48.41;2.7;29/09/2026;09:00;23.4;0;SOLEIL;3;16.9;0
Fontainebleau;48.41;2.7;29/09/2026;10:00;23.4;0;SOLEIL;3;23.0;0
Fontainebleau;48.41;2.7;29/09/2026;11:00;28.4;0;SOLEIL;3;27.0;0
Fontainebleau;48.41;2.7;29/09/2026;12:00;28.4;0;SOLEIL;3;27.0;0
Fontainebleau;48.41;2.7;29/09/2026;13:00;28.4;0;SOLEIL;3;25.6;0
Fontainebleau;48.41;2.7;29/09/2026;14:00;29.7;0;SOLEIL;3;24.8;0
Fontainebleau;48.41;2.7;29/09/2026;15:00;29.7;0;SOLEIL;3;27.4;0
Fontainebleau;48.41;2.7;29/09/2026;16:00;29.7;0;SOLEIL;3;31.3;0
Fontainebleau;48.41;2.7;29/09/2026;17:00;23.5;0;SOLEIL;3;32.4;0
Fontainebleau;48.41;2.7;29/09/2026;18:00;23.5;0;SOLEIL;3;28.4;0
Fontainebleau;48.41;2.7;29/09/2026;19:00;23.5;0;SOLEIL;3;21.6;0
Fontainebleau;48.41;2.7;29/09/2026;20:00;19.1;0;SOLEIL;5;17.3;0
Fontainebleau;48.41;2.7;29/09/2026;21:00;16.9;0;SOLEIL;5;17.6;0
Fontainebleau;48.41;2.7;29/09/2026;22:00;14.6;0;SOLEIL;5;20.2;0
Fontainebleau;48.41;2.7;29/09/2026;23:00;16.9;2;NUAGEUX;3;22.0;0
Fontainebleau;48.41;2.7;30/09/2026;00:00;16.9;2;NUAGEUX;3;22.0;0
Fontainebleau;48.41;2.7;30/09/2026;01:00;16.9;2;NUAGEUX;3;21.2;0
Fontainebleau;48.41;2.7;30/09/2026;02:00;15.9;6;AVERSES;5;20.5;0
Fontainebleau;48.41;2.7;30/09/2026;03:00;15.9;6;AVERSES;5;20.5;0
Fontainebleau;48.41;2.7;30/09/2026;04:00;15.9;6;AVERSES;5;20.5;0
Fontainebleau;48.41;2.7;30/09/2026;05:00;17.1;2;NUAGEUX;3;20.2;0
Fontainebleau;48.41;2.7;30/09/2026;06:00;17.1;2;NUAGEUX;3;19.1;0
Fontainebleau;48.41;2.7;30/09/2026;07:00;17.1;2;NUAGEUX;3;18.0;0
Fontainebleau;48.41;2.7;30/09/2026;08:00;18.4;6;AVERSES;5;18.4;0
Fontainebleau;48.41;2.7;30/09/2026;09:00;19.6;6;AVERSES;5;22.3;0
Fontainebleau;48.41;2.7;30/09/2026;10:00;20.8;6;AVERSES;5;27.7;0
Fontainebleau;48.41;2.7;30/09/2026;11:00;25.1;2;NUAGEUX;4;32.0;0
Fontainebleau;48.41;2.7;30/09/2026;12:00;25.1;2;NUAGEUX;4;33.5;0
Fontainebleau;48.41;2.7;30/09/2026;13:00;25.1;2;NUAGEUX;4;33.5;0
Fontainebleau;48.41;2.7;30/09/2026;14:00;25.8;6;AVERSES;5;32.8;0
Fontainebleau;48.41;2.7;30/09/2026;15:00;27.0;6;AVERSES;5;31.0;0
Fontainebleau;48.41;2.7;30/09/2026;16:00;25.8;6;AVERSES;5;28.4;0
Fontainebleau;48.41;2.7;30/09/2026;17:00;22.1;6;AVERSES;3;26.6;0
Fontainebleau;48.41;2.7;30/09/2026;18:00;22.1;6;AVERSES;3;27.4;0
Fontainebleau;48.41;2.7;30/09/2026;19:00;22.1;6;AVERSES;3;28.8;0
Fontainebleau;48.41;2.7;30/09/2026;20:00;20.8;6;AVERSES;5;29.2;0
Fontainebleau;48.41;2.7;30/09/2026;21:00;19.6;6;AVERSES;5;27.4;0
Fontainebleau;48.41;2.7;30/09/2026;22:00;18.4;6;AVERSES;5;24.1;0
Fontainebleau;48.41;2.7;30/09/2026;23:00;17.2;6;AVERSES;2;21.6;0
Fontainebleau;48.41;2.7;01/10/2026;00:00;17.2;6;AVERSES;2;20.0;0
Fontainebleau;48.41;2.7;01/10/2026;01:00;17.2;6;AVERSES;2;19.3;0
Fontainebleau;48.41;2.7;01/10/2026;02:00;13.7;6;AVERSES;5;18.8;0
Fontainebleau;48.41;2.7;01/10/2026;03:00;13.7;6;AVERSES;5;19.1;0
Fontainebleau;48.41;2.7;01/10/2026;04:00;13.7;6;AVERSES;5;19.8;0
Fontainebleau;48.41;2.7;01/10/2026;05:00;14.9;6;AVERSES;2;20.2;0
Fontainebleau;48.41;2.7;01/10/2026;06:00;14.9;6;AVERSES;2;19.8;0
Fontainebleau;48.41;2.7;01/10/2026;07:00;14.9;6;AVERSES;2;18.7;0
Fontainebleau;48.41;2.7;01/10/2026;08:00;15.2;6;AVERSES;5;18.0;0
Fontainebleau;48.41;2.7;01/10/2026;09:00;15.9;6;AVERSES;5;17.6;0
Fontainebleau;48.41;2.7;01/10/2026;10:00;16.7;6;AVERSES;5;16.9;0
Fontainebleau;48.41;2.7;01/10/2026;11:00;19.2;7;PLUIE FAIBLE;3;16.9;0
Fontainebleau;48.41;2.7;01/10/2026;12:00;19.2;7;PLUIE FAIBLE;3;17.3;0
Fontainebleau;48.41;2.7;01/10/2026;13:00;19.2;7;PLUIE FAIBLE;3;17.6;0
Fontainebleau;48.41;2.7;01/10/2026;14:00;19.7;6;AVERSES;5;18.0;0
Fontainebleau;48.41;2.7;01/10/2026;15:00;20.4;6;AVERSES;5;17.6;0
Fontainebleau;48.41;2.7;01/10/2026;16:00;19.7;6;AVERSES;5;16.9;0
Fontainebleau;48.41;2.7;01/10/2026;17:00;16.6;2;NUAGEUX;2;16.2;0
Fontainebleau;48.41;2.7;01/10/2026;18:00;16.6;2;NUAGEUX;2;15.5;0
Fontainebleau;48.41;2.7;01/10/2026;19:00;16.6;2;NUAGEUX;2;15.1;0
Fontainebleau;48.41;2.7;01/10/2026;20:00;16.7;6;AVERSES;5;14.8;0
Fontainebleau;48.41;2.7;01/10/2026;21:00;15.9;6;AVERSES;5;14.8;0
Fontainebleau;48.41;2.7;01/10/2026;22:00;15.2;6;AVERSES;5;15.1;0
Fontainebleau;48.41;2.7;01/10/2026;23:00;11.5;0;SOLEIL;2;15.1;0
La Ferté-Gaucher;48.78;3.3;27/09/2026;00:00;13;0;SOLEIL;1;11.5;0
La Ferté-Gaucher;48.78;3.3;27/09/2026;01:00;12.2;0;SOLEIL;2;6.8;0
La Ferté-Gaucher;48.78;3.3;27/09/2026;02:00;11.5;0;SOLEIL;1;5.4;0
La Ferté-Gaucher;48.78;3.3;27/09/2026;03:00;11.5;0;SOLEIL;2;4.7;0
La Ferté-Gaucher;48.78;3.3;27/09/2026;04:00;11.2;0;SOLEIL;2;4.7;0
La Ferté-Gaucher;48.78;3.3;27/09/2026;05:00;11.2;0;SOLEIL;2;5.4;0
La Ferté-Gaucher;48.78;3.3;27/09/2026;06:00;11.8;0;SOLEIL;2;5.0;0
La Ferté-Gaucher;48.78;3.3;27/09/2026;07:00;14.1;0;SOLEIL;2;5.0;0
La Ferté-Gaucher;48.78;3.3;27/09/2026;08:00;17.6;0;SOLEIL;2;5.4;0
La Ferté-Gaucher;48.78;3.3;27/09/2026;09:00;21.5;0;SOLEIL;3;5.0;0
La Ferté-Gaucher;48.78;3.3;27/09/2026;10:00;23.9;0;SOLEIL;3;7.2;0
La Ferté-Gaucher;48.78;3.3;27/09/2026;11:00;25.7;5;SOLEIL VOILÉ;4;14.8;0
La Ferté-Gaucher;48.78;3.3;27/09/2026;12:00;26.9;5;SOLEIL VOILÉ;5;19.1;0
La Ferté-Gaucher;48.78;3.3;27/09/2026;13:00;27.6;5;SOLEIL VOILÉ;5;23.4;0
La Ferté-Gaucher;48.78;3.3;27/09/2026;14:00;28;2;NUAGEUX;5;25.9;0
La Ferté-Gaucher;48.78;3.3;27/09/2026;15:00;27.8;2;NUAGEUX;5;25.9;0
La Ferté-Gaucher;48.78;3.3;27/09/2026;16:00;26.9;2;NUAGEUX;4;25.2;0
La Ferté-Gaucher;48.78;3.3;27/09/2026;17:00;25.5;2;NUAGEUX;3;23.4;0
La Ferté-Gaucher;48.78;3.3;27/09/2026;18:00;23.4;2;NUAGEUX;2;21.6;0
La Ferté-Gaucher;48.78;3.3;27/09/2026;19:00;21.6;5;SOLEIL VOILÉ;3;16.2;0
La Ferté-Gaucher;48.78;3.3;27/09/2026;20:00;20.2;5;SOLEIL VOILÉ;3;12.2;0
La Ferté-Gaucher;48.78;3.3;27/09/2026;21:00;18.9;5;SOLEIL VOILÉ;3;9.0;0
La Ferté-Gaucher;48.78;3.3;27/09/2026;22:00;17.5;5;SOLEIL VOILÉ;2;8.3;0
La Ferté-Gaucher;48.78;3.3;27/09/2026;23:00;16.6;2;NUAGEUX;0;8.3;0
La Ferté-Gaucher;48.78;3.3;28/09/2026;00:00;16;2;NUAGEUX;1;7.6;0
La Ferté-Gaucher;48.78;3.3;28/09/2026;01:00;16;2;NUAGEUX;1;6.1;0
La Ferté-Gaucher;48.78;3.3;28/09/2026;02:00;14.9;5;SOLEIL VOILÉ;0;5.0;0
La Ferté-Gaucher;48.78;3.3;28/09/2026;03:00;14.9;5;SOLEIL VOILÉ;0;7.2;0
La Ferté-Gaucher;48.78;3.3;28/09/2026;04:00;14.9;5;SOLEIL VOILÉ;0;10.1;0
La Ferté-Gaucher;48.78;3.3;28/09/2026;05:00;14.6;2;NUAGEUX;1;4.6;0
La Ferté-Gaucher;48.78;3.3;28/09/2026;06:00;14.6;2;NUAGEUX;1;5.0;0
La Ferté-Gaucher;48.78;3.3;28/09/2026;07:00;14.6;2;NUAGEUX;1;14.4;0
La Ferté-Gaucher;48.78;3.3;28/09/2026;08:00;21;2;NUAGEUX;3;6.8;0
La Ferté-Gaucher;48.78;3.3;28/09/2026;09:00;21;2;NUAGEUX;3;5.0;0
La Ferté-Gaucher;48.78;3.3;28/09/2026;10:00;21;2;NUAGEUX;3;6.1;0
La Ferté-Gaucher;48.78;3.3;28/09/2026;11:00;24.6;2;NUAGEUX;2;15.1;0
La Ferté-Gaucher;48.78;3.3;28/09/2026;12:00;24.6;2;NUAGEUX;2;18.4;0
La Ferté-Gaucher;48.78;3.3;28/09/2026;13:00;24.6;2;NUAGEUX;2;31.0;0
La Ferté-Gaucher;48.78;3.3;28/09/2026;14:00;24.5;5;SOLEIL VOILÉ;3;28.1;0
La Ferté-Gaucher;48.78;3.3;28/09/2026;15:00;24.5;5;SOLEIL VOILÉ;3;20.2;0
La Ferté-Gaucher;48.78;3.3;28/09/2026;16:00;24.5;5;SOLEIL VOILÉ;3;18.4;0
La Ferté-Gaucher;48.78;3.3;28/09/2026;17:00;21.2;5;SOLEIL VOILÉ;3;18.7;0
La Ferté-Gaucher;48.78;3.3;28/09/2026;18:00;21.2;5;SOLEIL VOILÉ;3;16.9;0
La Ferté-Gaucher;48.78;3.3;28/09/2026;19:00;21.2;5;SOLEIL VOILÉ;3;17.3;0
La Ferté-Gaucher;48.78;3.3;28/09/2026;20:00;17.4;5;SOLEIL VOILÉ;4;15.8;0
La Ferté-Gaucher;48.78;3.3;28/09/2026;21:00;17.4;5;SOLEIL VOILÉ;4;15.1;0
La Ferté-Gaucher;48.78;3.3;28/09/2026;22:00;17.4;5;SOLEIL VOILÉ;4;16.9;0
La Ferté-Gaucher;48.78;3.3;28/09/2026;23:00;15.6;5;SOLEIL VOILÉ;4;21.6;0
La Ferté-Gaucher;48.78;3.3;29/09/2026;00:00;15.6;5;SOLEIL VOILÉ;4;22.3;0
La Ferté-Gaucher;48.78;3.3;29/09/2026;01:00;15.6;5;SOLEIL VOILÉ;4;22.3;0
La Ferté-Gaucher;48.78;3.3;29/09/2026;02:00;14.4;5;SOLEIL VOILÉ;3;20.2;0
La Ferté-Gaucher;48.78;3.3;29/09/2026;03:00;14.4;5;SOLEIL VOILÉ;3;18.7;0
La Ferté-Gaucher;48.78;3.3;29/09/2026;04:00;14.4;5;SOLEIL VOILÉ;3;16.2;0
La Ferté-Gaucher;48.78;3.3;29/09/2026;05:00;14.4;5;SOLEIL VOILÉ;3;16.2;0
La Ferté-Gaucher;48.78;3.3;29/09/2026;06:00;14.4;5;SOLEIL VOILÉ;3;16.2;0
La Ferté-Gaucher;48.78;3.3;29/09/2026;07:00;14.4;5;SOLEIL VOILÉ;3;15.1;0
La Ferté-Gaucher;48.78;3.3;29/09/2026;08:00;23.1;0;SOLEIL;4;14.8;0
La Ferté-Gaucher;48.78;3.3;29/09/2026;09:00;23.1;0;SOLEIL;4;19.8;0
La Ferté-Gaucher;48.78;3.3;29/09/2026;10:00;23.1;0;SOLEIL;4;26.6;0
La Ferté-Gaucher;48.78;3.3;29/09/2026;11:00;28;0;SOLEIL;4;31.7;0
La Ferté-Gaucher;48.78;3.3;29/09/2026;12:00;28;0;SOLEIL;4;32.8;0
La Ferté-Gaucher;48.78;3.3;29/09/2026;13:00;28;0;SOLEIL;4;32.0;0
La Ferté-Gaucher;48.78;3.3;29/09/2026;14:00;28.6;0;SOLEIL;4;31.0;0
La Ferté-Gaucher;48.78;3.3;29/09/2026;15:00;28.6;0;SOLEIL;4;30.2;0
La Ferté-Gaucher;48.78;3.3;29/09/2026;16:00;28.6;0;SOLEIL;4;29.5;0
La Ferté-Gaucher;48.78;3.3;29/09/2026;17:00;23.9;0;SOLEIL;3;27.7;0
La Ferté-Gaucher;48.78;3.3;29/09/2026;18:00;23.9;0;SOLEIL;3;24.1;0
La Ferté-Gaucher;48.78;3.3;29/09/2026;19:00;23.9;0;SOLEIL;3;20.2;0
La Ferté-Gaucher;48.78;3.3;29/09/2026;20:00;20.3;0;SOLEIL;5;17.6;0
La Ferté-Gaucher;48.78;3.3;29/09/2026;21:00;18.5;0;SOLEIL;5;18.7;0
La Ferté-Gaucher;48.78;3.3;29/09/2026;22:00;16.8;0;SOLEIL;5;22.0;0
La Ferté-Gaucher;48.78;3.3;29/09/2026;23:00;18.2;2;NUAGEUX;4;23.8;0
La Ferté-Gaucher;48.78;3.3;30/09/2026;00:00;18.2;2;NUAGEUX;4;22.3;0
La Ferté-Gaucher;48.78;3.3;30/09/2026;01:00;18.2;2;NUAGEUX;4;19.8;0
La Ferté-Gaucher;48.78;3.3;30/09/2026;02:00;16.7;2;NUAGEUX;5;18.7;0
La Ferté-Gaucher;48.78;3.3;30/09/2026;03:00;16.7;2;NUAGEUX;5;20.9;0
La Ferté-Gaucher;48.78;3.3;30/09/2026;04:00;16.7;2;NUAGEUX;5;24.8;0
La Ferté-Gaucher;48.78;3.3;30/09/2026;05:00;17.9;2;NUAGEUX;4;27.0;0
La Ferté-Gaucher;48.78;3.3;30/09/2026;06:00;17.9;2;NUAGEUX;4;25.2;0
La Ferté-Gaucher;48.78;3.3;30/09/2026;07:00;17.9;2;NUAGEUX;4;21.6;0
La Ferté-Gaucher;48.78;3.3;30/09/2026;08:00;19.0;2;NUAGEUX;5;20.2;0
La Ferté-Gaucher;48.78;3.3;30/09/2026;09:00;20.1;2;NUAGEUX;5;23.4;0
La Ferté-Gaucher;48.78;3.3;30/09/2026;10:00;21.3;2;NUAGEUX;5;29.2;0
La Ferté-Gaucher;48.78;3.3;30/09/2026;11:00;25;2;NUAGEUX;4;33.1;0
La Ferté-Gaucher;48.78;3.3;30/09/2026;12:00;25;2;NUAGEUX;4;33.8;0
La Ferté-Gaucher;48.78;3.3;30/09/2026;13:00;25;2;NUAGEUX;4;32.8;0
La Ferté-Gaucher;48.78;3.3;30/09/2026;14:00;25.9;2;NUAGEUX;5;31.7;0
La Ferté-Gaucher;48.78;3.3;30/09/2026;15:00;27.0;2;NUAGEUX;5;30.6;0
La Ferté-Gaucher;48.78;3.3;30/09/2026;16:00;25.9;2;NUAGEUX;5;29.2;0
La Ferté-Gaucher;48.78;3.3;30/09/2026;17:00;22.4;7;PLUIE FAIBLE;3;27.4;0
La Ferté-Gaucher;48.78;3.3;30/09/2026;18:00;22.4;7;PLUIE FAIBLE;3;25.2;0
La Ferté-Gaucher;48.78;3.3;30/09/2026;19:00;22.4;7;PLUIE FAIBLE;3;23.0;0
La Ferté-Gaucher;48.78;3.3;30/09/2026;20:00;21.3;2;NUAGEUX;5;21.2;0
La Ferté-Gaucher;48.78;3.3;30/09/2026;21:00;20.1;2;NUAGEUX;5;20.5;0
La Ferté-Gaucher;48.78;3.3;30/09/2026;22:00;19.0;2;NUAGEUX;5;20.5;0
La Ferté-Gaucher;48.78;3.3;30/09/2026;23:00;17.9;6;AVERSES;3;20.5;0
La Ferté-Gaucher;48.78;3.3;01/10/2026;00:00;17.9;6;AVERSES;3;20.8;0
La Ferté-Gaucher;48.78;3.3;01/10/2026;01:00;17.9;6;AVERSES;3;21.1;0
La Ferté-Gaucher;48.78;3.3;01/10/2026;02:00;14.7;7;PLUIE FAIBLE;5;21.1;0
La Ferté-Gaucher;48.78;3.3;01/10/2026;03:00;14.7;7;PLUIE FAIBLE;5;21.2;0
La Ferté-Gaucher;48.78;3.3;01/10/2026;04:00;14.7;7;PLUIE FAIBLE;5;20.5;0
La Ferté-Gaucher;48.78;3.3;01/10/2026;05:00;16.2;7;PLUIE FAIBLE;2;20.2;0
La Ferté-Gaucher;48.78;3.3;01/10/2026;06:00;16.2;7;PLUIE FAIBLE;2;20.5;0
La Ferté-Gaucher;48.78;3.3;01/10/2026;07:00;16.2;7;PLUIE FAIBLE;2;20.9;0
La Ferté-Gaucher;48.78;3.3;01/10/2026;08:00;16.0;7;PLUIE FAIBLE;5;21.2;0
La Ferté-Gaucher;48.78;3.3;01/10/2026;09:00;16.6;7;PLUIE FAIBLE;5;21.6;0
La Ferté-Gaucher;48.78;3.3;01/10/2026;10:00;17.2;7;PLUIE FAIBLE;5;21.6;0
La Ferté-Gaucher;48.78;3.3;01/10/2026;11:00;19.1;7;PLUIE FAIBLE;4;22.0;0
La Ferté-Gaucher;48.78;3.3;01/10/2026;12:00;19.1;7;PLUIE FAIBLE;4;22.7;0
La Ferté-Gaucher;48.78;3.3;01/10/2026;13:00;19.1;7;PLUIE FAIBLE;4;23.8;0
La Ferté-Gaucher;48.78;3.3;01/10/2026;14:00;19.8;7;PLUIE FAIBLE;5;24.1;0
La Ferté-Gaucher;48.78;3.3;01/10/2026;15:00;20.4;7;PLUIE FAIBLE;5;23.8;0
La Ferté-Gaucher;48.78;3.3;01/10/2026;16:00;19.8;7;PLUIE FAIBLE;5;23.0;0
La Ferté-Gaucher;48.78;3.3;01/10/2026;17:00;16.7;7;PLUIE FAIBLE;2;21.6;0
La Ferté-Gaucher;48.78;3.3;01/10/2026;18:00;16.7;7;PLUIE FAIBLE;2;18.4;0
La Ferté-Gaucher;48.78;3.3;01/10/2026;19:00;16.7;7;PLUIE FAIBLE;2;14.0;0
La Ferté-Gaucher;48.78;3.3;01/10/2026;20:00;17.2;7;PLUIE FAIBLE;5;11.9;0
La Ferté-Gaucher;48.78;3.3;01/10/2026;21:00;16.6;7;PLUIE FAIBLE;5;13.0;0
La Ferté-Gaucher;48.78;3.3;01/10/2026;22:00;16.0;7;PLUIE FAIBLE;5;16.2;0
La Ferté-Gaucher;48.78;3.3;01/10/2026;23:00;13.2;0;SOLEIL;2;18.0;0
Meaux;48.96;2.89;27/09/2026;00:00;13.6;0;SOLEIL;2;14.8;0
Meaux;48.96;2.89;27/09/2026;01:00;13.4;0;SOLEIL;2;10.8;0
Meaux;48.96;2.89;27/09/2026;02:00;13.5;0;SOLEIL;2;8.6;0
Meaux;48.96;2.89;27/09/2026;03:00;12.6;0;SOLEIL;1;7.2;0
Meaux;48.96;2.89;27/09/2026;04:00;12.7;0;SOLEIL;1;4.7;0
Meaux;48.96;2.89;27/09/2026;05:00;12.8;0;SOLEIL;1;5.4;0
Meaux;48.96;2.89;27/09/2026;06:00;12.9;0;SOLEIL;1;5.8;0
Meaux;48.96;2.89;27/09/2026;07:00;16;0;SOLEIL;1;6.1;0
Meaux;48.96;2.89;27/09/2026;08:00;18.6;0;SOLEIL;0;6.1;0
Meaux;48.96;2.89;27/09/2026;09:00;21.1;0;SOLEIL;2;5.4;0
Meaux;48.96;2.89;27/09/2026;10:00;24;5;SOLEIL VOILÉ;3;5.0;0
Meaux;48.96;2.89;27/09/2026;11:00;26.1;5;SOLEIL VOILÉ;3;9.7;0
Meaux;48.96;2.89;27/09/2026;12:00;26.6;5;SOLEIL VOILÉ;4;19.1;0
Meaux;48.96;2.89;27/09/2026;13:00;27.3;5;SOLEIL VOILÉ;4;24.5;0
Meaux;48.96;2.89;27/09/2026;14:00;27.8;2;NUAGEUX;4;28.4;0
Meaux;48.96;2.89;27/09/2026;15:00;27.8;2;NUAGEUX;4;28.8;0
Meaux;48.96;2.89;27/09/2026;16:00;27.5;2;NUAGEUX;4;27.7;0
Meaux;48.96;2.89;27/09/2026;17:00;26;2;NUAGEUX;3;24.5;0
Meaux;48.96;2.89;27/09/2026;18:00;24.5;2;NUAGEUX;2;21.2;0
Meaux;48.96;2.89;27/09/2026;19:00;22.6;5;SOLEIL VOILÉ;2;18.7;0
Meaux;48.96;2.89;27/09/2026;20:00;21.6;5;SOLEIL VOILÉ;2;8.6;0
Meaux;48.96;2.89;27/09/2026;21:00;20.6;5;SOLEIL VOILÉ;2;6.8;0
Meaux;48.96;2.89;27/09/2026;22:00;19.6;5;SOLEIL VOILÉ;2;4.7;0
Meaux;48.96;2.89;27/09/2026;23:00;19;2;NUAGEUX;1;3.6;0
Meaux;48.96;2.89;28/09/2026;00:00;18.1;2;NUAGEUX;1;5.0;0
Meaux;48.96;2.89;28/09/2026;01:00;18.1;2;NUAGEUX;1;9.4;0
Meaux;48.96;2.89;28/09/2026;02:00;16.1;2;NUAGEUX;1;18.7;0
Meaux;48.96;2.89;28/09/2026;03:00;16.1;2;NUAGEUX;1;19.1;0
Meaux;48.96;2.89;28/09/2026;04:00;16.1;2;NUAGEUX;1;19.3;0
Meaux;48.96;2.89;28/09/2026;05:00;15.7;2;NUAGEUX;1;8.6;0
Meaux;48.96;2.89;28/09/2026;06:00;15.7;2;NUAGEUX;1;22.0;0
Meaux;48.96;2.89;28/09/2026;07:00;15.7;2;NUAGEUX;1;16.2;0
Meaux;48.96;2.89;28/09/2026;08:00;21;2;NUAGEUX;2;13.7;0
Meaux;48.96;2.89;28/09/2026;09:00;21;2;NUAGEUX;2;10.8;0
Meaux;48.96;2.89;28/09/2026;10:00;21;2;NUAGEUX;2;20.2;0
Meaux;48.96;2.89;28/09/2026;11:00;24.7;2;NUAGEUX;3;18.0;0
Meaux;48.96;2.89;28/09/2026;12:00;24.7;2;NUAGEUX;3;24.5;0
Meaux;48.96;2.89;28/09/2026;13:00;24.7;2;NUAGEUX;3;24.1;0
Meaux;48.96;2.89;28/09/2026;14:00;25.6;5;SOLEIL VOILÉ;3;10.1;0
Meaux;48.96;2.89;28/09/2026;15:00;25.6;5;SOLEIL VOILÉ;3;9.0;0
Meaux;48.96;2.89;28/09/2026;16:00;25.6;5;SOLEIL VOILÉ;3;15.1;0
Meaux;48.96;2.89;28/09/2026;17:00;21.9;5;SOLEIL VOILÉ;3;16.9;0
Meaux;48.96;2.89;28/09/2026;18:00;21.9;5;SOLEIL VOILÉ;3;19.1;0
Meaux;48.96;2.89;28/09/2026;19:00;21.9;5;SOLEIL VOILÉ;3;22.0;0
Meaux;48.96;2.89;28/09/2026;20:00;17.9;5;SOLEIL VOILÉ;3;15.8;0
Meaux;48.96;2.89;28/09/2026;21:00;17.9;5;SOLEIL VOILÉ;3;9.0;0
Meaux;48.96;2.89;28/09/2026;22:00;17.9;5;SOLEIL VOILÉ;3;8.6;0
Meaux;48.96;2.89;28/09/2026;23:00;16.1;5;SOLEIL VOILÉ;3;9.0;0
Meaux;48.96;2.89;29/09/2026;00:00;16.1;5;SOLEIL VOILÉ;3;7.2;0
Meaux;48.96;2.89;29/09/2026;01:00;16.1;5;SOLEIL VOILÉ;3;9.4;0
Meaux;48.96;2.89;29/09/2026;02:00;14.6;5;SOLEIL VOILÉ;3;10.4;0
Meaux;48.96;2.89;29/09/2026;03:00;14.6;5;SOLEIL VOILÉ;3;10.8;0
Meaux;48.96;2.89;29/09/2026;04:00;14.6;5;SOLEIL VOILÉ;3;10.8;0
Meaux;48.96;2.89;29/09/2026;05:00;14.6;5;SOLEIL VOILÉ;3;11.2;0
Meaux;48.96;2.89;29/09/2026;06:00;14.6;5;SOLEIL VOILÉ;3;13.0;0
Meaux;48.96;2.89;29/09/2026;07:00;14.6;5;SOLEIL VOILÉ;3;15.8;0
Meaux;48.96;2.89;29/09/2026;08:00;22.6;0;SOLEIL;3;15.8;0
Meaux;48.96;2.89;29/09/2026;09:00;22.6;0;SOLEIL;3;20.5;0
Meaux;48.96;2.89;29/09/2026;10:00;22.6;0;SOLEIL;3;25.9;0
Meaux;48.96;2.89;29/09/2026;11:00;28.1;0;SOLEIL;3;29.5;0
Meaux;48.96;2.89;29/09/2026;12:00;28.1;0;SOLEIL;3;28.8;0
Meaux;48.96;2.89;29/09/2026;13:00;28.1;0;SOLEIL;3;25.9;0
Meaux;48.96;2.89;29/09/2026;14:00;28.7;0;SOLEIL;4;24.5;0
Meaux;48.96;2.89;29/09/2026;15:00;28.7;0;SOLEIL;4;25.9;0
Meaux;48.96;2.89;29/09/2026;16:00;28.7;0;SOLEIL;4;28.8;0
Meaux;48.96;2.89;29/09/2026;17:00;25.6;0;SOLEIL;3;29.9;0
Meaux;48.96;2.89;29/09/2026;18:00;25.6;0;SOLEIL;3;27.0;0
Meaux;48.96;2.89;29/09/2026;19:00;25.6;0;SOLEIL;3;22.7;0
Meaux;48.96;2.89;29/09/2026;20:00;20.7;0;SOLEIL;5;19.4;0
Meaux;48.96;2.89;29/09/2026;21:00;18.9;0;SOLEIL;5;18.7;0
Meaux;48.96;2.89;29/09/2026;22:00;17.2;0;SOLEIL;5;19.4;0
Meaux;48.96;2.89;29/09/2026;23:00;19.6;2;NUAGEUX;4;19.8;0
Meaux;48.96;2.89;30/09/2026;00:00;19.6;2;NUAGEUX;4;19.8;0
Meaux;48.96;2.89;30/09/2026;01:00;19.6;2;NUAGEUX;4;19.8;0
Meaux;48.96;2.89;30/09/2026;02:00;17.9;6;AVERSES;5;20.2;0
Meaux;48.96;2.89;30/09/2026;03:00;17.9;6;AVERSES;5;20.9;0
Meaux;48.96;2.89;30/09/2026;04:00;17.9;6;AVERSES;5;22.0;0
Meaux;48.96;2.89;30/09/2026;05:00;19.1;2;NUAGEUX;4;22.3;0
Meaux;48.96;2.89;30/09/2026;06:00;19.1;2;NUAGEUX;4;20.9;0
Meaux;48.96;2.89;30/09/2026;07:00;19.1;2;NUAGEUX;4;18.7;0
Meaux;48.96;2.89;30/09/2026;08:00;20.0;6;AVERSES;5;19.1;0
Meaux;48.96;2.89;30/09/2026;09:00;21.1;6;AVERSES;5;24.1;0
Meaux;48.96;2.89;30/09/2026;10:00;22.2;6;AVERSES;5;31.3;0
Meaux;48.96;2.89;30/09/2026;11:00;25.2;2;NUAGEUX;4;36.4;0
Meaux;48.96;2.89;30/09/2026;12:00;25.2;2;NUAGEUX;4;36.7;0
Meaux;48.96;2.89;30/09/2026;13:00;25.2;2;NUAGEUX;4;34.6;0
Meaux;48.96;2.89;30/09/2026;14:00;26.4;6;AVERSES;5;32.4;0
Meaux;48.96;2.89;30/09/2026;15:00;27.5;6;AVERSES;5;31.3;0
Meaux;48.96;2.89;30/09/2026;16:00;26.4;6;AVERSES;5;30.6;0
Meaux;48.96;2.89;30/09/2026;17:00;22.1;6;AVERSES;3;28.8;0
Meaux;48.96;2.89;30/09/2026;18:00;22.1;6;AVERSES;3;24.5;0
Meaux;48.96;2.89;30/09/2026;19:00;22.1;6;AVERSES;3;19.1;0
Meaux;48.96;2.89;30/09/2026;20:00;22.2;6;AVERSES;5;16.6;0
Meaux;48.96;2.89;30/09/2026;21:00;21.1;6;AVERSES;5;19.1;0
Meaux;48.96;2.89;30/09/2026;22:00;20.0;6;AVERSES;5;24.5;0
Meaux;48.96;2.89;30/09/2026;23:00;18.1;6;AVERSES;2;28.1;0
Meaux;48.96;2.89;01/10/2026;00:00;18.1;6;AVERSES;2;27.5;0
Meaux;48.96;2.89;01/10/2026;01:00;18.1;6;AVERSES;2;25.9;0
Meaux;48.96;2.89;01/10/2026;02:00;14.9;6;AVERSES;5;24.9;0
Meaux;48.96;2.89;01/10/2026;03:00;14.9;6;AVERSES;5;24.5;0
Meaux;48.96;2.89;01/10/2026;04:00;14.9;6;AVERSES;5;23.4;0
Meaux;48.96;2.89;01/10/2026;05:00;16.6;6;AVERSES;2;22.0;0
Meaux;48.96;2.89;01/10/2026;06:00;16.6;6;AVERSES;2;20.2;0
Meaux;48.96;2.89;01/10/2026;07:00;16.6;6;AVERSES;2;18.0;0
Meaux;48.96;2.89;01/10/2026;08:00;16.3;6;AVERSES;5;16.6;0
Meaux;48.96;2.89;01/10/2026;09:00;17.0;6;AVERSES;5;16.6;0
Meaux;48.96;2.89;01/10/2026;10:00;17.7;6;AVERSES;5;17.6;0
Meaux;48.96;2.89;01/10/2026;11:00;19.9;7;PLUIE FAIBLE;3;18.4;0
Meaux;48.96;2.89;01/10/2026;12:00;19.9;7;PLUIE FAIBLE;3;18.7;0
Meaux;48.96;2.89;01/10/2026;13:00;19.9;7;PLUIE FAIBLE;3;19.1;0
Meaux;48.96;2.89;01/10/2026;14:00;20.4;6;AVERSES;5;19.1;0
Meaux;48.96;2.89;01/10/2026;15:00;21.1;6;AVERSES;5;19.1;0
Meaux;48.96;2.89;01/10/2026;16:00;20.4;6;AVERSES;5;18.7;0
Meaux;48.96;2.89;01/10/2026;17:00;16.7;6;AVERSES;2;18.7;0
Meaux;48.96;2.89;01/10/2026;18:00;16.7;6;AVERSES;2;19.4;0
Meaux;48.96;2.89;01/10/2026;19:00;16.7;6;AVERSES;2;20.5;0
Meaux;48.96;2.89;01/10/2026;20:00;17.7;6;AVERSES;5;21.2;0
Meaux;48.96;2.89;01/10/2026;21:00;17.0;6;AVERSES;5;21.2;0
Meaux;48.96;2.89;01/10/2026;22:00;16.3;6;AVERSES;5;20.9;0
Meaux;48.96;2.89;01/10/2026;23:00;13.1;0;SOLEIL;2;19.8;0
Melun;48.54;2.66;27/09/2026;00:00;12.9;0;SOLEIL;1;9.7;0
Melun;48.54;2.66;27/09/2026;01:00;12.2;0;SOLEIL;2;8.3;0
Melun;48.54;2.66;27/09/2026;02:00;11.6;0;SOLEIL;2;7.9;0
Melun;48.54;2.66;27/09/2026;03:00;11.6;0;SOLEIL;2;6.8;0
Melun;48.54;2.66;27/09/2026;04:00;11.5;0;SOLEIL;2;5.8;0
Melun;48.54;2.66;27/09/2026;05:00;10.5;0;SOLEIL;1;5.0;0
Melun;48.54;2.66;27/09/2026;06:00;10.9;0;SOLEIL;1;5.4;0
Melun;48.54;2.66;27/09/2026;07:00;14.4;0;SOLEIL;2;5.0;0
Melun;48.54;2.66;27/09/2026;08:00;18.5;0;SOLEIL;2;4.0;0
Melun;48.54;2.66;27/09/2026;09:00;21.1;0;SOLEIL;2;5.0;0
Melun;48.54;2.66;27/09/2026;10:00;24.6;5;SOLEIL VOILÉ;3;5.0;0
Melun;48.54;2.66;27/09/2026;11:00;26.4;5;SOLEIL VOILÉ;3;6.8;0
Melun;48.54;2.66;27/09/2026;12:00;27.4;5;SOLEIL VOILÉ;4;12.6;0
Melun;48.54;2.66;27/09/2026;13:00;27.9;2;NUAGEUX;4;23.4;0
Melun;48.54;2.66;27/09/2026;14:00;28.3;2;NUAGEUX;4;25.2;0
Melun;48.54;2.66;27/09/2026;15:00;28.1;2;NUAGEUX;4;24.8;0
Melun;48.54;2.66;27/09/2026;16:00;27.6;2;NUAGEUX;4;24.1;0
Melun;48.54;2.66;27/09/2026;17:00;26.2;2;NUAGEUX;3;24.1;0
Melun;48.54;2.66;27/09/2026;18:00;24.6;2;NUAGEUX;2;23.4;0
Melun;48.54;2.66;27/09/2026;19:00;22.2;5;SOLEIL VOILÉ;2;20.2;0
Melun;48.54;2.66;27/09/2026;20:00;20.6;5;SOLEIL VOILÉ;2;13.3;0
Melun;48.54;2.66;27/09/2026;21:00;19.2;2;NUAGEUX;2;8.6;0
Melun;48.54;2.66;27/09/2026;22:00;18.1;5;SOLEIL VOILÉ;2;6.8;0
Melun;48.54;2.66;27/09/2026;23:00;17.4;2;NUAGEUX;2;5.8;0
Melun;48.54;2.66;28/09/2026;00:00;16.5;2;NUAGEUX;1;4.7;0
Melun;48.54;2.66;28/09/2026;01:00;16.5;2;NUAGEUX;1;4.3;0
Melun;48.54;2.66;28/09/2026;02:00;16;2;NUAGEUX;1;4.7;0
Melun;48.54;2.66;28/09/2026;03:00;16;2;NUAGEUX;1;5.0;0
Melun;48.54;2.66;28/09/2026;04:00;16;2;NUAGEUX;1;11.3;0
Melun;48.54;2.66;28/09/2026;05:00;15.6;2;NUAGEUX;1;13.9;0
Melun;48.54;2.66;28/09/2026;06:00;15.6;2;NUAGEUX;1;12.6;0
Melun;48.54;2.66;28/09/2026;07:00;15.6;2;NUAGEUX;1;11.5;0
Melun;48.54;2.66;28/09/2026;08:00;22.4;2;NUAGEUX;2;10.1;0
Melun;48.54;2.66;28/09/2026;09:00;22.4;2;NUAGEUX;2;14.4;0
Melun;48.54;2.66;28/09/2026;10:00;22.4;2;NUAGEUX;2;17.6;0
Melun;48.54;2.66;28/09/2026;11:00;24.6;2;NUAGEUX;2;21.2;0
Melun;48.54;2.66;28/09/2026;12:00;24.6;2;NUAGEUX;2;21.6;0
Melun;48.54;2.66;28/09/2026;13:00;24.6;2;NUAGEUX;2;20.5;0
Melun;48.54;2.66;28/09/2026;14:00;25.9;5;SOLEIL VOILÉ;3;9.4;0
Melun;48.54;2.66;28/09/2026;15:00;25.9;5;SOLEIL VOILÉ;3;14.8;0
Melun;48.54;2.66;28/09/2026;16:00;25.9;5;SOLEIL VOILÉ;3;18.7;0
Melun;48.54;2.66;28/09/2026;17:00;23;5;SOLEIL VOILÉ;2;20.2;0
Melun;48.54;2.66;28/09/2026;18:00;23;5;SOLEIL VOILÉ;2;23.4;0
Melun;48.54;2.66;28/09/2026;19:00;23;5;SOLEIL VOILÉ;2;23.0;0
Melun;48.54;2.66;28/09/2026;20:00;18.4;5;SOLEIL VOILÉ;3;14.8;0
Melun;48.54;2.66;28/09/2026;21:00;18.4;5;SOLEIL VOILÉ;3;11.5;0
Melun;48.54;2.66;28/09/2026;22:00;18.4;5;SOLEIL VOILÉ;3;10.1;0
Melun;48.54;2.66;28/09/2026;23:00;16.5;5;SOLEIL VOILÉ;2;9.0;0
Melun;48.54;2.66;29/09/2026;00:00;16.5;5;SOLEIL VOILÉ;2;7.9;0
Melun;48.54;2.66;29/09/2026;01:00;16.5;5;SOLEIL VOILÉ;2;9.4;0
Melun;48.54;2.66;29/09/2026;02:00;14.6;5;SOLEIL VOILÉ;3;9.0;0
Melun;48.54;2.66;29/09/2026;03:00;14.6;5;SOLEIL VOILÉ;3;9.4;0
Melun;48.54;2.66;29/09/2026;04:00;14.6;5;SOLEIL VOILÉ;3;11.9;0
Melun;48.54;2.66;29/09/2026;05:00;13.9;0;SOLEIL;3;12.2;0
Melun;48.54;2.66;29/09/2026;06:00;13.9;0;SOLEIL;3;13.3;0
Melun;48.54;2.66;29/09/2026;07:00;13.9;0;SOLEIL;3;14.0;0
Melun;48.54;2.66;29/09/2026;08:00;23.1;0;SOLEIL;3;11.2;0
Melun;48.54;2.66;29/09/2026;09:00;23.1;0;SOLEIL;3;15.1;0
Melun;48.54;2.66;29/09/2026;10:00;23.1;0;SOLEIL;3;20.9;0
Melun;48.54;2.66;29/09/2026;11:00;28.9;0;SOLEIL;3;24.8;0
Melun;48.54;2.66;29/09/2026;12:00;28.9;0;SOLEIL;3;24.5;0
Melun;48.54;2.66;29/09/2026;13:00;28.9;0;SOLEIL;3;22.3;0
Melun;48.54;2.66;29/09/2026;14:00;29;0;SOLEIL;4;21.6;0
Melun;48.54;2.66;29/09/2026;15:00;29;0;SOLEIL;4;24.1;0
Melun;48.54;2.66;29/09/2026;16:00;29;0;SOLEIL;4;28.4;0
Melun;48.54;2.66;29/09/2026;17:00;25.5;0;SOLEIL;3;30.6;0
Melun;48.54;2.66;29/09/2026;18:00;25.5;0;SOLEIL;3;29.5;0
Melun;48.54;2.66;29/09/2026;19:00;25.5;0;SOLEIL;3;27.0;0
Melun;48.54;2.66;29/09/2026;20:00;20.6;0;SOLEIL;5;24.5;0
Melun;48.54;2.66;29/09/2026;21:00;18.6;0;SOLEIL;5;23.0;0
Melun;48.54;2.66;29/09/2026;22:00;16.6;0;SOLEIL;5;21.6;0
Melun;48.54;2.66;29/09/2026;23:00;18.6;2;NUAGEUX;3;20.5;0
Melun;48.54;2.66;30/09/2026;00:00;18.6;2;NUAGEUX;3;19.4;0
Melun;48.54;2.66;30/09/2026;01:00;18.6;2;NUAGEUX;3;18.7;0
Melun;48.54;2.66;30/09/2026;02:00;17.5;6;AVERSES;5;18.4;0
Melun;48.54;2.66;30/09/2026;03:00;17.5;6;AVERSES;5;18.4;0
Melun;48.54;2.66;30/09/2026;04:00;17.5;6;AVERSES;5;19.1;0
Melun;48.54;2.66;30/09/2026;05:00;18.5;2;NUAGEUX;3;19.1;0
Melun;48.54;2.66;30/09/2026;06:00;18.5;2;NUAGEUX;3;18.0;0
Melun;48.54;2.66;30/09/2026;07:00;18.5;2;NUAGEUX;3;16.6;0
Melun;48.54;2.66;30/09/2026;08:00;19.7;6;AVERSES;5;16.9;0
Melun;48.54;2.66;30/09/2026;09:00;20.8;6;AVERSES;5;20.5;0
Melun;48.54;2.66;30/09/2026;10:00;21.9;6;AVERSES;5;25.9;0
Melun;48.54;2.66;30/09/2026;11:00;25.5;2;NUAGEUX;4;29.9;0
Melun;48.54;2.66;30/09/2026;12:00;25.5;2;NUAGEUX;4;31.7;0
Melun;48.54;2.66;30/09/2026;13:00;25.5;2;NUAGEUX;4;32.4;0
Melun;48.54;2.66;30/09/2026;14:00;26.4;6;AVERSES;5;32.0;0
Melun;48.54;2.66;30/09/2026;15:00;27.5;6;AVERSES;5;30.6;0
Melun;48.54;2.66;30/09/2026;16:00;26.4;6;AVERSES;5;28.4;0
Melun;48.54;2.66;30/09/2026;17:00;22.6;6;AVERSES;3;27.0;0
Melun;48.54;2.66;30/09/2026;18:00;22.6;6;AVERSES;3;26.6;0
Melun;48.54;2.66;30/09/2026;19:00;22.6;6;AVERSES;3;27.0;0
Melun;48.54;2.66;30/09/2026;20:00;21.9;6;AVERSES;5;26.6;0
Melun;48.54;2.66;30/09/2026;21:00;20.8;6;AVERSES;5;25.6;0
Melun;48.54;2.66;30/09/2026;22:00;19.7;6;AVERSES;5;23.8;0
Melun;48.54;2.66;30/09/2026;23:00;18.5;6;AVERSES;2;22.0;0
Melun;48.54;2.66;01/10/2026;00:00;18.5;6;AVERSES;2;20.8;0
Melun;48.54;2.66;01/10/2026;01:00;18.5;6;AVERSES;2;19.3;0
Melun;48.54;2.66;01/10/2026;02:00;14.9;6;AVERSES;5;18.2;0
Melun;48.54;2.66;01/10/2026;03:00;14.9;6;AVERSES;5;19.8;0
Melun;48.54;2.66;01/10/2026;04:00;14.9;6;AVERSES;5;22.3;0
Melun;48.54;2.66;01/10/2026;05:00;16;6;AVERSES;2;23.8;0
Melun;48.54;2.66;01/10/2026;06:00;16;6;AVERSES;2;22.0;0
Melun;48.54;2.66;01/10/2026;07:00;16;6;AVERSES;2;18.7;0
Melun;48.54;2.66;01/10/2026;08:00;16.2;6;AVERSES;5;16.2;0
Melun;48.54;2.66;01/10/2026;09:00;16.8;6;AVERSES;5;15.8;0
Melun;48.54;2.66;01/10/2026;10:00;17.5;6;AVERSES;5;16.2;0
Melun;48.54;2.66;01/10/2026;11:00;19.6;7;PLUIE FAIBLE;3;16.9;0
Melun;48.54;2.66;01/10/2026;12:00;19.6;7;PLUIE FAIBLE;3;17.6;0
Melun;48.54;2.66;01/10/2026;13:00;19.6;7;PLUIE FAIBLE;3;18.0;0
Melun;48.54;2.66;01/10/2026;14:00;20.1;6;AVERSES;5;18.7;0
Melun;48.54;2.66;01/10/2026;15:00;20.7;6;AVERSES;5;19.1;0
Melun;48.54;2.66;01/10/2026;16:00;20.1;6;AVERSES;5;19.4;0
Melun;48.54;2.66;01/10/2026;17:00;17.7;2;NUAGEUX;2;19.4;0
Melun;48.54;2.66;01/10/2026;18:00;17.7;2;NUAGEUX;2;19.4;0
Melun;48.54;2.66;01/10/2026;19:00;17.7;2;NUAGEUX;2;19.4;0
Melun;48.54;2.66;01/10/2026;20:00;17.5;6;AVERSES;5;19.1;0
Melun;48.54;2.66;01/10/2026;21:00;16.8;6;AVERSES;5;19.1;0
Melun;48.54;2.66;01/10/2026;22:00;16.2;6;AVERSES;5;19.1;0
Melun;48.54;2.66;01/10/2026;23:00;13.6;0;SOLEIL;2;18.4;0
Montereau-Fault-Yonne;48.38;2.95;27/09/2026;00:00;14.2;0;SOLEIL;2;11.9;0
Montereau-Fault-Yonne;48.38;2.95;27/09/2026;01:00;13.7;0;SOLEIL;2;7.2;0
Montereau-Fault-Yonne;48.38;2.95;27/09/2026;02:00;12.9;0;SOLEIL;2;6.1;0
Montereau-Fault-Yonne;48.38;2.95;27/09/2026;03:00;13.2;0;SOLEIL;2;6.5;0
Montereau-Fault-Yonne;48.38;2.95;27/09/2026;04:00;13.1;0;SOLEIL;2;5.8;0
Montereau-Fault-Yonne;48.38;2.95;27/09/2026;05:00;13;0;SOLEIL;2;5.4;0
Montereau-Fault-Yonne;48.38;2.95;27/09/2026;06:00;12.4;0;SOLEIL;2;4.3;0
Montereau-Fault-Yonne;48.38;2.95;27/09/2026;07:00;14.2;0;SOLEIL;2;4.7;0
Montereau-Fault-Yonne;48.38;2.95;27/09/2026;08:00;17.1;0;SOLEIL;1;6.1;0
Montereau-Fault-Yonne;48.38;2.95;27/09/2026;09:00;19.7;0;SOLEIL;1;6.1;0
Montereau-Fault-Yonne;48.38;2.95;27/09/2026;10:00;23.5;0;SOLEIL;3;6.1;0
Montereau-Fault-Yonne;48.38;2.95;27/09/2026;11:00;26.1;5;SOLEIL VOILÉ;4;5.8;0
Montereau-Fault-Yonne;48.38;2.95;27/09/2026;12:00;27.1;5;SOLEIL VOILÉ;4;10.4;0
Montereau-Fault-Yonne;48.38;2.95;27/09/2026;13:00;27.2;2;NUAGEUX;5;20.5;0
Montereau-Fault-Yonne;48.38;2.95;27/09/2026;14:00;27.6;2;NUAGEUX;5;23.0;0
Montereau-Fault-Yonne;48.38;2.95;27/09/2026;15:00;28.2;2;NUAGEUX;5;27.7;0
Montereau-Fault-Yonne;48.38;2.95;27/09/2026;16:00;28;2;NUAGEUX;4;29.5;0
Montereau-Fault-Yonne;48.38;2.95;27/09/2026;17:00;26.4;2;NUAGEUX;3;27.4;0
Montereau-Fault-Yonne;48.38;2.95;27/09/2026;18:00;24.4;2;NUAGEUX;2;22.3;0
Montereau-Fault-Yonne;48.38;2.95;27/09/2026;19:00;22.5;5;SOLEIL VOILÉ;2;21.2;0
Montereau-Fault-Yonne;48.38;2.95;27/09/2026;20:00;21.1;5;SOLEIL VOILÉ;2;7.9;0
Montereau-Fault-Yonne;48.38;2.95;27/09/2026;21:00;19.9;5;SOLEIL VOILÉ;2;4.7;0
Montereau-Fault-Yonne;48.38;2.95;27/09/2026;22:00;18.6;2;NUAGEUX;2;5.8;0
Montereau-Fault-Yonne;48.38;2.95;27/09/2026;23:00;17.5;2;NUAGEUX;1;6.8;0
Montereau-Fault-Yonne;48.38;2.95;28/09/2026;00:00;16.6;2;NUAGEUX;1;5.4;0
Montereau-Fault-Yonne;48.38;2.95;28/09/2026;01:00;16.6;2;NUAGEUX;1;4.3;0
Montereau-Fault-Yonne;48.38;2.95;28/09/2026;02:00;16;5;SOLEIL VOILÉ;1;4.0;0
Montereau-Fault-Yonne;48.38;2.95;28/09/2026;03:00;16;5;SOLEIL VOILÉ;1;5.7;0
Montereau-Fault-Yonne;48.38;2.95;28/09/2026;04:00;16;5;SOLEIL VOILÉ;1;4.1;0
Montereau-Fault-Yonne;48.38;2.95;28/09/2026;05:00;15.5;2;NUAGEUX;1;4.9;0
Montereau-Fault-Yonne;48.38;2.95;28/09/2026;06:00;15.5;2;NUAGEUX;1;9.7;0
Montereau-Fault-Yonne;48.38;2.95;28/09/2026;07:00;15.5;2;NUAGEUX;1;6.5;0
Montereau-Fault-Yonne;48.38;2.95;28/09/2026;08:00;19.9;2;NUAGEUX;2;2.9;0
Montereau-Fault-Yonne;48.38;2.95;28/09/2026;09:00;19.9;2;NUAGEUX;2;4.3;0
Montereau-Fault-Yonne;48.38;2.95;28/09/2026;10:00;19.9;2;NUAGEUX;2;12.6;0
Montereau-Fault-Yonne;48.38;2.95;28/09/2026;11:00;23.5;5;SOLEIL VOILÉ;2;10.1;0
Montereau-Fault-Yonne;48.38;2.95;28/09/2026;12:00;23.5;5;SOLEIL VOILÉ;2;24.5;0
Montereau-Fault-Yonne;48.38;2.95;28/09/2026;13:00;23.5;5;SOLEIL VOILÉ;2;25.6;0
Montereau-Fault-Yonne;48.38;2.95;28/09/2026;14:00;25.7;5;SOLEIL VOILÉ;3;21.2;0
Montereau-Fault-Yonne;48.38;2.95;28/09/2026;15:00;25.7;5;SOLEIL VOILÉ;3;20.9;0
Montereau-Fault-Yonne;48.38;2.95;28/09/2026;16:00;25.7;5;SOLEIL VOILÉ;3;20.9;0
Montereau-Fault-Yonne;48.38;2.95;28/09/2026;17:00;23.6;5;SOLEIL VOILÉ;3;22.7;0
Montereau-Fault-Yonne;48.38;2.95;28/09/2026;18:00;23.6;5;SOLEIL VOILÉ;3;25.2;0
Montereau-Fault-Yonne;48.38;2.95;28/09/2026;19:00;23.6;5;SOLEIL VOILÉ;3;25.2;0
Montereau-Fault-Yonne;48.38;2.95;28/09/2026;20:00;19.4;5;SOLEIL VOILÉ;3;18.0;0
Montereau-Fault-Yonne;48.38;2.95;28/09/2026;21:00;19.4;5;SOLEIL VOILÉ;3;12.6;0
Montereau-Fault-Yonne;48.38;2.95;28/09/2026;22:00;19.4;5;SOLEIL VOILÉ;3;6.5;0
Montereau-Fault-Yonne;48.38;2.95;28/09/2026;23:00;16.7;5;SOLEIL VOILÉ;3;7.9;0
Montereau-Fault-Yonne;48.38;2.95;29/09/2026;00:00;16.7;5;SOLEIL VOILÉ;3;9.0;0
Montereau-Fault-Yonne;48.38;2.95;29/09/2026;01:00;16.7;5;SOLEIL VOILÉ;3;8.6;0
Montereau-Fault-Yonne;48.38;2.95;29/09/2026;02:00;14.6;5;SOLEIL VOILÉ;3;7.9;0
Montereau-Fault-Yonne;48.38;2.95;29/09/2026;03:00;14.6;5;SOLEIL VOILÉ;3;6.5;0
Montereau-Fault-Yonne;48.38;2.95;29/09/2026;04:00;14.6;5;SOLEIL VOILÉ;3;7.6;0
Montereau-Fault-Yonne;48.38;2.95;29/09/2026;05:00;14.5;5;SOLEIL VOILÉ;3;8.6;0
Montereau-Fault-Yonne;48.38;2.95;29/09/2026;06:00;14.5;5;SOLEIL VOILÉ;3;9.7;0
Montereau-Fault-Yonne;48.38;2.95;29/09/2026;07:00;14.5;5;SOLEIL VOILÉ;3;9.4;0
Montereau-Fault-Yonne;48.38;2.95;29/09/2026;08:00;22.7;0;SOLEIL;3;7.6;0
Montereau-Fault-Yonne;48.38;2.95;29/09/2026;09:00;22.7;0;SOLEIL;3;13.7;0
Montereau-Fault-Yonne;48.38;2.95;29/09/2026;10:00;22.7;0;SOLEIL;3;22.3;0
Montereau-Fault-Yonne;48.38;2.95;29/09/2026;11:00;28.2;0;SOLEIL;3;28.1;0
Montereau-Fault-Yonne;48.38;2.95;29/09/2026;12:00;28.2;0;SOLEIL;3;28.4;0
Montereau-Fault-Yonne;48.38;2.95;29/09/2026;13:00;28.2;0;SOLEIL;3;25.9;0
Montereau-Fault-Yonne;48.38;2.95;29/09/2026;14:00;29.5;0;SOLEIL;4;24.5;0
Montereau-Fault-Yonne;48.38;2.95;29/09/2026;15:00;29.5;0;SOLEIL;4;26.3;0
Montereau-Fault-Yonne;48.38;2.95;29/09/2026;16:00;29.5;0;SOLEIL;4;28.8;0
Montereau-Fault-Yonne;48.38;2.95;29/09/2026;17:00;24.6;0;SOLEIL;2;29.2;0
Montereau-Fault-Yonne;48.38;2.95;29/09/2026;18:00;24.6;0;SOLEIL;2;24.8;0
Montereau-Fault-Yonne;48.38;2.95;29/09/2026;19:00;24.6;0;SOLEIL;2;18.4;0
Montereau-Fault-Yonne;48.38;2.95;29/09/2026;20:00;20.9;0;SOLEIL;5;14.8;0
Montereau-Fault-Yonne;48.38;2.95;29/09/2026;21:00;19.1;0;SOLEIL;5;18.0;0
Montereau-Fault-Yonne;48.38;2.95;29/09/2026;22:00;17.2;0;SOLEIL;5;24.1;0
Montereau-Fault-Yonne;48.38;2.95;29/09/2026;23:00;19.1;2;NUAGEUX;3;28.1;0
Montereau-Fault-Yonne;48.38;2.95;30/09/2026;00:00;19.1;2;NUAGEUX;3;27.0;0
Montereau-Fault-Yonne;48.38;2.95;30/09/2026;01:00;19.1;2;NUAGEUX;3;23.4;0
Montereau-Fault-Yonne;48.38;2.95;30/09/2026;02:00;17.1;2;NUAGEUX;5;20.5;0
Montereau-Fault-Yonne;48.38;2.95;30/09/2026;03:00;17.1;2;NUAGEUX;5;19.8;0
Montereau-Fault-Yonne;48.38;2.95;30/09/2026;04:00;17.1;2;NUAGEUX;5;19.8;0
Montereau-Fault-Yonne;48.38;2.95;30/09/2026;05:00;18.1;2;NUAGEUX;3;19.8;0
Montereau-Fault-Yonne;48.38;2.95;30/09/2026;06:00;18.1;2;NUAGEUX;3;18.4;0
Montereau-Fault-Yonne;48.38;2.95;30/09/2026;07:00;18.1;2;NUAGEUX;3;16.6;0
Montereau-Fault-Yonne;48.38;2.95;30/09/2026;08:00;19.5;2;NUAGEUX;5;16.9;0
Montereau-Fault-Yonne;48.38;2.95;30/09/2026;09:00;20.8;2;NUAGEUX;5;20.9;0
Montereau-Fault-Yonne;48.38;2.95;30/09/2026;10:00;22.0;2;NUAGEUX;5;27.0;0
Montereau-Fault-Yonne;48.38;2.95;30/09/2026;11:00;26.4;2;NUAGEUX;4;31.3;0
Montereau-Fault-Yonne;48.38;2.95;30/09/2026;12:00;26.4;2;NUAGEUX;4;32.8;0
Montereau-Fault-Yonne;48.38;2.95;30/09/2026;13:00;26.4;2;NUAGEUX;4;32.8;0
Montereau-Fault-Yonne;48.38;2.95;30/09/2026;14:00;26.9;2;NUAGEUX;5;32.8;0
Montereau-Fault-Yonne;48.38;2.95;30/09/2026;15:00;28.1;2;NUAGEUX;5;33.1;0
Montereau-Fault-Yonne;48.38;2.95;30/09/2026;16:00;26.9;2;NUAGEUX;5;33.1;0
Montereau-Fault-Yonne;48.38;2.95;30/09/2026;17:00;23.5;7;PLUIE FAIBLE;2;32.0;0
Montereau-Fault-Yonne;48.38;2.95;30/09/2026;18:00;23.5;7;PLUIE FAIBLE;2;28.4;0
Montereau-Fault-Yonne;48.38;2.95;30/09/2026;19:00;23.5;7;PLUIE FAIBLE;2;23.8;0
Montereau-Fault-Yonne;48.38;2.95;30/09/2026;20:00;22.0;2;NUAGEUX;5;19.8;0
Montereau-Fault-Yonne;48.38;2.95;30/09/2026;21:00;20.8;2;NUAGEUX;5;17.6;0
Montereau-Fault-Yonne;48.38;2.95;30/09/2026;22:00;19.5;2;NUAGEUX;5;16.6;0
Montereau-Fault-Yonne;48.38;2.95;30/09/2026;23:00;18.7;6;AVERSES;2;16.2;0
Montereau-Fault-Yonne;48.38;2.95;01/10/2026;00:00;18.7;6;AVERSES;2;16.7;0
Montereau-Fault-Yonne;48.38;2.95;01/10/2026;01:00;18.7;6;AVERSES;2;17.8;0
Montereau-Fault-Yonne;48.38;2.95;01/10/2026;02:00;15;6;AVERSES;5;18.6;0
Montereau-Fault-Yonne;48.38;2.95;01/10/2026;03:00;15;6;AVERSES;5;18.0;0
Montereau-Fault-Yonne;48.38;2.95;01/10/2026;04:00;15;6;AVERSES;5;16.2;0
Montereau-Fault-Yonne;48.38;2.95;01/10/2026;05:00;16.2;6;AVERSES;2;15.8;0
Montereau-Fault-Yonne;48.38;2.95;01/10/2026;06:00;16.2;6;AVERSES;2;18.0;0
Montereau-Fault-Yonne;48.38;2.95;01/10/2026;07:00;16.2;6;AVERSES;2;21.6;0
Montereau-Fault-Yonne;48.38;2.95;01/10/2026;08:00;16.4;6;AVERSES;5;23.8;0
Montereau-Fault-Yonne;48.38;2.95;01/10/2026;09:00;17.1;6;AVERSES;5;23.8;0
Montereau-Fault-Yonne;48.38;2.95;01/10/2026;10:00;17.8;6;AVERSES;5;22.3;0
Montereau-Fault-Yonne;48.38;2.95;01/10/2026;11:00;20.1;7;PLUIE FAIBLE;3;21.2;0
Montereau-Fault-Yonne;48.38;2.95;01/10/2026;12:00;20.1;7;PLUIE FAIBLE;3;20.9;0
Montereau-Fault-Yonne;48.38;2.95;01/10/2026;13:00;20.1;7;PLUIE FAIBLE;3;20.5;0
Montereau-Fault-Yonne;48.38;2.95;01/10/2026;14:00;20.7;6;AVERSES;5;20.2;0
Montereau-Fault-Yonne;48.38;2.95;01/10/2026;15:00;21.4;6;AVERSES;5;20.2;0
Montereau-Fault-Yonne;48.38;2.95;01/10/2026;16:00;20.7;6;AVERSES;5;20.5;0
Montereau-Fault-Yonne;48.38;2.95;01/10/2026;17:00;17.9;6;AVERSES;2;19.8;0
Montereau-Fault-Yonne;48.38;2.95;01/10/2026;18:00;17.9;6;AVERSES;2;17.6;0
Montereau-Fault-Yonne;48.38;2.95;01/10/2026;19:00;17.9;6;AVERSES;2;14.4;0
Montereau-Fault-Yonne;48.38;2.95;01/10/2026;20:00;17.8;6;AVERSES;5;12.2;0
Montereau-Fault-Yonne;48.38;2.95;01/10/2026;21:00;17.1;6;AVERSES;5;11.9;0
Montereau-Fault-Yonne;48.38;2.95;01/10/2026;22:00;16.4;6;AVERSES;5;12.6;0
Montereau-Fault-Yonne;48.38;2.95;01/10/2026;23:00;13.9;0;SOLEIL;2;13.3;0
Nangis;48.56;3.02;27/09/2026;00:00;12.7;0;SOLEIL;2;13.7;0
Nangis;48.56;3.02;27/09/2026;01:00;12.6;0;SOLEIL;2;10.4;0
Nangis;48.56;3.02;27/09/2026;02:00;12;0;SOLEIL;2;9.0;0
Nangis;48.56;3.02;27/09/2026;03:00;11.7;0;SOLEIL;2;9.0;0
Nangis;48.56;3.02;27/09/2026;04:00;11.7;0;SOLEIL;2;9.0;0
Nangis;48.56;3.02;27/09/2026;05:00;11.5;0;SOLEIL;2;8.3;0
Nangis;48.56;3.02;27/09/2026;06:00;11.6;0;SOLEIL;2;8.3;0
Nangis;48.56;3.02;27/09/2026;07:00;14.8;0;SOLEIL;2;7.2;0
Nangis;48.56;3.02;27/09/2026;08:00;18.1;0;SOLEIL;3;7.2;0
Nangis;48.56;3.02;27/09/2026;09:00;21;0;SOLEIL;3;7.6;0
Nangis;48.56;3.02;27/09/2026;10:00;23.1;0;SOLEIL;3;11.2;0
Nangis;48.56;3.02;27/09/2026;11:00;24.6;5;SOLEIL VOILÉ;4;16.9;0
Nangis;48.56;3.02;27/09/2026;12:00;26;5;SOLEIL VOILÉ;4;20.9;0
Nangis;48.56;3.02;27/09/2026;13:00;26.4;5;SOLEIL VOILÉ;4;25.9;0
Nangis;48.56;3.02;27/09/2026;14:00;26.4;2;NUAGEUX;5;28.1;0
Nangis;48.56;3.02;27/09/2026;15:00;26.7;2;NUAGEUX;4;27.7;0
Nangis;48.56;3.02;27/09/2026;16:00;26.5;2;NUAGEUX;4;28.1;0
Nangis;48.56;3.02;27/09/2026;17:00;25.3;2;NUAGEUX;3;25.6;0
Nangis;48.56;3.02;27/09/2026;18:00;23.2;2;NUAGEUX;2;25.9;0
Nangis;48.56;3.02;27/09/2026;19:00;21.5;5;SOLEIL VOILÉ;2;22.0;0
Nangis;48.56;3.02;27/09/2026;20:00;20.4;5;SOLEIL VOILÉ;3;15.1;0
Nangis;48.56;3.02;27/09/2026;21:00;19.1;5;SOLEIL VOILÉ;2;11.5;0
Nangis;48.56;3.02;27/09/2026;22:00;18.1;2;NUAGEUX;3;10.8;0
Nangis;48.56;3.02;27/09/2026;23:00;17.5;2;NUAGEUX;2;11.9;0
Nangis;48.56;3.02;28/09/2026;00:00;16.6;2;NUAGEUX;2;8.6;0
Nangis;48.56;3.02;28/09/2026;01:00;16.6;2;NUAGEUX;2;5.4;0
Nangis;48.56;3.02;28/09/2026;02:00;15;5;SOLEIL VOILÉ;2;5.0;0
Nangis;48.56;3.02;28/09/2026;03:00;15;5;SOLEIL VOILÉ;2;7.8;0
Nangis;48.56;3.02;28/09/2026;04:00;15;5;SOLEIL VOILÉ;2;4.3;0
Nangis;48.56;3.02;28/09/2026;05:00;14.7;2;NUAGEUX;1;6.4;0
Nangis;48.56;3.02;28/09/2026;06:00;14.7;2;NUAGEUX;1;14.0;0
Nangis;48.56;3.02;28/09/2026;07:00;14.7;2;NUAGEUX;1;13.0;0
Nangis;48.56;3.02;28/09/2026;08:00;20.7;2;NUAGEUX;2;7.2;0
Nangis;48.56;3.02;28/09/2026;09:00;20.7;2;NUAGEUX;2;6.5;0
Nangis;48.56;3.02;28/09/2026;10:00;20.7;2;NUAGEUX;2;18.0;0
Nangis;48.56;3.02;28/09/2026;11:00;23;2;NUAGEUX;2;14.8;0
Nangis;48.56;3.02;28/09/2026;12:00;23;2;NUAGEUX;2;23.0;0
Nangis;48.56;3.02;28/09/2026;13:00;23;2;NUAGEUX;2;24.8;0
Nangis;48.56;3.02;28/09/2026;14:00;23.2;5;SOLEIL VOILÉ;3;20.9;0
Nangis;48.56;3.02;28/09/2026;15:00;23.2;5;SOLEIL VOILÉ;3;16.6;0
Nangis;48.56;3.02;28/09/2026;16:00;23.2;5;SOLEIL VOILÉ;3;17.3;0
Nangis;48.56;3.02;28/09/2026;17:00;22;5;SOLEIL VOILÉ;3;16.6;0
Nangis;48.56;3.02;28/09/2026;18:00;22;5;SOLEIL VOILÉ;3;22.7;0
Nangis;48.56;3.02;28/09/2026;19:00;22;5;SOLEIL VOILÉ;3;23.0;0
Nangis;48.56;3.02;28/09/2026;20:00;18.2;5;SOLEIL VOILÉ;3;17.6;0
Nangis;48.56;3.02;28/09/2026;21:00;18.2;5;SOLEIL VOILÉ;3;14.4;0
Nangis;48.56;3.02;28/09/2026;22:00;18.2;5;SOLEIL VOILÉ;3;11.2;0
Nangis;48.56;3.02;28/09/2026;23:00;15.5;5;SOLEIL VOILÉ;3;10.4;0
Nangis;48.56;3.02;29/09/2026;00:00;15.5;5;SOLEIL VOILÉ;3;12.2;0
Nangis;48.56;3.02;29/09/2026;01:00;15.5;5;SOLEIL VOILÉ;3;13.3;0
Nangis;48.56;3.02;29/09/2026;02:00;14.2;5;SOLEIL VOILÉ;3;13.7;0
Nangis;48.56;3.02;29/09/2026;03:00;14.2;5;SOLEIL VOILÉ;3;14.0;0
Nangis;48.56;3.02;29/09/2026;04:00;14.2;5;SOLEIL VOILÉ;3;14.8;0
Nangis;48.56;3.02;29/09/2026;05:00;14.4;5;SOLEIL VOILÉ;3;16.9;0
Nangis;48.56;3.02;29/09/2026;06:00;14.4;5;SOLEIL VOILÉ;3;18.0;0
Nangis;48.56;3.02;29/09/2026;07:00;14.4;5;SOLEIL VOILÉ;3;17.6;0
Nangis;48.56;3.02;29/09/2026;08:00;22.1;0;SOLEIL;3;14.8;0
Nangis;48.56;3.02;29/09/2026;09:00;22.1;0;SOLEIL;3;19.1;0
Nangis;48.56;3.02;29/09/2026;10:00;22.1;0;SOLEIL;3;25.6;0
Nangis;48.56;3.02;29/09/2026;11:00;27.1;0;SOLEIL;3;29.5;0
Nangis;48.56;3.02;29/09/2026;12:00;27.1;0;SOLEIL;3;29.2;0
Nangis;48.56;3.02;29/09/2026;13:00;27.1;0;SOLEIL;3;26.6;0
Nangis;48.56;3.02;29/09/2026;14:00;28.6;0;SOLEIL;4;25.2;0
Nangis;48.56;3.02;29/09/2026;15:00;28.6;0;SOLEIL;4;26.3;0
Nangis;48.56;3.02;29/09/2026;16:00;28.6;0;SOLEIL;4;28.1;0
Nangis;48.56;3.02;29/09/2026;17:00;23.6;0;SOLEIL;2;28.4;0
Nangis;48.56;3.02;29/09/2026;18:00;23.6;0;SOLEIL;2;25.2;0
Nangis;48.56;3.02;29/09/2026;19:00;23.6;0;SOLEIL;2;20.9;0
Nangis;48.56;3.02;29/09/2026;20:00;20.5;0;SOLEIL;5;18.0;0
Nangis;48.56;3.02;29/09/2026;21:00;18.8;0;SOLEIL;5;19.1;0
Nangis;48.56;3.02;29/09/2026;22:00;17.0;0;SOLEIL;5;22.0;0
Nangis;48.56;3.02;29/09/2026;23:00;18.5;2;NUAGEUX;3;23.8;0
Nangis;48.56;3.02;30/09/2026;00:00;18.5;2;NUAGEUX;3;23.4;0
Nangis;48.56;3.02;30/09/2026;01:00;18.5;2;NUAGEUX;3;22.0;0
Nangis;48.56;3.02;30/09/2026;02:00;16.9;2;NUAGEUX;5;20.9;0
Nangis;48.56;3.02;30/09/2026;03:00;16.9;2;NUAGEUX;5;20.9;0
Nangis;48.56;3.02;30/09/2026;04:00;16.9;2;NUAGEUX;5;20.9;0
Nangis;48.56;3.02;30/09/2026;05:00;18.1;2;NUAGEUX;3;20.9;0
Nangis;48.56;3.02;30/09/2026;06:00;18.1;2;NUAGEUX;3;20.2;0
Nangis;48.56;3.02;30/09/2026;07:00;18.1;2;NUAGEUX;3;19.4;0
Nangis;48.56;3.02;30/09/2026;08:00;19.1;2;NUAGEUX;5;19.8;0
Nangis;48.56;3.02;30/09/2026;09:00;20.1;2;NUAGEUX;5;23.0;0
Nangis;48.56;3.02;30/09/2026;10:00;21.2;2;NUAGEUX;5;27.7;0
Nangis;48.56;3.02;30/09/2026;11:00;24.6;2;NUAGEUX;4;31.0;0
Nangis;48.56;3.02;30/09/2026;12:00;24.6;2;NUAGEUX;4;31.7;0
Nangis;48.56;3.02;30/09/2026;13:00;24.6;2;NUAGEUX;4;31.0;0
Nangis;48.56;3.02;30/09/2026;14:00;25.5;2;NUAGEUX;5;30.2;0
Nangis;48.56;3.02;30/09/2026;15:00;26.6;2;NUAGEUX;5;29.5;0
Nangis;48.56;3.02;30/09/2026;16:00;25.5;2;NUAGEUX;5;28.4;0
Nangis;48.56;3.02;30/09/2026;17:00;22.2;7;PLUIE FAIBLE;2;26.6;0
Nangis;48.56;3.02;30/09/2026;18:00;22.2;7;PLUIE FAIBLE;2;23.0;0
Nangis;48.56;3.02;30/09/2026;19:00;22.2;7;PLUIE FAIBLE;2;18.4;0
Nangis;48.56;3.02;30/09/2026;20:00;21.2;2;NUAGEUX;5;15.5;0
Nangis;48.56;3.02;30/09/2026;21:00;20.1;2;NUAGEUX;5;15.8;0
Nangis;48.56;3.02;30/09/2026;22:00;19.1;2;NUAGEUX;5;18.4;0
Nangis;48.56;3.02;30/09/2026;23:00;17.9;6;AVERSES;2;19.8;0
Nangis;48.56;3.02;01/10/2026;00:00;17.9;6;AVERSES;2;19.7;0
Nangis;48.56;3.02;01/10/2026;01:00;17.9;6;AVERSES;2;18.5;0
Nangis;48.56;3.02;01/10/2026;02:00;14.5;6;AVERSES;5;17.6;0
Nangis;48.56;3.02;01/10/2026;03:00;14.5;6;AVERSES;5;18.0;0
Nangis;48.56;3.02;01/10/2026;04:00;14.5;6;AVERSES;5;19.1;0
Nangis;48.56;3.02;01/10/2026;05:00;15.7;6;AVERSES;2;20.2;0
Nangis;48.56;3.02;01/10/2026;06:00;15.7;6;AVERSES;2;21.2;0
Nangis;48.56;3.02;01/10/2026;07:00;15.7;6;AVERSES;2;22.3;0
Nangis;48.56;3.02;01/10/2026;08:00;15.7;6;AVERSES;5;22.7;0
Nangis;48.56;3.02;01/10/2026;09:00;16.4;6;AVERSES;5;22.0;0
Nangis;48.56;3.02;01/10/2026;10:00;17.0;6;AVERSES;5;20.5;0
Nangis;48.56;3.02;01/10/2026;11:00;18.7;7;PLUIE FAIBLE;3;19.8;0
Nangis;48.56;3.02;01/10/2026;12:00;18.7;7;PLUIE FAIBLE;3;20.5;0
Nangis;48.56;3.02;01/10/2026;13:00;18.7;7;PLUIE FAIBLE;3;22.3;0
Nangis;48.56;3.02;01/10/2026;14:00;19.5;6;AVERSES;5;23.0;0
Nangis;48.56;3.02;01/10/2026;15:00;20.1;6;AVERSES;5;22.7;0
Nangis;48.56;3.02;01/10/2026;16:00;19.5;6;AVERSES;5;21.6;0
Nangis;48.56;3.02;01/10/2026;17:00;16.7;6;AVERSES;2;20.2;0
Nangis;48.56;3.02;01/10/2026;18:00;16.7;6;AVERSES;2;17.6;0
Nangis;48.56;3.02;01/10/2026;19:00;16.7;6;AVERSES;2;14.4;0
Nangis;48.56;3.02;01/10/2026;20:00;17.0;6;AVERSES;5;12.2;0
Nangis;48.56;3.02;01/10/2026;21:00;16.4;6;AVERSES;5;12.2;0
Nangis;48.56;3.02;01/10/2026;22:00;15.7;6;AVERSES;5;13.3;0
Nangis;48.56;3.02;01/10/2026;23:00;12.9;0;SOLEIL;2;14.4;0
Nemours;48.27;2.69;27/09/2026;00:00;13.1;0;SOLEIL;2;4.3;0
Nemours;48.27;2.69;27/09/2026;01:00;12.1;0;SOLEIL;1;1.8;0
Nemours;48.27;2.69;27/09/2026;02:00;11.2;0;SOLEIL;1;3.2;0
Nemours;48.27;2.69;27/09/2026;03:00;11.5;0;SOLEIL;1;1.8;0
Nemours;48.27;2.69;27/09/2026;04:00;11.5;0;SOLEIL;1;3.2;0
Nemours;48.27;2.69;27/09/2026;05:00;10.5;0;SOLEIL;1;3.6;0
Nemours;48.27;2.69;27/09/2026;06:00;10.6;0;SOLEIL;1;2.2;0
Nemours;48.27;2.69;27/09/2026;07:00;13.6;0;SOLEIL;1;1.8;0
Nemours;48.27;2.69;27/09/2026;08:00;17.1;0;SOLEIL;2;1.8;0
Nemours;48.27;2.69;27/09/2026;09:00;21.4;0;SOLEIL;2;2.5;0
Nemours;48.27;2.69;27/09/2026;10:00;24.2;5;SOLEIL VOILÉ;3;2.5;0
Nemours;48.27;2.69;27/09/2026;11:00;26.1;5;SOLEIL VOILÉ;4;9.7;0
Nemours;48.27;2.69;27/09/2026;12:00;27.6;5;SOLEIL VOILÉ;4;16.6;0
Nemours;48.27;2.69;27/09/2026;13:00;28.1;2;NUAGEUX;4;19.8;0
Nemours;48.27;2.69;27/09/2026;14:00;28.3;2;NUAGEUX;4;22.3;0
Nemours;48.27;2.69;27/09/2026;15:00;28.2;2;NUAGEUX;4;25.9;0
Nemours;48.27;2.69;27/09/2026;16:00;27.6;2;NUAGEUX;4;26.3;0
Nemours;48.27;2.69;27/09/2026;17:00;25.9;2;NUAGEUX;3;24.1;0
Nemours;48.27;2.69;27/09/2026;18:00;23.6;2;NUAGEUX;2;21.6;0
Nemours;48.27;2.69;27/09/2026;19:00;21.6;5;SOLEIL VOILÉ;2;20.2;0
Nemours;48.27;2.69;27/09/2026;20:00;19.6;5;SOLEIL VOILÉ;2;11.2;0
Nemours;48.27;2.69;27/09/2026;21:00;18.1;2;NUAGEUX;2;3.6;0
Nemours;48.27;2.69;27/09/2026;22:00;17.1;2;NUAGEUX;2;2.9;0
Nemours;48.27;2.69;27/09/2026;23:00;16.5;2;NUAGEUX;1;2.2;0
Nemours;48.27;2.69;28/09/2026;00:00;15.9;2;NUAGEUX;1;2.2;0
Nemours;48.27;2.69;28/09/2026;01:00;15.9;2;NUAGEUX;1;3.6;0
Nemours;48.27;2.69;28/09/2026;02:00;15.9;5;SOLEIL VOILÉ;1;3.2;0
Nemours;48.27;2.69;28/09/2026;03:00;15.9;5;SOLEIL VOILÉ;1;3.2;0
Nemours;48.27;2.69;28/09/2026;04:00;15.9;5;SOLEIL VOILÉ;1;3.8;0
Nemours;48.27;2.69;28/09/2026;05:00;15.2;2;NUAGEUX;2;5.6;0
Nemours;48.27;2.69;28/09/2026;06:00;15.2;2;NUAGEUX;2;14.4;0
Nemours;48.27;2.69;28/09/2026;07:00;15.2;2;NUAGEUX;2;13.3;0
Nemours;48.27;2.69;28/09/2026;08:00;21.4;2;NUAGEUX;2;5.8;0
Nemours;48.27;2.69;28/09/2026;09:00;21.4;2;NUAGEUX;2;14.0;0
Nemours;48.27;2.69;28/09/2026;10:00;21.4;2;NUAGEUX;2;16.2;0
Nemours;48.27;2.69;28/09/2026;11:00;23.5;5;SOLEIL VOILÉ;2;16.9;0
Nemours;48.27;2.69;28/09/2026;12:00;23.5;5;SOLEIL VOILÉ;2;22.7;0
Nemours;48.27;2.69;28/09/2026;13:00;23.5;5;SOLEIL VOILÉ;2;23.8;0
Nemours;48.27;2.69;28/09/2026;14:00;26.2;5;SOLEIL VOILÉ;2;13.7;0
Nemours;48.27;2.69;28/09/2026;15:00;26.2;5;SOLEIL VOILÉ;2;15.8;0
Nemours;48.27;2.69;28/09/2026;16:00;26.2;5;SOLEIL VOILÉ;2;16.6;0
Nemours;48.27;2.69;28/09/2026;17:00;23;5;SOLEIL VOILÉ;2;20.9;0
Nemours;48.27;2.69;28/09/2026;18:00;23;5;SOLEIL VOILÉ;2;21.2;0
Nemours;48.27;2.69;28/09/2026;19:00;23;5;SOLEIL VOILÉ;2;18.7;0
Nemours;48.27;2.69;28/09/2026;20:00;18.5;5;SOLEIL VOILÉ;3;12.6;0
Nemours;48.27;2.69;28/09/2026;21:00;18.5;5;SOLEIL VOILÉ;3;9.4;0
Nemours;48.27;2.69;28/09/2026;22:00;18.5;5;SOLEIL VOILÉ;3;8.3;0
Nemours;48.27;2.69;28/09/2026;23:00;15.9;5;SOLEIL VOILÉ;2;5.4;0
Nemours;48.27;2.69;29/09/2026;00:00;15.9;5;SOLEIL VOILÉ;2;6.8;0
Nemours;48.27;2.69;29/09/2026;01:00;15.9;5;SOLEIL VOILÉ;2;7.9;0
Nemours;48.27;2.69;29/09/2026;02:00;14.6;5;SOLEIL VOILÉ;2;9.4;0
Nemours;48.27;2.69;29/09/2026;03:00;14.6;5;SOLEIL VOILÉ;2;11.5;0
Nemours;48.27;2.69;29/09/2026;04:00;14.6;5;SOLEIL VOILÉ;2;13.3;0
Nemours;48.27;2.69;29/09/2026;05:00;14.1;0;SOLEIL;3;14.0;0
Nemours;48.27;2.69;29/09/2026;06:00;14.1;0;SOLEIL;3;14.4;0
Nemours;48.27;2.69;29/09/2026;07:00;14.1;0;SOLEIL;3;14.0;0
Nemours;48.27;2.69;29/09/2026;08:00;23.6;0;SOLEIL;3;12.2;0
Nemours;48.27;2.69;29/09/2026;09:00;23.6;0;SOLEIL;3;16.6;0
Nemours;48.27;2.69;29/09/2026;10:00;23.6;0;SOLEIL;3;22.7;0
Nemours;48.27;2.69;29/09/2026;11:00;29;0;SOLEIL;3;27.0;0
Nemours;48.27;2.69;29/09/2026;12:00;29;0;SOLEIL;3;26.6;0
Nemours;48.27;2.69;29/09/2026;13:00;29;0;SOLEIL;3;24.5;0
Nemours;48.27;2.69;29/09/2026;14:00;30.1;0;SOLEIL;4;23.8;0
Nemours;48.27;2.69;29/09/2026;15:00;30.1;0;SOLEIL;4;27.0;0
Nemours;48.27;2.69;29/09/2026;16:00;30.1;0;SOLEIL;4;32.0;0
Nemours;48.27;2.69;29/09/2026;17:00;25;0;SOLEIL;3;34.2;0
Nemours;48.27;2.69;29/09/2026;18:00;25;0;SOLEIL;3;31.0;0
Nemours;48.27;2.69;29/09/2026;19:00;25;0;SOLEIL;3;25.2;0
Nemours;48.27;2.69;29/09/2026;20:00;21.0;0;SOLEIL;5;21.6;0
Nemours;48.27;2.69;29/09/2026;21:00;19.0;0;SOLEIL;5;23.4;0
Nemours;48.27;2.69;29/09/2026;22:00;17.1;0;SOLEIL;5;27.4;0
Nemours;48.27;2.69;29/09/2026;23:00;19;2;NUAGEUX;4;29.9;0
Nemours;48.27;2.69;30/09/2026;00:00;19;2;NUAGEUX;4;29.5;0
Nemours;48.27;2.69;30/09/2026;01:00;19;2;NUAGEUX;4;27.7;0
Nemours;48.27;2.69;30/09/2026;02:00;18;6;AVERSES;5;25.9;0
Nemours;48.27;2.69;30/09/2026;03:00;18;6;AVERSES;5;24.5;0
Nemours;48.27;2.69;30/09/2026;04:00;18;6;AVERSES;5;23.0;0
Nemours;48.27;2.69;30/09/2026;05:00;19;2;NUAGEUX;4;21.6;0
Nemours;48.27;2.69;30/09/2026;06:00;19;2;NUAGEUX;4;20.2;0
Nemours;48.27;2.69;30/09/2026;07:00;19;2;NUAGEUX;4;19.1;0
Nemours;48.27;2.69;30/09/2026;08:00;20.1;6;AVERSES;5;19.4;0
Nemours;48.27;2.69;30/09/2026;09:00;21.2;6;AVERSES;5;22.7;0
Nemours;48.27;2.69;30/09/2026;10:00;22.2;6;AVERSES;5;27.4;0
Nemours;48.27;2.69;30/09/2026;11:00;26;2;NUAGEUX;4;31.0;0
Nemours;48.27;2.69;30/09/2026;12:00;26;2;NUAGEUX;4;33.1;0
Nemours;48.27;2.69;30/09/2026;13:00;26;2;NUAGEUX;4;34.2;0
Nemours;48.27;2.69;30/09/2026;14:00;26.4;6;AVERSES;5;34.6;0
Nemours;48.27;2.69;30/09/2026;15:00;27.5;6;AVERSES;5;33.1;0
Nemours;48.27;2.69;30/09/2026;16:00;26.4;6;AVERSES;5;31.0;0
Nemours;48.27;2.69;30/09/2026;17:00;22.9;6;AVERSES;3;28.8;0
Nemours;48.27;2.69;30/09/2026;18:00;22.9;6;AVERSES;3;27.7;0
Nemours;48.27;2.69;30/09/2026;19:00;22.9;6;AVERSES;3;27.0;0
Nemours;48.27;2.69;30/09/2026;20:00;22.2;6;AVERSES;5;26.3;0
Nemours;48.27;2.69;30/09/2026;21:00;21.2;6;AVERSES;5;24.8;0
Nemours;48.27;2.69;30/09/2026;22:00;20.1;6;AVERSES;5;23.0;0
Nemours;48.27;2.69;30/09/2026;23:00;18.5;6;AVERSES;3;21.6;0
Nemours;48.27;2.69;01/10/2026;00:00;18.5;6;AVERSES;3;20.8;0
Nemours;48.27;2.69;01/10/2026;01:00;18.5;6;AVERSES;3;20.0;0
Nemours;48.27;2.69;01/10/2026;02:00;14.6;7;PLUIE FAIBLE;5;19.2;0
Nemours;48.27;2.69;01/10/2026;03:00;14.6;7;PLUIE FAIBLE;5;19.1;0
Nemours;48.27;2.69;01/10/2026;04:00;14.6;7;PLUIE FAIBLE;5;19.8;0
Nemours;48.27;2.69;01/10/2026;05:00;15.9;7;PLUIE FAIBLE;2;20.2;0
Nemours;48.27;2.69;01/10/2026;06:00;15.9;7;PLUIE FAIBLE;2;20.2;0
Nemours;48.27;2.69;01/10/2026;07:00;15.9;7;PLUIE FAIBLE;2;19.8;0
Nemours;48.27;2.69;01/10/2026;08:00;16.0;7;PLUIE FAIBLE;5;19.4;0
Nemours;48.27;2.69;01/10/2026;09:00;16.7;7;PLUIE FAIBLE;5;18.7;0
Nemours;48.27;2.69;01/10/2026;10:00;17.4;7;PLUIE FAIBLE;5;17.6;0
Nemours;48.27;2.69;01/10/2026;11:00;19.6;6;AVERSES;3;16.9;0
Nemours;48.27;2.69;01/10/2026;12:00;19.6;6;AVERSES;3;16.2;0
Nemours;48.27;2.69;01/10/2026;13:00;19.6;6;AVERSES;3;15.8;0
Nemours;48.27;2.69;01/10/2026;14:00;20.2;7;PLUIE FAIBLE;5;15.8;0
Nemours;48.27;2.69;01/10/2026;15:00;20.9;7;PLUIE FAIBLE;5;16.6;0
Nemours;48.27;2.69;01/10/2026;16:00;20.2;7;PLUIE FAIBLE;5;17.6;0
Nemours;48.27;2.69;01/10/2026;17:00;17.1;7;PLUIE FAIBLE;2;18.4;0
Nemours;48.27;2.69;01/10/2026;18:00;17.1;7;PLUIE FAIBLE;2;17.6;0
Nemours;48.27;2.69;01/10/2026;19:00;17.1;7;PLUIE FAIBLE;2;16.2;0
Nemours;48.27;2.69;01/10/2026;20:00;17.4;7;PLUIE FAIBLE;5;15.1;0
Nemours;48.27;2.69;01/10/2026;21:00;16.7;7;PLUIE FAIBLE;5;14.4;0
Nemours;48.27;2.69;01/10/2026;22:00;16.0;7;PLUIE FAIBLE;5;14.0;0
Nemours;48.27;2.69;01/10/2026;23:00;12.6;0;SOLEIL;2;13.7;0
Provins;48.56;3.3;27/09/2026;00:00;14.1;0;SOLEIL;2;7.6;0
Provins;48.56;3.3;27/09/2026;01:00;13.9;0;SOLEIL;2;7.9;0
Provins;48.56;3.3;27/09/2026;02:00;13;0;SOLEIL;2;7.2;0
Provins;48.56;3.3;27/09/2026;03:00;12.9;0;SOLEIL;2;6.1;0
Provins;48.56;3.3;27/09/2026;04:00;12.6;0;SOLEIL;2;6.1;0
Provins;48.56;3.3;27/09/2026;05:00;12.9;0;SOLEIL;2;6.1;0
Provins;48.56;3.3;27/09/2026;06:00;12.8;0;SOLEIL;2;6.1;0
Provins;48.56;3.3;27/09/2026;07:00;14.7;0;SOLEIL;2;5.8;0
Provins;48.56;3.3;27/09/2026;08:00;18.4;0;SOLEIL;2;6.1;0
Provins;48.56;3.3;27/09/2026;09:00;21.2;0;SOLEIL;2;5.4;0
Provins;48.56;3.3;27/09/2026;10:00;23.1;0;SOLEIL;3;6.8;0
Provins;48.56;3.3;27/09/2026;11:00;25.6;5;SOLEIL VOILÉ;3;13.3;0
Provins;48.56;3.3;27/09/2026;12:00;27.5;5;SOLEIL VOILÉ;4;17.6;0
Provins;48.56;3.3;27/09/2026;13:00;28.3;5;SOLEIL VOILÉ;4;21.2;0
Provins;48.56;3.3;27/09/2026;14:00;28.7;2;NUAGEUX;4;24.5;0
Provins;48.56;3.3;27/09/2026;15:00;28.3;2;NUAGEUX;4;27.0;0
Provins;48.56;3.3;27/09/2026;16:00;27.9;2;NUAGEUX;4;27.0;0
Provins;48.56;3.3;27/09/2026;17:00;26.1;2;NUAGEUX;3;26.6;0
Provins;48.56;3.3;27/09/2026;18:00;23.9;2;NUAGEUX;2;25.2;0
Provins;48.56;3.3;27/09/2026;19:00;22;5;SOLEIL VOILÉ;2;18.0;0
Provins;48.56;3.3;27/09/2026;20:00;20.7;5;SOLEIL VOILÉ;2;9.0;0
Provins;48.56;3.3;27/09/2026;21:00;19.6;5;SOLEIL VOILÉ;2;6.8;0
Provins;48.56;3.3;27/09/2026;22:00;18.7;5;SOLEIL VOILÉ;2;7.9;0
Provins;48.56;3.3;27/09/2026;23:00;17.9;2;NUAGEUX;2;7.9;0
Provins;48.56;3.3;28/09/2026;00:00;17.2;2;NUAGEUX;0;7.9;0
Provins;48.56;3.3;28/09/2026;01:00;17.2;2;NUAGEUX;0;7.6;0
Provins;48.56;3.3;28/09/2026;02:00;15.1;5;SOLEIL VOILÉ;1;4.3;0
Provins;48.56;3.3;28/09/2026;03:00;15.1;5;SOLEIL VOILÉ;1;7.5;0
Provins;48.56;3.3;28/09/2026;04:00;15.1;5;SOLEIL VOILÉ;1;10.3;0
Provins;48.56;3.3;28/09/2026;05:00;14.6;2;NUAGEUX;2;6.5;0
Provins;48.56;3.3;28/09/2026;06:00;14.6;2;NUAGEUX;2;6.5;0
Provins;48.56;3.3;28/09/2026;07:00;14.6;2;NUAGEUX;2;16.6;0
Provins;48.56;3.3;28/09/2026;08:00;20.7;2;NUAGEUX;2;6.5;0
Provins;48.56;3.3;28/09/2026;09:00;20.7;2;NUAGEUX;2;7.2;0
Provins;48.56;3.3;28/09/2026;10:00;20.7;2;NUAGEUX;2;7.2;0
Provins;48.56;3.3;28/09/2026;11:00;24.5;2;NUAGEUX;2;16.9;0
Provins;48.56;3.3;28/09/2026;12:00;24.5;2;NUAGEUX;2;19.1;0
Provins;48.56;3.3;28/09/2026;13:00;24.5;2;NUAGEUX;2;29.5;0
Provins;48.56;3.3;28/09/2026;14:00;24.6;5;SOLEIL VOILÉ;3;26.6;0
Provins;48.56;3.3;28/09/2026;15:00;24.6;5;SOLEIL VOILÉ;3;20.9;0
Provins;48.56;3.3;28/09/2026;16:00;24.6;5;SOLEIL VOILÉ;3;23.0;0
Provins;48.56;3.3;28/09/2026;17:00;21.6;5;SOLEIL VOILÉ;3;22.0;0
Provins;48.56;3.3;28/09/2026;18:00;21.6;5;SOLEIL VOILÉ;3;15.8;0
Provins;48.56;3.3;28/09/2026;19:00;21.6;5;SOLEIL VOILÉ;3;16.6;0
Provins;48.56;3.3;28/09/2026;20:00;18.5;5;SOLEIL VOILÉ;3;15.5;0
Provins;48.56;3.3;28/09/2026;21:00;18.5;5;SOLEIL VOILÉ;3;17.3;0
Provins;48.56;3.3;28/09/2026;22:00;18.5;5;SOLEIL VOILÉ;3;20.9;0
Provins;48.56;3.3;28/09/2026;23:00;15.7;5;SOLEIL VOILÉ;3;20.9;0
Provins;48.56;3.3;29/09/2026;00:00;15.7;5;SOLEIL VOILÉ;3;17.3;0
Provins;48.56;3.3;29/09/2026;01:00;15.7;5;SOLEIL VOILÉ;3;14.8;0
Provins;48.56;3.3;29/09/2026;02:00;14.5;5;SOLEIL VOILÉ;3;14.8;0
Provins;48.56;3.3;29/09/2026;03:00;14.5;5;SOLEIL VOILÉ;3;13.0;0
Provins;48.56;3.3;29/09/2026;04:00;14.5;5;SOLEIL VOILÉ;3;11.9;0
Provins;48.56;3.3;29/09/2026;05:00;14.2;5;SOLEIL VOILÉ;2;13.7;0
Provins;48.56;3.3;29/09/2026;06:00;14.2;5;SOLEIL VOILÉ;2;14.0;0
Provins;48.56;3.3;29/09/2026;07:00;14.2;5;SOLEIL VOILÉ;2;13.3;0
Provins;48.56;3.3;29/09/2026;08:00;23;0;SOLEIL;3;11.5;0
Provins;48.56;3.3;29/09/2026;09:00;23;0;SOLEIL;3;15.5;0
Provins;48.56;3.3;29/09/2026;10:00;23;0;SOLEIL;3;20.9;0
Provins;48.56;3.3;29/09/2026;11:00;27.9;0;SOLEIL;3;25.6;0
Provins;48.56;3.3;29/09/2026;12:00;27.9;0;SOLEIL;3;28.1;0
Provins;48.56;3.3;29/09/2026;13:00;27.9;0;SOLEIL;3;29.5;0
Provins;48.56;3.3;29/09/2026;14:00;28.4;0;SOLEIL;4;30.2;0
Provins;48.56;3.3;29/09/2026;15:00;28.4;0;SOLEIL;4;29.9;0
Provins;48.56;3.3;29/09/2026;16:00;28.4;0;SOLEIL;4;28.8;0
Provins;48.56;3.3;29/09/2026;17:00;23.2;0;SOLEIL;2;27.4;0
Provins;48.56;3.3;29/09/2026;18:00;23.2;0;SOLEIL;2;25.2;0
Provins;48.56;3.3;29/09/2026;19:00;23.2;0;SOLEIL;2;22.3;0
Provins;48.56;3.3;29/09/2026;20:00;20.6;0;SOLEIL;5;20.5;0
Provins;48.56;3.3;29/09/2026;21:00;18.8;0;SOLEIL;5;20.9;0
Provins;48.56;3.3;29/09/2026;22:00;17.1;0;SOLEIL;5;22.3;0
Provins;48.56;3.3;29/09/2026;23:00;18;2;NUAGEUX;3;23.0;0
Provins;48.56;3.3;30/09/2026;00:00;18;2;NUAGEUX;3;22.7;0
Provins;48.56;3.3;30/09/2026;01:00;18;2;NUAGEUX;3;22.0;0
Provins;48.56;3.3;30/09/2026;02:00;14.6;7;PLUIE FAIBLE;5;21.6;0
Provins;48.56;3.3;30/09/2026;03:00;14.6;7;PLUIE FAIBLE;5;21.6;0
Provins;48.56;3.3;30/09/2026;04:00;14.6;7;PLUIE FAIBLE;5;22.0;0
Provins;48.56;3.3;30/09/2026;05:00;15.9;2;NUAGEUX;3;21.6;0
Provins;48.56;3.3;30/09/2026;06:00;15.9;2;NUAGEUX;3;19.8;0
Provins;48.56;3.3;30/09/2026;07:00;15.9;2;NUAGEUX;3;17.3;0
Provins;48.56;3.3;30/09/2026;08:00;17.4;7;PLUIE FAIBLE;5;16.9;0
Provins;48.56;3.3;30/09/2026;09:00;18.8;7;PLUIE FAIBLE;5;20.9;0
Provins;48.56;3.3;30/09/2026;10:00;20.2;7;PLUIE FAIBLE;5;26.6;0
Provins;48.56;3.3;30/09/2026;11:00;26;2;NUAGEUX;4;31.0;0
Provins;48.56;3.3;30/09/2026;12:00;26;2;NUAGEUX;4;31.7;0
Provins;48.56;3.3;30/09/2026;13:00;26;2;NUAGEUX;4;31.0;0
Provins;48.56;3.3;30/09/2026;14:00;25.8;7;PLUIE FAIBLE;5;30.2;0
Provins;48.56;3.3;30/09/2026;15:00;27.2;7;PLUIE FAIBLE;5;29.9;0
Provins;48.56;3.3;30/09/2026;16:00;25.8;7;PLUIE FAIBLE;5;29.5;0
Provins;48.56;3.3;30/09/2026;17:00;21.5;7;PLUIE FAIBLE;2;28.4;0
Provins;48.56;3.3;30/09/2026;18:00;21.5;7;PLUIE FAIBLE;2;26.3;0
Provins;48.56;3.3;30/09/2026;19:00;21.5;7;PLUIE FAIBLE;2;23.4;0
Provins;48.56;3.3;30/09/2026;20:00;20.2;7;PLUIE FAIBLE;5;20.9;0
Provins;48.56;3.3;30/09/2026;21:00;18.8;7;PLUIE FAIBLE;5;19.1;0
Provins;48.56;3.3;30/09/2026;22:00;17.4;7;PLUIE FAIBLE;5;17.3;0
Provins;48.56;3.3;30/09/2026;23:00;16.7;7;PLUIE FAIBLE;2;16.2;0
Provins;48.56;3.3;01/10/2026;00:00;16.7;7;PLUIE FAIBLE;2;15.8;0
Provins;48.56;3.3;01/10/2026;01:00;16.7;7;PLUIE FAIBLE;2;16.2;0
Provins;48.56;3.3;01/10/2026;02:00;14;7;PLUIE FAIBLE;5;17.1;0
Provins;48.56;3.3;01/10/2026;03:00;14;7;PLUIE FAIBLE;5;18.7;0
Provins;48.56;3.3;01/10/2026;04:00;14;7;PLUIE FAIBLE;5;20.2;0
Provins;48.56;3.3;01/10/2026;05:00;15.1;6;AVERSES;2;22.0;0
Provins;48.56;3.3;01/10/2026;06:00;15.1;6;AVERSES;2;23.8;0
Provins;48.56;3.3;01/10/2026;07:00;15.1;6;AVERSES;2;25.6;0
Provins;48.56;3.3;01/10/2026;08:00;15.4;7;PLUIE FAIBLE;5;27.0;0
Provins;48.56;3.3;01/10/2026;09:00;16.1;7;PLUIE FAIBLE;5;28.1;0
Provins;48.56;3.3;01/10/2026;10:00;16.8;7;PLUIE FAIBLE;5;28.8;0
Provins;48.56;3.3;01/10/2026;11:00;19.5;7;PLUIE FAIBLE;3;29.2;0
Provins;48.56;3.3;01/10/2026;12:00;19.5;7;PLUIE FAIBLE;3;29.2;0
Provins;48.56;3.3;01/10/2026;13:00;19.5;7;PLUIE FAIBLE;3;28.4;0
Provins;48.56;3.3;01/10/2026;14:00;19.5;7;PLUIE FAIBLE;5;27.4;0
Provins;48.56;3.3;01/10/2026;15:00;20.2;7;PLUIE FAIBLE;5;25.6;0
Provins;48.56;3.3;01/10/2026;16:00;19.5;7;PLUIE FAIBLE;5;23.0;0
Provins;48.56;3.3;01/10/2026;17:00;16;7;PLUIE FAIBLE;2;20.5;0
Provins;48.56;3.3;01/10/2026;18:00;16;7;PLUIE FAIBLE;2;18.4;0
Provins;48.56;3.3;01/10/2026;19:00;16;7;PLUIE FAIBLE;2;16.6;0
Provins;48.56;3.3;01/10/2026;20:00;16.8;7;PLUIE FAIBLE;5;15.1;0
Provins;48.56;3.3;01/10/2026;21:00;16.1;7;PLUIE FAIBLE;5;14.4;0
Provins;48.56;3.3;01/10/2026;22:00;15.4;7;PLUIE FAIBLE;5;14.4;0
Provins;48.56;3.3;01/10/2026;23:00;11.7;0;SOLEIL;3;14.4;0
Tournan-en-Brie;48.74;2.77;27/09/2026;00:00;15.1;0;SOLEIL;2;14.8;0
Tournan-en-Brie;48.74;2.77;27/09/2026;01:00;14.6;0;SOLEIL;2;12.6;0
Tournan-en-Brie;48.74;2.77;27/09/2026;02:00;14.1;0;SOLEIL;2;12.2;0
Tournan-en-Brie;48.74;2.77;27/09/2026;03:00;13.7;0;SOLEIL;2;10.4;0
Tournan-en-Brie;48.74;2.77;27/09/2026;04:00;13.6;0;SOLEIL;2;9.4;0
Tournan-en-Brie;48.74;2.77;27/09/2026;05:00;13.5;0;SOLEIL;2;9.0;0
Tournan-en-Brie;48.74;2.77;27/09/2026;06:00;13.1;0;SOLEIL;2;8.6;0
Tournan-en-Brie;48.74;2.77;27/09/2026;07:00;15.1;0;SOLEIL;2;9.0;0
Tournan-en-Brie;48.74;2.77;27/09/2026;08:00;17.6;2;NUAGEUX;2;8.6;0
Tournan-en-Brie;48.74;2.77;27/09/2026;09:00;20.1;0;SOLEIL;3;9.0;0
Tournan-en-Brie;48.74;2.77;27/09/2026;10:00;22.6;5;SOLEIL VOILÉ;3;11.2;0
Tournan-en-Brie;48.74;2.77;27/09/2026;11:00;24.1;5;SOLEIL VOILÉ;4;15.8;0
Tournan-en-Brie;48.74;2.77;27/09/2026;12:00;25.5;5;SOLEIL VOILÉ;4;20.5;0
Tournan-en-Brie;48.74;2.77;27/09/2026;13:00;26.6;2;NUAGEUX;5;26.3;0
Tournan-en-Brie;48.74;2.77;27/09/2026;14:00;27.1;2;NUAGEUX;5;28.8;0
Tournan-en-Brie;48.74;2.77;27/09/2026;15:00;26.7;2;NUAGEUX;5;29.2;0
Tournan-en-Brie;48.74;2.77;27/09/2026;16:00;26.2;2;NUAGEUX;5;29.5;0
Tournan-en-Brie;48.74;2.77;27/09/2026;17:00;25.2;2;NUAGEUX;3;27.4;0
Tournan-en-Brie;48.74;2.77;27/09/2026;18:00;23.6;2;NUAGEUX;2;23.8;0
Tournan-en-Brie;48.74;2.77;27/09/2026;19:00;21.9;5;SOLEIL VOILÉ;2;24.1;0
Tournan-en-Brie;48.74;2.77;27/09/2026;20:00;20.6;5;SOLEIL VOILÉ;2;15.8;0
Tournan-en-Brie;48.74;2.77;27/09/2026;21:00;19.2;5;SOLEIL VOILÉ;3;13.7;0
Tournan-en-Brie;48.74;2.77;27/09/2026;22:00;18.2;2;NUAGEUX;2;11.9;0
Tournan-en-Brie;48.74;2.77;27/09/2026;23:00;17.6;2;NUAGEUX;2;9.7;0
Tournan-en-Brie;48.74;2.77;28/09/2026;00:00;17.4;2;NUAGEUX;2;9.0;0
Tournan-en-Brie;48.74;2.77;28/09/2026;01:00;17.4;2;NUAGEUX;2;5.0;0
Tournan-en-Brie;48.74;2.77;28/09/2026;02:00;16.6;2;NUAGEUX;2;3.6;0
Tournan-en-Brie;48.74;2.77;28/09/2026;03:00;16.6;2;NUAGEUX;2;6.7;0
Tournan-en-Brie;48.74;2.77;28/09/2026;04:00;16.6;2;NUAGEUX;2;12.2;0
Tournan-en-Brie;48.74;2.77;28/09/2026;05:00;16.6;2;NUAGEUX;2;17.7;0
Tournan-en-Brie;48.74;2.77;28/09/2026;06:00;16.6;2;NUAGEUX;2;19.4;0
Tournan-en-Brie;48.74;2.77;28/09/2026;07:00;16.6;2;NUAGEUX;2;19.1;0
Tournan-en-Brie;48.74;2.77;28/09/2026;08:00;21.1;2;NUAGEUX;2;18.0;0
Tournan-en-Brie;48.74;2.77;28/09/2026;09:00;21.1;2;NUAGEUX;2;12.6;0
Tournan-en-Brie;48.74;2.77;28/09/2026;10:00;21.1;2;NUAGEUX;2;22.7;0
Tournan-en-Brie;48.74;2.77;28/09/2026;11:00;24.1;2;NUAGEUX;2;21.2;0
Tournan-en-Brie;48.74;2.77;28/09/2026;12:00;24.1;2;NUAGEUX;2;25.2;0
Tournan-en-Brie;48.74;2.77;28/09/2026;13:00;24.1;2;NUAGEUX;2;22.3;0
Tournan-en-Brie;48.74;2.77;28/09/2026;14:00;24.7;5;SOLEIL VOILÉ;3;13.7;0
Tournan-en-Brie;48.74;2.77;28/09/2026;15:00;24.7;5;SOLEIL VOILÉ;3;16.9;0
Tournan-en-Brie;48.74;2.77;28/09/2026;16:00;24.7;5;SOLEIL VOILÉ;3;19.8;0
Tournan-en-Brie;48.74;2.77;28/09/2026;17:00;22.1;5;SOLEIL VOILÉ;3;19.4;0
Tournan-en-Brie;48.74;2.77;28/09/2026;18:00;22.1;5;SOLEIL VOILÉ;3;23.4;0
Tournan-en-Brie;48.74;2.77;28/09/2026;19:00;22.1;5;SOLEIL VOILÉ;3;23.4;0
Tournan-en-Brie;48.74;2.77;28/09/2026;20:00;19.1;5;SOLEIL VOILÉ;3;15.5;0
Tournan-en-Brie;48.74;2.77;28/09/2026;21:00;19.1;5;SOLEIL VOILÉ;3;11.9;0
Tournan-en-Brie;48.74;2.77;28/09/2026;22:00;19.1;5;SOLEIL VOILÉ;3;10.4;0
Tournan-en-Brie;48.74;2.77;28/09/2026;23:00;17.6;5;SOLEIL VOILÉ;3;10.1;0
Tournan-en-Brie;48.74;2.77;29/09/2026;00:00;17.6;5;SOLEIL VOILÉ;3;9.0;0
Tournan-en-Brie;48.74;2.77;29/09/2026;01:00;17.6;5;SOLEIL VOILÉ;3;11.9;0
Tournan-en-Brie;48.74;2.77;29/09/2026;02:00;16.1;5;SOLEIL VOILÉ;3;12.2;0
Tournan-en-Brie;48.74;2.77;29/09/2026;03:00;16.1;5;SOLEIL VOILÉ;3;12.2;0
Tournan-en-Brie;48.74;2.77;29/09/2026;04:00;16.1;5;SOLEIL VOILÉ;3;13.0;0
Tournan-en-Brie;48.74;2.77;29/09/2026;05:00;16.5;0;SOLEIL;3;15.8;0
Tournan-en-Brie;48.74;2.77;29/09/2026;06:00;16.5;0;SOLEIL;3;16.9;0
Tournan-en-Brie;48.74;2.77;29/09/2026;07:00;16.5;0;SOLEIL;3;18.4;0
Tournan-en-Brie;48.74;2.77;29/09/2026;08:00;22.6;0;SOLEIL;3;16.9;0
Tournan-en-Brie;48.74;2.77;29/09/2026;09:00;22.6;0;SOLEIL;3;20.9;0
Tournan-en-Brie;48.74;2.77;29/09/2026;10:00;22.6;0;SOLEIL;3;26.3;0
Tournan-en-Brie;48.74;2.77;29/09/2026;11:00;27.9;0;SOLEIL;3;29.5;0
Tournan-en-Brie;48.74;2.77;29/09/2026;12:00;27.9;0;SOLEIL;3;28.8;0
Tournan-en-Brie;48.74;2.77;29/09/2026;13:00;27.9;0;SOLEIL;3;26.3;0
Tournan-en-Brie;48.74;2.77;29/09/2026;14:00;28;0;SOLEIL;4;24.8;0
Tournan-en-Brie;48.74;2.77;29/09/2026;15:00;28;0;SOLEIL;4;26.6;0
Tournan-en-Brie;48.74;2.77;29/09/2026;16:00;28;0;SOLEIL;4;29.9;0
Tournan-en-Brie;48.74;2.77;29/09/2026;17:00;25.2;0;SOLEIL;3;31.7;0
Tournan-en-Brie;48.74;2.77;29/09/2026;18:00;25.2;0;SOLEIL;3;31.0;0
Tournan-en-Brie;48.74;2.77;29/09/2026;19:00;25.2;0;SOLEIL;3;28.4;0
Tournan-en-Brie;48.74;2.77;29/09/2026;20:00;21.3;0;SOLEIL;5;26.3;0
Tournan-en-Brie;48.74;2.77;29/09/2026;21:00;19.9;0;SOLEIL;5;24.1;0
Tournan-en-Brie;48.74;2.77;29/09/2026;22:00;18.4;0;SOLEIL;5;22.0;0
Tournan-en-Brie;48.74;2.77;29/09/2026;23:00;19.7;2;NUAGEUX;4;20.5;0
Tournan-en-Brie;48.74;2.77;30/09/2026;00:00;19.7;2;NUAGEUX;4;20.2;0
Tournan-en-Brie;48.74;2.77;30/09/2026;01:00;19.7;2;NUAGEUX;4;20.5;0
Tournan-en-Brie;48.74;2.77;30/09/2026;02:00;17.1;7;PLUIE FAIBLE;5;20.9;0
Tournan-en-Brie;48.74;2.77;30/09/2026;03:00;17.1;7;PLUIE FAIBLE;5;21.6;0
Tournan-en-Brie;48.74;2.77;30/09/2026;04:00;17.1;7;PLUIE FAIBLE;5;22.0;0
Tournan-en-Brie;48.74;2.77;30/09/2026;05:00;18.1;2;NUAGEUX;4;22.3;0
Tournan-en-Brie;48.74;2.77;30/09/2026;06:00;18.1;2;NUAGEUX;4;21.2;0
Tournan-en-Brie;48.74;2.77;30/09/2026;07:00;18.1;2;NUAGEUX;4;19.4;0
Tournan-en-Brie;48.74;2.77;30/09/2026;08:00;19.1;7;PLUIE FAIBLE;5;19.8;0
Tournan-en-Brie;48.74;2.77;30/09/2026;09:00;20.1;7;PLUIE FAIBLE;5;24.1;0
Tournan-en-Brie;48.74;2.77;30/09/2026;10:00;21.1;7;PLUIE FAIBLE;5;30.2;0
Tournan-en-Brie;48.74;2.77;30/09/2026;11:00;24.4;2;NUAGEUX;4;34.6;0
Tournan-en-Brie;48.74;2.77;30/09/2026;12:00;24.4;2;NUAGEUX;4;36.0;0
Tournan-en-Brie;48.74;2.77;30/09/2026;13:00;24.4;2;NUAGEUX;4;35.6;0
Tournan-en-Brie;48.74;2.77;30/09/2026;14:00;25.2;7;PLUIE FAIBLE;5;34.6;0
Tournan-en-Brie;48.74;2.77;30/09/2026;15:00;26.2;7;PLUIE FAIBLE;5;32.8;0
Tournan-en-Brie;48.74;2.77;30/09/2026;16:00;25.2;7;PLUIE FAIBLE;5;30.6;0
Tournan-en-Brie;48.74;2.77;30/09/2026;17:00;21.5;7;PLUIE FAIBLE;3;28.1;0
Tournan-en-Brie;48.74;2.77;30/09/2026;18:00;21.5;7;PLUIE FAIBLE;3;25.6;0
Tournan-en-Brie;48.74;2.77;30/09/2026;19:00;21.5;7;PLUIE FAIBLE;3;22.7;0
Tournan-en-Brie;48.74;2.77;30/09/2026;20:00;21.1;7;PLUIE FAIBLE;5;21.6;0
Tournan-en-Brie;48.74;2.77;30/09/2026;21:00;20.1;7;PLUIE FAIBLE;5;23.0;0
Tournan-en-Brie;48.74;2.77;30/09/2026;22:00;19.1;7;PLUIE FAIBLE;5;25.9;0
Tournan-en-Brie;48.74;2.77;30/09/2026;23:00;17.6;7;PLUIE FAIBLE;3;27.4;0
Tournan-en-Brie;48.74;2.77;01/10/2026;00:00;17.6;7;PLUIE FAIBLE;3;25.3;0
Tournan-en-Brie;48.74;2.77;01/10/2026;01:00;17.6;7;PLUIE FAIBLE;3;22.3;0
Tournan-en-Brie;48.74;2.77;01/10/2026;02:00;14.1;7;PLUIE FAIBLE;5;20.3;0
Tournan-en-Brie;48.74;2.77;01/10/2026;03:00;14.1;7;PLUIE FAIBLE;5;20.5;0
Tournan-en-Brie;48.74;2.77;01/10/2026;04:00;14.1;7;PLUIE FAIBLE;5;22.7;0
Tournan-en-Brie;48.74;2.77;01/10/2026;05:00;15.5;7;PLUIE FAIBLE;2;23.4;0
Tournan-en-Brie;48.74;2.77;01/10/2026;06:00;15.5;7;PLUIE FAIBLE;2;21.6;0
Tournan-en-Brie;48.74;2.77;01/10/2026;07:00;15.5;7;PLUIE FAIBLE;2;18.4;0
Tournan-en-Brie;48.74;2.77;01/10/2026;08:00;15.4;7;PLUIE FAIBLE;5;16.2;0
Tournan-en-Brie;48.74;2.77;01/10/2026;09:00;16.1;7;PLUIE FAIBLE;5;15.8;0
Tournan-en-Brie;48.74;2.77;01/10/2026;10:00;16.7;7;PLUIE FAIBLE;5;16.2;0
Tournan-en-Brie;48.74;2.77;01/10/2026;11:00;18.6;7;PLUIE FAIBLE;3;16.6;0
Tournan-en-Brie;48.74;2.77;01/10/2026;12:00;18.6;7;PLUIE FAIBLE;3;17.3;0
Tournan-en-Brie;48.74;2.77;01/10/2026;13:00;18.6;7;PLUIE FAIBLE;3;18.0;0
Tournan-en-Brie;48.74;2.77;01/10/2026;14:00;19.3;7;PLUIE FAIBLE;5;18.4;0
Tournan-en-Brie;48.74;2.77;01/10/2026;15:00;20.0;7;PLUIE FAIBLE;5;18.0;0
Tournan-en-Brie;48.74;2.77;01/10/2026;16:00;19.3;7;PLUIE FAIBLE;5;17.3;0
Tournan-en-Brie;48.74;2.77;01/10/2026;17:00;16.1;7;PLUIE FAIBLE;2;16.6;0
Tournan-en-Brie;48.74;2.77;01/10/2026;18:00;16.1;7;PLUIE FAIBLE;2;16.6;0
Tournan-en-Brie;48.74;2.77;01/10/2026;19:00;16.1;7;PLUIE FAIBLE;2;16.6;0
Tournan-en-Brie;48.74;2.77;01/10/2026;20:00;16.7;7;PLUIE FAIBLE;5;16.6;0
Tournan-en-Brie;48.74;2.77;01/10/2026;21:00;16.1;7;PLUIE FAIBLE;5;16.9;0
Tournan-en-Brie;48.74;2.77;01/10/2026;22:00;15.4;7;PLUIE FAIBLE;5;17.6;0
Tournan-en-Brie;48.74;2.77;01/10/2026;23:00;12.6;0;SOLEIL;2;17.3;0
Houdan;48.79;1.6;27/09/2026;00:00;13.5;0;SOLEIL;2;7.6;0
Houdan;48.79;1.6;27/09/2026;01:00;13;0;SOLEIL;2;6.5;0
Houdan;48.79;1.6;27/09/2026;02:00;12.4;0;SOLEIL;2;5.0;0
Houdan;48.79;1.6;27/09/2026;03:00;12;0;SOLEIL;2;4.3;0
Houdan;48.79;1.6;27/09/2026;04:00;12.1;0;SOLEIL;2;4.0;0
Houdan;48.79;1.6;27/09/2026;05:00;11.7;0;SOLEIL;0;3.6;0
Houdan;48.79;1.6;27/09/2026;06:00;11;0;SOLEIL;1;2.9;0
Houdan;48.79;1.6;27/09/2026;07:00;13.3;5;SOLEIL VOILÉ;1;3.6;0
Houdan;48.79;1.6;27/09/2026;08:00;16.1;5;SOLEIL VOILÉ;2;4.3;0
Houdan;48.79;1.6;27/09/2026;09:00;21.1;5;SOLEIL VOILÉ;3;4.3;0
Houdan;48.79;1.6;27/09/2026;10:00;22.9;5;SOLEIL VOILÉ;4;10.4;0
Houdan;48.79;1.6;27/09/2026;11:00;25.1;5;SOLEIL VOILÉ;5;18.4;0
Houdan;48.79;1.6;27/09/2026;12:00;26.1;2;NUAGEUX;5;23.0;0
Houdan;48.79;1.6;27/09/2026;13:00;26.2;2;NUAGEUX;5;25.6;0
Houdan;48.79;1.6;27/09/2026;14:00;26.9;2;NUAGEUX;5;27.4;0
Houdan;48.79;1.6;27/09/2026;15:00;27.1;2;NUAGEUX;6;29.5;0
Houdan;48.79;1.6;27/09/2026;16:00;26.1;2;NUAGEUX;5;28.8;0
Houdan;48.79;1.6;27/09/2026;17:00;24.4;2;NUAGEUX;4;27.0;0
Houdan;48.79;1.6;27/09/2026;18:00;22.5;2;NUAGEUX;3;25.9;0
Houdan;48.79;1.6;27/09/2026;19:00;20.4;5;SOLEIL VOILÉ;3;23.0;0
Houdan;48.79;1.6;27/09/2026;20:00;19;5;SOLEIL VOILÉ;2;15.5;0
Houdan;48.79;1.6;27/09/2026;21:00;18.1;5;SOLEIL VOILÉ;3;12.2;0
Houdan;48.79;1.6;27/09/2026;22:00;17.4;2;NUAGEUX;3;6.1;0
Houdan;48.79;1.6;27/09/2026;23:00;16.7;2;NUAGEUX;3;4.7;0
Houdan;48.79;1.6;28/09/2026;00:00;16.1;2;NUAGEUX;3;2.5;0
Houdan;48.79;1.6;28/09/2026;01:00;16.1;2;NUAGEUX;3;3.6;0
Houdan;48.79;1.6;28/09/2026;02:00;15.1;2;NUAGEUX;1;4.0;0
Houdan;48.79;1.6;28/09/2026;03:00;15.1;2;NUAGEUX;1;17.2;0
Houdan;48.79;1.6;28/09/2026;04:00;15.1;2;NUAGEUX;1;9.4;0
Houdan;48.79;1.6;28/09/2026;05:00;15.1;2;NUAGEUX;2;8.3;0
Houdan;48.79;1.6;28/09/2026;06:00;15.1;2;NUAGEUX;2;14.8;0
Houdan;48.79;1.6;28/09/2026;07:00;15.1;2;NUAGEUX;2;15.8;0
Houdan;48.79;1.6;28/09/2026;08:00;19.6;6;AVERSES;2;12.2;0
Houdan;48.79;1.6;28/09/2026;09:00;19.6;6;AVERSES;2;10.4;0
Houdan;48.79;1.6;28/09/2026;10:00;19.6;6;AVERSES;2;5.4;0
Houdan;48.79;1.6;28/09/2026;11:00;22.5;5;SOLEIL VOILÉ;2;19.4;0
Houdan;48.79;1.6;28/09/2026;12:00;22.5;5;SOLEIL VOILÉ;2;27.0;0
Houdan;48.79;1.6;28/09/2026;13:00;22.5;5;SOLEIL VOILÉ;2;21.6;0
Houdan;48.79;1.6;28/09/2026;14:00;22.6;6;AVERSES;3;21.6;0
Houdan;48.79;1.6;28/09/2026;15:00;22.6;6;AVERSES;3;16.2;0
Houdan;48.79;1.6;28/09/2026;16:00;22.6;6;AVERSES;3;29.5;0
Houdan;48.79;1.6;28/09/2026;17:00;19.2;6;AVERSES;3;27.0;0
Houdan;48.79;1.6;28/09/2026;18:00;19.2;6;AVERSES;3;35.3;0
Houdan;48.79;1.6;28/09/2026;19:00;19.2;6;AVERSES;3;22.0;0
Houdan;48.79;1.6;28/09/2026;20:00;15.7;5;SOLEIL VOILÉ;3;17.6;0
Houdan;48.79;1.6;28/09/2026;21:00;15.7;5;SOLEIL VOILÉ;3;18.4;0
Houdan;48.79;1.6;28/09/2026;22:00;15.7;5;SOLEIL VOILÉ;3;20.5;0
Houdan;48.79;1.6;28/09/2026;23:00;14.7;5;SOLEIL VOILÉ;4;17.3;0
Houdan;48.79;1.6;29/09/2026;00:00;14.7;5;SOLEIL VOILÉ;4;12.6;0
Houdan;48.79;1.6;29/09/2026;01:00;14.7;5;SOLEIL VOILÉ;4;9.7;0
Houdan;48.79;1.6;29/09/2026;02:00;13.6;5;SOLEIL VOILÉ;3;8.6;0
Houdan;48.79;1.6;29/09/2026;03:00;13.6;5;SOLEIL VOILÉ;3;9.4;0
Houdan;48.79;1.6;29/09/2026;04:00;13.6;5;SOLEIL VOILÉ;3;10.8;0
Houdan;48.79;1.6;29/09/2026;05:00;13.1;0;SOLEIL;2;12.2;0
Houdan;48.79;1.6;29/09/2026;06:00;13.1;0;SOLEIL;2;12.6;0
Houdan;48.79;1.6;29/09/2026;07:00;13.1;0;SOLEIL;2;13.0;0
Houdan;48.79;1.6;29/09/2026;08:00;21;0;SOLEIL;3;16.6;0
Houdan;48.79;1.6;29/09/2026;09:00;21;0;SOLEIL;3;20.2;0
Houdan;48.79;1.6;29/09/2026;10:00;21;0;SOLEIL;3;24.1;0
Houdan;48.79;1.6;29/09/2026;11:00;27.1;0;SOLEIL;4;27.4;0
Houdan;48.79;1.6;29/09/2026;12:00;27.1;0;SOLEIL;4;28.8;0
Houdan;48.79;1.6;29/09/2026;13:00;27.1;0;SOLEIL;4;28.8;0
Houdan;48.79;1.6;29/09/2026;14:00;27.9;0;SOLEIL;5;29.9;0
Houdan;48.79;1.6;29/09/2026;15:00;27.9;0;SOLEIL;5;32.8;0
Houdan;48.79;1.6;29/09/2026;16:00;27.9;0;SOLEIL;5;36.4;0
Houdan;48.79;1.6;29/09/2026;17:00;23.6;0;SOLEIL;3;37.4;0
Houdan;48.79;1.6;29/09/2026;18:00;23.6;0;SOLEIL;3;34.9;0
Houdan;48.79;1.6;29/09/2026;19:00;23.6;0;SOLEIL;3;29.9;0
Houdan;48.79;1.6;29/09/2026;20:00;19.4;0;SOLEIL;5;25.2;0
Houdan;48.79;1.6;29/09/2026;21:00;17.7;0;SOLEIL;5;20.5;0
Houdan;48.79;1.6;29/09/2026;22:00;15.9;0;SOLEIL;5;16.2;0
Houdan;48.79;1.6;29/09/2026;23:00;16.7;2;NUAGEUX;3;13.7;0
Houdan;48.79;1.6;30/09/2026;00:00;16.7;2;NUAGEUX;3;14.4;0
Houdan;48.79;1.6;30/09/2026;01:00;16.7;2;NUAGEUX;3;16.9;0
Houdan;48.79;1.6;30/09/2026;02:00;17.1;2;NUAGEUX;5;19.1;0
Houdan;48.79;1.6;30/09/2026;03:00;17.1;2;NUAGEUX;5;20.5;0
Houdan;48.79;1.6;30/09/2026;04:00;17.1;2;NUAGEUX;5;21.6;0
Houdan;48.79;1.6;30/09/2026;05:00;18.5;2;NUAGEUX;4;22.3;0
Houdan;48.79;1.6;30/09/2026;06:00;18.5;2;NUAGEUX;4;22.3;0
Houdan;48.79;1.6;30/09/2026;07:00;18.5;2;NUAGEUX;4;21.6;0
Houdan;48.79;1.6;30/09/2026;08:00;19.0;2;NUAGEUX;5;22.7;0
Houdan;48.79;1.6;30/09/2026;09:00;19.9;2;NUAGEUX;5;26.6;0
Houdan;48.79;1.6;30/09/2026;10:00;20.9;2;NUAGEUX;5;32.4;0
Houdan;48.79;1.6;30/09/2026;11:00;24.1;2;NUAGEUX;5;36.0;0
Houdan;48.79;1.6;30/09/2026;12:00;24.1;2;NUAGEUX;5;36.0;0
Houdan;48.79;1.6;30/09/2026;13:00;24.1;2;NUAGEUX;5;34.6;0
Houdan;48.79;1.6;30/09/2026;14:00;24.7;2;NUAGEUX;5;32.4;0
Houdan;48.79;1.6;30/09/2026;15:00;25.6;2;NUAGEUX;5;30.6;0
Houdan;48.79;1.6;30/09/2026;16:00;24.7;2;NUAGEUX;5;28.4;0
Houdan;48.79;1.6;30/09/2026;17:00;20.1;6;AVERSES;3;26.3;0
Houdan;48.79;1.6;30/09/2026;18:00;20.1;6;AVERSES;3;22.7;0
Houdan;48.79;1.6;30/09/2026;19:00;20.1;6;AVERSES;3;19.1;0
Houdan;48.79;1.6;30/09/2026;20:00;20.9;2;NUAGEUX;5;17.6;0
Houdan;48.79;1.6;30/09/2026;21:00;19.9;2;NUAGEUX;5;21.2;0
Houdan;48.79;1.6;30/09/2026;22:00;19.0;2;NUAGEUX;5;27.0;0
Houdan;48.79;1.6;30/09/2026;23:00;17;7;PLUIE FAIBLE;2;29.9;0
Houdan;48.79;1.6;01/10/2026;00:00;17;7;PLUIE FAIBLE;2;24.7;0
Houdan;48.79;1.6;01/10/2026;01:00;17;7;PLUIE FAIBLE;2;17.8;0
Houdan;48.79;1.6;01/10/2026;02:00;13.5;0;SOLEIL;5;13.1;0
Houdan;48.79;1.6;01/10/2026;03:00;13.5;0;SOLEIL;5;10.4;0
Houdan;48.79;1.6;01/10/2026;04:00;13.5;0;SOLEIL;5;9.0;0
Houdan;48.79;1.6;01/10/2026;05:00;14.1;7;PLUIE FAIBLE;2;8.3;0
Houdan;48.79;1.6;01/10/2026;06:00;14.1;7;PLUIE FAIBLE;2;9.0;0
Houdan;48.79;1.6;01/10/2026;07:00;14.1;7;PLUIE FAIBLE;2;10.8;0
Houdan;48.79;1.6;01/10/2026;08:00;14.9;0;SOLEIL;5;13.0;0
Houdan;48.79;1.6;01/10/2026;09:00;15.6;0;SOLEIL;5;15.1;0
Houdan;48.79;1.6;01/10/2026;10:00;16.3;0;SOLEIL;5;17.3;0
Houdan;48.79;1.6;01/10/2026;11:00;19.1;0;SOLEIL;4;19.1;0
Houdan;48.79;1.6;01/10/2026;12:00;19.1;0;SOLEIL;4;20.2;0
Houdan;48.79;1.6;01/10/2026;13:00;19.1;0;SOLEIL;4;20.5;0
Houdan;48.79;1.6;01/10/2026;14:00;19.2;0;SOLEIL;5;21.2;0
Houdan;48.79;1.6;01/10/2026;15:00;19.9;0;SOLEIL;5;22.7;0
Houdan;48.79;1.6;01/10/2026;16:00;19.2;0;SOLEIL;5;24.5;0
Houdan;48.79;1.6;01/10/2026;17:00;16.6;0;SOLEIL;2;25.9;0
Houdan;48.79;1.6;01/10/2026;18:00;16.6;0;SOLEIL;2;27.0;0
Houdan;48.79;1.6;01/10/2026;19:00;16.6;0;SOLEIL;2;27.7;0
Houdan;48.79;1.6;01/10/2026;20:00;16.3;0;SOLEIL;5;27.0;0
Houdan;48.79;1.6;01/10/2026;21:00;15.6;0;SOLEIL;5;23.8;0
Houdan;48.79;1.6;01/10/2026;22:00;14.9;0;SOLEIL;5;19.1;0
Houdan;48.79;1.6;01/10/2026;23:00;11.6;0;SOLEIL;2;15.1;0
Mantes-la-Jolie;48.99;1.72;27/09/2026;00:00;14.6;0;SOLEIL;2;8.3;0
Mantes-la-Jolie;48.99;1.72;27/09/2026;01:00;13.9;0;SOLEIL;2;8.6;0
Mantes-la-Jolie;48.99;1.72;27/09/2026;02:00;14;0;SOLEIL;2;7.9;0
Mantes-la-Jolie;48.99;1.72;27/09/2026;03:00;13.6;0;SOLEIL;2;8.3;0
Mantes-la-Jolie;48.99;1.72;27/09/2026;04:00;13.6;0;SOLEIL;2;7.2;0
Mantes-la-Jolie;48.99;1.72;27/09/2026;05:00;13.2;0;SOLEIL;2;6.5;0
Mantes-la-Jolie;48.99;1.72;27/09/2026;06:00;13;0;SOLEIL;2;6.5;0
Mantes-la-Jolie;48.99;1.72;27/09/2026;07:00;15.3;0;SOLEIL;2;6.1;0
Mantes-la-Jolie;48.99;1.72;27/09/2026;08:00;17.6;5;SOLEIL VOILÉ;2;6.1;0
Mantes-la-Jolie;48.99;1.72;27/09/2026;09:00;20;5;SOLEIL VOILÉ;2;6.1;0
Mantes-la-Jolie;48.99;1.72;27/09/2026;10:00;22.9;5;SOLEIL VOILÉ;2;11.2;0
Mantes-la-Jolie;48.99;1.72;27/09/2026;11:00;25.2;5;SOLEIL VOILÉ;4;14.8;0
Mantes-la-Jolie;48.99;1.72;27/09/2026;12:00;26;5;SOLEIL VOILÉ;4;16.9;0
Mantes-la-Jolie;48.99;1.72;27/09/2026;13:00;26.7;2;NUAGEUX;4;24.8;0
Mantes-la-Jolie;48.99;1.72;27/09/2026;14:00;27.2;2;NUAGEUX;4;27.4;0
Mantes-la-Jolie;48.99;1.72;27/09/2026;15:00;27;2;NUAGEUX;4;33.8;0
Mantes-la-Jolie;48.99;1.72;27/09/2026;16:00;26.4;2;NUAGEUX;4;32.8;0
Mantes-la-Jolie;48.99;1.72;27/09/2026;17:00;25.1;2;NUAGEUX;3;27.0;0
Mantes-la-Jolie;48.99;1.72;27/09/2026;18:00;23.6;2;NUAGEUX;2;24.8;0
Mantes-la-Jolie;48.99;1.72;27/09/2026;19:00;22.1;5;SOLEIL VOILÉ;2;24.1;0
Mantes-la-Jolie;48.99;1.72;27/09/2026;20:00;20.7;5;SOLEIL VOILÉ;2;18.4;0
Mantes-la-Jolie;48.99;1.72;27/09/2026;21:00;20.1;5;SOLEIL VOILÉ;3;6.5;0
Mantes-la-Jolie;48.99;1.72;27/09/2026;22:00;19.4;5;SOLEIL VOILÉ;3;11.9;0
Mantes-la-Jolie;48.99;1.72;27/09/2026;23:00;18.2;2;NUAGEUX;3;12.6;0
Mantes-la-Jolie;48.99;1.72;28/09/2026;00:00;17.6;2;NUAGEUX;3;8.6;0
Mantes-la-Jolie;48.99;1.72;28/09/2026;01:00;17.6;2;NUAGEUX;3;4.7;0
Mantes-la-Jolie;48.99;1.72;28/09/2026;02:00;15.4;2;NUAGEUX;1;10.1;0
Mantes-la-Jolie;48.99;1.72;28/09/2026;03:00;15.4;2;NUAGEUX;1;9.9;0
Mantes-la-Jolie;48.99;1.72;28/09/2026;04:00;15.4;2;NUAGEUX;1;9.7;0
Mantes-la-Jolie;48.99;1.72;28/09/2026;05:00;15.5;2;NUAGEUX;2;8.6;0
Mantes-la-Jolie;48.99;1.72;28/09/2026;06:00;15.5;2;NUAGEUX;2;3.6;0
Mantes-la-Jolie;48.99;1.72;28/09/2026;07:00;15.5;2;NUAGEUX;2;12.2;0
Mantes-la-Jolie;48.99;1.72;28/09/2026;08:00;20;6;AVERSES;2;12.2;0
Mantes-la-Jolie;48.99;1.72;28/09/2026;09:00;20;6;AVERSES;2;13.3;0
Mantes-la-Jolie;48.99;1.72;28/09/2026;10:00;20;6;AVERSES;2;9.0;0
Mantes-la-Jolie;48.99;1.72;28/09/2026;11:00;22.9;5;SOLEIL VOILÉ;2;16.9;0
Mantes-la-Jolie;48.99;1.72;28/09/2026;12:00;22.9;5;SOLEIL VOILÉ;2;25.2;0
Mantes-la-Jolie;48.99;1.72;28/09/2026;13:00;22.9;5;SOLEIL VOILÉ;2;24.8;0
Mantes-la-Jolie;48.99;1.72;28/09/2026;14:00;23.4;6;AVERSES;2;20.9;0
Mantes-la-Jolie;48.99;1.72;28/09/2026;15:00;23.4;6;AVERSES;2;18.7;0
Mantes-la-Jolie;48.99;1.72;28/09/2026;16:00;23.4;6;AVERSES;2;27.4;0
Mantes-la-Jolie;48.99;1.72;28/09/2026;17:00;19.4;6;AVERSES;3;29.5;0
Mantes-la-Jolie;48.99;1.72;28/09/2026;18:00;19.4;6;AVERSES;3;34.6;0
Mantes-la-Jolie;48.99;1.72;28/09/2026;19:00;19.4;6;AVERSES;3;24.1;0
Mantes-la-Jolie;48.99;1.72;28/09/2026;20:00;16.9;5;SOLEIL VOILÉ;3;21.6;0
Mantes-la-Jolie;48.99;1.72;28/09/2026;21:00;16.9;5;SOLEIL VOILÉ;3;25.2;0
Mantes-la-Jolie;48.99;1.72;28/09/2026;22:00;16.9;5;SOLEIL VOILÉ;3;26.3;0
Mantes-la-Jolie;48.99;1.72;28/09/2026;23:00;15.1;5;SOLEIL VOILÉ;3;26.3;0
Mantes-la-Jolie;48.99;1.72;29/09/2026;00:00;15.1;5;SOLEIL VOILÉ;3;16.2;0
Mantes-la-Jolie;48.99;1.72;29/09/2026;01:00;15.1;5;SOLEIL VOILÉ;3;11.9;0
Mantes-la-Jolie;48.99;1.72;29/09/2026;02:00;14.2;5;SOLEIL VOILÉ;3;9.7;0
Mantes-la-Jolie;48.99;1.72;29/09/2026;03:00;14.2;5;SOLEIL VOILÉ;3;10.8;0
Mantes-la-Jolie;48.99;1.72;29/09/2026;04:00;14.2;5;SOLEIL VOILÉ;3;11.2;0
Mantes-la-Jolie;48.99;1.72;29/09/2026;05:00;13.1;0;SOLEIL;2;10.8;0
Mantes-la-Jolie;48.99;1.72;29/09/2026;06:00;13.1;0;SOLEIL;2;10.8;0
Mantes-la-Jolie;48.99;1.72;29/09/2026;07:00;13.1;0;SOLEIL;2;9.7;0
Mantes-la-Jolie;48.99;1.72;29/09/2026;08:00;21.4;0;SOLEIL;2;11.5;0
Mantes-la-Jolie;48.99;1.72;29/09/2026;09:00;21.4;0;SOLEIL;2;14.4;0
Mantes-la-Jolie;48.99;1.72;29/09/2026;10:00;21.4;0;SOLEIL;2;18.4;0
Mantes-la-Jolie;48.99;1.72;29/09/2026;11:00;27.7;0;SOLEIL;3;22.0;0
Mantes-la-Jolie;48.99;1.72;29/09/2026;12:00;27.7;0;SOLEIL;3;24.1;0
Mantes-la-Jolie;48.99;1.72;29/09/2026;13:00;27.7;0;SOLEIL;3;25.9;0
Mantes-la-Jolie;48.99;1.72;29/09/2026;14:00;28.1;0;SOLEIL;4;28.1;0
Mantes-la-Jolie;48.99;1.72;29/09/2026;15:00;28.1;0;SOLEIL;4;31.0;0
Mantes-la-Jolie;48.99;1.72;29/09/2026;16:00;28.1;0;SOLEIL;4;34.2;0
Mantes-la-Jolie;48.99;1.72;29/09/2026;17:00;23.1;0;SOLEIL;2;35.6;0
Mantes-la-Jolie;48.99;1.72;29/09/2026;18:00;23.1;0;SOLEIL;2;34.2;0
Mantes-la-Jolie;48.99;1.72;29/09/2026;19:00;23.1;0;SOLEIL;2;31.0;0
Mantes-la-Jolie;48.99;1.72;29/09/2026;20:00;19.9;0;SOLEIL;5;27.0;0
Mantes-la-Jolie;48.99;1.72;29/09/2026;21:00;18.1;0;SOLEIL;5;22.3;0
Mantes-la-Jolie;48.99;1.72;29/09/2026;22:00;16.2;0;SOLEIL;5;16.9;0
Mantes-la-Jolie;48.99;1.72;29/09/2026;23:00;16.6;2;NUAGEUX;3;13.3;0
Mantes-la-Jolie;48.99;1.72;30/09/2026;00:00;16.6;2;NUAGEUX;3;13.3;0
Mantes-la-Jolie;48.99;1.72;30/09/2026;01:00;16.6;2;NUAGEUX;3;15.5;0
Mantes-la-Jolie;48.99;1.72;30/09/2026;02:00;17.9;6;AVERSES;5;16.9;0
Mantes-la-Jolie;48.99;1.72;30/09/2026;03:00;17.9;6;AVERSES;5;16.6;0
Mantes-la-Jolie;48.99;1.72;30/09/2026;04:00;17.9;6;AVERSES;5;15.1;0
Mantes-la-Jolie;48.99;1.72;30/09/2026;05:00;19.4;2;NUAGEUX;4;14.4;0
Mantes-la-Jolie;48.99;1.72;30/09/2026;06:00;19.4;2;NUAGEUX;4;13.7;0
Mantes-la-Jolie;48.99;1.72;30/09/2026;07:00;19.4;2;NUAGEUX;4;13.3;0
Mantes-la-Jolie;48.99;1.72;30/09/2026;08:00;19.7;6;AVERSES;5;14.8;0
Mantes-la-Jolie;48.99;1.72;30/09/2026;09:00;20.6;6;AVERSES;5;19.1;0
Mantes-la-Jolie;48.99;1.72;30/09/2026;10:00;21.5;6;AVERSES;5;24.8;0
Mantes-la-Jolie;48.99;1.72;30/09/2026;11:00;24.5;2;NUAGEUX;4;29.5;0
Mantes-la-Jolie;48.99;1.72;30/09/2026;12:00;24.5;2;NUAGEUX;4;32.8;0
Mantes-la-Jolie;48.99;1.72;30/09/2026;13:00;24.5;2;NUAGEUX;4;34.9;0
Mantes-la-Jolie;48.99;1.72;30/09/2026;14:00;25.0;6;AVERSES;5;34.9;0
Mantes-la-Jolie;48.99;1.72;30/09/2026;15:00;25.9;6;AVERSES;5;31.3;0
Mantes-la-Jolie;48.99;1.72;30/09/2026;16:00;25.0;6;AVERSES;5;25.6;0
Mantes-la-Jolie;48.99;1.72;30/09/2026;17:00;20.6;6;AVERSES;3;20.9;0
Mantes-la-Jolie;48.99;1.72;30/09/2026;18:00;20.6;6;AVERSES;3;17.6;0
Mantes-la-Jolie;48.99;1.72;30/09/2026;19:00;20.6;6;AVERSES;3;15.5;0
Mantes-la-Jolie;48.99;1.72;30/09/2026;20:00;21.5;6;AVERSES;5;14.8;0
Mantes-la-Jolie;48.99;1.72;30/09/2026;21:00;20.6;6;AVERSES;5;16.6;0
Mantes-la-Jolie;48.99;1.72;30/09/2026;22:00;19.7;6;AVERSES;5;19.4;0
Mantes-la-Jolie;48.99;1.72;30/09/2026;23:00;17.6;6;AVERSES;3;22.0;0
Mantes-la-Jolie;48.99;1.72;01/10/2026;00:00;17.6;6;AVERSES;3;22.2;0
Mantes-la-Jolie;48.99;1.72;01/10/2026;01:00;17.6;6;AVERSES;3;22.1;0
Mantes-la-Jolie;48.99;1.72;01/10/2026;02:00;13.9;7;PLUIE FAIBLE;5;20.9;0
Mantes-la-Jolie;48.99;1.72;01/10/2026;03:00;13.9;7;PLUIE FAIBLE;5;16.6;0
Mantes-la-Jolie;48.99;1.72;01/10/2026;04:00;13.9;7;PLUIE FAIBLE;5;11.5;0
Mantes-la-Jolie;48.99;1.72;01/10/2026;05:00;14.5;7;PLUIE FAIBLE;2;7.9;0
Mantes-la-Jolie;48.99;1.72;01/10/2026;06:00;14.5;7;PLUIE FAIBLE;2;7.9;0
Mantes-la-Jolie;48.99;1.72;01/10/2026;07:00;14.5;7;PLUIE FAIBLE;2;9.7;0
Mantes-la-Jolie;48.99;1.72;01/10/2026;08:00;15.3;7;PLUIE FAIBLE;5;11.5;0
Mantes-la-Jolie;48.99;1.72;01/10/2026;09:00;15.9;7;PLUIE FAIBLE;5;13.0;0
Mantes-la-Jolie;48.99;1.72;01/10/2026;10:00;16.6;7;PLUIE FAIBLE;5;14.4;0
Mantes-la-Jolie;48.99;1.72;01/10/2026;11:00;19.1;7;PLUIE FAIBLE;3;15.8;0
Mantes-la-Jolie;48.99;1.72;01/10/2026;12:00;19.1;7;PLUIE FAIBLE;3;17.6;0
Mantes-la-Jolie;48.99;1.72;01/10/2026;13:00;19.1;7;PLUIE FAIBLE;3;19.8;0
Mantes-la-Jolie;48.99;1.72;01/10/2026;14:00;19.3;7;PLUIE FAIBLE;5;21.6;0
Mantes-la-Jolie;48.99;1.72;01/10/2026;15:00;20.0;7;PLUIE FAIBLE;5;23.4;0
Mantes-la-Jolie;48.99;1.72;01/10/2026;16:00;19.3;7;PLUIE FAIBLE;5;24.8;0
Mantes-la-Jolie;48.99;1.72;01/10/2026;17:00;17.1;7;PLUIE FAIBLE;2;25.9;0
Mantes-la-Jolie;48.99;1.72;01/10/2026;18:00;17.1;7;PLUIE FAIBLE;2;26.3;0
Mantes-la-Jolie;48.99;1.72;01/10/2026;19:00;17.1;7;PLUIE FAIBLE;2;26.3;0
Mantes-la-Jolie;48.99;1.72;01/10/2026;20:00;16.6;7;PLUIE FAIBLE;5;25.6;0
Mantes-la-Jolie;48.99;1.72;01/10/2026;21:00;15.9;7;PLUIE FAIBLE;5;24.1;0
Mantes-la-Jolie;48.99;1.72;01/10/2026;22:00;15.3;7;PLUIE FAIBLE;5;22.3;0
Mantes-la-Jolie;48.99;1.72;01/10/2026;23:00;12.4;0;SOLEIL;2;19.8;0
Orgeval;48.92;1.98;27/09/2026;00:00;15.1;0;SOLEIL;2;6.8;0
Orgeval;48.92;1.98;27/09/2026;01:00;14.7;0;SOLEIL;2;6.5;0
Orgeval;48.92;1.98;27/09/2026;02:00;14.6;0;SOLEIL;2;6.5;0
Orgeval;48.92;1.98;27/09/2026;03:00;14;0;SOLEIL;2;6.1;0
Orgeval;48.92;1.98;27/09/2026;04:00;13.6;0;SOLEIL;2;6.5;0
Orgeval;48.92;1.98;27/09/2026;05:00;13.8;0;SOLEIL;2;6.1;0
Orgeval;48.92;1.98;27/09/2026;06:00;13.4;0;SOLEIL;1;5.4;0
Orgeval;48.92;1.98;27/09/2026;07:00;16;0;SOLEIL;1;6.1;0
Orgeval;48.92;1.98;27/09/2026;08:00;17.6;5;SOLEIL VOILÉ;2;5.0;0
Orgeval;48.92;1.98;27/09/2026;09:00;20.2;5;SOLEIL VOILÉ;2;5.0;0
Orgeval;48.92;1.98;27/09/2026;10:00;23.1;5;SOLEIL VOILÉ;3;9.4;0
Orgeval;48.92;1.98;27/09/2026;11:00;24.4;5;SOLEIL VOILÉ;4;16.9;0
Orgeval;48.92;1.98;27/09/2026;12:00;25.7;2;NUAGEUX;4;23.4;0
Orgeval;48.92;1.98;27/09/2026;13:00;27.2;2;NUAGEUX;4;28.8;0
Orgeval;48.92;1.98;27/09/2026;14:00;27.3;2;NUAGEUX;4;29.5;0
Orgeval;48.92;1.98;27/09/2026;15:00;26.8;2;NUAGEUX;4;29.5;0
Orgeval;48.92;1.98;27/09/2026;16:00;26.6;2;NUAGEUX;4;29.9;0
Orgeval;48.92;1.98;27/09/2026;17:00;25.1;2;NUAGEUX;3;28.4;0
Orgeval;48.92;1.98;27/09/2026;18:00;23.5;2;NUAGEUX;3;25.9;0
Orgeval;48.92;1.98;27/09/2026;19:00;22.1;5;SOLEIL VOILÉ;3;22.7;0
Orgeval;48.92;1.98;27/09/2026;20:00;21.1;5;SOLEIL VOILÉ;3;16.9;0
Orgeval;48.92;1.98;27/09/2026;21:00;20.5;2;NUAGEUX;3;11.9;0
Orgeval;48.92;1.98;27/09/2026;22:00;19.7;2;NUAGEUX;3;12.2;0
Orgeval;48.92;1.98;27/09/2026;23:00;19.1;2;NUAGEUX;3;12.6;0
Orgeval;48.92;1.98;28/09/2026;00:00;18.1;2;NUAGEUX;3;11.5;0
Orgeval;48.92;1.98;28/09/2026;01:00;18.1;2;NUAGEUX;3;7.6;0
Orgeval;48.92;1.98;28/09/2026;02:00;17;2;NUAGEUX;2;5.0;0
Orgeval;48.92;1.98;28/09/2026;03:00;17;2;NUAGEUX;2;9.3;0
Orgeval;48.92;1.98;28/09/2026;04:00;17;2;NUAGEUX;2;21.2;0
Orgeval;48.92;1.98;28/09/2026;05:00;16.6;2;NUAGEUX;2;13.3;0
Orgeval;48.92;1.98;28/09/2026;06:00;16.6;2;NUAGEUX;2;7.9;0
Orgeval;48.92;1.98;28/09/2026;07:00;16.6;2;NUAGEUX;2;17.6;0
Orgeval;48.92;1.98;28/09/2026;08:00;20.1;2;NUAGEUX;2;13.7;0
Orgeval;48.92;1.98;28/09/2026;09:00;20.1;2;NUAGEUX;2;14.0;0
Orgeval;48.92;1.98;28/09/2026;10:00;20.1;2;NUAGEUX;2;9.0;0
Orgeval;48.92;1.98;28/09/2026;11:00;23.1;5;SOLEIL VOILÉ;2;24.5;0
Orgeval;48.92;1.98;28/09/2026;12:00;23.1;5;SOLEIL VOILÉ;2;22.3;0
Orgeval;48.92;1.98;28/09/2026;13:00;23.1;5;SOLEIL VOILÉ;2;16.2;0
Orgeval;48.92;1.98;28/09/2026;14:00;23.6;6;AVERSES;2;22.0;0
Orgeval;48.92;1.98;28/09/2026;15:00;23.6;6;AVERSES;2;23.8;0
Orgeval;48.92;1.98;28/09/2026;16:00;23.6;6;AVERSES;2;29.9;0
Orgeval;48.92;1.98;28/09/2026;17:00;19.6;6;AVERSES;3;25.6;0
Orgeval;48.92;1.98;28/09/2026;18:00;19.6;6;AVERSES;3;21.2;0
Orgeval;48.92;1.98;28/09/2026;19:00;19.6;6;AVERSES;3;20.9;0
Orgeval;48.92;1.98;28/09/2026;20:00;17.9;5;SOLEIL VOILÉ;2;21.6;0
Orgeval;48.92;1.98;28/09/2026;21:00;17.9;5;SOLEIL VOILÉ;2;17.3;0
Orgeval;48.92;1.98;28/09/2026;22:00;17.9;5;SOLEIL VOILÉ;2;19.8;0
Orgeval;48.92;1.98;28/09/2026;23:00;16;5;SOLEIL VOILÉ;3;19.8;0
Orgeval;48.92;1.98;29/09/2026;00:00;16;5;SOLEIL VOILÉ;3;15.5;0
Orgeval;48.92;1.98;29/09/2026;01:00;16;5;SOLEIL VOILÉ;3;7.6;0
Orgeval;48.92;1.98;29/09/2026;02:00;14.6;5;SOLEIL VOILÉ;2;6.1;0
Orgeval;48.92;1.98;29/09/2026;03:00;14.6;5;SOLEIL VOILÉ;2;10.4;0
Orgeval;48.92;1.98;29/09/2026;04:00;14.6;5;SOLEIL VOILÉ;2;11.5;0
Orgeval;48.92;1.98;29/09/2026;05:00;13.4;0;SOLEIL;2;10.8;0
Orgeval;48.92;1.98;29/09/2026;06:00;13.4;0;SOLEIL;2;10.1;0
Orgeval;48.92;1.98;29/09/2026;07:00;13.4;0;SOLEIL;2;10.4;0
Orgeval;48.92;1.98;29/09/2026;08:00;21.4;0;SOLEIL;2;13.7;0
Orgeval;48.92;1.98;29/09/2026;09:00;21.4;0;SOLEIL;2;16.6;0
Orgeval;48.92;1.98;29/09/2026;10:00;21.4;0;SOLEIL;2;20.2;0
Orgeval;48.92;1.98;29/09/2026;11:00;27.2;0;SOLEIL;3;23.4;0
Orgeval;48.92;1.98;29/09/2026;12:00;27.2;0;SOLEIL;3;25.6;0
Orgeval;48.92;1.98;29/09/2026;13:00;27.2;0;SOLEIL;3;27.0;0
Orgeval;48.92;1.98;29/09/2026;14:00;28.6;0;SOLEIL;4;28.8;0
Orgeval;48.92;1.98;29/09/2026;15:00;28.6;0;SOLEIL;4;31.3;0
Orgeval;48.92;1.98;29/09/2026;16:00;28.6;0;SOLEIL;4;33.8;0
Orgeval;48.92;1.98;29/09/2026;17:00;24.2;0;SOLEIL;3;34.9;0
Orgeval;48.92;1.98;29/09/2026;18:00;24.2;0;SOLEIL;3;33.1;0
Orgeval;48.92;1.98;29/09/2026;19:00;24.2;0;SOLEIL;3;29.5;0
Orgeval;48.92;1.98;29/09/2026;20:00;20.0;0;SOLEIL;5;25.9;0
Orgeval;48.92;1.98;29/09/2026;21:00;18.2;0;SOLEIL;5;22.3;0
Orgeval;48.92;1.98;29/09/2026;22:00;16.3;0;SOLEIL;5;18.7;0
Orgeval;48.92;1.98;29/09/2026;23:00;19.6;2;NUAGEUX;3;16.6;0
Orgeval;48.92;1.98;30/09/2026;00:00;19.6;2;NUAGEUX;3;17.6;0
Orgeval;48.92;1.98;30/09/2026;01:00;19.6;2;NUAGEUX;3;20.2;0
Orgeval;48.92;1.98;30/09/2026;02:00;18.6;6;AVERSES;5;21.6;0
Orgeval;48.92;1.98;30/09/2026;03:00;18.6;6;AVERSES;5;20.9;0
Orgeval;48.92;1.98;30/09/2026;04:00;18.6;6;AVERSES;5;18.7;0
Orgeval;48.92;1.98;30/09/2026;05:00;19.7;2;NUAGEUX;3;17.3;0
Orgeval;48.92;1.98;30/09/2026;06:00;19.7;2;NUAGEUX;3;15.8;0
Orgeval;48.92;1.98;30/09/2026;07:00;19.7;2;NUAGEUX;3;15.1;0
Orgeval;48.92;1.98;30/09/2026;08:00;20.5;6;AVERSES;5;15.8;0
Orgeval;48.92;1.98;30/09/2026;09:00;21.4;6;AVERSES;5;19.8;0
Orgeval;48.92;1.98;30/09/2026;10:00;22.3;6;AVERSES;5;25.6;0
Orgeval;48.92;1.98;30/09/2026;11:00;25.6;2;NUAGEUX;4;30.6;0
Orgeval;48.92;1.98;30/09/2026;12:00;25.6;2;NUAGEUX;4;34.2;0
Orgeval;48.92;1.98;30/09/2026;13:00;25.6;2;NUAGEUX;4;37.1;0
Orgeval;48.92;1.98;30/09/2026;14:00;26.1;6;AVERSES;5;37.8;0
Orgeval;48.92;1.98;30/09/2026;15:00;27.0;6;AVERSES;5;35.3;0
Orgeval;48.92;1.98;30/09/2026;16:00;26.1;6;AVERSES;5;31.0;0
Orgeval;48.92;1.98;30/09/2026;17:00;21.5;6;AVERSES;3;26.6;0
Orgeval;48.92;1.98;30/09/2026;18:00;21.5;6;AVERSES;3;22.7;0
Orgeval;48.92;1.98;30/09/2026;19:00;21.5;6;AVERSES;3;18.7;0
Orgeval;48.92;1.98;30/09/2026;20:00;22.3;6;AVERSES;5;16.6;0
Orgeval;48.92;1.98;30/09/2026;21:00;21.4;6;AVERSES;5;17.3;0
Orgeval;48.92;1.98;30/09/2026;22:00;20.5;6;AVERSES;5;19.8;0
Orgeval;48.92;1.98;30/09/2026;23:00;18.4;6;AVERSES;3;21.6;0
Orgeval;48.92;1.98;01/10/2026;00:00;18.4;6;AVERSES;3;21.4;0
Orgeval;48.92;1.98;01/10/2026;01:00;18.4;6;AVERSES;3;20.7;0
Orgeval;48.92;1.98;01/10/2026;02:00;15.2;6;AVERSES;5;19.3;0
Orgeval;48.92;1.98;01/10/2026;03:00;15.2;6;AVERSES;5;16.2;0
Orgeval;48.92;1.98;01/10/2026;04:00;15.2;6;AVERSES;5;12.6;0
Orgeval;48.92;1.98;01/10/2026;05:00;16.1;6;AVERSES;2;10.8;0
Orgeval;48.92;1.98;01/10/2026;06:00;16.1;6;AVERSES;2;11.5;0
Orgeval;48.92;1.98;01/10/2026;07:00;16.1;6;AVERSES;2;13.3;0
Orgeval;48.92;1.98;01/10/2026;08:00;16.5;6;AVERSES;5;14.8;0
Orgeval;48.92;1.98;01/10/2026;09:00;17.2;6;AVERSES;5;14.4;0
Orgeval;48.92;1.98;01/10/2026;10:00;17.9;6;AVERSES;5;13.7;0
Orgeval;48.92;1.98;01/10/2026;11:00;20.4;7;PLUIE FAIBLE;3;13.7;0
Orgeval;48.92;1.98;01/10/2026;12:00;20.4;7;PLUIE FAIBLE;3;15.1;0
Orgeval;48.92;1.98;01/10/2026;13:00;20.4;7;PLUIE FAIBLE;3;17.6;0
Orgeval;48.92;1.98;01/10/2026;14:00;20.5;6;AVERSES;5;20.2;0
Orgeval;48.92;1.98;01/10/2026;15:00;21.2;6;AVERSES;5;22.7;0
Orgeval;48.92;1.98;01/10/2026;16:00;20.5;6;AVERSES;5;24.8;0
Orgeval;48.92;1.98;01/10/2026;17:00;18.2;2;NUAGEUX;2;26.3;0
Orgeval;48.92;1.98;01/10/2026;18:00;18.2;2;NUAGEUX;2;26.3;0
Orgeval;48.92;1.98;01/10/2026;19:00;18.2;2;NUAGEUX;2;25.6;0
Orgeval;48.92;1.98;01/10/2026;20:00;17.9;6;AVERSES;5;24.5;0
Orgeval;48.92;1.98;01/10/2026;21:00;17.2;6;AVERSES;5;23.4;0
Orgeval;48.92;1.98;01/10/2026;22:00;16.5;6;AVERSES;5;21.6;0
Orgeval;48.92;1.98;01/10/2026;23:00;13.4;0;SOLEIL;2;19.8;0
Rambouillet;48.64;1.83;27/09/2026;00:00;13.9;0;SOLEIL;3;13.3;0
Rambouillet;48.64;1.83;27/09/2026;01:00;13.4;0;SOLEIL;2;13.0;0
Rambouillet;48.64;1.83;27/09/2026;02:00;13.4;0;SOLEIL;2;12.2;0
Rambouillet;48.64;1.83;27/09/2026;03:00;13.1;0;SOLEIL;2;10.8;0
Rambouillet;48.64;1.83;27/09/2026;04:00;12.7;0;SOLEIL;2;10.4;0
Rambouillet;48.64;1.83;27/09/2026;05:00;12.3;0;SOLEIL;2;9.0;0
Rambouillet;48.64;1.83;27/09/2026;06:00;11.8;0;SOLEIL;2;8.3;0
Rambouillet;48.64;1.83;27/09/2026;07:00;14.1;0;SOLEIL;2;6.8;0
Rambouillet;48.64;1.83;27/09/2026;08:00;18.2;5;SOLEIL VOILÉ;2;7.2;0
Rambouillet;48.64;1.83;27/09/2026;09:00;21.2;5;SOLEIL VOILÉ;3;8.3;0
Rambouillet;48.64;1.83;27/09/2026;10:00;24.2;5;SOLEIL VOILÉ;4;18.4;0
Rambouillet;48.64;1.83;27/09/2026;11:00;25;2;NUAGEUX;4;23.8;0
Rambouillet;48.64;1.83;27/09/2026;12:00;25.7;2;NUAGEUX;5;29.9;0
Rambouillet;48.64;1.83;27/09/2026;13:00;26.9;2;NUAGEUX;5;30.6;0
Rambouillet;48.64;1.83;27/09/2026;14:00;27;2;NUAGEUX;5;30.2;0
Rambouillet;48.64;1.83;27/09/2026;15:00;26.8;2;NUAGEUX;5;31.3;0
Rambouillet;48.64;1.83;27/09/2026;16:00;26.1;2;NUAGEUX;5;33.5;0
Rambouillet;48.64;1.83;27/09/2026;17:00;24.7;2;NUAGEUX;3;32.8;0
Rambouillet;48.64;1.83;27/09/2026;18:00;23.1;2;NUAGEUX;3;29.9;0
Rambouillet;48.64;1.83;27/09/2026;19:00;21.4;5;SOLEIL VOILÉ;2;28.1;0
Rambouillet;48.64;1.83;27/09/2026;20:00;19.9;5;SOLEIL VOILÉ;2;18.7;0
Rambouillet;48.64;1.83;27/09/2026;21:00;18.7;2;NUAGEUX;2;8.3;0
Rambouillet;48.64;1.83;27/09/2026;22:00;18.1;2;NUAGEUX;2;5.4;0
Rambouillet;48.64;1.83;27/09/2026;23:00;17.2;2;NUAGEUX;2;9.0;0
Rambouillet;48.64;1.83;28/09/2026;00:00;16.7;2;NUAGEUX;3;8.6;0
Rambouillet;48.64;1.83;28/09/2026;01:00;16.7;2;NUAGEUX;3;5.8;0
Rambouillet;48.64;1.83;28/09/2026;02:00;15.6;2;NUAGEUX;2;20.2;0
Rambouillet;48.64;1.83;28/09/2026;03:00;15.6;2;NUAGEUX;2;12.6;0
Rambouillet;48.64;1.83;28/09/2026;04:00;15.6;2;NUAGEUX;2;14.2;0
Rambouillet;48.64;1.83;28/09/2026;05:00;15.1;2;NUAGEUX;0;18.3;0
Rambouillet;48.64;1.83;28/09/2026;06:00;15.1;2;NUAGEUX;0;23.0;0
Rambouillet;48.64;1.83;28/09/2026;07:00;15.1;2;NUAGEUX;0;23.4;0
Rambouillet;48.64;1.83;28/09/2026;08:00;20.2;6;AVERSES;2;21.6;0
Rambouillet;48.64;1.83;28/09/2026;09:00;20.2;6;AVERSES;2;8.3;0
Rambouillet;48.64;1.83;28/09/2026;10:00;20.2;6;AVERSES;2;6.8;0
Rambouillet;48.64;1.83;28/09/2026;11:00;22.4;6;AVERSES;2;26.3;0
Rambouillet;48.64;1.83;28/09/2026;12:00;22.4;6;AVERSES;2;14.0;0
Rambouillet;48.64;1.83;28/09/2026;13:00;22.4;6;AVERSES;2;25.6;0
Rambouillet;48.64;1.83;28/09/2026;14:00;23.2;6;AVERSES;3;18.4;0
Rambouillet;48.64;1.83;28/09/2026;15:00;23.2;6;AVERSES;3;20.2;0
Rambouillet;48.64;1.83;28/09/2026;16:00;23.2;6;AVERSES;3;23.4;0
Rambouillet;48.64;1.83;28/09/2026;17:00;20;5;SOLEIL VOILÉ;2;26.3;0
Rambouillet;48.64;1.83;28/09/2026;18:00;20;5;SOLEIL VOILÉ;2;25.9;0
Rambouillet;48.64;1.83;28/09/2026;19:00;20;5;SOLEIL VOILÉ;2;20.9;0
Rambouillet;48.64;1.83;28/09/2026;20:00;16.9;5;SOLEIL VOILÉ;3;15.5;0
Rambouillet;48.64;1.83;28/09/2026;21:00;16.9;5;SOLEIL VOILÉ;3;14.8;0
Rambouillet;48.64;1.83;28/09/2026;22:00;16.9;5;SOLEIL VOILÉ;3;15.1;0
Rambouillet;48.64;1.83;28/09/2026;23:00;15.4;5;SOLEIL VOILÉ;3;15.1;0
Rambouillet;48.64;1.83;29/09/2026;00:00;15.4;5;SOLEIL VOILÉ;3;7.9;0
Rambouillet;48.64;1.83;29/09/2026;01:00;15.4;5;SOLEIL VOILÉ;3;7.6;0
Rambouillet;48.64;1.83;29/09/2026;02:00;14.1;5;SOLEIL VOILÉ;3;8.6;0
Rambouillet;48.64;1.83;29/09/2026;03:00;14.1;5;SOLEIL VOILÉ;3;10.1;0
Rambouillet;48.64;1.83;29/09/2026;04:00;14.1;5;SOLEIL VOILÉ;3;10.1;0
Rambouillet;48.64;1.83;29/09/2026;05:00;13.9;0;SOLEIL;3;10.4;0
Rambouillet;48.64;1.83;29/09/2026;06:00;13.9;0;SOLEIL;3;10.8;0
Rambouillet;48.64;1.83;29/09/2026;07:00;13.9;0;SOLEIL;3;13.3;0
Rambouillet;48.64;1.83;29/09/2026;08:00;22.2;0;SOLEIL;3;16.6;0
Rambouillet;48.64;1.83;29/09/2026;09:00;22.2;0;SOLEIL;3;19.1;0
Rambouillet;48.64;1.83;29/09/2026;10:00;22.2;0;SOLEIL;3;22.0;0
Rambouillet;48.64;1.83;29/09/2026;11:00;27.4;0;SOLEIL;4;24.5;0
Rambouillet;48.64;1.83;29/09/2026;12:00;27.4;0;SOLEIL;4;25.6;0
Rambouillet;48.64;1.83;29/09/2026;13:00;27.4;0;SOLEIL;4;26.3;0
Rambouillet;48.64;1.83;29/09/2026;14:00;28.6;0;SOLEIL;4;27.7;0
Rambouillet;48.64;1.83;29/09/2026;15:00;28.6;0;SOLEIL;4;31.0;0
Rambouillet;48.64;1.83;29/09/2026;16:00;28.6;0;SOLEIL;4;34.6;0
Rambouillet;48.64;1.83;29/09/2026;17:00;24.5;0;SOLEIL;3;36.0;0
Rambouillet;48.64;1.83;29/09/2026;18:00;24.5;0;SOLEIL;3;33.8;0
Rambouillet;48.64;1.83;29/09/2026;19:00;24.5;0;SOLEIL;3;29.9;0
Rambouillet;48.64;1.83;29/09/2026;20:00;20.3;0;SOLEIL;5;25.9;0
Rambouillet;48.64;1.83;29/09/2026;21:00;18.5;0;SOLEIL;5;22.3;0
Rambouillet;48.64;1.83;29/09/2026;22:00;16.7;0;SOLEIL;5;18.7;0
Rambouillet;48.64;1.83;29/09/2026;23:00;17.7;2;NUAGEUX;4;16.6;0
Rambouillet;48.64;1.83;30/09/2026;00:00;17.7;2;NUAGEUX;4;16.6;0
Rambouillet;48.64;1.83;30/09/2026;01:00;17.7;2;NUAGEUX;4;18.4;0
Rambouillet;48.64;1.83;30/09/2026;02:00;17.1;2;NUAGEUX;5;19.4;0
Rambouillet;48.64;1.83;30/09/2026;03:00;17.1;2;NUAGEUX;5;19.8;0
Rambouillet;48.64;1.83;30/09/2026;04:00;17.1;2;NUAGEUX;5;19.8;0
Rambouillet;48.64;1.83;30/09/2026;05:00;18.2;2;NUAGEUX;4;19.8;0
Rambouillet;48.64;1.83;30/09/2026;06:00;18.2;2;NUAGEUX;4;19.1;0
Rambouillet;48.64;1.83;30/09/2026;07:00;18.2;2;NUAGEUX;4;18.7;0
Rambouillet;48.64;1.83;30/09/2026;08:00;19.1;2;NUAGEUX;5;19.1;0
Rambouillet;48.64;1.83;30/09/2026;09:00;20.0;2;NUAGEUX;5;22.0;0
Rambouillet;48.64;1.83;30/09/2026;10:00;21.0;2;NUAGEUX;5;25.6;0
Rambouillet;48.64;1.83;30/09/2026;11:00;24.6;2;NUAGEUX;4;28.8;0
Rambouillet;48.64;1.83;30/09/2026;12:00;24.6;2;NUAGEUX;4;29.9;0
Rambouillet;48.64;1.83;30/09/2026;13:00;24.6;2;NUAGEUX;4;29.9;0
Rambouillet;48.64;1.83;30/09/2026;14:00;24.9;2;NUAGEUX;5;31.3;0
Rambouillet;48.64;1.83;30/09/2026;15:00;25.9;2;NUAGEUX;5;36.4;0
Rambouillet;48.64;1.83;30/09/2026;16:00;24.9;2;NUAGEUX;5;42.8;0
Rambouillet;48.64;1.83;30/09/2026;17:00;20.1;6;AVERSES;3;45.0;0
Rambouillet;48.64;1.83;30/09/2026;18:00;20.1;6;AVERSES;3;39.2;0
Rambouillet;48.64;1.83;30/09/2026;19:00;20.1;6;AVERSES;3;29.2;0
Rambouillet;48.64;1.83;30/09/2026;20:00;21.0;2;NUAGEUX;5;22.0;0
Rambouillet;48.64;1.83;30/09/2026;21:00;20.0;2;NUAGEUX;5;20.5;0
Rambouillet;48.64;1.83;30/09/2026;22:00;19.1;2;NUAGEUX;5;21.6;0
Rambouillet;48.64;1.83;30/09/2026;23:00;17.2;7;PLUIE FAIBLE;3;22.0;0
Rambouillet;48.64;1.83;01/10/2026;00:00;17.2;7;PLUIE FAIBLE;3;20.5;0
Rambouillet;48.64;1.83;01/10/2026;01:00;17.2;7;PLUIE FAIBLE;3;18.5;0
Rambouillet;48.64;1.83;01/10/2026;02:00;13.6;7;PLUIE FAIBLE;5;17.4;0
Rambouillet;48.64;1.83;01/10/2026;03:00;13.6;7;PLUIE FAIBLE;5;15.5;0
Rambouillet;48.64;1.83;01/10/2026;04:00;13.6;7;PLUIE FAIBLE;5;13.0;0
Rambouillet;48.64;1.83;01/10/2026;05:00;14.6;7;PLUIE FAIBLE;2;11.5;0
Rambouillet;48.64;1.83;01/10/2026;06:00;14.6;7;PLUIE FAIBLE;2;12.2;0
Rambouillet;48.64;1.83;01/10/2026;07:00;14.6;7;PLUIE FAIBLE;2;14.4;0
Rambouillet;48.64;1.83;01/10/2026;08:00;15.1;7;PLUIE FAIBLE;5;16.2;0
Rambouillet;48.64;1.83;01/10/2026;09:00;15.9;7;PLUIE FAIBLE;5;16.9;0
Rambouillet;48.64;1.83;01/10/2026;10:00;16.6;7;PLUIE FAIBLE;5;17.3;0
Rambouillet;48.64;1.83;01/10/2026;11:00;19.6;7;PLUIE FAIBLE;3;17.6;0
Rambouillet;48.64;1.83;01/10/2026;12:00;19.6;7;PLUIE FAIBLE;3;18.4;0
Rambouillet;48.64;1.83;01/10/2026;13:00;19.6;7;PLUIE FAIBLE;3;19.1;0
Rambouillet;48.64;1.83;01/10/2026;14:00;19.6;7;PLUIE FAIBLE;5;20.2;0
Rambouillet;48.64;1.83;01/10/2026;15:00;20.4;7;PLUIE FAIBLE;5;22.0;0
Rambouillet;48.64;1.83;01/10/2026;16:00;19.6;7;PLUIE FAIBLE;5;23.8;0
Rambouillet;48.64;1.83;01/10/2026;17:00;16.6;0;SOLEIL;3;24.8;0
Rambouillet;48.64;1.83;01/10/2026;18:00;16.6;0;SOLEIL;3;24.1;0
Rambouillet;48.64;1.83;01/10/2026;19:00;16.6;0;SOLEIL;3;22.3;0
Rambouillet;48.64;1.83;01/10/2026;20:00;16.6;7;PLUIE FAIBLE;5;20.5;0
Rambouillet;48.64;1.83;01/10/2026;21:00;15.9;7;PLUIE FAIBLE;5;19.1;0
Rambouillet;48.64;1.83;01/10/2026;22:00;15.1;7;PLUIE FAIBLE;5;17.6;0
Rambouillet;48.64;1.83;01/10/2026;23:00;12.4;0;SOLEIL;2;16.2;0
Versailles;48.8;2.13;27/09/2026;00:00;15.5;0;SOLEIL;2;13.3;0
Versailles;48.8;2.13;27/09/2026;01:00;15;0;SOLEIL;2;11.5;0
Versailles;48.8;2.13;27/09/2026;02:00;14.6;0;SOLEIL;2;11.2;0
Versailles;48.8;2.13;27/09/2026;03:00;14;0;SOLEIL;2;10.8;0
Versailles;48.8;2.13;27/09/2026;04:00;13.9;0;SOLEIL;2;7.9;0
Versailles;48.8;2.13;27/09/2026;05:00;13.8;0;SOLEIL;2;7.2;0
Versailles;48.8;2.13;27/09/2026;06:00;13.4;0;SOLEIL;2;5.8;0
Versailles;48.8;2.13;27/09/2026;07:00;17.1;0;SOLEIL;2;5.4;0
Versailles;48.8;2.13;27/09/2026;08:00;19.4;5;SOLEIL VOILÉ;2;5.0;0
Versailles;48.8;2.13;27/09/2026;09:00;21.1;5;SOLEIL VOILÉ;2;4.3;0
Versailles;48.8;2.13;27/09/2026;10:00;23;5;SOLEIL VOILÉ;3;10.8;0
Versailles;48.8;2.13;27/09/2026;11:00;24.1;5;SOLEIL VOILÉ;3;18.4;0
Versailles;48.8;2.13;27/09/2026;12:00;25.2;2;NUAGEUX;4;25.2;0
Versailles;48.8;2.13;27/09/2026;13:00;26.1;2;NUAGEUX;4;28.8;0
Versailles;48.8;2.13;27/09/2026;14:00;26.4;2;NUAGEUX;4;28.4;0
Versailles;48.8;2.13;27/09/2026;15:00;26.5;2;NUAGEUX;4;26.6;0
Versailles;48.8;2.13;27/09/2026;16:00;26.2;2;NUAGEUX;4;27.4;0
Versailles;48.8;2.13;27/09/2026;17:00;25.2;2;NUAGEUX;3;26.3;0
Versailles;48.8;2.13;27/09/2026;18:00;24.1;2;NUAGEUX;3;25.6;0
Versailles;48.8;2.13;27/09/2026;19:00;22.9;5;SOLEIL VOILÉ;2;20.5;0
Versailles;48.8;2.13;27/09/2026;20:00;21.7;2;NUAGEUX;3;14.8;0
Versailles;48.8;2.13;27/09/2026;21:00;21;2;NUAGEUX;3;6.5;0
Versailles;48.8;2.13;27/09/2026;22:00;20.1;2;NUAGEUX;2;6.8;0
Versailles;48.8;2.13;27/09/2026;23:00;19.2;2;NUAGEUX;3;7.2;0
Versailles;48.8;2.13;28/09/2026;00:00;18.6;2;NUAGEUX;2;7.6;0
Versailles;48.8;2.13;28/09/2026;01:00;18.6;2;NUAGEUX;2;6.8;0
Versailles;48.8;2.13;28/09/2026;02:00;16.2;2;NUAGEUX;1;4.0;0
Versailles;48.8;2.13;28/09/2026;03:00;16.2;2;NUAGEUX;1;14.8;0
Versailles;48.8;2.13;28/09/2026;04:00;16.2;2;NUAGEUX;1;22.5;0
Versailles;48.8;2.13;28/09/2026;05:00;16.1;2;NUAGEUX;2;11.2;0
Versailles;48.8;2.13;28/09/2026;06:00;16.1;2;NUAGEUX;2;22.7;0
Versailles;48.8;2.13;28/09/2026;07:00;16.1;2;NUAGEUX;2;20.5;0
Versailles;48.8;2.13;28/09/2026;08:00;20.1;2;NUAGEUX;2;18.4;0
Versailles;48.8;2.13;28/09/2026;09:00;20.1;2;NUAGEUX;2;8.3;0
Versailles;48.8;2.13;28/09/2026;10:00;20.1;2;NUAGEUX;2;7.9;0
Versailles;48.8;2.13;28/09/2026;11:00;22.9;2;NUAGEUX;2;27.7;0
Versailles;48.8;2.13;28/09/2026;12:00;22.9;2;NUAGEUX;2;27.7;0
Versailles;48.8;2.13;28/09/2026;13:00;22.9;2;NUAGEUX;2;22.7;0
Versailles;48.8;2.13;28/09/2026;14:00;22.5;6;AVERSES;2;15.8;0
Versailles;48.8;2.13;28/09/2026;15:00;22.5;6;AVERSES;2;25.9;0
Versailles;48.8;2.13;28/09/2026;16:00;22.5;6;AVERSES;2;32.8;0
Versailles;48.8;2.13;28/09/2026;17:00;19.4;5;SOLEIL VOILÉ;3;40.0;0
Versailles;48.8;2.13;28/09/2026;18:00;19.4;5;SOLEIL VOILÉ;3;26.3;0
Versailles;48.8;2.13;28/09/2026;19:00;19.4;5;SOLEIL VOILÉ;3;21.2;0
Versailles;48.8;2.13;28/09/2026;20:00;17.4;5;SOLEIL VOILÉ;2;19.1;0
Versailles;48.8;2.13;28/09/2026;21:00;17.4;5;SOLEIL VOILÉ;2;15.1;0
Versailles;48.8;2.13;28/09/2026;22:00;17.4;5;SOLEIL VOILÉ;2;14.4;0
Versailles;48.8;2.13;28/09/2026;23:00;16.1;5;SOLEIL VOILÉ;3;14.0;0
Versailles;48.8;2.13;29/09/2026;00:00;16.1;5;SOLEIL VOILÉ;3;12.2;0
Versailles;48.8;2.13;29/09/2026;01:00;16.1;5;SOLEIL VOILÉ;3;8.6;0
Versailles;48.8;2.13;29/09/2026;02:00;15.4;5;SOLEIL VOILÉ;2;9.4;0
Versailles;48.8;2.13;29/09/2026;03:00;15.4;5;SOLEIL VOILÉ;2;10.8;0
Versailles;48.8;2.13;29/09/2026;04:00;15.4;5;SOLEIL VOILÉ;2;13.0;0
Versailles;48.8;2.13;29/09/2026;05:00;15.1;0;SOLEIL;2;14.0;0
Versailles;48.8;2.13;29/09/2026;06:00;15.1;0;SOLEIL;2;13.7;0
Versailles;48.8;2.13;29/09/2026;07:00;15.1;0;SOLEIL;2;14.0;0
Versailles;48.8;2.13;29/09/2026;08:00;21.4;0;SOLEIL;3;14.8;0
Versailles;48.8;2.13;29/09/2026;09:00;21.4;0;SOLEIL;3;19.1;0
Versailles;48.8;2.13;29/09/2026;10:00;21.4;0;SOLEIL;3;24.8;0
Versailles;48.8;2.13;29/09/2026;11:00;26.6;0;SOLEIL;3;29.2;0
Versailles;48.8;2.13;29/09/2026;12:00;26.6;0;SOLEIL;3;29.9;0
Versailles;48.8;2.13;29/09/2026;13:00;26.6;0;SOLEIL;3;29.2;0
Versailles;48.8;2.13;29/09/2026;14:00;28.2;0;SOLEIL;4;29.2;0
Versailles;48.8;2.13;29/09/2026;15:00;28.2;0;SOLEIL;4;31.7;0
Versailles;48.8;2.13;29/09/2026;16:00;28.2;0;SOLEIL;4;34.6;0
Versailles;48.8;2.13;29/09/2026;17:00;23.9;0;SOLEIL;3;36.0;0
Versailles;48.8;2.13;29/09/2026;18:00;23.9;0;SOLEIL;3;34.2;0
Versailles;48.8;2.13;29/09/2026;19:00;23.9;0;SOLEIL;3;30.6;0
Versailles;48.8;2.13;29/09/2026;20:00;21.0;0;SOLEIL;5;27.0;0
Versailles;48.8;2.13;29/09/2026;21:00;19.4;0;SOLEIL;5;23.0;0
Versailles;48.8;2.13;29/09/2026;22:00;17.8;0;SOLEIL;5;19.4;0
Versailles;48.8;2.13;29/09/2026;23:00;19.1;2;NUAGEUX;3;17.3;0
Versailles;48.8;2.13;30/09/2026;00:00;19.1;2;NUAGEUX;3;18.7;0
Versailles;48.8;2.13;30/09/2026;01:00;19.1;2;NUAGEUX;3;22.0;0
Versailles;48.8;2.13;30/09/2026;02:00;17.6;6;AVERSES;5;24.1;0
Versailles;48.8;2.13;30/09/2026;03:00;17.6;6;AVERSES;5;23.4;0
Versailles;48.8;2.13;30/09/2026;04:00;17.6;6;AVERSES;5;21.2;0
Versailles;48.8;2.13;30/09/2026;05:00;19;2;NUAGEUX;3;19.8;0
Versailles;48.8;2.13;30/09/2026;06:00;19;2;NUAGEUX;3;19.1;0
Versailles;48.8;2.13;30/09/2026;07:00;19;2;NUAGEUX;3;18.7;0
Versailles;48.8;2.13;30/09/2026;08:00;19.3;6;AVERSES;5;20.2;0
Versailles;48.8;2.13;30/09/2026;09:00;20.1;6;AVERSES;5;24.8;0
Versailles;48.8;2.13;30/09/2026;10:00;20.9;6;AVERSES;5;31.0;0
Versailles;48.8;2.13;30/09/2026;11:00;23.6;2;NUAGEUX;4;36.0;0
Versailles;48.8;2.13;30/09/2026;12:00;23.6;2;NUAGEUX;4;38.2;0
Versailles;48.8;2.13;30/09/2026;13:00;23.6;2;NUAGEUX;4;38.9;0
Versailles;48.8;2.13;30/09/2026;14:00;24.3;6;AVERSES;5;38.5;0
Versailles;48.8;2.13;30/09/2026;15:00;25.1;6;AVERSES;5;36.4;0
Versailles;48.8;2.13;30/09/2026;16:00;24.3;6;AVERSES;5;33.5;0
Versailles;48.8;2.13;30/09/2026;17:00;21.1;6;AVERSES;3;30.2;0
Versailles;48.8;2.13;30/09/2026;18:00;21.1;6;AVERSES;3;27.4;0
Versailles;48.8;2.13;30/09/2026;19:00;21.1;6;AVERSES;3;24.5;0
Versailles;48.8;2.13;30/09/2026;20:00;20.9;6;AVERSES;5;23.0;0
Versailles;48.8;2.13;30/09/2026;21:00;20.1;6;AVERSES;5;23.4;0
Versailles;48.8;2.13;30/09/2026;22:00;19.3;6;AVERSES;5;24.8;0
Versailles;48.8;2.13;30/09/2026;23:00;18.2;6;AVERSES;3;25.9;0
Versailles;48.8;2.13;01/10/2026;00:00;18.2;6;AVERSES;3;25.0;0
Versailles;48.8;2.13;01/10/2026;01:00;18.2;6;AVERSES;3;23.8;0
Versailles;48.8;2.13;01/10/2026;02:00;14.6;6;AVERSES;5;22.2;0
Versailles;48.8;2.13;01/10/2026;03:00;14.6;6;AVERSES;5;19.1;0
Versailles;48.8;2.13;01/10/2026;04:00;14.6;6;AVERSES;5;16.6;0
Versailles;48.8;2.13;01/10/2026;05:00;15.6;7;PLUIE FAIBLE;2;14.8;0
Versailles;48.8;2.13;01/10/2026;06:00;15.6;7;PLUIE FAIBLE;2;15.1;0
Versailles;48.8;2.13;01/10/2026;07:00;15.6;7;PLUIE FAIBLE;2;16.9;0
Versailles;48.8;2.13;01/10/2026;08:00;15.6;6;AVERSES;5;18.0;0
Versailles;48.8;2.13;01/10/2026;09:00;16.1;6;AVERSES;5;17.6;0
Versailles;48.8;2.13;01/10/2026;10:00;16.6;6;AVERSES;5;16.9;0
Versailles;48.8;2.13;01/10/2026;11:00;18;6;AVERSES;3;16.6;0
Versailles;48.8;2.13;01/10/2026;12:00;18;6;AVERSES;3;17.3;0
Versailles;48.8;2.13;01/10/2026;13:00;18;6;AVERSES;3;18.4;0
Versailles;48.8;2.13;01/10/2026;14:00;18.7;6;AVERSES;5;19.8;0
Versailles;48.8;2.13;01/10/2026;15:00;19.2;6;AVERSES;5;22.0;0
Versailles;48.8;2.13;01/10/2026;16:00;18.7;6;AVERSES;5;24.8;0
Versailles;48.8;2.13;01/10/2026;17:00;17;2;NUAGEUX;2;26.3;0
Versailles;48.8;2.13;01/10/2026;18:00;17;2;NUAGEUX;2;25.9;0
Versailles;48.8;2.13;01/10/2026;19:00;17;2;NUAGEUX;2;24.1;0
Versailles;48.8;2.13;01/10/2026;20:00;16.6;6;AVERSES;5;22.7;0
Versailles;48.8;2.13;01/10/2026;21:00;16.1;6;AVERSES;5;21.6;0
Versailles;48.8;2.13;01/10/2026;22:00;15.6;6;AVERSES;5;20.5;0
Versailles;48.8;2.13;01/10/2026;23:00;13.4;0;SOLEIL;2;19.1;0
Arpajon;48.59;2.25;27/09/2026;00:00;15.6;0;SOLEIL;2;10.8;0
Arpajon;48.59;2.25;27/09/2026;01:00;15.1;0;SOLEIL;2;10.1;0
Arpajon;48.59;2.25;27/09/2026;02:00;14.6;0;SOLEIL;2;9.7;0
Arpajon;48.59;2.25;27/09/2026;03:00;14.4;0;SOLEIL;2;8.3;0
Arpajon;48.59;2.25;27/09/2026;04:00;13.9;0;SOLEIL;2;7.2;0
Arpajon;48.59;2.25;27/09/2026;05:00;13.4;0;SOLEIL;2;6.1;0
Arpajon;48.59;2.25;27/09/2026;06:00;13;0;SOLEIL;2;4.0;0
Arpajon;48.59;2.25;27/09/2026;07:00;16.2;2;NUAGEUX;1;3.2;0
Arpajon;48.59;2.25;27/09/2026;08:00;18.6;0;SOLEIL;1;3.6;0
Arpajon;48.59;2.25;27/09/2026;09:00;20.9;5;SOLEIL VOILÉ;1;3.6;0
Arpajon;48.59;2.25;27/09/2026;10:00;24.2;5;SOLEIL VOILÉ;3;4.3;0
Arpajon;48.59;2.25;27/09/2026;11:00;26.1;5;SOLEIL VOILÉ;4;10.4;0
Arpajon;48.59;2.25;27/09/2026;12:00;26.7;2;NUAGEUX;4;19.1;0
Arpajon;48.59;2.25;27/09/2026;13:00;27.3;2;NUAGEUX;5;25.6;0
Arpajon;48.59;2.25;27/09/2026;14:00;27.8;2;NUAGEUX;5;26.6;0
Arpajon;48.59;2.25;27/09/2026;15:00;28.1;2;NUAGEUX;5;27.0;0
Arpajon;48.59;2.25;27/09/2026;16:00;28.1;2;NUAGEUX;4;29.5;0
Arpajon;48.59;2.25;27/09/2026;17:00;27.1;2;NUAGEUX;3;27.7;0
Arpajon;48.59;2.25;27/09/2026;18:00;25.2;2;NUAGEUX;2;27.4;0
Arpajon;48.59;2.25;27/09/2026;19:00;23.4;5;SOLEIL VOILÉ;2;23.4;0
Arpajon;48.59;2.25;27/09/2026;20:00;21.7;2;NUAGEUX;2;15.8;0
Arpajon;48.59;2.25;27/09/2026;21:00;20.6;2;NUAGEUX;2;7.9;0
Arpajon;48.59;2.25;27/09/2026;22:00;19.7;2;NUAGEUX;2;5.0;0
Arpajon;48.59;2.25;27/09/2026;23:00;19.1;2;NUAGEUX;2;5.4;0
Arpajon;48.59;2.25;28/09/2026;00:00;18.1;2;NUAGEUX;2;14.0;0
Arpajon;48.59;2.25;28/09/2026;01:00;18.1;2;NUAGEUX;2;19.8;0
Arpajon;48.59;2.25;28/09/2026;02:00;17;2;NUAGEUX;1;22.7;0
Arpajon;48.59;2.25;28/09/2026;03:00;17;2;NUAGEUX;1;19.0;0
Arpajon;48.59;2.25;28/09/2026;04:00;17;2;NUAGEUX;1;6.7;0
Arpajon;48.59;2.25;28/09/2026;05:00;16.5;2;NUAGEUX;2;14.8;0
Arpajon;48.59;2.25;28/09/2026;06:00;16.5;2;NUAGEUX;2;17.3;0
Arpajon;48.59;2.25;28/09/2026;07:00;16.5;2;NUAGEUX;2;16.2;0
Arpajon;48.59;2.25;28/09/2026;08:00;22.1;2;NUAGEUX;2;15.1;0
Arpajon;48.59;2.25;28/09/2026;09:00;22.1;2;NUAGEUX;2;6.8;0
Arpajon;48.59;2.25;28/09/2026;10:00;22.1;2;NUAGEUX;2;17.3;0
Arpajon;48.59;2.25;28/09/2026;11:00;25.7;5;SOLEIL VOILÉ;3;31.7;0
Arpajon;48.59;2.25;28/09/2026;12:00;25.7;5;SOLEIL VOILÉ;3;29.5;0
Arpajon;48.59;2.25;28/09/2026;13:00;25.7;5;SOLEIL VOILÉ;3;16.6;0
Arpajon;48.59;2.25;28/09/2026;14:00;25.4;5;SOLEIL VOILÉ;3;15.1;0
Arpajon;48.59;2.25;28/09/2026;15:00;25.4;5;SOLEIL VOILÉ;3;16.9;0
Arpajon;48.59;2.25;28/09/2026;16:00;25.4;5;SOLEIL VOILÉ;3;24.5;0
Arpajon;48.59;2.25;28/09/2026;17:00;22.2;5;SOLEIL VOILÉ;3;26.6;0
Arpajon;48.59;2.25;28/09/2026;18:00;22.2;5;SOLEIL VOILÉ;3;27.4;0
Arpajon;48.59;2.25;28/09/2026;19:00;22.2;5;SOLEIL VOILÉ;3;25.6;0
Arpajon;48.59;2.25;28/09/2026;20:00;18.7;5;SOLEIL VOILÉ;3;19.1;0
Arpajon;48.59;2.25;28/09/2026;21:00;18.7;5;SOLEIL VOILÉ;3;10.1;0
Arpajon;48.59;2.25;28/09/2026;22:00;18.7;5;SOLEIL VOILÉ;3;7.6;0
Arpajon;48.59;2.25;28/09/2026;23:00;17.1;5;SOLEIL VOILÉ;3;6.5;0
Arpajon;48.59;2.25;29/09/2026;00:00;17.1;5;SOLEIL VOILÉ;3;6.1;0
Arpajon;48.59;2.25;29/09/2026;01:00;17.1;5;SOLEIL VOILÉ;3;5.4;0
Arpajon;48.59;2.25;29/09/2026;02:00;16;5;SOLEIL VOILÉ;2;6.1;0
Arpajon;48.59;2.25;29/09/2026;03:00;16;5;SOLEIL VOILÉ;2;6.8;0
Arpajon;48.59;2.25;29/09/2026;04:00;16;5;SOLEIL VOILÉ;2;7.2;0
Arpajon;48.59;2.25;29/09/2026;05:00;14.6;0;SOLEIL;2;7.6;0
Arpajon;48.59;2.25;29/09/2026;06:00;14.6;0;SOLEIL;2;7.2;0
Arpajon;48.59;2.25;29/09/2026;07:00;14.6;0;SOLEIL;2;8.6;0
Arpajon;48.59;2.25;29/09/2026;08:00;22.9;0;SOLEIL;2;8.6;0
Arpajon;48.59;2.25;29/09/2026;09:00;22.9;0;SOLEIL;2;13.0;0
Arpajon;48.59;2.25;29/09/2026;10:00;22.9;0;SOLEIL;2;18.7;0
Arpajon;48.59;2.25;29/09/2026;11:00;29.1;0;SOLEIL;3;23.4;0
Arpajon;48.59;2.25;29/09/2026;12:00;29.1;0;SOLEIL;3;25.6;0
Arpajon;48.59;2.25;29/09/2026;13:00;29.1;0;SOLEIL;3;26.6;0
Arpajon;48.59;2.25;29/09/2026;14:00;29.6;0;SOLEIL;4;27.7;0
Arpajon;48.59;2.25;29/09/2026;15:00;29.6;0;SOLEIL;4;29.9;0
Arpajon;48.59;2.25;29/09/2026;16:00;29.6;0;SOLEIL;4;32.0;0
Arpajon;48.59;2.25;29/09/2026;17:00;26.6;0;SOLEIL;3;33.5;0
Arpajon;48.59;2.25;29/09/2026;18:00;26.6;0;SOLEIL;3;34.2;0
Arpajon;48.59;2.25;29/09/2026;19:00;26.6;0;SOLEIL;3;33.8;0
Arpajon;48.59;2.25;29/09/2026;20:00;21.4;0;SOLEIL;5;31.7;0
Arpajon;48.59;2.25;29/09/2026;21:00;19.5;0;SOLEIL;5;25.6;0
Arpajon;48.59;2.25;29/09/2026;22:00;17.7;0;SOLEIL;5;17.6;0
Arpajon;48.59;2.25;29/09/2026;23:00;19.1;2;NUAGEUX;3;12.2;0
Arpajon;48.59;2.25;30/09/2026;00:00;19.1;2;NUAGEUX;3;12.6;0
Arpajon;48.59;2.25;30/09/2026;01:00;19.1;2;NUAGEUX;3;15.8;0
Arpajon;48.59;2.25;30/09/2026;02:00;18;6;AVERSES;5;18.0;0
Arpajon;48.59;2.25;30/09/2026;03:00;18;6;AVERSES;5;16.9;0
Arpajon;48.59;2.25;30/09/2026;04:00;18;6;AVERSES;5;14.4;0
Arpajon;48.59;2.25;30/09/2026;05:00;19;2;NUAGEUX;3;12.2;0
Arpajon;48.59;2.25;30/09/2026;06:00;19;2;NUAGEUX;3;10.8;0
Arpajon;48.59;2.25;30/09/2026;07:00;19;2;NUAGEUX;3;10.1;0
Arpajon;48.59;2.25;30/09/2026;08:00;20.0;6;AVERSES;5;11.2;0
Arpajon;48.59;2.25;30/09/2026;09:00;21.0;6;AVERSES;5;15.8;0
Arpajon;48.59;2.25;30/09/2026;10:00;22.0;6;AVERSES;5;23.0;0
Arpajon;48.59;2.25;30/09/2026;11:00;25.1;2;NUAGEUX;4;28.8;0
Arpajon;48.59;2.25;30/09/2026;12:00;25.1;2;NUAGEUX;4;33.1;0
Arpajon;48.59;2.25;30/09/2026;13:00;25.1;2;NUAGEUX;4;36.0;0
Arpajon;48.59;2.25;30/09/2026;14:00;25.9;6;AVERSES;5;36.7;0
Arpajon;48.59;2.25;30/09/2026;15:00;26.9;6;AVERSES;5;32.8;0
Arpajon;48.59;2.25;30/09/2026;16:00;25.9;6;AVERSES;5;25.9;0
Arpajon;48.59;2.25;30/09/2026;17:00;22;6;AVERSES;3;21.2;0
Arpajon;48.59;2.25;30/09/2026;18:00;22;6;AVERSES;3;20.9;0
Arpajon;48.59;2.25;30/09/2026;19:00;22;6;AVERSES;3;22.7;0
Arpajon;48.59;2.25;30/09/2026;20:00;22.0;6;AVERSES;5;24.1;0
Arpajon;48.59;2.25;30/09/2026;21:00;21.0;6;AVERSES;5;24.5;0
Arpajon;48.59;2.25;30/09/2026;22:00;20.0;6;AVERSES;5;24.1;0
Arpajon;48.59;2.25;30/09/2026;23:00;18.9;6;AVERSES;3;23.8;0
Arpajon;48.59;2.25;01/10/2026;00:00;18.9;6;AVERSES;3;22.6;0
Arpajon;48.59;2.25;01/10/2026;01:00;18.9;6;AVERSES;3;21.1;0
Arpajon;48.59;2.25;01/10/2026;02:00;15.1;6;AVERSES;5;19.7;0
Arpajon;48.59;2.25;01/10/2026;03:00;15.1;6;AVERSES;5;18.7;0
Arpajon;48.59;2.25;01/10/2026;04:00;15.1;6;AVERSES;5;18.7;0
Arpajon;48.59;2.25;01/10/2026;05:00;16.2;7;PLUIE FAIBLE;2;18.7;0
Arpajon;48.59;2.25;01/10/2026;06:00;16.2;7;PLUIE FAIBLE;2;19.1;0
Arpajon;48.59;2.25;01/10/2026;07:00;16.2;7;PLUIE FAIBLE;2;19.8;0
Arpajon;48.59;2.25;01/10/2026;08:00;16.3;6;AVERSES;5;20.2;0
Arpajon;48.59;2.25;01/10/2026;09:00;16.9;6;AVERSES;5;19.4;0
Arpajon;48.59;2.25;01/10/2026;10:00;17.5;6;AVERSES;5;18.4;0
Arpajon;48.59;2.25;01/10/2026;11:00;19.6;6;AVERSES;3;17.6;0
Arpajon;48.59;2.25;01/10/2026;12:00;19.6;6;AVERSES;3;17.6;0
Arpajon;48.59;2.25;01/10/2026;13:00;19.6;6;AVERSES;3;18.0;0
Arpajon;48.59;2.25;01/10/2026;14:00;20.0;6;AVERSES;5;19.1;0
Arpajon;48.59;2.25;01/10/2026;15:00;20.6;6;AVERSES;5;21.6;0
Arpajon;48.59;2.25;01/10/2026;16:00;20.0;6;AVERSES;5;24.5;0
Arpajon;48.59;2.25;01/10/2026;17:00;17.7;2;NUAGEUX;2;25.9;0
Arpajon;48.59;2.25;01/10/2026;18:00;17.7;2;NUAGEUX;2;24.8;0
Arpajon;48.59;2.25;01/10/2026;19:00;17.7;2;NUAGEUX;2;22.0;0
Arpajon;48.59;2.25;01/10/2026;20:00;17.5;6;AVERSES;5;20.2;0
Arpajon;48.59;2.25;01/10/2026;21:00;16.9;6;AVERSES;5;20.2;0
Arpajon;48.59;2.25;01/10/2026;22:00;16.3;6;AVERSES;5;21.2;0
Arpajon;48.59;2.25;01/10/2026;23:00;14.1;0;SOLEIL;2;21.2;0
Étampes;48.43;2.16;27/09/2026;00:00;14.6;0;SOLEIL;2;10.1;0
Étampes;48.43;2.16;27/09/2026;01:00;14.3;0;SOLEIL;2;10.1;0
Étampes;48.43;2.16;27/09/2026;02:00;14.4;0;SOLEIL;2;7.6;0
Étampes;48.43;2.16;27/09/2026;03:00;14.2;0;SOLEIL;1;7.6;0
Étampes;48.43;2.16;27/09/2026;04:00;14.6;0;SOLEIL;1;6.5;0
Étampes;48.43;2.16;27/09/2026;05:00;14.8;0;SOLEIL;1;4.7;0
Étampes;48.43;2.16;27/09/2026;06:00;13.6;2;NUAGEUX;1;3.2;0
Étampes;48.43;2.16;27/09/2026;07:00;16.4;2;NUAGEUX;0;2.2;0
Étampes;48.43;2.16;27/09/2026;08:00;18.6;2;NUAGEUX;2;4.0;0
Étampes;48.43;2.16;27/09/2026;09:00;20.7;5;SOLEIL VOILÉ;2;4.3;0
Étampes;48.43;2.16;27/09/2026;10:00;23.1;5;SOLEIL VOILÉ;3;6.5;0
Étampes;48.43;2.16;27/09/2026;11:00;24.9;2;NUAGEUX;4;14.0;0
Étampes;48.43;2.16;27/09/2026;12:00;26.1;2;NUAGEUX;4;22.7;0
Étampes;48.43;2.16;27/09/2026;13:00;26.3;2;NUAGEUX;4;27.7;0
Étampes;48.43;2.16;27/09/2026;14:00;27.2;2;NUAGEUX;5;28.4;0
Étampes;48.43;2.16;27/09/2026;15:00;27.1;2;NUAGEUX;5;33.1;0
Étampes;48.43;2.16;27/09/2026;16:00;27.2;2;NUAGEUX;4;30.6;0
Étampes;48.43;2.16;27/09/2026;17:00;26.2;2;NUAGEUX;3;30.6;0
Étampes;48.43;2.16;27/09/2026;18:00;25;2;NUAGEUX;2;31.0;0
Étampes;48.43;2.16;27/09/2026;19:00;23.1;5;SOLEIL VOILÉ;2;27.7;0
Étampes;48.43;2.16;27/09/2026;20:00;21.6;2;NUAGEUX;2;21.6;0
Étampes;48.43;2.16;27/09/2026;21:00;20.2;2;NUAGEUX;2;9.7;0
Étampes;48.43;2.16;27/09/2026;22:00;19.7;2;NUAGEUX;2;6.5;0
Étampes;48.43;2.16;27/09/2026;23:00;18.9;2;NUAGEUX;2;6.1;0
Étampes;48.43;2.16;28/09/2026;00:00;18.5;2;NUAGEUX;2;7.6;0
Étampes;48.43;2.16;28/09/2026;01:00;18.5;2;NUAGEUX;2;16.2;0
Étampes;48.43;2.16;28/09/2026;02:00;17.4;2;NUAGEUX;1;16.9;0
Étampes;48.43;2.16;28/09/2026;03:00;17.4;2;NUAGEUX;1;7.5;0
Étampes;48.43;2.16;28/09/2026;04:00;17.4;2;NUAGEUX;1;17.3;0
Étampes;48.43;2.16;28/09/2026;05:00;17.1;2;NUAGEUX;1;18.3;0
Étampes;48.43;2.16;28/09/2026;06:00;17.1;2;NUAGEUX;1;16.9;0
Étampes;48.43;2.16;28/09/2026;07:00;17.1;2;NUAGEUX;1;18.7;0
Étampes;48.43;2.16;28/09/2026;08:00;21.2;2;NUAGEUX;3;9.7;0
Étampes;48.43;2.16;28/09/2026;09:00;21.2;2;NUAGEUX;3;8.3;0
Étampes;48.43;2.16;28/09/2026;10:00;21.2;2;NUAGEUX;3;19.8;0
Étampes;48.43;2.16;28/09/2026;11:00;23.6;2;NUAGEUX;2;30.6;0
Étampes;48.43;2.16;28/09/2026;12:00;23.6;2;NUAGEUX;2;23.0;0
Étampes;48.43;2.16;28/09/2026;13:00;23.6;2;NUAGEUX;2;17.3;0
Étampes;48.43;2.16;28/09/2026;14:00;23.1;5;SOLEIL VOILÉ;4;20.9;0
Étampes;48.43;2.16;28/09/2026;15:00;23.1;5;SOLEIL VOILÉ;4;18.7;0
Étampes;48.43;2.16;28/09/2026;16:00;23.1;5;SOLEIL VOILÉ;4;21.2;0
Étampes;48.43;2.16;28/09/2026;17:00;22.1;5;SOLEIL VOILÉ;3;26.3;0
Étampes;48.43;2.16;28/09/2026;18:00;22.1;5;SOLEIL VOILÉ;3;28.1;0
Étampes;48.43;2.16;28/09/2026;19:00;22.1;5;SOLEIL VOILÉ;3;25.9;0
Étampes;48.43;2.16;28/09/2026;20:00;18.4;5;SOLEIL VOILÉ;4;16.9;0
Étampes;48.43;2.16;28/09/2026;21:00;18.4;5;SOLEIL VOILÉ;4;12.2;0
Étampes;48.43;2.16;28/09/2026;22:00;18.4;5;SOLEIL VOILÉ;4;9.0;0
Étampes;48.43;2.16;28/09/2026;23:00;17.1;5;SOLEIL VOILÉ;4;8.3;0
Étampes;48.43;2.16;29/09/2026;00:00;17.1;5;SOLEIL VOILÉ;4;7.2;0
Étampes;48.43;2.16;29/09/2026;01:00;17.1;5;SOLEIL VOILÉ;4;5.0;0
Étampes;48.43;2.16;29/09/2026;02:00;15.9;5;SOLEIL VOILÉ;3;5.8;0
Étampes;48.43;2.16;29/09/2026;03:00;15.9;5;SOLEIL VOILÉ;3;8.6;0
Étampes;48.43;2.16;29/09/2026;04:00;15.9;5;SOLEIL VOILÉ;3;9.0;0
Étampes;48.43;2.16;29/09/2026;05:00;15;0;SOLEIL;2;9.0;0
Étampes;48.43;2.16;29/09/2026;06:00;15;0;SOLEIL;2;8.6;0
Étampes;48.43;2.16;29/09/2026;07:00;15;0;SOLEIL;2;10.8;0
Étampes;48.43;2.16;29/09/2026;08:00;22.9;0;SOLEIL;3;10.1;0
Étampes;48.43;2.16;29/09/2026;09:00;22.9;0;SOLEIL;3;13.7;0
Étampes;48.43;2.16;29/09/2026;10:00;22.9;0;SOLEIL;3;18.7;0
Étampes;48.43;2.16;29/09/2026;11:00;28.4;0;SOLEIL;3;23.0;0
Étampes;48.43;2.16;29/09/2026;12:00;28.4;0;SOLEIL;3;25.6;0
Étampes;48.43;2.16;29/09/2026;13:00;28.4;0;SOLEIL;3;27.0;0
Étampes;48.43;2.16;29/09/2026;14:00;30;0;SOLEIL;4;28.4;0
Étampes;48.43;2.16;29/09/2026;15:00;30;0;SOLEIL;4;30.6;0
Étampes;48.43;2.16;29/09/2026;16:00;30;0;SOLEIL;4;32.4;0
Étampes;48.43;2.16;29/09/2026;17:00;26.6;0;SOLEIL;3;33.1;0
Étampes;48.43;2.16;29/09/2026;18:00;26.6;0;SOLEIL;3;32.0;0
Étampes;48.43;2.16;29/09/2026;19:00;26.6;0;SOLEIL;3;30.2;0
Étampes;48.43;2.16;29/09/2026;20:00;21.4;0;SOLEIL;5;27.4;0
Étampes;48.43;2.16;29/09/2026;21:00;19.6;0;SOLEIL;5;23.0;0
Étampes;48.43;2.16;29/09/2026;22:00;17.8;0;SOLEIL;5;18.0;0
Étampes;48.43;2.16;29/09/2026;23:00;21;2;NUAGEUX;3;15.1;0
Étampes;48.43;2.16;30/09/2026;00:00;21;2;NUAGEUX;3;16.2;0
Étampes;48.43;2.16;30/09/2026;01:00;21;2;NUAGEUX;3;19.1;0
Étampes;48.43;2.16;30/09/2026;02:00;17;6;AVERSES;5;20.9;0
Étampes;48.43;2.16;30/09/2026;03:00;17;6;AVERSES;5;19.8;0
Étampes;48.43;2.16;30/09/2026;04:00;17;6;AVERSES;5;17.3;0
Étampes;48.43;2.16;30/09/2026;05:00;17.9;2;NUAGEUX;3;15.1;0
Étampes;48.43;2.16;30/09/2026;06:00;17.9;2;NUAGEUX;3;14.0;0
Étampes;48.43;2.16;30/09/2026;07:00;17.9;2;NUAGEUX;3;13.3;0
Étampes;48.43;2.16;30/09/2026;08:00;19.1;6;AVERSES;5;14.0;0
Étampes;48.43;2.16;30/09/2026;09:00;20.2;6;AVERSES;5;17.6;0
Étampes;48.43;2.16;30/09/2026;10:00;21.3;6;AVERSES;5;22.7;0
Étampes;48.43;2.16;30/09/2026;11:00;24.7;2;NUAGEUX;4;27.4;0
Étampes;48.43;2.16;30/09/2026;12:00;24.7;2;NUAGEUX;4;31.3;0
Étampes;48.43;2.16;30/09/2026;13:00;24.7;2;NUAGEUX;4;34.9;0
Étampes;48.43;2.16;30/09/2026;14:00;25.5;6;AVERSES;5;36.7;0
Étampes;48.43;2.16;30/09/2026;15:00;26.6;6;AVERSES;5;35.6;0
Étampes;48.43;2.16;30/09/2026;16:00;25.5;6;AVERSES;5;32.8;0
Étampes;48.43;2.16;30/09/2026;17:00;21.1;6;AVERSES;3;30.2;0
Étampes;48.43;2.16;30/09/2026;18:00;21.1;6;AVERSES;3;28.8;0
Étampes;48.43;2.16;30/09/2026;19:00;21.1;6;AVERSES;3;28.1;0
Étampes;48.43;2.16;30/09/2026;20:00;21.3;6;AVERSES;5;27.0;0
Étampes;48.43;2.16;30/09/2026;21:00;20.2;6;AVERSES;5;26.3;0
Étampes;48.43;2.16;30/09/2026;22:00;19.1;6;AVERSES;5;25.2;0
Étampes;48.43;2.16;30/09/2026;23:00;17.7;6;AVERSES;3;24.5;0
Étampes;48.43;2.16;01/10/2026;00:00;17.7;6;AVERSES;3;23.6;0
Étampes;48.43;2.16;01/10/2026;01:00;17.7;6;AVERSES;3;22.7;0
Étampes;48.43;2.16;01/10/2026;02:00;14.5;6;AVERSES;5;22.0;0
Étampes;48.43;2.16;01/10/2026;03:00;14.5;6;AVERSES;5;19.8;0
Étampes;48.43;2.16;01/10/2026;04:00;14.5;6;AVERSES;5;16.9;0
Étampes;48.43;2.16;01/10/2026;05:00;15.4;6;AVERSES;2;15.5;0
Étampes;48.43;2.16;01/10/2026;06:00;15.4;6;AVERSES;2;16.6;0
Étampes;48.43;2.16;01/10/2026;07:00;15.4;6;AVERSES;2;19.1;0
Étampes;48.43;2.16;01/10/2026;08:00;15.7;6;AVERSES;5;20.5;0
Étampes;48.43;2.16;01/10/2026;09:00;16.4;6;AVERSES;5;19.8;0
Étampes;48.43;2.16;01/10/2026;10:00;17.0;6;AVERSES;5;17.6;0
Étampes;48.43;2.16;01/10/2026;11:00;19.4;7;PLUIE FAIBLE;3;16.6;0
Étampes;48.43;2.16;01/10/2026;12:00;19.4;7;PLUIE FAIBLE;3;16.6;0
Étampes;48.43;2.16;01/10/2026;13:00;19.4;7;PLUIE FAIBLE;3;17.3;0
Étampes;48.43;2.16;01/10/2026;14:00;19.5;6;AVERSES;5;18.4;0
Étampes;48.43;2.16;01/10/2026;15:00;20.1;6;AVERSES;5;20.5;0
Étampes;48.43;2.16;01/10/2026;16:00;19.5;6;AVERSES;5;23.0;0
Étampes;48.43;2.16;01/10/2026;17:00;16.7;2;NUAGEUX;2;24.1;0
Étampes;48.43;2.16;01/10/2026;18:00;16.7;2;NUAGEUX;2;22.0;0
Étampes;48.43;2.16;01/10/2026;19:00;16.7;2;NUAGEUX;2;18.7;0
Étampes;48.43;2.16;01/10/2026;20:00;17.0;6;AVERSES;5;16.6;0
Étampes;48.43;2.16;01/10/2026;21:00;16.4;6;AVERSES;5;18.0;0
Étampes;48.43;2.16;01/10/2026;22:00;15.7;6;AVERSES;5;20.5;0
Étampes;48.43;2.16;01/10/2026;23:00;12.7;0;SOLEIL;2;21.6;0
Évry;48.62;2.44;27/09/2026;00:00;16.2;0;SOLEIL;1;11.5;0
Évry;48.62;2.44;27/09/2026;01:00;15.8;0;SOLEIL;1;8.3;0
Évry;48.62;2.44;27/09/2026;02:00;15.1;0;SOLEIL;1;6.1;0
Évry;48.62;2.44;27/09/2026;03:00;14.9;0;SOLEIL;1;5.8;0
Évry;48.62;2.44;27/09/2026;04:00;14.7;0;SOLEIL;1;4.7;0
Évry;48.62;2.44;27/09/2026;05:00;14.3;0;SOLEIL;1;3.6;0
Évry;48.62;2.44;27/09/2026;06:00;13.9;0;SOLEIL;1;4.3;0
Évry;48.62;2.44;27/09/2026;07:00;15.7;0;SOLEIL;1;5.0;0
Évry;48.62;2.44;27/09/2026;08:00;18;0;SOLEIL;2;5.8;0
Évry;48.62;2.44;27/09/2026;09:00;20.5;0;SOLEIL;2;9.0;0
Évry;48.62;2.44;27/09/2026;10:00;23.1;5;SOLEIL VOILÉ;2;9.0;0
Évry;48.62;2.44;27/09/2026;11:00;25.5;5;SOLEIL VOILÉ;3;12.6;0
Évry;48.62;2.44;27/09/2026;12:00;26.2;5;SOLEIL VOILÉ;4;16.9;0
Évry;48.62;2.44;27/09/2026;13:00;26.9;2;NUAGEUX;4;23.4;0
Évry;48.62;2.44;27/09/2026;14:00;27.7;2;NUAGEUX;4;25.2;0
Évry;48.62;2.44;27/09/2026;15:00;27.6;2;NUAGEUX;4;25.6;0
Évry;48.62;2.44;27/09/2026;16:00;27.5;2;NUAGEUX;4;27.4;0
Évry;48.62;2.44;27/09/2026;17:00;26.5;2;NUAGEUX;3;26.3;0
Évry;48.62;2.44;27/09/2026;18:00;25.1;2;NUAGEUX;2;24.8;0
Évry;48.62;2.44;27/09/2026;19:00;23.6;5;SOLEIL VOILÉ;2;24.5;0
Évry;48.62;2.44;27/09/2026;20:00;22.2;5;SOLEIL VOILÉ;2;18.7;0
Évry;48.62;2.44;27/09/2026;21:00;21.1;2;NUAGEUX;2;12.2;0
Évry;48.62;2.44;27/09/2026;22:00;20.5;2;NUAGEUX;2;8.3;0
Évry;48.62;2.44;27/09/2026;23:00;19.6;2;NUAGEUX;2;6.5;0
Évry;48.62;2.44;28/09/2026;00:00;19.4;2;NUAGEUX;2;6.1;0
Évry;48.62;2.44;28/09/2026;01:00;19.4;2;NUAGEUX;2;9.7;0
Évry;48.62;2.44;28/09/2026;02:00;17.9;2;NUAGEUX;1;6.5;0
Évry;48.62;2.44;28/09/2026;03:00;17.9;2;NUAGEUX;1;17.3;0
Évry;48.62;2.44;28/09/2026;04:00;17.9;2;NUAGEUX;1;9.2;0
Évry;48.62;2.44;28/09/2026;05:00;17.5;2;NUAGEUX;2;15.6;0
Évry;48.62;2.44;28/09/2026;06:00;17.5;2;NUAGEUX;2;16.6;0
Évry;48.62;2.44;28/09/2026;07:00;17.5;2;NUAGEUX;2;18.7;0
Évry;48.62;2.44;28/09/2026;08:00;21.6;2;NUAGEUX;3;17.6;0
Évry;48.62;2.44;28/09/2026;09:00;21.6;2;NUAGEUX;3;7.9;0
Évry;48.62;2.44;28/09/2026;10:00;21.6;2;NUAGEUX;3;11.9;0
Évry;48.62;2.44;28/09/2026;11:00;24.1;2;NUAGEUX;2;14.8;0
Évry;48.62;2.44;28/09/2026;12:00;24.1;2;NUAGEUX;2;28.4;0
Évry;48.62;2.44;28/09/2026;13:00;24.1;2;NUAGEUX;2;17.3;0
Évry;48.62;2.44;28/09/2026;14:00;24.6;5;SOLEIL VOILÉ;3;20.9;0
Évry;48.62;2.44;28/09/2026;15:00;24.6;5;SOLEIL VOILÉ;3;21.6;0
Évry;48.62;2.44;28/09/2026;16:00;24.6;5;SOLEIL VOILÉ;3;26.3;0
Évry;48.62;2.44;28/09/2026;17:00;22.9;5;SOLEIL VOILÉ;3;23.8;0
Évry;48.62;2.44;28/09/2026;18:00;22.9;5;SOLEIL VOILÉ;3;24.8;0
Évry;48.62;2.44;28/09/2026;19:00;22.9;5;SOLEIL VOILÉ;3;20.2;0
Évry;48.62;2.44;28/09/2026;20:00;19.7;5;SOLEIL VOILÉ;3;11.2;0
Évry;48.62;2.44;28/09/2026;21:00;19.7;5;SOLEIL VOILÉ;3;7.2;0
Évry;48.62;2.44;28/09/2026;22:00;19.7;5;SOLEIL VOILÉ;3;7.6;0
Évry;48.62;2.44;28/09/2026;23:00;17.9;5;SOLEIL VOILÉ;2;5.4;0
Évry;48.62;2.44;29/09/2026;00:00;17.9;5;SOLEIL VOILÉ;2;4.7;0
Évry;48.62;2.44;29/09/2026;01:00;17.9;5;SOLEIL VOILÉ;2;5.0;0
Évry;48.62;2.44;29/09/2026;02:00;16.7;5;SOLEIL VOILÉ;2;8.6;0
Évry;48.62;2.44;29/09/2026;03:00;16.7;5;SOLEIL VOILÉ;2;9.4;0
Évry;48.62;2.44;29/09/2026;04:00;16.7;5;SOLEIL VOILÉ;2;10.8;0
Évry;48.62;2.44;29/09/2026;05:00;16.1;0;SOLEIL;2;11.9;0
Évry;48.62;2.44;29/09/2026;06:00;16.1;0;SOLEIL;2;11.9;0
Évry;48.62;2.44;29/09/2026;07:00;16.1;0;SOLEIL;2;13.3;0
Évry;48.62;2.44;29/09/2026;08:00;22.9;0;SOLEIL;2;12.2;0
Évry;48.62;2.44;29/09/2026;09:00;22.9;0;SOLEIL;2;15.5;0
Évry;48.62;2.44;29/09/2026;10:00;22.9;0;SOLEIL;2;20.2;0
Évry;48.62;2.44;29/09/2026;11:00;28.2;0;SOLEIL;3;23.8;0
Évry;48.62;2.44;29/09/2026;12:00;28.2;0;SOLEIL;3;25.2;0
Évry;48.62;2.44;29/09/2026;13:00;28.2;0;SOLEIL;3;25.6;0
Évry;48.62;2.44;29/09/2026;14:00;28.6;0;SOLEIL;4;26.3;0
Évry;48.62;2.44;29/09/2026;15:00;28.6;0;SOLEIL;4;28.4;0
Évry;48.62;2.44;29/09/2026;16:00;28.6;0;SOLEIL;4;30.6;0
Évry;48.62;2.44;29/09/2026;17:00;26.4;0;SOLEIL;3;32.4;0
Évry;48.62;2.44;29/09/2026;18:00;26.4;0;SOLEIL;3;33.5;0
Évry;48.62;2.44;29/09/2026;19:00;26.4;0;SOLEIL;3;33.5;0
Évry;48.62;2.44;29/09/2026;20:00;21.8;0;SOLEIL;5;32.0;0
Évry;48.62;2.44;29/09/2026;21:00;20.3;0;SOLEIL;5;26.6;0
Évry;48.62;2.44;29/09/2026;22:00;18.7;0;SOLEIL;5;19.4;0
Évry;48.62;2.44;29/09/2026;23:00;21.1;2;NUAGEUX;3;14.8;0
Évry;48.62;2.44;30/09/2026;00:00;21.1;2;NUAGEUX;3;14.8;0
Évry;48.62;2.44;30/09/2026;01:00;21.1;2;NUAGEUX;3;16.9;0
Évry;48.62;2.44;30/09/2026;02:00;18.6;6;AVERSES;5;18.4;0
Évry;48.62;2.44;30/09/2026;03:00;18.6;6;AVERSES;5;18.4;0
Évry;48.62;2.44;30/09/2026;04:00;18.6;6;AVERSES;5;17.3;0
Évry;48.62;2.44;30/09/2026;05:00;19.6;2;NUAGEUX;3;16.6;0
Évry;48.62;2.44;30/09/2026;06:00;19.6;2;NUAGEUX;3;15.1;0
Évry;48.62;2.44;30/09/2026;07:00;19.6;2;NUAGEUX;3;13.7;0
Évry;48.62;2.44;30/09/2026;08:00;20.4;6;AVERSES;5;14.0;0
Évry;48.62;2.44;30/09/2026;09:00;21.3;6;AVERSES;5;18.0;0
Évry;48.62;2.44;30/09/2026;10:00;22.2;6;AVERSES;5;23.8;0
Évry;48.62;2.44;30/09/2026;11:00;24.9;2;NUAGEUX;4;28.4;0
Évry;48.62;2.44;30/09/2026;12:00;24.9;2;NUAGEUX;4;32.0;0
Évry;48.62;2.44;30/09/2026;13:00;24.9;2;NUAGEUX;4;34.6;0
Évry;48.62;2.44;30/09/2026;14:00;25.7;6;AVERSES;5;34.9;0
Évry;48.62;2.44;30/09/2026;15:00;26.6;6;AVERSES;5;31.3;0
Évry;48.62;2.44;30/09/2026;16:00;25.7;6;AVERSES;5;25.6;0
Évry;48.62;2.44;30/09/2026;17:00;22.5;6;AVERSES;2;21.6;0
Évry;48.62;2.44;30/09/2026;18:00;22.5;6;AVERSES;2;21.6;0
Évry;48.62;2.44;30/09/2026;19:00;22.5;6;AVERSES;2;23.0;0
Évry;48.62;2.44;30/09/2026;20:00;22.2;6;AVERSES;5;24.5;0
Évry;48.62;2.44;30/09/2026;21:00;21.3;6;AVERSES;5;24.8;0
Évry;48.62;2.44;30/09/2026;22:00;20.4;6;AVERSES;5;25.2;0
Évry;48.62;2.44;30/09/2026;23:00;19;6;AVERSES;2;24.8;0
Évry;48.62;2.44;01/10/2026;00:00;19;6;AVERSES;2;23.8;0
Évry;48.62;2.44;01/10/2026;01:00;19;6;AVERSES;2;22.1;0
Évry;48.62;2.44;01/10/2026;02:00;15.6;6;AVERSES;5;21.2;0
Évry;48.62;2.44;01/10/2026;03:00;15.6;6;AVERSES;5;21.2;0
Évry;48.62;2.44;01/10/2026;04:00;15.6;6;AVERSES;5;21.6;0
Évry;48.62;2.44;01/10/2026;05:00;16.6;7;PLUIE FAIBLE;2;21.6;0
Évry;48.62;2.44;01/10/2026;06:00;16.6;7;PLUIE FAIBLE;2;20.2;0
Évry;48.62;2.44;01/10/2026;07:00;16.6;7;PLUIE FAIBLE;2;18.0;0
Évry;48.62;2.44;01/10/2026;08:00;16.7;6;AVERSES;5;16.6;0
Évry;48.62;2.44;01/10/2026;09:00;17.2;6;AVERSES;5;16.6;0
Évry;48.62;2.44;01/10/2026;10:00;17.8;6;AVERSES;5;16.9;0
Évry;48.62;2.44;01/10/2026;11:00;19.1;6;AVERSES;3;17.3;0
Évry;48.62;2.44;01/10/2026;12:00;19.1;6;AVERSES;3;17.3;0
Évry;48.62;2.44;01/10/2026;13:00;19.1;6;AVERSES;3;16.9;0
Évry;48.62;2.44;01/10/2026;14:00;20.0;6;AVERSES;5;17.6;0
Évry;48.62;2.44;01/10/2026;15:00;20.5;6;AVERSES;5;19.8;0
Évry;48.62;2.44;01/10/2026;16:00;20.0;6;AVERSES;5;23.0;0
Évry;48.62;2.44;01/10/2026;17:00;18.5;2;NUAGEUX;2;24.8;0
Évry;48.62;2.44;01/10/2026;18:00;18.5;2;NUAGEUX;2;24.5;0
Évry;48.62;2.44;01/10/2026;19:00;18.5;2;NUAGEUX;2;22.7;0
Évry;48.62;2.44;01/10/2026;20:00;17.8;6;AVERSES;5;21.6;0
Évry;48.62;2.44;01/10/2026;21:00;17.2;6;AVERSES;5;22.3;0
Évry;48.62;2.44;01/10/2026;22:00;16.7;6;AVERSES;5;23.4;0
Évry;48.62;2.44;01/10/2026;23:00;14.6;0;SOLEIL;2;23.4;0
Milly-la-Forêt;48.4;2.47;27/09/2026;00:00;11.6;0;SOLEIL;1;9.4;0
Milly-la-Forêt;48.4;2.47;27/09/2026;01:00;10;0;SOLEIL;1;7.2;0
Milly-la-Forêt;48.4;2.47;27/09/2026;02:00;9.1;0;SOLEIL;1;5.4;0
Milly-la-Forêt;48.4;2.47;27/09/2026;03:00;10.2;0;SOLEIL;0;5.0;0
Milly-la-Forêt;48.4;2.47;27/09/2026;04:00;10.1;0;SOLEIL;1;2.5;0
Milly-la-Forêt;48.4;2.47;27/09/2026;05:00;9.1;0;SOLEIL;0;2.5;0
Milly-la-Forêt;48.4;2.47;27/09/2026;06:00;9.2;0;SOLEIL;0;2.9;0
Milly-la-Forêt;48.4;2.47;27/09/2026;07:00;13.3;0;SOLEIL;1;2.5;0
Milly-la-Forêt;48.4;2.47;27/09/2026;08:00;17.2;0;SOLEIL;1;2.5;0
Milly-la-Forêt;48.4;2.47;27/09/2026;09:00;21.1;2;NUAGEUX;2;3.6;0
Milly-la-Forêt;48.4;2.47;27/09/2026;10:00;24.1;5;SOLEIL VOILÉ;3;6.8;0
Milly-la-Forêt;48.4;2.47;27/09/2026;11:00;26.1;5;SOLEIL VOILÉ;4;13.7;0
Milly-la-Forêt;48.4;2.47;27/09/2026;12:00;27.2;5;SOLEIL VOILÉ;4;19.8;0
Milly-la-Forêt;48.4;2.47;27/09/2026;13:00;27.8;2;NUAGEUX;4;23.8;0
Milly-la-Forêt;48.4;2.47;27/09/2026;14:00;28.1;2;NUAGEUX;4;24.1;0
Milly-la-Forêt;48.4;2.47;27/09/2026;15:00;27.8;2;NUAGEUX;4;23.8;0
Milly-la-Forêt;48.4;2.47;27/09/2026;16:00;27;2;NUAGEUX;4;27.0;0
Milly-la-Forêt;48.4;2.47;27/09/2026;17:00;25.2;2;NUAGEUX;3;24.8;0
Milly-la-Forêt;48.4;2.47;27/09/2026;18:00;23;2;NUAGEUX;2;24.8;0
Milly-la-Forêt;48.4;2.47;27/09/2026;19:00;21.1;5;SOLEIL VOILÉ;2;20.9;0
Milly-la-Forêt;48.4;2.47;27/09/2026;20:00;19.5;5;SOLEIL VOILÉ;2;13.0;0
Milly-la-Forêt;48.4;2.47;27/09/2026;21:00;18.1;2;NUAGEUX;2;5.4;0
Milly-la-Forêt;48.4;2.47;27/09/2026;22:00;17;2;NUAGEUX;2;3.6;0
Milly-la-Forêt;48.4;2.47;27/09/2026;23:00;15.9;2;NUAGEUX;0;4.3;0
Milly-la-Forêt;48.4;2.47;28/09/2026;00:00;15;2;NUAGEUX;0;3.2;0
Milly-la-Forêt;48.4;2.47;28/09/2026;01:00;15;2;NUAGEUX;0;3.2;0
Milly-la-Forêt;48.4;2.47;28/09/2026;02:00;15;2;NUAGEUX;1;2.5;0
Milly-la-Forêt;48.4;2.47;28/09/2026;03:00;15;2;NUAGEUX;1;4.0;0
Milly-la-Forêt;48.4;2.47;28/09/2026;04:00;15;2;NUAGEUX;1;5.0;0
Milly-la-Forêt;48.4;2.47;28/09/2026;05:00;14.6;2;NUAGEUX;0;9.8;0
Milly-la-Forêt;48.4;2.47;28/09/2026;06:00;14.6;2;NUAGEUX;0;13.0;0
Milly-la-Forêt;48.4;2.47;28/09/2026;07:00;14.6;2;NUAGEUX;0;10.8;0
Milly-la-Forêt;48.4;2.47;28/09/2026;08:00;21.9;2;NUAGEUX;2;15.8;0
Milly-la-Forêt;48.4;2.47;28/09/2026;09:00;21.9;2;NUAGEUX;2;15.1;0
Milly-la-Forêt;48.4;2.47;28/09/2026;10:00;21.9;2;NUAGEUX;2;15.5;0
Milly-la-Forêt;48.4;2.47;28/09/2026;11:00;23.6;2;NUAGEUX;2;23.0;0
Milly-la-Forêt;48.4;2.47;28/09/2026;12:00;23.6;2;NUAGEUX;2;20.5;0
Milly-la-Forêt;48.4;2.47;28/09/2026;13:00;23.6;2;NUAGEUX;2;19.4;0
Milly-la-Forêt;48.4;2.47;28/09/2026;14:00;24.9;5;SOLEIL VOILÉ;3;15.1;0
Milly-la-Forêt;48.4;2.47;28/09/2026;15:00;24.9;5;SOLEIL VOILÉ;3;22.3;0
Milly-la-Forêt;48.4;2.47;28/09/2026;16:00;24.9;5;SOLEIL VOILÉ;3;22.3;0
Milly-la-Forêt;48.4;2.47;28/09/2026;17:00;22;5;SOLEIL VOILÉ;2;24.1;0
Milly-la-Forêt;48.4;2.47;28/09/2026;18:00;22;5;SOLEIL VOILÉ;2;22.7;0
Milly-la-Forêt;48.4;2.47;28/09/2026;19:00;22;5;SOLEIL VOILÉ;2;19.1;0
Milly-la-Forêt;48.4;2.47;28/09/2026;20:00;17.2;5;SOLEIL VOILÉ;2;14.8;0
Milly-la-Forêt;48.4;2.47;28/09/2026;21:00;17.2;5;SOLEIL VOILÉ;2;10.8;0
Milly-la-Forêt;48.4;2.47;28/09/2026;22:00;17.2;5;SOLEIL VOILÉ;2;9.4;0
Milly-la-Forêt;48.4;2.47;28/09/2026;23:00;15.1;5;SOLEIL VOILÉ;2;5.4;0
Milly-la-Forêt;48.4;2.47;29/09/2026;00:00;15.1;5;SOLEIL VOILÉ;2;4.3;0
Milly-la-Forêt;48.4;2.47;29/09/2026;01:00;15.1;5;SOLEIL VOILÉ;2;7.9;0
Milly-la-Forêt;48.4;2.47;29/09/2026;02:00;13.1;5;SOLEIL VOILÉ;1;9.0;0
Milly-la-Forêt;48.4;2.47;29/09/2026;03:00;13.1;5;SOLEIL VOILÉ;1;11.9;0
Milly-la-Forêt;48.4;2.47;29/09/2026;04:00;13.1;5;SOLEIL VOILÉ;1;13.0;0
Milly-la-Forêt;48.4;2.47;29/09/2026;05:00;12.2;0;SOLEIL;2;13.7;0
Milly-la-Forêt;48.4;2.47;29/09/2026;06:00;12.2;0;SOLEIL;2;13.3;0
Milly-la-Forêt;48.4;2.47;29/09/2026;07:00;12.2;0;SOLEIL;2;14.0;0
Milly-la-Forêt;48.4;2.47;29/09/2026;08:00;23.1;0;SOLEIL;3;12.2;0
Milly-la-Forêt;48.4;2.47;29/09/2026;09:00;23.1;0;SOLEIL;3;15.8;0
Milly-la-Forêt;48.4;2.47;29/09/2026;10:00;23.1;0;SOLEIL;3;21.2;0
Milly-la-Forêt;48.4;2.47;29/09/2026;11:00;28.1;0;SOLEIL;3;24.8;0
Milly-la-Forêt;48.4;2.47;29/09/2026;12:00;28.1;0;SOLEIL;3;24.5;0
Milly-la-Forêt;48.4;2.47;29/09/2026;13:00;28.1;0;SOLEIL;3;22.7;0
Milly-la-Forêt;48.4;2.47;29/09/2026;14:00;29;0;SOLEIL;4;22.0;0
Milly-la-Forêt;48.4;2.47;29/09/2026;15:00;29;0;SOLEIL;4;24.8;0
Milly-la-Forêt;48.4;2.47;29/09/2026;16:00;29;0;SOLEIL;4;29.2;0
Milly-la-Forêt;48.4;2.47;29/09/2026;17:00;24.4;0;SOLEIL;3;31.3;0
Milly-la-Forêt;48.4;2.47;29/09/2026;18:00;24.4;0;SOLEIL;3;29.5;0
Milly-la-Forêt;48.4;2.47;29/09/2026;19:00;24.4;0;SOLEIL;3;25.9;0
Milly-la-Forêt;48.4;2.47;29/09/2026;20:00;19.3;0;SOLEIL;5;23.0;0
Milly-la-Forêt;48.4;2.47;29/09/2026;21:00;17.2;0;SOLEIL;5;21.6;0
Milly-la-Forêt;48.4;2.47;29/09/2026;22:00;15.1;0;SOLEIL;5;20.5;0
Milly-la-Forêt;48.4;2.47;29/09/2026;23:00;17.1;2;NUAGEUX;3;20.5;0
Milly-la-Forêt;48.4;2.47;30/09/2026;00:00;17.1;2;NUAGEUX;3;21.6;0
Milly-la-Forêt;48.4;2.47;30/09/2026;01:00;17.1;2;NUAGEUX;3;23.4;0
Milly-la-Forêt;48.4;2.47;30/09/2026;02:00;16.7;6;AVERSES;5;24.5;0
Milly-la-Forêt;48.4;2.47;30/09/2026;03:00;16.7;6;AVERSES;5;23.8;0
Milly-la-Forêt;48.4;2.47;30/09/2026;04:00;16.7;6;AVERSES;5;22.0;0
Milly-la-Forêt;48.4;2.47;30/09/2026;05:00;17.7;2;NUAGEUX;3;20.2;0
Milly-la-Forêt;48.4;2.47;30/09/2026;06:00;17.7;2;NUAGEUX;3;18.4;0
Milly-la-Forêt;48.4;2.47;30/09/2026;07:00;17.7;2;NUAGEUX;3;16.6;0
Milly-la-Forêt;48.4;2.47;30/09/2026;08:00;19.1;6;AVERSES;5;16.6;0
Milly-la-Forêt;48.4;2.47;30/09/2026;09:00;20.3;6;AVERSES;5;19.4;0
Milly-la-Forêt;48.4;2.47;30/09/2026;10:00;21.5;6;AVERSES;5;24.5;0
Milly-la-Forêt;48.4;2.47;30/09/2026;11:00;26;2;NUAGEUX;4;28.4;0
Milly-la-Forêt;48.4;2.47;30/09/2026;12:00;26;2;NUAGEUX;4;31.3;0
Milly-la-Forêt;48.4;2.47;30/09/2026;13:00;26;2;NUAGEUX;4;33.8;0
Milly-la-Forêt;48.4;2.47;30/09/2026;14:00;26.4;6;AVERSES;5;34.2;0
Milly-la-Forêt;48.4;2.47;30/09/2026;15:00;27.6;6;AVERSES;5;31.0;0
Milly-la-Forêt;48.4;2.47;30/09/2026;16:00;26.4;6;AVERSES;5;25.9;0
Milly-la-Forêt;48.4;2.47;30/09/2026;17:00;21.9;6;AVERSES;3;22.7;0
Milly-la-Forêt;48.4;2.47;30/09/2026;18:00;21.9;6;AVERSES;3;23.0;0
Milly-la-Forêt;48.4;2.47;30/09/2026;19:00;21.9;6;AVERSES;3;25.2;0
Milly-la-Forêt;48.4;2.47;30/09/2026;20:00;21.5;6;AVERSES;5;26.3;0
Milly-la-Forêt;48.4;2.47;30/09/2026;21:00;20.3;6;AVERSES;5;25.6;0
Milly-la-Forêt;48.4;2.47;30/09/2026;22:00;19.1;6;AVERSES;5;24.1;0
Milly-la-Forêt;48.4;2.47;30/09/2026;23:00;17.9;6;AVERSES;2;22.7;0
Milly-la-Forêt;48.4;2.47;01/10/2026;00:00;17.9;6;AVERSES;2;21.5;0
Milly-la-Forêt;48.4;2.47;01/10/2026;01:00;17.9;6;AVERSES;2;20.9;0
Milly-la-Forêt;48.4;2.47;01/10/2026;02:00;14.4;7;PLUIE FAIBLE;5;20.4;0
Milly-la-Forêt;48.4;2.47;01/10/2026;03:00;14.4;7;PLUIE FAIBLE;5;20.5;0
Milly-la-Forêt;48.4;2.47;01/10/2026;04:00;14.4;7;PLUIE FAIBLE;5;19.8;0
Milly-la-Forêt;48.4;2.47;01/10/2026;05:00;15.5;7;PLUIE FAIBLE;2;19.4;0
Milly-la-Forêt;48.4;2.47;01/10/2026;06:00;15.5;7;PLUIE FAIBLE;2;18.7;0
Milly-la-Forêt;48.4;2.47;01/10/2026;07:00;15.5;7;PLUIE FAIBLE;2;17.6;0
Milly-la-Forêt;48.4;2.47;01/10/2026;08:00;15.9;7;PLUIE FAIBLE;5;16.9;0
Milly-la-Forêt;48.4;2.47;01/10/2026;09:00;16.6;7;PLUIE FAIBLE;5;16.6;0
Milly-la-Forêt;48.4;2.47;01/10/2026;10:00;17.3;7;PLUIE FAIBLE;5;16.6;0
Milly-la-Forêt;48.4;2.47;01/10/2026;11:00;20.1;7;PLUIE FAIBLE;3;16.6;0
Milly-la-Forêt;48.4;2.47;01/10/2026;12:00;20.1;7;PLUIE FAIBLE;3;16.6;0
Milly-la-Forêt;48.4;2.47;01/10/2026;13:00;20.1;7;PLUIE FAIBLE;3;16.2;0
Milly-la-Forêt;48.4;2.47;01/10/2026;14:00;20.3;7;PLUIE FAIBLE;5;16.9;0
Milly-la-Forêt;48.4;2.47;01/10/2026;15:00;21.0;7;PLUIE FAIBLE;5;19.1;0
Milly-la-Forêt;48.4;2.47;01/10/2026;16:00;20.3;7;PLUIE FAIBLE;5;22.0;0
Milly-la-Forêt;48.4;2.47;01/10/2026;17:00;17.1;2;NUAGEUX;2;23.4;0
Milly-la-Forêt;48.4;2.47;01/10/2026;18:00;17.1;2;NUAGEUX;2;22.0;0
Milly-la-Forêt;48.4;2.47;01/10/2026;19:00;17.1;2;NUAGEUX;2;18.7;0
Milly-la-Forêt;48.4;2.47;01/10/2026;20:00;17.3;7;PLUIE FAIBLE;5;16.9;0
Milly-la-Forêt;48.4;2.47;01/10/2026;21:00;16.6;7;PLUIE FAIBLE;5;17.6;0
Milly-la-Forêt;48.4;2.47;01/10/2026;22:00;15.9;7;PLUIE FAIBLE;5;19.1;0
Milly-la-Forêt;48.4;2.47;01/10/2026;23:00;12.6;0;SOLEIL;2;19.4;0
Nanterre;48.89;2.2;27/09/2026;00:00;15.1;0;SOLEIL;2;11.5;0
Nanterre;48.89;2.2;27/09/2026;01:00;14.7;0;SOLEIL;2;9.4;0
Nanterre;48.89;2.2;27/09/2026;02:00;14.4;0;SOLEIL;2;9.0;0
Nanterre;48.89;2.2;27/09/2026;03:00;14;0;SOLEIL;2;7.6;0
Nanterre;48.89;2.2;27/09/2026;04:00;13.5;0;SOLEIL;2;6.5;0
Nanterre;48.89;2.2;27/09/2026;05:00;13;0;SOLEIL;2;6.1;0
Nanterre;48.89;2.2;27/09/2026;06:00;13.4;0;SOLEIL;2;5.8;0
Nanterre;48.89;2.2;27/09/2026;07:00;16.1;0;SOLEIL;1;6.8;0
Nanterre;48.89;2.2;27/09/2026;08:00;18.7;5;SOLEIL VOILÉ;2;6.8;0
Nanterre;48.89;2.2;27/09/2026;09:00;20.6;5;SOLEIL VOILÉ;2;6.5;0
Nanterre;48.89;2.2;27/09/2026;10:00;23.1;5;SOLEIL VOILÉ;3;12.6;0
Nanterre;48.89;2.2;27/09/2026;11:00;24;5;SOLEIL VOILÉ;3;14.8;0
Nanterre;48.89;2.2;27/09/2026;12:00;25.6;5;SOLEIL VOILÉ;4;17.6;0
Nanterre;48.89;2.2;27/09/2026;13:00;27.3;2;NUAGEUX;4;24.5;0
Nanterre;48.89;2.2;27/09/2026;14:00;27.9;2;NUAGEUX;4;25.6;0
Nanterre;48.89;2.2;27/09/2026;15:00;27.5;2;NUAGEUX;4;24.5;0
Nanterre;48.89;2.2;27/09/2026;16:00;26.9;2;NUAGEUX;4;23.0;0
Nanterre;48.89;2.2;27/09/2026;17:00;25.7;2;NUAGEUX;4;23.8;0
Nanterre;48.89;2.2;27/09/2026;18:00;24;2;NUAGEUX;3;22.0;0
Nanterre;48.89;2.2;27/09/2026;19:00;22.4;5;SOLEIL VOILÉ;3;18.0;0
Nanterre;48.89;2.2;27/09/2026;20:00;21.1;5;SOLEIL VOILÉ;3;6.8;0
Nanterre;48.89;2.2;27/09/2026;21:00;20.4;5;SOLEIL VOILÉ;2;6.5;0
Nanterre;48.89;2.2;27/09/2026;22:00;19.6;5;SOLEIL VOILÉ;2;7.9;0
Nanterre;48.89;2.2;27/09/2026;23:00;19.1;2;NUAGEUX;2;8.6;0
Nanterre;48.89;2.2;28/09/2026;00:00;18.5;2;NUAGEUX;2;9.4;0
Nanterre;48.89;2.2;28/09/2026;01:00;18.5;2;NUAGEUX;2;7.6;0
Nanterre;48.89;2.2;28/09/2026;02:00;17.6;2;NUAGEUX;1;6.1;0
Nanterre;48.89;2.2;28/09/2026;03:00;17.6;2;NUAGEUX;1;7.5;0
Nanterre;48.89;2.2;28/09/2026;04:00;17.6;2;NUAGEUX;1;12.8;0
Nanterre;48.89;2.2;28/09/2026;05:00;17.6;2;NUAGEUX;2;8.8;0
Nanterre;48.89;2.2;28/09/2026;06:00;17.6;2;NUAGEUX;2;19.8;0
Nanterre;48.89;2.2;28/09/2026;07:00;17.6;2;NUAGEUX;2;16.6;0
Nanterre;48.89;2.2;28/09/2026;08:00;21;2;NUAGEUX;2;13.0;0
Nanterre;48.89;2.2;28/09/2026;09:00;21;2;NUAGEUX;2;15.5;0
Nanterre;48.89;2.2;28/09/2026;10:00;21;2;NUAGEUX;2;7.2;0
Nanterre;48.89;2.2;28/09/2026;11:00;23.9;5;SOLEIL VOILÉ;2;21.2;0
Nanterre;48.89;2.2;28/09/2026;12:00;23.9;5;SOLEIL VOILÉ;2;24.5;0
Nanterre;48.89;2.2;28/09/2026;13:00;23.9;5;SOLEIL VOILÉ;2;23.0;0
Nanterre;48.89;2.2;28/09/2026;14:00;24.4;6;AVERSES;3;16.2;0
Nanterre;48.89;2.2;28/09/2026;15:00;24.4;6;AVERSES;3;16.9;0
Nanterre;48.89;2.2;28/09/2026;16:00;24.4;6;AVERSES;3;24.5;0
Nanterre;48.89;2.2;28/09/2026;17:00;20.1;5;SOLEIL VOILÉ;3;38.9;0
Nanterre;48.89;2.2;28/09/2026;18:00;20.1;5;SOLEIL VOILÉ;3;21.2;0
Nanterre;48.89;2.2;28/09/2026;19:00;20.1;5;SOLEIL VOILÉ;3;17.6;0
Nanterre;48.89;2.2;28/09/2026;20:00;18.2;5;SOLEIL VOILÉ;2;17.3;0
Nanterre;48.89;2.2;28/09/2026;21:00;18.2;5;SOLEIL VOILÉ;2;12.6;0
Nanterre;48.89;2.2;28/09/2026;22:00;18.2;5;SOLEIL VOILÉ;2;12.2;0
Nanterre;48.89;2.2;28/09/2026;23:00;16.4;5;SOLEIL VOILÉ;2;12.6;0
Nanterre;48.89;2.2;29/09/2026;00:00;16.4;5;SOLEIL VOILÉ;2;9.0;0
Nanterre;48.89;2.2;29/09/2026;01:00;16.4;5;SOLEIL VOILÉ;2;5.4;0
Nanterre;48.89;2.2;29/09/2026;02:00;15.6;5;SOLEIL VOILÉ;2;5.0;0
Nanterre;48.89;2.2;29/09/2026;03:00;15.6;5;SOLEIL VOILÉ;2;7.6;0
Nanterre;48.89;2.2;29/09/2026;04:00;15.6;5;SOLEIL VOILÉ;2;9.4;0
Nanterre;48.89;2.2;29/09/2026;05:00;14.9;0;SOLEIL;2;10.1;0
Nanterre;48.89;2.2;29/09/2026;06:00;14.9;0;SOLEIL;2;11.2;0
Nanterre;48.89;2.2;29/09/2026;07:00;14.9;0;SOLEIL;2;11.9;0
Nanterre;48.89;2.2;29/09/2026;08:00;20.9;0;SOLEIL;2;12.6;0
Nanterre;48.89;2.2;29/09/2026;09:00;20.9;0;SOLEIL;2;16.6;0
Nanterre;48.89;2.2;29/09/2026;10:00;20.9;0;SOLEIL;2;21.6;0
Nanterre;48.89;2.2;29/09/2026;11:00;27.4;0;SOLEIL;3;25.6;0
Nanterre;48.89;2.2;29/09/2026;12:00;27.4;0;SOLEIL;3;26.6;0
Nanterre;48.89;2.2;29/09/2026;13:00;27.4;0;SOLEIL;3;26.3;0
Nanterre;48.89;2.2;29/09/2026;14:00;29.6;0;SOLEIL;4;26.6;0
Nanterre;48.89;2.2;29/09/2026;15:00;29.6;0;SOLEIL;4;28.4;0
Nanterre;48.89;2.2;29/09/2026;16:00;29.6;0;SOLEIL;4;31.0;0
Nanterre;48.89;2.2;29/09/2026;17:00;25.6;0;SOLEIL;3;32.0;0
Nanterre;48.89;2.2;29/09/2026;18:00;25.6;0;SOLEIL;3;31.0;0
Nanterre;48.89;2.2;29/09/2026;19:00;25.6;0;SOLEIL;3;28.1;0
Nanterre;48.89;2.2;29/09/2026;20:00;21.2;0;SOLEIL;5;25.2;0
Nanterre;48.89;2.2;29/09/2026;21:00;19.4;0;SOLEIL;5;21.2;0
Nanterre;48.89;2.2;29/09/2026;22:00;17.6;0;SOLEIL;5;16.6;0
Nanterre;48.89;2.2;29/09/2026;23:00;18.5;2;NUAGEUX;3;14.0;0
Nanterre;48.89;2.2;30/09/2026;00:00;18.5;2;NUAGEUX;3;15.8;0
Nanterre;48.89;2.2;30/09/2026;01:00;18.5;2;NUAGEUX;3;19.8;0
Nanterre;48.89;2.2;30/09/2026;02:00;18.6;6;AVERSES;5;22.7;0
Nanterre;48.89;2.2;30/09/2026;03:00;18.6;6;AVERSES;5;22.3;0
Nanterre;48.89;2.2;30/09/2026;04:00;18.6;6;AVERSES;5;20.5;0
Nanterre;48.89;2.2;30/09/2026;05:00;20.1;2;NUAGEUX;3;19.1;0
Nanterre;48.89;2.2;30/09/2026;06:00;20.1;2;NUAGEUX;3;18.4;0
Nanterre;48.89;2.2;30/09/2026;07:00;20.1;2;NUAGEUX;3;17.6;0
Nanterre;48.89;2.2;30/09/2026;08:00;20.4;6;AVERSES;5;18.7;0
Nanterre;48.89;2.2;30/09/2026;09:00;21.3;6;AVERSES;5;22.3;0
Nanterre;48.89;2.2;30/09/2026;10:00;22.2;6;AVERSES;5;27.4;0
Nanterre;48.89;2.2;30/09/2026;11:00;24.6;2;NUAGEUX;4;31.7;0
Nanterre;48.89;2.2;30/09/2026;12:00;24.6;2;NUAGEUX;4;34.2;0
Nanterre;48.89;2.2;30/09/2026;13:00;24.6;2;NUAGEUX;4;35.3;0
Nanterre;48.89;2.2;30/09/2026;14:00;25.7;6;AVERSES;5;35.6;0
Nanterre;48.89;2.2;30/09/2026;15:00;26.6;6;AVERSES;5;34.2;0
Nanterre;48.89;2.2;30/09/2026;16:00;25.7;6;AVERSES;5;31.3;0
Nanterre;48.89;2.2;30/09/2026;17:00;22.1;6;AVERSES;2;28.8;0
Nanterre;48.89;2.2;30/09/2026;18:00;22.1;6;AVERSES;2;26.6;0
Nanterre;48.89;2.2;30/09/2026;19:00;22.1;6;AVERSES;2;24.1;0
Nanterre;48.89;2.2;30/09/2026;20:00;22.2;6;AVERSES;5;22.7;0
Nanterre;48.89;2.2;30/09/2026;21:00;21.3;6;AVERSES;5;22.3;0
Nanterre;48.89;2.2;30/09/2026;22:00;20.4;6;AVERSES;5;22.7;0
Nanterre;48.89;2.2;30/09/2026;23:00;18.9;6;AVERSES;2;23.0;0
Nanterre;48.89;2.2;01/10/2026;00:00;18.9;6;AVERSES;2;23.4;0
Nanterre;48.89;2.2;01/10/2026;01:00;18.9;6;AVERSES;2;23.0;0
Nanterre;48.89;2.2;01/10/2026;02:00;15.2;7;PLUIE FAIBLE;5;22.4;0
Nanterre;48.89;2.2;01/10/2026;03:00;15.2;7;PLUIE FAIBLE;5;20.5;0
Nanterre;48.89;2.2;01/10/2026;04:00;15.2;7;PLUIE FAIBLE;5;18.7;0
Nanterre;48.89;2.2;01/10/2026;05:00;16.4;7;PLUIE FAIBLE;2;17.3;0
Nanterre;48.89;2.2;01/10/2026;06:00;16.4;7;PLUIE FAIBLE;2;16.9;0
Nanterre;48.89;2.2;01/10/2026;07:00;16.4;7;PLUIE FAIBLE;2;17.3;0
Nanterre;48.89;2.2;01/10/2026;08:00;16.4;7;PLUIE FAIBLE;5;17.3;0
Nanterre;48.89;2.2;01/10/2026;09:00;17.0;7;PLUIE FAIBLE;5;16.9;0
Nanterre;48.89;2.2;01/10/2026;10:00;17.6;7;PLUIE FAIBLE;5;16.2;0
Nanterre;48.89;2.2;01/10/2026;11:00;19.4;7;PLUIE FAIBLE;3;16.2;0
Nanterre;48.89;2.2;01/10/2026;12:00;19.4;7;PLUIE FAIBLE;3;16.6;0
Nanterre;48.89;2.2;01/10/2026;13:00;19.4;7;PLUIE FAIBLE;3;17.3;0
Nanterre;48.89;2.2;01/10/2026;14:00;20.0;7;PLUIE FAIBLE;5;18.7;0
Nanterre;48.89;2.2;01/10/2026;15:00;20.6;7;PLUIE FAIBLE;5;21.6;0
Nanterre;48.89;2.2;01/10/2026;16:00;20.0;7;PLUIE FAIBLE;5;25.2;0
Nanterre;48.89;2.2;01/10/2026;17:00;18.1;2;NUAGEUX;2;27.4;0
Nanterre;48.89;2.2;01/10/2026;18:00;18.1;2;NUAGEUX;2;27.4;0
Nanterre;48.89;2.2;01/10/2026;19:00;18.1;2;NUAGEUX;2;25.9;0
Nanterre;48.89;2.2;01/10/2026;20:00;17.6;7;PLUIE FAIBLE;5;24.5;0
Nanterre;48.89;2.2;01/10/2026;21:00;17.0;7;PLUIE FAIBLE;5;24.1;0
Nanterre;48.89;2.2;01/10/2026;22:00;16.4;7;PLUIE FAIBLE;5;23.8;0
Nanterre;48.89;2.2;01/10/2026;23:00;13.6;0;SOLEIL;2;22.7;0
Aulnay-sous-Bois;48.93;2.5;27/09/2026;00:00;16;0;SOLEIL;2;19.4;0
Aulnay-sous-Bois;48.93;2.5;27/09/2026;01:00;15.6;0;SOLEIL;2;13.7;0
Aulnay-sous-Bois;48.93;2.5;27/09/2026;02:00;15.2;0;SOLEIL;2;11.5;0
Aulnay-sous-Bois;48.93;2.5;27/09/2026;03:00;14.9;0;SOLEIL;2;10.4;0
Aulnay-sous-Bois;48.93;2.5;27/09/2026;04:00;14.9;0;SOLEIL;2;9.7;0
Aulnay-sous-Bois;48.93;2.5;27/09/2026;05:00;14.1;0;SOLEIL;2;8.6;0
Aulnay-sous-Bois;48.93;2.5;27/09/2026;06:00;13.9;0;SOLEIL;2;8.6;0
Aulnay-sous-Bois;48.93;2.5;27/09/2026;07:00;15.8;0;SOLEIL;1;8.6;0
Aulnay-sous-Bois;48.93;2.5;27/09/2026;08:00;17.9;0;SOLEIL;1;8.6;0
Aulnay-sous-Bois;48.93;2.5;27/09/2026;09:00;20.6;5;SOLEIL VOILÉ;2;7.6;0
Aulnay-sous-Bois;48.93;2.5;27/09/2026;10:00;23.2;5;SOLEIL VOILÉ;3;9.7;0
Aulnay-sous-Bois;48.93;2.5;27/09/2026;11:00;24.9;5;SOLEIL VOILÉ;3;14.8;0
Aulnay-sous-Bois;48.93;2.5;27/09/2026;12:00;26.2;5;SOLEIL VOILÉ;4;19.4;0
Aulnay-sous-Bois;48.93;2.5;27/09/2026;13:00;27.4;5;SOLEIL VOILÉ;4;23.8;0
Aulnay-sous-Bois;48.93;2.5;27/09/2026;14:00;27.9;2;NUAGEUX;4;27.4;0
Aulnay-sous-Bois;48.93;2.5;27/09/2026;15:00;28.1;2;NUAGEUX;4;26.3;0
Aulnay-sous-Bois;48.93;2.5;27/09/2026;16:00;27.9;2;NUAGEUX;4;25.2;0
Aulnay-sous-Bois;48.93;2.5;27/09/2026;17:00;26.9;2;NUAGEUX;4;24.1;0
Aulnay-sous-Bois;48.93;2.5;27/09/2026;18:00;25.7;2;NUAGEUX;3;22.7;0
Aulnay-sous-Bois;48.93;2.5;27/09/2026;19:00;24.2;5;SOLEIL VOILÉ;3;18.7;0
Aulnay-sous-Bois;48.93;2.5;27/09/2026;20:00;23.1;5;SOLEIL VOILÉ;3;10.8;0
Aulnay-sous-Bois;48.93;2.5;27/09/2026;21:00;22.1;5;SOLEIL VOILÉ;2;7.9;0
Aulnay-sous-Bois;48.93;2.5;27/09/2026;22:00;21.5;5;SOLEIL VOILÉ;2;8.3;0
Aulnay-sous-Bois;48.93;2.5;27/09/2026;23:00;20.7;2;NUAGEUX;2;6.8;0
Aulnay-sous-Bois;48.93;2.5;28/09/2026;00:00;19.9;2;NUAGEUX;2;5.0;0
Aulnay-sous-Bois;48.93;2.5;28/09/2026;01:00;19.9;2;NUAGEUX;2;7.9;0
Aulnay-sous-Bois;48.93;2.5;28/09/2026;02:00;18.1;2;NUAGEUX;2;6.8;0
Aulnay-sous-Bois;48.93;2.5;28/09/2026;03:00;18.1;2;NUAGEUX;2;9.8;0
Aulnay-sous-Bois;48.93;2.5;28/09/2026;04:00;18.1;2;NUAGEUX;2;20.0;0
Aulnay-sous-Bois;48.93;2.5;28/09/2026;05:00;18.1;2;NUAGEUX;1;6.5;0
Aulnay-sous-Bois;48.93;2.5;28/09/2026;06:00;18.1;2;NUAGEUX;1;16.9;0
Aulnay-sous-Bois;48.93;2.5;28/09/2026;07:00;18.1;2;NUAGEUX;1;19.1;0
Aulnay-sous-Bois;48.93;2.5;28/09/2026;08:00;21.1;2;NUAGEUX;2;21.6;0
Aulnay-sous-Bois;48.93;2.5;28/09/2026;09:00;21.1;2;NUAGEUX;2;20.5;0
Aulnay-sous-Bois;48.93;2.5;28/09/2026;10:00;21.1;2;NUAGEUX;2;9.4;0
Aulnay-sous-Bois;48.93;2.5;28/09/2026;11:00;23.9;2;NUAGEUX;2;10.4;0
Aulnay-sous-Bois;48.93;2.5;28/09/2026;12:00;23.9;2;NUAGEUX;2;25.2;0
Aulnay-sous-Bois;48.93;2.5;28/09/2026;13:00;23.9;2;NUAGEUX;2;14.8;0
Aulnay-sous-Bois;48.93;2.5;28/09/2026;14:00;26.1;6;AVERSES;3;15.8;0
Aulnay-sous-Bois;48.93;2.5;28/09/2026;15:00;26.1;6;AVERSES;3;16.6;0
Aulnay-sous-Bois;48.93;2.5;28/09/2026;16:00;26.1;6;AVERSES;3;21.6;0
Aulnay-sous-Bois;48.93;2.5;28/09/2026;17:00;21.6;5;SOLEIL VOILÉ;3;33.8;0
Aulnay-sous-Bois;48.93;2.5;28/09/2026;18:00;21.6;5;SOLEIL VOILÉ;3;32.8;0
Aulnay-sous-Bois;48.93;2.5;28/09/2026;19:00;21.6;5;SOLEIL VOILÉ;3;20.5;0
Aulnay-sous-Bois;48.93;2.5;28/09/2026;20:00;19.2;5;SOLEIL VOILÉ;3;14.8;0
Aulnay-sous-Bois;48.93;2.5;28/09/2026;21:00;19.2;5;SOLEIL VOILÉ;3;14.0;0
Aulnay-sous-Bois;48.93;2.5;28/09/2026;22:00;19.2;5;SOLEIL VOILÉ;3;16.2;0
Aulnay-sous-Bois;48.93;2.5;28/09/2026;23:00;18;5;SOLEIL VOILÉ;3;15.8;0
Aulnay-sous-Bois;48.93;2.5;29/09/2026;00:00;18;5;SOLEIL VOILÉ;3;11.2;0
Aulnay-sous-Bois;48.93;2.5;29/09/2026;01:00;18;5;SOLEIL VOILÉ;3;7.9;0
Aulnay-sous-Bois;48.93;2.5;29/09/2026;02:00;16.6;5;SOLEIL VOILÉ;2;9.7;0
Aulnay-sous-Bois;48.93;2.5;29/09/2026;03:00;16.6;5;SOLEIL VOILÉ;2;9.0;0
Aulnay-sous-Bois;48.93;2.5;29/09/2026;04:00;16.6;5;SOLEIL VOILÉ;2;9.7;0
Aulnay-sous-Bois;48.93;2.5;29/09/2026;05:00;16.1;0;SOLEIL;2;10.8;0
Aulnay-sous-Bois;48.93;2.5;29/09/2026;06:00;16.1;0;SOLEIL;2;11.9;0
Aulnay-sous-Bois;48.93;2.5;29/09/2026;07:00;16.1;0;SOLEIL;2;14.0;0
Aulnay-sous-Bois;48.93;2.5;29/09/2026;08:00;22.6;0;SOLEIL;3;14.0;0
Aulnay-sous-Bois;48.93;2.5;29/09/2026;09:00;22.6;0;SOLEIL;3;16.6;0
Aulnay-sous-Bois;48.93;2.5;29/09/2026;10:00;22.6;0;SOLEIL;3;19.8;0
Aulnay-sous-Bois;48.93;2.5;29/09/2026;11:00;27.7;0;SOLEIL;3;22.3;0
Aulnay-sous-Bois;48.93;2.5;29/09/2026;12:00;27.7;0;SOLEIL;3;23.8;0
Aulnay-sous-Bois;48.93;2.5;29/09/2026;13:00;27.7;0;SOLEIL;3;24.5;0
Aulnay-sous-Bois;48.93;2.5;29/09/2026;14:00;29.1;0;SOLEIL;4;25.6;0
Aulnay-sous-Bois;48.93;2.5;29/09/2026;15:00;29.1;0;SOLEIL;4;27.4;0
Aulnay-sous-Bois;48.93;2.5;29/09/2026;16:00;29.1;0;SOLEIL;4;28.8;0
Aulnay-sous-Bois;48.93;2.5;29/09/2026;17:00;26.6;0;SOLEIL;3;29.5;0
Aulnay-sous-Bois;48.93;2.5;29/09/2026;18:00;26.6;0;SOLEIL;3;28.4;0
Aulnay-sous-Bois;48.93;2.5;29/09/2026;19:00;26.6;0;SOLEIL;3;26.3;0
Aulnay-sous-Bois;48.93;2.5;29/09/2026;20:00;21.9;0;SOLEIL;5;23.8;0
Aulnay-sous-Bois;48.93;2.5;29/09/2026;21:00;20.3;0;SOLEIL;5;20.2;0
Aulnay-sous-Bois;48.93;2.5;29/09/2026;22:00;18.7;0;SOLEIL;5;15.8;0
Aulnay-sous-Bois;48.93;2.5;29/09/2026;23:00;21.1;2;NUAGEUX;3;13.7;0
Aulnay-sous-Bois;48.93;2.5;30/09/2026;00:00;21.1;2;NUAGEUX;3;15.1;0
Aulnay-sous-Bois;48.93;2.5;30/09/2026;01:00;21.1;2;NUAGEUX;3;18.7;0
Aulnay-sous-Bois;48.93;2.5;30/09/2026;02:00;19.1;6;AVERSES;5;20.9;0
Aulnay-sous-Bois;48.93;2.5;30/09/2026;03:00;19.1;6;AVERSES;5;20.5;0
Aulnay-sous-Bois;48.93;2.5;30/09/2026;04:00;19.1;6;AVERSES;5;19.1;0
Aulnay-sous-Bois;48.93;2.5;30/09/2026;05:00;20;2;NUAGEUX;3;18.0;0
Aulnay-sous-Bois;48.93;2.5;30/09/2026;06:00;20;2;NUAGEUX;3;17.3;0
Aulnay-sous-Bois;48.93;2.5;30/09/2026;07:00;20;2;NUAGEUX;3;16.6;0
Aulnay-sous-Bois;48.93;2.5;30/09/2026;08:00;20.8;6;AVERSES;5;17.6;0
Aulnay-sous-Bois;48.93;2.5;30/09/2026;09:00;21.6;6;AVERSES;5;21.2;0
Aulnay-sous-Bois;48.93;2.5;30/09/2026;10:00;22.4;6;AVERSES;5;26.6;0
Aulnay-sous-Bois;48.93;2.5;30/09/2026;11:00;24.6;2;NUAGEUX;4;30.6;0
Aulnay-sous-Bois;48.93;2.5;30/09/2026;12:00;24.6;2;NUAGEUX;4;32.8;0
Aulnay-sous-Bois;48.93;2.5;30/09/2026;13:00;24.6;2;NUAGEUX;4;33.5;0
Aulnay-sous-Bois;48.93;2.5;30/09/2026;14:00;25.8;6;AVERSES;5;33.5;0
Aulnay-sous-Bois;48.93;2.5;30/09/2026;15:00;26.6;6;AVERSES;5;31.7;0
Aulnay-sous-Bois;48.93;2.5;30/09/2026;16:00;25.8;6;AVERSES;5;29.2;0
Aulnay-sous-Bois;48.93;2.5;30/09/2026;17:00;23;6;AVERSES;2;26.3;0
Aulnay-sous-Bois;48.93;2.5;30/09/2026;18:00;23;6;AVERSES;2;23.4;0
Aulnay-sous-Bois;48.93;2.5;30/09/2026;19:00;23;6;AVERSES;2;20.5;0
Aulnay-sous-Bois;48.93;2.5;30/09/2026;20:00;22.4;6;AVERSES;5;19.1;0
Aulnay-sous-Bois;48.93;2.5;30/09/2026;21:00;21.6;6;AVERSES;5;20.5;0
Aulnay-sous-Bois;48.93;2.5;30/09/2026;22:00;20.8;6;AVERSES;5;23.8;0
Aulnay-sous-Bois;48.93;2.5;30/09/2026;23:00;19.6;6;AVERSES;2;25.9;0
Aulnay-sous-Bois;48.93;2.5;01/10/2026;00:00;19.6;6;AVERSES;2;26.0;0
Aulnay-sous-Bois;48.93;2.5;01/10/2026;01:00;19.6;6;AVERSES;2;24.8;0
Aulnay-sous-Bois;48.93;2.5;01/10/2026;02:00;15.7;7;PLUIE FAIBLE;5;23.8;0
Aulnay-sous-Bois;48.93;2.5;01/10/2026;03:00;15.7;7;PLUIE FAIBLE;5;22.7;0
Aulnay-sous-Bois;48.93;2.5;01/10/2026;04:00;15.7;7;PLUIE FAIBLE;5;22.0;0
Aulnay-sous-Bois;48.93;2.5;01/10/2026;05:00;17.1;7;PLUIE FAIBLE;2;21.2;0
Aulnay-sous-Bois;48.93;2.5;01/10/2026;06:00;17.1;7;PLUIE FAIBLE;2;19.8;0
Aulnay-sous-Bois;48.93;2.5;01/10/2026;07:00;17.1;7;PLUIE FAIBLE;2;18.0;0
Aulnay-sous-Bois;48.93;2.5;01/10/2026;08:00;16.8;7;PLUIE FAIBLE;5;16.9;0
Aulnay-sous-Bois;48.93;2.5;01/10/2026;09:00;17.3;7;PLUIE FAIBLE;5;16.9;0
Aulnay-sous-Bois;48.93;2.5;01/10/2026;10:00;17.9;7;PLUIE FAIBLE;5;17.3;0
Aulnay-sous-Bois;48.93;2.5;01/10/2026;11:00;19.1;7;PLUIE FAIBLE;3;17.6;0
Aulnay-sous-Bois;48.93;2.5;01/10/2026;12:00;19.1;7;PLUIE FAIBLE;3;17.3;0
Aulnay-sous-Bois;48.93;2.5;01/10/2026;13:00;19.1;7;PLUIE FAIBLE;3;16.9;0
Aulnay-sous-Bois;48.93;2.5;01/10/2026;14:00;20.1;7;PLUIE FAIBLE;5;17.6;0
Aulnay-sous-Bois;48.93;2.5;01/10/2026;15:00;20.6;7;PLUIE FAIBLE;5;20.2;0
Aulnay-sous-Bois;48.93;2.5;01/10/2026;16:00;20.1;7;PLUIE FAIBLE;5;23.4;0
Aulnay-sous-Bois;48.93;2.5;01/10/2026;17:00;18.2;2;NUAGEUX;2;25.6;0
Aulnay-sous-Bois;48.93;2.5;01/10/2026;18:00;18.2;2;NUAGEUX;2;25.9;0
Aulnay-sous-Bois;48.93;2.5;01/10/2026;19:00;18.2;2;NUAGEUX;2;25.2;0
Aulnay-sous-Bois;48.93;2.5;01/10/2026;20:00;17.9;7;PLUIE FAIBLE;5;24.5;0
Aulnay-sous-Bois;48.93;2.5;01/10/2026;21:00;17.3;7;PLUIE FAIBLE;5;24.8;0
Aulnay-sous-Bois;48.93;2.5;01/10/2026;22:00;16.8;7;PLUIE FAIBLE;5;25.6;0
Aulnay-sous-Bois;48.93;2.5;01/10/2026;23:00;14.2;0;SOLEIL;2;25.2;0
Bobigny;48.91;2.44;27/09/2026;00:00;16.6;0;SOLEIL;2;19.4;0
Bobigny;48.91;2.44;27/09/2026;01:00;16.3;0;SOLEIL;2;13.3;0
Bobigny;48.91;2.44;27/09/2026;02:00;16;0;SOLEIL;2;12.2;0
Bobigny;48.91;2.44;27/09/2026;03:00;15.4;0;SOLEIL;1;10.1;0
Bobigny;48.91;2.44;27/09/2026;04:00;15.4;0;SOLEIL;1;8.3;0
Bobigny;48.91;2.44;27/09/2026;05:00;14.6;0;SOLEIL;1;7.2;0
Bobigny;48.91;2.44;27/09/2026;06:00;14.3;0;SOLEIL;1;6.8;0
Bobigny;48.91;2.44;27/09/2026;07:00;16;0;SOLEIL;1;6.1;0
Bobigny;48.91;2.44;27/09/2026;08:00;18.2;0;SOLEIL;1;7.6;0
Bobigny;48.91;2.44;27/09/2026;09:00;20.7;5;SOLEIL VOILÉ;2;7.9;0
Bobigny;48.91;2.44;27/09/2026;10:00;23.2;5;SOLEIL VOILÉ;3;12.2;0
Bobigny;48.91;2.44;27/09/2026;11:00;24.6;5;SOLEIL VOILÉ;3;16.6;0
Bobigny;48.91;2.44;27/09/2026;12:00;26;5;SOLEIL VOILÉ;4;19.1;0
Bobigny;48.91;2.44;27/09/2026;13:00;27.1;5;SOLEIL VOILÉ;4;22.7;0
Bobigny;48.91;2.44;27/09/2026;14:00;27.7;2;NUAGEUX;4;24.8;0
Bobigny;48.91;2.44;27/09/2026;15:00;27.9;2;NUAGEUX;4;23.8;0
Bobigny;48.91;2.44;27/09/2026;16:00;27.6;2;NUAGEUX;4;23.8;0
Bobigny;48.91;2.44;27/09/2026;17:00;26.7;2;NUAGEUX;4;23.4;0
Bobigny;48.91;2.44;27/09/2026;18:00;25.6;2;NUAGEUX;3;22.3;0
Bobigny;48.91;2.44;27/09/2026;19:00;24.5;5;SOLEIL VOILÉ;3;19.4;0
Bobigny;48.91;2.44;27/09/2026;20:00;23.6;5;SOLEIL VOILÉ;3;11.2;0
Bobigny;48.91;2.44;27/09/2026;21:00;22.9;5;SOLEIL VOILÉ;3;9.4;0
Bobigny;48.91;2.44;27/09/2026;22:00;22.4;5;SOLEIL VOILÉ;3;8.6;0
Bobigny;48.91;2.44;27/09/2026;23:00;21.5;2;NUAGEUX;3;7.9;0
Bobigny;48.91;2.44;28/09/2026;00:00;20.6;2;NUAGEUX;3;6.1;0
Bobigny;48.91;2.44;28/09/2026;01:00;20.6;2;NUAGEUX;3;7.9;0
Bobigny;48.91;2.44;28/09/2026;02:00;18.9;2;NUAGEUX;1;6.1;0
Bobigny;48.91;2.44;28/09/2026;03:00;18.9;2;NUAGEUX;1;7.0;0
Bobigny;48.91;2.44;28/09/2026;04:00;18.9;2;NUAGEUX;1;19.3;0
Bobigny;48.91;2.44;28/09/2026;05:00;18.4;2;NUAGEUX;2;9.5;0
Bobigny;48.91;2.44;28/09/2026;06:00;18.4;2;NUAGEUX;2;10.1;0
Bobigny;48.91;2.44;28/09/2026;07:00;18.4;2;NUAGEUX;2;17.6;0
Bobigny;48.91;2.44;28/09/2026;08:00;21.6;2;NUAGEUX;2;19.8;0
Bobigny;48.91;2.44;28/09/2026;09:00;21.6;2;NUAGEUX;2;15.5;0
Bobigny;48.91;2.44;28/09/2026;10:00;21.6;2;NUAGEUX;2;7.6;0
Bobigny;48.91;2.44;28/09/2026;11:00;24;5;SOLEIL VOILÉ;2;10.1;0
Bobigny;48.91;2.44;28/09/2026;12:00;24;5;SOLEIL VOILÉ;2;25.2;0
Bobigny;48.91;2.44;28/09/2026;13:00;24;5;SOLEIL VOILÉ;2;16.6;0
Bobigny;48.91;2.44;28/09/2026;14:00;25.7;6;AVERSES;3;18.4;0
Bobigny;48.91;2.44;28/09/2026;15:00;25.7;6;AVERSES;3;17.3;0
Bobigny;48.91;2.44;28/09/2026;16:00;25.7;6;AVERSES;3;22.7;0
Bobigny;48.91;2.44;28/09/2026;17:00;22.4;5;SOLEIL VOILÉ;3;35.3;0
Bobigny;48.91;2.44;28/09/2026;18:00;22.4;5;SOLEIL VOILÉ;3;25.2;0
Bobigny;48.91;2.44;28/09/2026;19:00;22.4;5;SOLEIL VOILÉ;3;16.9;0
Bobigny;48.91;2.44;28/09/2026;20:00;20.1;5;SOLEIL VOILÉ;3;14.4;0
Bobigny;48.91;2.44;28/09/2026;21:00;20.1;5;SOLEIL VOILÉ;3;13.7;0
Bobigny;48.91;2.44;28/09/2026;22:00;20.1;5;SOLEIL VOILÉ;3;17.6;0
Bobigny;48.91;2.44;28/09/2026;23:00;18.7;5;SOLEIL VOILÉ;3;16.9;0
Bobigny;48.91;2.44;29/09/2026;00:00;18.7;5;SOLEIL VOILÉ;3;11.5;0
Bobigny;48.91;2.44;29/09/2026;01:00;18.7;5;SOLEIL VOILÉ;3;7.2;0
Bobigny;48.91;2.44;29/09/2026;02:00;17.5;5;SOLEIL VOILÉ;2;7.6;0
Bobigny;48.91;2.44;29/09/2026;03:00;17.5;5;SOLEIL VOILÉ;2;7.6;0
Bobigny;48.91;2.44;29/09/2026;04:00;17.5;5;SOLEIL VOILÉ;2;8.6;0
Bobigny;48.91;2.44;29/09/2026;05:00;16.6;0;SOLEIL;2;10.1;0
Bobigny;48.91;2.44;29/09/2026;06:00;16.6;0;SOLEIL;2;12.2;0
Bobigny;48.91;2.44;29/09/2026;07:00;16.6;0;SOLEIL;2;13.3;0
Bobigny;48.91;2.44;29/09/2026;08:00;22.9;0;SOLEIL;3;14.0;0
Bobigny;48.91;2.44;29/09/2026;09:00;22.9;0;SOLEIL;3;16.6;0
Bobigny;48.91;2.44;29/09/2026;10:00;22.9;0;SOLEIL;3;19.8;0
Bobigny;48.91;2.44;29/09/2026;11:00;28.1;0;SOLEIL;3;22.3;0
Bobigny;48.91;2.44;29/09/2026;12:00;28.1;0;SOLEIL;3;23.4;0
Bobigny;48.91;2.44;29/09/2026;13:00;28.1;0;SOLEIL;3;24.1;0
Bobigny;48.91;2.44;29/09/2026;14:00;29.4;0;SOLEIL;4;24.8;0
Bobigny;48.91;2.44;29/09/2026;15:00;29.4;0;SOLEIL;4;26.6;0
Bobigny;48.91;2.44;29/09/2026;16:00;29.4;0;SOLEIL;4;28.8;0
Bobigny;48.91;2.44;29/09/2026;17:00;27;0;SOLEIL;3;29.5;0
Bobigny;48.91;2.44;29/09/2026;18:00;27;0;SOLEIL;3;28.4;0
Bobigny;48.91;2.44;29/09/2026;19:00;27;0;SOLEIL;3;26.6;0
Bobigny;48.91;2.44;29/09/2026;20:00;22.3;0;SOLEIL;5;23.8;0
Bobigny;48.91;2.44;29/09/2026;21:00;20.8;0;SOLEIL;5;19.8;0
Bobigny;48.91;2.44;29/09/2026;22:00;19.2;0;SOLEIL;5;15.1;0
Bobigny;48.91;2.44;29/09/2026;23:00;21.9;2;NUAGEUX;3;12.6;0
Bobigny;48.91;2.44;30/09/2026;00:00;21.9;2;NUAGEUX;3;14.0;0
Bobigny;48.91;2.44;30/09/2026;01:00;21.9;2;NUAGEUX;3;17.3;0
Bobigny;48.91;2.44;30/09/2026;02:00;19.1;6;AVERSES;5;19.4;0
Bobigny;48.91;2.44;30/09/2026;03:00;19.1;6;AVERSES;5;19.1;0
Bobigny;48.91;2.44;30/09/2026;04:00;19.1;6;AVERSES;5;17.6;0
Bobigny;48.91;2.44;30/09/2026;05:00;20;2;NUAGEUX;3;16.6;0
Bobigny;48.91;2.44;30/09/2026;06:00;20;2;NUAGEUX;3;15.8;0
Bobigny;48.91;2.44;30/09/2026;07:00;20;2;NUAGEUX;3;15.1;0
Bobigny;48.91;2.44;30/09/2026;08:00;20.8;6;AVERSES;5;16.2;0
Bobigny;48.91;2.44;30/09/2026;09:00;21.6;6;AVERSES;5;19.8;0
Bobigny;48.91;2.44;30/09/2026;10:00;22.5;6;AVERSES;5;25.2;0
Bobigny;48.91;2.44;30/09/2026;11:00;24.6;2;NUAGEUX;4;29.5;0
Bobigny;48.91;2.44;30/09/2026;12:00;24.6;2;NUAGEUX;4;32.0;0
Bobigny;48.91;2.44;30/09/2026;13:00;24.6;2;NUAGEUX;4;33.5;0
Bobigny;48.91;2.44;30/09/2026;14:00;25.9;6;AVERSES;5;33.5;0
Bobigny;48.91;2.44;30/09/2026;15:00;26.7;6;AVERSES;5;31.7;0
Bobigny;48.91;2.44;30/09/2026;16:00;25.9;6;AVERSES;5;28.4;0
Bobigny;48.91;2.44;30/09/2026;17:00;23.1;6;AVERSES;2;25.2;0
Bobigny;48.91;2.44;30/09/2026;18:00;23.1;6;AVERSES;2;21.2;0
Bobigny;48.91;2.44;30/09/2026;19:00;23.1;6;AVERSES;2;17.3;0
Bobigny;48.91;2.44;30/09/2026;20:00;22.5;6;AVERSES;5;15.5;0
Bobigny;48.91;2.44;30/09/2026;21:00;21.6;6;AVERSES;5;17.3;0
Bobigny;48.91;2.44;30/09/2026;22:00;20.8;6;AVERSES;5;21.2;0
Bobigny;48.91;2.44;30/09/2026;23:00;19.7;6;AVERSES;2;24.1;0
Bobigny;48.91;2.44;01/10/2026;00:00;19.7;6;AVERSES;2;24.7;0
Bobigny;48.91;2.44;01/10/2026;01:00;19.7;6;AVERSES;2;24.1;0
Bobigny;48.91;2.44;01/10/2026;02:00;15.9;7;PLUIE FAIBLE;5;23.4;0
Bobigny;48.91;2.44;01/10/2026;03:00;15.9;7;PLUIE FAIBLE;5;22.7;0
Bobigny;48.91;2.44;01/10/2026;04:00;15.9;7;PLUIE FAIBLE;5;22.0;0
Bobigny;48.91;2.44;01/10/2026;05:00;17.2;7;PLUIE FAIBLE;2;21.2;0
Bobigny;48.91;2.44;01/10/2026;06:00;17.2;7;PLUIE FAIBLE;2;19.8;0
Bobigny;48.91;2.44;01/10/2026;07:00;17.2;7;PLUIE FAIBLE;2;18.0;0
Bobigny;48.91;2.44;01/10/2026;08:00;16.9;7;PLUIE FAIBLE;5;16.9;0
Bobigny;48.91;2.44;01/10/2026;09:00;17.5;7;PLUIE FAIBLE;5;16.9;0
Bobigny;48.91;2.44;01/10/2026;10:00;18.0;7;PLUIE FAIBLE;5;17.3;0
Bobigny;48.91;2.44;01/10/2026;11:00;19;7;PLUIE FAIBLE;3;17.6;0
Bobigny;48.91;2.44;01/10/2026;12:00;19;7;PLUIE FAIBLE;3;17.3;0
Bobigny;48.91;2.44;01/10/2026;13:00;19;7;PLUIE FAIBLE;3;16.9;0
Bobigny;48.91;2.44;01/10/2026;14:00;20.1;7;PLUIE FAIBLE;5;17.6;0
Bobigny;48.91;2.44;01/10/2026;15:00;20.6;7;PLUIE FAIBLE;5;20.2;0
Bobigny;48.91;2.44;01/10/2026;16:00;20.1;7;PLUIE FAIBLE;5;23.4;0
Bobigny;48.91;2.44;01/10/2026;17:00;18.5;2;NUAGEUX;2;25.6;0
Bobigny;48.91;2.44;01/10/2026;18:00;18.5;2;NUAGEUX;2;25.9;0
Bobigny;48.91;2.44;01/10/2026;19:00;18.5;2;NUAGEUX;2;25.2;0
Bobigny;48.91;2.44;01/10/2026;20:00;18.0;7;PLUIE FAIBLE;5;24.5;0
Bobigny;48.91;2.44;01/10/2026;21:00;17.5;7;PLUIE FAIBLE;5;24.8;0
Bobigny;48.91;2.44;01/10/2026;22:00;16.9;7;PLUIE FAIBLE;5;25.6;0
Bobigny;48.91;2.44;01/10/2026;23:00;14.7;0;SOLEIL;2;25.2;0
Créteil;48.79;2.46;27/09/2026;00:00;16.4;0;SOLEIL;2;19.1;0
Créteil;48.79;2.46;27/09/2026;01:00;16;0;SOLEIL;2;13.3;0
Créteil;48.79;2.46;27/09/2026;02:00;15.5;0;SOLEIL;1;9.0;0
Créteil;48.79;2.46;27/09/2026;03:00;14.7;0;SOLEIL;1;6.8;0
Créteil;48.79;2.46;27/09/2026;04:00;15.1;0;SOLEIL;1;5.4;0
Créteil;48.79;2.46;27/09/2026;05:00;14.2;0;SOLEIL;1;4.7;0
Créteil;48.79;2.46;27/09/2026;06:00;13.6;0;SOLEIL;1;6.5;0
Créteil;48.79;2.46;27/09/2026;07:00;16.1;0;SOLEIL;2;7.6;0
Créteil;48.79;2.46;27/09/2026;08:00;17.9;0;SOLEIL;2;7.2;0
Créteil;48.79;2.46;27/09/2026;09:00;21.1;0;SOLEIL;2;7.9;0
Créteil;48.79;2.46;27/09/2026;10:00;24.6;5;SOLEIL VOILÉ;3;10.8;0
Créteil;48.79;2.46;27/09/2026;11:00;26;5;SOLEIL VOILÉ;3;14.4;0
Créteil;48.79;2.46;27/09/2026;12:00;27;5;SOLEIL VOILÉ;4;17.3;0
Créteil;48.79;2.46;27/09/2026;13:00;27.9;2;NUAGEUX;4;22.3;0
Créteil;48.79;2.46;27/09/2026;14:00;28.5;2;NUAGEUX;4;25.6;0
Créteil;48.79;2.46;27/09/2026;15:00;27.8;2;NUAGEUX;4;25.2;0
Créteil;48.79;2.46;27/09/2026;16:00;27.1;2;NUAGEUX;4;25.6;0
Créteil;48.79;2.46;27/09/2026;17:00;26.1;2;NUAGEUX;4;23.8;0
Créteil;48.79;2.46;27/09/2026;18:00;24.6;2;NUAGEUX;3;22.0;0
Créteil;48.79;2.46;27/09/2026;19:00;23.5;5;SOLEIL VOILÉ;3;14.8;0
Créteil;48.79;2.46;27/09/2026;20:00;22.6;5;SOLEIL VOILÉ;2;14.0;0
Créteil;48.79;2.46;27/09/2026;21:00;21.7;5;SOLEIL VOILÉ;2;11.2;0
Créteil;48.79;2.46;27/09/2026;22:00;21.1;5;SOLEIL VOILÉ;2;8.3;0
Créteil;48.79;2.46;27/09/2026;23:00;20.4;2;NUAGEUX;2;8.6;0
Créteil;48.79;2.46;28/09/2026;00:00;19.6;2;NUAGEUX;3;5.8;0
Créteil;48.79;2.46;28/09/2026;01:00;19.6;2;NUAGEUX;3;15.5;0
Créteil;48.79;2.46;28/09/2026;02:00;18.2;2;NUAGEUX;1;18.4;0
Créteil;48.79;2.46;28/09/2026;03:00;18.2;2;NUAGEUX;1;22.5;0
Créteil;48.79;2.46;28/09/2026;04:00;18.2;2;NUAGEUX;1;10.8;0
Créteil;48.79;2.46;28/09/2026;05:00;18.1;2;NUAGEUX;1;7.8;0
Créteil;48.79;2.46;28/09/2026;06:00;18.1;2;NUAGEUX;1;19.4;0
Créteil;48.79;2.46;28/09/2026;07:00;18.1;2;NUAGEUX;1;18.0;0
Créteil;48.79;2.46;28/09/2026;08:00;21.9;2;NUAGEUX;2;17.3;0
Créteil;48.79;2.46;28/09/2026;09:00;21.9;2;NUAGEUX;2;7.6;0
Créteil;48.79;2.46;28/09/2026;10:00;21.9;2;NUAGEUX;2;9.4;0
Créteil;48.79;2.46;28/09/2026;11:00;24.6;5;SOLEIL VOILÉ;2;13.0;0
Créteil;48.79;2.46;28/09/2026;12:00;24.6;5;SOLEIL VOILÉ;2;27.0;0
Créteil;48.79;2.46;28/09/2026;13:00;24.6;5;SOLEIL VOILÉ;2;17.6;0
Créteil;48.79;2.46;28/09/2026;14:00;23.9;6;AVERSES;2;17.6;0
Créteil;48.79;2.46;28/09/2026;15:00;23.9;6;AVERSES;2;16.9;0
Créteil;48.79;2.46;28/09/2026;16:00;23.9;6;AVERSES;2;25.9;0
Créteil;48.79;2.46;28/09/2026;17:00;21.1;5;SOLEIL VOILÉ;4;26.6;0
Créteil;48.79;2.46;28/09/2026;18:00;21.1;5;SOLEIL VOILÉ;4;26.3;0
Créteil;48.79;2.46;28/09/2026;19:00;21.1;5;SOLEIL VOILÉ;4;17.6;0
Créteil;48.79;2.46;28/09/2026;20:00;19.7;5;SOLEIL VOILÉ;3;15.8;0
Créteil;48.79;2.46;28/09/2026;21:00;19.7;5;SOLEIL VOILÉ;3;6.5;0
Créteil;48.79;2.46;28/09/2026;22:00;19.7;5;SOLEIL VOILÉ;3;9.7;0
Créteil;48.79;2.46;28/09/2026;23:00;18.1;5;SOLEIL VOILÉ;2;9.0;0
Créteil;48.79;2.46;29/09/2026;00:00;18.1;5;SOLEIL VOILÉ;2;6.8;0
Créteil;48.79;2.46;29/09/2026;01:00;18.1;5;SOLEIL VOILÉ;2;5.8;0
Créteil;48.79;2.46;29/09/2026;02:00;17.1;5;SOLEIL VOILÉ;2;7.6;0
Créteil;48.79;2.46;29/09/2026;03:00;17.1;5;SOLEIL VOILÉ;2;7.6;0
Créteil;48.79;2.46;29/09/2026;04:00;17.1;5;SOLEIL VOILÉ;2;9.7;0
Créteil;48.79;2.46;29/09/2026;05:00;16.4;0;SOLEIL;2;12.2;0
Créteil;48.79;2.46;29/09/2026;06:00;16.4;0;SOLEIL;2;14.0;0
Créteil;48.79;2.46;29/09/2026;07:00;16.4;0;SOLEIL;2;16.6;0
Créteil;48.79;2.46;29/09/2026;08:00;22.1;0;SOLEIL;2;16.6;0
Créteil;48.79;2.46;29/09/2026;09:00;22.1;0;SOLEIL;2;19.1;0
Créteil;48.79;2.46;29/09/2026;10:00;22.1;0;SOLEIL;2;21.6;0
Créteil;48.79;2.46;29/09/2026;11:00;28.5;0;SOLEIL;3;23.8;0
Créteil;48.79;2.46;29/09/2026;12:00;28.5;0;SOLEIL;3;24.5;0
Créteil;48.79;2.46;29/09/2026;13:00;28.5;0;SOLEIL;3;24.5;0
Créteil;48.79;2.46;29/09/2026;14:00;28.5;0;SOLEIL;4;25.2;0
Créteil;48.79;2.46;29/09/2026;15:00;28.5;0;SOLEIL;4;27.4;0
Créteil;48.79;2.46;29/09/2026;16:00;28.5;0;SOLEIL;4;30.2;0
Créteil;48.79;2.46;29/09/2026;17:00;25.2;0;SOLEIL;3;31.7;0
Créteil;48.79;2.46;29/09/2026;18:00;25.2;0;SOLEIL;3;30.2;0
Créteil;48.79;2.46;29/09/2026;19:00;25.2;0;SOLEIL;3;27.4;0
Créteil;48.79;2.46;29/09/2026;20:00;22.0;0;SOLEIL;5;24.1;0
Créteil;48.79;2.46;29/09/2026;21:00;20.5;0;SOLEIL;5;20.2;0
Créteil;48.79;2.46;29/09/2026;22:00;19.0;0;SOLEIL;5;15.8;0
Créteil;48.79;2.46;29/09/2026;23:00;20.6;2;NUAGEUX;3;13.7;0
Créteil;48.79;2.46;30/09/2026;00:00;20.6;2;NUAGEUX;3;15.1;0
Créteil;48.79;2.46;30/09/2026;01:00;20.6;2;NUAGEUX;3;18.4;0
Créteil;48.79;2.46;30/09/2026;02:00;18.9;6;AVERSES;5;20.9;0
Créteil;48.79;2.46;30/09/2026;03:00;18.9;6;AVERSES;5;20.9;0
Créteil;48.79;2.46;30/09/2026;04:00;18.9;6;AVERSES;5;19.8;0
Créteil;48.79;2.46;30/09/2026;05:00;19.6;2;NUAGEUX;3;19.1;0
Créteil;48.79;2.46;30/09/2026;06:00;19.6;2;NUAGEUX;3;18.0;0
Créteil;48.79;2.46;30/09/2026;07:00;19.6;2;NUAGEUX;3;17.3;0
Créteil;48.79;2.46;30/09/2026;08:00;20.6;6;AVERSES;5;18.0;0
Créteil;48.79;2.46;30/09/2026;09:00;21.5;6;AVERSES;5;21.2;0
Créteil;48.79;2.46;30/09/2026;10:00;22.3;6;AVERSES;5;26.3;0
Créteil;48.79;2.46;30/09/2026;11:00;25;2;NUAGEUX;4;30.2;0
Créteil;48.79;2.46;30/09/2026;12:00;25;2;NUAGEUX;4;32.8;0
Créteil;48.79;2.46;30/09/2026;13:00;25;2;NUAGEUX;4;34.2;0
Créteil;48.79;2.46;30/09/2026;14:00;25.7;6;AVERSES;5;34.2;0
Créteil;48.79;2.46;30/09/2026;15:00;26.6;6;AVERSES;5;32.0;0
Créteil;48.79;2.46;30/09/2026;16:00;25.7;6;AVERSES;5;28.1;0
Créteil;48.79;2.46;30/09/2026;17:00;22.2;6;AVERSES;2;24.8;0
Créteil;48.79;2.46;30/09/2026;18:00;22.2;6;AVERSES;2;22.3;0
Créteil;48.79;2.46;30/09/2026;19:00;22.2;6;AVERSES;2;20.2;0
Créteil;48.79;2.46;30/09/2026;20:00;22.3;6;AVERSES;5;19.4;0
Créteil;48.79;2.46;30/09/2026;21:00;21.5;6;AVERSES;5;20.9;0
Créteil;48.79;2.46;30/09/2026;22:00;20.6;6;AVERSES;5;24.1;0
Créteil;48.79;2.46;30/09/2026;23:00;19.4;6;AVERSES;2;25.9;0
Créteil;48.79;2.46;01/10/2026;00:00;19.4;6;AVERSES;2;25.1;0
Créteil;48.79;2.46;01/10/2026;01:00;19.4;6;AVERSES;2;23.4;0
Créteil;48.79;2.46;01/10/2026;02:00;15.6;6;AVERSES;5;22.1;0
Créteil;48.79;2.46;01/10/2026;03:00;15.6;6;AVERSES;5;22.3;0
Créteil;48.79;2.46;01/10/2026;04:00;15.6;6;AVERSES;5;23.8;0
Créteil;48.79;2.46;01/10/2026;05:00;16.6;7;PLUIE FAIBLE;2;24.1;0
Créteil;48.79;2.46;01/10/2026;06:00;16.6;7;PLUIE FAIBLE;2;22.0;0
Créteil;48.79;2.46;01/10/2026;07:00;16.6;7;PLUIE FAIBLE;2;18.7;0
Créteil;48.79;2.46;01/10/2026;08:00;16.7;6;AVERSES;5;16.2;0
Créteil;48.79;2.46;01/10/2026;09:00;17.3;6;AVERSES;5;15.8;0
Créteil;48.79;2.46;01/10/2026;10:00;17.8;6;AVERSES;5;16.6;0
Créteil;48.79;2.46;01/10/2026;11:00;19.2;6;AVERSES;3;16.9;0
Créteil;48.79;2.46;01/10/2026;12:00;19.2;6;AVERSES;3;16.9;0
Créteil;48.79;2.46;01/10/2026;13:00;19.2;6;AVERSES;3;16.9;0
Créteil;48.79;2.46;01/10/2026;14:00;20.0;6;AVERSES;5;17.3;0
Créteil;48.79;2.46;01/10/2026;15:00;20.6;6;AVERSES;5;17.6;0
Créteil;48.79;2.46;01/10/2026;16:00;20.0;6;AVERSES;5;18.4;0
Créteil;48.79;2.46;01/10/2026;17:00;17.6;2;NUAGEUX;2;19.1;0
Créteil;48.79;2.46;01/10/2026;18:00;17.6;2;NUAGEUX;2;19.8;0
Créteil;48.79;2.46;01/10/2026;19:00;17.6;2;NUAGEUX;2;20.5;0
Créteil;48.79;2.46;01/10/2026;20:00;17.8;6;AVERSES;5;20.9;0
Créteil;48.79;2.46;01/10/2026;21:00;17.3;6;AVERSES;5;21.6;0
Créteil;48.79;2.46;01/10/2026;22:00;16.7;6;AVERSES;5;22.0;0
Créteil;48.79;2.46;01/10/2026;23:00;14.9;0;SOLEIL;2;21.2;0
Cergy;49.04;2.08;27/09/2026;00:00;14;0;SOLEIL;2;11.2;0
Cergy;49.04;2.08;27/09/2026;01:00;13.6;0;SOLEIL;2;6.8;0
Cergy;49.04;2.08;27/09/2026;02:00;13.5;0;SOLEIL;2;6.8;0
Cergy;49.04;2.08;27/09/2026;03:00;12.9;0;SOLEIL;2;6.5;0
Cergy;49.04;2.08;27/09/2026;04:00;12.2;0;SOLEIL;2;5.8;0
Cergy;49.04;2.08;27/09/2026;05:00;12.2;0;SOLEIL;1;5.8;0
Cergy;49.04;2.08;27/09/2026;06:00;11.9;0;SOLEIL;1;6.1;0
Cergy;49.04;2.08;27/09/2026;07:00;15.2;0;SOLEIL;1;5.0;0
Cergy;49.04;2.08;27/09/2026;08:00;17.4;5;SOLEIL VOILÉ;1;4.7;0
Cergy;49.04;2.08;27/09/2026;09:00;18.9;5;SOLEIL VOILÉ;2;4.3;0
Cergy;49.04;2.08;27/09/2026;10:00;22;5;SOLEIL VOILÉ;2;5.4;0
Cergy;49.04;2.08;27/09/2026;11:00;24.1;5;SOLEIL VOILÉ;3;13.3;0
Cergy;49.04;2.08;27/09/2026;12:00;25.6;5;SOLEIL VOILÉ;4;16.2;0
Cergy;49.04;2.08;27/09/2026;13:00;27;2;NUAGEUX;4;19.4;0
Cergy;49.04;2.08;27/09/2026;14:00;27.7;2;NUAGEUX;4;27.0;0
Cergy;49.04;2.08;27/09/2026;15:00;27.3;2;NUAGEUX;4;26.6;0
Cergy;49.04;2.08;27/09/2026;16:00;26.4;2;NUAGEUX;4;27.4;0
Cergy;49.04;2.08;27/09/2026;17:00;24.9;2;NUAGEUX;3;24.8;0
Cergy;49.04;2.08;27/09/2026;18:00;23.1;2;NUAGEUX;3;23.4;0
Cergy;49.04;2.08;27/09/2026;19:00;21.4;5;SOLEIL VOILÉ;3;16.9;0
Cergy;49.04;2.08;27/09/2026;20:00;20.5;5;SOLEIL VOILÉ;2;9.7;0
Cergy;49.04;2.08;27/09/2026;21:00;19.6;5;SOLEIL VOILÉ;2;4.0;0
Cergy;49.04;2.08;27/09/2026;22:00;18.6;5;SOLEIL VOILÉ;2;5.4;0
Cergy;49.04;2.08;27/09/2026;23:00;17.6;2;NUAGEUX;3;8.6;0
Cergy;49.04;2.08;28/09/2026;00:00;16.7;2;NUAGEUX;3;7.9;0
Cergy;49.04;2.08;28/09/2026;01:00;16.7;2;NUAGEUX;3;5.8;0
Cergy;49.04;2.08;28/09/2026;02:00;16.1;2;NUAGEUX;1;5.8;0
Cergy;49.04;2.08;28/09/2026;03:00;16.1;2;NUAGEUX;1;5.9;0
Cergy;49.04;2.08;28/09/2026;04:00;16.1;2;NUAGEUX;1;20.0;0
Cergy;49.04;2.08;28/09/2026;05:00;16.6;2;NUAGEUX;2;12.3;0
Cergy;49.04;2.08;28/09/2026;06:00;16.6;2;NUAGEUX;2;10.1;0
Cergy;49.04;2.08;28/09/2026;07:00;16.6;2;NUAGEUX;2;19.1;0
Cergy;49.04;2.08;28/09/2026;08:00;20.5;2;NUAGEUX;2;13.3;0
Cergy;49.04;2.08;28/09/2026;09:00;20.5;2;NUAGEUX;2;16.6;0
Cergy;49.04;2.08;28/09/2026;10:00;20.5;2;NUAGEUX;2;8.3;0
Cergy;49.04;2.08;28/09/2026;11:00;23.5;5;SOLEIL VOILÉ;2;20.9;0
Cergy;49.04;2.08;28/09/2026;12:00;23.5;5;SOLEIL VOILÉ;2;24.8;0
Cergy;49.04;2.08;28/09/2026;13:00;23.5;5;SOLEIL VOILÉ;2;15.8;0
Cergy;49.04;2.08;28/09/2026;14:00;24.6;6;AVERSES;3;21.6;0
Cergy;49.04;2.08;28/09/2026;15:00;24.6;6;AVERSES;3;24.8;0
Cergy;49.04;2.08;28/09/2026;16:00;24.6;6;AVERSES;3;21.6;0
Cergy;49.04;2.08;28/09/2026;17:00;20.1;5;SOLEIL VOILÉ;3;26.6;0
Cergy;49.04;2.08;28/09/2026;18:00;20.1;5;SOLEIL VOILÉ;3;26.6;0
Cergy;49.04;2.08;28/09/2026;19:00;20.1;5;SOLEIL VOILÉ;3;31.7;0
Cergy;49.04;2.08;28/09/2026;20:00;18.1;5;SOLEIL VOILÉ;3;27.4;0
Cergy;49.04;2.08;28/09/2026;21:00;18.1;5;SOLEIL VOILÉ;3;25.9;0
Cergy;49.04;2.08;28/09/2026;22:00;18.1;5;SOLEIL VOILÉ;3;28.1;0
Cergy;49.04;2.08;28/09/2026;23:00;15.6;5;SOLEIL VOILÉ;3;28.1;0
Cergy;49.04;2.08;29/09/2026;00:00;15.6;5;SOLEIL VOILÉ;3;22.3;0
Cergy;49.04;2.08;29/09/2026;01:00;15.6;5;SOLEIL VOILÉ;3;9.4;0
Cergy;49.04;2.08;29/09/2026;02:00;14.5;5;SOLEIL VOILÉ;2;7.2;0
Cergy;49.04;2.08;29/09/2026;03:00;14.5;5;SOLEIL VOILÉ;2;6.5;0
Cergy;49.04;2.08;29/09/2026;04:00;14.5;5;SOLEIL VOILÉ;2;6.5;0
Cergy;49.04;2.08;29/09/2026;05:00;12.6;0;SOLEIL;2;7.2;0
Cergy;49.04;2.08;29/09/2026;06:00;12.6;0;SOLEIL;2;9.0;0
Cergy;49.04;2.08;29/09/2026;07:00;12.6;0;SOLEIL;2;9.0;0
Cergy;49.04;2.08;29/09/2026;08:00;20.6;0;SOLEIL;2;11.9;0
Cergy;49.04;2.08;29/09/2026;09:00;20.6;0;SOLEIL;2;15.8;0
Cergy;49.04;2.08;29/09/2026;10:00;20.6;0;SOLEIL;2;20.9;0
Cergy;49.04;2.08;29/09/2026;11:00;27.1;0;SOLEIL;3;24.8;0
Cergy;49.04;2.08;29/09/2026;12:00;27.1;0;SOLEIL;3;26.3;0
Cergy;49.04;2.08;29/09/2026;13:00;27.1;0;SOLEIL;3;26.3;0
Cergy;49.04;2.08;29/09/2026;14:00;29.1;0;SOLEIL;4;27.0;0
Cergy;49.04;2.08;29/09/2026;15:00;29.1;0;SOLEIL;4;29.2;0
Cergy;49.04;2.08;29/09/2026;16:00;29.1;0;SOLEIL;4;31.7;0
Cergy;49.04;2.08;29/09/2026;17:00;24.5;0;SOLEIL;3;33.1;0
Cergy;49.04;2.08;29/09/2026;18:00;24.5;0;SOLEIL;3;32.8;0
Cergy;49.04;2.08;29/09/2026;19:00;24.5;0;SOLEIL;3;31.3;0
Cergy;49.04;2.08;29/09/2026;20:00;19.9;0;SOLEIL;5;28.8;0
Cergy;49.04;2.08;29/09/2026;21:00;18.0;0;SOLEIL;5;24.5;0
Cergy;49.04;2.08;29/09/2026;22:00;16.0;0;SOLEIL;5;19.4;0
Cergy;49.04;2.08;29/09/2026;23:00;16.6;2;NUAGEUX;3;15.8;0
Cergy;49.04;2.08;30/09/2026;00:00;16.6;2;NUAGEUX;3;15.8;0
Cergy;49.04;2.08;30/09/2026;01:00;16.6;2;NUAGEUX;3;17.6;0
Cergy;49.04;2.08;30/09/2026;02:00;18.6;6;AVERSES;5;18.7;0
Cergy;49.04;2.08;30/09/2026;03:00;18.6;6;AVERSES;5;17.6;0
Cergy;49.04;2.08;30/09/2026;04:00;18.6;6;AVERSES;5;15.5;0
Cergy;49.04;2.08;30/09/2026;05:00;19.9;2;NUAGEUX;3;14.0;0
Cergy;49.04;2.08;30/09/2026;06:00;19.9;2;NUAGEUX;3;12.6;0
Cergy;49.04;2.08;30/09/2026;07:00;19.9;2;NUAGEUX;3;11.9;0
Cergy;49.04;2.08;30/09/2026;08:00;20.4;6;AVERSES;5;12.6;0
Cergy;49.04;2.08;30/09/2026;09:00;21.3;6;AVERSES;5;16.9;0
Cergy;49.04;2.08;30/09/2026;10:00;22.2;6;AVERSES;5;22.7;0
Cergy;49.04;2.08;30/09/2026;11:00;25.1;2;NUAGEUX;4;28.1;0
Cergy;49.04;2.08;30/09/2026;12:00;25.1;2;NUAGEUX;4;32.0;0
Cergy;49.04;2.08;30/09/2026;13:00;25.1;2;NUAGEUX;4;34.9;0
Cergy;49.04;2.08;30/09/2026;14:00;25.7;6;AVERSES;5;36.0;0
Cergy;49.04;2.08;30/09/2026;15:00;26.6;6;AVERSES;5;34.2;0
Cergy;49.04;2.08;30/09/2026;16:00;25.7;6;AVERSES;5;30.2;0
Cergy;49.04;2.08;30/09/2026;17:00;21.5;6;AVERSES;3;25.9;0
Cergy;49.04;2.08;30/09/2026;18:00;21.5;6;AVERSES;3;20.2;0
Cergy;49.04;2.08;30/09/2026;19:00;21.5;6;AVERSES;3;14.0;0
Cergy;49.04;2.08;30/09/2026;20:00;22.2;6;AVERSES;5;10.8;0
Cergy;49.04;2.08;30/09/2026;21:00;21.3;6;AVERSES;5;13.7;0
Cergy;49.04;2.08;30/09/2026;22:00;20.4;6;AVERSES;5;19.4;0
Cergy;49.04;2.08;30/09/2026;23:00;18.6;6;AVERSES;3;23.4;0
Cergy;49.04;2.08;01/10/2026;00:00;18.6;6;AVERSES;3;24.1;0
Cergy;49.04;2.08;01/10/2026;01:00;18.6;6;AVERSES;3;23.2;0
Cergy;49.04;2.08;01/10/2026;02:00;15;6;AVERSES;5;22.5;0
Cergy;49.04;2.08;01/10/2026;03:00;15;6;AVERSES;5;21.6;0
Cergy;49.04;2.08;01/10/2026;04:00;15;6;AVERSES;5;19.4;0
Cergy;49.04;2.08;01/10/2026;05:00;15.9;6;AVERSES;2;17.6;0
Cergy;49.04;2.08;01/10/2026;06:00;15.9;6;AVERSES;2;16.2;0
Cergy;49.04;2.08;01/10/2026;07:00;15.9;6;AVERSES;2;14.8;0
Cergy;49.04;2.08;01/10/2026;08:00;16.3;6;AVERSES;5;14.0;0
Cergy;49.04;2.08;01/10/2026;09:00;17.0;6;AVERSES;5;14.0;0
Cergy;49.04;2.08;01/10/2026;10:00;17.7;6;AVERSES;5;14.4;0
Cergy;49.04;2.08;01/10/2026;11:00;20.1;7;PLUIE FAIBLE;3;15.1;0
Cergy;49.04;2.08;01/10/2026;12:00;20.1;7;PLUIE FAIBLE;3;15.8;0
Cergy;49.04;2.08;01/10/2026;13:00;20.1;7;PLUIE FAIBLE;3;16.9;0
Cergy;49.04;2.08;01/10/2026;14:00;20.3;6;AVERSES;5;18.4;0
Cergy;49.04;2.08;01/10/2026;15:00;21.0;6;AVERSES;5;20.9;0
Cergy;49.04;2.08;01/10/2026;16:00;20.3;6;AVERSES;5;24.1;0
Cergy;49.04;2.08;01/10/2026;17:00;17.6;2;NUAGEUX;2;26.3;0
Cergy;49.04;2.08;01/10/2026;18:00;17.6;2;NUAGEUX;2;26.3;0
Cergy;49.04;2.08;01/10/2026;19:00;17.6;2;NUAGEUX;2;25.2;0
Cergy;49.04;2.08;01/10/2026;20:00;17.7;6;AVERSES;5;24.1;0
Cergy;49.04;2.08;01/10/2026;21:00;17.0;6;AVERSES;5;23.4;0
Cergy;49.04;2.08;01/10/2026;22:00;16.3;6;AVERSES;5;22.3;0
Cergy;49.04;2.08;01/10/2026;23:00;13.1;0;SOLEIL;2;20.9;0
Magny-en-Vexin;49.16;1.79;27/09/2026;00:00;11.7;5;SOLEIL VOILÉ;2;7.2;0
Magny-en-Vexin;49.16;1.79;27/09/2026;01:00;11.5;0;SOLEIL;2;6.8;0
Magny-en-Vexin;49.16;1.79;27/09/2026;02:00;11.5;0;SOLEIL;2;6.8;0
Magny-en-Vexin;49.16;1.79;27/09/2026;03:00;11.6;0;SOLEIL;2;6.1;0
Magny-en-Vexin;49.16;1.79;27/09/2026;04:00;11.5;0;SOLEIL;1;6.1;0
Magny-en-Vexin;49.16;1.79;27/09/2026;05:00;11.7;0;SOLEIL;1;4.7;0
Magny-en-Vexin;49.16;1.79;27/09/2026;06:00;11.4;0;SOLEIL;1;3.6;0
Magny-en-Vexin;49.16;1.79;27/09/2026;07:00;14.8;0;SOLEIL;1;4.3;0
Magny-en-Vexin;49.16;1.79;27/09/2026;08:00;17.5;5;SOLEIL VOILÉ;2;4.0;0
Magny-en-Vexin;49.16;1.79;27/09/2026;09:00;19.6;5;SOLEIL VOILÉ;2;4.0;0
Magny-en-Vexin;49.16;1.79;27/09/2026;10:00;22.1;5;SOLEIL VOILÉ;3;11.5;0
Magny-en-Vexin;49.16;1.79;27/09/2026;11:00;24.5;5;SOLEIL VOILÉ;4;19.8;0
Magny-en-Vexin;49.16;1.79;27/09/2026;12:00;25.1;5;SOLEIL VOILÉ;4;22.7;0
Magny-en-Vexin;49.16;1.79;27/09/2026;13:00;26.2;2;NUAGEUX;5;26.3;0
Magny-en-Vexin;49.16;1.79;27/09/2026;14:00;26.6;2;NUAGEUX;5;29.9;0
Magny-en-Vexin;49.16;1.79;27/09/2026;15:00;26.4;2;NUAGEUX;5;32.8;0
Magny-en-Vexin;49.16;1.79;27/09/2026;16:00;26;2;NUAGEUX;4;37.1;0
Magny-en-Vexin;49.16;1.79;27/09/2026;17:00;24.6;2;NUAGEUX;3;32.4;0
Magny-en-Vexin;49.16;1.79;27/09/2026;18:00;22.6;2;NUAGEUX;3;30.2;0
Magny-en-Vexin;49.16;1.79;27/09/2026;19:00;20.4;5;SOLEIL VOILÉ;3;24.5;0
Magny-en-Vexin;49.16;1.79;27/09/2026;20:00;18.4;5;SOLEIL VOILÉ;2;17.6;0
Magny-en-Vexin;49.16;1.79;27/09/2026;21:00;17.4;2;NUAGEUX;2;4.3;0
Magny-en-Vexin;49.16;1.79;27/09/2026;22:00;16.7;2;NUAGEUX;2;6.5;0
Magny-en-Vexin;49.16;1.79;27/09/2026;23:00;16.5;2;NUAGEUX;3;5.8;0
Magny-en-Vexin;49.16;1.79;28/09/2026;00:00;16.1;2;NUAGEUX;2;3.2;0
Magny-en-Vexin;49.16;1.79;28/09/2026;01:00;16.1;2;NUAGEUX;2;3.2;0
Magny-en-Vexin;49.16;1.79;28/09/2026;02:00;15.4;2;NUAGEUX;2;5.4;0
Magny-en-Vexin;49.16;1.79;28/09/2026;03:00;15.4;2;NUAGEUX;2;5.5;0
Magny-en-Vexin;49.16;1.79;28/09/2026;04:00;15.4;2;NUAGEUX;2;6.5;0
Magny-en-Vexin;49.16;1.79;28/09/2026;05:00;15.6;2;NUAGEUX;1;7.6;0
Magny-en-Vexin;49.16;1.79;28/09/2026;06:00;15.6;2;NUAGEUX;1;4.0;0
Magny-en-Vexin;49.16;1.79;28/09/2026;07:00;15.6;2;NUAGEUX;1;4.7;0
Magny-en-Vexin;49.16;1.79;28/09/2026;08:00;19.2;6;AVERSES;2;6.1;0
Magny-en-Vexin;49.16;1.79;28/09/2026;09:00;19.2;6;AVERSES;2;4.3;0
Magny-en-Vexin;49.16;1.79;28/09/2026;10:00;19.2;6;AVERSES;2;10.8;0
Magny-en-Vexin;49.16;1.79;28/09/2026;11:00;21.6;6;AVERSES;3;16.9;0
Magny-en-Vexin;49.16;1.79;28/09/2026;12:00;21.6;6;AVERSES;3;16.9;0
Magny-en-Vexin;49.16;1.79;28/09/2026;13:00;21.6;6;AVERSES;3;25.6;0
Magny-en-Vexin;49.16;1.79;28/09/2026;14:00;21.7;6;AVERSES;3;23.4;0
Magny-en-Vexin;49.16;1.79;28/09/2026;15:00;21.7;6;AVERSES;3;14.0;0
Magny-en-Vexin;49.16;1.79;28/09/2026;16:00;21.7;6;AVERSES;3;27.4;0
Magny-en-Vexin;49.16;1.79;28/09/2026;17:00;18.7;6;AVERSES;3;31.0;0
Magny-en-Vexin;49.16;1.79;28/09/2026;18:00;18.7;6;AVERSES;3;34.9;0
Magny-en-Vexin;49.16;1.79;28/09/2026;19:00;18.7;6;AVERSES;3;23.0;0
Magny-en-Vexin;49.16;1.79;28/09/2026;20:00;17.1;5;SOLEIL VOILÉ;3;23.4;0
Magny-en-Vexin;49.16;1.79;28/09/2026;21:00;17.1;5;SOLEIL VOILÉ;3;25.2;0
Magny-en-Vexin;49.16;1.79;28/09/2026;22:00;17.1;5;SOLEIL VOILÉ;3;27.0;0
Magny-en-Vexin;49.16;1.79;28/09/2026;23:00;14.7;5;SOLEIL VOILÉ;3;27.4;0
Magny-en-Vexin;49.16;1.79;29/09/2026;00:00;14.7;5;SOLEIL VOILÉ;3;21.2;0
Magny-en-Vexin;49.16;1.79;29/09/2026;01:00;14.7;5;SOLEIL VOILÉ;3;13.0;0
Magny-en-Vexin;49.16;1.79;29/09/2026;02:00;13.6;5;SOLEIL VOILÉ;3;7.6;0
Magny-en-Vexin;49.16;1.79;29/09/2026;03:00;13.6;5;SOLEIL VOILÉ;3;8.6;0
Magny-en-Vexin;49.16;1.79;29/09/2026;04:00;13.6;5;SOLEIL VOILÉ;3;9.4;0
Magny-en-Vexin;49.16;1.79;29/09/2026;05:00;14.1;0;SOLEIL;3;11.2;0
Magny-en-Vexin;49.16;1.79;29/09/2026;06:00;14.1;0;SOLEIL;3;11.5;0
Magny-en-Vexin;49.16;1.79;29/09/2026;07:00;14.1;0;SOLEIL;3;11.5;0
Magny-en-Vexin;49.16;1.79;29/09/2026;08:00;19.9;0;SOLEIL;3;13.3;0
Magny-en-Vexin;49.16;1.79;29/09/2026;09:00;19.9;0;SOLEIL;3;17.3;0
Magny-en-Vexin;49.16;1.79;29/09/2026;10:00;19.9;0;SOLEIL;3;22.3;0
Magny-en-Vexin;49.16;1.79;29/09/2026;11:00;25.6;0;SOLEIL;4;26.3;0
Magny-en-Vexin;49.16;1.79;29/09/2026;12:00;25.6;0;SOLEIL;4;27.4;0
Magny-en-Vexin;49.16;1.79;29/09/2026;13:00;25.6;0;SOLEIL;4;26.6;0
Magny-en-Vexin;49.16;1.79;29/09/2026;14:00;28;0;SOLEIL;5;27.0;0
Magny-en-Vexin;49.16;1.79;29/09/2026;15:00;28;0;SOLEIL;5;29.2;0
Magny-en-Vexin;49.16;1.79;29/09/2026;16:00;28;0;SOLEIL;5;32.4;0
Magny-en-Vexin;49.16;1.79;29/09/2026;17:00;23;0;SOLEIL;3;34.2;0
Magny-en-Vexin;49.16;1.79;29/09/2026;18:00;23;0;SOLEIL;3;34.2;0
Magny-en-Vexin;49.16;1.79;29/09/2026;19:00;23;0;SOLEIL;3;32.8;0
Magny-en-Vexin;49.16;1.79;29/09/2026;20:00;20.0;0;SOLEIL;5;30.6;0
Magny-en-Vexin;49.16;1.79;29/09/2026;21:00;18.3;0;SOLEIL;5;27.0;0
Magny-en-Vexin;49.16;1.79;29/09/2026;22:00;16.6;0;SOLEIL;5;22.3;0
Magny-en-Vexin;49.16;1.79;29/09/2026;23:00;15.5;2;NUAGEUX;4;18.7;0
Magny-en-Vexin;49.16;1.79;30/09/2026;00:00;15.5;2;NUAGEUX;4;17.6;0
Magny-en-Vexin;49.16;1.79;30/09/2026;01:00;15.5;2;NUAGEUX;4;17.6;0
Magny-en-Vexin;49.16;1.79;30/09/2026;02:00;17.2;6;AVERSES;5;17.6;0
Magny-en-Vexin;49.16;1.79;30/09/2026;03:00;17.2;6;AVERSES;5;16.9;0
Magny-en-Vexin;49.16;1.79;30/09/2026;04:00;17.2;6;AVERSES;5;16.2;0
Magny-en-Vexin;49.16;1.79;30/09/2026;05:00;18.5;2;NUAGEUX;4;15.8;0
Magny-en-Vexin;49.16;1.79;30/09/2026;06:00;18.5;2;NUAGEUX;4;15.8;0
Magny-en-Vexin;49.16;1.79;30/09/2026;07:00;18.5;2;NUAGEUX;4;16.2;0
Magny-en-Vexin;49.16;1.79;30/09/2026;08:00;19.1;6;AVERSES;5;18.0;0
Magny-en-Vexin;49.16;1.79;30/09/2026;09:00;20.0;6;AVERSES;5;22.3;0
Magny-en-Vexin;49.16;1.79;30/09/2026;10:00;20.9;6;AVERSES;5;27.7;0
Magny-en-Vexin;49.16;1.79;30/09/2026;11:00;24.1;2;NUAGEUX;4;32.0;0
Magny-en-Vexin;49.16;1.79;30/09/2026;12:00;24.1;2;NUAGEUX;4;34.9;0
Magny-en-Vexin;49.16;1.79;30/09/2026;13:00;24.1;2;NUAGEUX;4;36.4;0
Magny-en-Vexin;49.16;1.79;30/09/2026;14:00;24.7;6;AVERSES;5;36.4;0
Magny-en-Vexin;49.16;1.79;30/09/2026;15:00;25.6;6;AVERSES;5;33.5;0
Magny-en-Vexin;49.16;1.79;30/09/2026;16:00;24.7;6;AVERSES;5;28.4;0
Magny-en-Vexin;49.16;1.79;30/09/2026;17:00;20.4;6;AVERSES;3;23.8;0
Magny-en-Vexin;49.16;1.79;30/09/2026;18:00;20.4;6;AVERSES;3;19.1;0
Magny-en-Vexin;49.16;1.79;30/09/2026;19:00;20.4;6;AVERSES;3;14.8;0
Magny-en-Vexin;49.16;1.79;30/09/2026;20:00;20.9;6;AVERSES;5;12.6;0
Magny-en-Vexin;49.16;1.79;30/09/2026;21:00;20.0;6;AVERSES;5;14.4;0
Magny-en-Vexin;49.16;1.79;30/09/2026;22:00;19.1;6;AVERSES;5;18.7;0
Magny-en-Vexin;49.16;1.79;30/09/2026;23:00;17.2;6;AVERSES;3;22.3;0
Magny-en-Vexin;49.16;1.79;01/10/2026;00:00;17.2;6;AVERSES;3;23.8;0
Magny-en-Vexin;49.16;1.79;01/10/2026;01:00;17.2;6;AVERSES;3;24.5;0
Magny-en-Vexin;49.16;1.79;01/10/2026;02:00;13.6;7;PLUIE FAIBLE;5;23.0;0
Magny-en-Vexin;49.16;1.79;01/10/2026;03:00;13.6;7;PLUIE FAIBLE;5;17.3;0
Magny-en-Vexin;49.16;1.79;01/10/2026;04:00;13.6;7;PLUIE FAIBLE;5;10.8;0
Magny-en-Vexin;49.16;1.79;01/10/2026;05:00;14.4;7;PLUIE FAIBLE;2;6.5;0
Magny-en-Vexin;49.16;1.79;01/10/2026;06:00;14.4;7;PLUIE FAIBLE;2;6.1;0
Magny-en-Vexin;49.16;1.79;01/10/2026;07:00;14.4;7;PLUIE FAIBLE;2;7.6;0
Magny-en-Vexin;49.16;1.79;01/10/2026;08:00;15.0;7;PLUIE FAIBLE;5;9.7;0
Magny-en-Vexin;49.16;1.79;01/10/2026;09:00;15.7;7;PLUIE FAIBLE;5;11.9;0
Magny-en-Vexin;49.16;1.79;01/10/2026;10:00;16.4;7;PLUIE FAIBLE;5;14.4;0
Magny-en-Vexin;49.16;1.79;01/10/2026;11:00;19.4;7;PLUIE FAIBLE;3;16.9;0
Magny-en-Vexin;49.16;1.79;01/10/2026;12:00;19.4;7;PLUIE FAIBLE;3;18.7;0
Magny-en-Vexin;49.16;1.79;01/10/2026;13:00;19.4;7;PLUIE FAIBLE;3;20.2;0
Magny-en-Vexin;49.16;1.79;01/10/2026;14:00;19.3;7;PLUIE FAIBLE;5;21.6;0
Magny-en-Vexin;49.16;1.79;01/10/2026;15:00;20.0;7;PLUIE FAIBLE;5;23.4;0
Magny-en-Vexin;49.16;1.79;01/10/2026;16:00;19.3;7;PLUIE FAIBLE;5;25.6;0
Magny-en-Vexin;49.16;1.79;01/10/2026;17:00;16.5;6;AVERSES;2;26.6;0
Magny-en-Vexin;49.16;1.79;01/10/2026;18:00;16.5;6;AVERSES;2;26.6;0
Magny-en-Vexin;49.16;1.79;01/10/2026;19:00;16.5;6;AVERSES;2;25.9;0
Magny-en-Vexin;49.16;1.79;01/10/2026;20:00;16.4;7;PLUIE FAIBLE;5;24.8;0
Magny-en-Vexin;49.16;1.79;01/10/2026;21:00;15.7;7;PLUIE FAIBLE;5;23.8;0
Magny-en-Vexin;49.16;1.79;01/10/2026;22:00;15.0;7;PLUIE FAIBLE;5;22.0;0
Magny-en-Vexin;49.16;1.79;01/10/2026;23:00;11.6;0;SOLEIL;2;19.8;0
Marly-la-Ville;49.08;2.5;27/09/2026;00:00;14.5;0;SOLEIL;2;17.6;0
Marly-la-Ville;49.08;2.5;27/09/2026;01:00;14;0;SOLEIL;2;14.4;0
Marly-la-Ville;49.08;2.5;27/09/2026;02:00;13.5;0;SOLEIL;2;9.4;0
Marly-la-Ville;49.08;2.5;27/09/2026;03:00;13.4;0;SOLEIL;2;8.3;0
Marly-la-Ville;49.08;2.5;27/09/2026;04:00;12.9;0;SOLEIL;2;6.5;0
Marly-la-Ville;49.08;2.5;27/09/2026;05:00;12.3;0;SOLEIL;2;5.8;0
Marly-la-Ville;49.08;2.5;27/09/2026;06:00;13;0;SOLEIL;2;6.1;0
Marly-la-Ville;49.08;2.5;27/09/2026;07:00;14.7;0;SOLEIL;3;4.3;0
Marly-la-Ville;49.08;2.5;27/09/2026;08:00;16.9;0;SOLEIL;3;6.1;0
Marly-la-Ville;49.08;2.5;27/09/2026;09:00;20.1;5;SOLEIL VOILÉ;3;7.6;0
Marly-la-Ville;49.08;2.5;27/09/2026;10:00;22.6;5;SOLEIL VOILÉ;4;15.1;0
Marly-la-Ville;49.08;2.5;27/09/2026;11:00;24.4;5;SOLEIL VOILÉ;4;19.4;0
Marly-la-Ville;49.08;2.5;27/09/2026;12:00;25.4;5;SOLEIL VOILÉ;5;23.4;0
Marly-la-Ville;49.08;2.5;27/09/2026;13:00;26.3;5;SOLEIL VOILÉ;5;26.6;0
Marly-la-Ville;49.08;2.5;27/09/2026;14:00;26.8;2;NUAGEUX;5;28.1;0
Marly-la-Ville;49.08;2.5;27/09/2026;15:00;27.4;2;NUAGEUX;5;27.7;0
Marly-la-Ville;49.08;2.5;27/09/2026;16:00;27;2;NUAGEUX;5;27.4;0
Marly-la-Ville;49.08;2.5;27/09/2026;17:00;25.5;2;NUAGEUX;4;26.6;0
Marly-la-Ville;49.08;2.5;27/09/2026;18:00;23.9;2;NUAGEUX;3;24.1;0
Marly-la-Ville;49.08;2.5;27/09/2026;19:00;22.5;5;SOLEIL VOILÉ;3;23.8;0
Marly-la-Ville;49.08;2.5;27/09/2026;20:00;21.5;5;SOLEIL VOILÉ;3;13.3;0
Marly-la-Ville;49.08;2.5;27/09/2026;21:00;20.9;5;SOLEIL VOILÉ;3;6.1;0
Marly-la-Ville;49.08;2.5;27/09/2026;22:00;20.2;5;SOLEIL VOILÉ;3;6.8;0
Marly-la-Ville;49.08;2.5;27/09/2026;23:00;19.4;2;NUAGEUX;3;5.4;0
Marly-la-Ville;49.08;2.5;28/09/2026;00:00;18.6;2;NUAGEUX;3;8.6;0
Marly-la-Ville;49.08;2.5;28/09/2026;01:00;18.6;2;NUAGEUX;3;5.8;0
Marly-la-Ville;49.08;2.5;28/09/2026;02:00;17.1;2;NUAGEUX;1;6.1;0
Marly-la-Ville;49.08;2.5;28/09/2026;03:00;17.1;2;NUAGEUX;1;6.9;0
Marly-la-Ville;49.08;2.5;28/09/2026;04:00;17.1;2;NUAGEUX;1;17.1;0
Marly-la-Ville;49.08;2.5;28/09/2026;05:00;16.9;2;NUAGEUX;2;9.0;0
Marly-la-Ville;49.08;2.5;28/09/2026;06:00;16.9;2;NUAGEUX;2;5.4;0
Marly-la-Ville;49.08;2.5;28/09/2026;07:00;16.9;2;NUAGEUX;2;20.9;0
Marly-la-Ville;49.08;2.5;28/09/2026;08:00;20.1;2;NUAGEUX;2;22.3;0
Marly-la-Ville;49.08;2.5;28/09/2026;09:00;20.1;2;NUAGEUX;2;22.7;0
Marly-la-Ville;49.08;2.5;28/09/2026;10:00;20.1;2;NUAGEUX;2;10.4;0
Marly-la-Ville;49.08;2.5;28/09/2026;11:00;23.6;5;SOLEIL VOILÉ;3;11.2;0
Marly-la-Ville;49.08;2.5;28/09/2026;12:00;23.6;5;SOLEIL VOILÉ;3;24.8;0
Marly-la-Ville;49.08;2.5;28/09/2026;13:00;23.6;5;SOLEIL VOILÉ;3;17.6;0
Marly-la-Ville;49.08;2.5;28/09/2026;14:00;24.2;5;SOLEIL VOILÉ;2;15.5;0
Marly-la-Ville;49.08;2.5;28/09/2026;15:00;24.2;5;SOLEIL VOILÉ;2;16.6;0
Marly-la-Ville;49.08;2.5;28/09/2026;16:00;24.2;5;SOLEIL VOILÉ;2;19.1;0
Marly-la-Ville;49.08;2.5;28/09/2026;17:00;20.1;6;AVERSES;3;26.3;0
Marly-la-Ville;49.08;2.5;28/09/2026;18:00;20.1;6;AVERSES;3;24.1;0
Marly-la-Ville;49.08;2.5;28/09/2026;19:00;20.1;6;AVERSES;3;22.7;0
Marly-la-Ville;49.08;2.5;28/09/2026;20:00;18;5;SOLEIL VOILÉ;3;22.3;0
Marly-la-Ville;49.08;2.5;28/09/2026;21:00;18;5;SOLEIL VOILÉ;3;22.7;0
Marly-la-Ville;49.08;2.5;28/09/2026;22:00;18;5;SOLEIL VOILÉ;3;21.6;0
Marly-la-Ville;49.08;2.5;28/09/2026;23:00;16.4;5;SOLEIL VOILÉ;3;20.5;0
Marly-la-Ville;49.08;2.5;29/09/2026;00:00;16.4;5;SOLEIL VOILÉ;3;15.5;0
Marly-la-Ville;49.08;2.5;29/09/2026;01:00;16.4;5;SOLEIL VOILÉ;3;8.3;0
Marly-la-Ville;49.08;2.5;29/09/2026;02:00;15.2;5;SOLEIL VOILÉ;2;9.4;0
Marly-la-Ville;49.08;2.5;29/09/2026;03:00;15.2;5;SOLEIL VOILÉ;2;10.8;0
Marly-la-Ville;49.08;2.5;29/09/2026;04:00;15.2;5;SOLEIL VOILÉ;2;11.5;0
Marly-la-Ville;49.08;2.5;29/09/2026;05:00;15.1;0;SOLEIL;2;14.4;0
Marly-la-Ville;49.08;2.5;29/09/2026;06:00;15.1;0;SOLEIL;2;18.4;0
Marly-la-Ville;49.08;2.5;29/09/2026;07:00;15.1;0;SOLEIL;2;19.8;0
Marly-la-Ville;49.08;2.5;29/09/2026;08:00;21.6;0;SOLEIL;3;21.6;0
Marly-la-Ville;49.08;2.5;29/09/2026;09:00;21.6;0;SOLEIL;3;23.8;0
Marly-la-Ville;49.08;2.5;29/09/2026;10:00;21.6;0;SOLEIL;3;25.9;0
Marly-la-Ville;49.08;2.5;29/09/2026;11:00;27.4;0;SOLEIL;3;27.7;0
Marly-la-Ville;49.08;2.5;29/09/2026;12:00;27.4;0;SOLEIL;3;28.4;0
Marly-la-Ville;49.08;2.5;29/09/2026;13:00;27.4;0;SOLEIL;3;28.4;0
Marly-la-Ville;49.08;2.5;29/09/2026;14:00;28.1;0;SOLEIL;4;28.8;0
Marly-la-Ville;49.08;2.5;29/09/2026;15:00;28.1;0;SOLEIL;4;29.2;0
Marly-la-Ville;49.08;2.5;29/09/2026;16:00;28.1;0;SOLEIL;4;29.9;0
Marly-la-Ville;49.08;2.5;29/09/2026;17:00;24.2;0;SOLEIL;3;30.2;0
Marly-la-Ville;49.08;2.5;29/09/2026;18:00;24.2;0;SOLEIL;3;30.6;0
Marly-la-Ville;49.08;2.5;29/09/2026;19:00;24.2;0;SOLEIL;3;30.6;0
Marly-la-Ville;49.08;2.5;29/09/2026;20:00;21.0;0;SOLEIL;5;29.5;0
Marly-la-Ville;49.08;2.5;29/09/2026;21:00;19.4;0;SOLEIL;5;25.6;0
Marly-la-Ville;49.08;2.5;29/09/2026;22:00;17.8;0;SOLEIL;5;20.5;0
Marly-la-Ville;49.08;2.5;29/09/2026;23:00;19.4;2;NUAGEUX;3;17.3;0
Marly-la-Ville;49.08;2.5;30/09/2026;00:00;19.4;2;NUAGEUX;3;18.4;0
Marly-la-Ville;49.08;2.5;30/09/2026;01:00;19.4;2;NUAGEUX;3;21.2;0
Marly-la-Ville;49.08;2.5;30/09/2026;02:00;18.2;6;AVERSES;5;23.4;0
Marly-la-Ville;49.08;2.5;30/09/2026;03:00;18.2;6;AVERSES;5;23.4;0
Marly-la-Ville;49.08;2.5;30/09/2026;04:00;18.2;6;AVERSES;5;23.0;0
Marly-la-Ville;49.08;2.5;30/09/2026;05:00;19.1;2;NUAGEUX;3;22.3;0
Marly-la-Ville;49.08;2.5;30/09/2026;06:00;19.1;2;NUAGEUX;3;21.6;0
Marly-la-Ville;49.08;2.5;30/09/2026;07:00;19.1;2;NUAGEUX;3;21.2;0
Marly-la-Ville;49.08;2.5;30/09/2026;08:00;19.8;6;AVERSES;5;22.0;0
Marly-la-Ville;49.08;2.5;30/09/2026;09:00;20.7;6;AVERSES;5;25.9;0
Marly-la-Ville;49.08;2.5;30/09/2026;10:00;21.5;6;AVERSES;5;31.0;0
Marly-la-Ville;49.08;2.5;30/09/2026;11:00;23.6;2;NUAGEUX;4;34.9;0
Marly-la-Ville;49.08;2.5;30/09/2026;12:00;23.6;2;NUAGEUX;4;36.4;0
Marly-la-Ville;49.08;2.5;30/09/2026;13:00;23.6;2;NUAGEUX;4;36.4;0
Marly-la-Ville;49.08;2.5;30/09/2026;14:00;24.8;6;AVERSES;5;35.3;0
Marly-la-Ville;49.08;2.5;30/09/2026;15:00;25.6;6;AVERSES;5;32.8;0
Marly-la-Ville;49.08;2.5;30/09/2026;16:00;24.8;6;AVERSES;5;29.5;0
Marly-la-Ville;49.08;2.5;30/09/2026;17:00;21.4;6;AVERSES;2;26.6;0
Marly-la-Ville;49.08;2.5;30/09/2026;18:00;21.4;6;AVERSES;2;24.8;0
Marly-la-Ville;49.08;2.5;30/09/2026;19:00;21.4;6;AVERSES;2;23.4;0
Marly-la-Ville;49.08;2.5;30/09/2026;20:00;21.5;6;AVERSES;5;23.0;0
Marly-la-Ville;49.08;2.5;30/09/2026;21:00;20.7;6;AVERSES;5;24.5;0
Marly-la-Ville;49.08;2.5;30/09/2026;22:00;19.8;6;AVERSES;5;26.6;0
Marly-la-Ville;49.08;2.5;30/09/2026;23:00;18.4;6;AVERSES;2;28.1;0
Marly-la-Ville;49.08;2.5;01/10/2026;00:00;18.4;6;AVERSES;2;27.3;0
Marly-la-Ville;49.08;2.5;01/10/2026;01:00;18.4;6;AVERSES;2;26.1;0
Marly-la-Ville;49.08;2.5;01/10/2026;02:00;15;7;PLUIE FAIBLE;5;24.7;0
Marly-la-Ville;49.08;2.5;01/10/2026;03:00;15;7;PLUIE FAIBLE;5;23.0;0
Marly-la-Ville;49.08;2.5;01/10/2026;04:00;15;7;PLUIE FAIBLE;5;21.6;0
Marly-la-Ville;49.08;2.5;01/10/2026;05:00;16.2;7;PLUIE FAIBLE;2;19.4;0
Marly-la-Ville;49.08;2.5;01/10/2026;06:00;16.2;7;PLUIE FAIBLE;2;15.8;0
Marly-la-Ville;49.08;2.5;01/10/2026;07:00;16.2;7;PLUIE FAIBLE;2;11.9;0
Marly-la-Ville;49.08;2.5;01/10/2026;08:00;16.0;7;PLUIE FAIBLE;5;9.4;0
Marly-la-Ville;49.08;2.5;01/10/2026;09:00;16.6;7;PLUIE FAIBLE;5;10.1;0
Marly-la-Ville;49.08;2.5;01/10/2026;10:00;17.1;7;PLUIE FAIBLE;5;12.6;0
Marly-la-Ville;49.08;2.5;01/10/2026;11:00;18.4;7;PLUIE FAIBLE;3;15.1;0
Marly-la-Ville;49.08;2.5;01/10/2026;12:00;18.4;7;PLUIE FAIBLE;3;16.6;0
Marly-la-Ville;49.08;2.5;01/10/2026;13:00;18.4;7;PLUIE FAIBLE;3;17.6;0
Marly-la-Ville;49.08;2.5;01/10/2026;14:00;19.2;7;PLUIE FAIBLE;5;18.7;0
Marly-la-Ville;49.08;2.5;01/10/2026;15:00;19.7;7;PLUIE FAIBLE;5;19.8;0
Marly-la-Ville;49.08;2.5;01/10/2026;16:00;19.2;7;PLUIE FAIBLE;5;20.5;0
Marly-la-Ville;49.08;2.5;01/10/2026;17:00;16.9;2;NUAGEUX;2;21.6;0
Marly-la-Ville;49.08;2.5;01/10/2026;18:00;16.9;2;NUAGEUX;2;23.4;0
Marly-la-Ville;49.08;2.5;01/10/2026;19:00;16.9;2;NUAGEUX;2;24.8;0
Marly-la-Ville;49.08;2.5;01/10/2026;20:00;17.1;7;PLUIE FAIBLE;5;25.2;0
Marly-la-Ville;49.08;2.5;01/10/2026;21:00;16.6;7;PLUIE FAIBLE;5;22.7;0
Marly-la-Ville;49.08;2.5;01/10/2026;22:00;16.0;7;PLUIE FAIBLE;5;18.7;0
Marly-la-Ville;49.08;2.5;01/10/2026;23:00;13.2;0;SOLEIL;2;15.1;0
Pontoise;49.05;2.1;27/09/2026;00:00;14.5;0;SOLEIL;2;11.2;0
Pontoise;49.05;2.1;27/09/2026;01:00;14.1;0;SOLEIL;2;6.8;0
Pontoise;49.05;2.1;27/09/2026;02:00;13.9;0;SOLEIL;2;6.8;0
Pontoise;49.05;2.1;27/09/2026;03:00;13.4;0;SOLEIL;2;6.5;0
Pontoise;49.05;2.1;27/09/2026;04:00;13;0;SOLEIL;2;5.8;0
Pontoise;49.05;2.1;27/09/2026;05:00;12.7;0;SOLEIL;2;5.8;0
Pontoise;49.05;2.1;27/09/2026;06:00;12.4;0;SOLEIL;2;6.1;0
Pontoise;49.05;2.1;27/09/2026;07:00;15.2;0;SOLEIL;1;5.0;0
Pontoise;49.05;2.1;27/09/2026;08:00;17.5;5;SOLEIL VOILÉ;1;4.7;0
Pontoise;49.05;2.1;27/09/2026;09:00;19;5;SOLEIL VOILÉ;2;4.3;0
Pontoise;49.05;2.1;27/09/2026;10:00;22.1;5;SOLEIL VOILÉ;2;5.4;0
Pontoise;49.05;2.1;27/09/2026;11:00;24;5;SOLEIL VOILÉ;3;13.3;0
Pontoise;49.05;2.1;27/09/2026;12:00;25.4;5;SOLEIL VOILÉ;4;16.2;0
Pontoise;49.05;2.1;27/09/2026;13:00;26.6;2;NUAGEUX;4;19.4;0
Pontoise;49.05;2.1;27/09/2026;14:00;27.6;2;NUAGEUX;4;27.0;0
Pontoise;49.05;2.1;27/09/2026;15:00;27.1;2;NUAGEUX;4;26.6;0
Pontoise;49.05;2.1;27/09/2026;16:00;26.4;2;NUAGEUX;4;27.4;0
Pontoise;49.05;2.1;27/09/2026;17:00;25.1;2;NUAGEUX;3;24.8;0
Pontoise;49.05;2.1;27/09/2026;18:00;23.6;2;NUAGEUX;3;23.4;0
Pontoise;49.05;2.1;27/09/2026;19:00;22;5;SOLEIL VOILÉ;2;16.9;0
Pontoise;49.05;2.1;27/09/2026;20:00;21.1;5;SOLEIL VOILÉ;2;9.7;0
Pontoise;49.05;2.1;27/09/2026;21:00;20.2;5;SOLEIL VOILÉ;2;4.0;0
Pontoise;49.05;2.1;27/09/2026;22:00;19.5;5;SOLEIL VOILÉ;2;5.4;0
Pontoise;49.05;2.1;27/09/2026;23:00;18.5;2;NUAGEUX;2;8.6;0
Pontoise;49.05;2.1;28/09/2026;00:00;17.6;2;NUAGEUX;0;7.9;0
Pontoise;49.05;2.1;28/09/2026;01:00;17.6;2;NUAGEUX;0;5.8;0
Pontoise;49.05;2.1;28/09/2026;02:00;16.2;2;NUAGEUX;1;5.8;0
Pontoise;49.05;2.1;28/09/2026;03:00;16.2;2;NUAGEUX;1;5.5;0
Pontoise;49.05;2.1;28/09/2026;04:00;16.2;2;NUAGEUX;1;20.2;0
Pontoise;49.05;2.1;28/09/2026;05:00;16.4;2;NUAGEUX;2;11.0;0
Pontoise;49.05;2.1;28/09/2026;06:00;16.4;2;NUAGEUX;2;8.3;0
Pontoise;49.05;2.1;28/09/2026;07:00;16.4;2;NUAGEUX;2;18.0;0
Pontoise;49.05;2.1;28/09/2026;08:00;20.1;2;NUAGEUX;2;13.7;0
Pontoise;49.05;2.1;28/09/2026;09:00;20.1;2;NUAGEUX;2;15.1;0
Pontoise;49.05;2.1;28/09/2026;10:00;20.1;2;NUAGEUX;2;8.3;0
Pontoise;49.05;2.1;28/09/2026;11:00;23;5;SOLEIL VOILÉ;2;16.9;0
Pontoise;49.05;2.1;28/09/2026;12:00;23;5;SOLEIL VOILÉ;2;25.2;0
Pontoise;49.05;2.1;28/09/2026;13:00;23;5;SOLEIL VOILÉ;2;14.0;0
Pontoise;49.05;2.1;28/09/2026;14:00;24.5;6;AVERSES;3;21.6;0
Pontoise;49.05;2.1;28/09/2026;15:00;24.5;6;AVERSES;3;25.2;0
Pontoise;49.05;2.1;28/09/2026;16:00;24.5;6;AVERSES;3;19.4;0
Pontoise;49.05;2.1;28/09/2026;17:00;20;5;SOLEIL VOILÉ;3;26.3;0
Pontoise;49.05;2.1;28/09/2026;18:00;20;5;SOLEIL VOILÉ;3;24.1;0
Pontoise;49.05;2.1;28/09/2026;19:00;20;5;SOLEIL VOILÉ;3;29.2;0
Pontoise;49.05;2.1;28/09/2026;20:00;17.7;5;SOLEIL VOILÉ;3;27.0;0
Pontoise;49.05;2.1;28/09/2026;21:00;17.7;5;SOLEIL VOILÉ;3;24.5;0
Pontoise;49.05;2.1;28/09/2026;22:00;17.7;5;SOLEIL VOILÉ;3;27.4;0
Pontoise;49.05;2.1;28/09/2026;23:00;15.6;5;SOLEIL VOILÉ;3;27.4;0
Pontoise;49.05;2.1;29/09/2026;00:00;15.6;5;SOLEIL VOILÉ;3;22.0;0
Pontoise;49.05;2.1;29/09/2026;01:00;15.6;5;SOLEIL VOILÉ;3;9.7;0
Pontoise;49.05;2.1;29/09/2026;02:00;14.6;5;SOLEIL VOILÉ;2;7.6;0
Pontoise;49.05;2.1;29/09/2026;03:00;14.6;5;SOLEIL VOILÉ;2;7.6;0
Pontoise;49.05;2.1;29/09/2026;04:00;14.6;5;SOLEIL VOILÉ;2;7.9;0
Pontoise;49.05;2.1;29/09/2026;05:00;13.4;0;SOLEIL;2;8.6;0
Pontoise;49.05;2.1;29/09/2026;06:00;13.4;0;SOLEIL;2;10.4;0
Pontoise;49.05;2.1;29/09/2026;07:00;13.4;0;SOLEIL;2;10.8;0
Pontoise;49.05;2.1;29/09/2026;08:00;20;0;SOLEIL;2;14.8;0
Pontoise;49.05;2.1;29/09/2026;09:00;20;0;SOLEIL;2;18.7;0
Pontoise;49.05;2.1;29/09/2026;10:00;20;0;SOLEIL;2;23.0;0
Pontoise;49.05;2.1;29/09/2026;11:00;26.4;0;SOLEIL;3;26.3;0
Pontoise;49.05;2.1;29/09/2026;12:00;26.4;0;SOLEIL;3;27.0;0
Pontoise;49.05;2.1;29/09/2026;13:00;26.4;0;SOLEIL;3;26.3;0
Pontoise;49.05;2.1;29/09/2026;14:00;28.9;0;SOLEIL;4;26.3;0
Pontoise;49.05;2.1;29/09/2026;15:00;28.9;0;SOLEIL;4;28.1;0
Pontoise;49.05;2.1;29/09/2026;16:00;28.9;0;SOLEIL;4;30.6;0
Pontoise;49.05;2.1;29/09/2026;17:00;24.7;0;SOLEIL;3;32.0;0
Pontoise;49.05;2.1;29/09/2026;18:00;24.7;0;SOLEIL;3;32.0;0
Pontoise;49.05;2.1;29/09/2026;19:00;24.7;0;SOLEIL;3;31.0;0
Pontoise;49.05;2.1;29/09/2026;20:00;20.1;0;SOLEIL;5;28.8;0
Pontoise;49.05;2.1;29/09/2026;21:00;18.3;0;SOLEIL;5;25.2;0
Pontoise;49.05;2.1;29/09/2026;22:00;16.5;0;SOLEIL;5;20.5;0
Pontoise;49.05;2.1;29/09/2026;23:00;17;2;NUAGEUX;3;17.3;0
Pontoise;49.05;2.1;30/09/2026;00:00;17;2;NUAGEUX;3;17.3;0
Pontoise;49.05;2.1;30/09/2026;01:00;17;2;NUAGEUX;3;19.1;0
Pontoise;49.05;2.1;30/09/2026;02:00;18.7;6;AVERSES;5;20.2;0
Pontoise;49.05;2.1;30/09/2026;03:00;18.7;6;AVERSES;5;19.8;0
Pontoise;49.05;2.1;30/09/2026;04:00;18.7;6;AVERSES;5;18.7;0
Pontoise;49.05;2.1;30/09/2026;05:00;20.2;2;NUAGEUX;3;17.6;0
Pontoise;49.05;2.1;30/09/2026;06:00;20.2;2;NUAGEUX;3;16.6;0
Pontoise;49.05;2.1;30/09/2026;07:00;20.2;2;NUAGEUX;3;15.5;0
Pontoise;49.05;2.1;30/09/2026;08:00;20.6;6;AVERSES;5;16.2;0
Pontoise;49.05;2.1;30/09/2026;09:00;21.5;6;AVERSES;5;19.8;0
Pontoise;49.05;2.1;30/09/2026;10:00;22.4;6;AVERSES;5;25.2;0
Pontoise;49.05;2.1;30/09/2026;11:00;25.4;2;NUAGEUX;4;29.5;0
Pontoise;49.05;2.1;30/09/2026;12:00;25.4;2;NUAGEUX;4;32.4;0
Pontoise;49.05;2.1;30/09/2026;13:00;25.4;2;NUAGEUX;4;34.6;0
Pontoise;49.05;2.1;30/09/2026;14:00;26.2;6;AVERSES;5;34.9;0
Pontoise;49.05;2.1;30/09/2026;15:00;27.1;6;AVERSES;5;33.1;0
Pontoise;49.05;2.1;30/09/2026;16:00;26.2;6;AVERSES;5;29.5;0
Pontoise;49.05;2.1;30/09/2026;17:00;21.9;6;AVERSES;3;25.6;0
Pontoise;49.05;2.1;30/09/2026;18:00;21.9;6;AVERSES;3;19.8;0
Pontoise;49.05;2.1;30/09/2026;19:00;21.9;6;AVERSES;3;13.3;0
Pontoise;49.05;2.1;30/09/2026;20:00;22.4;6;AVERSES;5;10.1;0
Pontoise;49.05;2.1;30/09/2026;21:00;21.5;6;AVERSES;5;13.7;0
Pontoise;49.05;2.1;30/09/2026;22:00;20.6;6;AVERSES;5;20.5;0
Pontoise;49.05;2.1;30/09/2026;23:00;18.6;6;AVERSES;3;25.2;0
Pontoise;49.05;2.1;01/10/2026;00:00;18.6;6;AVERSES;3;25.2;0
Pontoise;49.05;2.1;01/10/2026;01:00;18.6;6;AVERSES;3;23.6;0
Pontoise;49.05;2.1;01/10/2026;02:00;14.9;6;AVERSES;5;22.5;0
Pontoise;49.05;2.1;01/10/2026;03:00;14.9;6;AVERSES;5;21.6;0
Pontoise;49.05;2.1;01/10/2026;04:00;14.9;6;AVERSES;5;19.4;0
Pontoise;49.05;2.1;01/10/2026;05:00;16.1;6;AVERSES;2;17.6;0
Pontoise;49.05;2.1;01/10/2026;06:00;16.1;6;AVERSES;2;16.2;0
Pontoise;49.05;2.1;01/10/2026;07:00;16.1;6;AVERSES;2;14.8;0
Pontoise;49.05;2.1;01/10/2026;08:00;16.3;6;AVERSES;5;14.0;0
Pontoise;49.05;2.1;01/10/2026;09:00;16.9;6;AVERSES;5;14.0;0
Pontoise;49.05;2.1;01/10/2026;10:00;17.6;6;AVERSES;5;14.4;0
Pontoise;49.05;2.1;01/10/2026;11:00;20;7;PLUIE FAIBLE;3;15.1;0
Pontoise;49.05;2.1;01/10/2026;12:00;20;7;PLUIE FAIBLE;3;15.8;0
Pontoise;49.05;2.1;01/10/2026;13:00;20;7;PLUIE FAIBLE;3;16.9;0
Pontoise;49.05;2.1;01/10/2026;14:00;20.3;6;AVERSES;5;18.4;0
Pontoise;49.05;2.1;01/10/2026;15:00;21.0;6;AVERSES;5;20.9;0
Pontoise;49.05;2.1;01/10/2026;16:00;20.3;6;AVERSES;5;24.1;0
Pontoise;49.05;2.1;01/10/2026;17:00;17.5;2;NUAGEUX;2;26.3;0
Pontoise;49.05;2.1;01/10/2026;18:00;17.5;2;NUAGEUX;2;26.3;0
Pontoise;49.05;2.1;01/10/2026;19:00;17.5;2;NUAGEUX;2;25.2;0
Pontoise;49.05;2.1;01/10/2026;20:00;17.6;6;AVERSES;5;24.1;0
Pontoise;49.05;2.1;01/10/2026;21:00;16.9;6;AVERSES;5;23.4;0
Pontoise;49.05;2.1;01/10/2026;22:00;16.3;6;AVERSES;5;22.3;0
Pontoise;49.05;2.1;01/10/2026;23:00;12.9;0;SOLEIL;2;20.9;0
