Ville;Latitude;Longitude;Date;Heure;temperature_2m;weathercode;Temps_Label;windspeed_10m;wind_gusts_10m;precipitation
Foix;42.96;1.6;17/09/2026;00:00;18.1;0;SOLEIL;3;23.4;0
Foix;42.96;1.6;17/09/2026;01:00;17;0;SOLEIL;3;23.4;0
Foix;42.96;1.6;17/09/2026;02:00;16.1;0;SOLEIL;3;22.3;0
Foix;42.96;1.6;17/09/2026;03:00;15.7;0;SOLEIL;2;15.1;0
Foix;42.96;1.6;17/09/2026;04:00;14.4;0;SOLEIL;2;10.1;0
Foix;42.96;1.6;17/09/2026;05:00;14.2;0;SOLEIL;2;9.7;0
Foix;42.96;1.6;17/09/2026;06:00;14.5;0;SOLEIL;2;11.9;0
Foix;42.96;1.6;17/09/2026;07:00;16.1;0;SOLEIL;2;11.9;0
Foix;42.96;1.6;17/09/2026;08:00;17.5;0;SOLEIL;2;11.5;0
Foix;42.96;1.6;17/09/2026;09:00;18.7;0;SOLEIL;3;10.8;0
Foix;42.96;1.6;17/09/2026;10:00;20.6;0;SOLEIL;3;13.7;0
Foix;42.96;1.6;17/09/2026;11:00;21.8;0;SOLEIL;3;19.1;0
Foix;42.96;1.6;17/09/2026;12:00;22.6;0;SOLEIL;4;21.2;0
Foix;42.96;1.6;17/09/2026;13:00;23.9;0;SOLEIL;4;25.2;0
Foix;42.96;1.6;17/09/2026;14:00;23.8;0;SOLEIL;4;27.4;0
Foix;42.96;1.6;17/09/2026;15:00;24.1;0;SOLEIL;4;28.1;0
Foix;42.96;1.6;17/09/2026;16:00;24.1;5;SOLEIL VOILÉ;4;29.2;0
Foix;42.96;1.6;17/09/2026;17:00;23.8;5;SOLEIL VOILÉ;4;30.2;0
Foix;42.96;1.6;17/09/2026;18:00;22.5;0;SOLEIL;4;32.0;0
Foix;42.96;1.6;17/09/2026;19:00;21.6;5;SOLEIL VOILÉ;3;29.5;0
Foix;42.96;1.6;17/09/2026;20:00;20.9;5;SOLEIL VOILÉ;3;23.4;0
Foix;42.96;1.6;17/09/2026;21:00;19.5;2;NUAGEUX;3;17.6;0
Foix;42.96;1.6;17/09/2026;22:00;19.1;5;SOLEIL VOILÉ;3;12.6;0
Foix;42.96;1.6;17/09/2026;23:00;18;5;SOLEIL VOILÉ;3;9.0;0
Foix;42.96;1.6;18/09/2026;00:00;17.1;5;SOLEIL VOILÉ;3;8.3;0
Foix;42.96;1.6;18/09/2026;01:00;17.1;5;SOLEIL VOILÉ;3;9.7;0
Foix;42.96;1.6;18/09/2026;02:00;16.4;5;SOLEIL VOILÉ;2;13.0;0
Foix;42.96;1.6;18/09/2026;03:00;16.4;5;SOLEIL VOILÉ;2;13.3;0
Foix;42.96;1.6;18/09/2026;04:00;16.4;5;SOLEIL VOILÉ;2;13.0;0
Foix;42.96;1.6;18/09/2026;05:00;15.5;0;SOLEIL;2;11.5;0
Foix;42.96;1.6;18/09/2026;06:00;15.5;0;SOLEIL;2;10.4;0
Foix;42.96;1.6;18/09/2026;07:00;15.5;0;SOLEIL;2;9.4;0
Foix;42.96;1.6;18/09/2026;08:00;19.9;0;SOLEIL;3;6.5;0
Foix;42.96;1.6;18/09/2026;09:00;19.9;0;SOLEIL;3;7.6;0
Foix;42.96;1.6;18/09/2026;10:00;19.9;0;SOLEIL;3;8.3;0
Foix;42.96;1.6;18/09/2026;11:00;22.2;2;NUAGEUX;3;11.2;0
Foix;42.96;1.6;18/09/2026;12:00;22.2;2;NUAGEUX;3;17.0;0
Foix;42.96;1.6;18/09/2026;13:00;22.2;2;NUAGEUX;3;20.3;0
Foix;42.96;1.6;18/09/2026;14:00;24.4;0;SOLEIL;4;23.7;0
Foix;42.96;1.6;18/09/2026;15:00;24.4;0;SOLEIL;4;24.5;0
Foix;42.96;1.6;18/09/2026;16:00;24.4;0;SOLEIL;4;24.8;0
Foix;42.96;1.6;18/09/2026;17:00;23;0;SOLEIL;3;26.3;0
Foix;42.96;1.6;18/09/2026;18:00;23;0;SOLEIL;3;26.3;0
Foix;42.96;1.6;18/09/2026;19:00;23;0;SOLEIL;3;20.5;0
Foix;42.96;1.6;18/09/2026;20:00;20.9;0;SOLEIL;2;16.9;0
Foix;42.96;1.6;18/09/2026;21:00;20.9;0;SOLEIL;2;6.8;0
Foix;42.96;1.6;18/09/2026;22:00;20.9;0;SOLEIL;2;5.0;0
Foix;42.96;1.6;18/09/2026;23:00;17.7;0;SOLEIL;3;2.2;0
Foix;42.96;1.6;19/09/2026;00:00;17.7;0;SOLEIL;3;5.4;0
Foix;42.96;1.6;19/09/2026;01:00;17.7;0;SOLEIL;3;5.4;0
Foix;42.96;1.6;19/09/2026;02:00;15.6;0;SOLEIL;2;6.5;0
Foix;42.96;1.6;19/09/2026;03:00;15.6;0;SOLEIL;2;6.5;0
Foix;42.96;1.6;19/09/2026;04:00;15.6;0;SOLEIL;2;6.5;0
Foix;42.96;1.6;19/09/2026;05:00;14.6;0;SOLEIL;2;6.5;0
Foix;42.96;1.6;19/09/2026;06:00;14.6;0;SOLEIL;2;6.1;0
Foix;42.96;1.6;19/09/2026;07:00;14.6;0;SOLEIL;2;5.0;0
Foix;42.96;1.6;19/09/2026;08:00;18.7;0;SOLEIL;2;4.0;0
Foix;42.96;1.6;19/09/2026;09:00;18.7;0;SOLEIL;2;6.1;0
Foix;42.96;1.6;19/09/2026;10:00;18.7;0;SOLEIL;2;10.8;0
Foix;42.96;1.6;19/09/2026;11:00;24.4;0;SOLEIL;2;17.3;0
Foix;42.96;1.6;19/09/2026;12:00;24.4;0;SOLEIL;2;19.1;0
Foix;42.96;1.6;19/09/2026;13:00;24.4;0;SOLEIL;2;16.9;0
Foix;42.96;1.6;19/09/2026;14:00;27;0;SOLEIL;3;14.4;0
Foix;42.96;1.6;19/09/2026;15:00;27;0;SOLEIL;3;14.8;0
Foix;42.96;1.6;19/09/2026;16:00;27;0;SOLEIL;3;15.5;0
Foix;42.96;1.6;19/09/2026;17:00;25.1;0;SOLEIL;2;15.8;0
Foix;42.96;1.6;19/09/2026;18:00;25.1;0;SOLEIL;2;16.2;0
Foix;42.96;1.6;19/09/2026;19:00;25.1;0;SOLEIL;2;15.8;0
Foix;42.96;1.6;19/09/2026;20:00;20.2;0;SOLEIL;5;14.8;0
Foix;42.96;1.6;19/09/2026;21:00;18.6;0;SOLEIL;5;11.2;0
Foix;42.96;1.6;19/09/2026;22:00;17.1;0;SOLEIL;5;6.8;0
Foix;42.96;1.6;19/09/2026;23:00;17.4;0;SOLEIL;1;3.2;0
Foix;42.96;1.6;20/09/2026;00:00;17.4;0;SOLEIL;1;1.8;0
Foix;42.96;1.6;20/09/2026;01:00;17.4;0;SOLEIL;1;1.8;0
Foix;42.96;1.6;20/09/2026;02:00;13.9;0;SOLEIL;5;1.8;0
Foix;42.96;1.6;20/09/2026;03:00;13.9;0;SOLEIL;5;1.4;0
Foix;42.96;1.6;20/09/2026;04:00;13.9;0;SOLEIL;5;1.1;0
Foix;42.96;1.6;20/09/2026;05:00;15.1;0;SOLEIL;2;1.4;0
Foix;42.96;1.6;20/09/2026;06:00;15.1;0;SOLEIL;2;2.9;0
Foix;42.96;1.6;20/09/2026;07:00;15.1;0;SOLEIL;2;5.0;0
Foix;42.96;1.6;20/09/2026;08:00;17.2;0;SOLEIL;5;6.8;0
Foix;42.96;1.6;20/09/2026;09:00;18.8;0;SOLEIL;5;7.9;0
Foix;42.96;1.6;20/09/2026;10:00;20.4;0;SOLEIL;5;8.3;0
Foix;42.96;1.6;20/09/2026;11:00;26.4;2;NUAGEUX;3;10.1;0
Foix;42.96;1.6;20/09/2026;12:00;26.4;2;NUAGEUX;3;13.7;0
Foix;42.96;1.6;20/09/2026;13:00;26.4;2;NUAGEUX;3;18.4;0
Foix;42.96;1.6;20/09/2026;14:00;27.0;0;SOLEIL;5;22.3;0
Foix;42.96;1.6;20/09/2026;15:00;28.6;0;SOLEIL;5;24.8;0
Foix;42.96;1.6;20/09/2026;16:00;27.0;0;SOLEIL;5;26.6;0
Foix;42.96;1.6;20/09/2026;17:00;25.6;0;SOLEIL;3;27.4;0
Foix;42.96;1.6;20/09/2026;18:00;25.6;0;SOLEIL;3;27.0;0
Foix;42.96;1.6;20/09/2026;19:00;25.6;0;SOLEIL;3;25.6;0
Foix;42.96;1.6;20/09/2026;20:00;20.4;0;SOLEIL;5;23.0;0
Foix;42.96;1.6;20/09/2026;21:00;18.8;0;SOLEIL;5;18.7;0
Foix;42.96;1.6;20/09/2026;22:00;17.2;0;SOLEIL;5;13.7;0
Foix;42.96;1.6;20/09/2026;23:00;19.2;0;SOLEIL;2;10.1;0
Foix;42.96;1.6;21/09/2026;00:00;19.2;0;SOLEIL;2;9.4;0
Foix;42.96;1.6;21/09/2026;01:00;19.2;0;SOLEIL;2;10.1;0
Foix;42.96;1.6;21/09/2026;02:00;16;0;SOLEIL;5;10.4;0
Foix;42.96;1.6;21/09/2026;03:00;16;0;SOLEIL;5;9.7;0
Foix;42.96;1.6;21/09/2026;04:00;16;0;SOLEIL;5;8.6;0
Foix;42.96;1.6;21/09/2026;05:00;16.9;0;SOLEIL;3;7.9;0
Foix;42.96;1.6;21/09/2026;06:00;16.9;0;SOLEIL;3;8.1;0
Foix;42.96;1.6;21/09/2026;07:00;16.9;0;SOLEIL;3;8.3;0
Foix;42.96;1.6;21/09/2026;08:00;18.9;0;SOLEIL;5;8.4;0
Foix;42.96;1.6;21/09/2026;09:00;20.4;0;SOLEIL;5;9.0;0
Foix;42.96;1.6;21/09/2026;10:00;21.8;0;SOLEIL;5;14.4;0
Foix;42.96;1.6;21/09/2026;11:00;26.5;0;SOLEIL;4;19.1;0
Foix;42.96;1.6;21/09/2026;12:00;26.5;0;SOLEIL;4;22.3;0
Foix;42.96;1.6;21/09/2026;13:00;26.5;0;SOLEIL;4;24.8;0
Foix;42.96;1.6;21/09/2026;14:00;27.6;0;SOLEIL;5;26.6;0
Foix;42.96;1.6;21/09/2026;15:00;29.1;0;SOLEIL;5;28.4;0
Foix;42.96;1.6;21/09/2026;16:00;27.6;0;SOLEIL;5;29.9;0
Foix;42.96;1.6;21/09/2026;17:00;25.6;0;SOLEIL;3;29.9;0
Foix;42.96;1.6;21/09/2026;18:00;25.6;0;SOLEIL;3;28.1;0
Foix;42.96;1.6;21/09/2026;19:00;25.6;0;SOLEIL;3;24.8;0
Foix;42.96;1.6;21/09/2026;20:00;21.8;0;SOLEIL;5;21.6;0
Foix;42.96;1.6;21/09/2026;21:00;20.4;0;SOLEIL;5;18.0;0
Foix;42.96;1.6;21/09/2026;22:00;18.9;0;SOLEIL;5;14.0;0
Foix;42.96;1.6;21/09/2026;23:00;17.4;0;SOLEIL;2;10.8;0
Carcassonne;43.21;2.35;17/09/2026;00:00;15.1;5;SOLEIL VOILÉ;3;7.2;0
Carcassonne;43.21;2.35;17/09/2026;01:00;14.1;5;SOLEIL VOILÉ;3;4.7;0
Carcassonne;43.21;2.35;17/09/2026;02:00;13.6;5;SOLEIL VOILÉ;2;18.4;0
Carcassonne;43.21;2.35;17/09/2026;03:00;13.6;2;NUAGEUX;2;18.0;0
Carcassonne;43.21;2.35;17/09/2026;04:00;12.7;2;NUAGEUX;2;17.6;0
Carcassonne;43.21;2.35;17/09/2026;05:00;12.7;0;SOLEIL;2;18.4;0
Carcassonne;43.21;2.35;17/09/2026;06:00;12.6;0;SOLEIL;0;15.5;0
Carcassonne;43.21;2.35;17/09/2026;07:00;13.7;0;SOLEIL;0;13.3;0
Carcassonne;43.21;2.35;17/09/2026;08:00;15.5;0;SOLEIL;0;4.7;0
Carcassonne;43.21;2.35;17/09/2026;09:00;17.7;0;SOLEIL;3;4.7;0
Carcassonne;43.21;2.35;17/09/2026;10:00;19.2;2;NUAGEUX;3;5.0;0
Carcassonne;43.21;2.35;17/09/2026;11:00;20.2;2;NUAGEUX;3;11.2;0
Carcassonne;43.21;2.35;17/09/2026;12:00;20.9;2;NUAGEUX;3;23.4;0
Carcassonne;43.21;2.35;17/09/2026;13:00;21.9;0;SOLEIL;3;24.8;0
Carcassonne;43.21;2.35;17/09/2026;14:00;22;0;SOLEIL;4;25.2;0
Carcassonne;43.21;2.35;17/09/2026;15:00;20.6;0;SOLEIL;4;25.6;0
Carcassonne;43.21;2.35;17/09/2026;16:00;21.5;2;NUAGEUX;4;25.9;0
Carcassonne;43.21;2.35;17/09/2026;17:00;20.5;2;NUAGEUX;3;27.0;0
Carcassonne;43.21;2.35;17/09/2026;18:00;18.5;2;NUAGEUX;3;27.7;0
Carcassonne;43.21;2.35;17/09/2026;19:00;17.4;2;NUAGEUX;2;27.0;0
Carcassonne;43.21;2.35;17/09/2026;20:00;17.2;2;NUAGEUX;2;23.8;0
Carcassonne;43.21;2.35;17/09/2026;21:00;16.9;2;NUAGEUX;2;20.2;0
Carcassonne;43.21;2.35;17/09/2026;22:00;16.9;2;NUAGEUX;2;19.1;0
Carcassonne;43.21;2.35;17/09/2026;23:00;16.4;2;NUAGEUX;3;19.8;0
Carcassonne;43.21;2.35;18/09/2026;00:00;15.6;2;NUAGEUX;2;16.6;0
Carcassonne;43.21;2.35;18/09/2026;01:00;15.6;2;NUAGEUX;2;24.8;0
Carcassonne;43.21;2.35;18/09/2026;02:00;15.1;2;NUAGEUX;3;22.0;0
Carcassonne;43.21;2.35;18/09/2026;03:00;15.1;2;NUAGEUX;3;18.7;0
Carcassonne;43.21;2.35;18/09/2026;04:00;15.1;2;NUAGEUX;3;18.7;0
Carcassonne;43.21;2.35;18/09/2026;05:00;13.6;5;SOLEIL VOILÉ;2;18.7;0
Carcassonne;43.21;2.35;18/09/2026;06:00;13.6;5;SOLEIL VOILÉ;2;18.0;0
Carcassonne;43.21;2.35;18/09/2026;07:00;13.6;5;SOLEIL VOILÉ;2;15.5;0
Carcassonne;43.21;2.35;18/09/2026;08:00;17.6;0;SOLEIL;3;14.4;0
Carcassonne;43.21;2.35;18/09/2026;09:00;17.6;0;SOLEIL;3;14.4;0
Carcassonne;43.21;2.35;18/09/2026;10:00;17.6;0;SOLEIL;3;15.1;0
Carcassonne;43.21;2.35;18/09/2026;11:00;22.1;0;SOLEIL;3;20.9;0
Carcassonne;43.21;2.35;18/09/2026;12:00;22.1;0;SOLEIL;3;25.1;0
Carcassonne;43.21;2.35;18/09/2026;13:00;22.1;0;SOLEIL;3;27.7;0
Carcassonne;43.21;2.35;18/09/2026;14:00;22.2;0;SOLEIL;3;29.0;0
Carcassonne;43.21;2.35;18/09/2026;15:00;22.2;0;SOLEIL;3;31.3;0
Carcassonne;43.21;2.35;18/09/2026;16:00;22.2;0;SOLEIL;3;31.7;0
Carcassonne;43.21;2.35;18/09/2026;17:00;18.2;0;SOLEIL;2;30.6;0
Carcassonne;43.21;2.35;18/09/2026;18:00;18.2;0;SOLEIL;2;28.1;0
Carcassonne;43.21;2.35;18/09/2026;19:00;18.2;0;SOLEIL;2;24.5;0
Carcassonne;43.21;2.35;18/09/2026;20:00;17.1;0;SOLEIL;3;24.1;0
Carcassonne;43.21;2.35;18/09/2026;21:00;17.1;0;SOLEIL;3;21.6;0
Carcassonne;43.21;2.35;18/09/2026;22:00;17.1;0;SOLEIL;3;16.2;0
Carcassonne;43.21;2.35;18/09/2026;23:00;15.2;0;SOLEIL;3;7.2;0
Carcassonne;43.21;2.35;19/09/2026;00:00;15.2;0;SOLEIL;3;6.5;0
Carcassonne;43.21;2.35;19/09/2026;01:00;15.2;0;SOLEIL;3;6.8;0
Carcassonne;43.21;2.35;19/09/2026;02:00;12.7;0;SOLEIL;2;6.8;0
Carcassonne;43.21;2.35;19/09/2026;03:00;12.7;0;SOLEIL;2;7.9;0
Carcassonne;43.21;2.35;19/09/2026;04:00;12.7;0;SOLEIL;2;9.4;0
Carcassonne;43.21;2.35;19/09/2026;05:00;10.4;0;SOLEIL;1;10.4;0
Carcassonne;43.21;2.35;19/09/2026;06:00;10.4;0;SOLEIL;1;9.7;0
Carcassonne;43.21;2.35;19/09/2026;07:00;10.4;0;SOLEIL;1;8.6;0
Carcassonne;43.21;2.35;19/09/2026;08:00;18.1;0;SOLEIL;1;5.8;0
Carcassonne;43.21;2.35;19/09/2026;09:00;18.1;0;SOLEIL;1;6.5;0
Carcassonne;43.21;2.35;19/09/2026;10:00;18.1;0;SOLEIL;1;8.3;0
Carcassonne;43.21;2.35;19/09/2026;11:00;23.2;0;SOLEIL;2;9.7;0
Carcassonne;43.21;2.35;19/09/2026;12:00;23.2;0;SOLEIL;2;20.2;0
Carcassonne;43.21;2.35;19/09/2026;13:00;23.2;0;SOLEIL;2;25.2;0
Carcassonne;43.21;2.35;19/09/2026;14:00;25.4;0;SOLEIL;2;27.0;0
Carcassonne;43.21;2.35;19/09/2026;15:00;25.4;0;SOLEIL;2;27.4;0
Carcassonne;43.21;2.35;19/09/2026;16:00;25.4;0;SOLEIL;2;27.7;0
Carcassonne;43.21;2.35;19/09/2026;17:00;20.7;0;SOLEIL;1;27.7;0
Carcassonne;43.21;2.35;19/09/2026;18:00;20.7;0;SOLEIL;1;25.9;0
Carcassonne;43.21;2.35;19/09/2026;19:00;20.7;0;SOLEIL;1;20.5;0
Carcassonne;43.21;2.35;19/09/2026;20:00;17.1;0;SOLEIL;5;13.3;0
Carcassonne;43.21;2.35;19/09/2026;21:00;15.3;0;SOLEIL;5;5.8;0
Carcassonne;43.21;2.35;19/09/2026;22:00;13.5;0;SOLEIL;5;6.5;0
Carcassonne;43.21;2.35;19/09/2026;23:00;13.6;0;SOLEIL;2;9.4;0
Carcassonne;43.21;2.35;20/09/2026;00:00;13.6;0;SOLEIL;2;10.4;0
Carcassonne;43.21;2.35;20/09/2026;01:00;13.6;0;SOLEIL;2;11.2;0
Carcassonne;43.21;2.35;20/09/2026;02:00;11.1;0;SOLEIL;5;11.9;0
Carcassonne;43.21;2.35;20/09/2026;03:00;11.1;0;SOLEIL;5;12.2;0
Carcassonne;43.21;2.35;20/09/2026;04:00;11.1;0;SOLEIL;5;10.8;0
Carcassonne;43.21;2.35;20/09/2026;05:00;12.1;0;SOLEIL;1;10.4;0
Carcassonne;43.21;2.35;20/09/2026;06:00;12.1;0;SOLEIL;1;9.7;0
Carcassonne;43.21;2.35;20/09/2026;07:00;12.1;0;SOLEIL;1;10.8;0
Carcassonne;43.21;2.35;20/09/2026;08:00;14.7;0;SOLEIL;5;10.8;0
Carcassonne;43.21;2.35;20/09/2026;09:00;16.6;0;SOLEIL;5;11.2;0
Carcassonne;43.21;2.35;20/09/2026;10:00;18.4;0;SOLEIL;5;10.8;0
Carcassonne;43.21;2.35;20/09/2026;11:00;25.2;2;NUAGEUX;3;5.4;0
Carcassonne;43.21;2.35;20/09/2026;12:00;25.2;2;NUAGEUX;3;18.2;0
Carcassonne;43.21;2.35;20/09/2026;13:00;25.2;2;NUAGEUX;3;24.8;0
Carcassonne;43.21;2.35;20/09/2026;14:00;25.7;0;SOLEIL;5;29.3;0
Carcassonne;43.21;2.35;20/09/2026;15:00;27.5;0;SOLEIL;5;31.3;0
Carcassonne;43.21;2.35;20/09/2026;16:00;25.7;0;SOLEIL;5;30.6;0
Carcassonne;43.21;2.35;20/09/2026;17:00;21.7;0;SOLEIL;3;29.9;0
Carcassonne;43.21;2.35;20/09/2026;18:00;21.7;0;SOLEIL;3;30.2;0
Carcassonne;43.21;2.35;20/09/2026;19:00;21.7;0;SOLEIL;3;30.6;0
Carcassonne;43.21;2.35;20/09/2026;20:00;18.4;0;SOLEIL;5;29.5;0
Carcassonne;43.21;2.35;20/09/2026;21:00;16.6;0;SOLEIL;5;25.9;0
Carcassonne;43.21;2.35;20/09/2026;22:00;14.7;0;SOLEIL;5;21.2;0
Carcassonne;43.21;2.35;20/09/2026;23:00;16.4;0;SOLEIL;3;18.0;0
Carcassonne;43.21;2.35;21/09/2026;00:00;16.4;0;SOLEIL;3;17.3;0
Carcassonne;43.21;2.35;21/09/2026;01:00;16.4;0;SOLEIL;3;18.0;0
Carcassonne;43.21;2.35;21/09/2026;02:00;13.1;0;SOLEIL;5;18.7;0
Carcassonne;43.21;2.35;21/09/2026;03:00;13.1;0;SOLEIL;5;19.4;0
Carcassonne;43.21;2.35;21/09/2026;04:00;13.1;0;SOLEIL;5;20.2;0
Carcassonne;43.21;2.35;21/09/2026;05:00;14;0;SOLEIL;3;20.9;0
Carcassonne;43.21;2.35;21/09/2026;06:00;14;0;SOLEIL;3;20.5;0
Carcassonne;43.21;2.35;21/09/2026;07:00;14;0;SOLEIL;3;20.2;0
Carcassonne;43.21;2.35;21/09/2026;08:00;16.4;0;SOLEIL;5;21.2;0
Carcassonne;43.21;2.35;21/09/2026;09:00;18.1;0;SOLEIL;5;24.8;0
Carcassonne;43.21;2.35;21/09/2026;10:00;19.8;0;SOLEIL;5;29.9;0
Carcassonne;43.21;2.35;21/09/2026;11:00;26.1;0;SOLEIL;4;33.8;0
Carcassonne;43.21;2.35;21/09/2026;12:00;26.1;0;SOLEIL;4;35.6;0
Carcassonne;43.21;2.35;21/09/2026;13:00;26.1;0;SOLEIL;4;36.4;0
Carcassonne;43.21;2.35;21/09/2026;14:00;26.4;0;SOLEIL;5;36.7;0
Carcassonne;43.21;2.35;21/09/2026;15:00;28.1;0;SOLEIL;5;37.1;0
Carcassonne;43.21;2.35;21/09/2026;16:00;26.4;0;SOLEIL;5;36.7;0
Carcassonne;43.21;2.35;21/09/2026;17:00;22.1;0;SOLEIL;2;36.7;0
Carcassonne;43.21;2.35;21/09/2026;18:00;22.1;0;SOLEIL;2;37.1;0
Carcassonne;43.21;2.35;21/09/2026;19:00;22.1;0;SOLEIL;2;37.4;0
Carcassonne;43.21;2.35;21/09/2026;20:00;19.8;0;SOLEIL;5;36.4;0
Carcassonne;43.21;2.35;21/09/2026;21:00;18.1;0;SOLEIL;5;31.7;0
Carcassonne;43.21;2.35;21/09/2026;22:00;16.4;0;SOLEIL;5;25.6;0
Carcassonne;43.21;2.35;21/09/2026;23:00;15.1;0;SOLEIL;2;20.9;0
Laguiole;44.68;2.85;17/09/2026;00:00;17.9;5;SOLEIL VOILÉ;5;29.5;0
Laguiole;44.68;2.85;17/09/2026;01:00;18;5;SOLEIL VOILÉ;5;32.4;0
Laguiole;44.68;2.85;17/09/2026;02:00;17.2;5;SOLEIL VOILÉ;6;32.8;0
Laguiole;44.68;2.85;17/09/2026;03:00;16.9;0;SOLEIL;6;31.7;0
Laguiole;44.68;2.85;17/09/2026;04:00;16;0;SOLEIL;6;32.0;0
Laguiole;44.68;2.85;17/09/2026;05:00;16.1;0;SOLEIL;5;30.2;0
Laguiole;44.68;2.85;17/09/2026;06:00;16.1;0;SOLEIL;5;32.0;0
Laguiole;44.68;2.85;17/09/2026;07:00;17.2;0;SOLEIL;6;31.0;0
Laguiole;44.68;2.85;17/09/2026;08:00;18.6;0;SOLEIL;7;29.2;0
Laguiole;44.68;2.85;17/09/2026;09:00;19.6;0;SOLEIL;7;32.0;0
Laguiole;44.68;2.85;17/09/2026;10:00;21.3;0;SOLEIL;7;38.5;0
Laguiole;44.68;2.85;17/09/2026;11:00;22.9;0;SOLEIL;7;40.3;0
Laguiole;44.68;2.85;17/09/2026;12:00;23.7;0;SOLEIL;7;40.7;0
Laguiole;44.68;2.85;17/09/2026;13:00;24.6;0;SOLEIL;7;40.3;0
Laguiole;44.68;2.85;17/09/2026;14:00;25;0;SOLEIL;7;40.7;0
Laguiole;44.68;2.85;17/09/2026;15:00;24.7;0;SOLEIL;7;42.1;0
Laguiole;44.68;2.85;17/09/2026;16:00;24.5;0;SOLEIL;7;42.8;0
Laguiole;44.68;2.85;17/09/2026;17:00;23.6;0;SOLEIL;7;42.5;0
Laguiole;44.68;2.85;17/09/2026;18:00;21.8;5;SOLEIL VOILÉ;6;42.1;0
Laguiole;44.68;2.85;17/09/2026;19:00;21.1;5;SOLEIL VOILÉ;5;41.4;0
Laguiole;44.68;2.85;17/09/2026;20:00;20.1;0;SOLEIL;4;41.0;0
Laguiole;44.68;2.85;17/09/2026;21:00;19.1;0;SOLEIL;4;36.4;0
Laguiole;44.68;2.85;17/09/2026;22:00;19.1;0;SOLEIL;5;34.9;0
Laguiole;44.68;2.85;17/09/2026;23:00;19.1;0;SOLEIL;5;32.4;0
Laguiole;44.68;2.85;18/09/2026;00:00;18.5;0;SOLEIL;5;36.4;0
Laguiole;44.68;2.85;18/09/2026;01:00;18.5;0;SOLEIL;5;36.7;0
Laguiole;44.68;2.85;18/09/2026;02:00;17;5;SOLEIL VOILÉ;5;31.7;0
Laguiole;44.68;2.85;18/09/2026;03:00;17;5;SOLEIL VOILÉ;5;31.0;0
Laguiole;44.68;2.85;18/09/2026;04:00;17;5;SOLEIL VOILÉ;5;28.1;0
Laguiole;44.68;2.85;18/09/2026;05:00;16.6;5;SOLEIL VOILÉ;5;28.1;0
Laguiole;44.68;2.85;18/09/2026;06:00;16.6;5;SOLEIL VOILÉ;5;33.5;0
Laguiole;44.68;2.85;18/09/2026;07:00;16.6;5;SOLEIL VOILÉ;5;36.4;0
Laguiole;44.68;2.85;18/09/2026;08:00;20.2;0;SOLEIL;6;34.6;0
Laguiole;44.68;2.85;18/09/2026;09:00;20.2;0;SOLEIL;6;34.6;0
Laguiole;44.68;2.85;18/09/2026;10:00;20.2;0;SOLEIL;6;36.7;0
Laguiole;44.68;2.85;18/09/2026;11:00;23.5;0;SOLEIL;6;37.8;0
Laguiole;44.68;2.85;18/09/2026;12:00;23.5;0;SOLEIL;6;38.7;0
Laguiole;44.68;2.85;18/09/2026;13:00;23.5;0;SOLEIL;6;39.6;0
Laguiole;44.68;2.85;18/09/2026;14:00;24.1;0;SOLEIL;6;40.4;0
Laguiole;44.68;2.85;18/09/2026;15:00;24.1;0;SOLEIL;6;41.0;0
Laguiole;44.68;2.85;18/09/2026;16:00;24.1;0;SOLEIL;6;40.7;0
Laguiole;44.68;2.85;18/09/2026;17:00;22.5;0;SOLEIL;5;39.6;0
Laguiole;44.68;2.85;18/09/2026;18:00;22.5;0;SOLEIL;5;39.2;0
Laguiole;44.68;2.85;18/09/2026;19:00;22.5;0;SOLEIL;5;37.4;0
Laguiole;44.68;2.85;18/09/2026;20:00;19.1;0;SOLEIL;4;37.1;0
Laguiole;44.68;2.85;18/09/2026;21:00;19.1;0;SOLEIL;4;31.7;0
Laguiole;44.68;2.85;18/09/2026;22:00;19.1;0;SOLEIL;4;28.1;0
Laguiole;44.68;2.85;18/09/2026;23:00;17.4;0;SOLEIL;5;25.2;0
Laguiole;44.68;2.85;19/09/2026;00:00;17.4;0;SOLEIL;5;24.1;0
Laguiole;44.68;2.85;19/09/2026;01:00;17.4;0;SOLEIL;5;24.1;0
Laguiole;44.68;2.85;19/09/2026;02:00;16.1;0;SOLEIL;4;21.6;0
Laguiole;44.68;2.85;19/09/2026;03:00;16.1;0;SOLEIL;4;18.0;0
Laguiole;44.68;2.85;19/09/2026;04:00;16.1;0;SOLEIL;4;16.2;0
Laguiole;44.68;2.85;19/09/2026;05:00;14.4;0;SOLEIL;5;15.5;0
Laguiole;44.68;2.85;19/09/2026;06:00;14.4;0;SOLEIL;5;13.7;0
Laguiole;44.68;2.85;19/09/2026;07:00;14.4;0;SOLEIL;5;12.2;0
Laguiole;44.68;2.85;19/09/2026;08:00;20.1;0;SOLEIL;5;15.1;0
Laguiole;44.68;2.85;19/09/2026;09:00;20.1;0;SOLEIL;5;24.1;0
Laguiole;44.68;2.85;19/09/2026;10:00;20.1;0;SOLEIL;5;29.9;0
Laguiole;44.68;2.85;19/09/2026;11:00;25.6;0;SOLEIL;5;31.0;0
Laguiole;44.68;2.85;19/09/2026;12:00;25.6;0;SOLEIL;5;31.0;0
Laguiole;44.68;2.85;19/09/2026;13:00;25.6;0;SOLEIL;5;31.7;0
Laguiole;44.68;2.85;19/09/2026;14:00;27.9;0;SOLEIL;4;30.6;0
Laguiole;44.68;2.85;19/09/2026;15:00;27.9;0;SOLEIL;4;29.2;0
Laguiole;44.68;2.85;19/09/2026;16:00;27.9;0;SOLEIL;4;27.7;0
Laguiole;44.68;2.85;19/09/2026;17:00;24.1;0;SOLEIL;4;27.0;0
Laguiole;44.68;2.85;19/09/2026;18:00;24.1;0;SOLEIL;4;27.0;0
Laguiole;44.68;2.85;19/09/2026;19:00;24.1;0;SOLEIL;4;25.9;0
Laguiole;44.68;2.85;19/09/2026;20:00;20.4;0;SOLEIL;5;24.5;0
Laguiole;44.68;2.85;19/09/2026;21:00;18.8;0;SOLEIL;5;21.2;0
Laguiole;44.68;2.85;19/09/2026;22:00;17.2;0;SOLEIL;5;16.2;0
Laguiole;44.68;2.85;19/09/2026;23:00;15.6;0;SOLEIL;3;12.2;0
Laguiole;44.68;2.85;20/09/2026;00:00;15.6;0;SOLEIL;3;9.4;0
Laguiole;44.68;2.85;20/09/2026;01:00;15.6;0;SOLEIL;3;9.0;0
Laguiole;44.68;2.85;20/09/2026;02:00;13.1;0;SOLEIL;5;9.0;0
Laguiole;44.68;2.85;20/09/2026;03:00;13.1;0;SOLEIL;5;7.9;0
Laguiole;44.68;2.85;20/09/2026;04:00;13.1;0;SOLEIL;5;5.8;0
Laguiole;44.68;2.85;20/09/2026;05:00;14.9;0;SOLEIL;3;6.5;0
Laguiole;44.68;2.85;20/09/2026;06:00;14.9;0;SOLEIL;3;5.8;0
Laguiole;44.68;2.85;20/09/2026;07:00;14.9;0;SOLEIL;3;6.5;0
Laguiole;44.68;2.85;20/09/2026;08:00;16.8;0;SOLEIL;5;6.5;0
Laguiole;44.68;2.85;20/09/2026;09:00;18.6;0;SOLEIL;5;5.8;0
Laguiole;44.68;2.85;20/09/2026;10:00;20.5;0;SOLEIL;5;9.7;0
Laguiole;44.68;2.85;20/09/2026;11:00;27.9;2;NUAGEUX;6;20.2;0
Laguiole;44.68;2.85;20/09/2026;12:00;27.9;2;NUAGEUX;6;27.5;0
Laguiole;44.68;2.85;20/09/2026;13:00;27.9;2;NUAGEUX;6;33.3;0
Laguiole;44.68;2.85;20/09/2026;14:00;27.9;0;SOLEIL;5;35.7;0
Laguiole;44.68;2.85;20/09/2026;15:00;29.7;0;SOLEIL;5;37.8;0
Laguiole;44.68;2.85;20/09/2026;16:00;27.9;0;SOLEIL;5;37.8;0
Laguiole;44.68;2.85;20/09/2026;17:00;25.4;0;SOLEIL;5;37.8;0
Laguiole;44.68;2.85;20/09/2026;18:00;25.4;0;SOLEIL;5;38.2;0
Laguiole;44.68;2.85;20/09/2026;19:00;25.4;0;SOLEIL;5;38.5;0
Laguiole;44.68;2.85;20/09/2026;20:00;20.5;0;SOLEIL;5;38.5;0
Laguiole;44.68;2.85;20/09/2026;21:00;18.6;0;SOLEIL;5;37.4;0
Laguiole;44.68;2.85;20/09/2026;22:00;16.8;0;SOLEIL;5;36.4;0
Laguiole;44.68;2.85;20/09/2026;23:00;18.9;0;SOLEIL;5;35.3;0
Laguiole;44.68;2.85;21/09/2026;00:00;18.9;0;SOLEIL;5;34.9;0
Laguiole;44.68;2.85;21/09/2026;01:00;18.9;0;SOLEIL;5;34.9;0
Laguiole;44.68;2.85;21/09/2026;02:00;15.6;0;SOLEIL;5;35.3;0
Laguiole;44.68;2.85;21/09/2026;03:00;15.6;0;SOLEIL;5;35.6;0
Laguiole;44.68;2.85;21/09/2026;04:00;15.6;0;SOLEIL;5;36.0;0
Laguiole;44.68;2.85;21/09/2026;05:00;17.1;0;SOLEIL;5;36.7;0
Laguiole;44.68;2.85;21/09/2026;06:00;17.1;0;SOLEIL;5;37.4;0
Laguiole;44.68;2.85;21/09/2026;07:00;17.1;0;SOLEIL;5;38.2;0
Laguiole;44.68;2.85;21/09/2026;08:00;18.8;0;SOLEIL;5;40.0;0
Laguiole;44.68;2.85;21/09/2026;09:00;20.4;0;SOLEIL;5;43.2;0
Laguiole;44.68;2.85;21/09/2026;10:00;22.0;0;SOLEIL;5;47.5;0
Laguiole;44.68;2.85;21/09/2026;11:00;28;0;SOLEIL;7;50.8;0
Laguiole;44.68;2.85;21/09/2026;12:00;28;0;SOLEIL;7;52.9;0
Laguiole;44.68;2.85;21/09/2026;13:00;28;0;SOLEIL;7;54.0;0
Laguiole;44.68;2.85;21/09/2026;14:00;28.5;0;SOLEIL;5;55.1;0
Laguiole;44.68;2.85;21/09/2026;15:00;30.1;0;SOLEIL;5;55.8;0
Laguiole;44.68;2.85;21/09/2026;16:00;28.5;0;SOLEIL;5;55.8;0
Laguiole;44.68;2.85;21/09/2026;17:00;25.6;0;SOLEIL;5;55.8;0
Laguiole;44.68;2.85;21/09/2026;18:00;25.6;0;SOLEIL;5;55.8;0
Laguiole;44.68;2.85;21/09/2026;19:00;25.6;0;SOLEIL;5;55.4;0
Laguiole;44.68;2.85;21/09/2026;20:00;22.0;0;SOLEIL;5;54.0;0
Laguiole;44.68;2.85;21/09/2026;21:00;20.4;0;SOLEIL;5;50.8;0
Laguiole;44.68;2.85;21/09/2026;22:00;18.8;0;SOLEIL;5;46.8;0
Laguiole;44.68;2.85;21/09/2026;23:00;17.7;0;SOLEIL;4;43.2;0
Rodez;44.35;2.57;17/09/2026;00:00;10;0;SOLEIL;5;28.8;0
Rodez;44.35;2.57;17/09/2026;01:00;9.5;0;SOLEIL;5;31.3;0
Rodez;44.35;2.57;17/09/2026;02:00;8.7;0;SOLEIL;5;32.0;0
Rodez;44.35;2.57;17/09/2026;03:00;9.2;0;SOLEIL;4;28.8;0
Rodez;44.35;2.57;17/09/2026;04:00;8.5;0;SOLEIL;4;27.4;0
Rodez;44.35;2.57;17/09/2026;05:00;8.3;0;SOLEIL;4;24.8;0
Rodez;44.35;2.57;17/09/2026;06:00;9.5;0;SOLEIL;4;23.8;0
Rodez;44.35;2.57;17/09/2026;07:00;12.4;0;SOLEIL;4;22.7;0
Rodez;44.35;2.57;17/09/2026;08:00;13.6;0;SOLEIL;4;24.1;0
Rodez;44.35;2.57;17/09/2026;09:00;14.1;0;SOLEIL;4;24.5;0
Rodez;44.35;2.57;17/09/2026;10:00;15.9;0;SOLEIL;3;27.0;0
Rodez;44.35;2.57;17/09/2026;11:00;16.8;0;SOLEIL;4;28.8;0
Rodez;44.35;2.57;17/09/2026;12:00;16.9;0;SOLEIL;4;28.8;0
Rodez;44.35;2.57;17/09/2026;13:00;17.2;0;SOLEIL;4;25.2;0
Rodez;44.35;2.57;17/09/2026;14:00;17.2;0;SOLEIL;5;25.9;0
Rodez;44.35;2.57;17/09/2026;15:00;16.5;0;SOLEIL;5;25.9;0
Rodez;44.35;2.57;17/09/2026;16:00;15.5;5;SOLEIL VOILÉ;5;27.7;0
Rodez;44.35;2.57;17/09/2026;17:00;14.3;5;SOLEIL VOILÉ;4;30.2;0
Rodez;44.35;2.57;17/09/2026;18:00;12;5;SOLEIL VOILÉ;4;33.5;0
Rodez;44.35;2.57;17/09/2026;19:00;11.6;5;SOLEIL VOILÉ;3;32.8;0
Rodez;44.35;2.57;17/09/2026;20:00;12;0;SOLEIL;3;29.5;0
Rodez;44.35;2.57;17/09/2026;21:00;10.5;0;SOLEIL;2;19.8;0
Rodez;44.35;2.57;17/09/2026;22:00;9.2;0;SOLEIL;2;14.0;0
Rodez;44.35;2.57;17/09/2026;23:00;8.1;5;SOLEIL VOILÉ;2;11.5;0
Rodez;44.35;2.57;18/09/2026;00:00;7.7;5;SOLEIL VOILÉ;2;10.4;0
Rodez;44.35;2.57;18/09/2026;01:00;7.7;5;SOLEIL VOILÉ;2;10.4;0
Rodez;44.35;2.57;18/09/2026;02:00;8;5;SOLEIL VOILÉ;1;10.4;0
Rodez;44.35;2.57;18/09/2026;03:00;8;5;SOLEIL VOILÉ;1;11.5;0
Rodez;44.35;2.57;18/09/2026;04:00;8;5;SOLEIL VOILÉ;1;14.0;0
Rodez;44.35;2.57;18/09/2026;05:00;10.1;0;SOLEIL;1;13.7;0
Rodez;44.35;2.57;18/09/2026;06:00;10.1;0;SOLEIL;1;12.2;0
Rodez;44.35;2.57;18/09/2026;07:00;10.1;0;SOLEIL;1;11.2;0
Rodez;44.35;2.57;18/09/2026;08:00;14.7;2;NUAGEUX;3;9.7;0
Rodez;44.35;2.57;18/09/2026;09:00;14.7;2;NUAGEUX;3;8.3;0
Rodez;44.35;2.57;18/09/2026;10:00;14.7;2;NUAGEUX;3;16.2;0
Rodez;44.35;2.57;18/09/2026;11:00;14.9;2;NUAGEUX;4;20.5;0
Rodez;44.35;2.57;18/09/2026;12:00;14.9;2;NUAGEUX;4;27.5;0
Rodez;44.35;2.57;18/09/2026;13:00;14.9;2;NUAGEUX;4;33.8;0
Rodez;44.35;2.57;18/09/2026;14:00;16.1;0;SOLEIL;4;35.4;0
Rodez;44.35;2.57;18/09/2026;15:00;16.1;0;SOLEIL;4;35.6;0
Rodez;44.35;2.57;18/09/2026;16:00;16.1;0;SOLEIL;4;38.2;0
Rodez;44.35;2.57;18/09/2026;17:00;12;0;SOLEIL;3;40.0;0
Rodez;44.35;2.57;18/09/2026;18:00;12;0;SOLEIL;3;40.0;0
Rodez;44.35;2.57;18/09/2026;19:00;12;0;SOLEIL;3;36.4;0
Rodez;44.35;2.57;18/09/2026;20:00;10.9;0;SOLEIL;2;30.2;0
Rodez;44.35;2.57;18/09/2026;21:00;10.9;0;SOLEIL;2;28.4;0
Rodez;44.35;2.57;18/09/2026;22:00;10.9;0;SOLEIL;2;19.4;0
Rodez;44.35;2.57;18/09/2026;23:00;9.1;0;SOLEIL;4;16.9;0
Rodez;44.35;2.57;19/09/2026;00:00;9.1;0;SOLEIL;4;17.6;0
Rodez;44.35;2.57;19/09/2026;01:00;9.1;0;SOLEIL;4;18.4;0
Rodez;44.35;2.57;19/09/2026;02:00;8.6;0;SOLEIL;3;16.6;0
Rodez;44.35;2.57;19/09/2026;03:00;8.6;0;SOLEIL;3;15.8;0
Rodez;44.35;2.57;19/09/2026;04:00;8.6;0;SOLEIL;3;17.3;0
Rodez;44.35;2.57;19/09/2026;05:00;10.4;0;SOLEIL;3;20.9;0
Rodez;44.35;2.57;19/09/2026;06:00;10.4;0;SOLEIL;3;22.3;0
Rodez;44.35;2.57;19/09/2026;07:00;10.4;0;SOLEIL;3;23.0;0
Rodez;44.35;2.57;19/09/2026;08:00;16.1;0;SOLEIL;3;23.0;0
Rodez;44.35;2.57;19/09/2026;09:00;16.1;0;SOLEIL;3;21.2;0
Rodez;44.35;2.57;19/09/2026;10:00;16.1;0;SOLEIL;3;20.9;0
Rodez;44.35;2.57;19/09/2026;11:00;19.5;0;SOLEIL;3;22.3;0
Rodez;44.35;2.57;19/09/2026;12:00;19.5;0;SOLEIL;3;22.0;0
Rodez;44.35;2.57;19/09/2026;13:00;19.5;0;SOLEIL;3;21.2;0
Rodez;44.35;2.57;19/09/2026;14:00;21.1;0;SOLEIL;3;20.9;0
Rodez;44.35;2.57;19/09/2026;15:00;21.1;0;SOLEIL;3;22.0;0
Rodez;44.35;2.57;19/09/2026;16:00;21.1;0;SOLEIL;3;23.8;0
Rodez;44.35;2.57;19/09/2026;17:00;15.1;0;SOLEIL;2;24.8;0
Rodez;44.35;2.57;19/09/2026;18:00;15.1;0;SOLEIL;2;25.2;0
Rodez;44.35;2.57;19/09/2026;19:00;15.1;0;SOLEIL;2;24.8;0
Rodez;44.35;2.57;19/09/2026;20:00;14.1;0;SOLEIL;5;24.1;0
Rodez;44.35;2.57;19/09/2026;21:00;12.6;0;SOLEIL;5;22.3;0
Rodez;44.35;2.57;19/09/2026;22:00;11.1;0;SOLEIL;5;20.2;0
Rodez;44.35;2.57;19/09/2026;23:00;12.5;0;SOLEIL;3;19.1;0
Rodez;44.35;2.57;20/09/2026;00:00;12.5;0;SOLEIL;3;20.5;0
Rodez;44.35;2.57;20/09/2026;01:00;12.5;0;SOLEIL;3;23.4;0
Rodez;44.35;2.57;20/09/2026;02:00;10.9;2;NUAGEUX;5;24.1;0
Rodez;44.35;2.57;20/09/2026;03:00;10.9;2;NUAGEUX;5;20.9;0
Rodez;44.35;2.57;20/09/2026;04:00;10.9;2;NUAGEUX;5;16.2;0
Rodez;44.35;2.57;20/09/2026;05:00;13.2;2;NUAGEUX;2;12.2;0
Rodez;44.35;2.57;20/09/2026;06:00;13.2;2;NUAGEUX;2;10.4;0
Rodez;44.35;2.57;20/09/2026;07:00;13.2;2;NUAGEUX;2;9.7;0
Rodez;44.35;2.57;20/09/2026;08:00;13.7;2;NUAGEUX;5;10.4;0
Rodez;44.35;2.57;20/09/2026;09:00;15.2;2;NUAGEUX;5;13.7;0
Rodez;44.35;2.57;20/09/2026;10:00;16.6;2;NUAGEUX;5;18.7;0
Rodez;44.35;2.57;20/09/2026;11:00;22.7;2;NUAGEUX;4;23.4;0
Rodez;44.35;2.57;20/09/2026;12:00;22.7;2;NUAGEUX;4;27.0;0
Rodez;44.35;2.57;20/09/2026;13:00;22.7;2;NUAGEUX;4;29.9;0
Rodez;44.35;2.57;20/09/2026;14:00;22.3;2;NUAGEUX;5;32.4;0
Rodez;44.35;2.57;20/09/2026;15:00;23.7;2;NUAGEUX;5;34.6;0
Rodez;44.35;2.57;20/09/2026;16:00;22.3;2;NUAGEUX;5;36.0;0
Rodez;44.35;2.57;20/09/2026;17:00;16.1;2;NUAGEUX;3;37.1;0
Rodez;44.35;2.57;20/09/2026;18:00;16.1;2;NUAGEUX;3;36.4;0
Rodez;44.35;2.57;20/09/2026;19:00;16.1;2;NUAGEUX;3;34.9;0
Rodez;44.35;2.57;20/09/2026;20:00;16.6;2;NUAGEUX;5;35.3;0
Rodez;44.35;2.57;20/09/2026;21:00;15.2;2;NUAGEUX;5;39.2;0
Rodez;44.35;2.57;20/09/2026;22:00;13.7;2;NUAGEUX;5;44.6;0
Rodez;44.35;2.57;20/09/2026;23:00;12.7;0;SOLEIL;4;49.3;0
Rodez;44.35;2.57;21/09/2026;00:00;12.7;0;SOLEIL;4;51.8;0
Rodez;44.35;2.57;21/09/2026;01:00;12.7;0;SOLEIL;4;53.6;0
Rodez;44.35;2.57;21/09/2026;02:00;11;0;SOLEIL;5;55.8;0
Rodez;44.35;2.57;21/09/2026;03:00;11;0;SOLEIL;5;59.0;0
Rodez;44.35;2.57;21/09/2026;04:00;11;0;SOLEIL;5;62.6;0
Rodez;44.35;2.57;21/09/2026;05:00;12.1;0;SOLEIL;6;64.4;0
Rodez;44.35;2.57;21/09/2026;06:00;12.1;0;SOLEIL;6;61.7;0
Rodez;44.35;2.57;21/09/2026;07:00;12.1;0;SOLEIL;6;58.7;0
Rodez;44.35;2.57;21/09/2026;08:00;13.5;0;SOLEIL;5;57.0;0
Rodez;44.35;2.57;21/09/2026;09:00;14.7;0;SOLEIL;5;60.8;0
Rodez;44.35;2.57;21/09/2026;10:00;15.9;0;SOLEIL;5;58.0;0
Rodez;44.35;2.57;21/09/2026;11:00;21.1;0;SOLEIL;5;56.2;0
Rodez;44.35;2.57;21/09/2026;12:00;21.1;0;SOLEIL;5;55.8;0
Rodez;44.35;2.57;21/09/2026;13:00;21.1;0;SOLEIL;5;55.8;0
Rodez;44.35;2.57;21/09/2026;14:00;20.9;0;SOLEIL;5;55.8;0
Rodez;44.35;2.57;21/09/2026;15:00;22.1;0;SOLEIL;5;55.1;0
Rodez;44.35;2.57;21/09/2026;16:00;20.9;0;SOLEIL;5;54.4;0
Rodez;44.35;2.57;21/09/2026;17:00;14.6;0;SOLEIL;6;54.4;0
Rodez;44.35;2.57;21/09/2026;18:00;14.6;0;SOLEIL;6;54.0;0
Rodez;44.35;2.57;21/09/2026;19:00;14.6;0;SOLEIL;6;54.0;0
Rodez;44.35;2.57;21/09/2026;20:00;15.9;0;SOLEIL;5;57.6;0
Rodez;44.35;2.57;21/09/2026;21:00;14.7;0;SOLEIL;5;68.0;0
Rodez;44.35;2.57;21/09/2026;22:00;13.5;0;SOLEIL;5;81.7;0
Rodez;44.35;2.57;21/09/2026;23:00;11.5;0;SOLEIL;8;91.1;0
Saint-Affrique;43.96;2.88;17/09/2026;00:00;11.2;0;SOLEIL;2;14.0;0
Saint-Affrique;43.96;2.88;17/09/2026;01:00;10.7;0;SOLEIL;1;7.9;0
Saint-Affrique;43.96;2.88;17/09/2026;02:00;10.1;0;SOLEIL;1;4.3;0
Saint-Affrique;43.96;2.88;17/09/2026;03:00;8.9;0;SOLEIL;0;4.0;0
Saint-Affrique;43.96;2.88;17/09/2026;04:00;8.5;0;SOLEIL;1;3.6;0
Saint-Affrique;43.96;2.88;17/09/2026;05:00;7.3;0;SOLEIL;1;2.9;0
Saint-Affrique;43.96;2.88;17/09/2026;06:00;7.1;0;SOLEIL;1;2.2;0
Saint-Affrique;43.96;2.88;17/09/2026;07:00;9.6;0;SOLEIL;1;4.0;0
Saint-Affrique;43.96;2.88;17/09/2026;08:00;13.2;0;SOLEIL;1;4.0;0
Saint-Affrique;43.96;2.88;17/09/2026;09:00;17.2;0;SOLEIL;3;4.0;0
Saint-Affrique;43.96;2.88;17/09/2026;10:00;18.1;0;SOLEIL;4;8.3;0
Saint-Affrique;43.96;2.88;17/09/2026;11:00;19.5;0;SOLEIL;4;16.2;0
Saint-Affrique;43.96;2.88;17/09/2026;12:00;20.2;0;SOLEIL;4;29.9;0
Saint-Affrique;43.96;2.88;17/09/2026;13:00;21.6;0;SOLEIL;4;31.3;0
Saint-Affrique;43.96;2.88;17/09/2026;14:00;21.8;0;SOLEIL;5;28.1;0
Saint-Affrique;43.96;2.88;17/09/2026;15:00;20.9;0;SOLEIL;5;29.9;0
Saint-Affrique;43.96;2.88;17/09/2026;16:00;21.4;0;SOLEIL;5;30.2;0
Saint-Affrique;43.96;2.88;17/09/2026;17:00;20.3;5;SOLEIL VOILÉ;4;29.9;0
Saint-Affrique;43.96;2.88;17/09/2026;18:00;17.6;5;SOLEIL VOILÉ;3;32.0;0
Saint-Affrique;43.96;2.88;17/09/2026;19:00;16.3;5;SOLEIL VOILÉ;3;32.8;0
Saint-Affrique;43.96;2.88;17/09/2026;20:00;15;0;SOLEIL;3;31.3;0
Saint-Affrique;43.96;2.88;17/09/2026;21:00;14.1;0;SOLEIL;2;16.2;0
Saint-Affrique;43.96;2.88;17/09/2026;22:00;13.1;5;SOLEIL VOILÉ;2;9.4;0
Saint-Affrique;43.96;2.88;17/09/2026;23:00;12.4;5;SOLEIL VOILÉ;2;7.6;0
Saint-Affrique;43.96;2.88;18/09/2026;00:00;11.1;5;SOLEIL VOILÉ;2;4.0;0
Saint-Affrique;43.96;2.88;18/09/2026;01:00;11.1;5;SOLEIL VOILÉ;2;4.7;0
Saint-Affrique;43.96;2.88;18/09/2026;02:00;11.2;5;SOLEIL VOILÉ;3;4.0;0
Saint-Affrique;43.96;2.88;18/09/2026;03:00;11.2;5;SOLEIL VOILÉ;3;3.2;0
Saint-Affrique;43.96;2.88;18/09/2026;04:00;11.2;5;SOLEIL VOILÉ;3;3.2;0
Saint-Affrique;43.96;2.88;18/09/2026;05:00;10.1;0;SOLEIL;2;3.2;0
Saint-Affrique;43.96;2.88;18/09/2026;06:00;10.1;0;SOLEIL;2;3.6;0
Saint-Affrique;43.96;2.88;18/09/2026;07:00;10.1;0;SOLEIL;2;4.0;0
Saint-Affrique;43.96;2.88;18/09/2026;08:00;15.6;2;NUAGEUX;3;3.6;0
Saint-Affrique;43.96;2.88;18/09/2026;09:00;15.6;2;NUAGEUX;3;4.0;0
Saint-Affrique;43.96;2.88;18/09/2026;10:00;15.6;2;NUAGEUX;3;10.4;0
Saint-Affrique;43.96;2.88;18/09/2026;11:00;17.9;2;NUAGEUX;4;18.4;0
Saint-Affrique;43.96;2.88;18/09/2026;12:00;17.9;2;NUAGEUX;4;22.8;0
Saint-Affrique;43.96;2.88;18/09/2026;13:00;17.9;2;NUAGEUX;4;29.3;0
Saint-Affrique;43.96;2.88;18/09/2026;14:00;19.6;0;SOLEIL;4;30.7;0
Saint-Affrique;43.96;2.88;18/09/2026;15:00;19.6;0;SOLEIL;4;30.2;0
Saint-Affrique;43.96;2.88;18/09/2026;16:00;19.6;0;SOLEIL;4;30.2;0
Saint-Affrique;43.96;2.88;18/09/2026;17:00;16.6;0;SOLEIL;3;31.0;0
Saint-Affrique;43.96;2.88;18/09/2026;18:00;16.6;0;SOLEIL;3;32.4;0
Saint-Affrique;43.96;2.88;18/09/2026;19:00;16.6;0;SOLEIL;3;31.0;0
Saint-Affrique;43.96;2.88;18/09/2026;20:00;13;0;SOLEIL;2;25.9;0
Saint-Affrique;43.96;2.88;18/09/2026;21:00;13;0;SOLEIL;2;18.4;0
Saint-Affrique;43.96;2.88;18/09/2026;22:00;13;0;SOLEIL;2;6.1;0
Saint-Affrique;43.96;2.88;18/09/2026;23:00;10.7;0;SOLEIL;2;5.8;0
Saint-Affrique;43.96;2.88;19/09/2026;00:00;10.7;0;SOLEIL;2;5.0;0
Saint-Affrique;43.96;2.88;19/09/2026;01:00;10.7;0;SOLEIL;2;5.0;0
Saint-Affrique;43.96;2.88;19/09/2026;02:00;9.6;0;SOLEIL;1;4.7;0
Saint-Affrique;43.96;2.88;19/09/2026;03:00;9.6;0;SOLEIL;1;3.6;0
Saint-Affrique;43.96;2.88;19/09/2026;04:00;9.6;0;SOLEIL;1;2.2;0
Saint-Affrique;43.96;2.88;19/09/2026;05:00;9;0;SOLEIL;1;4.0;0
Saint-Affrique;43.96;2.88;19/09/2026;06:00;9;0;SOLEIL;1;4.7;0
Saint-Affrique;43.96;2.88;19/09/2026;07:00;9;0;SOLEIL;1;4.7;0
Saint-Affrique;43.96;2.88;19/09/2026;08:00;17.6;0;SOLEIL;2;6.8;0
Saint-Affrique;43.96;2.88;19/09/2026;09:00;17.6;0;SOLEIL;2;6.8;0
Saint-Affrique;43.96;2.88;19/09/2026;10:00;17.6;0;SOLEIL;2;7.6;0
Saint-Affrique;43.96;2.88;19/09/2026;11:00;22.1;0;SOLEIL;2;14.0;0
Saint-Affrique;43.96;2.88;19/09/2026;12:00;22.1;0;SOLEIL;2;17.3;0
Saint-Affrique;43.96;2.88;19/09/2026;13:00;22.1;0;SOLEIL;2;23.0;0
Saint-Affrique;43.96;2.88;19/09/2026;14:00;23.5;0;SOLEIL;3;23.8;0
Saint-Affrique;43.96;2.88;19/09/2026;15:00;23.5;0;SOLEIL;3;24.5;0
Saint-Affrique;43.96;2.88;19/09/2026;16:00;23.5;0;SOLEIL;3;23.8;0
Saint-Affrique;43.96;2.88;19/09/2026;17:00;19.6;0;SOLEIL;3;22.7;0
Saint-Affrique;43.96;2.88;19/09/2026;18:00;19.6;0;SOLEIL;3;21.2;0
Saint-Affrique;43.96;2.88;19/09/2026;19:00;19.6;0;SOLEIL;3;19.1;0
Saint-Affrique;43.96;2.88;19/09/2026;20:00;15.4;0;SOLEIL;5;16.2;0
Saint-Affrique;43.96;2.88;19/09/2026;21:00;13.6;0;SOLEIL;5;12.2;0
Saint-Affrique;43.96;2.88;19/09/2026;22:00;11.9;0;SOLEIL;5;7.6;0
Saint-Affrique;43.96;2.88;19/09/2026;23:00;12.9;0;SOLEIL;2;4.7;0
Saint-Affrique;43.96;2.88;20/09/2026;00:00;12.9;0;SOLEIL;2;4.7;0
Saint-Affrique;43.96;2.88;20/09/2026;01:00;12.9;0;SOLEIL;2;6.5;0
Saint-Affrique;43.96;2.88;20/09/2026;02:00;8.2;2;NUAGEUX;5;7.9;0
Saint-Affrique;43.96;2.88;20/09/2026;03:00;8.2;2;NUAGEUX;5;7.6;0
Saint-Affrique;43.96;2.88;20/09/2026;04:00;8.2;2;NUAGEUX;5;6.8;0
Saint-Affrique;43.96;2.88;20/09/2026;05:00;9.1;0;SOLEIL;1;6.5;0
Saint-Affrique;43.96;2.88;20/09/2026;06:00;9.1;0;SOLEIL;1;6.5;0
Saint-Affrique;43.96;2.88;20/09/2026;07:00;9.1;0;SOLEIL;1;6.8;0
Saint-Affrique;43.96;2.88;20/09/2026;08:00;12.2;2;NUAGEUX;5;7.6;0
Saint-Affrique;43.96;2.88;20/09/2026;09:00;14.2;2;NUAGEUX;5;8.6;0
Saint-Affrique;43.96;2.88;20/09/2026;10:00;16.2;2;NUAGEUX;5;9.7;0
Saint-Affrique;43.96;2.88;20/09/2026;11:00;24.1;2;NUAGEUX;4;12.6;0
Saint-Affrique;43.96;2.88;20/09/2026;12:00;24.1;2;NUAGEUX;4;17.6;0
Saint-Affrique;43.96;2.88;20/09/2026;13:00;24.1;2;NUAGEUX;4;24.1;0
Saint-Affrique;43.96;2.88;20/09/2026;14:00;24.1;2;NUAGEUX;5;29.5;0
Saint-Affrique;43.96;2.88;20/09/2026;15:00;26.1;2;NUAGEUX;5;32.8;0
Saint-Affrique;43.96;2.88;20/09/2026;16:00;24.1;2;NUAGEUX;5;34.9;0
Saint-Affrique;43.96;2.88;20/09/2026;17:00;20.6;2;NUAGEUX;4;35.6;0
Saint-Affrique;43.96;2.88;20/09/2026;18:00;20.6;2;NUAGEUX;4;34.9;0
Saint-Affrique;43.96;2.88;20/09/2026;19:00;20.6;2;NUAGEUX;4;33.1;0
Saint-Affrique;43.96;2.88;20/09/2026;20:00;16.2;2;NUAGEUX;5;29.5;0
Saint-Affrique;43.96;2.88;20/09/2026;21:00;14.2;2;NUAGEUX;5;23.4;0
Saint-Affrique;43.96;2.88;20/09/2026;22:00;12.2;2;NUAGEUX;5;15.8;0
Saint-Affrique;43.96;2.88;20/09/2026;23:00;13.6;0;SOLEIL;3;9.7;0
Saint-Affrique;43.96;2.88;21/09/2026;00:00;13.6;0;SOLEIL;3;6.8;0
Saint-Affrique;43.96;2.88;21/09/2026;01:00;13.6;0;SOLEIL;3;5.8;0
Saint-Affrique;43.96;2.88;21/09/2026;02:00;9.7;0;SOLEIL;5;5.0;0
Saint-Affrique;43.96;2.88;21/09/2026;03:00;9.7;0;SOLEIL;5;4.7;0
Saint-Affrique;43.96;2.88;21/09/2026;04:00;9.7;0;SOLEIL;5;5.0;0
Saint-Affrique;43.96;2.88;21/09/2026;05:00;10.4;0;SOLEIL;3;5.4;0
Saint-Affrique;43.96;2.88;21/09/2026;06:00;10.4;0;SOLEIL;3;7.9;0
Saint-Affrique;43.96;2.88;21/09/2026;07:00;10.4;0;SOLEIL;3;10.6;0
Saint-Affrique;43.96;2.88;21/09/2026;08:00;13.6;0;SOLEIL;5;13.2;0
Saint-Affrique;43.96;2.88;21/09/2026;09:00;15.6;0;SOLEIL;5;13.7;0
Saint-Affrique;43.96;2.88;21/09/2026;10:00;17.6;0;SOLEIL;5;18.4;0
Saint-Affrique;43.96;2.88;21/09/2026;11:00;25;0;SOLEIL;4;23.8;0
Saint-Affrique;43.96;2.88;21/09/2026;12:00;25;0;SOLEIL;4;29.9;0
Saint-Affrique;43.96;2.88;21/09/2026;13:00;25;0;SOLEIL;4;36.7;0
Saint-Affrique;43.96;2.88;21/09/2026;14:00;25.4;0;SOLEIL;5;41.8;0
Saint-Affrique;43.96;2.88;21/09/2026;15:00;27.4;0;SOLEIL;5;44.3;0
Saint-Affrique;43.96;2.88;21/09/2026;16:00;25.4;0;SOLEIL;5;45.0;0
Saint-Affrique;43.96;2.88;21/09/2026;17:00;20.9;0;SOLEIL;4;44.6;0
Saint-Affrique;43.96;2.88;21/09/2026;18:00;20.9;0;SOLEIL;4;42.8;0
Saint-Affrique;43.96;2.88;21/09/2026;19:00;20.9;0;SOLEIL;4;40.0;0
Saint-Affrique;43.96;2.88;21/09/2026;20:00;17.6;0;SOLEIL;5;36.7;0
Saint-Affrique;43.96;2.88;21/09/2026;21:00;15.6;0;SOLEIL;5;32.8;0
Saint-Affrique;43.96;2.88;21/09/2026;22:00;13.6;0;SOLEIL;5;28.8;0
Saint-Affrique;43.96;2.88;21/09/2026;23:00;12;0;SOLEIL;2;25.2;0
Alès;44.12;4.08;17/09/2026;00:00;14.5;0;SOLEIL;2;13.3;0
Alès;44.12;4.08;17/09/2026;01:00;13.6;0;SOLEIL;2;14.0;0
Alès;44.12;4.08;17/09/2026;02:00;12.9;0;SOLEIL;2;12.2;0
Alès;44.12;4.08;17/09/2026;03:00;12.1;0;SOLEIL;2;9.7;0
Alès;44.12;4.08;17/09/2026;04:00;11.6;0;SOLEIL;2;9.0;0
Alès;44.12;4.08;17/09/2026;05:00;11;0;SOLEIL;2;9.0;0
Alès;44.12;4.08;17/09/2026;06:00;10.5;0;SOLEIL;2;9.4;0
Alès;44.12;4.08;17/09/2026;07:00;12.9;0;SOLEIL;2;9.0;0
Alès;44.12;4.08;17/09/2026;08:00;16.6;0;SOLEIL;2;9.0;0
Alès;44.12;4.08;17/09/2026;09:00;19.9;0;SOLEIL;3;11.5;0
Alès;44.12;4.08;17/09/2026;10:00;21.2;0;SOLEIL;4;18.4;0
Alès;44.12;4.08;17/09/2026;11:00;23.6;0;SOLEIL;4;24.1;0
Alès;44.12;4.08;17/09/2026;12:00;24;0;SOLEIL;4;38.5;0
Alès;44.12;4.08;17/09/2026;13:00;25.1;0;SOLEIL;4;39.6;0
Alès;44.12;4.08;17/09/2026;14:00;24.9;0;SOLEIL;4;37.4;0
Alès;44.12;4.08;17/09/2026;15:00;24.5;0;SOLEIL;4;37.1;0
Alès;44.12;4.08;17/09/2026;16:00;24.6;0;SOLEIL;4;37.4;0
Alès;44.12;4.08;17/09/2026;17:00;23.1;0;SOLEIL;4;41.8;0
Alès;44.12;4.08;17/09/2026;18:00;21;0;SOLEIL;3;36.7;0
Alès;44.12;4.08;17/09/2026;19:00;18.9;0;SOLEIL;3;40.3;0
Alès;44.12;4.08;17/09/2026;20:00;17;0;SOLEIL;2;28.4;0
Alès;44.12;4.08;17/09/2026;21:00;16;0;SOLEIL;2;25.9;0
Alès;44.12;4.08;17/09/2026;22:00;16.5;0;SOLEIL;2;18.0;0
Alès;44.12;4.08;17/09/2026;23:00;15.6;0;SOLEIL;2;14.0;0
Alès;44.12;4.08;18/09/2026;00:00;14.6;5;SOLEIL VOILÉ;2;10.4;0
Alès;44.12;4.08;18/09/2026;01:00;14.6;5;SOLEIL VOILÉ;2;9.0;0
Alès;44.12;4.08;18/09/2026;02:00;11.6;5;SOLEIL VOILÉ;2;7.9;0
Alès;44.12;4.08;18/09/2026;03:00;11.6;5;SOLEIL VOILÉ;2;7.2;0
Alès;44.12;4.08;18/09/2026;04:00;11.6;5;SOLEIL VOILÉ;2;9.7;0
Alès;44.12;4.08;18/09/2026;05:00;11.9;5;SOLEIL VOILÉ;2;9.7;0
Alès;44.12;4.08;18/09/2026;06:00;11.9;5;SOLEIL VOILÉ;2;10.1;0
Alès;44.12;4.08;18/09/2026;07:00;11.9;5;SOLEIL VOILÉ;2;10.1;0
Alès;44.12;4.08;18/09/2026;08:00;19;0;SOLEIL;4;8.6;0
Alès;44.12;4.08;18/09/2026;09:00;19;0;SOLEIL;4;8.3;0
Alès;44.12;4.08;18/09/2026;10:00;19;0;SOLEIL;4;16.2;0
Alès;44.12;4.08;18/09/2026;11:00;22.4;2;NUAGEUX;5;25.2;0
Alès;44.12;4.08;18/09/2026;12:00;22.4;2;NUAGEUX;5;33.8;0
Alès;44.12;4.08;18/09/2026;13:00;22.4;2;NUAGEUX;5;37.6;0
Alès;44.12;4.08;18/09/2026;14:00;22.9;0;SOLEIL;5;40.9;0
Alès;44.12;4.08;18/09/2026;15:00;22.9;0;SOLEIL;5;42.5;0
Alès;44.12;4.08;18/09/2026;16:00;22.9;0;SOLEIL;5;44.6;0
Alès;44.12;4.08;18/09/2026;17:00;20;0;SOLEIL;4;42.5;0
Alès;44.12;4.08;18/09/2026;18:00;20;0;SOLEIL;4;42.1;0
Alès;44.12;4.08;18/09/2026;19:00;20;0;SOLEIL;4;39.2;0
Alès;44.12;4.08;18/09/2026;20:00;15.1;0;SOLEIL;2;35.3;0
Alès;44.12;4.08;18/09/2026;21:00;15.1;0;SOLEIL;2;20.5;0
Alès;44.12;4.08;18/09/2026;22:00;15.1;0;SOLEIL;2;10.8;0
Alès;44.12;4.08;18/09/2026;23:00;12.1;0;SOLEIL;1;6.1;0
Alès;44.12;4.08;19/09/2026;00:00;12.1;0;SOLEIL;1;5.8;0
Alès;44.12;4.08;19/09/2026;01:00;12.1;0;SOLEIL;1;4.3;0
Alès;44.12;4.08;19/09/2026;02:00;10.9;0;SOLEIL;1;3.6;0
Alès;44.12;4.08;19/09/2026;03:00;10.9;0;SOLEIL;1;3.6;0
Alès;44.12;4.08;19/09/2026;04:00;10.9;0;SOLEIL;1;4.7;0
Alès;44.12;4.08;19/09/2026;05:00;9.2;0;SOLEIL;0;5.8;0
Alès;44.12;4.08;19/09/2026;06:00;9.2;0;SOLEIL;0;8.3;0
Alès;44.12;4.08;19/09/2026;07:00;9.2;0;SOLEIL;0;8.6;0
Alès;44.12;4.08;19/09/2026;08:00;18.1;0;SOLEIL;2;7.6;0
Alès;44.12;4.08;19/09/2026;09:00;18.1;0;SOLEIL;2;7.2;0
Alès;44.12;4.08;19/09/2026;10:00;18.1;0;SOLEIL;2;6.8;0
Alès;44.12;4.08;19/09/2026;11:00;25;0;SOLEIL;3;13.7;0
Alès;44.12;4.08;19/09/2026;12:00;25;0;SOLEIL;3;18.4;0
Alès;44.12;4.08;19/09/2026;13:00;25;0;SOLEIL;3;20.5;0
Alès;44.12;4.08;19/09/2026;14:00;27.4;0;SOLEIL;3;25.2;0
Alès;44.12;4.08;19/09/2026;15:00;27.4;0;SOLEIL;3;25.9;0
Alès;44.12;4.08;19/09/2026;16:00;27.4;0;SOLEIL;3;25.6;0
Alès;44.12;4.08;19/09/2026;17:00;22.9;0;SOLEIL;2;24.8;0
Alès;44.12;4.08;19/09/2026;18:00;22.9;0;SOLEIL;2;24.8;0
Alès;44.12;4.08;19/09/2026;19:00;22.9;0;SOLEIL;2;24.1;0
Alès;44.12;4.08;19/09/2026;20:00;17.2;0;SOLEIL;5;22.0;0
Alès;44.12;4.08;19/09/2026;21:00;15.0;0;SOLEIL;5;15.8;0
Alès;44.12;4.08;19/09/2026;22:00;12.9;0;SOLEIL;5;7.6;0
Alès;44.12;4.08;19/09/2026;23:00;14.5;0;SOLEIL;1;2.2;0
Alès;44.12;4.08;20/09/2026;00:00;14.5;0;SOLEIL;1;1.8;0
Alès;44.12;4.08;20/09/2026;01:00;14.5;0;SOLEIL;1;3.6;0
Alès;44.12;4.08;20/09/2026;02:00;9.5;2;NUAGEUX;5;5.8;0
Alès;44.12;4.08;20/09/2026;03:00;9.5;2;NUAGEUX;5;6.8;0
Alès;44.12;4.08;20/09/2026;04:00;9.5;2;NUAGEUX;5;8.3;0
Alès;44.12;4.08;20/09/2026;05:00;10.5;0;SOLEIL;0;9.0;0
Alès;44.12;4.08;20/09/2026;06:00;10.5;0;SOLEIL;0;9.4;0
Alès;44.12;4.08;20/09/2026;07:00;10.5;0;SOLEIL;0;9.0;0
Alès;44.12;4.08;20/09/2026;08:00;13.9;2;NUAGEUX;5;9.4;0
Alès;44.12;4.08;20/09/2026;09:00;16.2;2;NUAGEUX;5;9.7;0
Alès;44.12;4.08;20/09/2026;10:00;18.4;2;NUAGEUX;5;10.8;0
Alès;44.12;4.08;20/09/2026;11:00;27.6;2;NUAGEUX;5;13.7;0
Alès;44.12;4.08;20/09/2026;12:00;27.6;2;NUAGEUX;5;20.9;0
Alès;44.12;4.08;20/09/2026;13:00;27.6;2;NUAGEUX;5;30.2;0
Alès;44.12;4.08;20/09/2026;14:00;27.3;2;NUAGEUX;5;37.1;0
Alès;44.12;4.08;20/09/2026;15:00;29.5;2;NUAGEUX;5;40.0;0
Alès;44.12;4.08;20/09/2026;16:00;27.3;2;NUAGEUX;5;40.7;0
Alès;44.12;4.08;20/09/2026;17:00;23.4;2;NUAGEUX;4;40.3;0
Alès;44.12;4.08;20/09/2026;18:00;23.4;2;NUAGEUX;4;39.6;0
Alès;44.12;4.08;20/09/2026;19:00;23.4;2;NUAGEUX;4;37.8;0
Alès;44.12;4.08;20/09/2026;20:00;18.4;2;NUAGEUX;5;34.2;0
Alès;44.12;4.08;20/09/2026;21:00;16.2;2;NUAGEUX;5;27.0;0
Alès;44.12;4.08;20/09/2026;22:00;13.9;2;NUAGEUX;5;17.6;0
Alès;44.12;4.08;20/09/2026;23:00;15.6;0;SOLEIL;3;10.4;0
Alès;44.12;4.08;21/09/2026;00:00;15.6;0;SOLEIL;3;7.6;0
Alès;44.12;4.08;21/09/2026;01:00;15.6;0;SOLEIL;3;6.5;0
Alès;44.12;4.08;21/09/2026;02:00;10.6;0;SOLEIL;5;6.1;0
Alès;44.12;4.08;21/09/2026;03:00;10.6;0;SOLEIL;5;5.4;0
Alès;44.12;4.08;21/09/2026;04:00;10.6;0;SOLEIL;5;5.0;0
Alès;44.12;4.08;21/09/2026;05:00;11.6;0;SOLEIL;2;4.7;0
Alès;44.12;4.08;21/09/2026;06:00;11.6;0;SOLEIL;2;3.8;0
Alès;44.12;4.08;21/09/2026;07:00;11.6;0;SOLEIL;2;3.4;0
Alès;44.12;4.08;21/09/2026;08:00;14.9;0;SOLEIL;5;3.3;0
Alès;44.12;4.08;21/09/2026;09:00;17.1;0;SOLEIL;5;5.0;0
Alès;44.12;4.08;21/09/2026;10:00;19.2;0;SOLEIL;5;9.7;0
Alès;44.12;4.08;21/09/2026;11:00;27.5;0;SOLEIL;5;15.1;0
Alès;44.12;4.08;21/09/2026;12:00;27.5;0;SOLEIL;5;21.2;0
Alès;44.12;4.08;21/09/2026;13:00;27.5;0;SOLEIL;5;27.7;0
Alès;44.12;4.08;21/09/2026;14:00;27.8;0;SOLEIL;5;32.8;0
Alès;44.12;4.08;21/09/2026;15:00;30.0;0;SOLEIL;5;36.0;0
Alès;44.12;4.08;21/09/2026;16:00;27.8;0;SOLEIL;5;37.8;0
Alès;44.12;4.08;21/09/2026;17:00;24;0;SOLEIL;3;38.5;0
Alès;44.12;4.08;21/09/2026;18:00;24;0;SOLEIL;3;37.8;0
Alès;44.12;4.08;21/09/2026;19:00;24;0;SOLEIL;3;36.0;0
Alès;44.12;4.08;21/09/2026;20:00;19.2;0;SOLEIL;5;32.0;0
Alès;44.12;4.08;21/09/2026;21:00;17.1;0;SOLEIL;5;24.1;0
Alès;44.12;4.08;21/09/2026;22:00;14.9;0;SOLEIL;5;14.0;0
Alès;44.12;4.08;21/09/2026;23:00;14;0;SOLEIL;0;6.8;0
Nîmes;43.83;4.36;17/09/2026;00:00;18.9;5;SOLEIL VOILÉ;4;28.1;0
Nîmes;43.83;4.36;17/09/2026;01:00;18;0;SOLEIL;4;26.6;0
Nîmes;43.83;4.36;17/09/2026;02:00;17;0;SOLEIL;4;28.4;0
Nîmes;43.83;4.36;17/09/2026;03:00;17.9;0;SOLEIL;4;25.6;0
Nîmes;43.83;4.36;17/09/2026;04:00;17;0;SOLEIL;4;21.6;0
Nîmes;43.83;4.36;17/09/2026;05:00;17.2;0;SOLEIL;4;18.7;0
Nîmes;43.83;4.36;17/09/2026;06:00;17.2;0;SOLEIL;4;20.9;0
Nîmes;43.83;4.36;17/09/2026;07:00;20.2;0;SOLEIL;4;24.5;0
Nîmes;43.83;4.36;17/09/2026;08:00;22.1;0;SOLEIL;4;24.1;0
Nîmes;43.83;4.36;17/09/2026;09:00;23.7;0;SOLEIL;4;24.1;0
Nîmes;43.83;4.36;17/09/2026;10:00;25.4;0;SOLEIL;3;30.6;0
Nîmes;43.83;4.36;17/09/2026;11:00;26.7;0;SOLEIL;3;33.8;0
Nîmes;43.83;4.36;17/09/2026;12:00;27.9;0;SOLEIL;4;31.3;0
Nîmes;43.83;4.36;17/09/2026;13:00;28.4;0;SOLEIL;3;27.0;0
Nîmes;43.83;4.36;17/09/2026;14:00;28.9;0;SOLEIL;3;27.4;0
Nîmes;43.83;4.36;17/09/2026;15:00;28.7;0;SOLEIL;3;23.0;0
Nîmes;43.83;4.36;17/09/2026;16:00;27.7;0;SOLEIL;4;20.9;0
Nîmes;43.83;4.36;17/09/2026;17:00;26.4;0;SOLEIL;4;29.5;0
Nîmes;43.83;4.36;17/09/2026;18:00;24.5;0;SOLEIL;3;31.7;0
Nîmes;43.83;4.36;17/09/2026;19:00;22.8;0;SOLEIL;3;33.5;0
Nîmes;43.83;4.36;17/09/2026;20:00;21.1;0;SOLEIL;3;29.5;0
Nîmes;43.83;4.36;17/09/2026;21:00;20;0;SOLEIL;3;24.5;0
Nîmes;43.83;4.36;17/09/2026;22:00;19.1;0;SOLEIL;3;22.3;0
Nîmes;43.83;4.36;17/09/2026;23:00;18.6;0;SOLEIL;3;20.5;0
Nîmes;43.83;4.36;18/09/2026;00:00;18.4;0;SOLEIL;3;15.5;0
Nîmes;43.83;4.36;18/09/2026;01:00;18.4;0;SOLEIL;3;13.0;0
Nîmes;43.83;4.36;18/09/2026;02:00;16.2;5;SOLEIL VOILÉ;2;11.9;0
Nîmes;43.83;4.36;18/09/2026;03:00;16.2;5;SOLEIL VOILÉ;2;10.1;0
Nîmes;43.83;4.36;18/09/2026;04:00;16.2;5;SOLEIL VOILÉ;2;9.7;0
Nîmes;43.83;4.36;18/09/2026;05:00;16.2;5;SOLEIL VOILÉ;3;9.4;0
Nîmes;43.83;4.36;18/09/2026;06:00;16.2;5;SOLEIL VOILÉ;3;13.0;0
Nîmes;43.83;4.36;18/09/2026;07:00;16.2;5;SOLEIL VOILÉ;3;18.0;0
Nîmes;43.83;4.36;18/09/2026;08:00;24.9;0;SOLEIL;3;18.7;0
Nîmes;43.83;4.36;18/09/2026;09:00;24.9;0;SOLEIL;3;22.0;0
Nîmes;43.83;4.36;18/09/2026;10:00;24.9;0;SOLEIL;3;30.6;0
Nîmes;43.83;4.36;18/09/2026;11:00;28.6;0;SOLEIL;4;32.0;0
Nîmes;43.83;4.36;18/09/2026;12:00;28.6;0;SOLEIL;4;28.1;0
Nîmes;43.83;4.36;18/09/2026;13:00;28.6;0;SOLEIL;4;26.5;0
Nîmes;43.83;4.36;18/09/2026;14:00;28.6;0;SOLEIL;4;28.0;0
Nîmes;43.83;4.36;18/09/2026;15:00;28.6;0;SOLEIL;4;32.0;0
Nîmes;43.83;4.36;18/09/2026;16:00;28.6;0;SOLEIL;4;31.7;0
Nîmes;43.83;4.36;18/09/2026;17:00;25;0;SOLEIL;4;33.5;0
Nîmes;43.83;4.36;18/09/2026;18:00;25;0;SOLEIL;4;33.1;0
Nîmes;43.83;4.36;18/09/2026;19:00;25;0;SOLEIL;4;32.4;0
Nîmes;43.83;4.36;18/09/2026;20:00;21.2;0;SOLEIL;4;25.6;0
Nîmes;43.83;4.36;18/09/2026;21:00;21.2;0;SOLEIL;4;18.0;0
Nîmes;43.83;4.36;18/09/2026;22:00;21.2;0;SOLEIL;4;16.9;0
Nîmes;43.83;4.36;18/09/2026;23:00;17.6;0;SOLEIL;3;11.5;0
Nîmes;43.83;4.36;19/09/2026;00:00;17.6;0;SOLEIL;3;11.2;0
Nîmes;43.83;4.36;19/09/2026;01:00;17.6;0;SOLEIL;3;11.9;0
Nîmes;43.83;4.36;19/09/2026;02:00;16.1;0;SOLEIL;3;11.9;0
Nîmes;43.83;4.36;19/09/2026;03:00;16.1;0;SOLEIL;3;12.2;0
Nîmes;43.83;4.36;19/09/2026;04:00;16.1;0;SOLEIL;3;12.2;0
Nîmes;43.83;4.36;19/09/2026;05:00;15.9;0;SOLEIL;3;12.2;0
Nîmes;43.83;4.36;19/09/2026;06:00;15.9;0;SOLEIL;3;11.9;0
Nîmes;43.83;4.36;19/09/2026;07:00;15.9;0;SOLEIL;3;12.2;0
Nîmes;43.83;4.36;19/09/2026;08:00;24.1;0;SOLEIL;3;12.2;0
Nîmes;43.83;4.36;19/09/2026;09:00;24.1;0;SOLEIL;3;11.9;0
Nîmes;43.83;4.36;19/09/2026;10:00;24.1;0;SOLEIL;3;9.7;0
Nîmes;43.83;4.36;19/09/2026;11:00;28.7;0;SOLEIL;3;19.8;0
Nîmes;43.83;4.36;19/09/2026;12:00;28.7;0;SOLEIL;3;28.8;0
Nîmes;43.83;4.36;19/09/2026;13:00;28.7;0;SOLEIL;3;29.2;0
Nîmes;43.83;4.36;19/09/2026;14:00;30;0;SOLEIL;2;28.1;0
Nîmes;43.83;4.36;19/09/2026;15:00;30;0;SOLEIL;2;27.0;0
Nîmes;43.83;4.36;19/09/2026;16:00;30;0;SOLEIL;2;23.8;0
Nîmes;43.83;4.36;19/09/2026;17:00;25.5;0;SOLEIL;3;20.5;0
Nîmes;43.83;4.36;19/09/2026;18:00;25.5;0;SOLEIL;3;16.6;0
Nîmes;43.83;4.36;19/09/2026;19:00;25.5;0;SOLEIL;3;11.9;0
Nîmes;43.83;4.36;19/09/2026;20:00;22.2;0;SOLEIL;5;9.0;0
Nîmes;43.83;4.36;19/09/2026;21:00;20.4;0;SOLEIL;5;8.6;0
Nîmes;43.83;4.36;19/09/2026;22:00;18.7;0;SOLEIL;5;10.1;0
Nîmes;43.83;4.36;19/09/2026;23:00;16.7;0;SOLEIL;2;11.2;0
Nîmes;43.83;4.36;20/09/2026;00:00;16.7;0;SOLEIL;2;11.5;0
Nîmes;43.83;4.36;20/09/2026;01:00;16.7;0;SOLEIL;2;11.9;0
Nîmes;43.83;4.36;20/09/2026;02:00;12.2;2;NUAGEUX;5;11.9;0
Nîmes;43.83;4.36;20/09/2026;03:00;12.2;2;NUAGEUX;5;11.5;0
Nîmes;43.83;4.36;20/09/2026;04:00;12.2;2;NUAGEUX;5;11.2;0
Nîmes;43.83;4.36;20/09/2026;05:00;14.2;0;SOLEIL;1;10.8;0
Nîmes;43.83;4.36;20/09/2026;06:00;14.2;0;SOLEIL;1;10.8;0
Nîmes;43.83;4.36;20/09/2026;07:00;14.2;0;SOLEIL;1;10.8;0
Nîmes;43.83;4.36;20/09/2026;08:00;16.8;2;NUAGEUX;5;10.8;0
Nîmes;43.83;4.36;20/09/2026;09:00;19.2;2;NUAGEUX;5;10.8;0
Nîmes;43.83;4.36;20/09/2026;10:00;21.5;2;NUAGEUX;5;10.4;0
Nîmes;43.83;4.36;20/09/2026;11:00;31.4;2;NUAGEUX;2;11.2;0
Nîmes;43.83;4.36;20/09/2026;12:00;31.4;2;NUAGEUX;2;13.3;0
Nîmes;43.83;4.36;20/09/2026;13:00;31.4;2;NUAGEUX;2;16.2;0
Nîmes;43.83;4.36;20/09/2026;14:00;30.8;2;NUAGEUX;5;17.6;0
Nîmes;43.83;4.36;20/09/2026;15:00;33.1;2;NUAGEUX;5;16.2;0
Nîmes;43.83;4.36;20/09/2026;16:00;30.8;2;NUAGEUX;5;13.7;0
Nîmes;43.83;4.36;20/09/2026;17:00;26.1;2;NUAGEUX;3;12.6;0
Nîmes;43.83;4.36;20/09/2026;18:00;26.1;2;NUAGEUX;3;15.8;0
Nîmes;43.83;4.36;20/09/2026;19:00;26.1;2;NUAGEUX;3;20.5;0
Nîmes;43.83;4.36;20/09/2026;20:00;21.5;2;NUAGEUX;5;23.0;0
Nîmes;43.83;4.36;20/09/2026;21:00;19.2;2;NUAGEUX;5;20.5;0
Nîmes;43.83;4.36;20/09/2026;22:00;16.8;2;NUAGEUX;5;15.1;0
Nîmes;43.83;4.36;20/09/2026;23:00;20.5;0;SOLEIL;3;11.5;0
Nîmes;43.83;4.36;21/09/2026;00:00;20.5;0;SOLEIL;3;10.8;0
Nîmes;43.83;4.36;21/09/2026;01:00;20.5;0;SOLEIL;3;11.5;0
Nîmes;43.83;4.36;21/09/2026;02:00;16.7;0;SOLEIL;5;12.2;0
Nîmes;43.83;4.36;21/09/2026;03:00;16.7;0;SOLEIL;5;12.2;0
Nîmes;43.83;4.36;21/09/2026;04:00;16.7;0;SOLEIL;5;12.2;0
Nîmes;43.83;4.36;21/09/2026;05:00;17.9;0;SOLEIL;4;13.0;0
Nîmes;43.83;4.36;21/09/2026;06:00;17.9;0;SOLEIL;4;15.1;0
Nîmes;43.83;4.36;21/09/2026;07:00;17.9;0;SOLEIL;4;17.5;0
Nîmes;43.83;4.36;21/09/2026;08:00;19.8;0;SOLEIL;5;19.2;0
Nîmes;43.83;4.36;21/09/2026;09:00;21.3;0;SOLEIL;5;22.0;0
Nîmes;43.83;4.36;21/09/2026;10:00;22.9;0;SOLEIL;5;33.5;0
Nîmes;43.83;4.36;21/09/2026;11:00;29.1;0;SOLEIL;5;42.5;0
Nîmes;43.83;4.36;21/09/2026;12:00;29.1;0;SOLEIL;5;45.7;0
Nîmes;43.83;4.36;21/09/2026;13:00;29.1;0;SOLEIL;5;46.4;0
Nîmes;43.83;4.36;21/09/2026;14:00;29.1;0;SOLEIL;5;47.5;0
Nîmes;43.83;4.36;21/09/2026;15:00;30.6;0;SOLEIL;5;50.4;0
Nîmes;43.83;4.36;21/09/2026;16:00;29.1;0;SOLEIL;5;53.3;0
Nîmes;43.83;4.36;21/09/2026;17:00;24.2;0;SOLEIL;4;54.7;0
Nîmes;43.83;4.36;21/09/2026;18:00;24.2;0;SOLEIL;4;53.6;0
Nîmes;43.83;4.36;21/09/2026;19:00;24.2;0;SOLEIL;4;50.4;0
Nîmes;43.83;4.36;21/09/2026;20:00;22.9;0;SOLEIL;5;45.7;0
Nîmes;43.83;4.36;21/09/2026;21:00;21.3;0;SOLEIL;5;38.2;0
Nîmes;43.83;4.36;21/09/2026;22:00;19.8;0;SOLEIL;5;28.8;0
Nîmes;43.83;4.36;21/09/2026;23:00;19.6;0;SOLEIL;5;22.0;0
Saint-Gaudens;43.1;0.72;17/09/2026;00:00;20.5;5;SOLEIL VOILÉ;4;32.8;0
Saint-Gaudens;43.1;0.72;17/09/2026;01:00;20;5;SOLEIL VOILÉ;4;29.9;0
Saint-Gaudens;43.1;0.72;17/09/2026;02:00;19.2;5;SOLEIL VOILÉ;4;31.0;0
Saint-Gaudens;43.1;0.72;17/09/2026;03:00;18.6;5;SOLEIL VOILÉ;4;31.3;0
Saint-Gaudens;43.1;0.72;17/09/2026;04:00;18.7;0;SOLEIL;4;31.3;0
Saint-Gaudens;43.1;0.72;17/09/2026;05:00;17.7;0;SOLEIL;4;31.3;0
Saint-Gaudens;43.1;0.72;17/09/2026;06:00;18.4;0;SOLEIL;4;31.0;0
Saint-Gaudens;43.1;0.72;17/09/2026;07:00;20.9;0;SOLEIL;5;30.2;0
Saint-Gaudens;43.1;0.72;17/09/2026;08:00;22.6;0;SOLEIL;5;28.8;0
Saint-Gaudens;43.1;0.72;17/09/2026;09:00;23.7;0;SOLEIL;5;31.0;0
Saint-Gaudens;43.1;0.72;17/09/2026;10:00;25.2;0;SOLEIL;5;33.1;0
Saint-Gaudens;43.1;0.72;17/09/2026;11:00;26.5;0;SOLEIL;4;38.9;0
Saint-Gaudens;43.1;0.72;17/09/2026;12:00;27.4;0;SOLEIL;4;39.2;0
Saint-Gaudens;43.1;0.72;17/09/2026;13:00;28.6;0;SOLEIL;3;39.2;0
Saint-Gaudens;43.1;0.72;17/09/2026;14:00;28.7;0;SOLEIL;3;39.2;0
Saint-Gaudens;43.1;0.72;17/09/2026;15:00;28.7;0;SOLEIL;3;36.4;0
Saint-Gaudens;43.1;0.72;17/09/2026;16:00;28.6;0;SOLEIL;3;29.2;0
Saint-Gaudens;43.1;0.72;17/09/2026;17:00;27.9;0;SOLEIL;3;29.9;0
Saint-Gaudens;43.1;0.72;17/09/2026;18:00;24.9;0;SOLEIL;3;29.9;0
Saint-Gaudens;43.1;0.72;17/09/2026;19:00;22.7;0;SOLEIL;3;30.6;0
Saint-Gaudens;43.1;0.72;17/09/2026;20:00;22;0;SOLEIL;3;24.8;0
Saint-Gaudens;43.1;0.72;17/09/2026;21:00;20.5;0;SOLEIL;3;24.5;0
Saint-Gaudens;43.1;0.72;17/09/2026;22:00;20;0;SOLEIL;3;21.6;0
Saint-Gaudens;43.1;0.72;17/09/2026;23:00;19.1;0;SOLEIL;4;23.4;0
Saint-Gaudens;43.1;0.72;18/09/2026;00:00;18.1;0;SOLEIL;4;24.5;0
Saint-Gaudens;43.1;0.72;18/09/2026;01:00;18.1;0;SOLEIL;4;24.5;0
Saint-Gaudens;43.1;0.72;18/09/2026;02:00;17.5;5;SOLEIL VOILÉ;4;25.9;0
Saint-Gaudens;43.1;0.72;18/09/2026;03:00;17.5;5;SOLEIL VOILÉ;4;25.9;0
Saint-Gaudens;43.1;0.72;18/09/2026;04:00;17.5;5;SOLEIL VOILÉ;4;26.3;0
Saint-Gaudens;43.1;0.72;18/09/2026;05:00;17.4;5;SOLEIL VOILÉ;4;27.4;0
Saint-Gaudens;43.1;0.72;18/09/2026;06:00;17.4;5;SOLEIL VOILÉ;4;28.8;0
Saint-Gaudens;43.1;0.72;18/09/2026;07:00;17.4;5;SOLEIL VOILÉ;4;29.5;0
Saint-Gaudens;43.1;0.72;18/09/2026;08:00;24.2;0;SOLEIL;5;28.4;0
Saint-Gaudens;43.1;0.72;18/09/2026;09:00;24.2;0;SOLEIL;5;27.4;0
Saint-Gaudens;43.1;0.72;18/09/2026;10:00;24.2;0;SOLEIL;5;31.3;0
Saint-Gaudens;43.1;0.72;18/09/2026;11:00;27.5;0;SOLEIL;4;33.8;0
Saint-Gaudens;43.1;0.72;18/09/2026;12:00;27.5;0;SOLEIL;4;35.0;0
Saint-Gaudens;43.1;0.72;18/09/2026;13:00;27.5;0;SOLEIL;4;36.4;0
Saint-Gaudens;43.1;0.72;18/09/2026;14:00;28.9;0;SOLEIL;5;37.3;0
Saint-Gaudens;43.1;0.72;18/09/2026;15:00;28.9;0;SOLEIL;5;36.4;0
Saint-Gaudens;43.1;0.72;18/09/2026;16:00;28.9;0;SOLEIL;5;34.9;0
Saint-Gaudens;43.1;0.72;18/09/2026;17:00;25.1;0;SOLEIL;6;34.9;0
Saint-Gaudens;43.1;0.72;18/09/2026;18:00;25.1;0;SOLEIL;6;38.9;0
Saint-Gaudens;43.1;0.72;18/09/2026;19:00;25.1;0;SOLEIL;6;39.2;0
Saint-Gaudens;43.1;0.72;18/09/2026;20:00;21.5;0;SOLEIL;4;31.7;0
Saint-Gaudens;43.1;0.72;18/09/2026;21:00;21.5;0;SOLEIL;4;23.0;0
Saint-Gaudens;43.1;0.72;18/09/2026;22:00;21.5;0;SOLEIL;4;24.5;0
Saint-Gaudens;43.1;0.72;18/09/2026;23:00;19.1;0;SOLEIL;5;24.5;0
Saint-Gaudens;43.1;0.72;19/09/2026;00:00;19.1;0;SOLEIL;5;24.8;0
Saint-Gaudens;43.1;0.72;19/09/2026;01:00;19.1;0;SOLEIL;5;24.8;0
Saint-Gaudens;43.1;0.72;19/09/2026;02:00;17.9;0;SOLEIL;5;23.0;0
Saint-Gaudens;43.1;0.72;19/09/2026;03:00;17.9;0;SOLEIL;5;20.9;0
Saint-Gaudens;43.1;0.72;19/09/2026;04:00;17.9;0;SOLEIL;5;20.5;0
Saint-Gaudens;43.1;0.72;19/09/2026;05:00;17.7;0;SOLEIL;5;19.4;0
Saint-Gaudens;43.1;0.72;19/09/2026;06:00;17.7;0;SOLEIL;5;18.7;0
Saint-Gaudens;43.1;0.72;19/09/2026;07:00;17.7;0;SOLEIL;5;17.3;0
Saint-Gaudens;43.1;0.72;19/09/2026;08:00;23.9;0;SOLEIL;6;14.0;0
Saint-Gaudens;43.1;0.72;19/09/2026;09:00;23.9;0;SOLEIL;6;18.0;0
Saint-Gaudens;43.1;0.72;19/09/2026;10:00;23.9;0;SOLEIL;6;29.9;0
Saint-Gaudens;43.1;0.72;19/09/2026;11:00;27.7;0;SOLEIL;3;38.9;0
Saint-Gaudens;43.1;0.72;19/09/2026;12:00;27.7;0;SOLEIL;3;39.2;0
Saint-Gaudens;43.1;0.72;19/09/2026;13:00;27.7;0;SOLEIL;3;38.5;0
Saint-Gaudens;43.1;0.72;19/09/2026;14:00;29.5;0;SOLEIL;3;33.5;0
Saint-Gaudens;43.1;0.72;19/09/2026;15:00;29.5;0;SOLEIL;3;27.0;0
Saint-Gaudens;43.1;0.72;19/09/2026;16:00;29.5;0;SOLEIL;3;18.7;0
Saint-Gaudens;43.1;0.72;19/09/2026;17:00;26.2;0;SOLEIL;4;13.7;0
Saint-Gaudens;43.1;0.72;19/09/2026;18:00;26.2;0;SOLEIL;4;15.5;0
Saint-Gaudens;43.1;0.72;19/09/2026;19:00;26.2;0;SOLEIL;4;20.5;0
Saint-Gaudens;43.1;0.72;19/09/2026;20:00;22.8;0;SOLEIL;5;22.7;0
Saint-Gaudens;43.1;0.72;19/09/2026;21:00;21.3;0;SOLEIL;5;19.1;0
Saint-Gaudens;43.1;0.72;19/09/2026;22:00;19.9;0;SOLEIL;5;13.0;0
Saint-Gaudens;43.1;0.72;19/09/2026;23:00;19.1;0;SOLEIL;4;7.9;0
Saint-Gaudens;43.1;0.72;20/09/2026;00:00;19.1;0;SOLEIL;4;6.1;0
Saint-Gaudens;43.1;0.72;20/09/2026;01:00;19.1;0;SOLEIL;4;5.8;0
Saint-Gaudens;43.1;0.72;20/09/2026;02:00;15.9;2;NUAGEUX;5;5.8;0
Saint-Gaudens;43.1;0.72;20/09/2026;03:00;15.9;2;NUAGEUX;5;6.5;0
Saint-Gaudens;43.1;0.72;20/09/2026;04:00;15.9;2;NUAGEUX;5;7.6;0
Saint-Gaudens;43.1;0.72;20/09/2026;05:00;17.5;0;SOLEIL;3;8.6;0
Saint-Gaudens;43.1;0.72;20/09/2026;06:00;17.5;0;SOLEIL;3;9.0;0
Saint-Gaudens;43.1;0.72;20/09/2026;07:00;17.5;0;SOLEIL;3;9.0;0
Saint-Gaudens;43.1;0.72;20/09/2026;08:00;19.5;2;NUAGEUX;5;9.4;0
Saint-Gaudens;43.1;0.72;20/09/2026;09:00;21.3;2;NUAGEUX;5;10.4;0
Saint-Gaudens;43.1;0.72;20/09/2026;10:00;23.1;2;NUAGEUX;5;11.5;0
Saint-Gaudens;43.1;0.72;20/09/2026;11:00;30.2;2;NUAGEUX;3;12.6;0
Saint-Gaudens;43.1;0.72;20/09/2026;12:00;30.2;2;NUAGEUX;3;13.0;0
Saint-Gaudens;43.1;0.72;20/09/2026;13:00;30.2;2;NUAGEUX;3;13.0;0
Saint-Gaudens;43.1;0.72;20/09/2026;14:00;30.4;2;NUAGEUX;5;12.2;0
Saint-Gaudens;43.1;0.72;20/09/2026;15:00;32.2;2;NUAGEUX;5;10.8;0
Saint-Gaudens;43.1;0.72;20/09/2026;16:00;30.4;2;NUAGEUX;5;9.0;0
Saint-Gaudens;43.1;0.72;20/09/2026;17:00;27;2;NUAGEUX;4;7.9;0
Saint-Gaudens;43.1;0.72;20/09/2026;18:00;27;2;NUAGEUX;4;7.2;0
Saint-Gaudens;43.1;0.72;20/09/2026;19:00;27;2;NUAGEUX;4;6.8;0
Saint-Gaudens;43.1;0.72;20/09/2026;20:00;23.1;2;NUAGEUX;5;9.0;0
Saint-Gaudens;43.1;0.72;20/09/2026;21:00;21.3;2;NUAGEUX;5;16.2;0
Saint-Gaudens;43.1;0.72;20/09/2026;22:00;19.5;2;NUAGEUX;5;25.6;0
Saint-Gaudens;43.1;0.72;20/09/2026;23:00;21.7;0;SOLEIL;6;32.0;0
Saint-Gaudens;43.1;0.72;21/09/2026;00:00;21.7;0;SOLEIL;6;32.0;0
Saint-Gaudens;43.1;0.72;21/09/2026;01:00;21.7;0;SOLEIL;6;29.2;0
Saint-Gaudens;43.1;0.72;21/09/2026;02:00;19.2;0;SOLEIL;5;27.0;0
Saint-Gaudens;43.1;0.72;21/09/2026;03:00;19.2;0;SOLEIL;5;27.7;0
Saint-Gaudens;43.1;0.72;21/09/2026;04:00;19.2;0;SOLEIL;5;29.9;0
Saint-Gaudens;43.1;0.72;21/09/2026;05:00;20.2;0;SOLEIL;7;31.3;0
Saint-Gaudens;43.1;0.72;21/09/2026;06:00;20.2;0;SOLEIL;7;30.7;0
Saint-Gaudens;43.1;0.72;21/09/2026;07:00;20.2;0;SOLEIL;7;30.2;0
Saint-Gaudens;43.1;0.72;21/09/2026;08:00;21.7;0;SOLEIL;5;30.0;0
Saint-Gaudens;43.1;0.72;21/09/2026;09:00;23.0;0;SOLEIL;5;38.2;0
Saint-Gaudens;43.1;0.72;21/09/2026;10:00;24.2;0;SOLEIL;5;52.9;0
Saint-Gaudens;43.1;0.72;21/09/2026;11:00;28.6;0;SOLEIL;8;63.7;0
Saint-Gaudens;43.1;0.72;21/09/2026;12:00;28.6;0;SOLEIL;8;66.6;0
Saint-Gaudens;43.1;0.72;21/09/2026;13:00;28.6;0;SOLEIL;8;65.5;0
Saint-Gaudens;43.1;0.72;21/09/2026;14:00;29.2;0;SOLEIL;5;64.8;0
Saint-Gaudens;43.1;0.72;21/09/2026;15:00;30.5;0;SOLEIL;5;67.0;0
Saint-Gaudens;43.1;0.72;21/09/2026;16:00;29.2;0;SOLEIL;5;69.5;0
Saint-Gaudens;43.1;0.72;21/09/2026;17:00;26.5;0;SOLEIL;7;70.6;0
Saint-Gaudens;43.1;0.72;21/09/2026;18:00;26.5;0;SOLEIL;7;68.4;0
Saint-Gaudens;43.1;0.72;21/09/2026;19:00;26.5;0;SOLEIL;7;64.4;0
Saint-Gaudens;43.1;0.72;21/09/2026;20:00;24.2;0;SOLEIL;5;60.8;0
Saint-Gaudens;43.1;0.72;21/09/2026;21:00;23.0;0;SOLEIL;5;57.6;0
Saint-Gaudens;43.1;0.72;21/09/2026;22:00;21.7;0;SOLEIL;5;54.4;0
Saint-Gaudens;43.1;0.72;21/09/2026;23:00;20.9;0;SOLEIL;7;51.8;0
Toulouse;43.6;1.44;17/09/2026;00:00;15.2;2;NUAGEUX;3;20.2;0
Toulouse;43.6;1.44;17/09/2026;01:00;14.1;2;NUAGEUX;2;21.2;0
Toulouse;43.6;1.44;17/09/2026;02:00;13.6;2;NUAGEUX;2;20.5;0
Toulouse;43.6;1.44;17/09/2026;03:00;13.9;2;NUAGEUX;2;13.0;0
Toulouse;43.6;1.44;17/09/2026;04:00;12.9;2;NUAGEUX;2;13.7;0
Toulouse;43.6;1.44;17/09/2026;05:00;12.6;2;NUAGEUX;2;15.8;0
Toulouse;43.6;1.44;17/09/2026;06:00;13.2;2;NUAGEUX;2;12.6;0
Toulouse;43.6;1.44;17/09/2026;07:00;14.6;2;NUAGEUX;2;10.1;0
Toulouse;43.6;1.44;17/09/2026;08:00;15.9;2;NUAGEUX;2;9.4;0
Toulouse;43.6;1.44;17/09/2026;09:00;17.6;2;NUAGEUX;2;10.1;0
Toulouse;43.6;1.44;17/09/2026;10:00;18.6;2;NUAGEUX;2;16.6;0
Toulouse;43.6;1.44;17/09/2026;11:00;19.2;2;NUAGEUX;2;20.5;0
Toulouse;43.6;1.44;17/09/2026;12:00;19.6;2;NUAGEUX;3;20.9;0
Toulouse;43.6;1.44;17/09/2026;13:00;20.2;2;NUAGEUX;3;21.2;0
Toulouse;43.6;1.44;17/09/2026;14:00;20.8;2;NUAGEUX;3;21.2;0
Toulouse;43.6;1.44;17/09/2026;15:00;20.4;2;NUAGEUX;4;22.7;0
Toulouse;43.6;1.44;17/09/2026;16:00;20;2;NUAGEUX;4;23.0;0
Toulouse;43.6;1.44;17/09/2026;17:00;20;2;NUAGEUX;4;28.4;0
Toulouse;43.6;1.44;17/09/2026;18:00;18.5;2;NUAGEUX;3;27.7;0
Toulouse;43.6;1.44;17/09/2026;19:00;16.7;2;NUAGEUX;3;25.6;0
Toulouse;43.6;1.44;17/09/2026;20:00;16.6;2;NUAGEUX;2;25.6;0
Toulouse;43.6;1.44;17/09/2026;21:00;17.1;2;NUAGEUX;3;22.7;0
Toulouse;43.6;1.44;17/09/2026;22:00;16.1;2;NUAGEUX;3;20.9;0
Toulouse;43.6;1.44;17/09/2026;23:00;16.1;2;NUAGEUX;3;16.9;0
Toulouse;43.6;1.44;18/09/2026;00:00;15.6;2;NUAGEUX;2;16.9;0
Toulouse;43.6;1.44;18/09/2026;01:00;15.6;2;NUAGEUX;2;17.6;0
Toulouse;43.6;1.44;18/09/2026;02:00;14.4;2;NUAGEUX;2;16.9;0
Toulouse;43.6;1.44;18/09/2026;03:00;14.4;2;NUAGEUX;2;16.9;0
Toulouse;43.6;1.44;18/09/2026;04:00;14.4;2;NUAGEUX;2;14.8;0
Toulouse;43.6;1.44;18/09/2026;05:00;12.9;0;SOLEIL;2;10.8;0
Toulouse;43.6;1.44;18/09/2026;06:00;12.9;0;SOLEIL;2;9.4;0
Toulouse;43.6;1.44;18/09/2026;07:00;12.9;0;SOLEIL;2;6.8;0
Toulouse;43.6;1.44;18/09/2026;08:00;18.6;0;SOLEIL;2;8.6;0
Toulouse;43.6;1.44;18/09/2026;09:00;18.6;0;SOLEIL;2;9.7;0
Toulouse;43.6;1.44;18/09/2026;10:00;18.6;0;SOLEIL;2;11.2;0
Toulouse;43.6;1.44;18/09/2026;11:00;22.6;0;SOLEIL;2;13.0;0
Toulouse;43.6;1.44;18/09/2026;12:00;22.6;0;SOLEIL;2;14.2;0
Toulouse;43.6;1.44;18/09/2026;13:00;22.6;0;SOLEIL;2;14.8;0
Toulouse;43.6;1.44;18/09/2026;14:00;23.4;0;SOLEIL;3;18.4;0
Toulouse;43.6;1.44;18/09/2026;15:00;23.4;0;SOLEIL;3;22.7;0
Toulouse;43.6;1.44;18/09/2026;16:00;23.4;0;SOLEIL;3;24.8;0
Toulouse;43.6;1.44;18/09/2026;17:00;21;0;SOLEIL;3;25.9;0
Toulouse;43.6;1.44;18/09/2026;18:00;21;0;SOLEIL;3;25.9;0
Toulouse;43.6;1.44;18/09/2026;19:00;21;0;SOLEIL;3;25.2;0
Toulouse;43.6;1.44;18/09/2026;20:00;17.4;0;SOLEIL;4;25.6;0
Toulouse;43.6;1.44;18/09/2026;21:00;17.4;0;SOLEIL;4;24.1;0
Toulouse;43.6;1.44;18/09/2026;22:00;17.4;0;SOLEIL;4;12.6;0
Toulouse;43.6;1.44;18/09/2026;23:00;15.5;0;SOLEIL;3;5.8;0
Toulouse;43.6;1.44;19/09/2026;00:00;15.5;0;SOLEIL;3;4.7;0
Toulouse;43.6;1.44;19/09/2026;01:00;15.5;0;SOLEIL;3;3.2;0
Toulouse;43.6;1.44;19/09/2026;02:00;12.7;0;SOLEIL;2;5.4;0
Toulouse;43.6;1.44;19/09/2026;03:00;12.7;0;SOLEIL;2;5.8;0
Toulouse;43.6;1.44;19/09/2026;04:00;12.7;0;SOLEIL;2;14.0;0
Toulouse;43.6;1.44;19/09/2026;05:00;11.2;0;SOLEIL;1;13.3;0
Toulouse;43.6;1.44;19/09/2026;06:00;11.2;0;SOLEIL;1;7.6;0
Toulouse;43.6;1.44;19/09/2026;07:00;11.2;0;SOLEIL;1;5.8;0
Toulouse;43.6;1.44;19/09/2026;08:00;18.5;0;SOLEIL;1;4.7;0
Toulouse;43.6;1.44;19/09/2026;09:00;18.5;0;SOLEIL;1;5.0;0
Toulouse;43.6;1.44;19/09/2026;10:00;18.5;0;SOLEIL;1;7.2;0
Toulouse;43.6;1.44;19/09/2026;11:00;23;0;SOLEIL;2;13.0;0
Toulouse;43.6;1.44;19/09/2026;12:00;23;0;SOLEIL;2;19.8;0
Toulouse;43.6;1.44;19/09/2026;13:00;23;0;SOLEIL;2;25.2;0
Toulouse;43.6;1.44;19/09/2026;14:00;26.1;0;SOLEIL;2;25.6;0
Toulouse;43.6;1.44;19/09/2026;15:00;26.1;0;SOLEIL;2;24.1;0
Toulouse;43.6;1.44;19/09/2026;16:00;26.1;0;SOLEIL;2;24.8;0
Toulouse;43.6;1.44;19/09/2026;17:00;22.4;0;SOLEIL;2;25.9;0
Toulouse;43.6;1.44;19/09/2026;18:00;22.4;0;SOLEIL;2;25.9;0
Toulouse;43.6;1.44;19/09/2026;19:00;22.4;0;SOLEIL;2;23.4;0
Toulouse;43.6;1.44;19/09/2026;20:00;17.7;0;SOLEIL;5;19.4;0
Toulouse;43.6;1.44;19/09/2026;21:00;15.9;0;SOLEIL;5;13.0;0
Toulouse;43.6;1.44;19/09/2026;22:00;14.1;0;SOLEIL;5;8.6;0
Toulouse;43.6;1.44;19/09/2026;23:00;13.5;0;SOLEIL;2;4.7;0
Toulouse;43.6;1.44;20/09/2026;00:00;13.5;0;SOLEIL;2;7.2;0
Toulouse;43.6;1.44;20/09/2026;01:00;13.5;0;SOLEIL;2;8.3;0
Toulouse;43.6;1.44;20/09/2026;02:00;10.2;0;SOLEIL;5;8.3;0
Toulouse;43.6;1.44;20/09/2026;03:00;10.2;0;SOLEIL;5;7.9;0
Toulouse;43.6;1.44;20/09/2026;04:00;10.2;0;SOLEIL;5;7.9;0
Toulouse;43.6;1.44;20/09/2026;05:00;12;0;SOLEIL;2;8.3;0
Toulouse;43.6;1.44;20/09/2026;06:00;12;0;SOLEIL;2;8.3;0
Toulouse;43.6;1.44;20/09/2026;07:00;12;0;SOLEIL;2;8.6;0
Toulouse;43.6;1.44;20/09/2026;08:00;14.0;0;SOLEIL;5;8.3;0
Toulouse;43.6;1.44;20/09/2026;09:00;15.8;0;SOLEIL;5;7.6;0
Toulouse;43.6;1.44;20/09/2026;10:00;17.7;0;SOLEIL;5;5.0;0
Toulouse;43.6;1.44;20/09/2026;11:00;25;0;SOLEIL;3;1.8;0
Toulouse;43.6;1.44;20/09/2026;12:00;25;0;SOLEIL;3;13.1;0
Toulouse;43.6;1.44;20/09/2026;13:00;25;0;SOLEIL;3;20.5;0
Toulouse;43.6;1.44;20/09/2026;14:00;25.2;0;SOLEIL;5;24.3;0
Toulouse;43.6;1.44;20/09/2026;15:00;27.1;0;SOLEIL;5;25.6;0
Toulouse;43.6;1.44;20/09/2026;16:00;25.2;0;SOLEIL;5;25.2;0
Toulouse;43.6;1.44;20/09/2026;17:00;22.1;0;SOLEIL;2;24.8;0
Toulouse;43.6;1.44;20/09/2026;18:00;22.1;0;SOLEIL;2;25.2;0
Toulouse;43.6;1.44;20/09/2026;19:00;22.1;0;SOLEIL;2;25.6;0
Toulouse;43.6;1.44;20/09/2026;20:00;17.7;0;SOLEIL;5;24.5;0
Toulouse;43.6;1.44;20/09/2026;21:00;15.8;0;SOLEIL;5;20.9;0
Toulouse;43.6;1.44;20/09/2026;22:00;14.0;0;SOLEIL;5;15.8;0
Toulouse;43.6;1.44;20/09/2026;23:00;15.6;0;SOLEIL;2;12.6;0
Toulouse;43.6;1.44;21/09/2026;00:00;15.6;0;SOLEIL;2;13.0;0
Toulouse;43.6;1.44;21/09/2026;01:00;15.6;0;SOLEIL;2;15.1;0
Toulouse;43.6;1.44;21/09/2026;02:00;12;0;SOLEIL;5;16.9;0
Toulouse;43.6;1.44;21/09/2026;03:00;12;0;SOLEIL;5;17.6;0
Toulouse;43.6;1.44;21/09/2026;04:00;12;0;SOLEIL;5;18.4;0
Toulouse;43.6;1.44;21/09/2026;05:00;13.5;0;SOLEIL;2;18.4;0
Toulouse;43.6;1.44;21/09/2026;06:00;13.5;0;SOLEIL;2;17.3;0
Toulouse;43.6;1.44;21/09/2026;07:00;13.5;0;SOLEIL;2;15.8;0
Toulouse;43.6;1.44;21/09/2026;08:00;15.6;0;SOLEIL;5;14.8;0
Toulouse;43.6;1.44;21/09/2026;09:00;17.4;0;SOLEIL;5;15.1;0
Toulouse;43.6;1.44;21/09/2026;10:00;19.2;0;SOLEIL;5;15.8;0
Toulouse;43.6;1.44;21/09/2026;11:00;25.7;0;SOLEIL;3;17.3;0
Toulouse;43.6;1.44;21/09/2026;12:00;25.7;0;SOLEIL;3;19.4;0
Toulouse;43.6;1.44;21/09/2026;13:00;25.7;0;SOLEIL;3;22.0;0
Toulouse;43.6;1.44;21/09/2026;14:00;26.3;0;SOLEIL;5;24.1;0
Toulouse;43.6;1.44;21/09/2026;15:00;28.1;0;SOLEIL;5;25.2;0
Toulouse;43.6;1.44;21/09/2026;16:00;26.3;0;SOLEIL;5;25.6;0
Toulouse;43.6;1.44;21/09/2026;17:00;22.7;0;SOLEIL;2;25.2;0
Toulouse;43.6;1.44;21/09/2026;18:00;22.7;0;SOLEIL;2;24.1;0
Toulouse;43.6;1.44;21/09/2026;19:00;22.7;0;SOLEIL;2;22.7;0
Toulouse;43.6;1.44;21/09/2026;20:00;19.2;0;SOLEIL;5;20.5;0
Toulouse;43.6;1.44;21/09/2026;21:00;17.4;0;SOLEIL;5;18.0;0
Toulouse;43.6;1.44;21/09/2026;22:00;15.6;0;SOLEIL;5;14.8;0
Toulouse;43.6;1.44;21/09/2026;23:00;14.1;0;SOLEIL;2;12.2;0
Auch;43.64;0.58;17/09/2026;00:00;16;0;SOLEIL;2;20.5;0
Auch;43.64;0.58;17/09/2026;01:00;14.5;0;SOLEIL;2;16.2;0
Auch;43.64;0.58;17/09/2026;02:00;14.6;0;SOLEIL;2;9.4;0
Auch;43.64;0.58;17/09/2026;03:00;14.5;0;SOLEIL;2;6.8;0
Auch;43.64;0.58;17/09/2026;04:00;13.7;0;SOLEIL;2;7.2;0
Auch;43.64;0.58;17/09/2026;05:00;14.3;0;SOLEIL;2;7.6;0
Auch;43.64;0.58;17/09/2026;06:00;14.2;0;SOLEIL;2;8.3;0
Auch;43.64;0.58;17/09/2026;07:00;15;0;SOLEIL;2;7.2;0
Auch;43.64;0.58;17/09/2026;08:00;17.1;0;SOLEIL;2;7.2;0
Auch;43.64;0.58;17/09/2026;09:00;18.9;0;SOLEIL;2;6.8;0
Auch;43.64;0.58;17/09/2026;10:00;20.7;0;SOLEIL;3;18.4;0
Auch;43.64;0.58;17/09/2026;11:00;21.9;2;NUAGEUX;3;19.1;0
Auch;43.64;0.58;17/09/2026;12:00;22.2;0;SOLEIL;3;19.8;0
Auch;43.64;0.58;17/09/2026;13:00;23.6;0;SOLEIL;4;16.6;0
Auch;43.64;0.58;17/09/2026;14:00;24;5;SOLEIL VOILÉ;4;20.9;0
Auch;43.64;0.58;17/09/2026;15:00;23.6;5;SOLEIL VOILÉ;4;21.2;0
Auch;43.64;0.58;17/09/2026;16:00;23.6;5;SOLEIL VOILÉ;4;23.4;0
Auch;43.64;0.58;17/09/2026;17:00;23.6;5;SOLEIL VOILÉ;4;25.9;0
Auch;43.64;0.58;17/09/2026;18:00;22.1;5;SOLEIL VOILÉ;3;27.7;0
Auch;43.64;0.58;17/09/2026;19:00;20.2;5;SOLEIL VOILÉ;3;26.6;0
Auch;43.64;0.58;17/09/2026;20:00;19.4;5;SOLEIL VOILÉ;3;24.8;0
Auch;43.64;0.58;17/09/2026;21:00;18.4;5;SOLEIL VOILÉ;3;20.9;0
Auch;43.64;0.58;17/09/2026;22:00;16.2;5;SOLEIL VOILÉ;3;22.3;0
Auch;43.64;0.58;17/09/2026;23:00;16;5;SOLEIL VOILÉ;2;17.3;0
Auch;43.64;0.58;18/09/2026;00:00;15.9;5;SOLEIL VOILÉ;2;14.4;0
Auch;43.64;0.58;18/09/2026;01:00;15.9;5;SOLEIL VOILÉ;2;15.1;0
Auch;43.64;0.58;18/09/2026;02:00;15.1;5;SOLEIL VOILÉ;2;14.8;0
Auch;43.64;0.58;18/09/2026;03:00;15.1;5;SOLEIL VOILÉ;2;10.8;0
Auch;43.64;0.58;18/09/2026;04:00;15.1;5;SOLEIL VOILÉ;2;6.1;0
Auch;43.64;0.58;18/09/2026;05:00;14.1;0;SOLEIL;3;7.2;0
Auch;43.64;0.58;18/09/2026;06:00;14.1;0;SOLEIL;3;6.8;0
Auch;43.64;0.58;18/09/2026;07:00;14.1;0;SOLEIL;3;6.1;0
Auch;43.64;0.58;18/09/2026;08:00;19.7;0;SOLEIL;3;6.8;0
Auch;43.64;0.58;18/09/2026;09:00;19.7;0;SOLEIL;3;6.5;0
Auch;43.64;0.58;18/09/2026;10:00;19.7;0;SOLEIL;3;8.6;0
Auch;43.64;0.58;18/09/2026;11:00;23.2;2;NUAGEUX;3;13.3;0
Auch;43.64;0.58;18/09/2026;12:00;23.2;2;NUAGEUX;3;15.6;0
Auch;43.64;0.58;18/09/2026;13:00;23.2;2;NUAGEUX;3;14.9;0
Auch;43.64;0.58;18/09/2026;14:00;24;0;SOLEIL;4;15.9;0
Auch;43.64;0.58;18/09/2026;15:00;24;0;SOLEIL;4;16.2;0
Auch;43.64;0.58;18/09/2026;16:00;24;0;SOLEIL;4;17.6;0
Auch;43.64;0.58;18/09/2026;17:00;22.4;0;SOLEIL;3;17.6;0
Auch;43.64;0.58;18/09/2026;18:00;22.4;0;SOLEIL;3;16.9;0
Auch;43.64;0.58;18/09/2026;19:00;22.4;0;SOLEIL;3;16.2;0
Auch;43.64;0.58;18/09/2026;20:00;19.6;0;SOLEIL;3;13.0;0
Auch;43.64;0.58;18/09/2026;21:00;19.6;0;SOLEIL;3;13.0;0
Auch;43.64;0.58;18/09/2026;22:00;19.6;0;SOLEIL;3;13.0;0
Auch;43.64;0.58;18/09/2026;23:00;15.1;0;SOLEIL;2;11.5;0
Auch;43.64;0.58;19/09/2026;00:00;15.1;0;SOLEIL;2;9.0;0
Auch;43.64;0.58;19/09/2026;01:00;15.1;0;SOLEIL;2;9.0;0
Auch;43.64;0.58;19/09/2026;02:00;12.6;0;SOLEIL;2;9.0;0
Auch;43.64;0.58;19/09/2026;03:00;12.6;0;SOLEIL;2;9.4;0
Auch;43.64;0.58;19/09/2026;04:00;12.6;0;SOLEIL;2;7.9;0
Auch;43.64;0.58;19/09/2026;05:00;10.7;0;SOLEIL;1;7.6;0
Auch;43.64;0.58;19/09/2026;06:00;10.7;0;SOLEIL;1;7.6;0
Auch;43.64;0.58;19/09/2026;07:00;10.7;0;SOLEIL;1;6.8;0
Auch;43.64;0.58;19/09/2026;08:00;18.4;0;SOLEIL;1;6.5;0
Auch;43.64;0.58;19/09/2026;09:00;18.4;0;SOLEIL;1;6.1;0
Auch;43.64;0.58;19/09/2026;10:00;18.4;0;SOLEIL;1;10.1;0
Auch;43.64;0.58;19/09/2026;11:00;24.1;0;SOLEIL;2;16.6;0
Auch;43.64;0.58;19/09/2026;12:00;24.1;0;SOLEIL;2;16.9;0
Auch;43.64;0.58;19/09/2026;13:00;24.1;0;SOLEIL;2;13.7;0
Auch;43.64;0.58;19/09/2026;14:00;25.9;0;SOLEIL;2;7.9;0
Auch;43.64;0.58;19/09/2026;15:00;25.9;0;SOLEIL;2;9.0;0
Auch;43.64;0.58;19/09/2026;16:00;25.9;0;SOLEIL;2;11.2;0
Auch;43.64;0.58;19/09/2026;17:00;24.2;0;SOLEIL;2;12.6;0
Auch;43.64;0.58;19/09/2026;18:00;24.2;0;SOLEIL;2;11.5;0
Auch;43.64;0.58;19/09/2026;19:00;24.2;0;SOLEIL;2;9.7;0
Auch;43.64;0.58;19/09/2026;20:00;17.5;0;SOLEIL;5;7.6;0
Auch;43.64;0.58;19/09/2026;21:00;15.6;0;SOLEIL;5;5.4;0
Auch;43.64;0.58;19/09/2026;22:00;13.7;0;SOLEIL;5;3.2;0
Auch;43.64;0.58;19/09/2026;23:00;14.2;0;SOLEIL;1;1.8;0
Auch;43.64;0.58;20/09/2026;00:00;14.2;0;SOLEIL;1;2.2;0
Auch;43.64;0.58;20/09/2026;01:00;14.2;0;SOLEIL;1;3.6;0
Auch;43.64;0.58;20/09/2026;02:00;12.1;0;SOLEIL;5;4.7;0
Auch;43.64;0.58;20/09/2026;03:00;12.1;0;SOLEIL;5;4.3;0
Auch;43.64;0.58;20/09/2026;04:00;12.1;0;SOLEIL;5;3.6;0
Auch;43.64;0.58;20/09/2026;05:00;13.1;0;SOLEIL;2;3.6;0
Auch;43.64;0.58;20/09/2026;06:00;13.1;0;SOLEIL;2;4.7;0
Auch;43.64;0.58;20/09/2026;07:00;13.1;0;SOLEIL;2;6.5;0
Auch;43.64;0.58;20/09/2026;08:00;15.8;0;SOLEIL;5;8.6;0
Auch;43.64;0.58;20/09/2026;09:00;17.6;0;SOLEIL;5;11.5;0
Auch;43.64;0.58;20/09/2026;10:00;19.4;0;SOLEIL;5;14.4;0
Auch;43.64;0.58;20/09/2026;11:00;26.4;0;SOLEIL;2;16.6;0
Auch;43.64;0.58;20/09/2026;12:00;26.4;0;SOLEIL;2;16.9;0
Auch;43.64;0.58;20/09/2026;13:00;26.4;0;SOLEIL;2;16.6;0
Auch;43.64;0.58;20/09/2026;14:00;26.8;0;SOLEIL;5;16.2;0
Auch;43.64;0.58;20/09/2026;15:00;28.6;0;SOLEIL;5;16.9;0
Auch;43.64;0.58;20/09/2026;16:00;26.8;0;SOLEIL;5;18.0;0
Auch;43.64;0.58;20/09/2026;17:00;24.7;0;SOLEIL;2;18.7;0
Auch;43.64;0.58;20/09/2026;18:00;24.7;0;SOLEIL;2;18.4;0
Auch;43.64;0.58;20/09/2026;19:00;24.7;0;SOLEIL;2;17.3;0
Auch;43.64;0.58;20/09/2026;20:00;19.4;0;SOLEIL;5;15.8;0
Auch;43.64;0.58;20/09/2026;21:00;17.6;0;SOLEIL;5;13.0;0
Auch;43.64;0.58;20/09/2026;22:00;15.8;0;SOLEIL;5;9.4;0
Auch;43.64;0.58;20/09/2026;23:00;17.1;0;SOLEIL;2;7.2;0
Auch;43.64;0.58;21/09/2026;00:00;17.1;0;SOLEIL;2;7.2;0
Auch;43.64;0.58;21/09/2026;01:00;17.1;0;SOLEIL;2;8.6;0
Auch;43.64;0.58;21/09/2026;02:00;13.9;0;SOLEIL;5;9.4;0
Auch;43.64;0.58;21/09/2026;03:00;13.9;0;SOLEIL;5;9.0;0
Auch;43.64;0.58;21/09/2026;04:00;13.9;0;SOLEIL;5;8.3;0
Auch;43.64;0.58;21/09/2026;05:00;14.9;0;SOLEIL;2;7.9;0
Auch;43.64;0.58;21/09/2026;06:00;14.9;0;SOLEIL;2;7.7;0
Auch;43.64;0.58;21/09/2026;07:00;14.9;0;SOLEIL;2;7.4;0
Auch;43.64;0.58;21/09/2026;08:00;17.3;0;SOLEIL;5;7.1;0
Auch;43.64;0.58;21/09/2026;09:00;19.1;0;SOLEIL;5;9.0;0
Auch;43.64;0.58;21/09/2026;10:00;20.8;0;SOLEIL;5;12.2;0
Auch;43.64;0.58;21/09/2026;11:00;26.7;0;SOLEIL;3;15.1;0
Auch;43.64;0.58;21/09/2026;12:00;26.7;0;SOLEIL;3;17.3;0
Auch;43.64;0.58;21/09/2026;13:00;26.7;0;SOLEIL;3;19.1;0
Auch;43.64;0.58;21/09/2026;14:00;27.7;0;SOLEIL;5;20.5;0
Auch;43.64;0.58;21/09/2026;15:00;29.4;0;SOLEIL;5;21.2;0
Auch;43.64;0.58;21/09/2026;16:00;27.7;0;SOLEIL;5;21.6;0
Auch;43.64;0.58;21/09/2026;17:00;24.6;0;SOLEIL;2;21.2;0
Auch;43.64;0.58;21/09/2026;18:00;24.6;0;SOLEIL;2;20.5;0
Auch;43.64;0.58;21/09/2026;19:00;24.6;0;SOLEIL;2;19.1;0
Auch;43.64;0.58;21/09/2026;20:00;20.8;0;SOLEIL;5;16.9;0
Auch;43.64;0.58;21/09/2026;21:00;19.1;0;SOLEIL;5;13.0;0
Auch;43.64;0.58;21/09/2026;22:00;17.3;0;SOLEIL;5;7.9;0
Auch;43.64;0.58;21/09/2026;23:00;15.1;0;SOLEIL;2;4.3;0
Béziers;43.34;3.21;17/09/2026;00:00;19.4;5;SOLEIL VOILÉ;4;44.3;0
Béziers;43.34;3.21;17/09/2026;01:00;19.1;5;SOLEIL VOILÉ;3;34.6;0
Béziers;43.34;3.21;17/09/2026;02:00;18;5;SOLEIL VOILÉ;3;34.2;0
Béziers;43.34;3.21;17/09/2026;03:00;16.6;5;SOLEIL VOILÉ;3;34.2;0
Béziers;43.34;3.21;17/09/2026;04:00;16.7;0;SOLEIL;3;27.4;0
Béziers;43.34;3.21;17/09/2026;05:00;16.1;0;SOLEIL;3;16.9;0
Béziers;43.34;3.21;17/09/2026;06:00;16.4;0;SOLEIL;3;16.6;0
Béziers;43.34;3.21;17/09/2026;07:00;19;0;SOLEIL;3;16.2;0
Béziers;43.34;3.21;17/09/2026;08:00;21.1;0;SOLEIL;4;16.2;0
Béziers;43.34;3.21;17/09/2026;09:00;22.6;0;SOLEIL;4;16.9;0
Béziers;43.34;3.21;17/09/2026;10:00;25.1;0;SOLEIL;5;28.4;0
Béziers;43.34;3.21;17/09/2026;11:00;26;0;SOLEIL;5;30.6;0
Béziers;43.34;3.21;17/09/2026;12:00;26.1;0;SOLEIL;5;35.3;0
Béziers;43.34;3.21;17/09/2026;13:00;26.7;0;SOLEIL;6;35.6;0
Béziers;43.34;3.21;17/09/2026;14:00;27.2;0;SOLEIL;6;39.6;0
Béziers;43.34;3.21;17/09/2026;15:00;27;0;SOLEIL;6;41.8;0
Béziers;43.34;3.21;17/09/2026;16:00;26.9;0;SOLEIL;6;42.5;0
Béziers;43.34;3.21;17/09/2026;17:00;25.8;0;SOLEIL;6;42.1;0
Béziers;43.34;3.21;17/09/2026;18:00;23.8;0;SOLEIL;6;41.8;0
Béziers;43.34;3.21;17/09/2026;19:00;22.3;0;SOLEIL;5;42.8;0
Béziers;43.34;3.21;17/09/2026;20:00;21.1;0;SOLEIL;4;41.0;0
Béziers;43.34;3.21;17/09/2026;21:00;19.6;0;SOLEIL;4;32.4;0
Béziers;43.34;3.21;17/09/2026;22:00;20;0;SOLEIL;4;26.3;0
Béziers;43.34;3.21;17/09/2026;23:00;19.1;0;SOLEIL;3;23.8;0
Béziers;43.34;3.21;18/09/2026;00:00;18;0;SOLEIL;3;20.5;0
Béziers;43.34;3.21;18/09/2026;01:00;18;0;SOLEIL;3;19.4;0
Béziers;43.34;3.21;18/09/2026;02:00;15.5;5;SOLEIL VOILÉ;5;16.9;0
Béziers;43.34;3.21;18/09/2026;03:00;15.5;5;SOLEIL VOILÉ;5;10.8;0
Béziers;43.34;3.21;18/09/2026;04:00;15.5;5;SOLEIL VOILÉ;5;12.6;0
Béziers;43.34;3.21;18/09/2026;05:00;16.2;5;SOLEIL VOILÉ;6;10.8;0
Béziers;43.34;3.21;18/09/2026;06:00;16.2;5;SOLEIL VOILÉ;6;17.3;0
Béziers;43.34;3.21;18/09/2026;07:00;16.2;5;SOLEIL VOILÉ;6;15.8;0
Béziers;43.34;3.21;18/09/2026;08:00;22.7;0;SOLEIL;6;11.2;0
Béziers;43.34;3.21;18/09/2026;09:00;22.7;0;SOLEIL;6;19.1;0
Béziers;43.34;3.21;18/09/2026;10:00;22.7;0;SOLEIL;6;26.6;0
Béziers;43.34;3.21;18/09/2026;11:00;26.6;0;SOLEIL;5;24.1;0
Béziers;43.34;3.21;18/09/2026;12:00;26.6;0;SOLEIL;5;24.7;0
Béziers;43.34;3.21;18/09/2026;13:00;26.6;0;SOLEIL;5;29.0;0
Béziers;43.34;3.21;18/09/2026;14:00;27.6;0;SOLEIL;7;34.6;0
Béziers;43.34;3.21;18/09/2026;15:00;27.6;0;SOLEIL;7;36.7;0
Béziers;43.34;3.21;18/09/2026;16:00;27.6;0;SOLEIL;7;40.0;0
Béziers;43.34;3.21;18/09/2026;17:00;23.7;0;SOLEIL;6;40.3;0
Béziers;43.34;3.21;18/09/2026;18:00;23.7;0;SOLEIL;6;42.8;0
Béziers;43.34;3.21;18/09/2026;19:00;23.7;0;SOLEIL;6;38.5;0
Béziers;43.34;3.21;18/09/2026;20:00;19.9;0;SOLEIL;6;37.4;0
Béziers;43.34;3.21;18/09/2026;21:00;19.9;0;SOLEIL;6;37.4;0
Béziers;43.34;3.21;18/09/2026;22:00;19.9;0;SOLEIL;6;31.7;0
Béziers;43.34;3.21;18/09/2026;23:00;17.4;0;SOLEIL;5;26.3;0
Béziers;43.34;3.21;19/09/2026;00:00;17.4;0;SOLEIL;5;23.8;0
Béziers;43.34;3.21;19/09/2026;01:00;17.4;0;SOLEIL;5;16.9;0
Béziers;43.34;3.21;19/09/2026;02:00;15.7;0;SOLEIL;5;16.6;0
Béziers;43.34;3.21;19/09/2026;03:00;15.7;0;SOLEIL;5;16.2;0
Béziers;43.34;3.21;19/09/2026;04:00;15.7;0;SOLEIL;5;20.2;0
Béziers;43.34;3.21;19/09/2026;05:00;14.7;0;SOLEIL;5;20.2;0
Béziers;43.34;3.21;19/09/2026;06:00;14.7;0;SOLEIL;5;18.0;0
Béziers;43.34;3.21;19/09/2026;07:00;14.7;0;SOLEIL;5;15.1;0
Béziers;43.34;3.21;19/09/2026;08:00;23.4;0;SOLEIL;4;15.1;0
Béziers;43.34;3.21;19/09/2026;09:00;23.4;0;SOLEIL;4;15.1;0
Béziers;43.34;3.21;19/09/2026;10:00;23.4;0;SOLEIL;4;14.0;0
Béziers;43.34;3.21;19/09/2026;11:00;28.1;0;SOLEIL;2;16.6;0
Béziers;43.34;3.21;19/09/2026;12:00;28.1;0;SOLEIL;2;18.7;0
Béziers;43.34;3.21;19/09/2026;13:00;28.1;0;SOLEIL;2;22.3;0
Béziers;43.34;3.21;19/09/2026;14:00;29.4;0;SOLEIL;4;23.0;0
Béziers;43.34;3.21;19/09/2026;15:00;29.4;0;SOLEIL;4;22.3;0
Béziers;43.34;3.21;19/09/2026;16:00;29.4;0;SOLEIL;4;4.3;0
Béziers;43.34;3.21;19/09/2026;17:00;24;0;SOLEIL;3;31.3;0
Béziers;43.34;3.21;19/09/2026;18:00;24;0;SOLEIL;3;30.2;0
Béziers;43.34;3.21;19/09/2026;19:00;24;0;SOLEIL;3;25.6;0
Béziers;43.34;3.21;19/09/2026;20:00;20.9;0;SOLEIL;5;20.2;0
Béziers;43.34;3.21;19/09/2026;21:00;19.2;0;SOLEIL;5;14.0;0
Béziers;43.34;3.21;19/09/2026;22:00;17.4;0;SOLEIL;5;9.0;0
Béziers;43.34;3.21;19/09/2026;23:00;15.5;0;SOLEIL;3;8.3;0
Béziers;43.34;3.21;20/09/2026;00:00;15.5;0;SOLEIL;3;4.3;0
Béziers;43.34;3.21;20/09/2026;01:00;15.5;0;SOLEIL;3;4.0;0
Béziers;43.34;3.21;20/09/2026;02:00;13.4;0;SOLEIL;5;5.8;0
Béziers;43.34;3.21;20/09/2026;03:00;13.4;0;SOLEIL;5;5.4;0
Béziers;43.34;3.21;20/09/2026;04:00;13.4;0;SOLEIL;5;3.6;0
Béziers;43.34;3.21;20/09/2026;05:00;15.7;0;SOLEIL;3;4.0;0
Béziers;43.34;3.21;20/09/2026;06:00;15.7;0;SOLEIL;3;6.1;0
Béziers;43.34;3.21;20/09/2026;07:00;15.7;0;SOLEIL;3;7.2;0
Béziers;43.34;3.21;20/09/2026;08:00;17.4;0;SOLEIL;5;7.9;0
Béziers;43.34;3.21;20/09/2026;09:00;19.3;0;SOLEIL;5;7.9;0
Béziers;43.34;3.21;20/09/2026;10:00;21.3;0;SOLEIL;5;10.4;0
Béziers;43.34;3.21;20/09/2026;11:00;30.5;2;NUAGEUX;5;10.4;0
Béziers;43.34;3.21;20/09/2026;12:00;30.5;2;NUAGEUX;5;13.4;0
Béziers;43.34;3.21;20/09/2026;13:00;30.5;2;NUAGEUX;5;15.8;0
Béziers;43.34;3.21;20/09/2026;14:00;29.2;0;SOLEIL;5;22.2;0
Béziers;43.34;3.21;20/09/2026;15:00;31.2;0;SOLEIL;5;24.1;0
Béziers;43.34;3.21;20/09/2026;16:00;29.2;0;SOLEIL;5;23.4;0
Béziers;43.34;3.21;20/09/2026;17:00;26.6;0;SOLEIL;7;24.5;0
Béziers;43.34;3.21;20/09/2026;18:00;26.6;0;SOLEIL;7;29.5;0
Béziers;43.34;3.21;20/09/2026;19:00;26.6;0;SOLEIL;7;36.4;0
Béziers;43.34;3.21;20/09/2026;20:00;21.3;0;SOLEIL;5;40.0;0
Béziers;43.34;3.21;20/09/2026;21:00;19.3;0;SOLEIL;5;36.7;0
Béziers;43.34;3.21;20/09/2026;22:00;17.4;0;SOLEIL;5;29.9;0
Béziers;43.34;3.21;20/09/2026;23:00;20.7;0;SOLEIL;6;24.8;0
Béziers;43.34;3.21;21/09/2026;00:00;20.7;0;SOLEIL;6;23.4;0
Béziers;43.34;3.21;21/09/2026;01:00;20.7;0;SOLEIL;6;23.0;0
Béziers;43.34;3.21;21/09/2026;02:00;16.7;0;SOLEIL;5;23.8;0
Béziers;43.34;3.21;21/09/2026;03:00;16.7;0;SOLEIL;5;25.2;0
Béziers;43.34;3.21;21/09/2026;04:00;16.7;0;SOLEIL;5;27.4;0
Béziers;43.34;3.21;21/09/2026;05:00;17.6;0;SOLEIL;6;28.4;0
Béziers;43.34;3.21;21/09/2026;06:00;17.6;0;SOLEIL;6;27.7;0
Béziers;43.34;3.21;21/09/2026;07:00;17.6;0;SOLEIL;6;25.9;0
Béziers;43.34;3.21;21/09/2026;08:00;20.1;0;SOLEIL;5;25.6;0
Béziers;43.34;3.21;21/09/2026;09:00;21.8;0;SOLEIL;5;26.6;0
Béziers;43.34;3.21;21/09/2026;10:00;23.5;0;SOLEIL;5;29.2;0
Béziers;43.34;3.21;21/09/2026;11:00;30.9;0;SOLEIL;6;32.8;0
Béziers;43.34;3.21;21/09/2026;12:00;30.9;0;SOLEIL;6;38.9;0
Béziers;43.34;3.21;21/09/2026;13:00;30.9;0;SOLEIL;6;46.1;0
Béziers;43.34;3.21;21/09/2026;14:00;30.2;0;SOLEIL;5;51.5;0
Béziers;43.34;3.21;21/09/2026;15:00;31.9;0;SOLEIL;5;52.9;0
Béziers;43.34;3.21;21/09/2026;16:00;30.2;0;SOLEIL;5;52.6;0
Béziers;43.34;3.21;21/09/2026;17:00;26.4;0;SOLEIL;7;51.8;0
Béziers;43.34;3.21;21/09/2026;18:00;26.4;0;SOLEIL;7;52.2;0
Béziers;43.34;3.21;21/09/2026;19:00;26.4;0;SOLEIL;7;52.6;0
Béziers;43.34;3.21;21/09/2026;20:00;23.5;0;SOLEIL;5;50.8;0
Béziers;43.34;3.21;21/09/2026;21:00;21.8;0;SOLEIL;5;45.4;0
Béziers;43.34;3.21;21/09/2026;22:00;20.1;0;SOLEIL;5;38.2;0
Béziers;43.34;3.21;21/09/2026;23:00;18.6;0;SOLEIL;4;31.3;0
Montpellier;43.61;3.87;17/09/2026;00:00;22.4;5;SOLEIL VOILÉ;3;14.8;0
Montpellier;43.61;3.87;17/09/2026;01:00;21.6;5;SOLEIL VOILÉ;3;14.0;0
Montpellier;43.61;3.87;17/09/2026;02:00;21.2;5;SOLEIL VOILÉ;3;9.7;0
Montpellier;43.61;3.87;17/09/2026;03:00;20.4;5;SOLEIL VOILÉ;3;9.0;0
Montpellier;43.61;3.87;17/09/2026;04:00;20.2;0;SOLEIL;3;10.1;0
Montpellier;43.61;3.87;17/09/2026;05:00;19;0;SOLEIL;3;10.8;0
Montpellier;43.61;3.87;17/09/2026;06:00;19.3;0;SOLEIL;3;11.5;0
Montpellier;43.61;3.87;17/09/2026;07:00;21.7;0;SOLEIL;3;11.5;0
Montpellier;43.61;3.87;17/09/2026;08:00;22.6;0;SOLEIL;3;11.2;0
Montpellier;43.61;3.87;17/09/2026;09:00;23.4;0;SOLEIL;3;17.3;0
Montpellier;43.61;3.87;17/09/2026;10:00;24.7;0;SOLEIL;2;24.1;0
Montpellier;43.61;3.87;17/09/2026;11:00;26.3;0;SOLEIL;2;24.5;0
Montpellier;43.61;3.87;17/09/2026;12:00;27.5;0;SOLEIL;2;22.0;0
Montpellier;43.61;3.87;17/09/2026;13:00;28.7;0;SOLEIL;2;16.2;0
Montpellier;43.61;3.87;17/09/2026;14:00;29.6;0;SOLEIL;4;11.9;0
Montpellier;43.61;3.87;17/09/2026;15:00;29.2;0;SOLEIL;5;10.8;0
Montpellier;43.61;3.87;17/09/2026;16:00;29;0;SOLEIL;5;18.7;0
Montpellier;43.61;3.87;17/09/2026;17:00;27.6;0;SOLEIL;6;25.2;0
Montpellier;43.61;3.87;17/09/2026;18:00;25.7;0;SOLEIL;5;24.8;0
Montpellier;43.61;3.87;17/09/2026;19:00;24.8;0;SOLEIL;5;19.8;0
Montpellier;43.61;3.87;17/09/2026;20:00;23.6;0;SOLEIL;4;37.8;0
Montpellier;43.61;3.87;17/09/2026;21:00;23;0;SOLEIL;4;38.2;0
Montpellier;43.61;3.87;17/09/2026;22:00;22.9;0;SOLEIL;4;28.8;0
Montpellier;43.61;3.87;17/09/2026;23:00;22.1;0;SOLEIL;4;23.0;0
Montpellier;43.61;3.87;18/09/2026;00:00;21.5;0;SOLEIL;3;21.2;0
Montpellier;43.61;3.87;18/09/2026;01:00;21.5;0;SOLEIL;3;14.8;0
Montpellier;43.61;3.87;18/09/2026;02:00;20.2;5;SOLEIL VOILÉ;4;11.2;0
Montpellier;43.61;3.87;18/09/2026;03:00;20.2;5;SOLEIL VOILÉ;4;10.8;0
Montpellier;43.61;3.87;18/09/2026;04:00;20.2;5;SOLEIL VOILÉ;4;13.7;0
Montpellier;43.61;3.87;18/09/2026;05:00;19.6;5;SOLEIL VOILÉ;4;16.6;0
Montpellier;43.61;3.87;18/09/2026;06:00;19.6;5;SOLEIL VOILÉ;4;16.6;0
Montpellier;43.61;3.87;18/09/2026;07:00;19.6;5;SOLEIL VOILÉ;4;15.8;0
Montpellier;43.61;3.87;18/09/2026;08:00;23.6;0;SOLEIL;4;15.5;0
Montpellier;43.61;3.87;18/09/2026;09:00;23.6;0;SOLEIL;4;18.7;0
Montpellier;43.61;3.87;18/09/2026;10:00;23.6;0;SOLEIL;4;25.2;0
Montpellier;43.61;3.87;18/09/2026;11:00;27.1;0;SOLEIL;3;26.3;0
Montpellier;43.61;3.87;18/09/2026;12:00;27.1;0;SOLEIL;3;25.0;0
Montpellier;43.61;3.87;18/09/2026;13:00;27.1;0;SOLEIL;3;23.2;0
Montpellier;43.61;3.87;18/09/2026;14:00;29;0;SOLEIL;4;22.5;0
Montpellier;43.61;3.87;18/09/2026;15:00;29;0;SOLEIL;4;22.0;0
Montpellier;43.61;3.87;18/09/2026;16:00;29;0;SOLEIL;4;22.7;0
Montpellier;43.61;3.87;18/09/2026;17:00;26.2;0;SOLEIL;6;21.2;0
Montpellier;43.61;3.87;18/09/2026;18:00;26.2;0;SOLEIL;6;23.4;0
Montpellier;43.61;3.87;18/09/2026;19:00;26.2;0;SOLEIL;6;23.8;0
Montpellier;43.61;3.87;18/09/2026;20:00;23.1;0;SOLEIL;5;29.2;0
Montpellier;43.61;3.87;18/09/2026;21:00;23.1;0;SOLEIL;5;28.1;0
Montpellier;43.61;3.87;18/09/2026;22:00;23.1;0;SOLEIL;5;24.1;0
Montpellier;43.61;3.87;18/09/2026;23:00;21.5;0;SOLEIL;3;19.4;0
Montpellier;43.61;3.87;19/09/2026;00:00;21.5;0;SOLEIL;3;12.2;0
Montpellier;43.61;3.87;19/09/2026;01:00;21.5;0;SOLEIL;3;7.6;0
Montpellier;43.61;3.87;19/09/2026;02:00;19.4;0;SOLEIL;3;9.7;0
Montpellier;43.61;3.87;19/09/2026;03:00;19.4;0;SOLEIL;3;10.4;0
Montpellier;43.61;3.87;19/09/2026;04:00;19.4;0;SOLEIL;3;10.4;0
Montpellier;43.61;3.87;19/09/2026;05:00;18.6;0;SOLEIL;2;10.4;0
Montpellier;43.61;3.87;19/09/2026;06:00;18.6;0;SOLEIL;2;10.8;0
Montpellier;43.61;3.87;19/09/2026;07:00;18.6;0;SOLEIL;2;10.4;0
Montpellier;43.61;3.87;19/09/2026;08:00;23.6;0;SOLEIL;5;10.1;0
Montpellier;43.61;3.87;19/09/2026;09:00;23.6;0;SOLEIL;5;10.1;0
Montpellier;43.61;3.87;19/09/2026;10:00;23.6;0;SOLEIL;5;10.1;0
Montpellier;43.61;3.87;19/09/2026;11:00;27.6;0;SOLEIL;3;13.0;0
Montpellier;43.61;3.87;19/09/2026;12:00;27.6;0;SOLEIL;3;24.1;0
Montpellier;43.61;3.87;19/09/2026;13:00;27.6;0;SOLEIL;3;24.5;0
Montpellier;43.61;3.87;19/09/2026;14:00;28.1;0;SOLEIL;4;22.7;0
Montpellier;43.61;3.87;19/09/2026;15:00;28.1;0;SOLEIL;4;24.1;0
Montpellier;43.61;3.87;19/09/2026;16:00;28.1;0;SOLEIL;4;24.8;0
Montpellier;43.61;3.87;19/09/2026;17:00;25.7;0;SOLEIL;3;24.8;0
Montpellier;43.61;3.87;19/09/2026;18:00;25.7;0;SOLEIL;3;23.8;0
Montpellier;43.61;3.87;19/09/2026;19:00;25.7;0;SOLEIL;3;21.6;0
Montpellier;43.61;3.87;19/09/2026;20:00;22.9;0;SOLEIL;5;19.1;0
Montpellier;43.61;3.87;19/09/2026;21:00;21.7;0;SOLEIL;5;15.1;0
Montpellier;43.61;3.87;19/09/2026;22:00;20.4;0;SOLEIL;5;10.1;0
Montpellier;43.61;3.87;19/09/2026;23:00;21.2;0;SOLEIL;2;6.8;0
Montpellier;43.61;3.87;20/09/2026;00:00;21.2;0;SOLEIL;2;6.5;0
Montpellier;43.61;3.87;20/09/2026;01:00;21.2;0;SOLEIL;2;7.6;0
Montpellier;43.61;3.87;20/09/2026;02:00;14.9;0;SOLEIL;5;8.6;0
Montpellier;43.61;3.87;20/09/2026;03:00;14.9;0;SOLEIL;5;9.4;0
Montpellier;43.61;3.87;20/09/2026;04:00;14.9;0;SOLEIL;5;10.1;0
Montpellier;43.61;3.87;20/09/2026;05:00;16.9;0;SOLEIL;2;10.4;0
Montpellier;43.61;3.87;20/09/2026;06:00;16.9;0;SOLEIL;2;10.8;0
Montpellier;43.61;3.87;20/09/2026;07:00;16.9;0;SOLEIL;2;10.8;0
Montpellier;43.61;3.87;20/09/2026;08:00;18.4;0;SOLEIL;5;10.4;0
Montpellier;43.61;3.87;20/09/2026;09:00;20.2;0;SOLEIL;5;8.3;0
Montpellier;43.61;3.87;20/09/2026;10:00;21.9;0;SOLEIL;5;5.4;0
Montpellier;43.61;3.87;20/09/2026;11:00;29.2;2;NUAGEUX;3;5.4;0
Montpellier;43.61;3.87;20/09/2026;12:00;29.2;2;NUAGEUX;3;11.5;0
Montpellier;43.61;3.87;20/09/2026;13:00;29.2;2;NUAGEUX;3;20.5;0
Montpellier;43.61;3.87;20/09/2026;14:00;28.9;0;SOLEIL;5;27.4;0
Montpellier;43.61;3.87;20/09/2026;15:00;30.7;0;SOLEIL;5;30.6;0
Montpellier;43.61;3.87;20/09/2026;16:00;28.9;0;SOLEIL;5;31.3;0
Montpellier;43.61;3.87;20/09/2026;17:00;26.1;0;SOLEIL;7;30.6;0
Montpellier;43.61;3.87;20/09/2026;18:00;26.1;0;SOLEIL;7;27.0;0
Montpellier;43.61;3.87;20/09/2026;19:00;26.1;0;SOLEIL;7;21.6;0
Montpellier;43.61;3.87;20/09/2026;20:00;21.9;0;SOLEIL;5;16.9;0
Montpellier;43.61;3.87;20/09/2026;21:00;20.2;0;SOLEIL;5;13.7;0
Montpellier;43.61;3.87;20/09/2026;22:00;18.4;0;SOLEIL;5;11.2;0
Montpellier;43.61;3.87;20/09/2026;23:00;20.1;0;SOLEIL;4;9.7;0
Montpellier;43.61;3.87;21/09/2026;00:00;20.1;0;SOLEIL;4;9.4;0
Montpellier;43.61;3.87;21/09/2026;01:00;20.1;0;SOLEIL;4;9.7;0
Montpellier;43.61;3.87;21/09/2026;02:00;16.7;0;SOLEIL;5;10.4;0
Montpellier;43.61;3.87;21/09/2026;03:00;16.7;0;SOLEIL;5;11.2;0
Montpellier;43.61;3.87;21/09/2026;04:00;16.7;0;SOLEIL;5;11.9;0
Montpellier;43.61;3.87;21/09/2026;05:00;18.2;0;SOLEIL;3;12.2;0
Montpellier;43.61;3.87;21/09/2026;06:00;18.2;0;SOLEIL;3;12.2;0
Montpellier;43.61;3.87;21/09/2026;07:00;18.2;0;SOLEIL;3;12.1;0
Montpellier;43.61;3.87;21/09/2026;08:00;20.1;0;SOLEIL;5;12.0;0
Montpellier;43.61;3.87;21/09/2026;09:00;21.8;0;SOLEIL;5;14.0;0
Montpellier;43.61;3.87;21/09/2026;10:00;23.5;0;SOLEIL;5;17.3;0
Montpellier;43.61;3.87;21/09/2026;11:00;30.1;0;SOLEIL;4;21.6;0
Montpellier;43.61;3.87;21/09/2026;12:00;30.1;0;SOLEIL;4;28.1;0
Montpellier;43.61;3.87;21/09/2026;13:00;30.1;0;SOLEIL;4;35.6;0
Montpellier;43.61;3.87;21/09/2026;14:00;30.3;0;SOLEIL;5;41.8;0
Montpellier;43.61;3.87;21/09/2026;15:00;32.0;0;SOLEIL;5;45.4;0
Montpellier;43.61;3.87;21/09/2026;16:00;30.3;0;SOLEIL;5;47.5;0
Montpellier;43.61;3.87;21/09/2026;17:00;26.5;0;SOLEIL;4;48.6;0
Montpellier;43.61;3.87;21/09/2026;18:00;26.5;0;SOLEIL;4;49.0;0
Montpellier;43.61;3.87;21/09/2026;19:00;26.5;0;SOLEIL;4;47.9;0
Montpellier;43.61;3.87;21/09/2026;20:00;23.5;0;SOLEIL;5;45.0;0
Montpellier;43.61;3.87;21/09/2026;21:00;21.8;0;SOLEIL;5;38.5;0
Montpellier;43.61;3.87;21/09/2026;22:00;20.1;0;SOLEIL;5;30.2;0
Montpellier;43.61;3.87;21/09/2026;23:00;18.6;0;SOLEIL;2;23.0;0
Cahors;44.44;1.44;17/09/2026;00:00;13.4;0;SOLEIL;2;5.0;0
Cahors;44.44;1.44;17/09/2026;01:00;12.7;0;SOLEIL;2;2.9;0
Cahors;44.44;1.44;17/09/2026;02:00;12.1;0;SOLEIL;1;2.9;0
Cahors;44.44;1.44;17/09/2026;03:00;11;0;SOLEIL;1;2.2;0
Cahors;44.44;1.44;17/09/2026;04:00;10.4;0;SOLEIL;0;2.9;0
Cahors;44.44;1.44;17/09/2026;05:00;10.1;0;SOLEIL;0;2.5;0
Cahors;44.44;1.44;17/09/2026;06:00;10.3;0;SOLEIL;0;1.8;0
Cahors;44.44;1.44;17/09/2026;07:00;13.4;0;SOLEIL;1;1.8;0
Cahors;44.44;1.44;17/09/2026;08:00;15.9;0;SOLEIL;1;2.2;0
Cahors;44.44;1.44;17/09/2026;09:00;18.9;0;SOLEIL;2;3.2;0
Cahors;44.44;1.44;17/09/2026;10:00;21.2;0;SOLEIL;3;5.0;0
Cahors;44.44;1.44;17/09/2026;11:00;22.8;0;SOLEIL;3;8.3;0
Cahors;44.44;1.44;17/09/2026;12:00;23.4;0;SOLEIL;3;16.6;0
Cahors;44.44;1.44;17/09/2026;13:00;23.7;5;SOLEIL VOILÉ;3;22.0;0
Cahors;44.44;1.44;17/09/2026;14:00;24.5;5;SOLEIL VOILÉ;3;24.8;0
Cahors;44.44;1.44;17/09/2026;15:00;25.1;5;SOLEIL VOILÉ;3;24.8;0
Cahors;44.44;1.44;17/09/2026;16:00;25.2;5;SOLEIL VOILÉ;3;24.5;0
Cahors;44.44;1.44;17/09/2026;17:00;23.9;5;SOLEIL VOILÉ;3;28.8;0
Cahors;44.44;1.44;17/09/2026;18:00;22;5;SOLEIL VOILÉ;3;31.0;0
Cahors;44.44;1.44;17/09/2026;19:00;18.9;5;SOLEIL VOILÉ;2;26.6;0
Cahors;44.44;1.44;17/09/2026;20:00;18.1;5;SOLEIL VOILÉ;2;17.3;0
Cahors;44.44;1.44;17/09/2026;21:00;16.7;5;SOLEIL VOILÉ;2;7.6;0
Cahors;44.44;1.44;17/09/2026;22:00;15.7;5;SOLEIL VOILÉ;2;5.8;0
Cahors;44.44;1.44;17/09/2026;23:00;15.5;5;SOLEIL VOILÉ;2;5.8;0
Cahors;44.44;1.44;18/09/2026;00:00;14.6;5;SOLEIL VOILÉ;1;4.3;0
Cahors;44.44;1.44;18/09/2026;01:00;14.6;5;SOLEIL VOILÉ;1;2.9;0
Cahors;44.44;1.44;18/09/2026;02:00;13.9;5;SOLEIL VOILÉ;1;4.0;0
Cahors;44.44;1.44;18/09/2026;03:00;13.9;5;SOLEIL VOILÉ;1;3.2;0
Cahors;44.44;1.44;18/09/2026;04:00;13.9;5;SOLEIL VOILÉ;1;2.2;0
Cahors;44.44;1.44;18/09/2026;05:00;13.5;2;NUAGEUX;1;3.2;0
Cahors;44.44;1.44;18/09/2026;06:00;13.5;2;NUAGEUX;1;4.3;0
Cahors;44.44;1.44;18/09/2026;07:00;13.5;2;NUAGEUX;1;5.0;0
Cahors;44.44;1.44;18/09/2026;08:00;18.1;2;NUAGEUX;2;5.8;0
Cahors;44.44;1.44;18/09/2026;09:00;18.1;2;NUAGEUX;2;7.2;0
Cahors;44.44;1.44;18/09/2026;10:00;18.1;2;NUAGEUX;2;4.3;0
Cahors;44.44;1.44;18/09/2026;11:00;21.4;2;NUAGEUX;3;10.8;0
Cahors;44.44;1.44;18/09/2026;12:00;21.4;2;NUAGEUX;3;16.2;0
Cahors;44.44;1.44;18/09/2026;13:00;21.4;2;NUAGEUX;3;18.5;0
Cahors;44.44;1.44;18/09/2026;14:00;22.9;0;SOLEIL;3;19.8;0
Cahors;44.44;1.44;18/09/2026;15:00;22.9;0;SOLEIL;3;23.4;0
Cahors;44.44;1.44;18/09/2026;16:00;22.9;0;SOLEIL;3;24.1;0
Cahors;44.44;1.44;18/09/2026;17:00;21.1;0;SOLEIL;2;20.5;0
Cahors;44.44;1.44;18/09/2026;18:00;21.1;0;SOLEIL;2;11.2;0
Cahors;44.44;1.44;18/09/2026;19:00;21.1;0;SOLEIL;2;7.2;0
Cahors;44.44;1.44;18/09/2026;20:00;15.1;0;SOLEIL;2;6.8;0
Cahors;44.44;1.44;18/09/2026;21:00;15.1;0;SOLEIL;2;6.5;0
Cahors;44.44;1.44;18/09/2026;22:00;15.1;0;SOLEIL;2;7.2;0
Cahors;44.44;1.44;18/09/2026;23:00;11.9;0;SOLEIL;2;7.6;0
Cahors;44.44;1.44;19/09/2026;00:00;11.9;0;SOLEIL;2;6.5;0
Cahors;44.44;1.44;19/09/2026;01:00;11.9;0;SOLEIL;2;6.1;0
Cahors;44.44;1.44;19/09/2026;02:00;8.7;0;SOLEIL;1;6.1;0
Cahors;44.44;1.44;19/09/2026;03:00;8.7;0;SOLEIL;1;5.0;0
Cahors;44.44;1.44;19/09/2026;04:00;8.7;0;SOLEIL;1;4.7;0
Cahors;44.44;1.44;19/09/2026;05:00;7.6;0;SOLEIL;0;3.6;0
Cahors;44.44;1.44;19/09/2026;06:00;7.6;0;SOLEIL;0;4.3;0
Cahors;44.44;1.44;19/09/2026;07:00;7.6;0;SOLEIL;0;5.8;0
Cahors;44.44;1.44;19/09/2026;08:00;18.1;0;SOLEIL;0;6.1;0
Cahors;44.44;1.44;19/09/2026;09:00;18.1;0;SOLEIL;0;4.0;0
Cahors;44.44;1.44;19/09/2026;10:00;18.1;0;SOLEIL;0;6.1;0
Cahors;44.44;1.44;19/09/2026;11:00;24.6;0;SOLEIL;2;6.8;0
Cahors;44.44;1.44;19/09/2026;12:00;24.6;0;SOLEIL;2;7.6;0
Cahors;44.44;1.44;19/09/2026;13:00;24.6;0;SOLEIL;2;11.2;0
Cahors;44.44;1.44;19/09/2026;14:00;27.2;0;SOLEIL;2;11.9;0
Cahors;44.44;1.44;19/09/2026;15:00;27.2;0;SOLEIL;2;13.3;0
Cahors;44.44;1.44;19/09/2026;16:00;27.2;0;SOLEIL;2;14.4;0
Cahors;44.44;1.44;19/09/2026;17:00;23;0;SOLEIL;2;14.8;0
Cahors;44.44;1.44;19/09/2026;18:00;23;0;SOLEIL;2;14.4;0
Cahors;44.44;1.44;19/09/2026;19:00;23;0;SOLEIL;2;13.3;0
Cahors;44.44;1.44;19/09/2026;20:00;16.2;0;SOLEIL;5;11.5;0
Cahors;44.44;1.44;19/09/2026;21:00;13.8;0;SOLEIL;5;9.0;0
Cahors;44.44;1.44;19/09/2026;22:00;11.4;0;SOLEIL;5;6.1;0
Cahors;44.44;1.44;19/09/2026;23:00;11.7;0;SOLEIL;2;4.0;0
Cahors;44.44;1.44;20/09/2026;00:00;11.7;0;SOLEIL;2;3.2;0
Cahors;44.44;1.44;20/09/2026;01:00;11.7;0;SOLEIL;2;3.2;0
Cahors;44.44;1.44;20/09/2026;02:00;9.2;2;NUAGEUX;5;3.2;0
Cahors;44.44;1.44;20/09/2026;03:00;9.2;2;NUAGEUX;5;3.6;0
Cahors;44.44;1.44;20/09/2026;04:00;9.2;2;NUAGEUX;5;4.0;0
Cahors;44.44;1.44;20/09/2026;05:00;10.6;0;SOLEIL;2;4.3;0
Cahors;44.44;1.44;20/09/2026;06:00;10.6;0;SOLEIL;2;5.0;0
Cahors;44.44;1.44;20/09/2026;07:00;10.6;0;SOLEIL;2;5.8;0
Cahors;44.44;1.44;20/09/2026;08:00;13.6;2;NUAGEUX;5;6.5;0
Cahors;44.44;1.44;20/09/2026;09:00;15.8;2;NUAGEUX;5;6.8;0
Cahors;44.44;1.44;20/09/2026;10:00;18.0;2;NUAGEUX;5;7.2;0
Cahors;44.44;1.44;20/09/2026;11:00;26.9;2;NUAGEUX;3;9.0;0
Cahors;44.44;1.44;20/09/2026;12:00;26.9;2;NUAGEUX;3;13.7;0
Cahors;44.44;1.44;20/09/2026;13:00;26.9;2;NUAGEUX;3;20.2;0
Cahors;44.44;1.44;20/09/2026;14:00;26.8;2;NUAGEUX;5;24.8;0
Cahors;44.44;1.44;20/09/2026;15:00;29.0;2;NUAGEUX;5;27.0;0
Cahors;44.44;1.44;20/09/2026;16:00;26.8;2;NUAGEUX;5;27.7;0
Cahors;44.44;1.44;20/09/2026;17:00;23.5;2;NUAGEUX;3;27.7;0
Cahors;44.44;1.44;20/09/2026;18:00;23.5;2;NUAGEUX;3;27.0;0
Cahors;44.44;1.44;20/09/2026;19:00;23.5;2;NUAGEUX;3;25.2;0
Cahors;44.44;1.44;20/09/2026;20:00;18.0;2;NUAGEUX;5;22.3;0
Cahors;44.44;1.44;20/09/2026;21:00;15.8;2;NUAGEUX;5;18.0;0
Cahors;44.44;1.44;20/09/2026;22:00;13.6;2;NUAGEUX;5;12.6;0
Cahors;44.44;1.44;20/09/2026;23:00;15.6;0;SOLEIL;3;8.6;0
Cahors;44.44;1.44;21/09/2026;00:00;15.6;0;SOLEIL;3;7.2;0
Cahors;44.44;1.44;21/09/2026;01:00;15.6;0;SOLEIL;3;7.2;0
Cahors;44.44;1.44;21/09/2026;02:00;10.7;0;SOLEIL;5;7.2;0
Cahors;44.44;1.44;21/09/2026;03:00;10.7;0;SOLEIL;5;6.8;0
Cahors;44.44;1.44;21/09/2026;04:00;10.7;0;SOLEIL;5;6.5;0
Cahors;44.44;1.44;21/09/2026;05:00;11.7;0;SOLEIL;3;6.5;0
Cahors;44.44;1.44;21/09/2026;06:00;11.7;0;SOLEIL;3;6.4;0
Cahors;44.44;1.44;21/09/2026;07:00;11.7;0;SOLEIL;3;5.9;0
Cahors;44.44;1.44;21/09/2026;08:00;15.0;0;SOLEIL;5;5.4;0
Cahors;44.44;1.44;21/09/2026;09:00;17.1;0;SOLEIL;5;6.1;0
Cahors;44.44;1.44;21/09/2026;10:00;19.3;0;SOLEIL;5;9.0;0
Cahors;44.44;1.44;21/09/2026;11:00;27.2;0;SOLEIL;4;12.6;0
Cahors;44.44;1.44;21/09/2026;12:00;27.2;0;SOLEIL;4;15.8;0
Cahors;44.44;1.44;21/09/2026;13:00;27.2;0;SOLEIL;4;19.8;0
Cahors;44.44;1.44;21/09/2026;14:00;27.9;0;SOLEIL;5;23.4;0
Cahors;44.44;1.44;21/09/2026;15:00;30.0;0;SOLEIL;5;27.7;0
Cahors;44.44;1.44;21/09/2026;16:00;27.9;0;SOLEIL;5;32.4;0
Cahors;44.44;1.44;21/09/2026;17:00;24.6;0;SOLEIL;3;34.9;0
Cahors;44.44;1.44;21/09/2026;18:00;24.6;0;SOLEIL;3;34.2;0
Cahors;44.44;1.44;21/09/2026;19:00;24.6;0;SOLEIL;3;31.3;0
Cahors;44.44;1.44;21/09/2026;20:00;19.3;0;SOLEIL;5;28.1;0
Cahors;44.44;1.44;21/09/2026;21:00;17.1;0;SOLEIL;5;24.1;0
Cahors;44.44;1.44;21/09/2026;22:00;15.0;0;SOLEIL;5;19.8;0
Cahors;44.44;1.44;21/09/2026;23:00;13.1;0;SOLEIL;3;15.8;0
Saint-Céré;44.86;1.89;17/09/2026;00:00;11.9;0;SOLEIL;0;10.8;0
Saint-Céré;44.86;1.89;17/09/2026;01:00;11.1;0;SOLEIL;0;11.5;0
Saint-Céré;44.86;1.89;17/09/2026;02:00;10.5;0;SOLEIL;0;11.2;0
Saint-Céré;44.86;1.89;17/09/2026;03:00;9.4;0;SOLEIL;0;9.7;0
Saint-Céré;44.86;1.89;17/09/2026;04:00;9.2;0;SOLEIL;1;9.7;0
Saint-Céré;44.86;1.89;17/09/2026;05:00;8.5;0;SOLEIL;0;8.6;0
Saint-Céré;44.86;1.89;17/09/2026;06:00;8.6;0;SOLEIL;0;10.4;0
Saint-Céré;44.86;1.89;17/09/2026;07:00;12.4;0;SOLEIL;0;10.4;0
Saint-Céré;44.86;1.89;17/09/2026;08:00;15.2;0;SOLEIL;0;9.7;0
Saint-Céré;44.86;1.89;17/09/2026;09:00;17.9;0;SOLEIL;1;8.3;0
Saint-Céré;44.86;1.89;17/09/2026;10:00;20.2;0;SOLEIL;2;6.8;0
Saint-Céré;44.86;1.89;17/09/2026;11:00;22;0;SOLEIL;2;9.4;0
Saint-Céré;44.86;1.89;17/09/2026;12:00;22.2;5;SOLEIL VOILÉ;3;14.8;0
Saint-Céré;44.86;1.89;17/09/2026;13:00;23.5;5;SOLEIL VOILÉ;3;19.1;0
Saint-Céré;44.86;1.89;17/09/2026;14:00;23.6;5;SOLEIL VOILÉ;3;20.2;0
Saint-Céré;44.86;1.89;17/09/2026;15:00;23.6;5;SOLEIL VOILÉ;3;19.8;0
Saint-Céré;44.86;1.89;17/09/2026;16:00;23.6;5;SOLEIL VOILÉ;4;25.9;0
Saint-Céré;44.86;1.89;17/09/2026;17:00;23.1;5;SOLEIL VOILÉ;3;24.5;0
Saint-Céré;44.86;1.89;17/09/2026;18:00;20.7;5;SOLEIL VOILÉ;3;16.6;0
Saint-Céré;44.86;1.89;17/09/2026;19:00;18.3;5;SOLEIL VOILÉ;2;15.1;0
Saint-Céré;44.86;1.89;17/09/2026;20:00;17.1;5;SOLEIL VOILÉ;2;24.1;0
Saint-Céré;44.86;1.89;17/09/2026;21:00;15.5;5;SOLEIL VOILÉ;1;17.6;0
Saint-Céré;44.86;1.89;17/09/2026;22:00;14.6;5;SOLEIL VOILÉ;2;6.5;0
Saint-Céré;44.86;1.89;17/09/2026;23:00;13.9;5;SOLEIL VOILÉ;1;9.4;0
Saint-Céré;44.86;1.89;18/09/2026;00:00;14.1;5;SOLEIL VOILÉ;1;9.4;0
Saint-Céré;44.86;1.89;18/09/2026;01:00;14.1;5;SOLEIL VOILÉ;1;5.8;0
Saint-Céré;44.86;1.89;18/09/2026;02:00;12.5;5;SOLEIL VOILÉ;1;3.6;0
Saint-Céré;44.86;1.89;18/09/2026;03:00;12.5;5;SOLEIL VOILÉ;1;3.6;0
Saint-Céré;44.86;1.89;18/09/2026;04:00;12.5;5;SOLEIL VOILÉ;1;5.0;0
Saint-Céré;44.86;1.89;18/09/2026;05:00;12.5;2;NUAGEUX;0;6.5;0
Saint-Céré;44.86;1.89;18/09/2026;06:00;12.5;2;NUAGEUX;0;6.5;0
Saint-Céré;44.86;1.89;18/09/2026;07:00;12.5;2;NUAGEUX;0;6.1;0
Saint-Céré;44.86;1.89;18/09/2026;08:00;17.6;2;NUAGEUX;1;9.4;0
Saint-Céré;44.86;1.89;18/09/2026;09:00;17.6;2;NUAGEUX;1;8.3;0
Saint-Céré;44.86;1.89;18/09/2026;10:00;17.6;2;NUAGEUX;1;7.6;0
Saint-Céré;44.86;1.89;18/09/2026;11:00;20.6;2;NUAGEUX;0;9.7;0
Saint-Céré;44.86;1.89;18/09/2026;12:00;20.6;2;NUAGEUX;0;10.0;0
Saint-Céré;44.86;1.89;18/09/2026;13:00;20.6;2;NUAGEUX;0;14.8;0
Saint-Céré;44.86;1.89;18/09/2026;14:00;23.1;0;SOLEIL;2;18.0;0
Saint-Céré;44.86;1.89;18/09/2026;15:00;23.1;0;SOLEIL;2;24.5;0
Saint-Céré;44.86;1.89;18/09/2026;16:00;23.1;0;SOLEIL;2;23.4;0
Saint-Céré;44.86;1.89;18/09/2026;17:00;21.1;0;SOLEIL;3;20.2;0
Saint-Céré;44.86;1.89;18/09/2026;18:00;21.1;0;SOLEIL;3;7.9;0
Saint-Céré;44.86;1.89;18/09/2026;19:00;21.1;0;SOLEIL;3;7.6;0
Saint-Céré;44.86;1.89;18/09/2026;20:00;15.2;0;SOLEIL;2;4.3;0
Saint-Céré;44.86;1.89;18/09/2026;21:00;15.2;0;SOLEIL;2;8.3;0
Saint-Céré;44.86;1.89;18/09/2026;22:00;15.2;0;SOLEIL;2;10.1;0
Saint-Céré;44.86;1.89;18/09/2026;23:00;11.2;0;SOLEIL;0;10.4;0
Saint-Céré;44.86;1.89;19/09/2026;00:00;11.2;0;SOLEIL;0;10.4;0
Saint-Céré;44.86;1.89;19/09/2026;01:00;11.2;0;SOLEIL;0;10.4;0
Saint-Céré;44.86;1.89;19/09/2026;02:00;9.1;0;SOLEIL;1;10.1;0
Saint-Céré;44.86;1.89;19/09/2026;03:00;9.1;0;SOLEIL;1;10.8;0
Saint-Céré;44.86;1.89;19/09/2026;04:00;9.1;0;SOLEIL;1;10.8;0
Saint-Céré;44.86;1.89;19/09/2026;05:00;8.4;0;SOLEIL;0;10.1;0
Saint-Céré;44.86;1.89;19/09/2026;06:00;8.4;0;SOLEIL;0;9.7;0
Saint-Céré;44.86;1.89;19/09/2026;07:00;8.4;0;SOLEIL;0;9.0;0
Saint-Céré;44.86;1.89;19/09/2026;08:00;18;0;SOLEIL;1;9.0;0
Saint-Céré;44.86;1.89;19/09/2026;09:00;18;0;SOLEIL;1;6.8;0
Saint-Céré;44.86;1.89;19/09/2026;10:00;18;0;SOLEIL;1;6.1;0
Saint-Céré;44.86;1.89;19/09/2026;11:00;23.6;0;SOLEIL;2;6.1;0
Saint-Céré;44.86;1.89;19/09/2026;12:00;23.6;0;SOLEIL;2;11.9;0
Saint-Céré;44.86;1.89;19/09/2026;13:00;23.6;0;SOLEIL;2;14.0;0
Saint-Céré;44.86;1.89;19/09/2026;14:00;27.2;0;SOLEIL;2;14.0;0
Saint-Céré;44.86;1.89;19/09/2026;15:00;27.2;0;SOLEIL;2;14.4;0
Saint-Céré;44.86;1.89;19/09/2026;16:00;27.2;0;SOLEIL;2;13.7;0
Saint-Céré;44.86;1.89;19/09/2026;17:00;22.6;0;SOLEIL;2;12.6;0
Saint-Céré;44.86;1.89;19/09/2026;18:00;22.6;0;SOLEIL;2;11.2;0
Saint-Céré;44.86;1.89;19/09/2026;19:00;22.6;0;SOLEIL;2;9.4;0
Saint-Céré;44.86;1.89;19/09/2026;20:00;16.5;0;SOLEIL;5;8.3;0
Saint-Céré;44.86;1.89;19/09/2026;21:00;14.3;0;SOLEIL;5;9.0;0
Saint-Céré;44.86;1.89;19/09/2026;22:00;12.1;0;SOLEIL;5;10.4;0
Saint-Céré;44.86;1.89;19/09/2026;23:00;11.4;0;SOLEIL;1;11.5;0
Saint-Céré;44.86;1.89;20/09/2026;00:00;11.4;0;SOLEIL;1;11.9;0
Saint-Céré;44.86;1.89;20/09/2026;01:00;11.4;0;SOLEIL;1;11.5;0
Saint-Céré;44.86;1.89;20/09/2026;02:00;8.9;2;NUAGEUX;5;11.5;0
Saint-Céré;44.86;1.89;20/09/2026;03:00;8.9;2;NUAGEUX;5;11.5;0
Saint-Céré;44.86;1.89;20/09/2026;04:00;8.9;2;NUAGEUX;5;11.5;0
Saint-Céré;44.86;1.89;20/09/2026;05:00;10.4;2;NUAGEUX;1;11.2;0
Saint-Céré;44.86;1.89;20/09/2026;06:00;10.4;2;NUAGEUX;1;10.8;0
Saint-Céré;44.86;1.89;20/09/2026;07:00;10.4;2;NUAGEUX;1;10.1;0
Saint-Céré;44.86;1.89;20/09/2026;08:00;13.2;2;NUAGEUX;5;9.7;0
Saint-Céré;44.86;1.89;20/09/2026;09:00;15.4;2;NUAGEUX;5;9.4;0
Saint-Céré;44.86;1.89;20/09/2026;10:00;17.6;2;NUAGEUX;5;9.7;0
Saint-Céré;44.86;1.89;20/09/2026;11:00;25.7;2;NUAGEUX;3;11.2;0
Saint-Céré;44.86;1.89;20/09/2026;12:00;25.7;2;NUAGEUX;3;15.1;0
Saint-Céré;44.86;1.89;20/09/2026;13:00;25.7;2;NUAGEUX;3;20.9;0
Saint-Céré;44.86;1.89;20/09/2026;14:00;26.2;2;NUAGEUX;5;25.2;0
Saint-Céré;44.86;1.89;20/09/2026;15:00;28.4;2;NUAGEUX;5;27.7;0
Saint-Céré;44.86;1.89;20/09/2026;16:00;26.2;2;NUAGEUX;5;29.5;0
Saint-Céré;44.86;1.89;20/09/2026;17:00;22.5;2;NUAGEUX;3;29.5;0
Saint-Céré;44.86;1.89;20/09/2026;18:00;22.5;2;NUAGEUX;3;28.1;0
Saint-Céré;44.86;1.89;20/09/2026;19:00;22.5;2;NUAGEUX;3;24.8;0
Saint-Céré;44.86;1.89;20/09/2026;20:00;17.6;2;NUAGEUX;5;21.2;0
Saint-Céré;44.86;1.89;20/09/2026;21:00;15.4;2;NUAGEUX;5;16.2;0
Saint-Céré;44.86;1.89;20/09/2026;22:00;13.2;2;NUAGEUX;5;10.4;0
Saint-Céré;44.86;1.89;20/09/2026;23:00;12.7;0;SOLEIL;2;5.8;0
Saint-Céré;44.86;1.89;21/09/2026;00:00;12.7;0;SOLEIL;2;3.6;0
Saint-Céré;44.86;1.89;21/09/2026;01:00;12.7;0;SOLEIL;2;2.9;0
Saint-Céré;44.86;1.89;21/09/2026;02:00;8;0;SOLEIL;5;2.5;0
Saint-Céré;44.86;1.89;21/09/2026;03:00;8;0;SOLEIL;5;1.8;0
Saint-Céré;44.86;1.89;21/09/2026;04:00;8;0;SOLEIL;5;1.4;0
Saint-Céré;44.86;1.89;21/09/2026;05:00;9;0;SOLEIL;2;1.1;0
Saint-Céré;44.86;1.89;21/09/2026;06:00;9;0;SOLEIL;2;3.1;0
Saint-Céré;44.86;1.89;21/09/2026;07:00;9;0;SOLEIL;2;4.9;0
Saint-Céré;44.86;1.89;21/09/2026;08:00;12.6;0;SOLEIL;5;6.4;0
Saint-Céré;44.86;1.89;21/09/2026;09:00;14.9;0;SOLEIL;5;10.8;0
Saint-Céré;44.86;1.89;21/09/2026;10:00;17.2;0;SOLEIL;5;11.5;0
Saint-Céré;44.86;1.89;21/09/2026;11:00;25.2;0;SOLEIL;3;13.7;0
Saint-Céré;44.86;1.89;21/09/2026;12:00;25.2;0;SOLEIL;3;19.1;0
Saint-Céré;44.86;1.89;21/09/2026;13:00;25.2;0;SOLEIL;3;25.9;0
Saint-Céré;44.86;1.89;21/09/2026;14:00;26.4;0;SOLEIL;5;31.7;0
Saint-Céré;44.86;1.89;21/09/2026;15:00;28.7;0;SOLEIL;5;35.3;0
Saint-Céré;44.86;1.89;21/09/2026;16:00;26.4;0;SOLEIL;5;37.8;0
Saint-Céré;44.86;1.89;21/09/2026;17:00;22.6;0;SOLEIL;3;38.5;0
Saint-Céré;44.86;1.89;21/09/2026;18:00;22.6;0;SOLEIL;3;37.4;0
Saint-Céré;44.86;1.89;21/09/2026;19:00;22.6;0;SOLEIL;3;35.3;0
Saint-Céré;44.86;1.89;21/09/2026;20:00;17.2;0;SOLEIL;5;31.7;0
Saint-Céré;44.86;1.89;21/09/2026;21:00;14.9;0;SOLEIL;5;27.0;0
Saint-Céré;44.86;1.89;21/09/2026;22:00;12.6;0;SOLEIL;5;21.2;0
Saint-Céré;44.86;1.89;21/09/2026;23:00;9.7;0;SOLEIL;2;16.2;0
Mende;44.51;3.5;17/09/2026;00:00;10.9;0;SOLEIL;1;12.6;0
Mende;44.51;3.5;17/09/2026;01:00;10.2;0;SOLEIL;1;11.5;0
Mende;44.51;3.5;17/09/2026;02:00;10;0;SOLEIL;1;13.0;0
Mende;44.51;3.5;17/09/2026;03:00;8.5;0;SOLEIL;0;13.7;0
Mende;44.51;3.5;17/09/2026;04:00;8.5;0;SOLEIL;0;14.8;0
Mende;44.51;3.5;17/09/2026;05:00;6.9;0;SOLEIL;0;15.1;0
Mende;44.51;3.5;17/09/2026;06:00;6.1;0;SOLEIL;0;15.1;0
Mende;44.51;3.5;17/09/2026;07:00;9;0;SOLEIL;1;13.0;0
Mende;44.51;3.5;17/09/2026;08:00;14;0;SOLEIL;2;12.2;0
Mende;44.51;3.5;17/09/2026;09:00;17.1;0;SOLEIL;3;14.4;0
Mende;44.51;3.5;17/09/2026;10:00;19.2;0;SOLEIL;3;19.1;0
Mende;44.51;3.5;17/09/2026;11:00;20.2;0;SOLEIL;3;28.1;0
Mende;44.51;3.5;17/09/2026;12:00;20.6;0;SOLEIL;3;32.4;0
Mende;44.51;3.5;17/09/2026;13:00;21.2;0;SOLEIL;3;32.0;0
Mende;44.51;3.5;17/09/2026;14:00;21.6;0;SOLEIL;3;32.0;0
Mende;44.51;3.5;17/09/2026;15:00;22.2;0;SOLEIL;3;30.6;0
Mende;44.51;3.5;17/09/2026;16:00;22.4;0;SOLEIL;3;29.2;0
Mende;44.51;3.5;17/09/2026;17:00;20.9;0;SOLEIL;2;28.1;0
Mende;44.51;3.5;17/09/2026;18:00;17.6;0;SOLEIL;3;30.6;0
Mende;44.51;3.5;17/09/2026;19:00;16.7;0;SOLEIL;2;27.7;0
Mende;44.51;3.5;17/09/2026;20:00;14.5;0;SOLEIL;2;22.3;0
Mende;44.51;3.5;17/09/2026;21:00;12.6;0;SOLEIL;1;15.8;0
Mende;44.51;3.5;17/09/2026;22:00;11.9;0;SOLEIL;1;15.1;0
Mende;44.51;3.5;17/09/2026;23:00;10.5;0;SOLEIL;1;13.0;0
Mende;44.51;3.5;18/09/2026;00:00;9.6;5;SOLEIL VOILÉ;1;10.4;0
Mende;44.51;3.5;18/09/2026;01:00;9.6;5;SOLEIL VOILÉ;1;10.1;0
Mende;44.51;3.5;18/09/2026;02:00;7.6;5;SOLEIL VOILÉ;1;9.7;0
Mende;44.51;3.5;18/09/2026;03:00;7.6;5;SOLEIL VOILÉ;1;9.4;0
Mende;44.51;3.5;18/09/2026;04:00;7.6;5;SOLEIL VOILÉ;1;10.4;0
Mende;44.51;3.5;18/09/2026;05:00;7.9;0;SOLEIL;2;9.0;0
Mende;44.51;3.5;18/09/2026;06:00;7.9;0;SOLEIL;2;9.4;0
Mende;44.51;3.5;18/09/2026;07:00;7.9;0;SOLEIL;2;7.9;0
Mende;44.51;3.5;18/09/2026;08:00;16.6;0;SOLEIL;3;8.3;0
Mende;44.51;3.5;18/09/2026;09:00;16.6;0;SOLEIL;3;7.9;0
Mende;44.51;3.5;18/09/2026;10:00;16.6;0;SOLEIL;3;15.8;0
Mende;44.51;3.5;18/09/2026;11:00;21.4;0;SOLEIL;4;32.4;0
Mende;44.51;3.5;18/09/2026;12:00;21.4;0;SOLEIL;4;35.0;0
Mende;44.51;3.5;18/09/2026;13:00;21.4;0;SOLEIL;4;36.0;0
Mende;44.51;3.5;18/09/2026;14:00;22.4;0;SOLEIL;3;37.4;0
Mende;44.51;3.5;18/09/2026;15:00;22.4;0;SOLEIL;3;37.8;0
Mende;44.51;3.5;18/09/2026;16:00;22.4;0;SOLEIL;3;38.9;0
Mende;44.51;3.5;18/09/2026;17:00;18;0;SOLEIL;3;32.4;0
Mende;44.51;3.5;18/09/2026;18:00;18;0;SOLEIL;3;29.2;0
Mende;44.51;3.5;18/09/2026;19:00;18;0;SOLEIL;3;29.9;0
Mende;44.51;3.5;18/09/2026;20:00;13.1;0;SOLEIL;2;25.9;0
Mende;44.51;3.5;18/09/2026;21:00;13.1;0;SOLEIL;2;14.4;0
Mende;44.51;3.5;18/09/2026;22:00;13.1;0;SOLEIL;2;13.0;0
Mende;44.51;3.5;18/09/2026;23:00;10.1;0;SOLEIL;2;9.7;0
Mende;44.51;3.5;19/09/2026;00:00;10.1;0;SOLEIL;2;6.1;0
Mende;44.51;3.5;19/09/2026;01:00;10.1;0;SOLEIL;2;5.8;0
Mende;44.51;3.5;19/09/2026;02:00;7.6;0;SOLEIL;2;5.0;0
Mende;44.51;3.5;19/09/2026;03:00;7.6;0;SOLEIL;2;4.3;0
Mende;44.51;3.5;19/09/2026;04:00;7.6;0;SOLEIL;2;4.0;0
Mende;44.51;3.5;19/09/2026;05:00;6.9;0;SOLEIL;2;4.0;0
Mende;44.51;3.5;19/09/2026;06:00;6.9;0;SOLEIL;2;4.0;0
Mende;44.51;3.5;19/09/2026;07:00;6.9;0;SOLEIL;2;3.6;0
Mende;44.51;3.5;19/09/2026;08:00;17.6;0;SOLEIL;2;6.1;0
Mende;44.51;3.5;19/09/2026;09:00;17.6;0;SOLEIL;2;7.6;0
Mende;44.51;3.5;19/09/2026;10:00;17.6;0;SOLEIL;2;9.0;0
Mende;44.51;3.5;19/09/2026;11:00;24.1;0;SOLEIL;2;15.1;0
Mende;44.51;3.5;19/09/2026;12:00;24.1;0;SOLEIL;2;16.6;0
Mende;44.51;3.5;19/09/2026;13:00;24.1;0;SOLEIL;2;15.8;0
Mende;44.51;3.5;19/09/2026;14:00;25.6;0;SOLEIL;3;15.1;0
Mende;44.51;3.5;19/09/2026;15:00;25.6;0;SOLEIL;3;13.7;0
Mende;44.51;3.5;19/09/2026;16:00;25.6;0;SOLEIL;3;11.9;0
Mende;44.51;3.5;19/09/2026;17:00;20.6;0;SOLEIL;3;11.5;0
Mende;44.51;3.5;19/09/2026;18:00;20.6;0;SOLEIL;3;14.8;0
Mende;44.51;3.5;19/09/2026;19:00;20.6;0;SOLEIL;3;19.4;0
Mende;44.51;3.5;19/09/2026;20:00;15.1;0;SOLEIL;5;21.6;0
Mende;44.51;3.5;19/09/2026;21:00;12.8;0;SOLEIL;5;19.1;0
Mende;44.51;3.5;19/09/2026;22:00;10.5;0;SOLEIL;5;14.0;0
Mende;44.51;3.5;19/09/2026;23:00;10.1;0;SOLEIL;2;10.4;0
Mende;44.51;3.5;20/09/2026;00:00;10.1;0;SOLEIL;2;9.7;0
Mende;44.51;3.5;20/09/2026;01:00;10.1;0;SOLEIL;2;10.1;0
Mende;44.51;3.5;20/09/2026;02:00;7.5;2;NUAGEUX;5;10.4;0
Mende;44.51;3.5;20/09/2026;03:00;7.5;2;NUAGEUX;5;10.4;0
Mende;44.51;3.5;20/09/2026;04:00;7.5;2;NUAGEUX;5;10.4;0
Mende;44.51;3.5;20/09/2026;05:00;8.6;2;NUAGEUX;1;10.4;0
Mende;44.51;3.5;20/09/2026;06:00;8.6;2;NUAGEUX;1;10.4;0
Mende;44.51;3.5;20/09/2026;07:00;8.6;2;NUAGEUX;1;10.8;0
Mende;44.51;3.5;20/09/2026;08:00;12.1;2;NUAGEUX;5;11.2;0
Mende;44.51;3.5;20/09/2026;09:00;14.5;2;NUAGEUX;5;11.5;0
Mende;44.51;3.5;20/09/2026;10:00;16.8;2;NUAGEUX;5;12.6;0
Mende;44.51;3.5;20/09/2026;11:00;26.9;2;NUAGEUX;4;14.0;0
Mende;44.51;3.5;20/09/2026;12:00;26.9;2;NUAGEUX;4;17.3;0
Mende;44.51;3.5;20/09/2026;13:00;26.9;2;NUAGEUX;4;21.6;0
Mende;44.51;3.5;20/09/2026;14:00;26.1;2;NUAGEUX;5;24.5;0
Mende;44.51;3.5;20/09/2026;15:00;28.4;2;NUAGEUX;5;25.2;0
Mende;44.51;3.5;20/09/2026;16:00;26.1;2;NUAGEUX;5;24.5;0
Mende;44.51;3.5;20/09/2026;17:00;21;2;NUAGEUX;4;24.5;0
Mende;44.51;3.5;20/09/2026;18:00;21;2;NUAGEUX;4;26.3;0
Mende;44.51;3.5;20/09/2026;19:00;21;2;NUAGEUX;4;28.4;0
Mende;44.51;3.5;20/09/2026;20:00;16.8;2;NUAGEUX;5;28.1;0
Mende;44.51;3.5;20/09/2026;21:00;14.5;2;NUAGEUX;5;23.4;0
Mende;44.51;3.5;20/09/2026;22:00;12.1;2;NUAGEUX;5;16.6;0
Mende;44.51;3.5;20/09/2026;23:00;14;0;SOLEIL;4;10.8;0
Mende;44.51;3.5;21/09/2026;00:00;14;0;SOLEIL;4;7.9;0
Mende;44.51;3.5;21/09/2026;01:00;14;0;SOLEIL;4;6.5;0
Mende;44.51;3.5;21/09/2026;02:00;10.5;0;SOLEIL;5;5.8;0
Mende;44.51;3.5;21/09/2026;03:00;10.5;0;SOLEIL;5;5.8;0
Mende;44.51;3.5;21/09/2026;04:00;10.5;0;SOLEIL;5;6.1;0
Mende;44.51;3.5;21/09/2026;05:00;11.1;0;SOLEIL;5;7.2;0
Mende;44.51;3.5;21/09/2026;06:00;11.1;0;SOLEIL;5;11.9;0
Mende;44.51;3.5;21/09/2026;07:00;11.1;0;SOLEIL;5;16.6;0
Mende;44.51;3.5;21/09/2026;08:00;13.8;0;SOLEIL;5;20.8;0
Mende;44.51;3.5;21/09/2026;09:00;15.4;0;SOLEIL;5;28.4;0
Mende;44.51;3.5;21/09/2026;10:00;17.0;0;SOLEIL;5;36.0;0
Mende;44.51;3.5;21/09/2026;11:00;22.6;0;SOLEIL;5;42.5;0
Mende;44.51;3.5;21/09/2026;12:00;22.6;0;SOLEIL;5;46.8;0
Mende;44.51;3.5;21/09/2026;13:00;22.6;0;SOLEIL;5;50.0;0
Mende;44.51;3.5;21/09/2026;14:00;23.6;0;SOLEIL;5;51.8;0
Mende;44.51;3.5;21/09/2026;15:00;25.2;0;SOLEIL;5;51.8;0
Mende;44.51;3.5;21/09/2026;16:00;23.6;0;SOLEIL;5;50.8;0
Mende;44.51;3.5;21/09/2026;17:00;19.5;0;SOLEIL;5;49.0;0
Mende;44.51;3.5;21/09/2026;18:00;19.5;0;SOLEIL;5;46.1;0
Mende;44.51;3.5;21/09/2026;19:00;19.5;0;SOLEIL;5;42.8;0
Mende;44.51;3.5;21/09/2026;20:00;17.0;0;SOLEIL;5;40.0;0
Mende;44.51;3.5;21/09/2026;21:00;15.4;0;SOLEIL;5;38.5;0
Mende;44.51;3.5;21/09/2026;22:00;13.8;0;SOLEIL;5;37.4;0
Mende;44.51;3.5;21/09/2026;23:00;11.9;0;SOLEIL;5;36.4;0
Tarbes;43.23;0.07;17/09/2026;00:00;15.2;2;NUAGEUX;2;9.0;0
Tarbes;43.23;0.07;17/09/2026;01:00;14.5;2;NUAGEUX;2;9.0;0
Tarbes;43.23;0.07;17/09/2026;02:00;14.4;2;NUAGEUX;2;8.3;0
Tarbes;43.23;0.07;17/09/2026;03:00;14.6;2;NUAGEUX;2;8.3;0
Tarbes;43.23;0.07;17/09/2026;04:00;14;2;NUAGEUX;2;7.6;0
Tarbes;43.23;0.07;17/09/2026;05:00;13.6;2;NUAGEUX;2;7.6;0
Tarbes;43.23;0.07;17/09/2026;06:00;13.7;2;NUAGEUX;2;7.9;0
Tarbes;43.23;0.07;17/09/2026;07:00;14.5;2;NUAGEUX;2;7.9;0
Tarbes;43.23;0.07;17/09/2026;08:00;16.1;2;NUAGEUX;2;6.1;0
Tarbes;43.23;0.07;17/09/2026;09:00;17.6;2;NUAGEUX;2;5.4;0
Tarbes;43.23;0.07;17/09/2026;10:00;19.3;2;NUAGEUX;2;10.8;0
Tarbes;43.23;0.07;17/09/2026;11:00;19.9;2;NUAGEUX;2;9.0;0
Tarbes;43.23;0.07;17/09/2026;12:00;20.1;2;NUAGEUX;3;9.0;0
Tarbes;43.23;0.07;17/09/2026;13:00;20.5;2;NUAGEUX;3;8.6;0
Tarbes;43.23;0.07;17/09/2026;14:00;21.5;2;NUAGEUX;3;9.0;0
Tarbes;43.23;0.07;17/09/2026;15:00;20.6;5;SOLEIL VOILÉ;3;10.8;0
Tarbes;43.23;0.07;17/09/2026;16:00;21;2;NUAGEUX;4;12.6;0
Tarbes;43.23;0.07;17/09/2026;17:00;20.5;2;NUAGEUX;4;13.7;0
Tarbes;43.23;0.07;17/09/2026;18:00;19;2;NUAGEUX;3;15.5;0
Tarbes;43.23;0.07;17/09/2026;19:00;17.4;2;NUAGEUX;3;20.2;0
Tarbes;43.23;0.07;17/09/2026;20:00;17.4;2;NUAGEUX;3;20.2;0
Tarbes;43.23;0.07;17/09/2026;21:00;17.4;2;NUAGEUX;3;24.5;0
Tarbes;43.23;0.07;17/09/2026;22:00;16.6;2;NUAGEUX;3;24.5;0
Tarbes;43.23;0.07;17/09/2026;23:00;15.9;5;SOLEIL VOILÉ;2;20.2;0
Tarbes;43.23;0.07;18/09/2026;00:00;15.2;5;SOLEIL VOILÉ;2;16.9;0
Tarbes;43.23;0.07;18/09/2026;01:00;15.2;5;SOLEIL VOILÉ;2;14.0;0
Tarbes;43.23;0.07;18/09/2026;02:00;14.6;5;SOLEIL VOILÉ;2;11.2;0
Tarbes;43.23;0.07;18/09/2026;03:00;14.6;5;SOLEIL VOILÉ;2;10.4;0
Tarbes;43.23;0.07;18/09/2026;04:00;14.6;5;SOLEIL VOILÉ;2;10.4;0
Tarbes;43.23;0.07;18/09/2026;05:00;13.6;0;SOLEIL;1;8.3;0
Tarbes;43.23;0.07;18/09/2026;06:00;13.6;0;SOLEIL;1;5.8;0
Tarbes;43.23;0.07;18/09/2026;07:00;13.6;0;SOLEIL;1;5.8;0
Tarbes;43.23;0.07;18/09/2026;08:00;19;0;SOLEIL;2;7.6;0
Tarbes;43.23;0.07;18/09/2026;09:00;19;0;SOLEIL;2;9.0;0
Tarbes;43.23;0.07;18/09/2026;10:00;19;0;SOLEIL;2;9.0;0
Tarbes;43.23;0.07;18/09/2026;11:00;22.2;2;NUAGEUX;3;7.6;0
Tarbes;43.23;0.07;18/09/2026;12:00;22.2;2;NUAGEUX;3;7.2;0
Tarbes;43.23;0.07;18/09/2026;13:00;22.2;2;NUAGEUX;3;10.4;0
Tarbes;43.23;0.07;18/09/2026;14:00;23.1;0;SOLEIL;4;12.1;0
Tarbes;43.23;0.07;18/09/2026;15:00;23.1;0;SOLEIL;4;12.6;0
Tarbes;43.23;0.07;18/09/2026;16:00;23.1;0;SOLEIL;4;15.1;0
Tarbes;43.23;0.07;18/09/2026;17:00;20.1;2;NUAGEUX;4;22.0;0
Tarbes;43.23;0.07;18/09/2026;18:00;20.1;2;NUAGEUX;4;23.8;0
Tarbes;43.23;0.07;18/09/2026;19:00;20.1;2;NUAGEUX;4;22.7;0
Tarbes;43.23;0.07;18/09/2026;20:00;17.9;2;NUAGEUX;3;15.5;0
Tarbes;43.23;0.07;18/09/2026;21:00;17.9;2;NUAGEUX;3;19.1;0
Tarbes;43.23;0.07;18/09/2026;22:00;17.9;2;NUAGEUX;3;16.2;0
Tarbes;43.23;0.07;18/09/2026;23:00;15.1;0;SOLEIL;2;8.6;0
Tarbes;43.23;0.07;19/09/2026;00:00;15.1;0;SOLEIL;2;10.1;0
Tarbes;43.23;0.07;19/09/2026;01:00;15.1;0;SOLEIL;2;10.4;0
Tarbes;43.23;0.07;19/09/2026;02:00;12.6;0;SOLEIL;2;10.1;0
Tarbes;43.23;0.07;19/09/2026;03:00;12.6;0;SOLEIL;2;11.2;0
Tarbes;43.23;0.07;19/09/2026;04:00;12.6;0;SOLEIL;2;11.2;0
Tarbes;43.23;0.07;19/09/2026;05:00;11.5;0;SOLEIL;2;7.9;0
Tarbes;43.23;0.07;19/09/2026;06:00;11.5;0;SOLEIL;2;6.1;0
Tarbes;43.23;0.07;19/09/2026;07:00;11.5;0;SOLEIL;2;5.0;0
Tarbes;43.23;0.07;19/09/2026;08:00;18.6;0;SOLEIL;1;4.0;0
Tarbes;43.23;0.07;19/09/2026;09:00;18.6;0;SOLEIL;1;5.8;0
Tarbes;43.23;0.07;19/09/2026;10:00;18.6;0;SOLEIL;1;9.4;0
Tarbes;43.23;0.07;19/09/2026;11:00;22.6;0;SOLEIL;3;16.2;0
Tarbes;43.23;0.07;19/09/2026;12:00;22.6;0;SOLEIL;3;16.2;0
Tarbes;43.23;0.07;19/09/2026;13:00;22.6;0;SOLEIL;3;13.0;0
Tarbes;43.23;0.07;19/09/2026;14:00;25.1;0;SOLEIL;2;15.8;0
Tarbes;43.23;0.07;19/09/2026;15:00;25.1;0;SOLEIL;2;18.0;0
Tarbes;43.23;0.07;19/09/2026;16:00;25.1;0;SOLEIL;2;20.9;0
Tarbes;43.23;0.07;19/09/2026;17:00;22.9;0;SOLEIL;2;22.0;0
Tarbes;43.23;0.07;19/09/2026;18:00;22.9;0;SOLEIL;2;20.2;0
Tarbes;43.23;0.07;19/09/2026;19:00;22.9;0;SOLEIL;2;16.6;0
Tarbes;43.23;0.07;19/09/2026;20:00;17.3;0;SOLEIL;5;13.3;0
Tarbes;43.23;0.07;19/09/2026;21:00;15.6;0;SOLEIL;5;10.8;0
Tarbes;43.23;0.07;19/09/2026;22:00;14.0;0;SOLEIL;5;8.6;0
Tarbes;43.23;0.07;19/09/2026;23:00;15.2;0;SOLEIL;2;7.6;0
Tarbes;43.23;0.07;20/09/2026;00:00;15.2;0;SOLEIL;2;9.0;0
Tarbes;43.23;0.07;20/09/2026;01:00;15.2;0;SOLEIL;2;11.9;0
Tarbes;43.23;0.07;20/09/2026;02:00;13.2;0;SOLEIL;5;13.7;0
Tarbes;43.23;0.07;20/09/2026;03:00;13.2;0;SOLEIL;5;13.7;0
Tarbes;43.23;0.07;20/09/2026;04:00;13.2;0;SOLEIL;5;13.0;0
Tarbes;43.23;0.07;20/09/2026;05:00;14.2;0;SOLEIL;2;12.2;0
Tarbes;43.23;0.07;20/09/2026;06:00;14.2;0;SOLEIL;2;11.9;0
Tarbes;43.23;0.07;20/09/2026;07:00;14.2;0;SOLEIL;2;11.2;0
Tarbes;43.23;0.07;20/09/2026;08:00;16.2;0;SOLEIL;5;11.5;0
Tarbes;43.23;0.07;20/09/2026;09:00;17.8;0;SOLEIL;5;13.0;0
Tarbes;43.23;0.07;20/09/2026;10:00;19.3;0;SOLEIL;5;15.5;0
Tarbes;43.23;0.07;20/09/2026;11:00;25;0;SOLEIL;2;16.9;0
Tarbes;43.23;0.07;20/09/2026;12:00;25;0;SOLEIL;2;16.9;0
Tarbes;43.23;0.07;20/09/2026;13:00;25;0;SOLEIL;2;16.6;0
Tarbes;43.23;0.07;20/09/2026;14:00;25.4;0;SOLEIL;5;16.2;0
Tarbes;43.23;0.07;20/09/2026;15:00;26.9;0;SOLEIL;5;16.6;0
Tarbes;43.23;0.07;20/09/2026;16:00;25.4;0;SOLEIL;5;16.9;0
Tarbes;43.23;0.07;20/09/2026;17:00;22.1;0;SOLEIL;1;16.9;0
Tarbes;43.23;0.07;20/09/2026;18:00;22.1;0;SOLEIL;1;15.8;0
Tarbes;43.23;0.07;20/09/2026;19:00;22.1;0;SOLEIL;1;14.0;0
Tarbes;43.23;0.07;20/09/2026;20:00;19.3;0;SOLEIL;5;13.3;0
Tarbes;43.23;0.07;20/09/2026;21:00;17.8;0;SOLEIL;5;15.1;0
Tarbes;43.23;0.07;20/09/2026;22:00;16.2;0;SOLEIL;5;17.6;0
Tarbes;43.23;0.07;20/09/2026;23:00;16.4;0;SOLEIL;2;18.7;0
Tarbes;43.23;0.07;21/09/2026;00:00;16.4;0;SOLEIL;2;16.2;0
Tarbes;43.23;0.07;21/09/2026;01:00;16.4;0;SOLEIL;2;12.2;0
Tarbes;43.23;0.07;21/09/2026;02:00;13.9;0;SOLEIL;5;9.4;0
Tarbes;43.23;0.07;21/09/2026;03:00;13.9;0;SOLEIL;5;9.0;0
Tarbes;43.23;0.07;21/09/2026;04:00;13.9;0;SOLEIL;5;10.1;0
Tarbes;43.23;0.07;21/09/2026;05:00;15.1;0;SOLEIL;1;10.8;0
Tarbes;43.23;0.07;21/09/2026;06:00;15.1;0;SOLEIL;1;10.9;0
Tarbes;43.23;0.07;21/09/2026;07:00;15.1;0;SOLEIL;1;10.6;0
Tarbes;43.23;0.07;21/09/2026;08:00;16.9;0;SOLEIL;5;10.3;0
Tarbes;43.23;0.07;21/09/2026;09:00;18.3;0;SOLEIL;5;11.2;0
Tarbes;43.23;0.07;21/09/2026;10:00;19.8;0;SOLEIL;5;9.0;0
Tarbes;43.23;0.07;21/09/2026;11:00;25.1;0;SOLEIL;2;8.6;0
Tarbes;43.23;0.07;21/09/2026;12:00;25.1;0;SOLEIL;2;11.5;0
Tarbes;43.23;0.07;21/09/2026;13:00;25.1;0;SOLEIL;2;15.8;0
Tarbes;43.23;0.07;21/09/2026;14:00;25.7;0;SOLEIL;5;19.1;0
Tarbes;43.23;0.07;21/09/2026;15:00;27.2;0;SOLEIL;5;20.5;0
Tarbes;43.23;0.07;21/09/2026;16:00;25.7;0;SOLEIL;5;20.5;0
Tarbes;43.23;0.07;21/09/2026;17:00;22.6;0;SOLEIL;1;19.8;0
Tarbes;43.23;0.07;21/09/2026;18:00;22.6;0;SOLEIL;1;17.3;0
Tarbes;43.23;0.07;21/09/2026;19:00;22.6;0;SOLEIL;1;14.0;0
Tarbes;43.23;0.07;21/09/2026;20:00;19.8;0;SOLEIL;5;11.9;0
Tarbes;43.23;0.07;21/09/2026;21:00;18.3;0;SOLEIL;5;12.2;0
Tarbes;43.23;0.07;21/09/2026;22:00;16.9;0;SOLEIL;5;13.7;0
Tarbes;43.23;0.07;21/09/2026;23:00;16;0;SOLEIL;0;14.4;0
Font-Romeu;42.5;2.04;17/09/2026;00:00;9.6;5;SOLEIL VOILÉ;0;29.9;0
Font-Romeu;42.5;2.04;17/09/2026;01:00;10;5;SOLEIL VOILÉ;0;19.8;0
Font-Romeu;42.5;2.04;17/09/2026;02:00;9.7;5;SOLEIL VOILÉ;1;9.7;0
Font-Romeu;42.5;2.04;17/09/2026;03:00;9.6;5;SOLEIL VOILÉ;1;8.3;0
Font-Romeu;42.5;2.04;17/09/2026;04:00;9.4;5;SOLEIL VOILÉ;1;4.0;0
Font-Romeu;42.5;2.04;17/09/2026;05:00;9.4;5;SOLEIL VOILÉ;1;8.6;0
Font-Romeu;42.5;2.04;17/09/2026;06:00;9;5;SOLEIL VOILÉ;1;9.0;0
Font-Romeu;42.5;2.04;17/09/2026;07:00;9.6;0;SOLEIL;0;11.2;0
Font-Romeu;42.5;2.04;17/09/2026;08:00;11.7;0;SOLEIL;1;16.2;0
Font-Romeu;42.5;2.04;17/09/2026;09:00;13.1;0;SOLEIL;2;11.2;0
Font-Romeu;42.5;2.04;17/09/2026;10:00;13.7;0;SOLEIL;2;7.2;0
Font-Romeu;42.5;2.04;17/09/2026;11:00;13.8;0;SOLEIL;3;18.4;0
Font-Romeu;42.5;2.04;17/09/2026;12:00;15.4;2;NUAGEUX;4;20.9;0
Font-Romeu;42.5;2.04;17/09/2026;13:00;16.4;2;NUAGEUX;4;26.6;0
Font-Romeu;42.5;2.04;17/09/2026;14:00;15.2;2;NUAGEUX;4;25.6;0
Font-Romeu;42.5;2.04;17/09/2026;15:00;14.5;2;NUAGEUX;4;27.7;0
Font-Romeu;42.5;2.04;17/09/2026;16:00;14;2;NUAGEUX;3;18.4;0
Font-Romeu;42.5;2.04;17/09/2026;17:00;13.2;6;AVERSES;3;25.9;0.1
Font-Romeu;42.5;2.04;17/09/2026;18:00;10.7;6;AVERSES;3;31.3;0.1
Font-Romeu;42.5;2.04;17/09/2026;19:00;10.3;2;NUAGEUX;2;36.0;0
Font-Romeu;42.5;2.04;17/09/2026;20:00;10;2;NUAGEUX;0;36.0;0
Font-Romeu;42.5;2.04;17/09/2026;21:00;10;2;NUAGEUX;1;32.8;0
Font-Romeu;42.5;2.04;17/09/2026;22:00;9.9;0;SOLEIL;1;21.6;0
Font-Romeu;42.5;2.04;17/09/2026;23:00;9.4;0;SOLEIL;1;7.6;0
Font-Romeu;42.5;2.04;18/09/2026;00:00;9.1;0;SOLEIL;1;7.9;0
Font-Romeu;42.5;2.04;18/09/2026;01:00;9.1;0;SOLEIL;1;5.4;0
Font-Romeu;42.5;2.04;18/09/2026;02:00;7.6;3;TRÈS NUAGEUX;1;7.9;0
Font-Romeu;42.5;2.04;18/09/2026;03:00;7.6;3;TRÈS NUAGEUX;1;9.0;0
Font-Romeu;42.5;2.04;18/09/2026;04:00;7.6;3;TRÈS NUAGEUX;1;10.8;0
Font-Romeu;42.5;2.04;18/09/2026;05:00;7;3;TRÈS NUAGEUX;1;10.1;0
Font-Romeu;42.5;2.04;18/09/2026;06:00;7;3;TRÈS NUAGEUX;1;9.7;0
Font-Romeu;42.5;2.04;18/09/2026;07:00;7;3;TRÈS NUAGEUX;1;9.4;0
Font-Romeu;42.5;2.04;18/09/2026;08:00;12.7;0;SOLEIL;2;9.4;0
Font-Romeu;42.5;2.04;18/09/2026;09:00;12.7;0;SOLEIL;2;8.3;0
Font-Romeu;42.5;2.04;18/09/2026;10:00;12.7;0;SOLEIL;2;7.6;0
Font-Romeu;42.5;2.04;18/09/2026;11:00;16;0;SOLEIL;3;12.2;0
Font-Romeu;42.5;2.04;18/09/2026;12:00;16;0;SOLEIL;3;16.3;0
Font-Romeu;42.5;2.04;18/09/2026;13:00;16;0;SOLEIL;3;21.2;0
Font-Romeu;42.5;2.04;18/09/2026;14:00;14;2;NUAGEUX;3;24.8;0
Font-Romeu;42.5;2.04;18/09/2026;15:00;14;2;NUAGEUX;3;23.4;0
Font-Romeu;42.5;2.04;18/09/2026;16:00;14;2;NUAGEUX;3;31.0;0
Font-Romeu;42.5;2.04;18/09/2026;17:00;10.6;0;SOLEIL;2;32.8;0
Font-Romeu;42.5;2.04;18/09/2026;18:00;10.6;0;SOLEIL;2;33.8;0
Font-Romeu;42.5;2.04;18/09/2026;19:00;10.6;0;SOLEIL;2;32.4;0
Font-Romeu;42.5;2.04;18/09/2026;20:00;8.1;0;SOLEIL;2;20.9;0
Font-Romeu;42.5;2.04;18/09/2026;21:00;8.1;0;SOLEIL;2;18.7;0
Font-Romeu;42.5;2.04;18/09/2026;22:00;8.1;0;SOLEIL;2;17.6;0
Font-Romeu;42.5;2.04;18/09/2026;23:00;7.1;0;SOLEIL;0;13.7;0
Font-Romeu;42.5;2.04;19/09/2026;00:00;7.1;0;SOLEIL;0;9.7;0
Font-Romeu;42.5;2.04;19/09/2026;01:00;7.1;0;SOLEIL;0;6.5;0
Font-Romeu;42.5;2.04;19/09/2026;02:00;6.1;0;SOLEIL;0;6.1;0
Font-Romeu;42.5;2.04;19/09/2026;03:00;6.1;0;SOLEIL;0;7.2;0
Font-Romeu;42.5;2.04;19/09/2026;04:00;6.1;0;SOLEIL;0;7.2;0
Font-Romeu;42.5;2.04;19/09/2026;05:00;5.1;0;SOLEIL;1;6.8;0
Font-Romeu;42.5;2.04;19/09/2026;06:00;5.1;0;SOLEIL;1;5.0;0
Font-Romeu;42.5;2.04;19/09/2026;07:00;5.1;0;SOLEIL;1;4.3;0
Font-Romeu;42.5;2.04;19/09/2026;08:00;13.9;0;SOLEIL;1;4.3;0
Font-Romeu;42.5;2.04;19/09/2026;09:00;13.9;0;SOLEIL;1;4.3;0
Font-Romeu;42.5;2.04;19/09/2026;10:00;13.9;0;SOLEIL;1;3.2;0
Font-Romeu;42.5;2.04;19/09/2026;11:00;18.5;0;SOLEIL;3;12.2;0
Font-Romeu;42.5;2.04;19/09/2026;12:00;18.5;0;SOLEIL;3;17.6;0
Font-Romeu;42.5;2.04;19/09/2026;13:00;18.5;0;SOLEIL;3;20.5;0
Font-Romeu;42.5;2.04;19/09/2026;14:00;17.2;0;SOLEIL;3;22.7;0
Font-Romeu;42.5;2.04;19/09/2026;15:00;17.2;0;SOLEIL;3;23.0;0
Font-Romeu;42.5;2.04;19/09/2026;16:00;17.2;0;SOLEIL;3;22.3;0
Font-Romeu;42.5;2.04;19/09/2026;17:00;12.5;0;SOLEIL;2;23.0;0
Font-Romeu;42.5;2.04;19/09/2026;18:00;12.5;0;SOLEIL;2;35.6;0
Font-Romeu;42.5;2.04;19/09/2026;19:00;12.5;0;SOLEIL;2;37.4;0
Font-Romeu;42.5;2.04;19/09/2026;20:00;10.8;0;SOLEIL;5;36.0;0
Font-Romeu;42.5;2.04;19/09/2026;21:00;9.2;0;SOLEIL;5;26.3;0
Font-Romeu;42.5;2.04;19/09/2026;22:00;7.6;0;SOLEIL;5;13.0;0
Font-Romeu;42.5;2.04;19/09/2026;23:00;7.5;0;SOLEIL;1;5.4;0
Font-Romeu;42.5;2.04;20/09/2026;00:00;7.5;0;SOLEIL;1;6.1;0
Font-Romeu;42.5;2.04;20/09/2026;01:00;7.5;0;SOLEIL;1;6.8;0
Font-Romeu;42.5;2.04;20/09/2026;02:00;3.1;0;SOLEIL;5;7.6;0
Font-Romeu;42.5;2.04;20/09/2026;03:00;3.1;0;SOLEIL;5;7.6;0
Font-Romeu;42.5;2.04;20/09/2026;04:00;3.1;0;SOLEIL;5;7.2;0
Font-Romeu;42.5;2.04;20/09/2026;05:00;5;0;SOLEIL;1;6.1;0
Font-Romeu;42.5;2.04;20/09/2026;06:00;5;0;SOLEIL;1;7.6;0
Font-Romeu;42.5;2.04;20/09/2026;07:00;5;0;SOLEIL;1;8.6;0
Font-Romeu;42.5;2.04;20/09/2026;08:00;7.3;0;SOLEIL;5;9.4;0
Font-Romeu;42.5;2.04;20/09/2026;09:00;9.4;0;SOLEIL;5;9.7;0
Font-Romeu;42.5;2.04;20/09/2026;10:00;11.5;0;SOLEIL;5;9.7;0
Font-Romeu;42.5;2.04;20/09/2026;11:00;21;0;SOLEIL;3;10.1;0
Font-Romeu;42.5;2.04;20/09/2026;12:00;21;0;SOLEIL;3;17.3;0
Font-Romeu;42.5;2.04;20/09/2026;13:00;21;0;SOLEIL;3;20.7;0
Font-Romeu;42.5;2.04;20/09/2026;14:00;19.8;0;SOLEIL;5;22.1;0
Font-Romeu;42.5;2.04;20/09/2026;15:00;21.9;0;SOLEIL;5;21.2;0
Font-Romeu;42.5;2.04;20/09/2026;16:00;19.8;0;SOLEIL;5;20.9;0
Font-Romeu;42.5;2.04;20/09/2026;17:00;14.2;0;SOLEIL;2;20.2;0
Font-Romeu;42.5;2.04;20/09/2026;18:00;14.2;0;SOLEIL;2;19.4;0
Font-Romeu;42.5;2.04;20/09/2026;19:00;14.2;0;SOLEIL;2;18.4;0
Font-Romeu;42.5;2.04;20/09/2026;20:00;11.5;0;SOLEIL;5;17.6;0
Font-Romeu;42.5;2.04;20/09/2026;21:00;9.4;0;SOLEIL;5;17.6;0
Font-Romeu;42.5;2.04;20/09/2026;22:00;7.3;0;SOLEIL;5;18.0;0
Font-Romeu;42.5;2.04;20/09/2026;23:00;8.4;0;SOLEIL;1;18.0;0
Font-Romeu;42.5;2.04;21/09/2026;00:00;8.4;0;SOLEIL;1;18.0;0
Font-Romeu;42.5;2.04;21/09/2026;01:00;8.4;0;SOLEIL;1;17.6;0
Font-Romeu;42.5;2.04;21/09/2026;02:00;5.2;0;SOLEIL;5;17.6;0
Font-Romeu;42.5;2.04;21/09/2026;03:00;5.2;0;SOLEIL;5;17.3;0
Font-Romeu;42.5;2.04;21/09/2026;04:00;5.2;0;SOLEIL;5;16.9;0
Font-Romeu;42.5;2.04;21/09/2026;05:00;6.6;0;SOLEIL;2;16.9;0
Font-Romeu;42.5;2.04;21/09/2026;06:00;6.6;0;SOLEIL;2;17.3;0
Font-Romeu;42.5;2.04;21/09/2026;07:00;6.6;0;SOLEIL;2;18.4;0
Font-Romeu;42.5;2.04;21/09/2026;08:00;8.7;0;SOLEIL;5;19.4;0
Font-Romeu;42.5;2.04;21/09/2026;09:00;10.5;0;SOLEIL;5;21.2;0
Font-Romeu;42.5;2.04;21/09/2026;10:00;12.2;0;SOLEIL;5;23.4;0
Font-Romeu;42.5;2.04;21/09/2026;11:00;20.1;0;SOLEIL;3;25.9;0
Font-Romeu;42.5;2.04;21/09/2026;12:00;20.1;0;SOLEIL;3;28.4;0
Font-Romeu;42.5;2.04;21/09/2026;13:00;20.1;0;SOLEIL;3;31.3;0
Font-Romeu;42.5;2.04;21/09/2026;14:00;19.2;0;SOLEIL;5;33.1;0
Font-Romeu;42.5;2.04;21/09/2026;15:00;21.0;0;SOLEIL;5;33.8;0
Font-Romeu;42.5;2.04;21/09/2026;16:00;19.2;0;SOLEIL;5;33.8;0
Font-Romeu;42.5;2.04;21/09/2026;17:00;13.6;0;SOLEIL;2;33.1;0
Font-Romeu;42.5;2.04;21/09/2026;18:00;13.6;0;SOLEIL;2;31.3;0
Font-Romeu;42.5;2.04;21/09/2026;19:00;13.6;0;SOLEIL;2;28.8;0
Font-Romeu;42.5;2.04;21/09/2026;20:00;12.2;0;SOLEIL;5;26.6;0
Font-Romeu;42.5;2.04;21/09/2026;21:00;10.5;0;SOLEIL;5;25.6;0
Font-Romeu;42.5;2.04;21/09/2026;22:00;8.7;0;SOLEIL;5;24.5;0
Font-Romeu;42.5;2.04;21/09/2026;23:00;7;0;SOLEIL;2;24.1;0
Perpignan;42.69;2.89;17/09/2026;00:00;21.1;5;SOLEIL VOILÉ;5;44.3;0
Perpignan;42.69;2.89;17/09/2026;01:00;21.1;5;SOLEIL VOILÉ;4;42.1;0
Perpignan;42.69;2.89;17/09/2026;02:00;21.1;5;SOLEIL VOILÉ;4;38.2;0
Perpignan;42.69;2.89;17/09/2026;03:00;20.5;5;SOLEIL VOILÉ;4;37.4;0
Perpignan;42.69;2.89;17/09/2026;04:00;19.4;5;SOLEIL VOILÉ;4;38.2;0
Perpignan;42.69;2.89;17/09/2026;05:00;18.7;5;SOLEIL VOILÉ;4;30.2;0
Perpignan;42.69;2.89;17/09/2026;06:00;18.7;5;SOLEIL VOILÉ;4;23.4;0
Perpignan;42.69;2.89;17/09/2026;07:00;19.6;5;SOLEIL VOILÉ;4;25.6;0
Perpignan;42.69;2.89;17/09/2026;08:00;21.6;5;SOLEIL VOILÉ;5;25.9;0
Perpignan;42.69;2.89;17/09/2026;09:00;22.7;0;SOLEIL;5;28.1;0
Perpignan;42.69;2.89;17/09/2026;10:00;24;0;SOLEIL;6;29.5;0
Perpignan;42.69;2.89;17/09/2026;11:00;24.7;0;SOLEIL;6;31.0;0
Perpignan;42.69;2.89;17/09/2026;12:00;25.1;0;SOLEIL;6;36.4;0
Perpignan;42.69;2.89;17/09/2026;13:00;25.9;0;SOLEIL;6;39.2;0
Perpignan;42.69;2.89;17/09/2026;14:00;26.3;0;SOLEIL;6;41.8;0
Perpignan;42.69;2.89;17/09/2026;15:00;26.2;0;SOLEIL;6;41.4;0
Perpignan;42.69;2.89;17/09/2026;16:00;26.1;0;SOLEIL;6;39.2;0
Perpignan;42.69;2.89;17/09/2026;17:00;24.7;0;SOLEIL;6;38.5;0
Perpignan;42.69;2.89;17/09/2026;18:00;24.1;0;SOLEIL;5;37.4;0
Perpignan;42.69;2.89;17/09/2026;19:00;23.3;0;SOLEIL;5;37.1;0
Perpignan;42.69;2.89;17/09/2026;20:00;23.2;0;SOLEIL;4;35.6;0
Perpignan;42.69;2.89;17/09/2026;21:00;22.5;0;SOLEIL;4;32.4;0
Perpignan;42.69;2.89;17/09/2026;22:00;22;0;SOLEIL;4;27.0;0
Perpignan;42.69;2.89;17/09/2026;23:00;22;0;SOLEIL;5;29.9;0
Perpignan;42.69;2.89;18/09/2026;00:00;21.5;0;SOLEIL;4;32.0;0
Perpignan;42.69;2.89;18/09/2026;01:00;21.5;0;SOLEIL;4;31.7;0
Perpignan;42.69;2.89;18/09/2026;02:00;19.7;5;SOLEIL VOILÉ;5;30.6;0
Perpignan;42.69;2.89;18/09/2026;03:00;19.7;5;SOLEIL VOILÉ;5;30.6;0
Perpignan;42.69;2.89;18/09/2026;04:00;19.7;5;SOLEIL VOILÉ;5;27.7;0
Perpignan;42.69;2.89;18/09/2026;05:00;18.5;5;SOLEIL VOILÉ;5;25.6;0
Perpignan;42.69;2.89;18/09/2026;06:00;18.5;5;SOLEIL VOILÉ;5;24.8;0
Perpignan;42.69;2.89;18/09/2026;07:00;18.5;5;SOLEIL VOILÉ;5;24.1;0
Perpignan;42.69;2.89;18/09/2026;08:00;22.5;0;SOLEIL;6;24.8;0
Perpignan;42.69;2.89;18/09/2026;09:00;22.5;0;SOLEIL;6;31.0;0
Perpignan;42.69;2.89;18/09/2026;10:00;22.5;0;SOLEIL;6;35.6;0
Perpignan;42.69;2.89;18/09/2026;11:00;25.1;0;SOLEIL;6;40.3;0
Perpignan;42.69;2.89;18/09/2026;12:00;25.1;0;SOLEIL;6;44.8;0
Perpignan;42.69;2.89;18/09/2026;13:00;25.1;0;SOLEIL;6;44.5;0
Perpignan;42.69;2.89;18/09/2026;14:00;26.4;0;SOLEIL;7;44.6;0
Perpignan;42.69;2.89;18/09/2026;15:00;26.4;0;SOLEIL;7;44.6;0
Perpignan;42.69;2.89;18/09/2026;16:00;26.4;0;SOLEIL;7;46.1;0
Perpignan;42.69;2.89;18/09/2026;17:00;24.6;0;SOLEIL;6;46.8;0
Perpignan;42.69;2.89;18/09/2026;18:00;24.6;0;SOLEIL;6;46.8;0
Perpignan;42.69;2.89;18/09/2026;19:00;24.6;0;SOLEIL;6;42.8;0
Perpignan;42.69;2.89;18/09/2026;20:00;22.4;0;SOLEIL;5;38.2;0
Perpignan;42.69;2.89;18/09/2026;21:00;22.4;0;SOLEIL;5;38.5;0
Perpignan;42.69;2.89;18/09/2026;22:00;22.4;0;SOLEIL;5;37.8;0
Perpignan;42.69;2.89;18/09/2026;23:00;21.1;0;SOLEIL;5;34.9;0
Perpignan;42.69;2.89;19/09/2026;00:00;21.1;0;SOLEIL;5;36.7;0
Perpignan;42.69;2.89;19/09/2026;01:00;21.1;0;SOLEIL;5;36.0;0
Perpignan;42.69;2.89;19/09/2026;02:00;19.5;0;SOLEIL;5;31.3;0
Perpignan;42.69;2.89;19/09/2026;03:00;19.5;0;SOLEIL;5;27.7;0
Perpignan;42.69;2.89;19/09/2026;04:00;19.5;0;SOLEIL;5;23.4;0
Perpignan;42.69;2.89;19/09/2026;05:00;18.4;0;SOLEIL;5;16.6;0
Perpignan;42.69;2.89;19/09/2026;06:00;18.4;0;SOLEIL;5;11.9;0
Perpignan;42.69;2.89;19/09/2026;07:00;18.4;0;SOLEIL;5;10.1;0
Perpignan;42.69;2.89;19/09/2026;08:00;24.5;0;SOLEIL;5;11.2;0
Perpignan;42.69;2.89;19/09/2026;09:00;24.5;0;SOLEIL;5;13.0;0
Perpignan;42.69;2.89;19/09/2026;10:00;24.5;0;SOLEIL;5;18.0;0
Perpignan;42.69;2.89;19/09/2026;11:00;26.9;0;SOLEIL;4;28.8;0
Perpignan;42.69;2.89;19/09/2026;12:00;26.9;0;SOLEIL;4;29.5;0
Perpignan;42.69;2.89;19/09/2026;13:00;26.9;0;SOLEIL;4;28.8;0
Perpignan;42.69;2.89;19/09/2026;14:00;27.6;0;SOLEIL;4;26.3;0
Perpignan;42.69;2.89;19/09/2026;15:00;27.6;0;SOLEIL;4;25.9;0
Perpignan;42.69;2.89;19/09/2026;16:00;27.6;0;SOLEIL;4;32.0;0
Perpignan;42.69;2.89;19/09/2026;17:00;24.6;0;SOLEIL;4;32.4;0
Perpignan;42.69;2.89;19/09/2026;18:00;24.6;0;SOLEIL;4;28.1;0
Perpignan;42.69;2.89;19/09/2026;19:00;24.6;0;SOLEIL;4;22.0;0
Perpignan;42.69;2.89;19/09/2026;20:00;22.5;0;SOLEIL;5;14.4;0
Perpignan;42.69;2.89;19/09/2026;21:00;21.2;0;SOLEIL;5;5.4;0
Perpignan;42.69;2.89;19/09/2026;22:00;20.0;0;SOLEIL;5;2.9;0
Perpignan;42.69;2.89;19/09/2026;23:00;20.4;0;SOLEIL;3;1.8;0
Perpignan;42.69;2.89;20/09/2026;00:00;20.4;0;SOLEIL;3;3.6;0
Perpignan;42.69;2.89;20/09/2026;01:00;20.4;0;SOLEIL;3;6.1;0
Perpignan;42.69;2.89;20/09/2026;02:00;17.5;0;SOLEIL;5;8.6;0
Perpignan;42.69;2.89;20/09/2026;03:00;17.5;0;SOLEIL;5;8.6;0
Perpignan;42.69;2.89;20/09/2026;04:00;17.5;0;SOLEIL;5;9.0;0
Perpignan;42.69;2.89;20/09/2026;05:00;19.5;0;SOLEIL;3;8.6;0
Perpignan;42.69;2.89;20/09/2026;06:00;19.5;0;SOLEIL;3;8.3;0
Perpignan;42.69;2.89;20/09/2026;07:00;19.5;0;SOLEIL;3;8.3;0
Perpignan;42.69;2.89;20/09/2026;08:00;20.6;0;SOLEIL;5;8.6;0
Perpignan;42.69;2.89;20/09/2026;09:00;22.1;0;SOLEIL;5;7.9;0
Perpignan;42.69;2.89;20/09/2026;10:00;23.7;0;SOLEIL;5;7.2;0
Perpignan;42.69;2.89;20/09/2026;11:00;29.9;0;SOLEIL;6;7.9;0
Perpignan;42.69;2.89;20/09/2026;12:00;29.9;0;SOLEIL;6;11.6;0
Perpignan;42.69;2.89;20/09/2026;13:00;29.9;0;SOLEIL;6;21.8;0
Perpignan;42.69;2.89;20/09/2026;14:00;29.9;0;SOLEIL;5;29.4;0
Perpignan;42.69;2.89;20/09/2026;15:00;31.4;0;SOLEIL;5;33.1;0
Perpignan;42.69;2.89;20/09/2026;16:00;29.9;0;SOLEIL;5;32.4;0
Perpignan;42.69;2.89;20/09/2026;17:00;27.7;0;SOLEIL;7;31.7;0
Perpignan;42.69;2.89;20/09/2026;18:00;27.7;0;SOLEIL;7;30.6;0
Perpignan;42.69;2.89;20/09/2026;19:00;27.7;0;SOLEIL;7;29.5;0
Perpignan;42.69;2.89;20/09/2026;20:00;23.7;0;SOLEIL;5;29.9;0
Perpignan;42.69;2.89;20/09/2026;21:00;22.1;0;SOLEIL;5;33.1;0
Perpignan;42.69;2.89;20/09/2026;22:00;20.6;0;SOLEIL;5;38.2;0
Perpignan;42.69;2.89;20/09/2026;23:00;23.7;0;SOLEIL;7;42.5;0
Perpignan;42.69;2.89;21/09/2026;00:00;23.7;0;SOLEIL;7;46.1;0
Perpignan;42.69;2.89;21/09/2026;01:00;23.7;0;SOLEIL;7;49.0;0
Perpignan;42.69;2.89;21/09/2026;02:00;21.1;0;SOLEIL;5;51.1;0
Perpignan;42.69;2.89;21/09/2026;03:00;21.1;0;SOLEIL;5;51.8;0
Perpignan;42.69;2.89;21/09/2026;04:00;21.1;0;SOLEIL;5;51.1;0
Perpignan;42.69;2.89;21/09/2026;05:00;22.2;0;SOLEIL;7;50.0;0
Perpignan;42.69;2.89;21/09/2026;06:00;22.2;0;SOLEIL;7;47.2;0
Perpignan;42.69;2.89;21/09/2026;07:00;22.2;0;SOLEIL;7;43.9;0
Perpignan;42.69;2.89;21/09/2026;08:00;23.7;0;SOLEIL;5;43.9;0
Perpignan;42.69;2.89;21/09/2026;09:00;24.9;0;SOLEIL;5;51.1;0
Perpignan;42.69;2.89;21/09/2026;10:00;26.2;0;SOLEIL;5;61.9;0
Perpignan;42.69;2.89;21/09/2026;11:00;31.1;0;SOLEIL;9;70.2;0
Perpignan;42.69;2.89;21/09/2026;12:00;31.1;0;SOLEIL;9;72.4;0
Perpignan;42.69;2.89;21/09/2026;13:00;31.1;0;SOLEIL;9;72.0;0
Perpignan;42.69;2.89;21/09/2026;14:00;31.3;0;SOLEIL;5;71.6;0
Perpignan;42.69;2.89;21/09/2026;15:00;32.6;0;SOLEIL;5;72.4;0
Perpignan;42.69;2.89;21/09/2026;16:00;31.3;0;SOLEIL;5;73.4;0
Perpignan;42.69;2.89;21/09/2026;17:00;28.1;0;SOLEIL;8;73.8;0
Perpignan;42.69;2.89;21/09/2026;18:00;28.1;0;SOLEIL;8;73.4;0
Perpignan;42.69;2.89;21/09/2026;19:00;28.1;0;SOLEIL;8;72.7;0
Perpignan;42.69;2.89;21/09/2026;20:00;26.2;0;SOLEIL;5;70.6;0
Perpignan;42.69;2.89;21/09/2026;21:00;24.9;0;SOLEIL;5;65.9;0
Perpignan;42.69;2.89;21/09/2026;22:00;23.7;0;SOLEIL;5;60.1;0
Perpignan;42.69;2.89;21/09/2026;23:00;23.1;0;SOLEIL;7;55.1;0
Albi;43.92;2.14;17/09/2026;00:00;16.2;0;SOLEIL;2;14.4;0
Albi;43.92;2.14;17/09/2026;01:00;15.7;0;SOLEIL;2;7.6;0
Albi;43.92;2.14;17/09/2026;02:00;15;0;SOLEIL;2;7.2;0
Albi;43.92;2.14;17/09/2026;03:00;14.6;0;SOLEIL;2;4.7;0
Albi;43.92;2.14;17/09/2026;04:00;14.5;0;SOLEIL;2;6.1;0
Albi;43.92;2.14;17/09/2026;05:00;13;0;SOLEIL;2;5.8;0
Albi;43.92;2.14;17/09/2026;06:00;13;0;SOLEIL;0;5.0;0
Albi;43.92;2.14;17/09/2026;07:00;15.1;0;SOLEIL;1;5.0;0
Albi;43.92;2.14;17/09/2026;08:00;17;0;SOLEIL;1;5.8;0
Albi;43.92;2.14;17/09/2026;09:00;18.5;0;SOLEIL;1;4.7;0
Albi;43.92;2.14;17/09/2026;10:00;21.3;0;SOLEIL;2;6.8;0
Albi;43.92;2.14;17/09/2026;11:00;22.6;0;SOLEIL;4;14.0;0
Albi;43.92;2.14;17/09/2026;12:00;23.2;0;SOLEIL;4;19.4;0
Albi;43.92;2.14;17/09/2026;13:00;24.9;0;SOLEIL;4;26.6;0
Albi;43.92;2.14;17/09/2026;14:00;25.4;0;SOLEIL;4;35.3;0
Albi;43.92;2.14;17/09/2026;15:00;24.5;0;SOLEIL;4;36.0;0
Albi;43.92;2.14;17/09/2026;16:00;24.9;0;SOLEIL;5;34.2;0
Albi;43.92;2.14;17/09/2026;17:00;24.4;5;SOLEIL VOILÉ;4;38.2;0
Albi;43.92;2.14;17/09/2026;18:00;22.3;0;SOLEIL;4;37.1;0
Albi;43.92;2.14;17/09/2026;19:00;20.8;5;SOLEIL VOILÉ;3;32.0;0
Albi;43.92;2.14;17/09/2026;20:00;19.7;5;SOLEIL VOILÉ;3;28.1;0
Albi;43.92;2.14;17/09/2026;21:00;18.5;5;SOLEIL VOILÉ;3;16.9;0
Albi;43.92;2.14;17/09/2026;22:00;18.1;5;SOLEIL VOILÉ;2;12.6;0
Albi;43.92;2.14;17/09/2026;23:00;17.5;5;SOLEIL VOILÉ;2;8.6;0
Albi;43.92;2.14;18/09/2026;00:00;16.5;5;SOLEIL VOILÉ;2;4.3;0
Albi;43.92;2.14;18/09/2026;01:00;16.5;5;SOLEIL VOILÉ;2;4.3;0
Albi;43.92;2.14;18/09/2026;02:00;15.4;5;SOLEIL VOILÉ;1;5.4;0
Albi;43.92;2.14;18/09/2026;03:00;15.4;5;SOLEIL VOILÉ;1;5.4;0
Albi;43.92;2.14;18/09/2026;04:00;15.4;5;SOLEIL VOILÉ;1;5.0;0
Albi;43.92;2.14;18/09/2026;05:00;13.6;0;SOLEIL;1;5.0;0
Albi;43.92;2.14;18/09/2026;06:00;13.6;0;SOLEIL;1;3.6;0
Albi;43.92;2.14;18/09/2026;07:00;13.6;0;SOLEIL;1;3.6;0
Albi;43.92;2.14;18/09/2026;08:00;19.4;2;NUAGEUX;3;5.8;0
Albi;43.92;2.14;18/09/2026;09:00;19.4;2;NUAGEUX;3;6.5;0
Albi;43.92;2.14;18/09/2026;10:00;19.4;2;NUAGEUX;3;5.0;0
Albi;43.92;2.14;18/09/2026;11:00;23;2;NUAGEUX;4;9.7;0
Albi;43.92;2.14;18/09/2026;12:00;23;2;NUAGEUX;4;14.6;0
Albi;43.92;2.14;18/09/2026;13:00;23;2;NUAGEUX;4;18.9;0
Albi;43.92;2.14;18/09/2026;14:00;23.4;2;NUAGEUX;4;26.5;0
Albi;43.92;2.14;18/09/2026;15:00;23.4;2;NUAGEUX;4;27.4;0
Albi;43.92;2.14;18/09/2026;16:00;23.4;2;NUAGEUX;4;27.0;0
Albi;43.92;2.14;18/09/2026;17:00;22.2;0;SOLEIL;3;25.6;0
Albi;43.92;2.14;18/09/2026;18:00;22.2;0;SOLEIL;3;23.4;0
Albi;43.92;2.14;18/09/2026;19:00;22.2;0;SOLEIL;3;23.8;0
Albi;43.92;2.14;18/09/2026;20:00;18.4;0;SOLEIL;2;19.4;0
Albi;43.92;2.14;18/09/2026;21:00;18.4;0;SOLEIL;2;7.9;0
Albi;43.92;2.14;18/09/2026;22:00;18.4;0;SOLEIL;2;5.8;0
Albi;43.92;2.14;18/09/2026;23:00;16.5;0;SOLEIL;1;3.6;0
Albi;43.92;2.14;19/09/2026;00:00;16.5;0;SOLEIL;1;5.0;0
Albi;43.92;2.14;19/09/2026;01:00;16.5;0;SOLEIL;1;5.4;0
Albi;43.92;2.14;19/09/2026;02:00;13.6;0;SOLEIL;1;5.4;0
Albi;43.92;2.14;19/09/2026;03:00;13.6;0;SOLEIL;1;5.4;0
Albi;43.92;2.14;19/09/2026;04:00;13.6;0;SOLEIL;1;5.8;0
Albi;43.92;2.14;19/09/2026;05:00;13.1;0;SOLEIL;1;5.8;0
Albi;43.92;2.14;19/09/2026;06:00;13.1;0;SOLEIL;1;6.1;0
Albi;43.92;2.14;19/09/2026;07:00;13.1;0;SOLEIL;1;5.8;0
Albi;43.92;2.14;19/09/2026;08:00;18.6;0;SOLEIL;1;4.7;0
Albi;43.92;2.14;19/09/2026;09:00;18.6;0;SOLEIL;1;5.0;0
Albi;43.92;2.14;19/09/2026;10:00;18.6;0;SOLEIL;1;5.8;0
Albi;43.92;2.14;19/09/2026;11:00;24.4;0;SOLEIL;2;6.1;0
Albi;43.92;2.14;19/09/2026;12:00;24.4;0;SOLEIL;2;8.3;0
Albi;43.92;2.14;19/09/2026;13:00;24.4;0;SOLEIL;2;13.3;0
Albi;43.92;2.14;19/09/2026;14:00;27.6;0;SOLEIL;2;16.9;0
Albi;43.92;2.14;19/09/2026;15:00;27.6;0;SOLEIL;2;17.6;0
Albi;43.92;2.14;19/09/2026;16:00;27.6;0;SOLEIL;2;16.9;0
Albi;43.92;2.14;19/09/2026;17:00;25;0;SOLEIL;2;15.8;0
Albi;43.92;2.14;19/09/2026;18:00;25;0;SOLEIL;2;14.0;0
Albi;43.92;2.14;19/09/2026;19:00;25;0;SOLEIL;2;11.9;0
Albi;43.92;2.14;19/09/2026;20:00;19.3;0;SOLEIL;5;10.1;0
Albi;43.92;2.14;19/09/2026;21:00;17.5;0;SOLEIL;5;8.3;0
Albi;43.92;2.14;19/09/2026;22:00;15.6;0;SOLEIL;5;7.2;0
Albi;43.92;2.14;19/09/2026;23:00;17.1;0;SOLEIL;2;6.1;0
Albi;43.92;2.14;20/09/2026;00:00;17.1;0;SOLEIL;2;6.1;0
Albi;43.92;2.14;20/09/2026;01:00;17.1;0;SOLEIL;2;6.5;0
Albi;43.92;2.14;20/09/2026;02:00;12.2;2;NUAGEUX;5;6.8;0
Albi;43.92;2.14;20/09/2026;03:00;12.2;2;NUAGEUX;5;6.8;0
Albi;43.92;2.14;20/09/2026;04:00;12.2;2;NUAGEUX;5;6.5;0
Albi;43.92;2.14;20/09/2026;05:00;13.6;0;SOLEIL;0;6.5;0
Albi;43.92;2.14;20/09/2026;06:00;13.6;0;SOLEIL;0;6.1;0
Albi;43.92;2.14;20/09/2026;07:00;13.6;0;SOLEIL;0;6.1;0
Albi;43.92;2.14;20/09/2026;08:00;15.9;2;NUAGEUX;5;6.1;0
Albi;43.92;2.14;20/09/2026;09:00;17.7;2;NUAGEUX;5;6.1;0
Albi;43.92;2.14;20/09/2026;10:00;19.5;2;NUAGEUX;5;6.5;0
Albi;43.92;2.14;20/09/2026;11:00;26.4;2;NUAGEUX;4;8.3;0
Albi;43.92;2.14;20/09/2026;12:00;26.4;2;NUAGEUX;4;13.3;0
Albi;43.92;2.14;20/09/2026;13:00;26.4;2;NUAGEUX;4;19.8;0
Albi;43.92;2.14;20/09/2026;14:00;26.9;2;NUAGEUX;5;24.8;0
Albi;43.92;2.14;20/09/2026;15:00;28.7;2;NUAGEUX;5;27.7;0
Albi;43.92;2.14;20/09/2026;16:00;26.9;2;NUAGEUX;5;29.5;0
Albi;43.92;2.14;20/09/2026;17:00;25.6;2;NUAGEUX;3;29.9;0
Albi;43.92;2.14;20/09/2026;18:00;25.6;2;NUAGEUX;3;29.5;0
Albi;43.92;2.14;20/09/2026;19:00;25.6;2;NUAGEUX;3;28.1;0
Albi;43.92;2.14;20/09/2026;20:00;19.5;2;NUAGEUX;5;25.2;0
Albi;43.92;2.14;20/09/2026;21:00;17.7;2;NUAGEUX;5;19.4;0
Albi;43.92;2.14;20/09/2026;22:00;15.9;2;NUAGEUX;5;12.2;0
Albi;43.92;2.14;20/09/2026;23:00;18.2;0;SOLEIL;3;6.8;0
Albi;43.92;2.14;21/09/2026;00:00;18.2;0;SOLEIL;3;4.3;0
Albi;43.92;2.14;21/09/2026;01:00;18.2;0;SOLEIL;3;3.2;0
Albi;43.92;2.14;21/09/2026;02:00;14.1;0;SOLEIL;5;2.9;0
Albi;43.92;2.14;21/09/2026;03:00;14.1;0;SOLEIL;5;3.2;0
Albi;43.92;2.14;21/09/2026;04:00;14.1;0;SOLEIL;5;4.0;0
Albi;43.92;2.14;21/09/2026;05:00;15.1;0;SOLEIL;2;4.7;0
Albi;43.92;2.14;21/09/2026;06:00;15.1;0;SOLEIL;2;3.7;0
Albi;43.92;2.14;21/09/2026;07:00;15.1;0;SOLEIL;2;3.1;0
Albi;43.92;2.14;21/09/2026;08:00;17.6;0;SOLEIL;5;2.9;0
Albi;43.92;2.14;21/09/2026;09:00;19.4;0;SOLEIL;5;6.1;0
Albi;43.92;2.14;21/09/2026;10:00;21.1;0;SOLEIL;5;7.2;0
Albi;43.92;2.14;21/09/2026;11:00;26.7;0;SOLEIL;4;9.7;0
Albi;43.92;2.14;21/09/2026;12:00;26.7;0;SOLEIL;4;14.0;0
Albi;43.92;2.14;21/09/2026;13:00;26.7;0;SOLEIL;4;19.4;0
Albi;43.92;2.14;21/09/2026;14:00;28.1;0;SOLEIL;5;24.5;0
Albi;43.92;2.14;21/09/2026;15:00;29.9;0;SOLEIL;5;28.4;0
Albi;43.92;2.14;21/09/2026;16:00;28.1;0;SOLEIL;5;32.0;0
Albi;43.92;2.14;21/09/2026;17:00;25.6;0;SOLEIL;3;33.5;0
Albi;43.92;2.14;21/09/2026;18:00;25.6;0;SOLEIL;3;31.7;0
Albi;43.92;2.14;21/09/2026;19:00;25.6;0;SOLEIL;3;27.7;0
Albi;43.92;2.14;21/09/2026;20:00;21.1;0;SOLEIL;5;23.4;0
Albi;43.92;2.14;21/09/2026;21:00;19.4;0;SOLEIL;5;19.1;0
Albi;43.92;2.14;21/09/2026;22:00;17.6;0;SOLEIL;5;14.4;0
Albi;43.92;2.14;21/09/2026;23:00;16.2;0;SOLEIL;2;10.8;0
Castres;43.6;2.24;17/09/2026;00:00;16.1;5;SOLEIL VOILÉ;2;9.7;0
Castres;43.6;2.24;17/09/2026;01:00;15.6;0;SOLEIL;2;5.8;0
Castres;43.6;2.24;17/09/2026;02:00;14.7;0;SOLEIL;2;4.3;0
Castres;43.6;2.24;17/09/2026;03:00;13.1;0;SOLEIL;2;3.6;0
Castres;43.6;2.24;17/09/2026;04:00;13.1;0;SOLEIL;1;4.0;0
Castres;43.6;2.24;17/09/2026;05:00;12.2;0;SOLEIL;1;2.5;0
Castres;43.6;2.24;17/09/2026;06:00;13.3;0;SOLEIL;0;1.8;0
Castres;43.6;2.24;17/09/2026;07:00;15.6;0;SOLEIL;1;2.5;0
Castres;43.6;2.24;17/09/2026;08:00;16.4;0;SOLEIL;2;4.0;0
Castres;43.6;2.24;17/09/2026;09:00;17.7;0;SOLEIL;2;5.0;0
Castres;43.6;2.24;17/09/2026;10:00;19.9;0;SOLEIL;3;15.1;0
Castres;43.6;2.24;17/09/2026;11:00;22.1;0;SOLEIL;4;18.0;0
Castres;43.6;2.24;17/09/2026;12:00;23;0;SOLEIL;5;23.0;0
Castres;43.6;2.24;17/09/2026;13:00;24.6;0;SOLEIL;5;32.0;0
Castres;43.6;2.24;17/09/2026;14:00;24.8;0;SOLEIL;5;37.4;0
Castres;43.6;2.24;17/09/2026;15:00;24;0;SOLEIL;5;40.0;0
Castres;43.6;2.24;17/09/2026;16:00;24.4;0;SOLEIL;5;36.4;0
Castres;43.6;2.24;17/09/2026;17:00;23.3;0;SOLEIL;5;38.2;0
Castres;43.6;2.24;17/09/2026;18:00;22;0;SOLEIL;4;37.4;0
Castres;43.6;2.24;17/09/2026;19:00;20.8;0;SOLEIL;3;36.4;0
Castres;43.6;2.24;17/09/2026;20:00;20;0;SOLEIL;3;31.3;0
Castres;43.6;2.24;17/09/2026;21:00;18.6;0;SOLEIL;3;20.9;0
Castres;43.6;2.24;17/09/2026;22:00;18.1;0;SOLEIL;2;17.3;0
Castres;43.6;2.24;17/09/2026;23:00;16.6;0;SOLEIL;2;10.4;0
Castres;43.6;2.24;18/09/2026;00:00;16.1;5;SOLEIL VOILÉ;2;4.7;0
Castres;43.6;2.24;18/09/2026;01:00;16.1;5;SOLEIL VOILÉ;2;1.4;0
Castres;43.6;2.24;18/09/2026;02:00;15.2;5;SOLEIL VOILÉ;2;1.8;0
Castres;43.6;2.24;18/09/2026;03:00;15.2;5;SOLEIL VOILÉ;2;2.9;0
Castres;43.6;2.24;18/09/2026;04:00;15.2;5;SOLEIL VOILÉ;2;3.6;0
Castres;43.6;2.24;18/09/2026;05:00;14;5;SOLEIL VOILÉ;2;4.7;0
Castres;43.6;2.24;18/09/2026;06:00;14;5;SOLEIL VOILÉ;2;4.3;0
Castres;43.6;2.24;18/09/2026;07:00;14;5;SOLEIL VOILÉ;2;4.7;0
Castres;43.6;2.24;18/09/2026;08:00;19.2;2;NUAGEUX;3;4.3;0
Castres;43.6;2.24;18/09/2026;09:00;19.2;2;NUAGEUX;3;3.6;0
Castres;43.6;2.24;18/09/2026;10:00;19.2;2;NUAGEUX;3;11.2;0
Castres;43.6;2.24;18/09/2026;11:00;22.1;2;NUAGEUX;4;14.0;0
Castres;43.6;2.24;18/09/2026;12:00;22.1;2;NUAGEUX;4;20.3;0
Castres;43.6;2.24;18/09/2026;13:00;22.1;2;NUAGEUX;4;26.5;0
Castres;43.6;2.24;18/09/2026;14:00;22.5;2;NUAGEUX;5;30.6;0
Castres;43.6;2.24;18/09/2026;15:00;22.5;2;NUAGEUX;5;32.0;0
Castres;43.6;2.24;18/09/2026;16:00;22.5;2;NUAGEUX;5;31.7;0
Castres;43.6;2.24;18/09/2026;17:00;22.1;0;SOLEIL;4;33.1;0
Castres;43.6;2.24;18/09/2026;18:00;22.1;0;SOLEIL;4;31.7;0
Castres;43.6;2.24;18/09/2026;19:00;22.1;0;SOLEIL;4;30.6;0
Castres;43.6;2.24;18/09/2026;20:00;17.9;0;SOLEIL;2;22.0;0
Castres;43.6;2.24;18/09/2026;21:00;17.9;0;SOLEIL;2;15.1;0
Castres;43.6;2.24;18/09/2026;22:00;17.9;0;SOLEIL;2;5.4;0
Castres;43.6;2.24;18/09/2026;23:00;15.7;0;SOLEIL;1;6.1;0
Castres;43.6;2.24;19/09/2026;00:00;15.7;0;SOLEIL;1;8.6;0
Castres;43.6;2.24;19/09/2026;01:00;15.7;0;SOLEIL;1;9.0;0
Castres;43.6;2.24;19/09/2026;02:00;13.5;0;SOLEIL;1;9.0;0
Castres;43.6;2.24;19/09/2026;03:00;13.5;0;SOLEIL;1;8.3;0
Castres;43.6;2.24;19/09/2026;04:00;13.5;0;SOLEIL;1;9.0;0
Castres;43.6;2.24;19/09/2026;05:00;13;0;SOLEIL;1;9.4;0
Castres;43.6;2.24;19/09/2026;06:00;13;0;SOLEIL;1;8.3;0
Castres;43.6;2.24;19/09/2026;07:00;13;0;SOLEIL;1;6.8;0
Castres;43.6;2.24;19/09/2026;08:00;18.5;0;SOLEIL;1;5.8;0
Castres;43.6;2.24;19/09/2026;09:00;18.5;0;SOLEIL;1;5.0;0
Castres;43.6;2.24;19/09/2026;10:00;18.5;0;SOLEIL;1;4.0;0
Castres;43.6;2.24;19/09/2026;11:00;23.5;0;SOLEIL;2;9.4;0
Castres;43.6;2.24;19/09/2026;12:00;23.5;0;SOLEIL;2;14.8;0
Castres;43.6;2.24;19/09/2026;13:00;23.5;0;SOLEIL;2;16.2;0
Castres;43.6;2.24;19/09/2026;14:00;26.9;0;SOLEIL;2;18.4;0
Castres;43.6;2.24;19/09/2026;15:00;26.9;0;SOLEIL;2;18.7;0
Castres;43.6;2.24;19/09/2026;16:00;26.9;0;SOLEIL;2;18.4;0
Castres;43.6;2.24;19/09/2026;17:00;23.7;0;SOLEIL;2;16.9;0
Castres;43.6;2.24;19/09/2026;18:00;23.7;0;SOLEIL;2;14.4;0
Castres;43.6;2.24;19/09/2026;19:00;23.7;0;SOLEIL;2;11.5;0
Castres;43.6;2.24;19/09/2026;20:00;19.2;0;SOLEIL;5;9.4;0
Castres;43.6;2.24;19/09/2026;21:00;17.5;0;SOLEIL;5;9.4;0
Castres;43.6;2.24;19/09/2026;22:00;15.8;0;SOLEIL;5;10.1;0
Castres;43.6;2.24;19/09/2026;23:00;15.2;0;SOLEIL;2;10.8;0
Castres;43.6;2.24;20/09/2026;00:00;15.2;0;SOLEIL;2;10.8;0
Castres;43.6;2.24;20/09/2026;01:00;15.2;0;SOLEIL;2;10.4;0
Castres;43.6;2.24;20/09/2026;02:00;13.6;0;SOLEIL;5;10.1;0
Castres;43.6;2.24;20/09/2026;03:00;13.6;0;SOLEIL;5;10.1;0
Castres;43.6;2.24;20/09/2026;04:00;13.6;0;SOLEIL;5;9.7;0
Castres;43.6;2.24;20/09/2026;05:00;14.9;0;SOLEIL;0;9.7;0
Castres;43.6;2.24;20/09/2026;06:00;14.9;0;SOLEIL;0;9.4;0
Castres;43.6;2.24;20/09/2026;07:00;14.9;0;SOLEIL;0;9.4;0
Castres;43.6;2.24;20/09/2026;08:00;17.0;0;SOLEIL;5;9.4;0
Castres;43.6;2.24;20/09/2026;09:00;18.8;0;SOLEIL;5;9.4;0
Castres;43.6;2.24;20/09/2026;10:00;20.5;0;SOLEIL;5;9.4;0
Castres;43.6;2.24;20/09/2026;11:00;26.6;2;NUAGEUX;4;11.2;0
Castres;43.6;2.24;20/09/2026;12:00;26.6;2;NUAGEUX;4;16.2;0
Castres;43.6;2.24;20/09/2026;13:00;26.6;2;NUAGEUX;4;23.0;0
Castres;43.6;2.24;20/09/2026;14:00;27.4;0;SOLEIL;5;28.4;0
Castres;43.6;2.24;20/09/2026;15:00;29.1;0;SOLEIL;5;30.6;0
Castres;43.6;2.24;20/09/2026;16:00;27.4;0;SOLEIL;5;31.3;0
Castres;43.6;2.24;20/09/2026;17:00;25.2;0;SOLEIL;3;31.0;0
Castres;43.6;2.24;20/09/2026;18:00;25.2;0;SOLEIL;3;30.6;0
Castres;43.6;2.24;20/09/2026;19:00;25.2;0;SOLEIL;3;29.5;0
Castres;43.6;2.24;20/09/2026;20:00;20.5;0;SOLEIL;5;26.6;0
Castres;43.6;2.24;20/09/2026;21:00;18.8;0;SOLEIL;5;20.2;0
Castres;43.6;2.24;20/09/2026;22:00;17.0;0;SOLEIL;5;11.9;0
Castres;43.6;2.24;20/09/2026;23:00;17.9;0;SOLEIL;2;5.8;0
Castres;43.6;2.24;21/09/2026;00:00;17.9;0;SOLEIL;2;3.6;0
Castres;43.6;2.24;21/09/2026;01:00;17.9;0;SOLEIL;2;3.6;0
Castres;43.6;2.24;21/09/2026;02:00;14.7;0;SOLEIL;5;3.6;0
Castres;43.6;2.24;21/09/2026;03:00;14.7;0;SOLEIL;5;2.9;0
Castres;43.6;2.24;21/09/2026;04:00;14.7;0;SOLEIL;5;2.5;0
Castres;43.6;2.24;21/09/2026;05:00;15.6;0;SOLEIL;2;2.2;0
Castres;43.6;2.24;21/09/2026;06:00;15.6;0;SOLEIL;2;3.1;0
Castres;43.6;2.24;21/09/2026;07:00;15.6;0;SOLEIL;2;4.3;0
Castres;43.6;2.24;21/09/2026;08:00;18.0;0;SOLEIL;5;4.9;0
Castres;43.6;2.24;21/09/2026;09:00;19.6;0;SOLEIL;5;9.4;0
Castres;43.6;2.24;21/09/2026;10:00;21.3;0;SOLEIL;5;14.0;0
Castres;43.6;2.24;21/09/2026;11:00;25.5;0;SOLEIL;5;19.4;0
Castres;43.6;2.24;21/09/2026;12:00;25.5;0;SOLEIL;5;25.6;0
Castres;43.6;2.24;21/09/2026;13:00;25.5;0;SOLEIL;5;32.0;0
Castres;43.6;2.24;21/09/2026;14:00;27.9;0;SOLEIL;5;37.1;0
Castres;43.6;2.24;21/09/2026;15:00;29.5;0;SOLEIL;5;40.3;0
Castres;43.6;2.24;21/09/2026;16:00;27.9;0;SOLEIL;5;42.1;0
Castres;43.6;2.24;21/09/2026;17:00;25.7;0;SOLEIL;3;42.1;0
Castres;43.6;2.24;21/09/2026;18:00;25.7;0;SOLEIL;3;39.6;0
Castres;43.6;2.24;21/09/2026;19:00;25.7;0;SOLEIL;3;35.3;0
Castres;43.6;2.24;21/09/2026;20:00;21.3;0;SOLEIL;5;29.9;0
Castres;43.6;2.24;21/09/2026;21:00;19.6;0;SOLEIL;5;23.0;0
Castres;43.6;2.24;21/09/2026;22:00;18.0;0;SOLEIL;5;15.5;0
Castres;43.6;2.24;21/09/2026;23:00;16.6;0;SOLEIL;1;10.4;0
Montauban;44.01;1.35;17/09/2026;00:00;16.7;0;SOLEIL;3;8.3;0
Montauban;44.01;1.35;17/09/2026;01:00;16;0;SOLEIL;2;5.4;0
Montauban;44.01;1.35;17/09/2026;02:00;15.1;0;SOLEIL;2;5.4;0
Montauban;44.01;1.35;17/09/2026;03:00;14.2;0;SOLEIL;2;5.0;0
Montauban;44.01;1.35;17/09/2026;04:00;13;0;SOLEIL;2;5.8;0
Montauban;44.01;1.35;17/09/2026;05:00;13.4;0;SOLEIL;2;6.5;0
Montauban;44.01;1.35;17/09/2026;06:00;13.4;0;SOLEIL;2;4.7;0
Montauban;44.01;1.35;17/09/2026;07:00;14.7;0;SOLEIL;2;3.2;0
Montauban;44.01;1.35;17/09/2026;08:00;17;0;SOLEIL;2;2.2;0
Montauban;44.01;1.35;17/09/2026;09:00;18.6;0;SOLEIL;2;2.5;0
Montauban;44.01;1.35;17/09/2026;10:00;20.5;0;SOLEIL;3;11.5;0
Montauban;44.01;1.35;17/09/2026;11:00;22.1;0;SOLEIL;4;17.3;0
Montauban;44.01;1.35;17/09/2026;12:00;22.9;0;SOLEIL;4;20.2;0
Montauban;44.01;1.35;17/09/2026;13:00;24.1;0;SOLEIL;4;23.8;0
Montauban;44.01;1.35;17/09/2026;14:00;24.8;0;SOLEIL;4;24.8;0
Montauban;44.01;1.35;17/09/2026;15:00;24.4;5;SOLEIL VOILÉ;4;28.4;0
Montauban;44.01;1.35;17/09/2026;16:00;24.4;5;SOLEIL VOILÉ;4;30.6;0
Montauban;44.01;1.35;17/09/2026;17:00;23.1;5;SOLEIL VOILÉ;4;30.6;0
Montauban;44.01;1.35;17/09/2026;18:00;22.7;5;SOLEIL VOILÉ;3;28.1;0
Montauban;44.01;1.35;17/09/2026;19:00;20.9;0;SOLEIL;3;23.8;0
Montauban;44.01;1.35;17/09/2026;20:00;19.6;5;SOLEIL VOILÉ;3;20.2;0
Montauban;44.01;1.35;17/09/2026;21:00;18.5;5;SOLEIL VOILÉ;2;12.2;0
Montauban;44.01;1.35;17/09/2026;22:00;17.1;5;SOLEIL VOILÉ;2;4.3;0
Montauban;44.01;1.35;17/09/2026;23:00;15.7;5;SOLEIL VOILÉ;2;4.0;0
Montauban;44.01;1.35;18/09/2026;00:00;15.6;5;SOLEIL VOILÉ;2;3.2;0
Montauban;44.01;1.35;18/09/2026;01:00;15.6;5;SOLEIL VOILÉ;2;4.7;0
Montauban;44.01;1.35;18/09/2026;02:00;15.1;5;SOLEIL VOILÉ;2;4.3;0
Montauban;44.01;1.35;18/09/2026;03:00;15.1;5;SOLEIL VOILÉ;2;4.0;0
Montauban;44.01;1.35;18/09/2026;04:00;15.1;5;SOLEIL VOILÉ;2;3.6;0
Montauban;44.01;1.35;18/09/2026;05:00;14.6;0;SOLEIL;2;2.9;0
Montauban;44.01;1.35;18/09/2026;06:00;14.6;0;SOLEIL;2;2.2;0
Montauban;44.01;1.35;18/09/2026;07:00;14.6;0;SOLEIL;2;3.2;0
Montauban;44.01;1.35;18/09/2026;08:00;19.5;2;NUAGEUX;2;5.0;0
Montauban;44.01;1.35;18/09/2026;09:00;19.5;2;NUAGEUX;2;3.6;0
Montauban;44.01;1.35;18/09/2026;10:00;19.5;2;NUAGEUX;2;6.8;0
Montauban;44.01;1.35;18/09/2026;11:00;23.1;2;NUAGEUX;3;11.5;0
Montauban;44.01;1.35;18/09/2026;12:00;23.1;2;NUAGEUX;3;15.0;0
Montauban;44.01;1.35;18/09/2026;13:00;23.1;2;NUAGEUX;3;16.6;0
Montauban;44.01;1.35;18/09/2026;14:00;23.7;0;SOLEIL;4;16.8;0
Montauban;44.01;1.35;18/09/2026;15:00;23.7;0;SOLEIL;4;17.6;0
Montauban;44.01;1.35;18/09/2026;16:00;23.7;0;SOLEIL;4;16.6;0
Montauban;44.01;1.35;18/09/2026;17:00;22.7;0;SOLEIL;3;15.8;0
Montauban;44.01;1.35;18/09/2026;18:00;22.7;0;SOLEIL;3;10.8;0
Montauban;44.01;1.35;18/09/2026;19:00;22.7;0;SOLEIL;3;11.5;0
Montauban;44.01;1.35;18/09/2026;20:00;20.1;0;SOLEIL;3;10.8;0
Montauban;44.01;1.35;18/09/2026;21:00;20.1;0;SOLEIL;3;6.8;0
Montauban;44.01;1.35;18/09/2026;22:00;20.1;0;SOLEIL;3;6.1;0
Montauban;44.01;1.35;18/09/2026;23:00;17;0;SOLEIL;2;6.5;0
Montauban;44.01;1.35;19/09/2026;00:00;17;0;SOLEIL;2;2.5;0
Montauban;44.01;1.35;19/09/2026;01:00;17;0;SOLEIL;2;3.6;0
Montauban;44.01;1.35;19/09/2026;02:00;13.7;0;SOLEIL;2;4.0;0
Montauban;44.01;1.35;19/09/2026;03:00;13.7;0;SOLEIL;2;3.6;0
Montauban;44.01;1.35;19/09/2026;04:00;13.7;0;SOLEIL;2;1.8;0
Montauban;44.01;1.35;19/09/2026;05:00;12.7;0;SOLEIL;1;2.2;0
Montauban;44.01;1.35;19/09/2026;06:00;12.7;0;SOLEIL;1;2.2;0
Montauban;44.01;1.35;19/09/2026;07:00;12.7;0;SOLEIL;1;2.5;0
Montauban;44.01;1.35;19/09/2026;08:00;18.5;0;SOLEIL;1;5.8;0
Montauban;44.01;1.35;19/09/2026;09:00;18.5;0;SOLEIL;1;6.1;0
Montauban;44.01;1.35;19/09/2026;10:00;18.5;0;SOLEIL;1;9.4;0
Montauban;44.01;1.35;19/09/2026;11:00;24.4;0;SOLEIL;2;11.9;0
Montauban;44.01;1.35;19/09/2026;12:00;24.4;0;SOLEIL;2;10.4;0
Montauban;44.01;1.35;19/09/2026;13:00;24.4;0;SOLEIL;2;11.5;0
Montauban;44.01;1.35;19/09/2026;14:00;27.4;0;SOLEIL;2;12.2;0
Montauban;44.01;1.35;19/09/2026;15:00;27.4;0;SOLEIL;2;11.9;0
Montauban;44.01;1.35;19/09/2026;16:00;27.4;0;SOLEIL;2;11.5;0
Montauban;44.01;1.35;19/09/2026;17:00;25.1;0;SOLEIL;2;10.8;0
Montauban;44.01;1.35;19/09/2026;18:00;25.1;0;SOLEIL;2;10.1;0
Montauban;44.01;1.35;19/09/2026;19:00;25.1;0;SOLEIL;2;9.0;0
Montauban;44.01;1.35;19/09/2026;20:00;19.2;0;SOLEIL;5;7.6;0
Montauban;44.01;1.35;19/09/2026;21:00;17.4;0;SOLEIL;5;5.4;0
Montauban;44.01;1.35;19/09/2026;22:00;15.7;0;SOLEIL;5;2.9;0
Montauban;44.01;1.35;19/09/2026;23:00;16.5;0;SOLEIL;0;1.4;0
Montauban;44.01;1.35;20/09/2026;00:00;16.5;0;SOLEIL;0;1.4;0
Montauban;44.01;1.35;20/09/2026;01:00;16.5;0;SOLEIL;0;2.2;0
Montauban;44.01;1.35;20/09/2026;02:00;13.6;0;SOLEIL;5;2.5;0
Montauban;44.01;1.35;20/09/2026;03:00;13.6;0;SOLEIL;5;2.2;0
Montauban;44.01;1.35;20/09/2026;04:00;13.6;0;SOLEIL;5;1.8;0
Montauban;44.01;1.35;20/09/2026;05:00;14.7;0;SOLEIL;1;2.2;0
Montauban;44.01;1.35;20/09/2026;06:00;14.7;0;SOLEIL;1;3.6;0
Montauban;44.01;1.35;20/09/2026;07:00;14.7;0;SOLEIL;1;6.1;0
Montauban;44.01;1.35;20/09/2026;08:00;17.0;0;SOLEIL;5;7.6;0
Montauban;44.01;1.35;20/09/2026;09:00;18.7;0;SOLEIL;5;7.6;0
Montauban;44.01;1.35;20/09/2026;10:00;20.4;0;SOLEIL;5;6.5;0
Montauban;44.01;1.35;20/09/2026;11:00;27;2;NUAGEUX;3;7.2;0
Montauban;44.01;1.35;20/09/2026;12:00;27;2;NUAGEUX;3;10.4;0
Montauban;44.01;1.35;20/09/2026;13:00;27;2;NUAGEUX;3;15.1;0
Montauban;44.01;1.35;20/09/2026;14:00;27.3;0;SOLEIL;5;19.1;0
Montauban;44.01;1.35;20/09/2026;15:00;29.0;0;SOLEIL;5;22.3;0
Montauban;44.01;1.35;20/09/2026;16:00;27.3;0;SOLEIL;5;24.8;0
Montauban;44.01;1.35;20/09/2026;17:00;26.1;0;SOLEIL;3;26.3;0
Montauban;44.01;1.35;20/09/2026;18:00;26.1;0;SOLEIL;3;25.9;0
Montauban;44.01;1.35;20/09/2026;19:00;26.1;0;SOLEIL;3;24.1;0
Montauban;44.01;1.35;20/09/2026;20:00;20.4;0;SOLEIL;5;21.6;0
Montauban;44.01;1.35;20/09/2026;21:00;18.7;0;SOLEIL;5;17.6;0
Montauban;44.01;1.35;20/09/2026;22:00;17.0;0;SOLEIL;5;12.6;0
Montauban;44.01;1.35;20/09/2026;23:00;19.5;0;SOLEIL;2;9.0;0
Montauban;44.01;1.35;21/09/2026;00:00;19.5;0;SOLEIL;2;7.6;0
Montauban;44.01;1.35;21/09/2026;01:00;19.5;0;SOLEIL;2;7.2;0
Montauban;44.01;1.35;21/09/2026;02:00;15.7;0;SOLEIL;5;6.8;0
Montauban;44.01;1.35;21/09/2026;03:00;15.7;0;SOLEIL;5;6.5;0
Montauban;44.01;1.35;21/09/2026;04:00;15.7;0;SOLEIL;5;6.5;0
Montauban;44.01;1.35;21/09/2026;05:00;16.6;0;SOLEIL;2;6.1;0
Montauban;44.01;1.35;21/09/2026;06:00;16.6;0;SOLEIL;2;6.2;0
Montauban;44.01;1.35;21/09/2026;07:00;16.6;0;SOLEIL;2;6.5;0
Montauban;44.01;1.35;21/09/2026;08:00;18.9;0;SOLEIL;5;6.8;0
Montauban;44.01;1.35;21/09/2026;09:00;20.5;0;SOLEIL;5;4.3;0
Montauban;44.01;1.35;21/09/2026;10:00;22.1;0;SOLEIL;5;8.3;0
Montauban;44.01;1.35;21/09/2026;11:00;26.7;0;SOLEIL;3;11.9;0
Montauban;44.01;1.35;21/09/2026;12:00;26.7;0;SOLEIL;3;14.8;0
Montauban;44.01;1.35;21/09/2026;13:00;26.7;0;SOLEIL;3;17.6;0
Montauban;44.01;1.35;21/09/2026;14:00;28.5;0;SOLEIL;5;20.2;0
Montauban;44.01;1.35;21/09/2026;15:00;30.1;0;SOLEIL;5;23.0;0
Montauban;44.01;1.35;21/09/2026;16:00;28.5;0;SOLEIL;5;25.9;0
Montauban;44.01;1.35;21/09/2026;17:00;26.2;0;SOLEIL;2;27.4;0
Montauban;44.01;1.35;21/09/2026;18:00;26.2;0;SOLEIL;2;26.6;0
Montauban;44.01;1.35;21/09/2026;19:00;26.2;0;SOLEIL;2;24.8;0
Montauban;44.01;1.35;21/09/2026;20:00;22.1;0;SOLEIL;5;22.0;0
Montauban;44.01;1.35;21/09/2026;21:00;20.5;0;SOLEIL;5;18.0;0
Montauban;44.01;1.35;21/09/2026;22:00;18.9;0;SOLEIL;5;13.3;0
Montauban;44.01;1.35;21/09/2026;23:00;17.6;0;SOLEIL;2;9.7;0
