Ville;Latitude;Longitude;Date;Heure;temperature_2m;weathercode;Temps_Label;windspeed_10m;wind_gusts_10m;precipitation
Bayeux;49.28;-0.7;16/09/2026;00:00;15.1;0;SOLEIL;3;24.8;0
Bayeux;49.28;-0.7;16/09/2026;01:00;14.6;0;SOLEIL;2;17.3;0
Bayeux;49.28;-0.7;16/09/2026;02:00;14.1;0;SOLEIL;2;16.6;0
Bayeux;49.28;-0.7;16/09/2026;03:00;13.5;0;SOLEIL;2;16.9;0
Bayeux;49.28;-0.7;16/09/2026;04:00;13.6;2;NUAGEUX;2;14.8;0
Bayeux;49.28;-0.7;16/09/2026;05:00;13.1;0;SOLEIL;2;12.6;0
Bayeux;49.28;-0.7;16/09/2026;06:00;13.1;0;SOLEIL;2;9.7;0
Bayeux;49.28;-0.7;16/09/2026;07:00;14.6;0;SOLEIL;2;7.9;0
Bayeux;49.28;-0.7;16/09/2026;08:00;17.6;6;AVERSES;2;7.2;0.1
Bayeux;49.28;-0.7;16/09/2026;09:00;18.4;6;AVERSES;3;9.0;0.2
Bayeux;49.28;-0.7;16/09/2026;10:00;19.5;2;NUAGEUX;3;18.0;0
Bayeux;49.28;-0.7;16/09/2026;11:00;20.4;2;NUAGEUX;4;24.8;0
Bayeux;49.28;-0.7;16/09/2026;12:00;20;2;NUAGEUX;4;28.1;0
Bayeux;49.28;-0.7;16/09/2026;13:00;20.2;2;NUAGEUX;4;29.9;0
Bayeux;49.28;-0.7;16/09/2026;14:00;20;2;NUAGEUX;4;34.2;0
Bayeux;49.28;-0.7;16/09/2026;15:00;20;2;NUAGEUX;4;34.9;0
Bayeux;49.28;-0.7;16/09/2026;16:00;19.9;2;NUAGEUX;4;34.6;0
Bayeux;49.28;-0.7;16/09/2026;17:00;19.3;0;SOLEIL;4;34.6;0
Bayeux;49.28;-0.7;16/09/2026;18:00;18.4;0;SOLEIL;3;33.8;0
Bayeux;49.28;-0.7;16/09/2026;19:00;17;0;SOLEIL;3;32.0;0
Bayeux;49.28;-0.7;16/09/2026;20:00;15.3;0;SOLEIL;2;24.1;0
Bayeux;49.28;-0.7;16/09/2026;21:00;14;0;SOLEIL;2;21.2;0
Bayeux;49.28;-0.7;16/09/2026;22:00;13.1;0;SOLEIL;2;13.7;0
Bayeux;49.28;-0.7;16/09/2026;23:00;12.7;5;SOLEIL VOILÉ;2;10.4;0
Bayeux;49.28;-0.7;17/09/2026;00:00;12.5;5;SOLEIL VOILÉ;3;7.9;0
Bayeux;49.28;-0.7;17/09/2026;01:00;12.5;5;SOLEIL VOILÉ;3;7.9;0
Bayeux;49.28;-0.7;17/09/2026;02:00;12.1;2;NUAGEUX;3;10.4;0
Bayeux;49.28;-0.7;17/09/2026;03:00;12.1;2;NUAGEUX;3;11.7;0
Bayeux;49.28;-0.7;17/09/2026;04:00;12.1;2;NUAGEUX;3;11.9;0
Bayeux;49.28;-0.7;17/09/2026;05:00;13.2;2;NUAGEUX;3;10.7;0
Bayeux;49.28;-0.7;17/09/2026;06:00;13.2;2;NUAGEUX;3;9.7;0
Bayeux;49.28;-0.7;17/09/2026;07:00;13.2;2;NUAGEUX;3;9.7;0
Bayeux;49.28;-0.7;17/09/2026;08:00;17.7;2;NUAGEUX;4;12.2;0
Bayeux;49.28;-0.7;17/09/2026;09:00;17.7;2;NUAGEUX;4;19.4;0
Bayeux;49.28;-0.7;17/09/2026;10:00;17.7;2;NUAGEUX;4;26.3;0
Bayeux;49.28;-0.7;17/09/2026;11:00;19.2;2;NUAGEUX;5;29.9;0
Bayeux;49.28;-0.7;17/09/2026;12:00;19.2;2;NUAGEUX;5;32.8;0
Bayeux;49.28;-0.7;17/09/2026;13:00;19.2;2;NUAGEUX;5;33.5;0
Bayeux;49.28;-0.7;17/09/2026;14:00;19.7;6;AVERSES;5;32.8;0
Bayeux;49.28;-0.7;17/09/2026;15:00;19.7;6;AVERSES;5;34.2;0
Bayeux;49.28;-0.7;17/09/2026;16:00;19.7;6;AVERSES;5;34.9;0
Bayeux;49.28;-0.7;17/09/2026;17:00;18;6;AVERSES;4;31.7;0
Bayeux;49.28;-0.7;17/09/2026;18:00;18;6;AVERSES;4;30.2;0
Bayeux;49.28;-0.7;17/09/2026;19:00;18;6;AVERSES;4;26.6;0
Bayeux;49.28;-0.7;17/09/2026;20:00;15;0;SOLEIL;3;27.4;0
Bayeux;49.28;-0.7;17/09/2026;21:00;15;0;SOLEIL;3;26.3;0
Bayeux;49.28;-0.7;17/09/2026;22:00;15;0;SOLEIL;3;19.4;0
Bayeux;49.28;-0.7;17/09/2026;23:00;13.1;0;SOLEIL;3;12.6;0
Bayeux;49.28;-0.7;18/09/2026;00:00;13.1;0;SOLEIL;3;9.0;0
Bayeux;49.28;-0.7;18/09/2026;01:00;13.1;0;SOLEIL;3;9.0;0
Bayeux;49.28;-0.7;18/09/2026;02:00;12.1;0;SOLEIL;2;8.6;0
Bayeux;49.28;-0.7;18/09/2026;03:00;12.1;0;SOLEIL;2;8.6;0
Bayeux;49.28;-0.7;18/09/2026;04:00;12.1;0;SOLEIL;2;9.4;0
Bayeux;49.28;-0.7;18/09/2026;05:00;11.4;0;SOLEIL;3;10.1;0
Bayeux;49.28;-0.7;18/09/2026;06:00;11.4;0;SOLEIL;3;9.4;0
Bayeux;49.28;-0.7;18/09/2026;07:00;11.4;0;SOLEIL;3;8.3;0
Bayeux;49.28;-0.7;18/09/2026;08:00;17.1;0;SOLEIL;3;7.2;0
Bayeux;49.28;-0.7;18/09/2026;09:00;17.1;0;SOLEIL;3;10.8;0
Bayeux;49.28;-0.7;18/09/2026;10:00;17.1;0;SOLEIL;3;16.6;0
Bayeux;49.28;-0.7;18/09/2026;11:00;20.1;2;NUAGEUX;4;22.0;0
Bayeux;49.28;-0.7;18/09/2026;12:00;20.1;2;NUAGEUX;4;26.3;0
Bayeux;49.28;-0.7;18/09/2026;13:00;20.1;2;NUAGEUX;4;30.6;0
Bayeux;49.28;-0.7;18/09/2026;14:00;21.1;2;NUAGEUX;4;33.5;0
Bayeux;49.28;-0.7;18/09/2026;15:00;21.1;2;NUAGEUX;4;35.3;0
Bayeux;49.28;-0.7;18/09/2026;16:00;21.1;2;NUAGEUX;4;36.0;0
Bayeux;49.28;-0.7;18/09/2026;17:00;20.4;2;NUAGEUX;3;35.3;0
Bayeux;49.28;-0.7;18/09/2026;18:00;20.4;2;NUAGEUX;3;32.4;0
Bayeux;49.28;-0.7;18/09/2026;19:00;20.4;2;NUAGEUX;3;28.1;0
Bayeux;49.28;-0.7;18/09/2026;20:00;15.4;2;NUAGEUX;5;23.8;0
Bayeux;49.28;-0.7;18/09/2026;21:00;14.1;2;NUAGEUX;5;20.2;0
Bayeux;49.28;-0.7;18/09/2026;22:00;12.8;2;NUAGEUX;5;16.9;0
Bayeux;49.28;-0.7;18/09/2026;23:00;16.6;2;NUAGEUX;3;14.4;0
Bayeux;49.28;-0.7;19/09/2026;00:00;16.6;2;NUAGEUX;3;13.0;0
Bayeux;49.28;-0.7;19/09/2026;01:00;16.6;2;NUAGEUX;3;12.6;0
Bayeux;49.28;-0.7;19/09/2026;02:00;14.5;6;AVERSES;5;12.6;0
Bayeux;49.28;-0.7;19/09/2026;03:00;14.5;6;AVERSES;5;13.3;0
Bayeux;49.28;-0.7;19/09/2026;04:00;14.5;6;AVERSES;5;15.1;0
Bayeux;49.28;-0.7;19/09/2026;05:00;15.5;7;PLUIE FAIBLE;4;16.2;0
Bayeux;49.28;-0.7;19/09/2026;06:00;15.5;7;PLUIE FAIBLE;4;16.6;0
Bayeux;49.28;-0.7;19/09/2026;07:00;15.5;7;PLUIE FAIBLE;4;16.6;0
Bayeux;49.28;-0.7;19/09/2026;08:00;16.3;6;AVERSES;5;17.3;0
Bayeux;49.28;-0.7;19/09/2026;09:00;17.2;6;AVERSES;5;18.7;0
Bayeux;49.28;-0.7;19/09/2026;10:00;18.1;6;AVERSES;5;20.2;0
Bayeux;49.28;-0.7;19/09/2026;11:00;21.1;6;AVERSES;5;23.0;0
Bayeux;49.28;-0.7;19/09/2026;12:00;21.1;6;AVERSES;5;27.7;0
Bayeux;49.28;-0.7;19/09/2026;13:00;21.1;6;AVERSES;5;33.1;0
Bayeux;49.28;-0.7;19/09/2026;14:00;21.7;6;AVERSES;5;37.1;0
Bayeux;49.28;-0.7;19/09/2026;15:00;22.6;6;AVERSES;5;39.2;0
Bayeux;49.28;-0.7;19/09/2026;16:00;21.7;6;AVERSES;5;39.6;0
Bayeux;49.28;-0.7;19/09/2026;17:00;19.5;6;AVERSES;4;37.8;0
Bayeux;49.28;-0.7;19/09/2026;18:00;19.5;6;AVERSES;4;31.3;0
Bayeux;49.28;-0.7;19/09/2026;19:00;19.5;6;AVERSES;4;22.7;0
Bayeux;49.28;-0.7;19/09/2026;20:00;18.1;6;AVERSES;5;15.8;0
Bayeux;49.28;-0.7;19/09/2026;21:00;17.2;6;AVERSES;5;13.3;0
Bayeux;49.28;-0.7;19/09/2026;22:00;16.3;6;AVERSES;5;13.0;0
Bayeux;49.28;-0.7;19/09/2026;23:00;16.6;7;PLUIE FAIBLE;3;13.3;0
Bayeux;49.28;-0.7;20/09/2026;00:00;16.6;7;PLUIE FAIBLE;3;14.9;0
Bayeux;49.28;-0.7;20/09/2026;01:00;16.6;7;PLUIE FAIBLE;3;16.7;0
Bayeux;49.28;-0.7;20/09/2026;02:00;13.7;2;NUAGEUX;5;18.6;0
Bayeux;49.28;-0.7;20/09/2026;03:00;13.7;2;NUAGEUX;5;19.4;0
Bayeux;49.28;-0.7;20/09/2026;04:00;13.7;2;NUAGEUX;5;19.1;0
Bayeux;49.28;-0.7;20/09/2026;05:00;14.4;2;NUAGEUX;2;19.1;0
Bayeux;49.28;-0.7;20/09/2026;06:00;14.4;2;NUAGEUX;2;19.4;0
Bayeux;49.28;-0.7;20/09/2026;07:00;14.4;2;NUAGEUX;2;20.2;0
Bayeux;49.28;-0.7;20/09/2026;08:00;15.5;2;NUAGEUX;5;21.2;0
Bayeux;49.28;-0.7;20/09/2026;09:00;16.3;2;NUAGEUX;5;23.0;0
Bayeux;49.28;-0.7;20/09/2026;10:00;17.2;2;NUAGEUX;5;25.2;0
Bayeux;49.28;-0.7;20/09/2026;11:00;21;6;AVERSES;5;27.0;0
Bayeux;49.28;-0.7;20/09/2026;12:00;21;6;AVERSES;5;28.4;0
Bayeux;49.28;-0.7;20/09/2026;13:00;21;6;AVERSES;5;29.9;0
Bayeux;49.28;-0.7;20/09/2026;14:00;20.7;2;NUAGEUX;5;31.0;0
Bayeux;49.28;-0.7;20/09/2026;15:00;21.6;2;NUAGEUX;5;32.0;0
Bayeux;49.28;-0.7;20/09/2026;16:00;20.7;2;NUAGEUX;5;33.1;0
Bayeux;49.28;-0.7;20/09/2026;17:00;19.1;2;NUAGEUX;3;33.1;0
Bayeux;49.28;-0.7;20/09/2026;18:00;19.1;2;NUAGEUX;3;32.0;0
Bayeux;49.28;-0.7;20/09/2026;19:00;19.1;2;NUAGEUX;3;29.9;0
Bayeux;49.28;-0.7;20/09/2026;20:00;17.2;2;NUAGEUX;5;26.6;0
Bayeux;49.28;-0.7;20/09/2026;21:00;16.3;2;NUAGEUX;5;21.6;0
Bayeux;49.28;-0.7;20/09/2026;22:00;15.5;2;NUAGEUX;5;15.5;0
Bayeux;49.28;-0.7;20/09/2026;23:00;14.6;0;SOLEIL;2;11.2;0
Caen;49.18;-0.37;16/09/2026;00:00;14.1;0;SOLEIL;3;22.7;0
Caen;49.18;-0.37;16/09/2026;01:00;14.6;0;SOLEIL;3;22.3;0
Caen;49.18;-0.37;16/09/2026;02:00;14;0;SOLEIL;3;21.6;0
Caen;49.18;-0.37;16/09/2026;03:00;13.2;6;AVERSES;3;21.2;0.1
Caen;49.18;-0.37;16/09/2026;04:00;12.4;2;NUAGEUX;3;20.5;0
Caen;49.18;-0.37;16/09/2026;05:00;13.1;2;NUAGEUX;3;20.5;0
Caen;49.18;-0.37;16/09/2026;06:00;12.9;2;NUAGEUX;3;20.9;0
Caen;49.18;-0.37;16/09/2026;07:00;14.4;0;SOLEIL;3;20.2;0
Caen;49.18;-0.37;16/09/2026;08:00;16.7;6;AVERSES;3;18.7;0.9
Caen;49.18;-0.37;16/09/2026;09:00;17.6;2;NUAGEUX;4;20.5;0
Caen;49.18;-0.37;16/09/2026;10:00;18.9;2;NUAGEUX;4;24.8;0
Caen;49.18;-0.37;16/09/2026;11:00;19.5;6;AVERSES;5;26.3;0.1
Caen;49.18;-0.37;16/09/2026;12:00;19.1;2;NUAGEUX;5;30.6;0
Caen;49.18;-0.37;16/09/2026;13:00;19.1;2;NUAGEUX;5;30.6;0
Caen;49.18;-0.37;16/09/2026;14:00;19.2;2;NUAGEUX;5;31.3;0
Caen;49.18;-0.37;16/09/2026;15:00;18.8;2;NUAGEUX;5;32.4;0
Caen;49.18;-0.37;16/09/2026;16:00;18.3;2;NUAGEUX;4;33.1;0
Caen;49.18;-0.37;16/09/2026;17:00;17.7;2;NUAGEUX;4;33.5;0
Caen;49.18;-0.37;16/09/2026;18:00;17.1;0;SOLEIL;4;33.8;0
Caen;49.18;-0.37;16/09/2026;19:00;15.9;0;SOLEIL;4;31.7;0
Caen;49.18;-0.37;16/09/2026;20:00;14.8;0;SOLEIL;3;30.2;0
Caen;49.18;-0.37;16/09/2026;21:00;14.1;5;SOLEIL VOILÉ;3;24.8;0
Caen;49.18;-0.37;16/09/2026;22:00;13.6;5;SOLEIL VOILÉ;4;18.4;0
Caen;49.18;-0.37;16/09/2026;23:00;13.4;5;SOLEIL VOILÉ;4;15.5;0
Caen;49.18;-0.37;17/09/2026;00:00;13.2;2;NUAGEUX;3;15.1;0
Caen;49.18;-0.37;17/09/2026;01:00;13.2;2;NUAGEUX;3;15.5;0
Caen;49.18;-0.37;17/09/2026;02:00;14;2;NUAGEUX;4;15.1;0
Caen;49.18;-0.37;17/09/2026;03:00;14;2;NUAGEUX;4;15.9;0
Caen;49.18;-0.37;17/09/2026;04:00;14;2;NUAGEUX;4;17.1;0
Caen;49.18;-0.37;17/09/2026;05:00;14;2;NUAGEUX;5;17.7;0
Caen;49.18;-0.37;17/09/2026;06:00;14;2;NUAGEUX;5;22.3;0
Caen;49.18;-0.37;17/09/2026;07:00;14;2;NUAGEUX;5;27.7;0
Caen;49.18;-0.37;17/09/2026;08:00;16.7;2;NUAGEUX;6;28.4;0
Caen;49.18;-0.37;17/09/2026;09:00;16.7;2;NUAGEUX;6;31.3;0
Caen;49.18;-0.37;17/09/2026;10:00;16.7;2;NUAGEUX;6;38.9;0
Caen;49.18;-0.37;17/09/2026;11:00;18.7;6;AVERSES;7;41.8;0
Caen;49.18;-0.37;17/09/2026;12:00;18.7;6;AVERSES;7;43.2;0
Caen;49.18;-0.37;17/09/2026;13:00;18.7;6;AVERSES;7;45.7;0
Caen;49.18;-0.37;17/09/2026;14:00;18.4;6;AVERSES;6;46.8;0
Caen;49.18;-0.37;17/09/2026;15:00;18.4;6;AVERSES;6;49.3;0
Caen;49.18;-0.37;17/09/2026;16:00;18.4;6;AVERSES;6;52.9;0
Caen;49.18;-0.37;17/09/2026;17:00;16.1;0;SOLEIL;5;52.6;0
Caen;49.18;-0.37;17/09/2026;18:00;16.1;0;SOLEIL;5;39.2;0
Caen;49.18;-0.37;17/09/2026;19:00;16.1;0;SOLEIL;5;34.9;0
Caen;49.18;-0.37;17/09/2026;20:00;13.4;0;SOLEIL;4;33.1;0
Caen;49.18;-0.37;17/09/2026;21:00;13.4;0;SOLEIL;4;22.7;0
Caen;49.18;-0.37;17/09/2026;22:00;13.4;0;SOLEIL;4;16.6;0
Caen;49.18;-0.37;17/09/2026;23:00;13;0;SOLEIL;4;13.7;0
Caen;49.18;-0.37;18/09/2026;00:00;13;0;SOLEIL;4;14.8;0
Caen;49.18;-0.37;18/09/2026;01:00;13;0;SOLEIL;4;14.8;0
Caen;49.18;-0.37;18/09/2026;02:00;11.9;0;SOLEIL;3;14.4;0
Caen;49.18;-0.37;18/09/2026;03:00;11.9;0;SOLEIL;3;14.4;0
Caen;49.18;-0.37;18/09/2026;04:00;11.9;0;SOLEIL;3;13.7;0
Caen;49.18;-0.37;18/09/2026;05:00;11.1;0;SOLEIL;3;12.6;0
Caen;49.18;-0.37;18/09/2026;06:00;11.1;0;SOLEIL;3;12.6;0
Caen;49.18;-0.37;18/09/2026;07:00;11.1;0;SOLEIL;3;12.2;0
Caen;49.18;-0.37;18/09/2026;08:00;16.6;0;SOLEIL;4;12.2;0
Caen;49.18;-0.37;18/09/2026;09:00;16.6;0;SOLEIL;4;14.8;0
Caen;49.18;-0.37;18/09/2026;10:00;16.6;0;SOLEIL;4;18.4;0
Caen;49.18;-0.37;18/09/2026;11:00;19.2;2;NUAGEUX;6;22.0;0
Caen;49.18;-0.37;18/09/2026;12:00;19.2;2;NUAGEUX;6;25.9;0
Caen;49.18;-0.37;18/09/2026;13:00;19.2;2;NUAGEUX;6;29.5;0
Caen;49.18;-0.37;18/09/2026;14:00;19.4;2;NUAGEUX;6;33.1;0
Caen;49.18;-0.37;18/09/2026;15:00;19.4;2;NUAGEUX;6;36.4;0
Caen;49.18;-0.37;18/09/2026;16:00;19.4;2;NUAGEUX;6;39.2;0
Caen;49.18;-0.37;18/09/2026;17:00;17.6;2;NUAGEUX;4;39.6;0
Caen;49.18;-0.37;18/09/2026;18:00;17.6;2;NUAGEUX;4;36.4;0
Caen;49.18;-0.37;18/09/2026;19:00;17.6;2;NUAGEUX;4;31.0;0
Caen;49.18;-0.37;18/09/2026;20:00;14.8;2;NUAGEUX;5;25.6;0
Caen;49.18;-0.37;18/09/2026;21:00;13.7;2;NUAGEUX;5;20.5;0
Caen;49.18;-0.37;18/09/2026;22:00;12.7;2;NUAGEUX;5;15.5;0
Caen;49.18;-0.37;18/09/2026;23:00;16.6;2;NUAGEUX;6;13.0;0
Caen;49.18;-0.37;19/09/2026;00:00;16.6;2;NUAGEUX;6;14.8;0
Caen;49.18;-0.37;19/09/2026;01:00;16.6;2;NUAGEUX;6;19.4;0
Caen;49.18;-0.37;19/09/2026;02:00;14.9;7;PLUIE FAIBLE;5;23.8;0
Caen;49.18;-0.37;19/09/2026;03:00;14.9;7;PLUIE FAIBLE;5;26.6;0
Caen;49.18;-0.37;19/09/2026;04:00;14.9;7;PLUIE FAIBLE;5;29.5;0
Caen;49.18;-0.37;19/09/2026;05:00;16.1;7;PLUIE FAIBLE;6;31.7;0
Caen;49.18;-0.37;19/09/2026;06:00;16.1;7;PLUIE FAIBLE;6;33.1;0
Caen;49.18;-0.37;19/09/2026;07:00;16.1;7;PLUIE FAIBLE;6;34.6;0
Caen;49.18;-0.37;19/09/2026;08:00;16.3;7;PLUIE FAIBLE;5;35.3;0
Caen;49.18;-0.37;19/09/2026;09:00;17.0;7;PLUIE FAIBLE;5;35.6;0
Caen;49.18;-0.37;19/09/2026;10:00;17.7;7;PLUIE FAIBLE;5;35.3;0
Caen;49.18;-0.37;19/09/2026;11:00;20.4;7;PLUIE FAIBLE;7;36.4;0
Caen;49.18;-0.37;19/09/2026;12:00;20.4;7;PLUIE FAIBLE;7;40.0;0
Caen;49.18;-0.37;19/09/2026;13:00;20.4;7;PLUIE FAIBLE;7;44.3;0
Caen;49.18;-0.37;19/09/2026;14:00;20.5;7;PLUIE FAIBLE;5;46.8;0
Caen;49.18;-0.37;19/09/2026;15:00;21.2;7;PLUIE FAIBLE;5;45.4;0
Caen;49.18;-0.37;19/09/2026;16:00;20.5;7;PLUIE FAIBLE;5;41.8;0
Caen;49.18;-0.37;19/09/2026;17:00;18.7;7;PLUIE FAIBLE;5;37.8;0
Caen;49.18;-0.37;19/09/2026;18:00;18.7;7;PLUIE FAIBLE;5;33.5;0
Caen;49.18;-0.37;19/09/2026;19:00;18.7;7;PLUIE FAIBLE;5;28.4;0
Caen;49.18;-0.37;19/09/2026;20:00;17.7;7;PLUIE FAIBLE;5;24.5;0
Caen;49.18;-0.37;19/09/2026;21:00;17.0;7;PLUIE FAIBLE;5;21.6;0
Caen;49.18;-0.37;19/09/2026;22:00;16.3;7;PLUIE FAIBLE;5;19.8;0
Caen;49.18;-0.37;19/09/2026;23:00;15.9;2;NUAGEUX;4;18.7;0
Caen;49.18;-0.37;20/09/2026;00:00;15.9;2;NUAGEUX;4;20.1;0
Caen;49.18;-0.37;20/09/2026;01:00;15.9;2;NUAGEUX;4;22.0;0
Caen;49.18;-0.37;20/09/2026;02:00;13.9;2;NUAGEUX;5;23.7;0
Caen;49.18;-0.37;20/09/2026;03:00;13.9;2;NUAGEUX;5;24.8;0
Caen;49.18;-0.37;20/09/2026;04:00;13.9;2;NUAGEUX;5;25.9;0
Caen;49.18;-0.37;20/09/2026;05:00;14.6;2;NUAGEUX;3;26.6;0
Caen;49.18;-0.37;20/09/2026;06:00;14.6;2;NUAGEUX;3;27.0;0
Caen;49.18;-0.37;20/09/2026;07:00;14.6;2;NUAGEUX;3;27.0;0
Caen;49.18;-0.37;20/09/2026;08:00;15.5;2;NUAGEUX;5;28.1;0
Caen;49.18;-0.37;20/09/2026;09:00;16.3;2;NUAGEUX;5;30.6;0
Caen;49.18;-0.37;20/09/2026;10:00;17.1;2;NUAGEUX;5;33.8;0
Caen;49.18;-0.37;20/09/2026;11:00;20.9;6;AVERSES;5;36.4;0
Caen;49.18;-0.37;20/09/2026;12:00;20.9;6;AVERSES;5;36.7;0
Caen;49.18;-0.37;20/09/2026;13:00;20.9;6;AVERSES;5;36.4;0
Caen;49.18;-0.37;20/09/2026;14:00;20.4;2;NUAGEUX;5;36.0;0
Caen;49.18;-0.37;20/09/2026;15:00;21.2;2;NUAGEUX;5;36.7;0
Caen;49.18;-0.37;20/09/2026;16:00;20.4;2;NUAGEUX;5;37.8;0
Caen;49.18;-0.37;20/09/2026;17:00;17.7;2;NUAGEUX;4;37.4;0
Caen;49.18;-0.37;20/09/2026;18:00;17.7;2;NUAGEUX;4;34.9;0
Caen;49.18;-0.37;20/09/2026;19:00;17.7;2;NUAGEUX;4;31.3;0
Caen;49.18;-0.37;20/09/2026;20:00;17.1;2;NUAGEUX;5;27.4;0
Caen;49.18;-0.37;20/09/2026;21:00;16.3;2;NUAGEUX;5;23.4;0
Caen;49.18;-0.37;20/09/2026;22:00;15.5;2;NUAGEUX;5;19.1;0
Caen;49.18;-0.37;20/09/2026;23:00;14.5;0;SOLEIL;3;15.8;0
Clécy;48.91;-0.48;16/09/2026;00:00;14.6;0;SOLEIL;4;24.8;0
Clécy;48.91;-0.48;16/09/2026;01:00;14.5;0;SOLEIL;3;23.8;0
Clécy;48.91;-0.48;16/09/2026;02:00;14;0;SOLEIL;3;23.0;0
Clécy;48.91;-0.48;16/09/2026;03:00;13.6;0;SOLEIL;3;21.6;0
Clécy;48.91;-0.48;16/09/2026;04:00;13.6;0;SOLEIL;3;20.9;0
Clécy;48.91;-0.48;16/09/2026;05:00;13.2;6;AVERSES;3;20.5;2.4
Clécy;48.91;-0.48;16/09/2026;06:00;13.6;6;AVERSES;3;20.9;0.4
Clécy;48.91;-0.48;16/09/2026;07:00;14.7;2;NUAGEUX;3;19.1;0
Clécy;48.91;-0.48;16/09/2026;08:00;16.6;6;AVERSES;4;17.6;1.5
Clécy;48.91;-0.48;16/09/2026;09:00;17.6;6;AVERSES;4;19.4;0.1
Clécy;48.91;-0.48;16/09/2026;10:00;18.7;2;NUAGEUX;4;22.0;0
Clécy;48.91;-0.48;16/09/2026;11:00;19.1;2;NUAGEUX;4;25.9;0
Clécy;48.91;-0.48;16/09/2026;12:00;19.3;6;AVERSES;4;28.1;0.5
Clécy;48.91;-0.48;16/09/2026;13:00;19.3;2;NUAGEUX;5;29.9;0
Clécy;48.91;-0.48;16/09/2026;14:00;19.2;2;NUAGEUX;4;29.2;0
Clécy;48.91;-0.48;16/09/2026;15:00;19.1;2;NUAGEUX;4;29.9;0
Clécy;48.91;-0.48;16/09/2026;16:00;18.9;2;NUAGEUX;4;31.0;0
Clécy;48.91;-0.48;16/09/2026;17:00;18.3;2;NUAGEUX;4;30.6;0
Clécy;48.91;-0.48;16/09/2026;18:00;17.6;2;NUAGEUX;3;28.1;0
Clécy;48.91;-0.48;16/09/2026;19:00;16.5;0;SOLEIL;4;30.2;0
Clécy;48.91;-0.48;16/09/2026;20:00;15.3;0;SOLEIL;3;27.0;0
Clécy;48.91;-0.48;16/09/2026;21:00;14.3;5;SOLEIL VOILÉ;3;27.0;0
Clécy;48.91;-0.48;16/09/2026;22:00;13.6;5;SOLEIL VOILÉ;3;20.5;0
Clécy;48.91;-0.48;16/09/2026;23:00;13.4;5;SOLEIL VOILÉ;3;15.1;0
Clécy;48.91;-0.48;17/09/2026;00:00;13.6;5;SOLEIL VOILÉ;3;14.8;0
Clécy;48.91;-0.48;17/09/2026;01:00;13.6;5;SOLEIL VOILÉ;3;13.3;0
Clécy;48.91;-0.48;17/09/2026;02:00;13.9;2;NUAGEUX;3;12.2;0
Clécy;48.91;-0.48;17/09/2026;03:00;13.9;2;NUAGEUX;3;12.8;0
Clécy;48.91;-0.48;17/09/2026;04:00;13.9;2;NUAGEUX;3;14.0;0
Clécy;48.91;-0.48;17/09/2026;05:00;14.4;5;SOLEIL VOILÉ;4;16.3;0
Clécy;48.91;-0.48;17/09/2026;06:00;14.4;5;SOLEIL VOILÉ;4;19.8;0
Clécy;48.91;-0.48;17/09/2026;07:00;14.4;5;SOLEIL VOILÉ;4;25.2;0
Clécy;48.91;-0.48;17/09/2026;08:00;17.4;2;NUAGEUX;6;27.4;0
Clécy;48.91;-0.48;17/09/2026;09:00;17.4;2;NUAGEUX;6;28.8;0
Clécy;48.91;-0.48;17/09/2026;10:00;17.4;2;NUAGEUX;6;30.2;0
Clécy;48.91;-0.48;17/09/2026;11:00;19.4;6;AVERSES;7;37.4;0
Clécy;48.91;-0.48;17/09/2026;12:00;19.4;6;AVERSES;7;39.2;0
Clécy;48.91;-0.48;17/09/2026;13:00;19.4;6;AVERSES;7;40.3;0
Clécy;48.91;-0.48;17/09/2026;14:00;18.7;6;AVERSES;6;42.1;0
Clécy;48.91;-0.48;17/09/2026;15:00;18.7;6;AVERSES;6;41.0;0
Clécy;48.91;-0.48;17/09/2026;16:00;18.7;6;AVERSES;6;46.8;0
Clécy;48.91;-0.48;17/09/2026;17:00;17.1;0;SOLEIL;5;52.6;0
Clécy;48.91;-0.48;17/09/2026;18:00;17.1;0;SOLEIL;5;45.4;0
Clécy;48.91;-0.48;17/09/2026;19:00;17.1;0;SOLEIL;5;36.4;0
Clécy;48.91;-0.48;17/09/2026;20:00;14.1;0;SOLEIL;4;32.0;0
Clécy;48.91;-0.48;17/09/2026;21:00;14.1;0;SOLEIL;4;25.9;0
Clécy;48.91;-0.48;17/09/2026;22:00;14.1;0;SOLEIL;4;16.9;0
Clécy;48.91;-0.48;17/09/2026;23:00;13.6;0;SOLEIL;4;15.5;0
Clécy;48.91;-0.48;18/09/2026;00:00;13.6;0;SOLEIL;4;16.9;0
Clécy;48.91;-0.48;18/09/2026;01:00;13.6;0;SOLEIL;4;18.4;0
Clécy;48.91;-0.48;18/09/2026;02:00;12.4;0;SOLEIL;3;18.0;0
Clécy;48.91;-0.48;18/09/2026;03:00;12.4;0;SOLEIL;3;18.4;0
Clécy;48.91;-0.48;18/09/2026;04:00;12.4;0;SOLEIL;3;18.7;0
Clécy;48.91;-0.48;18/09/2026;05:00;10.9;0;SOLEIL;3;17.6;0
Clécy;48.91;-0.48;18/09/2026;06:00;10.9;0;SOLEIL;3;16.9;0
Clécy;48.91;-0.48;18/09/2026;07:00;10.9;0;SOLEIL;3;16.6;0
Clécy;48.91;-0.48;18/09/2026;08:00;16.7;0;SOLEIL;4;15.8;0
Clécy;48.91;-0.48;18/09/2026;09:00;16.7;0;SOLEIL;4;18.4;0
Clécy;48.91;-0.48;18/09/2026;10:00;16.7;0;SOLEIL;4;22.3;0
Clécy;48.91;-0.48;18/09/2026;11:00;19.4;2;NUAGEUX;5;25.9;0
Clécy;48.91;-0.48;18/09/2026;12:00;19.4;2;NUAGEUX;5;28.8;0
Clécy;48.91;-0.48;18/09/2026;13:00;19.4;2;NUAGEUX;5;31.7;0
Clécy;48.91;-0.48;18/09/2026;14:00;20.1;5;SOLEIL VOILÉ;6;33.8;0
Clécy;48.91;-0.48;18/09/2026;15:00;20.1;5;SOLEIL VOILÉ;6;35.3;0
Clécy;48.91;-0.48;18/09/2026;16:00;20.1;5;SOLEIL VOILÉ;6;36.4;0
Clécy;48.91;-0.48;18/09/2026;17:00;18.6;2;NUAGEUX;4;36.0;0
Clécy;48.91;-0.48;18/09/2026;18:00;18.6;2;NUAGEUX;4;33.8;0
Clécy;48.91;-0.48;18/09/2026;19:00;18.6;2;NUAGEUX;4;30.6;0
Clécy;48.91;-0.48;18/09/2026;20:00;15.2;2;NUAGEUX;5;26.6;0
Clécy;48.91;-0.48;18/09/2026;21:00;14.0;2;NUAGEUX;5;21.6;0
Clécy;48.91;-0.48;18/09/2026;22:00;12.9;2;NUAGEUX;5;16.2;0
Clécy;48.91;-0.48;18/09/2026;23:00;17.6;2;NUAGEUX;4;12.6;0
Clécy;48.91;-0.48;19/09/2026;00:00;17.6;2;NUAGEUX;4;12.6;0
Clécy;48.91;-0.48;19/09/2026;01:00;17.6;2;NUAGEUX;4;14.4;0
Clécy;48.91;-0.48;19/09/2026;02:00;15.4;7;PLUIE FAIBLE;5;16.9;0
Clécy;48.91;-0.48;19/09/2026;03:00;15.4;7;PLUIE FAIBLE;5;20.2;0
Clécy;48.91;-0.48;19/09/2026;04:00;15.4;7;PLUIE FAIBLE;5;24.1;0
Clécy;48.91;-0.48;19/09/2026;05:00;16.7;7;PLUIE FAIBLE;5;27.0;0
Clécy;48.91;-0.48;19/09/2026;06:00;16.7;7;PLUIE FAIBLE;5;28.4;0
Clécy;48.91;-0.48;19/09/2026;07:00;16.7;7;PLUIE FAIBLE;5;29.2;0
Clécy;48.91;-0.48;19/09/2026;08:00;17.0;7;PLUIE FAIBLE;5;29.9;0
Clécy;48.91;-0.48;19/09/2026;09:00;17.8;7;PLUIE FAIBLE;5;29.9;0
Clécy;48.91;-0.48;19/09/2026;10:00;18.6;7;PLUIE FAIBLE;5;29.9;0
Clécy;48.91;-0.48;19/09/2026;11:00;21.7;7;PLUIE FAIBLE;6;31.0;0
Clécy;48.91;-0.48;19/09/2026;12:00;21.7;7;PLUIE FAIBLE;6;34.2;0
Clécy;48.91;-0.48;19/09/2026;13:00;21.7;7;PLUIE FAIBLE;6;38.9;0
Clécy;48.91;-0.48;19/09/2026;14:00;21.8;7;PLUIE FAIBLE;5;41.4;0
Clécy;48.91;-0.48;19/09/2026;15:00;22.6;7;PLUIE FAIBLE;5;41.0;0
Clécy;48.91;-0.48;19/09/2026;16:00;21.8;7;PLUIE FAIBLE;5;38.5;0
Clécy;48.91;-0.48;19/09/2026;17:00;20.4;7;PLUIE FAIBLE;4;35.6;0
Clécy;48.91;-0.48;19/09/2026;18:00;20.4;7;PLUIE FAIBLE;4;31.7;0
Clécy;48.91;-0.48;19/09/2026;19:00;20.4;7;PLUIE FAIBLE;4;26.6;0
Clécy;48.91;-0.48;19/09/2026;20:00;18.6;7;PLUIE FAIBLE;5;22.7;0
Clécy;48.91;-0.48;19/09/2026;21:00;17.8;7;PLUIE FAIBLE;5;20.2;0
Clécy;48.91;-0.48;19/09/2026;22:00;17.0;7;PLUIE FAIBLE;5;18.4;0
Clécy;48.91;-0.48;19/09/2026;23:00;17.1;2;NUAGEUX;4;17.6;0
Clécy;48.91;-0.48;20/09/2026;00:00;17.1;2;NUAGEUX;4;17.6;0
Clécy;48.91;-0.48;20/09/2026;01:00;17.1;2;NUAGEUX;4;18.4;0
Clécy;48.91;-0.48;20/09/2026;02:00;15.1;2;NUAGEUX;5;18.9;0
Clécy;48.91;-0.48;20/09/2026;03:00;15.1;2;NUAGEUX;5;19.1;0
Clécy;48.91;-0.48;20/09/2026;04:00;15.1;2;NUAGEUX;5;19.4;0
Clécy;48.91;-0.48;20/09/2026;05:00;16.1;2;NUAGEUX;3;19.8;0
Clécy;48.91;-0.48;20/09/2026;06:00;16.1;2;NUAGEUX;3;19.8;0
Clécy;48.91;-0.48;20/09/2026;07:00;16.1;2;NUAGEUX;3;20.2;0
Clécy;48.91;-0.48;20/09/2026;08:00;16.7;2;NUAGEUX;5;22.0;0
Clécy;48.91;-0.48;20/09/2026;09:00;17.6;2;NUAGEUX;5;27.0;0
Clécy;48.91;-0.48;20/09/2026;10:00;18.4;2;NUAGEUX;5;33.5;0
Clécy;48.91;-0.48;20/09/2026;11:00;22.1;6;AVERSES;5;37.4;0
Clécy;48.91;-0.48;20/09/2026;12:00;22.1;6;AVERSES;5;36.7;0
Clécy;48.91;-0.48;20/09/2026;13:00;22.1;6;AVERSES;5;33.8;0
Clécy;48.91;-0.48;20/09/2026;14:00;21.7;2;NUAGEUX;5;31.7;0
Clécy;48.91;-0.48;20/09/2026;15:00;22.5;2;NUAGEUX;5;32.4;0
Clécy;48.91;-0.48;20/09/2026;16:00;21.7;2;NUAGEUX;5;33.8;0
Clécy;48.91;-0.48;20/09/2026;17:00;19.1;2;NUAGEUX;4;34.2;0
Clécy;48.91;-0.48;20/09/2026;18:00;19.1;2;NUAGEUX;4;32.8;0
Clécy;48.91;-0.48;20/09/2026;19:00;19.1;2;NUAGEUX;4;29.9;0
Clécy;48.91;-0.48;20/09/2026;20:00;18.4;2;NUAGEUX;5;26.6;0
Clécy;48.91;-0.48;20/09/2026;21:00;17.6;2;NUAGEUX;5;22.3;0
Clécy;48.91;-0.48;20/09/2026;22:00;16.7;2;NUAGEUX;5;17.6;0
Clécy;48.91;-0.48;20/09/2026;23:00;15.7;0;SOLEIL;2;14.0;0
Lisieux;49.14;0.22;16/09/2026;00:00;13.6;0;SOLEIL;3;14.0;0
Lisieux;49.14;0.22;16/09/2026;01:00;13.6;0;SOLEIL;3;15.8;0
Lisieux;49.14;0.22;16/09/2026;02:00;13;0;SOLEIL;3;16.2;0
Lisieux;49.14;0.22;16/09/2026;03:00;12.1;0;SOLEIL;3;16.2;0
Lisieux;49.14;0.22;16/09/2026;04:00;12;0;SOLEIL;2;15.5;0
Lisieux;49.14;0.22;16/09/2026;05:00;11.6;0;SOLEIL;2;13.0;0
Lisieux;49.14;0.22;16/09/2026;06:00;11.7;0;SOLEIL;2;9.4;0
Lisieux;49.14;0.22;16/09/2026;07:00;14.1;0;SOLEIL;2;8.3;0
Lisieux;49.14;0.22;16/09/2026;08:00;17.1;0;SOLEIL;3;8.6;0
Lisieux;49.14;0.22;16/09/2026;09:00;17.9;2;NUAGEUX;4;9.0;0
Lisieux;49.14;0.22;16/09/2026;10:00;19.5;2;NUAGEUX;4;19.4;0
Lisieux;49.14;0.22;16/09/2026;11:00;20.6;6;AVERSES;4;25.2;0.3
Lisieux;49.14;0.22;16/09/2026;12:00;20.9;2;NUAGEUX;4;24.8;0
Lisieux;49.14;0.22;16/09/2026;13:00;20.5;6;AVERSES;4;26.6;0.3
Lisieux;49.14;0.22;16/09/2026;14:00;20.9;6;AVERSES;4;28.1;0.1
Lisieux;49.14;0.22;16/09/2026;15:00;20.8;2;NUAGEUX;4;28.1;0
Lisieux;49.14;0.22;16/09/2026;16:00;19.8;2;NUAGEUX;4;31.3;0
Lisieux;49.14;0.22;16/09/2026;17:00;18.6;2;NUAGEUX;4;34.2;0
Lisieux;49.14;0.22;16/09/2026;18:00;17.6;0;SOLEIL;3;34.2;0
Lisieux;49.14;0.22;16/09/2026;19:00;16.1;0;SOLEIL;3;31.3;0
Lisieux;49.14;0.22;16/09/2026;20:00;14.3;0;SOLEIL;3;28.1;0
Lisieux;49.14;0.22;16/09/2026;21:00;13;0;SOLEIL;2;19.8;0
Lisieux;49.14;0.22;16/09/2026;22:00;11.9;5;SOLEIL VOILÉ;2;11.9;0
Lisieux;49.14;0.22;16/09/2026;23:00;11.4;5;SOLEIL VOILÉ;2;9.0;0
Lisieux;49.14;0.22;17/09/2026;00:00;11.5;5;SOLEIL VOILÉ;2;6.8;0
Lisieux;49.14;0.22;17/09/2026;01:00;11.5;5;SOLEIL VOILÉ;2;6.5;0
Lisieux;49.14;0.22;17/09/2026;02:00;11.6;2;NUAGEUX;4;5.8;0
Lisieux;49.14;0.22;17/09/2026;03:00;11.6;2;NUAGEUX;4;7.4;0
Lisieux;49.14;0.22;17/09/2026;04:00;11.6;2;NUAGEUX;4;9.0;0
Lisieux;49.14;0.22;17/09/2026;05:00;12.2;5;SOLEIL VOILÉ;4;11.9;0
Lisieux;49.14;0.22;17/09/2026;06:00;12.2;5;SOLEIL VOILÉ;4;16.2;0
Lisieux;49.14;0.22;17/09/2026;07:00;12.2;5;SOLEIL VOILÉ;4;19.4;0
Lisieux;49.14;0.22;17/09/2026;08:00;16.9;2;NUAGEUX;5;23.0;0
Lisieux;49.14;0.22;17/09/2026;09:00;16.9;2;NUAGEUX;5;28.1;0
Lisieux;49.14;0.22;17/09/2026;10:00;16.9;2;NUAGEUX;5;36.0;0
Lisieux;49.14;0.22;17/09/2026;11:00;20;2;NUAGEUX;6;40.7;0
Lisieux;49.14;0.22;17/09/2026;12:00;20;2;NUAGEUX;6;40.7;0
Lisieux;49.14;0.22;17/09/2026;13:00;20;2;NUAGEUX;6;42.1;0
Lisieux;49.14;0.22;17/09/2026;14:00;18.1;2;NUAGEUX;5;43.6;0
Lisieux;49.14;0.22;17/09/2026;15:00;18.1;2;NUAGEUX;5;49.7;0
Lisieux;49.14;0.22;17/09/2026;16:00;18.1;2;NUAGEUX;5;50.4;0
Lisieux;49.14;0.22;17/09/2026;17:00;17;6;AVERSES;4;53.3;0
Lisieux;49.14;0.22;17/09/2026;18:00;17;6;AVERSES;4;51.1;0
Lisieux;49.14;0.22;17/09/2026;19:00;17;6;AVERSES;4;38.9;0
Lisieux;49.14;0.22;17/09/2026;20:00;13;0;SOLEIL;3;30.6;0
Lisieux;49.14;0.22;17/09/2026;21:00;13;0;SOLEIL;3;28.8;0
Lisieux;49.14;0.22;17/09/2026;22:00;13;0;SOLEIL;3;17.3;0
Lisieux;49.14;0.22;17/09/2026;23:00;12.1;0;SOLEIL;3;13.0;0
Lisieux;49.14;0.22;18/09/2026;00:00;12.1;0;SOLEIL;3;12.2;0
Lisieux;49.14;0.22;18/09/2026;01:00;12.1;0;SOLEIL;3;12.6;0
Lisieux;49.14;0.22;18/09/2026;02:00;10.6;0;SOLEIL;3;12.2;0
Lisieux;49.14;0.22;18/09/2026;03:00;10.6;0;SOLEIL;3;11.9;0
Lisieux;49.14;0.22;18/09/2026;04:00;10.6;0;SOLEIL;3;11.9;0
Lisieux;49.14;0.22;18/09/2026;05:00;10;0;SOLEIL;1;11.5;0
Lisieux;49.14;0.22;18/09/2026;06:00;10;0;SOLEIL;1;11.2;0
Lisieux;49.14;0.22;18/09/2026;07:00;10;0;SOLEIL;1;10.8;0
Lisieux;49.14;0.22;18/09/2026;08:00;16.2;0;SOLEIL;3;10.8;0
Lisieux;49.14;0.22;18/09/2026;09:00;16.2;0;SOLEIL;3;13.7;0
Lisieux;49.14;0.22;18/09/2026;10:00;16.2;0;SOLEIL;3;18.0;0
Lisieux;49.14;0.22;18/09/2026;11:00;20.1;2;NUAGEUX;4;22.0;0
Lisieux;49.14;0.22;18/09/2026;12:00;20.1;2;NUAGEUX;4;24.8;0
Lisieux;49.14;0.22;18/09/2026;13:00;20.1;2;NUAGEUX;4;27.4;0
Lisieux;49.14;0.22;18/09/2026;14:00;21.4;5;SOLEIL VOILÉ;5;29.5;0
Lisieux;49.14;0.22;18/09/2026;15:00;21.4;5;SOLEIL VOILÉ;5;31.7;0
Lisieux;49.14;0.22;18/09/2026;16:00;21.4;5;SOLEIL VOILÉ;5;33.5;0
Lisieux;49.14;0.22;18/09/2026;17:00;18.2;2;NUAGEUX;4;33.8;0
Lisieux;49.14;0.22;18/09/2026;18:00;18.2;2;NUAGEUX;4;32.8;0
Lisieux;49.14;0.22;18/09/2026;19:00;18.2;2;NUAGEUX;4;30.6;0
Lisieux;49.14;0.22;18/09/2026;20:00;15.1;2;NUAGEUX;5;27.0;0
Lisieux;49.14;0.22;18/09/2026;21:00;13.7;2;NUAGEUX;5;20.5;0
Lisieux;49.14;0.22;18/09/2026;22:00;12.3;2;NUAGEUX;5;12.2;0
Lisieux;49.14;0.22;18/09/2026;23:00;14.7;2;NUAGEUX;5;7.9;0
Lisieux;49.14;0.22;19/09/2026;00:00;14.7;2;NUAGEUX;5;9.7;0
Lisieux;49.14;0.22;19/09/2026;01:00;14.7;2;NUAGEUX;5;15.5;0
Lisieux;49.14;0.22;19/09/2026;02:00;13.7;7;PLUIE FAIBLE;5;20.2;0
Lisieux;49.14;0.22;19/09/2026;03:00;13.7;7;PLUIE FAIBLE;5;23.0;0
Lisieux;49.14;0.22;19/09/2026;04:00;13.7;7;PLUIE FAIBLE;5;25.2;0
Lisieux;49.14;0.22;19/09/2026;05:00;14.9;7;PLUIE FAIBLE;5;27.0;0
Lisieux;49.14;0.22;19/09/2026;06:00;14.9;7;PLUIE FAIBLE;5;27.7;0
Lisieux;49.14;0.22;19/09/2026;07:00;14.9;7;PLUIE FAIBLE;5;28.1;0
Lisieux;49.14;0.22;19/09/2026;08:00;15.4;7;PLUIE FAIBLE;5;28.8;0
Lisieux;49.14;0.22;19/09/2026;09:00;16.3;7;PLUIE FAIBLE;5;30.6;0
Lisieux;49.14;0.22;19/09/2026;10:00;17.2;7;PLUIE FAIBLE;5;32.8;0
Lisieux;49.14;0.22;19/09/2026;11:00;20.5;7;PLUIE FAIBLE;6;34.9;0
Lisieux;49.14;0.22;19/09/2026;12:00;20.5;7;PLUIE FAIBLE;6;37.4;0
Lisieux;49.14;0.22;19/09/2026;13:00;20.5;7;PLUIE FAIBLE;6;40.3;0
Lisieux;49.14;0.22;19/09/2026;14:00;20.6;7;PLUIE FAIBLE;5;41.4;0
Lisieux;49.14;0.22;19/09/2026;15:00;21.5;7;PLUIE FAIBLE;5;40.7;0
Lisieux;49.14;0.22;19/09/2026;16:00;20.6;7;PLUIE FAIBLE;5;38.2;0
Lisieux;49.14;0.22;19/09/2026;17:00;18.7;6;AVERSES;4;35.3;0
Lisieux;49.14;0.22;19/09/2026;18:00;18.7;6;AVERSES;4;31.3;0
Lisieux;49.14;0.22;19/09/2026;19:00;18.7;6;AVERSES;4;26.3;0
Lisieux;49.14;0.22;19/09/2026;20:00;17.2;7;PLUIE FAIBLE;5;22.3;0
Lisieux;49.14;0.22;19/09/2026;21:00;16.3;7;PLUIE FAIBLE;5;19.8;0
Lisieux;49.14;0.22;19/09/2026;22:00;15.4;7;PLUIE FAIBLE;5;17.6;0
Lisieux;49.14;0.22;19/09/2026;23:00;15.4;2;NUAGEUX;3;16.2;0
Lisieux;49.14;0.22;20/09/2026;00:00;15.4;2;NUAGEUX;3;14.3;0
Lisieux;49.14;0.22;20/09/2026;01:00;15.4;2;NUAGEUX;3;13.0;0
Lisieux;49.14;0.22;20/09/2026;02:00;12.6;2;NUAGEUX;5;12.7;0
Lisieux;49.14;0.22;20/09/2026;03:00;12.6;2;NUAGEUX;5;14.4;0
Lisieux;49.14;0.22;20/09/2026;04:00;12.6;2;NUAGEUX;5;16.9;0
Lisieux;49.14;0.22;20/09/2026;05:00;13.1;2;NUAGEUX;3;19.1;0
Lisieux;49.14;0.22;20/09/2026;06:00;13.1;2;NUAGEUX;3;19.4;0
Lisieux;49.14;0.22;20/09/2026;07:00;13.1;2;NUAGEUX;3;19.8;0
Lisieux;49.14;0.22;20/09/2026;08:00;14.4;2;NUAGEUX;5;20.9;0
Lisieux;49.14;0.22;20/09/2026;09:00;15.3;2;NUAGEUX;5;24.8;0
Lisieux;49.14;0.22;20/09/2026;10:00;16.2;2;NUAGEUX;5;30.2;0
Lisieux;49.14;0.22;20/09/2026;11:00;20.2;2;NUAGEUX;5;33.8;0
Lisieux;49.14;0.22;20/09/2026;12:00;20.2;2;NUAGEUX;5;33.5;0
Lisieux;49.14;0.22;20/09/2026;13:00;20.2;2;NUAGEUX;5;31.7;0
Lisieux;49.14;0.22;20/09/2026;14:00;19.8;2;NUAGEUX;5;30.2;0
Lisieux;49.14;0.22;20/09/2026;15:00;20.7;2;NUAGEUX;5;31.3;0
Lisieux;49.14;0.22;20/09/2026;16:00;19.8;2;NUAGEUX;5;33.1;0
Lisieux;49.14;0.22;20/09/2026;17:00;18;2;NUAGEUX;4;33.8;0
Lisieux;49.14;0.22;20/09/2026;18:00;18;2;NUAGEUX;4;32.8;0
Lisieux;49.14;0.22;20/09/2026;19:00;18;2;NUAGEUX;4;30.2;0
Lisieux;49.14;0.22;20/09/2026;20:00;16.2;2;NUAGEUX;5;27.0;0
Lisieux;49.14;0.22;20/09/2026;21:00;15.3;2;NUAGEUX;5;21.6;0
Lisieux;49.14;0.22;20/09/2026;22:00;14.4;2;NUAGEUX;5;15.1;0
Lisieux;49.14;0.22;20/09/2026;23:00;12.6;0;SOLEIL;3;10.4;0
Vire;48.84;-0.89;16/09/2026;00:00;14.1;2;NUAGEUX;4;19.8;0
Vire;48.84;-0.89;16/09/2026;01:00;12.9;2;NUAGEUX;4;23.0;0
Vire;48.84;-0.89;16/09/2026;02:00;13.2;2;NUAGEUX;3;23.0;0
Vire;48.84;-0.89;16/09/2026;03:00;13.4;2;NUAGEUX;3;24.1;0
Vire;48.84;-0.89;16/09/2026;04:00;13.1;2;NUAGEUX;3;23.8;0
Vire;48.84;-0.89;16/09/2026;05:00;12;2;NUAGEUX;3;21.2;0
Vire;48.84;-0.89;16/09/2026;06:00;11.9;6;AVERSES;3;22.0;0.3
Vire;48.84;-0.89;16/09/2026;07:00;11.1;6;AVERSES;3;21.6;1.7
Vire;48.84;-0.89;16/09/2026;08:00;15.2;6;AVERSES;3;21.2;3.3
Vire;48.84;-0.89;16/09/2026;09:00;17.5;6;AVERSES;4;27.0;0.8
Vire;48.84;-0.89;16/09/2026;10:00;18.5;6;AVERSES;4;30.6;1.9
Vire;48.84;-0.89;16/09/2026;11:00;20;2;NUAGEUX;5;27.7;0
Vire;48.84;-0.89;16/09/2026;12:00;19.9;2;NUAGEUX;5;28.1;0
Vire;48.84;-0.89;16/09/2026;13:00;19.8;2;NUAGEUX;5;29.2;0
Vire;48.84;-0.89;16/09/2026;14:00;20;2;NUAGEUX;5;30.6;0
Vire;48.84;-0.89;16/09/2026;15:00;19.8;0;SOLEIL;5;31.7;0
Vire;48.84;-0.89;16/09/2026;16:00;19.4;2;NUAGEUX;5;32.4;0
Vire;48.84;-0.89;16/09/2026;17:00;18.4;0;SOLEIL;4;33.1;0
Vire;48.84;-0.89;16/09/2026;18:00;17.4;0;SOLEIL;3;31.0;0
Vire;48.84;-0.89;16/09/2026;19:00;16;0;SOLEIL;3;29.9;0
Vire;48.84;-0.89;16/09/2026;20:00;14.5;0;SOLEIL;2;27.4;0
Vire;48.84;-0.89;16/09/2026;21:00;13.4;0;SOLEIL;3;18.0;0
Vire;48.84;-0.89;16/09/2026;22:00;13;5;SOLEIL VOILÉ;3;11.9;0
Vire;48.84;-0.89;16/09/2026;23:00;12.4;5;SOLEIL VOILÉ;3;15.8;0
Vire;48.84;-0.89;17/09/2026;00:00;12.2;5;SOLEIL VOILÉ;3;16.6;0
Vire;48.84;-0.89;17/09/2026;01:00;12.2;5;SOLEIL VOILÉ;3;17.6;0
Vire;48.84;-0.89;17/09/2026;02:00;12.5;2;NUAGEUX;4;18.4;0
Vire;48.84;-0.89;17/09/2026;03:00;12.5;2;NUAGEUX;4;15.6;0
Vire;48.84;-0.89;17/09/2026;04:00;12.5;2;NUAGEUX;4;12.6;0
Vire;48.84;-0.89;17/09/2026;05:00;13.5;5;SOLEIL VOILÉ;5;12.1;0
Vire;48.84;-0.89;17/09/2026;06:00;13.5;5;SOLEIL VOILÉ;5;14.0;0
Vire;48.84;-0.89;17/09/2026;07:00;13.5;5;SOLEIL VOILÉ;5;18.4;0
Vire;48.84;-0.89;17/09/2026;08:00;16.6;2;NUAGEUX;6;22.7;0
Vire;48.84;-0.89;17/09/2026;09:00;16.6;2;NUAGEUX;6;27.4;0
Vire;48.84;-0.89;17/09/2026;10:00;16.6;2;NUAGEUX;6;31.3;0
Vire;48.84;-0.89;17/09/2026;11:00;18.9;2;NUAGEUX;6;33.8;0
Vire;48.84;-0.89;17/09/2026;12:00;18.9;2;NUAGEUX;6;36.7;0
Vire;48.84;-0.89;17/09/2026;13:00;18.9;2;NUAGEUX;6;39.6;0
Vire;48.84;-0.89;17/09/2026;14:00;18.6;6;AVERSES;6;40.7;0
Vire;48.84;-0.89;17/09/2026;15:00;18.6;6;AVERSES;6;40.7;0
Vire;48.84;-0.89;17/09/2026;16:00;18.6;6;AVERSES;6;46.8;0
Vire;48.84;-0.89;17/09/2026;17:00;17.2;6;AVERSES;5;46.8;0
Vire;48.84;-0.89;17/09/2026;18:00;17.2;6;AVERSES;5;38.5;0
Vire;48.84;-0.89;17/09/2026;19:00;17.2;6;AVERSES;5;36.0;0
Vire;48.84;-0.89;17/09/2026;20:00;13.5;0;SOLEIL;4;29.5;0
Vire;48.84;-0.89;17/09/2026;21:00;13.5;0;SOLEIL;4;20.9;0
Vire;48.84;-0.89;17/09/2026;22:00;13.5;0;SOLEIL;4;21.2;0
Vire;48.84;-0.89;17/09/2026;23:00;11.9;0;SOLEIL;4;18.4;0
Vire;48.84;-0.89;18/09/2026;00:00;11.9;0;SOLEIL;4;14.0;0
Vire;48.84;-0.89;18/09/2026;01:00;11.9;0;SOLEIL;4;11.9;0
Vire;48.84;-0.89;18/09/2026;02:00;11.6;0;SOLEIL;3;10.1;0
Vire;48.84;-0.89;18/09/2026;03:00;11.6;0;SOLEIL;3;9.4;0
Vire;48.84;-0.89;18/09/2026;04:00;11.6;0;SOLEIL;3;8.6;0
Vire;48.84;-0.89;18/09/2026;05:00;10.6;0;SOLEIL;3;8.3;0
Vire;48.84;-0.89;18/09/2026;06:00;10.6;0;SOLEIL;3;8.3;0
Vire;48.84;-0.89;18/09/2026;07:00;10.6;0;SOLEIL;3;6.8;0
Vire;48.84;-0.89;18/09/2026;08:00;16.1;0;SOLEIL;4;7.9;0
Vire;48.84;-0.89;18/09/2026;09:00;16.1;0;SOLEIL;4;11.9;0
Vire;48.84;-0.89;18/09/2026;10:00;16.1;0;SOLEIL;4;17.6;0
Vire;48.84;-0.89;18/09/2026;11:00;19.6;2;NUAGEUX;4;22.0;0
Vire;48.84;-0.89;18/09/2026;12:00;19.6;2;NUAGEUX;4;23.8;0
Vire;48.84;-0.89;18/09/2026;13:00;19.6;2;NUAGEUX;4;24.1;0
Vire;48.84;-0.89;18/09/2026;14:00;21.5;2;NUAGEUX;5;25.2;0
Vire;48.84;-0.89;18/09/2026;15:00;21.5;2;NUAGEUX;5;27.7;0
Vire;48.84;-0.89;18/09/2026;16:00;21.5;2;NUAGEUX;5;30.6;0
Vire;48.84;-0.89;18/09/2026;17:00;19.6;2;NUAGEUX;4;31.7;0
Vire;48.84;-0.89;18/09/2026;18:00;19.6;2;NUAGEUX;4;29.9;0
Vire;48.84;-0.89;18/09/2026;19:00;19.6;2;NUAGEUX;4;25.9;0
Vire;48.84;-0.89;18/09/2026;20:00;15.5;2;NUAGEUX;5;22.0;0
Vire;48.84;-0.89;18/09/2026;21:00;14.2;2;NUAGEUX;5;17.6;0
Vire;48.84;-0.89;18/09/2026;22:00;12.8;2;NUAGEUX;5;13.0;0
Vire;48.84;-0.89;18/09/2026;23:00;16;2;NUAGEUX;5;9.7;0
Vire;48.84;-0.89;19/09/2026;00:00;16;2;NUAGEUX;5;9.0;0
Vire;48.84;-0.89;19/09/2026;01:00;16;2;NUAGEUX;5;10.1;0
Vire;48.84;-0.89;19/09/2026;02:00;14.6;7;PLUIE FAIBLE;5;12.2;0
Vire;48.84;-0.89;19/09/2026;03:00;14.6;7;PLUIE FAIBLE;5;15.8;0
Vire;48.84;-0.89;19/09/2026;04:00;14.6;7;PLUIE FAIBLE;5;20.5;0
Vire;48.84;-0.89;19/09/2026;05:00;15.6;7;PLUIE FAIBLE;5;24.1;0
Vire;48.84;-0.89;19/09/2026;06:00;15.6;7;PLUIE FAIBLE;5;25.6;0
Vire;48.84;-0.89;19/09/2026;07:00;15.6;7;PLUIE FAIBLE;5;25.9;0
Vire;48.84;-0.89;19/09/2026;08:00;16.3;7;PLUIE FAIBLE;5;26.6;0
Vire;48.84;-0.89;19/09/2026;09:00;17.2;7;PLUIE FAIBLE;5;28.1;0
Vire;48.84;-0.89;19/09/2026;10:00;18.1;7;PLUIE FAIBLE;5;29.9;0
Vire;48.84;-0.89;19/09/2026;11:00;21.1;7;PLUIE FAIBLE;6;31.7;0
Vire;48.84;-0.89;19/09/2026;12:00;21.1;7;PLUIE FAIBLE;6;33.5;0
Vire;48.84;-0.89;19/09/2026;13:00;21.1;7;PLUIE FAIBLE;6;35.6;0
Vire;48.84;-0.89;19/09/2026;14:00;21.5;7;PLUIE FAIBLE;5;36.7;0
Vire;48.84;-0.89;19/09/2026;15:00;22.4;7;PLUIE FAIBLE;5;37.1;0
Vire;48.84;-0.89;19/09/2026;16:00;21.5;7;PLUIE FAIBLE;5;36.7;0
Vire;48.84;-0.89;19/09/2026;17:00;19.7;7;PLUIE FAIBLE;5;34.6;0
Vire;48.84;-0.89;19/09/2026;18:00;19.7;7;PLUIE FAIBLE;5;28.8;0
Vire;48.84;-0.89;19/09/2026;19:00;19.7;7;PLUIE FAIBLE;5;21.6;0
Vire;48.84;-0.89;19/09/2026;20:00;18.1;7;PLUIE FAIBLE;5;15.8;0
Vire;48.84;-0.89;19/09/2026;21:00;17.2;7;PLUIE FAIBLE;5;13.3;0
Vire;48.84;-0.89;19/09/2026;22:00;16.3;7;PLUIE FAIBLE;5;12.6;0
Vire;48.84;-0.89;19/09/2026;23:00;16;2;NUAGEUX;4;12.6;0
Vire;48.84;-0.89;20/09/2026;00:00;16;2;NUAGEUX;4;14.0;0
Vire;48.84;-0.89;20/09/2026;01:00;16;2;NUAGEUX;4;15.1;0
Vire;48.84;-0.89;20/09/2026;02:00;13.6;6;AVERSES;5;16.2;0
Vire;48.84;-0.89;20/09/2026;03:00;13.6;6;AVERSES;5;17.6;0
Vire;48.84;-0.89;20/09/2026;04:00;13.6;6;AVERSES;5;18.7;0
Vire;48.84;-0.89;20/09/2026;05:00;14.2;7;PLUIE FAIBLE;3;19.4;0
Vire;48.84;-0.89;20/09/2026;06:00;14.2;7;PLUIE FAIBLE;3;19.4;0
Vire;48.84;-0.89;20/09/2026;07:00;14.2;7;PLUIE FAIBLE;3;19.1;0
Vire;48.84;-0.89;20/09/2026;08:00;15.4;6;AVERSES;5;20.2;0
Vire;48.84;-0.89;20/09/2026;09:00;16.3;6;AVERSES;5;23.8;0
Vire;48.84;-0.89;20/09/2026;10:00;17.2;6;AVERSES;5;28.8;0
Vire;48.84;-0.89;20/09/2026;11:00;21.1;6;AVERSES;6;32.4;0
Vire;48.84;-0.89;20/09/2026;12:00;21.1;6;AVERSES;6;33.1;0
Vire;48.84;-0.89;20/09/2026;13:00;21.1;6;AVERSES;6;32.8;0
Vire;48.84;-0.89;20/09/2026;14:00;20.8;6;AVERSES;5;32.4;0
Vire;48.84;-0.89;20/09/2026;15:00;21.7;6;AVERSES;5;33.1;0
Vire;48.84;-0.89;20/09/2026;16:00;20.8;6;AVERSES;5;33.8;0
Vire;48.84;-0.89;20/09/2026;17:00;18.1;2;NUAGEUX;3;33.5;0
Vire;48.84;-0.89;20/09/2026;18:00;18.1;2;NUAGEUX;3;31.7;0
Vire;48.84;-0.89;20/09/2026;19:00;18.1;2;NUAGEUX;3;28.8;0
Vire;48.84;-0.89;20/09/2026;20:00;17.2;6;AVERSES;5;25.2;0
Vire;48.84;-0.89;20/09/2026;21:00;16.3;6;AVERSES;5;20.9;0
Vire;48.84;-0.89;20/09/2026;22:00;15.4;6;AVERSES;5;15.8;0
Vire;48.84;-0.89;20/09/2026;23:00;13.2;0;SOLEIL;3;12.2;0
Brionne;49.19;0.72;16/09/2026;00:00;14.1;0;SOLEIL;2;11.5;0
Brionne;49.19;0.72;16/09/2026;01:00;13.9;0;SOLEIL;2;13.3;0
Brionne;49.19;0.72;16/09/2026;02:00;12.5;0;SOLEIL;2;14.0;0
Brionne;49.19;0.72;16/09/2026;03:00;11.6;0;SOLEIL;2;14.0;0
Brionne;49.19;0.72;16/09/2026;04:00;11.7;0;SOLEIL;2;12.6;0
Brionne;49.19;0.72;16/09/2026;05:00;11.2;0;SOLEIL;2;9.0;0
Brionne;49.19;0.72;16/09/2026;06:00;12.1;0;SOLEIL;2;7.6;0
Brionne;49.19;0.72;16/09/2026;07:00;13.9;0;SOLEIL;2;6.5;0
Brionne;49.19;0.72;16/09/2026;08:00;16.4;0;SOLEIL;3;7.6;0
Brionne;49.19;0.72;16/09/2026;09:00;17;2;NUAGEUX;4;9.4;0
Brionne;49.19;0.72;16/09/2026;10:00;18.6;2;NUAGEUX;4;19.4;0
Brionne;49.19;0.72;16/09/2026;11:00;19;2;NUAGEUX;4;23.8;0
Brionne;49.19;0.72;16/09/2026;12:00;19.6;2;NUAGEUX;4;24.5;0
Brionne;49.19;0.72;16/09/2026;13:00;20.1;2;NUAGEUX;5;27.4;0
Brionne;49.19;0.72;16/09/2026;14:00;20.6;2;NUAGEUX;5;29.5;0
Brionne;49.19;0.72;16/09/2026;15:00;19.5;2;NUAGEUX;5;33.5;0
Brionne;49.19;0.72;16/09/2026;16:00;19.5;2;NUAGEUX;5;36.7;0
Brionne;49.19;0.72;16/09/2026;17:00;18.2;0;SOLEIL;5;36.7;0
Brionne;49.19;0.72;16/09/2026;18:00;16.6;0;SOLEIL;4;36.4;0
Brionne;49.19;0.72;16/09/2026;19:00;15.2;0;SOLEIL;3;33.5;0
Brionne;49.19;0.72;16/09/2026;20:00;14.1;0;SOLEIL;3;29.9;0
Brionne;49.19;0.72;16/09/2026;21:00;13.3;5;SOLEIL VOILÉ;3;22.0;0
Brionne;49.19;0.72;16/09/2026;22:00;13.1;5;SOLEIL VOILÉ;3;13.0;0
Brionne;49.19;0.72;16/09/2026;23:00;13.1;5;SOLEIL VOILÉ;3;10.8;0
Brionne;49.19;0.72;17/09/2026;00:00;13.4;5;SOLEIL VOILÉ;3;10.1;0
Brionne;49.19;0.72;17/09/2026;01:00;13.4;5;SOLEIL VOILÉ;3;10.1;0
Brionne;49.19;0.72;17/09/2026;02:00;13.7;5;SOLEIL VOILÉ;4;11.2;0
Brionne;49.19;0.72;17/09/2026;03:00;13.7;5;SOLEIL VOILÉ;4;15.4;0
Brionne;49.19;0.72;17/09/2026;04:00;13.7;5;SOLEIL VOILÉ;4;20.7;0
Brionne;49.19;0.72;17/09/2026;05:00;13;5;SOLEIL VOILÉ;4;21.9;0
Brionne;49.19;0.72;17/09/2026;06:00;13;5;SOLEIL VOILÉ;4;23.8;0
Brionne;49.19;0.72;17/09/2026;07:00;13;5;SOLEIL VOILÉ;4;24.5;0
Brionne;49.19;0.72;17/09/2026;08:00;16.4;2;NUAGEUX;5;25.9;0
Brionne;49.19;0.72;17/09/2026;09:00;16.4;2;NUAGEUX;5;28.4;0
Brionne;49.19;0.72;17/09/2026;10:00;16.4;2;NUAGEUX;5;35.3;0
Brionne;49.19;0.72;17/09/2026;11:00;17.7;2;NUAGEUX;6;41.0;0
Brionne;49.19;0.72;17/09/2026;12:00;17.7;2;NUAGEUX;6;42.1;0
Brionne;49.19;0.72;17/09/2026;13:00;17.7;2;NUAGEUX;6;42.1;0
Brionne;49.19;0.72;17/09/2026;14:00;16.9;6;AVERSES;6;45.7;0
Brionne;49.19;0.72;17/09/2026;15:00;16.9;6;AVERSES;6;51.5;0
Brionne;49.19;0.72;17/09/2026;16:00;16.9;6;AVERSES;6;56.9;0
Brionne;49.19;0.72;17/09/2026;17:00;15.7;0;SOLEIL;5;56.5;0
Brionne;49.19;0.72;17/09/2026;18:00;15.7;0;SOLEIL;5;41.4;0
Brionne;49.19;0.72;17/09/2026;19:00;15.7;0;SOLEIL;5;35.3;0
Brionne;49.19;0.72;17/09/2026;20:00;13.1;0;SOLEIL;3;34.9;0
Brionne;49.19;0.72;17/09/2026;21:00;13.1;0;SOLEIL;3;27.4;0
Brionne;49.19;0.72;17/09/2026;22:00;13.1;0;SOLEIL;3;14.0;0
Brionne;49.19;0.72;17/09/2026;23:00;13.1;0;SOLEIL;3;12.2;0
Brionne;49.19;0.72;18/09/2026;00:00;13.1;0;SOLEIL;3;12.6;0
Brionne;49.19;0.72;18/09/2026;01:00;13.1;0;SOLEIL;3;13.0;0
Brionne;49.19;0.72;18/09/2026;02:00;12;0;SOLEIL;2;11.2;0
Brionne;49.19;0.72;18/09/2026;03:00;12;0;SOLEIL;2;10.4;0
Brionne;49.19;0.72;18/09/2026;04:00;12;0;SOLEIL;2;11.2;0
Brionne;49.19;0.72;18/09/2026;05:00;10.9;0;SOLEIL;2;11.9;0
Brionne;49.19;0.72;18/09/2026;06:00;10.9;0;SOLEIL;2;11.9;0
Brionne;49.19;0.72;18/09/2026;07:00;10.9;0;SOLEIL;2;12.6;0
Brionne;49.19;0.72;18/09/2026;08:00;15.6;5;SOLEIL VOILÉ;4;13.0;0
Brionne;49.19;0.72;18/09/2026;09:00;15.6;5;SOLEIL VOILÉ;4;15.8;0
Brionne;49.19;0.72;18/09/2026;10:00;15.6;5;SOLEIL VOILÉ;4;19.4;0
Brionne;49.19;0.72;18/09/2026;11:00;18.5;5;SOLEIL VOILÉ;5;23.4;0
Brionne;49.19;0.72;18/09/2026;12:00;18.5;5;SOLEIL VOILÉ;5;27.7;0
Brionne;49.19;0.72;18/09/2026;13:00;18.5;5;SOLEIL VOILÉ;5;32.4;0
Brionne;49.19;0.72;18/09/2026;14:00;19.4;5;SOLEIL VOILÉ;5;35.6;0
Brionne;49.19;0.72;18/09/2026;15:00;19.4;5;SOLEIL VOILÉ;5;37.1;0
Brionne;49.19;0.72;18/09/2026;16:00;19.4;5;SOLEIL VOILÉ;5;37.1;0
Brionne;49.19;0.72;18/09/2026;17:00;18.1;2;NUAGEUX;4;35.6;0
Brionne;49.19;0.72;18/09/2026;18:00;18.1;2;NUAGEUX;4;32.0;0
Brionne;49.19;0.72;18/09/2026;19:00;18.1;2;NUAGEUX;4;26.6;0
Brionne;49.19;0.72;18/09/2026;20:00;14.7;2;NUAGEUX;5;21.6;0
Brionne;49.19;0.72;18/09/2026;21:00;13.6;2;NUAGEUX;5;16.6;0
Brionne;49.19;0.72;18/09/2026;22:00;12.6;2;NUAGEUX;5;11.9;0
Brionne;49.19;0.72;18/09/2026;23:00;16;2;NUAGEUX;5;10.1;0
Brionne;49.19;0.72;19/09/2026;00:00;16;2;NUAGEUX;5;13.7;0
Brionne;49.19;0.72;19/09/2026;01:00;16;2;NUAGEUX;5;20.5;0
Brionne;49.19;0.72;19/09/2026;02:00;14.5;7;PLUIE FAIBLE;5;25.9;0
Brionne;49.19;0.72;19/09/2026;03:00;14.5;7;PLUIE FAIBLE;5;28.4;0
Brionne;49.19;0.72;19/09/2026;04:00;14.5;7;PLUIE FAIBLE;5;29.5;0
Brionne;49.19;0.72;19/09/2026;05:00;15.6;7;PLUIE FAIBLE;4;30.2;0
Brionne;49.19;0.72;19/09/2026;06:00;15.6;7;PLUIE FAIBLE;4;30.2;0
Brionne;49.19;0.72;19/09/2026;07:00;15.6;7;PLUIE FAIBLE;4;30.2;0
Brionne;49.19;0.72;19/09/2026;08:00;15.9;7;PLUIE FAIBLE;5;30.6;0
Brionne;49.19;0.72;19/09/2026;09:00;16.7;7;PLUIE FAIBLE;5;32.4;0
Brionne;49.19;0.72;19/09/2026;10:00;17.4;7;PLUIE FAIBLE;5;35.3;0
Brionne;49.19;0.72;19/09/2026;11:00;19.7;6;AVERSES;6;37.4;0
Brionne;49.19;0.72;19/09/2026;12:00;19.7;6;AVERSES;6;39.2;0
Brionne;49.19;0.72;19/09/2026;13:00;19.7;6;AVERSES;6;40.3;0
Brionne;49.19;0.72;19/09/2026;14:00;20.3;7;PLUIE FAIBLE;5;41.0;0
Brionne;49.19;0.72;19/09/2026;15:00;21.0;7;PLUIE FAIBLE;5;41.0;0
Brionne;49.19;0.72;19/09/2026;16:00;20.3;7;PLUIE FAIBLE;5;40.0;0
Brionne;49.19;0.72;19/09/2026;17:00;18.5;7;PLUIE FAIBLE;4;37.8;0
Brionne;49.19;0.72;19/09/2026;18:00;18.5;7;PLUIE FAIBLE;4;33.5;0
Brionne;49.19;0.72;19/09/2026;19:00;18.5;7;PLUIE FAIBLE;4;27.7;0
Brionne;49.19;0.72;19/09/2026;20:00;17.4;7;PLUIE FAIBLE;5;22.3;0
Brionne;49.19;0.72;19/09/2026;21:00;16.7;7;PLUIE FAIBLE;5;18.0;0
Brionne;49.19;0.72;19/09/2026;22:00;15.9;7;PLUIE FAIBLE;5;14.0;0
Brionne;49.19;0.72;19/09/2026;23:00;15.9;7;PLUIE FAIBLE;4;11.9;0
Brionne;49.19;0.72;20/09/2026;00:00;15.9;7;PLUIE FAIBLE;4;12.5;0
Brionne;49.19;0.72;20/09/2026;01:00;15.9;7;PLUIE FAIBLE;4;13.9;0
Brionne;49.19;0.72;20/09/2026;02:00;13.7;6;AVERSES;5;14.6;0
Brionne;49.19;0.72;20/09/2026;03:00;13.7;6;AVERSES;5;15.5;0
Brionne;49.19;0.72;20/09/2026;04:00;13.7;6;AVERSES;5;18.0;0
Brionne;49.19;0.72;20/09/2026;05:00;14.4;7;PLUIE FAIBLE;3;20.2;0
Brionne;49.19;0.72;20/09/2026;06:00;14.4;7;PLUIE FAIBLE;3;20.9;0
Brionne;49.19;0.72;20/09/2026;07:00;14.4;7;PLUIE FAIBLE;3;20.9;0
Brionne;49.19;0.72;20/09/2026;08:00;15.1;6;AVERSES;5;21.6;0
Brionne;49.19;0.72;20/09/2026;09:00;15.9;6;AVERSES;5;24.1;0
Brionne;49.19;0.72;20/09/2026;10:00;16.6;6;AVERSES;5;27.7;0
Brionne;49.19;0.72;20/09/2026;11:00;19.6;6;AVERSES;5;30.6;0
Brionne;49.19;0.72;20/09/2026;12:00;19.6;6;AVERSES;5;32.0;0
Brionne;49.19;0.72;20/09/2026;13:00;19.6;6;AVERSES;5;32.4;0
Brionne;49.19;0.72;20/09/2026;14:00;19.5;6;AVERSES;5;32.8;0
Brionne;49.19;0.72;20/09/2026;15:00;20.2;6;AVERSES;5;33.5;0
Brionne;49.19;0.72;20/09/2026;16:00;19.5;6;AVERSES;5;34.2;0
Brionne;49.19;0.72;20/09/2026;17:00;17.5;2;NUAGEUX;3;33.8;0
Brionne;49.19;0.72;20/09/2026;18:00;17.5;2;NUAGEUX;3;31.3;0
Brionne;49.19;0.72;20/09/2026;19:00;17.5;2;NUAGEUX;3;27.7;0
Brionne;49.19;0.72;20/09/2026;20:00;16.6;6;AVERSES;5;23.8;0
Brionne;49.19;0.72;20/09/2026;21:00;15.9;6;AVERSES;5;19.1;0
Brionne;49.19;0.72;20/09/2026;22:00;15.1;6;AVERSES;5;14.0;0
Brionne;49.19;0.72;20/09/2026;23:00;12.6;0;SOLEIL;2;10.1;0
Étrépagny;49.3;1.61;16/09/2026;00:00;13.7;2;NUAGEUX;3;19.8;0
Étrépagny;49.3;1.61;16/09/2026;01:00;14.1;2;NUAGEUX;3;14.8;0
Étrépagny;49.3;1.61;16/09/2026;02:00;13.1;2;NUAGEUX;2;13.0;0
Étrépagny;49.3;1.61;16/09/2026;03:00;12.9;2;NUAGEUX;2;9.7;0
Étrépagny;49.3;1.61;16/09/2026;04:00;12;0;SOLEIL;2;7.6;0
Étrépagny;49.3;1.61;16/09/2026;05:00;11.5;0;SOLEIL;2;6.8;0
Étrépagny;49.3;1.61;16/09/2026;06:00;11.3;0;SOLEIL;2;7.2;0
Étrépagny;49.3;1.61;16/09/2026;07:00;13.7;0;SOLEIL;2;7.6;0
Étrépagny;49.3;1.61;16/09/2026;08:00;17.1;0;SOLEIL;3;7.6;0
Étrépagny;49.3;1.61;16/09/2026;09:00;18.1;2;NUAGEUX;3;12.6;0
Étrépagny;49.3;1.61;16/09/2026;10:00;19.7;2;NUAGEUX;4;18.4;0
Étrépagny;49.3;1.61;16/09/2026;11:00;19.6;6;AVERSES;4;22.7;4.9
Étrépagny;49.3;1.61;16/09/2026;12:00;19.6;6;AVERSES;5;31.0;0.9
Étrépagny;49.3;1.61;16/09/2026;13:00;19.9;2;NUAGEUX;4;33.1;0
Étrépagny;49.3;1.61;16/09/2026;14:00;20.2;2;NUAGEUX;5;33.5;0
Étrépagny;49.3;1.61;16/09/2026;15:00;20.1;0;SOLEIL;5;34.9;0
Étrépagny;49.3;1.61;16/09/2026;16:00;19.2;0;SOLEIL;5;34.6;0
Étrépagny;49.3;1.61;16/09/2026;17:00;18.2;0;SOLEIL;4;36.0;0
Étrépagny;49.3;1.61;16/09/2026;18:00;17.2;0;SOLEIL;3;35.6;0
Étrépagny;49.3;1.61;16/09/2026;19:00;15.6;0;SOLEIL;3;29.2;0
Étrépagny;49.3;1.61;16/09/2026;20:00;13.9;0;SOLEIL;2;23.4;0
Étrépagny;49.3;1.61;16/09/2026;21:00;12.5;0;SOLEIL;2;14.4;0
Étrépagny;49.3;1.61;16/09/2026;22:00;11.6;0;SOLEIL;3;10.1;0
Étrépagny;49.3;1.61;16/09/2026;23:00;11.2;5;SOLEIL VOILÉ;3;5.8;0
Étrépagny;49.3;1.61;17/09/2026;00:00;11.1;5;SOLEIL VOILÉ;3;12.2;0
Étrépagny;49.3;1.61;17/09/2026;01:00;11.1;5;SOLEIL VOILÉ;3;13.0;0
Étrépagny;49.3;1.61;17/09/2026;02:00;10.9;5;SOLEIL VOILÉ;4;10.4;0
Étrépagny;49.3;1.61;17/09/2026;03:00;10.9;5;SOLEIL VOILÉ;4;10.6;0
Étrépagny;49.3;1.61;17/09/2026;04:00;10.9;5;SOLEIL VOILÉ;4;10.1;0
Étrépagny;49.3;1.61;17/09/2026;05:00;12.1;5;SOLEIL VOILÉ;4;10.6;0
Étrépagny;49.3;1.61;17/09/2026;06:00;12.1;5;SOLEIL VOILÉ;4;12.6;0
Étrépagny;49.3;1.61;17/09/2026;07:00;12.1;5;SOLEIL VOILÉ;4;14.0;0
Étrépagny;49.3;1.61;17/09/2026;08:00;17;2;NUAGEUX;5;16.9;0
Étrépagny;49.3;1.61;17/09/2026;09:00;17;2;NUAGEUX;5;20.9;0
Étrépagny;49.3;1.61;17/09/2026;10:00;17;2;NUAGEUX;5;26.6;0
Étrépagny;49.3;1.61;17/09/2026;11:00;18.9;2;NUAGEUX;6;28.8;0
Étrépagny;49.3;1.61;17/09/2026;12:00;18.9;2;NUAGEUX;6;32.0;0
Étrépagny;49.3;1.61;17/09/2026;13:00;18.9;2;NUAGEUX;6;36.0;0
Étrépagny;49.3;1.61;17/09/2026;14:00;18.7;2;NUAGEUX;6;35.3;0
Étrépagny;49.3;1.61;17/09/2026;15:00;18.7;2;NUAGEUX;6;36.4;0
Étrépagny;49.3;1.61;17/09/2026;16:00;18.7;2;NUAGEUX;6;36.7;0
Étrépagny;49.3;1.61;17/09/2026;17:00;17;6;AVERSES;4;44.6;0
Étrépagny;49.3;1.61;17/09/2026;18:00;17;6;AVERSES;4;38.5;0
Étrépagny;49.3;1.61;17/09/2026;19:00;17;6;AVERSES;4;29.2;0
Étrépagny;49.3;1.61;17/09/2026;20:00;14.1;0;SOLEIL;4;27.7;0
Étrépagny;49.3;1.61;17/09/2026;21:00;14.1;0;SOLEIL;4;24.5;0
Étrépagny;49.3;1.61;17/09/2026;22:00;14.1;0;SOLEIL;4;18.7;0
Étrépagny;49.3;1.61;17/09/2026;23:00;11.4;0;SOLEIL;4;17.6;0
Étrépagny;49.3;1.61;18/09/2026;00:00;11.4;0;SOLEIL;4;18.7;0
Étrépagny;49.3;1.61;18/09/2026;01:00;11.4;0;SOLEIL;4;16.6;0
Étrépagny;49.3;1.61;18/09/2026;02:00;10.9;0;SOLEIL;3;13.7;0
Étrépagny;49.3;1.61;18/09/2026;03:00;10.9;0;SOLEIL;3;14.0;0
Étrépagny;49.3;1.61;18/09/2026;04:00;10.9;0;SOLEIL;3;13.7;0
Étrépagny;49.3;1.61;18/09/2026;05:00;9.7;0;SOLEIL;3;13.0;0
Étrépagny;49.3;1.61;18/09/2026;06:00;9.7;0;SOLEIL;3;13.0;0
Étrépagny;49.3;1.61;18/09/2026;07:00;9.7;0;SOLEIL;3;12.2;0
Étrépagny;49.3;1.61;18/09/2026;08:00;17;0;SOLEIL;4;10.8;0
Étrépagny;49.3;1.61;18/09/2026;09:00;17;0;SOLEIL;4;14.4;0
Étrépagny;49.3;1.61;18/09/2026;10:00;17;0;SOLEIL;4;19.8;0
Étrépagny;49.3;1.61;18/09/2026;11:00;20.1;2;NUAGEUX;4;23.8;0
Étrépagny;49.3;1.61;18/09/2026;12:00;20.1;2;NUAGEUX;4;25.2;0
Étrépagny;49.3;1.61;18/09/2026;13:00;20.1;2;NUAGEUX;4;25.6;0
Étrépagny;49.3;1.61;18/09/2026;14:00;21.1;2;NUAGEUX;5;25.6;0
Étrépagny;49.3;1.61;18/09/2026;15:00;21.1;2;NUAGEUX;5;25.9;0
Étrépagny;49.3;1.61;18/09/2026;16:00;21.1;2;NUAGEUX;5;25.9;0
Étrépagny;49.3;1.61;18/09/2026;17:00;19.5;2;NUAGEUX;3;25.9;0
Étrépagny;49.3;1.61;18/09/2026;18:00;19.5;2;NUAGEUX;3;27.0;0
Étrépagny;49.3;1.61;18/09/2026;19:00;19.5;2;NUAGEUX;3;27.7;0
Étrépagny;49.3;1.61;18/09/2026;20:00;14.5;2;NUAGEUX;5;26.6;0
Étrépagny;49.3;1.61;18/09/2026;21:00;13.1;2;NUAGEUX;5;21.2;0
Étrépagny;49.3;1.61;18/09/2026;22:00;11.7;2;NUAGEUX;5;13.7;0
Étrépagny;49.3;1.61;18/09/2026;23:00;15.1;2;NUAGEUX;4;8.6;0
Étrépagny;49.3;1.61;19/09/2026;00:00;15.1;2;NUAGEUX;4;7.9;0
Étrépagny;49.3;1.61;19/09/2026;01:00;15.1;2;NUAGEUX;4;10.1;0
Étrépagny;49.3;1.61;19/09/2026;02:00;14.1;7;PLUIE FAIBLE;5;11.9;0
Étrépagny;49.3;1.61;19/09/2026;03:00;14.1;7;PLUIE FAIBLE;5;13.3;0
Étrépagny;49.3;1.61;19/09/2026;04:00;14.1;7;PLUIE FAIBLE;5;14.8;0
Étrépagny;49.3;1.61;19/09/2026;05:00;15.1;7;PLUIE FAIBLE;5;16.6;0
Étrépagny;49.3;1.61;19/09/2026;06:00;15.1;7;PLUIE FAIBLE;5;18.4;0
Étrépagny;49.3;1.61;19/09/2026;07:00;15.1;7;PLUIE FAIBLE;5;20.2;0
Étrépagny;49.3;1.61;19/09/2026;08:00;15.9;7;PLUIE FAIBLE;5;22.0;0
Étrépagny;49.3;1.61;19/09/2026;09:00;16.8;7;PLUIE FAIBLE;5;23.8;0
Étrépagny;49.3;1.61;19/09/2026;10:00;17.7;7;PLUIE FAIBLE;5;25.6;0
Étrépagny;49.3;1.61;19/09/2026;11:00;20.7;7;PLUIE FAIBLE;6;27.4;0
Étrépagny;49.3;1.61;19/09/2026;12:00;20.7;7;PLUIE FAIBLE;6;29.2;0
Étrépagny;49.3;1.61;19/09/2026;13:00;20.7;7;PLUIE FAIBLE;6;30.6;0
Étrépagny;49.3;1.61;19/09/2026;14:00;21.2;7;PLUIE FAIBLE;5;32.0;0
Étrépagny;49.3;1.61;19/09/2026;15:00;22.1;7;PLUIE FAIBLE;5;33.5;0
Étrépagny;49.3;1.61;19/09/2026;16:00;21.2;7;PLUIE FAIBLE;5;34.6;0
Étrépagny;49.3;1.61;19/09/2026;17:00;19.1;7;PLUIE FAIBLE;4;33.1;0
Étrépagny;49.3;1.61;19/09/2026;18:00;19.1;7;PLUIE FAIBLE;4;27.4;0
Étrépagny;49.3;1.61;19/09/2026;19:00;19.1;7;PLUIE FAIBLE;4;19.4;0
Étrépagny;49.3;1.61;19/09/2026;20:00;17.7;7;PLUIE FAIBLE;5;13.3;0
Étrépagny;49.3;1.61;19/09/2026;21:00;16.8;7;PLUIE FAIBLE;5;10.8;0
Étrépagny;49.3;1.61;19/09/2026;22:00;15.9;7;PLUIE FAIBLE;5;9.7;0
Étrépagny;49.3;1.61;19/09/2026;23:00;15.7;2;NUAGEUX;4;10.1;0
Étrépagny;49.3;1.61;20/09/2026;00:00;15.7;2;NUAGEUX;4;12.1;0
Étrépagny;49.3;1.61;20/09/2026;01:00;15.7;2;NUAGEUX;4;15.1;0
Étrépagny;49.3;1.61;20/09/2026;02:00;12.9;6;AVERSES;5;17.0;0
Étrépagny;49.3;1.61;20/09/2026;03:00;12.9;6;AVERSES;5;17.3;0
Étrépagny;49.3;1.61;20/09/2026;04:00;12.9;6;AVERSES;5;16.2;0
Étrépagny;49.3;1.61;20/09/2026;05:00;13.5;7;PLUIE FAIBLE;4;15.8;0
Étrépagny;49.3;1.61;20/09/2026;06:00;13.5;7;PLUIE FAIBLE;4;15.8;0
Étrépagny;49.3;1.61;20/09/2026;07:00;13.5;7;PLUIE FAIBLE;4;16.2;0
Étrépagny;49.3;1.61;20/09/2026;08:00;14.6;6;AVERSES;5;18.4;0
Étrépagny;49.3;1.61;20/09/2026;09:00;15.5;6;AVERSES;5;24.5;0
Étrépagny;49.3;1.61;20/09/2026;10:00;16.4;6;AVERSES;5;32.4;0
Étrépagny;49.3;1.61;20/09/2026;11:00;20.2;6;AVERSES;5;37.4;0
Étrépagny;49.3;1.61;20/09/2026;12:00;20.2;6;AVERSES;5;37.4;0
Étrépagny;49.3;1.61;20/09/2026;13:00;20.2;6;AVERSES;5;34.6;0
Étrépagny;49.3;1.61;20/09/2026;14:00;19.8;6;AVERSES;5;32.4;0
Étrépagny;49.3;1.61;20/09/2026;15:00;20.7;6;AVERSES;5;32.8;0
Étrépagny;49.3;1.61;20/09/2026;16:00;19.8;6;AVERSES;5;34.2;0
Étrépagny;49.3;1.61;20/09/2026;17:00;18;2;NUAGEUX;4;34.2;0
Étrépagny;49.3;1.61;20/09/2026;18:00;18;2;NUAGEUX;4;32.4;0
Étrépagny;49.3;1.61;20/09/2026;19:00;18;2;NUAGEUX;4;29.9;0
Étrépagny;49.3;1.61;20/09/2026;20:00;16.4;6;AVERSES;5;26.3;0
Étrépagny;49.3;1.61;20/09/2026;21:00;15.5;6;AVERSES;5;21.2;0
Étrépagny;49.3;1.61;20/09/2026;22:00;14.6;6;AVERSES;5;15.5;0
Étrépagny;49.3;1.61;20/09/2026;23:00;12.6;0;SOLEIL;3;11.2;0
Évreux;49.02;1.15;16/09/2026;00:00;14;0;SOLEIL;3;26.6;0
Évreux;49.02;1.15;16/09/2026;01:00;13.4;0;SOLEIL;3;20.5;0
Évreux;49.02;1.15;16/09/2026;02:00;13;0;SOLEIL;3;17.3;0
Évreux;49.02;1.15;16/09/2026;03:00;12;0;SOLEIL;3;12.6;0
Évreux;49.02;1.15;16/09/2026;04:00;12.1;0;SOLEIL;3;11.5;0
Évreux;49.02;1.15;16/09/2026;05:00;12;0;SOLEIL;3;9.4;0
Évreux;49.02;1.15;16/09/2026;06:00;12.1;0;SOLEIL;3;8.6;0
Évreux;49.02;1.15;16/09/2026;07:00;14.4;0;SOLEIL;3;7.9;0
Évreux;49.02;1.15;16/09/2026;08:00;16.7;0;SOLEIL;3;7.2;0
Évreux;49.02;1.15;16/09/2026;09:00;17.9;2;NUAGEUX;4;11.5;0
Évreux;49.02;1.15;16/09/2026;10:00;18.8;2;NUAGEUX;5;18.4;0
Évreux;49.02;1.15;16/09/2026;11:00;19.5;2;NUAGEUX;5;25.9;0
Évreux;49.02;1.15;16/09/2026;12:00;19.3;6;AVERSES;5;28.8;0.5
Évreux;49.02;1.15;16/09/2026;13:00;20.2;2;NUAGEUX;5;29.9;0
Évreux;49.02;1.15;16/09/2026;14:00;20.1;2;NUAGEUX;5;28.8;0
Évreux;49.02;1.15;16/09/2026;15:00;20.1;2;NUAGEUX;5;32.0;0
Évreux;49.02;1.15;16/09/2026;16:00;20;0;SOLEIL;5;30.6;0
Évreux;49.02;1.15;16/09/2026;17:00;19;0;SOLEIL;5;31.3;0
Évreux;49.02;1.15;16/09/2026;18:00;17.5;0;SOLEIL;4;30.6;0
Évreux;49.02;1.15;16/09/2026;19:00;15.9;0;SOLEIL;3;30.2;0
Évreux;49.02;1.15;16/09/2026;20:00;14.2;0;SOLEIL;3;23.0;0
Évreux;49.02;1.15;16/09/2026;21:00;12.9;0;SOLEIL;3;14.0;0
Évreux;49.02;1.15;16/09/2026;22:00;12.2;0;SOLEIL;3;5.4;0
Évreux;49.02;1.15;16/09/2026;23:00;11.6;5;SOLEIL VOILÉ;3;5.0;0
Évreux;49.02;1.15;17/09/2026;00:00;11.4;5;SOLEIL VOILÉ;3;4.7;0
Évreux;49.02;1.15;17/09/2026;01:00;11.4;5;SOLEIL VOILÉ;3;4.0;0
Évreux;49.02;1.15;17/09/2026;02:00;11.1;5;SOLEIL VOILÉ;3;4.3;0
Évreux;49.02;1.15;17/09/2026;03:00;11.1;5;SOLEIL VOILÉ;3;8.0;0
Évreux;49.02;1.15;17/09/2026;04:00;11.1;5;SOLEIL VOILÉ;3;10.1;0
Évreux;49.02;1.15;17/09/2026;05:00;12.1;2;NUAGEUX;3;11.3;0
Évreux;49.02;1.15;17/09/2026;06:00;12.1;2;NUAGEUX;3;12.6;0
Évreux;49.02;1.15;17/09/2026;07:00;12.1;2;NUAGEUX;3;11.5;0
Évreux;49.02;1.15;17/09/2026;08:00;16.6;2;NUAGEUX;5;12.2;0
Évreux;49.02;1.15;17/09/2026;09:00;16.6;2;NUAGEUX;5;17.6;0
Évreux;49.02;1.15;17/09/2026;10:00;16.6;2;NUAGEUX;5;25.2;0
Évreux;49.02;1.15;17/09/2026;11:00;19.1;2;NUAGEUX;5;29.2;0
Évreux;49.02;1.15;17/09/2026;12:00;19.1;2;NUAGEUX;5;34.6;0
Évreux;49.02;1.15;17/09/2026;13:00;19.1;2;NUAGEUX;5;36.4;0
Évreux;49.02;1.15;17/09/2026;14:00;19.9;2;NUAGEUX;6;35.3;0
Évreux;49.02;1.15;17/09/2026;15:00;19.9;2;NUAGEUX;6;33.8;0
Évreux;49.02;1.15;17/09/2026;16:00;19.9;2;NUAGEUX;6;36.7;0
Évreux;49.02;1.15;17/09/2026;17:00;16.9;6;AVERSES;4;34.9;0
Évreux;49.02;1.15;17/09/2026;18:00;16.9;6;AVERSES;4;37.1;0
Évreux;49.02;1.15;17/09/2026;19:00;16.9;6;AVERSES;4;29.2;0
Évreux;49.02;1.15;17/09/2026;20:00;14.9;0;SOLEIL;4;30.2;0
Évreux;49.02;1.15;17/09/2026;21:00;14.9;0;SOLEIL;4;27.0;0
Évreux;49.02;1.15;17/09/2026;22:00;14.9;0;SOLEIL;4;21.6;0
Évreux;49.02;1.15;17/09/2026;23:00;11.9;0;SOLEIL;3;19.4;0
Évreux;49.02;1.15;18/09/2026;00:00;11.9;0;SOLEIL;3;12.2;0
Évreux;49.02;1.15;18/09/2026;01:00;11.9;0;SOLEIL;3;10.8;0
Évreux;49.02;1.15;18/09/2026;02:00;10.6;0;SOLEIL;3;11.2;0
Évreux;49.02;1.15;18/09/2026;03:00;10.6;0;SOLEIL;3;11.2;0
Évreux;49.02;1.15;18/09/2026;04:00;10.6;0;SOLEIL;3;10.8;0
Évreux;49.02;1.15;18/09/2026;05:00;10.5;0;SOLEIL;3;10.8;0
Évreux;49.02;1.15;18/09/2026;06:00;10.5;0;SOLEIL;3;10.8;0
Évreux;49.02;1.15;18/09/2026;07:00;10.5;0;SOLEIL;3;10.8;0
Évreux;49.02;1.15;18/09/2026;08:00;16.5;0;SOLEIL;4;9.4;0
Évreux;49.02;1.15;18/09/2026;09:00;16.5;0;SOLEIL;4;12.6;0
Évreux;49.02;1.15;18/09/2026;10:00;16.5;0;SOLEIL;4;17.3;0
Évreux;49.02;1.15;18/09/2026;11:00;19.2;2;NUAGEUX;4;21.2;0
Évreux;49.02;1.15;18/09/2026;12:00;19.2;2;NUAGEUX;4;23.8;0
Évreux;49.02;1.15;18/09/2026;13:00;19.2;2;NUAGEUX;4;25.9;0
Évreux;49.02;1.15;18/09/2026;14:00;20.4;2;NUAGEUX;4;27.7;0
Évreux;49.02;1.15;18/09/2026;15:00;20.4;2;NUAGEUX;4;29.9;0
Évreux;49.02;1.15;18/09/2026;16:00;20.4;2;NUAGEUX;4;31.7;0
Évreux;49.02;1.15;18/09/2026;17:00;18.2;0;SOLEIL;4;31.3;0
Évreux;49.02;1.15;18/09/2026;18:00;18.2;0;SOLEIL;4;27.0;0
Évreux;49.02;1.15;18/09/2026;19:00;18.2;0;SOLEIL;4;20.5;0
Évreux;49.02;1.15;18/09/2026;20:00;14.5;0;SOLEIL;5;15.1;0
Évreux;49.02;1.15;18/09/2026;21:00;13.2;0;SOLEIL;5;11.9;0
Évreux;49.02;1.15;18/09/2026;22:00;12.0;0;SOLEIL;5;9.4;0
Évreux;49.02;1.15;18/09/2026;23:00;15;2;NUAGEUX;3;7.9;0
Évreux;49.02;1.15;19/09/2026;00:00;15;2;NUAGEUX;3;7.2;0
Évreux;49.02;1.15;19/09/2026;01:00;15;2;NUAGEUX;3;7.6;0
Évreux;49.02;1.15;19/09/2026;02:00;13.2;6;AVERSES;5;8.6;0
Évreux;49.02;1.15;19/09/2026;03:00;13.2;6;AVERSES;5;10.8;0
Évreux;49.02;1.15;19/09/2026;04:00;13.2;6;AVERSES;5;14.0;0
Évreux;49.02;1.15;19/09/2026;05:00;14.4;2;NUAGEUX;4;16.6;0
Évreux;49.02;1.15;19/09/2026;06:00;14.4;2;NUAGEUX;4;17.6;0
Évreux;49.02;1.15;19/09/2026;07:00;14.4;2;NUAGEUX;4;18.0;0
Évreux;49.02;1.15;19/09/2026;08:00;15.3;6;AVERSES;5;18.7;0
Évreux;49.02;1.15;19/09/2026;09:00;16.3;6;AVERSES;5;20.5;0
Évreux;49.02;1.15;19/09/2026;10:00;17.4;6;AVERSES;5;23.0;0
Évreux;49.02;1.15;19/09/2026;11:00;21.4;6;AVERSES;5;24.8;0
Évreux;49.02;1.15;19/09/2026;12:00;21.4;6;AVERSES;5;25.9;0
Évreux;49.02;1.15;19/09/2026;13:00;21.4;6;AVERSES;5;26.3;0
Évreux;49.02;1.15;19/09/2026;14:00;21.6;6;AVERSES;5;26.6;0
Évreux;49.02;1.15;19/09/2026;15:00;22.6;6;AVERSES;5;27.7;0
Évreux;49.02;1.15;19/09/2026;16:00;21.6;6;AVERSES;5;28.4;0
Évreux;49.02;1.15;19/09/2026;17:00;18.7;7;PLUIE FAIBLE;4;28.1;0
Évreux;49.02;1.15;19/09/2026;18:00;18.7;7;PLUIE FAIBLE;4;25.2;0
Évreux;49.02;1.15;19/09/2026;19:00;18.7;7;PLUIE FAIBLE;4;21.2;0
Évreux;49.02;1.15;19/09/2026;20:00;17.4;6;AVERSES;5;17.3;0
Évreux;49.02;1.15;19/09/2026;21:00;16.3;6;AVERSES;5;14.0;0
Évreux;49.02;1.15;19/09/2026;22:00;15.3;6;AVERSES;5;10.8;0
Évreux;49.02;1.15;19/09/2026;23:00;15.6;0;SOLEIL;4;9.4;0
Évreux;49.02;1.15;20/09/2026;00:00;15.6;0;SOLEIL;4;9.7;0
Évreux;49.02;1.15;20/09/2026;01:00;15.6;0;SOLEIL;4;11.5;0
Évreux;49.02;1.15;20/09/2026;02:00;12.7;7;PLUIE FAIBLE;5;13.0;0
Évreux;49.02;1.15;20/09/2026;03:00;12.7;7;PLUIE FAIBLE;5;13.7;0
Évreux;49.02;1.15;20/09/2026;04:00;12.7;7;PLUIE FAIBLE;5;14.0;0
Évreux;49.02;1.15;20/09/2026;05:00;13.4;7;PLUIE FAIBLE;3;14.8;0
Évreux;49.02;1.15;20/09/2026;06:00;13.4;7;PLUIE FAIBLE;3;15.1;0
Évreux;49.02;1.15;20/09/2026;07:00;13.4;7;PLUIE FAIBLE;3;15.5;0
Évreux;49.02;1.15;20/09/2026;08:00;14.6;7;PLUIE FAIBLE;5;16.9;0
Évreux;49.02;1.15;20/09/2026;09:00;15.5;7;PLUIE FAIBLE;5;20.5;0
Évreux;49.02;1.15;20/09/2026;10:00;16.4;7;PLUIE FAIBLE;5;25.6;0
Évreux;49.02;1.15;20/09/2026;11:00;20.5;7;PLUIE FAIBLE;5;29.2;0
Évreux;49.02;1.15;20/09/2026;12:00;20.5;7;PLUIE FAIBLE;5;31.0;0
Évreux;49.02;1.15;20/09/2026;13:00;20.5;7;PLUIE FAIBLE;5;31.3;0
Évreux;49.02;1.15;20/09/2026;14:00;20.2;7;PLUIE FAIBLE;5;31.7;0
Évreux;49.02;1.15;20/09/2026;15:00;21.1;7;PLUIE FAIBLE;5;32.4;0
Évreux;49.02;1.15;20/09/2026;16:00;20.2;7;PLUIE FAIBLE;5;32.8;0
Évreux;49.02;1.15;20/09/2026;17:00;18.1;2;NUAGEUX;3;32.4;0
Évreux;49.02;1.15;20/09/2026;18:00;18.1;2;NUAGEUX;3;31.3;0
Évreux;49.02;1.15;20/09/2026;19:00;18.1;2;NUAGEUX;3;29.2;0
Évreux;49.02;1.15;20/09/2026;20:00;16.4;7;PLUIE FAIBLE;5;25.9;0
Évreux;49.02;1.15;20/09/2026;21:00;15.5;7;PLUIE FAIBLE;5;20.5;0
Évreux;49.02;1.15;20/09/2026;22:00;14.6;7;PLUIE FAIBLE;5;13.7;0
Évreux;49.02;1.15;20/09/2026;23:00;12.5;0;SOLEIL;2;9.0;0
Giverny;49.07;1.53;16/09/2026;00:00;14.1;0;SOLEIL;3;29.5;0
Giverny;49.07;1.53;16/09/2026;01:00;14.1;0;SOLEIL;3;22.7;0
Giverny;49.07;1.53;16/09/2026;02:00;13.6;0;SOLEIL;3;20.5;0
Giverny;49.07;1.53;16/09/2026;03:00;13.6;0;SOLEIL;3;16.2;0
Giverny;49.07;1.53;16/09/2026;04:00;13.1;2;NUAGEUX;3;12.6;0
Giverny;49.07;1.53;16/09/2026;05:00;12.6;0;SOLEIL;3;11.2;0
Giverny;49.07;1.53;16/09/2026;06:00;12.9;0;SOLEIL;2;11.2;0
Giverny;49.07;1.53;16/09/2026;07:00;14.6;0;SOLEIL;3;10.8;0
Giverny;49.07;1.53;16/09/2026;08:00;17.1;0;SOLEIL;3;11.9;0
Giverny;49.07;1.53;16/09/2026;09:00;18.1;2;NUAGEUX;4;16.2;0
Giverny;49.07;1.53;16/09/2026;10:00;19;6;AVERSES;4;21.2;0.1
Giverny;49.07;1.53;16/09/2026;11:00;19.2;6;AVERSES;4;29.2;0.3
Giverny;49.07;1.53;16/09/2026;12:00;19.5;6;AVERSES;4;31.7;3.3
Giverny;49.07;1.53;16/09/2026;13:00;20;6;AVERSES;4;29.9;0.2
Giverny;49.07;1.53;16/09/2026;14:00;20.2;2;NUAGEUX;5;34.6;0
Giverny;49.07;1.53;16/09/2026;15:00;20.7;2;NUAGEUX;5;34.9;0
Giverny;49.07;1.53;16/09/2026;16:00;19.9;0;SOLEIL;5;35.3;0
Giverny;49.07;1.53;16/09/2026;17:00;19;0;SOLEIL;4;35.6;0
Giverny;49.07;1.53;16/09/2026;18:00;18.1;0;SOLEIL;4;36.7;0
Giverny;49.07;1.53;16/09/2026;19:00;16.9;0;SOLEIL;3;34.6;0
Giverny;49.07;1.53;16/09/2026;20:00;15.5;0;SOLEIL;3;29.5;0
Giverny;49.07;1.53;16/09/2026;21:00;14.4;0;SOLEIL;2;19.1;0
Giverny;49.07;1.53;16/09/2026;22:00;13.6;0;SOLEIL;2;11.9;0
Giverny;49.07;1.53;16/09/2026;23:00;13.1;5;SOLEIL VOILÉ;2;9.4;0
Giverny;49.07;1.53;17/09/2026;00:00;12.6;5;SOLEIL VOILÉ;3;7.6;0
Giverny;49.07;1.53;17/09/2026;01:00;12.6;5;SOLEIL VOILÉ;3;9.0;0
Giverny;49.07;1.53;17/09/2026;02:00;11.6;5;SOLEIL VOILÉ;3;10.4;0
Giverny;49.07;1.53;17/09/2026;03:00;11.6;5;SOLEIL VOILÉ;3;12.2;0
Giverny;49.07;1.53;17/09/2026;04:00;11.6;5;SOLEIL VOILÉ;3;12.4;0
Giverny;49.07;1.53;17/09/2026;05:00;12.6;2;NUAGEUX;3;12.7;0
Giverny;49.07;1.53;17/09/2026;06:00;12.6;2;NUAGEUX;3;13.0;0
Giverny;49.07;1.53;17/09/2026;07:00;12.6;2;NUAGEUX;3;15.1;0
Giverny;49.07;1.53;17/09/2026;08:00;17.1;5;SOLEIL VOILÉ;5;16.6;0
Giverny;49.07;1.53;17/09/2026;09:00;17.1;5;SOLEIL VOILÉ;5;21.6;0
Giverny;49.07;1.53;17/09/2026;10:00;17.1;5;SOLEIL VOILÉ;5;26.3;0
Giverny;49.07;1.53;17/09/2026;11:00;20;2;NUAGEUX;5;29.9;0
Giverny;49.07;1.53;17/09/2026;12:00;20;2;NUAGEUX;5;35.6;0
Giverny;49.07;1.53;17/09/2026;13:00;20;2;NUAGEUX;5;37.1;0
Giverny;49.07;1.53;17/09/2026;14:00;19.9;2;NUAGEUX;5;36.7;0
Giverny;49.07;1.53;17/09/2026;15:00;19.9;2;NUAGEUX;5;36.7;0
Giverny;49.07;1.53;17/09/2026;16:00;19.9;2;NUAGEUX;5;38.5;0
Giverny;49.07;1.53;17/09/2026;17:00;17.7;6;AVERSES;4;35.3;0
Giverny;49.07;1.53;17/09/2026;18:00;17.7;6;AVERSES;4;39.6;0
Giverny;49.07;1.53;17/09/2026;19:00;17.7;6;AVERSES;4;31.3;0
Giverny;49.07;1.53;17/09/2026;20:00;15.9;0;SOLEIL;4;33.1;0
Giverny;49.07;1.53;17/09/2026;21:00;15.9;0;SOLEIL;4;30.2;0
Giverny;49.07;1.53;17/09/2026;22:00;15.9;0;SOLEIL;4;19.4;0
Giverny;49.07;1.53;17/09/2026;23:00;13.1;0;SOLEIL;3;16.2;0
Giverny;49.07;1.53;18/09/2026;00:00;13.1;0;SOLEIL;3;16.6;0
Giverny;49.07;1.53;18/09/2026;01:00;13.1;0;SOLEIL;3;16.2;0
Giverny;49.07;1.53;18/09/2026;02:00;11.6;0;SOLEIL;3;15.8;0
Giverny;49.07;1.53;18/09/2026;03:00;11.6;0;SOLEIL;3;13.3;0
Giverny;49.07;1.53;18/09/2026;04:00;11.6;0;SOLEIL;3;13.3;0
Giverny;49.07;1.53;18/09/2026;05:00;11.1;0;SOLEIL;3;13.0;0
Giverny;49.07;1.53;18/09/2026;06:00;11.1;0;SOLEIL;3;12.2;0
Giverny;49.07;1.53;18/09/2026;07:00;11.1;0;SOLEIL;3;11.5;0
Giverny;49.07;1.53;18/09/2026;08:00;17.1;0;SOLEIL;4;11.5;0
Giverny;49.07;1.53;18/09/2026;09:00;17.1;0;SOLEIL;4;14.8;0
Giverny;49.07;1.53;18/09/2026;10:00;17.1;0;SOLEIL;4;19.8;0
Giverny;49.07;1.53;18/09/2026;11:00;20.5;2;NUAGEUX;4;23.4;0
Giverny;49.07;1.53;18/09/2026;12:00;20.5;2;NUAGEUX;4;24.5;0
Giverny;49.07;1.53;18/09/2026;13:00;20.5;2;NUAGEUX;4;24.5;0
Giverny;49.07;1.53;18/09/2026;14:00;22.2;2;NUAGEUX;5;24.5;0
Giverny;49.07;1.53;18/09/2026;15:00;22.2;2;NUAGEUX;5;25.6;0
Giverny;49.07;1.53;18/09/2026;16:00;22.2;2;NUAGEUX;5;27.4;0
Giverny;49.07;1.53;18/09/2026;17:00;20.5;2;NUAGEUX;4;27.4;0
Giverny;49.07;1.53;18/09/2026;18:00;20.5;2;NUAGEUX;4;25.2;0
Giverny;49.07;1.53;18/09/2026;19:00;20.5;2;NUAGEUX;4;22.0;0
Giverny;49.07;1.53;18/09/2026;20:00;15.9;2;NUAGEUX;5;18.7;0
Giverny;49.07;1.53;18/09/2026;21:00;14.5;2;NUAGEUX;5;15.8;0
Giverny;49.07;1.53;18/09/2026;22:00;13.1;2;NUAGEUX;5;13.0;0
Giverny;49.07;1.53;18/09/2026;23:00;16;2;NUAGEUX;3;10.8;0
Giverny;49.07;1.53;19/09/2026;00:00;16;2;NUAGEUX;3;9.7;0
Giverny;49.07;1.53;19/09/2026;01:00;16;2;NUAGEUX;3;9.4;0
Giverny;49.07;1.53;19/09/2026;02:00;14.1;2;NUAGEUX;5;9.7;0
Giverny;49.07;1.53;19/09/2026;03:00;14.1;2;NUAGEUX;5;11.5;0
Giverny;49.07;1.53;19/09/2026;04:00;14.1;2;NUAGEUX;5;14.0;0
Giverny;49.07;1.53;19/09/2026;05:00;15;2;NUAGEUX;4;16.6;0
Giverny;49.07;1.53;19/09/2026;06:00;15;2;NUAGEUX;4;18.7;0
Giverny;49.07;1.53;19/09/2026;07:00;15;2;NUAGEUX;4;20.5;0
Giverny;49.07;1.53;19/09/2026;08:00;16.1;2;NUAGEUX;5;22.3;0
Giverny;49.07;1.53;19/09/2026;09:00;17.1;2;NUAGEUX;5;24.1;0
Giverny;49.07;1.53;19/09/2026;10:00;18.1;2;NUAGEUX;5;26.3;0
Giverny;49.07;1.53;19/09/2026;11:00;21.5;7;PLUIE FAIBLE;5;27.7;0
Giverny;49.07;1.53;19/09/2026;12:00;21.5;7;PLUIE FAIBLE;5;28.8;0
Giverny;49.07;1.53;19/09/2026;13:00;21.5;7;PLUIE FAIBLE;5;29.2;0
Giverny;49.07;1.53;19/09/2026;14:00;22.1;2;NUAGEUX;5;29.9;0
Giverny;49.07;1.53;19/09/2026;15:00;23.1;2;NUAGEUX;5;31.0;0
Giverny;49.07;1.53;19/09/2026;16:00;22.1;2;NUAGEUX;5;32.0;0
Giverny;49.07;1.53;19/09/2026;17:00;20.6;2;NUAGEUX;4;31.3;0
Giverny;49.07;1.53;19/09/2026;18:00;20.6;2;NUAGEUX;4;28.1;0
Giverny;49.07;1.53;19/09/2026;19:00;20.6;2;NUAGEUX;4;23.0;0
Giverny;49.07;1.53;19/09/2026;20:00;18.1;2;NUAGEUX;5;18.4;0
Giverny;49.07;1.53;19/09/2026;21:00;17.1;2;NUAGEUX;5;13.7;0
Giverny;49.07;1.53;19/09/2026;22:00;16.1;2;NUAGEUX;5;9.0;0
Giverny;49.07;1.53;19/09/2026;23:00;17.4;2;NUAGEUX;4;6.1;0
Giverny;49.07;1.53;20/09/2026;00:00;17.4;2;NUAGEUX;4;7.1;0
Giverny;49.07;1.53;20/09/2026;01:00;17.4;2;NUAGEUX;4;10.3;0
Giverny;49.07;1.53;20/09/2026;02:00;13.5;2;NUAGEUX;5;12.7;0
Giverny;49.07;1.53;20/09/2026;03:00;13.5;2;NUAGEUX;5;13.0;0
Giverny;49.07;1.53;20/09/2026;04:00;13.5;2;NUAGEUX;5;11.9;0
Giverny;49.07;1.53;20/09/2026;05:00;14.1;2;NUAGEUX;3;11.5;0
Giverny;49.07;1.53;20/09/2026;06:00;14.1;2;NUAGEUX;3;12.2;0
Giverny;49.07;1.53;20/09/2026;07:00;14.1;2;NUAGEUX;3;13.3;0
Giverny;49.07;1.53;20/09/2026;08:00;15.3;2;NUAGEUX;5;15.5;0
Giverny;49.07;1.53;20/09/2026;09:00;16.2;2;NUAGEUX;5;19.4;0
Giverny;49.07;1.53;20/09/2026;10:00;17.1;2;NUAGEUX;5;24.5;0
Giverny;49.07;1.53;20/09/2026;11:00;21;2;NUAGEUX;5;28.4;0
Giverny;49.07;1.53;20/09/2026;12:00;21;2;NUAGEUX;5;30.2;0
Giverny;49.07;1.53;20/09/2026;13:00;21;2;NUAGEUX;5;30.6;0
Giverny;49.07;1.53;20/09/2026;14:00;20.7;2;NUAGEUX;5;31.0;0
Giverny;49.07;1.53;20/09/2026;15:00;21.6;2;NUAGEUX;5;31.0;0
Giverny;49.07;1.53;20/09/2026;16:00;20.7;2;NUAGEUX;5;30.6;0
Giverny;49.07;1.53;20/09/2026;17:00;19.6;2;NUAGEUX;3;30.2;0
Giverny;49.07;1.53;20/09/2026;18:00;19.6;2;NUAGEUX;3;30.2;0
Giverny;49.07;1.53;20/09/2026;19:00;19.6;2;NUAGEUX;3;29.5;0
Giverny;49.07;1.53;20/09/2026;20:00;17.1;2;NUAGEUX;5;27.4;0
Giverny;49.07;1.53;20/09/2026;21:00;16.2;2;NUAGEUX;5;21.2;0
Giverny;49.07;1.53;20/09/2026;22:00;15.3;2;NUAGEUX;5;13.0;0
Giverny;49.07;1.53;20/09/2026;23:00;14.1;0;SOLEIL;3;7.2;0
Vesly;49.24;1.65;16/09/2026;00:00;14.7;0;SOLEIL;3;34.2;0
Vesly;49.24;1.65;16/09/2026;01:00;14.5;0;SOLEIL;2;29.2;0
Vesly;49.24;1.65;16/09/2026;02:00;14;0;SOLEIL;2;21.6;0
Vesly;49.24;1.65;16/09/2026;03:00;13.1;0;SOLEIL;2;16.2;0
Vesly;49.24;1.65;16/09/2026;04:00;13.1;0;SOLEIL;2;13.7;0
Vesly;49.24;1.65;16/09/2026;05:00;12.1;0;SOLEIL;2;11.5;0
Vesly;49.24;1.65;16/09/2026;06:00;12.5;0;SOLEIL;2;9.4;0
Vesly;49.24;1.65;16/09/2026;07:00;14.4;0;SOLEIL;2;9.0;0
Vesly;49.24;1.65;16/09/2026;08:00;17.2;0;SOLEIL;3;9.0;0
Vesly;49.24;1.65;16/09/2026;09:00;18.1;2;NUAGEUX;3;12.2;0
Vesly;49.24;1.65;16/09/2026;10:00;19.8;2;NUAGEUX;4;19.1;0
Vesly;49.24;1.65;16/09/2026;11:00;20.5;2;NUAGEUX;4;28.1;0
Vesly;49.24;1.65;16/09/2026;12:00;20.9;2;NUAGEUX;3;30.6;0
Vesly;49.24;1.65;16/09/2026;13:00;21.2;2;NUAGEUX;4;34.9;0
Vesly;49.24;1.65;16/09/2026;14:00;21.6;6;AVERSES;4;30.6;1.5
Vesly;49.24;1.65;16/09/2026;15:00;20.5;6;AVERSES;4;30.6;2.2
Vesly;49.24;1.65;16/09/2026;16:00;20.9;0;SOLEIL;4;32.4;0
Vesly;49.24;1.65;16/09/2026;17:00;19.7;0;SOLEIL;3;37.8;0
Vesly;49.24;1.65;16/09/2026;18:00;18.6;0;SOLEIL;3;36.0;0
Vesly;49.24;1.65;16/09/2026;19:00;17;0;SOLEIL;3;33.1;0
Vesly;49.24;1.65;16/09/2026;20:00;15.3;0;SOLEIL;3;27.4;0
Vesly;49.24;1.65;16/09/2026;21:00;13.8;0;SOLEIL;2;16.2;0
Vesly;49.24;1.65;16/09/2026;22:00;13;0;SOLEIL;2;7.2;0
Vesly;49.24;1.65;16/09/2026;23:00;12.4;5;SOLEIL VOILÉ;2;6.5;0
Vesly;49.24;1.65;17/09/2026;00:00;11.7;5;SOLEIL VOILÉ;2;6.1;0
Vesly;49.24;1.65;17/09/2026;01:00;11.7;5;SOLEIL VOILÉ;2;4.7;0
Vesly;49.24;1.65;17/09/2026;02:00;12.2;5;SOLEIL VOILÉ;3;4.0;0
Vesly;49.24;1.65;17/09/2026;03:00;12.2;5;SOLEIL VOILÉ;3;8.3;0
Vesly;49.24;1.65;17/09/2026;04:00;12.2;5;SOLEIL VOILÉ;3;9.9;0
Vesly;49.24;1.65;17/09/2026;05:00;12.9;2;NUAGEUX;3;11.2;0
Vesly;49.24;1.65;17/09/2026;06:00;12.9;2;NUAGEUX;3;13.3;0
Vesly;49.24;1.65;17/09/2026;07:00;12.9;2;NUAGEUX;3;14.0;0
Vesly;49.24;1.65;17/09/2026;08:00;17.5;2;NUAGEUX;4;14.8;0
Vesly;49.24;1.65;17/09/2026;09:00;17.5;2;NUAGEUX;4;21.2;0
Vesly;49.24;1.65;17/09/2026;10:00;17.5;2;NUAGEUX;4;28.4;0
Vesly;49.24;1.65;17/09/2026;11:00;20.5;2;NUAGEUX;5;32.4;0
Vesly;49.24;1.65;17/09/2026;12:00;20.5;2;NUAGEUX;5;35.6;0
Vesly;49.24;1.65;17/09/2026;13:00;20.5;2;NUAGEUX;5;37.1;0
Vesly;49.24;1.65;17/09/2026;14:00;21.1;2;NUAGEUX;5;37.1;0
Vesly;49.24;1.65;17/09/2026;15:00;21.1;2;NUAGEUX;5;37.4;0
Vesly;49.24;1.65;17/09/2026;16:00;21.1;2;NUAGEUX;5;36.4;0
Vesly;49.24;1.65;17/09/2026;17:00;17.6;6;AVERSES;4;36.7;0
Vesly;49.24;1.65;17/09/2026;18:00;17.6;6;AVERSES;4;41.0;0
Vesly;49.24;1.65;17/09/2026;19:00;17.6;6;AVERSES;4;36.0;0
Vesly;49.24;1.65;17/09/2026;20:00;16;6;AVERSES;3;25.9;0
Vesly;49.24;1.65;17/09/2026;21:00;16;6;AVERSES;3;29.5;0
Vesly;49.24;1.65;17/09/2026;22:00;16;6;AVERSES;3;26.3;0
Vesly;49.24;1.65;17/09/2026;23:00;13.6;0;SOLEIL;3;22.0;0
Vesly;49.24;1.65;18/09/2026;00:00;13.6;0;SOLEIL;3;16.6;0
Vesly;49.24;1.65;18/09/2026;01:00;13.6;0;SOLEIL;3;16.6;0
Vesly;49.24;1.65;18/09/2026;02:00;11.6;0;SOLEIL;3;16.6;0
Vesly;49.24;1.65;18/09/2026;03:00;11.6;0;SOLEIL;3;15.1;0
Vesly;49.24;1.65;18/09/2026;04:00;11.6;0;SOLEIL;3;13.7;0
Vesly;49.24;1.65;18/09/2026;05:00;11.1;0;SOLEIL;3;13.3;0
Vesly;49.24;1.65;18/09/2026;06:00;11.1;0;SOLEIL;3;11.5;0
Vesly;49.24;1.65;18/09/2026;07:00;11.1;0;SOLEIL;3;10.4;0
Vesly;49.24;1.65;18/09/2026;08:00;17.5;0;SOLEIL;3;10.8;0
Vesly;49.24;1.65;18/09/2026;09:00;17.5;0;SOLEIL;3;13.7;0
Vesly;49.24;1.65;18/09/2026;10:00;17.5;0;SOLEIL;3;18.4;0
Vesly;49.24;1.65;18/09/2026;11:00;20.5;2;NUAGEUX;4;22.0;0
Vesly;49.24;1.65;18/09/2026;12:00;20.5;2;NUAGEUX;4;24.1;0
Vesly;49.24;1.65;18/09/2026;13:00;20.5;2;NUAGEUX;4;25.6;0
Vesly;49.24;1.65;18/09/2026;14:00;22.4;2;NUAGEUX;4;26.6;0
Vesly;49.24;1.65;18/09/2026;15:00;22.4;2;NUAGEUX;4;28.1;0
Vesly;49.24;1.65;18/09/2026;16:00;22.4;2;NUAGEUX;4;28.8;0
Vesly;49.24;1.65;18/09/2026;17:00;20.1;0;SOLEIL;3;29.2;0
Vesly;49.24;1.65;18/09/2026;18:00;20.1;0;SOLEIL;3;28.4;0
Vesly;49.24;1.65;18/09/2026;19:00;20.1;0;SOLEIL;3;27.0;0
Vesly;49.24;1.65;18/09/2026;20:00;15.9;0;SOLEIL;5;24.1;0
Vesly;49.24;1.65;18/09/2026;21:00;14.5;0;SOLEIL;5;19.4;0
Vesly;49.24;1.65;18/09/2026;22:00;13.1;0;SOLEIL;5;13.3;0
Vesly;49.24;1.65;18/09/2026;23:00;16.9;2;NUAGEUX;3;9.0;0
Vesly;49.24;1.65;19/09/2026;00:00;16.9;2;NUAGEUX;3;7.6;0
Vesly;49.24;1.65;19/09/2026;01:00;16.9;2;NUAGEUX;3;7.9;0
Vesly;49.24;1.65;19/09/2026;02:00;14;2;NUAGEUX;5;9.0;0
Vesly;49.24;1.65;19/09/2026;03:00;14;2;NUAGEUX;5;10.8;0
Vesly;49.24;1.65;19/09/2026;04:00;14;2;NUAGEUX;5;13.0;0
Vesly;49.24;1.65;19/09/2026;05:00;14.9;2;NUAGEUX;4;15.5;0
Vesly;49.24;1.65;19/09/2026;06:00;14.9;2;NUAGEUX;4;17.6;0
Vesly;49.24;1.65;19/09/2026;07:00;14.9;2;NUAGEUX;4;19.8;0
Vesly;49.24;1.65;19/09/2026;08:00;16.2;2;NUAGEUX;5;22.3;0
Vesly;49.24;1.65;19/09/2026;09:00;17.2;2;NUAGEUX;5;25.2;0
Vesly;49.24;1.65;19/09/2026;10:00;18.3;2;NUAGEUX;5;28.4;0
Vesly;49.24;1.65;19/09/2026;11:00;22.4;2;NUAGEUX;5;30.6;0
Vesly;49.24;1.65;19/09/2026;12:00;22.4;2;NUAGEUX;5;30.6;0
Vesly;49.24;1.65;19/09/2026;13:00;22.4;2;NUAGEUX;5;29.9;0
Vesly;49.24;1.65;19/09/2026;14:00;22.6;2;NUAGEUX;5;28.8;0
Vesly;49.24;1.65;19/09/2026;15:00;23.7;2;NUAGEUX;5;28.1;0
Vesly;49.24;1.65;19/09/2026;16:00;22.6;2;NUAGEUX;5;27.4;0
Vesly;49.24;1.65;19/09/2026;17:00;20.6;2;NUAGEUX;4;26.3;0
Vesly;49.24;1.65;19/09/2026;18:00;20.6;2;NUAGEUX;4;24.8;0
Vesly;49.24;1.65;19/09/2026;19:00;20.6;2;NUAGEUX;4;23.4;0
Vesly;49.24;1.65;19/09/2026;20:00;18.3;2;NUAGEUX;5;20.9;0
Vesly;49.24;1.65;19/09/2026;21:00;17.2;2;NUAGEUX;5;16.6;0
Vesly;49.24;1.65;19/09/2026;22:00;16.2;2;NUAGEUX;5;11.2;0
Vesly;49.24;1.65;19/09/2026;23:00;17.1;2;NUAGEUX;3;7.9;0
Vesly;49.24;1.65;20/09/2026;00:00;17.1;2;NUAGEUX;3;8.5;0
Vesly;49.24;1.65;20/09/2026;01:00;17.1;2;NUAGEUX;3;11.2;0
Vesly;49.24;1.65;20/09/2026;02:00;13.6;2;NUAGEUX;5;12.7;0
Vesly;49.24;1.65;20/09/2026;03:00;13.6;2;NUAGEUX;5;12.6;0
Vesly;49.24;1.65;20/09/2026;04:00;13.6;2;NUAGEUX;5;12.6;0
Vesly;49.24;1.65;20/09/2026;05:00;14.2;2;NUAGEUX;3;13.0;0
Vesly;49.24;1.65;20/09/2026;06:00;14.2;2;NUAGEUX;3;13.7;0
Vesly;49.24;1.65;20/09/2026;07:00;14.2;2;NUAGEUX;3;14.4;0
Vesly;49.24;1.65;20/09/2026;08:00;15.4;2;NUAGEUX;5;16.2;0
Vesly;49.24;1.65;20/09/2026;09:00;16.4;2;NUAGEUX;5;20.2;0
Vesly;49.24;1.65;20/09/2026;10:00;17.3;2;NUAGEUX;5;24.8;0
Vesly;49.24;1.65;20/09/2026;11:00;21.2;2;NUAGEUX;4;28.8;0
Vesly;49.24;1.65;20/09/2026;12:00;21.2;2;NUAGEUX;4;31.3;0
Vesly;49.24;1.65;20/09/2026;13:00;21.2;2;NUAGEUX;4;32.8;0
Vesly;49.24;1.65;20/09/2026;14:00;21.0;2;NUAGEUX;5;33.8;0
Vesly;49.24;1.65;20/09/2026;15:00;21.9;2;NUAGEUX;5;34.2;0
Vesly;49.24;1.65;20/09/2026;16:00;21.0;2;NUAGEUX;5;34.2;0
Vesly;49.24;1.65;20/09/2026;17:00;19.5;2;NUAGEUX;3;33.5;0
Vesly;49.24;1.65;20/09/2026;18:00;19.5;2;NUAGEUX;3;32.0;0
Vesly;49.24;1.65;20/09/2026;19:00;19.5;2;NUAGEUX;3;29.9;0
Vesly;49.24;1.65;20/09/2026;20:00;17.3;2;NUAGEUX;5;26.3;0
Vesly;49.24;1.65;20/09/2026;21:00;16.4;2;NUAGEUX;5;20.5;0
Vesly;49.24;1.65;20/09/2026;22:00;15.4;2;NUAGEUX;5;13.3;0
Vesly;49.24;1.65;20/09/2026;23:00;14.1;0;SOLEIL;3;8.3;0
Verneuil-sur-Avre;48.74;0.93;16/09/2026;00:00;13.7;0;SOLEIL;4;27.7;0
Verneuil-sur-Avre;48.74;0.93;16/09/2026;01:00;13.4;0;SOLEIL;3;24.5;0
Verneuil-sur-Avre;48.74;0.93;16/09/2026;02:00;13.3;0;SOLEIL;3;20.5;0
Verneuil-sur-Avre;48.74;0.93;16/09/2026;03:00;12.4;0;SOLEIL;3;15.5;0
Verneuil-sur-Avre;48.74;0.93;16/09/2026;04:00;12.6;0;SOLEIL;3;14.4;0
Verneuil-sur-Avre;48.74;0.93;16/09/2026;05:00;13;0;SOLEIL;3;13.3;0
Verneuil-sur-Avre;48.74;0.93;16/09/2026;06:00;12.4;0;SOLEIL;3;13.0;0
Verneuil-sur-Avre;48.74;0.93;16/09/2026;07:00;14.7;0;SOLEIL;3;13.7;0
Verneuil-sur-Avre;48.74;0.93;16/09/2026;08:00;16.7;0;SOLEIL;4;13.0;0
Verneuil-sur-Avre;48.74;0.93;16/09/2026;09:00;17.6;2;NUAGEUX;4;15.5;0
Verneuil-sur-Avre;48.74;0.93;16/09/2026;10:00;19.1;2;NUAGEUX;5;21.2;0
Verneuil-sur-Avre;48.74;0.93;16/09/2026;11:00;19.6;2;NUAGEUX;5;28.1;0
Verneuil-sur-Avre;48.74;0.93;16/09/2026;12:00;19.6;6;AVERSES;5;31.0;0.1
Verneuil-sur-Avre;48.74;0.93;16/09/2026;13:00;20.2;2;NUAGEUX;5;30.6;0
Verneuil-sur-Avre;48.74;0.93;16/09/2026;14:00;20.1;6;AVERSES;5;31.0;1.2
Verneuil-sur-Avre;48.74;0.93;16/09/2026;15:00;20.1;2;NUAGEUX;5;33.8;0
Verneuil-sur-Avre;48.74;0.93;16/09/2026;16:00;20;0;SOLEIL;5;32.0;0
Verneuil-sur-Avre;48.74;0.93;16/09/2026;17:00;19;0;SOLEIL;5;33.1;0
Verneuil-sur-Avre;48.74;0.93;16/09/2026;18:00;17.6;0;SOLEIL;4;32.4;0
Verneuil-sur-Avre;48.74;0.93;16/09/2026;19:00;16;0;SOLEIL;4;31.7;0
Verneuil-sur-Avre;48.74;0.93;16/09/2026;20:00;14.6;0;SOLEIL;3;24.5;0
Verneuil-sur-Avre;48.74;0.93;16/09/2026;21:00;13.4;0;SOLEIL;2;14.4;0
Verneuil-sur-Avre;48.74;0.93;16/09/2026;22:00;12.8;0;SOLEIL;3;7.2;0
Verneuil-sur-Avre;48.74;0.93;16/09/2026;23:00;12.2;5;SOLEIL VOILÉ;3;7.6;0
Verneuil-sur-Avre;48.74;0.93;17/09/2026;00:00;12;5;SOLEIL VOILÉ;3;7.2;0
Verneuil-sur-Avre;48.74;0.93;17/09/2026;01:00;12;5;SOLEIL VOILÉ;3;6.5;0
Verneuil-sur-Avre;48.74;0.93;17/09/2026;02:00;11.6;5;SOLEIL VOILÉ;3;9.4;0
Verneuil-sur-Avre;48.74;0.93;17/09/2026;03:00;11.6;5;SOLEIL VOILÉ;3;10.9;0
Verneuil-sur-Avre;48.74;0.93;17/09/2026;04:00;11.6;5;SOLEIL VOILÉ;3;12.4;0
Verneuil-sur-Avre;48.74;0.93;17/09/2026;05:00;12.1;2;NUAGEUX;3;13.1;0
Verneuil-sur-Avre;48.74;0.93;17/09/2026;06:00;12.1;2;NUAGEUX;3;14.0;0
Verneuil-sur-Avre;48.74;0.93;17/09/2026;07:00;12.1;2;NUAGEUX;3;13.3;0
Verneuil-sur-Avre;48.74;0.93;17/09/2026;08:00;16.6;2;NUAGEUX;5;13.7;0
Verneuil-sur-Avre;48.74;0.93;17/09/2026;09:00;16.6;2;NUAGEUX;5;19.4;0
Verneuil-sur-Avre;48.74;0.93;17/09/2026;10:00;16.6;2;NUAGEUX;5;26.3;0
Verneuil-sur-Avre;48.74;0.93;17/09/2026;11:00;19.2;2;NUAGEUX;5;29.5;0
Verneuil-sur-Avre;48.74;0.93;17/09/2026;12:00;19.2;2;NUAGEUX;5;35.6;0
Verneuil-sur-Avre;48.74;0.93;17/09/2026;13:00;19.2;2;NUAGEUX;5;37.1;0
Verneuil-sur-Avre;48.74;0.93;17/09/2026;14:00;19.6;2;NUAGEUX;6;35.6;0
Verneuil-sur-Avre;48.74;0.93;17/09/2026;15:00;19.6;2;NUAGEUX;6;35.3;0
Verneuil-sur-Avre;48.74;0.93;17/09/2026;16:00;19.6;2;NUAGEUX;6;36.7;0
Verneuil-sur-Avre;48.74;0.93;17/09/2026;17:00;16.6;6;AVERSES;4;36.0;0
Verneuil-sur-Avre;48.74;0.93;17/09/2026;18:00;16.6;6;AVERSES;4;38.5;0
Verneuil-sur-Avre;48.74;0.93;17/09/2026;19:00;16.6;6;AVERSES;4;37.4;0
Verneuil-sur-Avre;48.74;0.93;17/09/2026;20:00;15.1;0;SOLEIL;4;27.0;0
Verneuil-sur-Avre;48.74;0.93;17/09/2026;21:00;15.1;0;SOLEIL;4;28.4;0
Verneuil-sur-Avre;48.74;0.93;17/09/2026;22:00;15.1;0;SOLEIL;4;25.2;0
Verneuil-sur-Avre;48.74;0.93;17/09/2026;23:00;12.1;0;SOLEIL;3;24.5;0
Verneuil-sur-Avre;48.74;0.93;18/09/2026;00:00;12.1;0;SOLEIL;3;12.6;0
Verneuil-sur-Avre;48.74;0.93;18/09/2026;01:00;12.1;0;SOLEIL;3;12.2;0
Verneuil-sur-Avre;48.74;0.93;18/09/2026;02:00;11.1;0;SOLEIL;3;13.0;0
Verneuil-sur-Avre;48.74;0.93;18/09/2026;03:00;11.1;0;SOLEIL;3;12.6;0
Verneuil-sur-Avre;48.74;0.93;18/09/2026;04:00;11.1;0;SOLEIL;3;11.9;0
Verneuil-sur-Avre;48.74;0.93;18/09/2026;05:00;10.7;0;SOLEIL;3;11.9;0
Verneuil-sur-Avre;48.74;0.93;18/09/2026;06:00;10.7;0;SOLEIL;3;11.2;0
Verneuil-sur-Avre;48.74;0.93;18/09/2026;07:00;10.7;0;SOLEIL;3;11.2;0
Verneuil-sur-Avre;48.74;0.93;18/09/2026;08:00;16.2;0;SOLEIL;4;10.4;0
Verneuil-sur-Avre;48.74;0.93;18/09/2026;09:00;16.2;0;SOLEIL;4;13.7;0
Verneuil-sur-Avre;48.74;0.93;18/09/2026;10:00;16.2;0;SOLEIL;4;18.0;0
Verneuil-sur-Avre;48.74;0.93;18/09/2026;11:00;19.1;2;NUAGEUX;4;22.0;0
Verneuil-sur-Avre;48.74;0.93;18/09/2026;12:00;19.1;2;NUAGEUX;4;24.1;0
Verneuil-sur-Avre;48.74;0.93;18/09/2026;13:00;19.1;2;NUAGEUX;4;25.9;0
Verneuil-sur-Avre;48.74;0.93;18/09/2026;14:00;20.1;2;NUAGEUX;5;27.4;0
Verneuil-sur-Avre;48.74;0.93;18/09/2026;15:00;20.1;2;NUAGEUX;5;29.5;0
Verneuil-sur-Avre;48.74;0.93;18/09/2026;16:00;20.1;2;NUAGEUX;5;31.3;0
Verneuil-sur-Avre;48.74;0.93;18/09/2026;17:00;18.1;0;SOLEIL;4;31.3;0
Verneuil-sur-Avre;48.74;0.93;18/09/2026;18:00;18.1;0;SOLEIL;4;28.1;0
Verneuil-sur-Avre;48.74;0.93;18/09/2026;19:00;18.1;0;SOLEIL;4;23.0;0
Verneuil-sur-Avre;48.74;0.93;18/09/2026;20:00;14.7;0;SOLEIL;5;18.0;0
Verneuil-sur-Avre;48.74;0.93;18/09/2026;21:00;13.5;0;SOLEIL;5;13.7;0
Verneuil-sur-Avre;48.74;0.93;18/09/2026;22:00;12.4;0;SOLEIL;5;9.7;0
Verneuil-sur-Avre;48.74;0.93;18/09/2026;23:00;15.4;2;NUAGEUX;4;7.2;0
Verneuil-sur-Avre;48.74;0.93;19/09/2026;00:00;15.4;2;NUAGEUX;4;6.5;0
Verneuil-sur-Avre;48.74;0.93;19/09/2026;01:00;15.4;2;NUAGEUX;4;7.6;0
Verneuil-sur-Avre;48.74;0.93;19/09/2026;02:00;13.2;7;PLUIE FAIBLE;5;9.0;0
Verneuil-sur-Avre;48.74;0.93;19/09/2026;03:00;13.2;7;PLUIE FAIBLE;5;11.9;0
Verneuil-sur-Avre;48.74;0.93;19/09/2026;04:00;13.2;7;PLUIE FAIBLE;5;15.1;0
Verneuil-sur-Avre;48.74;0.93;19/09/2026;05:00;14.2;7;PLUIE FAIBLE;4;18.0;0
Verneuil-sur-Avre;48.74;0.93;19/09/2026;06:00;14.2;7;PLUIE FAIBLE;4;19.1;0
Verneuil-sur-Avre;48.74;0.93;19/09/2026;07:00;14.2;7;PLUIE FAIBLE;4;19.8;0
Verneuil-sur-Avre;48.74;0.93;19/09/2026;08:00;15.3;7;PLUIE FAIBLE;5;20.5;0
Verneuil-sur-Avre;48.74;0.93;19/09/2026;09:00;16.3;7;PLUIE FAIBLE;5;22.7;0
Verneuil-sur-Avre;48.74;0.93;19/09/2026;10:00;17.3;7;PLUIE FAIBLE;5;25.2;0
Verneuil-sur-Avre;48.74;0.93;19/09/2026;11:00;21.1;7;PLUIE FAIBLE;6;27.0;0
Verneuil-sur-Avre;48.74;0.93;19/09/2026;12:00;21.1;7;PLUIE FAIBLE;6;27.4;0
Verneuil-sur-Avre;48.74;0.93;19/09/2026;13:00;21.1;7;PLUIE FAIBLE;6;27.4;0
Verneuil-sur-Avre;48.74;0.93;19/09/2026;14:00;21.5;7;PLUIE FAIBLE;5;26.6;0
Verneuil-sur-Avre;48.74;0.93;19/09/2026;15:00;22.5;7;PLUIE FAIBLE;5;25.9;0
Verneuil-sur-Avre;48.74;0.93;19/09/2026;16:00;21.5;7;PLUIE FAIBLE;5;24.5;0
Verneuil-sur-Avre;48.74;0.93;19/09/2026;17:00;18.7;7;PLUIE FAIBLE;4;23.0;0
Verneuil-sur-Avre;48.74;0.93;19/09/2026;18:00;18.7;7;PLUIE FAIBLE;4;20.9;0
Verneuil-sur-Avre;48.74;0.93;19/09/2026;19:00;18.7;7;PLUIE FAIBLE;4;18.4;0
Verneuil-sur-Avre;48.74;0.93;19/09/2026;20:00;17.3;7;PLUIE FAIBLE;5;15.8;0
Verneuil-sur-Avre;48.74;0.93;19/09/2026;21:00;16.3;7;PLUIE FAIBLE;5;13.0;0
Verneuil-sur-Avre;48.74;0.93;19/09/2026;22:00;15.3;7;PLUIE FAIBLE;5;10.1;0
Verneuil-sur-Avre;48.74;0.93;19/09/2026;23:00;15.9;2;NUAGEUX;4;8.6;0
Verneuil-sur-Avre;48.74;0.93;20/09/2026;00:00;15.9;2;NUAGEUX;4;9.7;0
Verneuil-sur-Avre;48.74;0.93;20/09/2026;01:00;15.9;2;NUAGEUX;4;11.7;0
Verneuil-sur-Avre;48.74;0.93;20/09/2026;02:00;13;7;PLUIE FAIBLE;5;13.1;0
Verneuil-sur-Avre;48.74;0.93;20/09/2026;03:00;13;7;PLUIE FAIBLE;5;13.7;0
Verneuil-sur-Avre;48.74;0.93;20/09/2026;04:00;13;7;PLUIE FAIBLE;5;14.0;0
Verneuil-sur-Avre;48.74;0.93;20/09/2026;05:00;13.6;7;PLUIE FAIBLE;3;14.8;0
Verneuil-sur-Avre;48.74;0.93;20/09/2026;06:00;13.6;7;PLUIE FAIBLE;3;15.1;0
Verneuil-sur-Avre;48.74;0.93;20/09/2026;07:00;13.6;7;PLUIE FAIBLE;3;15.5;0
Verneuil-sur-Avre;48.74;0.93;20/09/2026;08:00;14.8;7;PLUIE FAIBLE;5;16.9;0
Verneuil-sur-Avre;48.74;0.93;20/09/2026;09:00;15.7;7;PLUIE FAIBLE;5;20.5;0
Verneuil-sur-Avre;48.74;0.93;20/09/2026;10:00;16.6;7;PLUIE FAIBLE;5;25.6;0
Verneuil-sur-Avre;48.74;0.93;20/09/2026;11:00;20.4;7;PLUIE FAIBLE;5;29.2;0
Verneuil-sur-Avre;48.74;0.93;20/09/2026;12:00;20.4;7;PLUIE FAIBLE;5;31.0;0
Verneuil-sur-Avre;48.74;0.93;20/09/2026;13:00;20.4;7;PLUIE FAIBLE;5;31.3;0
Verneuil-sur-Avre;48.74;0.93;20/09/2026;14:00;20.1;7;PLUIE FAIBLE;5;31.7;0
Verneuil-sur-Avre;48.74;0.93;20/09/2026;15:00;21.0;7;PLUIE FAIBLE;5;32.4;0
Verneuil-sur-Avre;48.74;0.93;20/09/2026;16:00;20.1;7;PLUIE FAIBLE;5;32.8;0
Verneuil-sur-Avre;48.74;0.93;20/09/2026;17:00;18.2;2;NUAGEUX;4;32.4;0
Verneuil-sur-Avre;48.74;0.93;20/09/2026;18:00;18.2;2;NUAGEUX;4;31.3;0
Verneuil-sur-Avre;48.74;0.93;20/09/2026;19:00;18.2;2;NUAGEUX;4;29.2;0
Verneuil-sur-Avre;48.74;0.93;20/09/2026;20:00;16.6;7;PLUIE FAIBLE;5;25.9;0
Verneuil-sur-Avre;48.74;0.93;20/09/2026;21:00;15.7;7;PLUIE FAIBLE;5;20.5;0
Verneuil-sur-Avre;48.74;0.93;20/09/2026;22:00;14.8;7;PLUIE FAIBLE;5;13.7;0
Verneuil-sur-Avre;48.74;0.93;20/09/2026;23:00;12.7;0;SOLEIL;3;9.0;0
Avranches;48.68;-1.36;16/09/2026;00:00;13.4;0;SOLEIL;4;31.0;0
Avranches;48.68;-1.36;16/09/2026;01:00;12.6;0;SOLEIL;4;22.7;0
Avranches;48.68;-1.36;16/09/2026;02:00;11.5;0;SOLEIL;4;18.0;0
Avranches;48.68;-1.36;16/09/2026;03:00;11.2;2;NUAGEUX;3;18.0;0
Avranches;48.68;-1.36;16/09/2026;04:00;12.1;2;NUAGEUX;3;14.8;0
Avranches;48.68;-1.36;16/09/2026;05:00;12.5;2;NUAGEUX;3;15.1;0
Avranches;48.68;-1.36;16/09/2026;06:00;13.2;2;NUAGEUX;3;15.1;0
Avranches;48.68;-1.36;16/09/2026;07:00;14;2;NUAGEUX;3;14.8;0
Avranches;48.68;-1.36;16/09/2026;08:00;16.9;0;SOLEIL;4;14.8;0
Avranches;48.68;-1.36;16/09/2026;09:00;17.4;6;AVERSES;4;16.6;0.1
Avranches;48.68;-1.36;16/09/2026;10:00;18.6;2;NUAGEUX;5;20.5;0
Avranches;48.68;-1.36;16/09/2026;11:00;18.7;2;NUAGEUX;5;26.3;0
Avranches;48.68;-1.36;16/09/2026;12:00;19.1;2;NUAGEUX;5;30.2;0
Avranches;48.68;-1.36;16/09/2026;13:00;19.9;2;NUAGEUX;5;30.6;0
Avranches;48.68;-1.36;16/09/2026;14:00;20.4;2;NUAGEUX;5;34.2;0
Avranches;48.68;-1.36;16/09/2026;15:00;19.7;0;SOLEIL;5;28.8;0
Avranches;48.68;-1.36;16/09/2026;16:00;19.4;0;SOLEIL;5;32.4;0
Avranches;48.68;-1.36;16/09/2026;17:00;18.2;0;SOLEIL;5;35.3;0
Avranches;48.68;-1.36;16/09/2026;18:00;16.6;0;SOLEIL;4;33.5;0
Avranches;48.68;-1.36;16/09/2026;19:00;14.9;0;SOLEIL;3;30.2;0
Avranches;48.68;-1.36;16/09/2026;20:00;13.2;0;SOLEIL;2;27.7;0
Avranches;48.68;-1.36;16/09/2026;21:00;11.8;0;SOLEIL;2;17.3;0
Avranches;48.68;-1.36;16/09/2026;22:00;10.8;0;SOLEIL;2;8.3;0
Avranches;48.68;-1.36;16/09/2026;23:00;10.1;5;SOLEIL VOILÉ;2;5.8;0
Avranches;48.68;-1.36;17/09/2026;00:00;9.5;5;SOLEIL VOILÉ;3;6.5;0
Avranches;48.68;-1.36;17/09/2026;01:00;9.5;5;SOLEIL VOILÉ;3;6.8;0
Avranches;48.68;-1.36;17/09/2026;02:00;8.1;5;SOLEIL VOILÉ;3;6.8;0
Avranches;48.68;-1.36;17/09/2026;03:00;8.1;5;SOLEIL VOILÉ;3;8.5;0
Avranches;48.68;-1.36;17/09/2026;04:00;8.1;5;SOLEIL VOILÉ;3;12.1;0
Avranches;48.68;-1.36;17/09/2026;05:00;10.7;2;NUAGEUX;4;14.9;0
Avranches;48.68;-1.36;17/09/2026;06:00;10.7;2;NUAGEUX;4;18.0;0
Avranches;48.68;-1.36;17/09/2026;07:00;10.7;2;NUAGEUX;4;18.4;0
Avranches;48.68;-1.36;17/09/2026;08:00;16.6;5;SOLEIL VOILÉ;5;19.8;0
Avranches;48.68;-1.36;17/09/2026;09:00;16.6;5;SOLEIL VOILÉ;5;23.8;0
Avranches;48.68;-1.36;17/09/2026;10:00;16.6;5;SOLEIL VOILÉ;5;29.9;0
Avranches;48.68;-1.36;17/09/2026;11:00;19.2;2;NUAGEUX;6;33.8;0
Avranches;48.68;-1.36;17/09/2026;12:00;19.2;2;NUAGEUX;6;38.5;0
Avranches;48.68;-1.36;17/09/2026;13:00;19.2;2;NUAGEUX;6;40.3;0
Avranches;48.68;-1.36;17/09/2026;14:00;21.1;2;NUAGEUX;6;41.0;0
Avranches;48.68;-1.36;17/09/2026;15:00;21.1;2;NUAGEUX;6;38.5;0
Avranches;48.68;-1.36;17/09/2026;16:00;21.1;2;NUAGEUX;6;40.0;0
Avranches;48.68;-1.36;17/09/2026;17:00;17;6;AVERSES;4;40.0;0
Avranches;48.68;-1.36;17/09/2026;18:00;17;6;AVERSES;4;30.6;0
Avranches;48.68;-1.36;17/09/2026;19:00;17;6;AVERSES;4;31.3;0
Avranches;48.68;-1.36;17/09/2026;20:00;15;0;SOLEIL;4;32.4;0
Avranches;48.68;-1.36;17/09/2026;21:00;15;0;SOLEIL;4;26.3;0
Avranches;48.68;-1.36;17/09/2026;22:00;15;0;SOLEIL;4;20.9;0
Avranches;48.68;-1.36;17/09/2026;23:00;11.9;0;SOLEIL;3;17.3;0
Avranches;48.68;-1.36;18/09/2026;00:00;11.9;0;SOLEIL;3;17.3;0
Avranches;48.68;-1.36;18/09/2026;01:00;11.9;0;SOLEIL;3;13.7;0
Avranches;48.68;-1.36;18/09/2026;02:00;8.4;0;SOLEIL;3;13.7;0
Avranches;48.68;-1.36;18/09/2026;03:00;8.4;0;SOLEIL;3;13.7;0
Avranches;48.68;-1.36;18/09/2026;04:00;8.4;0;SOLEIL;3;11.5;0
Avranches;48.68;-1.36;18/09/2026;05:00;7.4;0;SOLEIL;3;12.6;0
Avranches;48.68;-1.36;18/09/2026;06:00;7.4;0;SOLEIL;3;12.2;0
Avranches;48.68;-1.36;18/09/2026;07:00;7.4;0;SOLEIL;3;11.2;0
Avranches;48.68;-1.36;18/09/2026;08:00;16.5;0;SOLEIL;4;11.2;0
Avranches;48.68;-1.36;18/09/2026;09:00;16.5;0;SOLEIL;4;14.8;0
Avranches;48.68;-1.36;18/09/2026;10:00;16.5;0;SOLEIL;4;19.4;0
Avranches;48.68;-1.36;18/09/2026;11:00;19.5;2;NUAGEUX;4;23.0;0
Avranches;48.68;-1.36;18/09/2026;12:00;19.5;2;NUAGEUX;4;23.4;0
Avranches;48.68;-1.36;18/09/2026;13:00;19.5;2;NUAGEUX;4;22.0;0
Avranches;48.68;-1.36;18/09/2026;14:00;21.4;2;NUAGEUX;5;21.6;0
Avranches;48.68;-1.36;18/09/2026;15:00;21.4;2;NUAGEUX;5;23.4;0
Avranches;48.68;-1.36;18/09/2026;16:00;21.4;2;NUAGEUX;5;25.6;0
Avranches;48.68;-1.36;18/09/2026;17:00;19.1;2;NUAGEUX;4;26.6;0
Avranches;48.68;-1.36;18/09/2026;18:00;19.1;2;NUAGEUX;4;25.2;0
Avranches;48.68;-1.36;18/09/2026;19:00;19.1;2;NUAGEUX;4;22.7;0
Avranches;48.68;-1.36;18/09/2026;20:00;13.4;2;NUAGEUX;5;19.4;0
Avranches;48.68;-1.36;18/09/2026;21:00;11.7;2;NUAGEUX;5;15.1;0
Avranches;48.68;-1.36;18/09/2026;22:00;10.0;2;NUAGEUX;5;10.4;0
Avranches;48.68;-1.36;18/09/2026;23:00;13.6;2;NUAGEUX;4;7.2;0
Avranches;48.68;-1.36;19/09/2026;00:00;13.6;2;NUAGEUX;4;7.2;0
Avranches;48.68;-1.36;19/09/2026;01:00;13.6;2;NUAGEUX;4;9.0;0
Avranches;48.68;-1.36;19/09/2026;02:00;12.4;2;NUAGEUX;5;11.2;0
Avranches;48.68;-1.36;19/09/2026;03:00;12.4;2;NUAGEUX;5;13.3;0
Avranches;48.68;-1.36;19/09/2026;04:00;12.4;2;NUAGEUX;5;15.8;0
Avranches;48.68;-1.36;19/09/2026;05:00;13.7;2;NUAGEUX;4;18.4;0
Avranches;48.68;-1.36;19/09/2026;06:00;13.7;2;NUAGEUX;4;20.5;0
Avranches;48.68;-1.36;19/09/2026;07:00;13.7;2;NUAGEUX;4;22.7;0
Avranches;48.68;-1.36;19/09/2026;08:00;14.7;2;NUAGEUX;5;25.2;0
Avranches;48.68;-1.36;19/09/2026;09:00;15.8;2;NUAGEUX;5;28.1;0
Avranches;48.68;-1.36;19/09/2026;10:00;16.9;2;NUAGEUX;5;31.3;0
Avranches;48.68;-1.36;19/09/2026;11:00;20.9;2;NUAGEUX;6;33.8;0
Avranches;48.68;-1.36;19/09/2026;12:00;20.9;2;NUAGEUX;6;34.9;0
Avranches;48.68;-1.36;19/09/2026;13:00;20.9;2;NUAGEUX;6;35.3;0
Avranches;48.68;-1.36;19/09/2026;14:00;21.5;2;NUAGEUX;5;35.3;0
Avranches;48.68;-1.36;19/09/2026;15:00;22.6;2;NUAGEUX;5;34.9;0
Avranches;48.68;-1.36;19/09/2026;16:00;21.5;2;NUAGEUX;5;34.2;0
Avranches;48.68;-1.36;19/09/2026;17:00;19.9;2;NUAGEUX;4;32.4;0
Avranches;48.68;-1.36;19/09/2026;18:00;19.9;2;NUAGEUX;4;28.8;0
Avranches;48.68;-1.36;19/09/2026;19:00;19.9;2;NUAGEUX;4;23.8;0
Avranches;48.68;-1.36;19/09/2026;20:00;16.9;2;NUAGEUX;5;19.1;0
Avranches;48.68;-1.36;19/09/2026;21:00;15.8;2;NUAGEUX;5;14.8;0
Avranches;48.68;-1.36;19/09/2026;22:00;14.7;2;NUAGEUX;5;10.8;0
Avranches;48.68;-1.36;19/09/2026;23:00;15.2;2;NUAGEUX;4;7.9;0
Avranches;48.68;-1.36;20/09/2026;00:00;15.2;2;NUAGEUX;4;7.3;0
Avranches;48.68;-1.36;20/09/2026;01:00;15.2;2;NUAGEUX;4;8.1;0
Avranches;48.68;-1.36;20/09/2026;02:00;11.7;2;NUAGEUX;5;9.2;0
Avranches;48.68;-1.36;20/09/2026;03:00;11.7;2;NUAGEUX;5;11.2;0
Avranches;48.68;-1.36;20/09/2026;04:00;11.7;2;NUAGEUX;5;13.7;0
Avranches;48.68;-1.36;20/09/2026;05:00;12.9;2;NUAGEUX;3;15.8;0
Avranches;48.68;-1.36;20/09/2026;06:00;12.9;2;NUAGEUX;3;16.9;0
Avranches;48.68;-1.36;20/09/2026;07:00;12.9;2;NUAGEUX;3;18.0;0
Avranches;48.68;-1.36;20/09/2026;08:00;13.8;2;NUAGEUX;5;19.4;0
Avranches;48.68;-1.36;20/09/2026;09:00;14.8;2;NUAGEUX;5;22.7;0
Avranches;48.68;-1.36;20/09/2026;10:00;15.9;2;NUAGEUX;5;27.0;0
Avranches;48.68;-1.36;20/09/2026;11:00;20.6;2;NUAGEUX;5;29.5;0
Avranches;48.68;-1.36;20/09/2026;12:00;20.6;2;NUAGEUX;5;29.2;0
Avranches;48.68;-1.36;20/09/2026;13:00;20.6;2;NUAGEUX;5;27.0;0
Avranches;48.68;-1.36;20/09/2026;14:00;20.1;2;NUAGEUX;5;25.2;0
Avranches;48.68;-1.36;20/09/2026;15:00;21.1;2;NUAGEUX;5;24.8;0
Avranches;48.68;-1.36;20/09/2026;16:00;20.1;2;NUAGEUX;5;24.8;0
Avranches;48.68;-1.36;20/09/2026;17:00;18.1;2;NUAGEUX;4;24.8;0
Avranches;48.68;-1.36;20/09/2026;18:00;18.1;2;NUAGEUX;4;25.2;0
Avranches;48.68;-1.36;20/09/2026;19:00;18.1;2;NUAGEUX;4;25.9;0
Avranches;48.68;-1.36;20/09/2026;20:00;15.9;2;NUAGEUX;5;24.5;0
Avranches;48.68;-1.36;20/09/2026;21:00;14.8;2;NUAGEUX;5;19.4;0
Avranches;48.68;-1.36;20/09/2026;22:00;13.8;2;NUAGEUX;5;12.6;0
Avranches;48.68;-1.36;20/09/2026;23:00;11.9;0;SOLEIL;3;7.6;0
Cherbourg-Octeville;49.63;-1.62;16/09/2026;00:00;15.6;0;SOLEIL;4;20.5;0
Cherbourg-Octeville;49.63;-1.62;16/09/2026;01:00;15.1;0;SOLEIL;3;19.8;0
Cherbourg-Octeville;49.63;-1.62;16/09/2026;02:00;14.8;0;SOLEIL;3;19.1;0
Cherbourg-Octeville;49.63;-1.62;16/09/2026;03:00;14.4;0;SOLEIL;2;15.1;0
Cherbourg-Octeville;49.63;-1.62;16/09/2026;04:00;14.1;0;SOLEIL;2;13.7;0
Cherbourg-Octeville;49.63;-1.62;16/09/2026;05:00;14;0;SOLEIL;2;9.4;0
Cherbourg-Octeville;49.63;-1.62;16/09/2026;06:00;14.2;2;NUAGEUX;2;8.6;0
Cherbourg-Octeville;49.63;-1.62;16/09/2026;07:00;14.5;2;NUAGEUX;2;8.3;0
Cherbourg-Octeville;49.63;-1.62;16/09/2026;08:00;16.5;6;AVERSES;2;9.4;0.1
Cherbourg-Octeville;49.63;-1.62;16/09/2026;09:00;17.4;2;NUAGEUX;3;13.0;0
Cherbourg-Octeville;49.63;-1.62;16/09/2026;10:00;18;6;AVERSES;5;20.5;1.9
Cherbourg-Octeville;49.63;-1.62;16/09/2026;11:00;18.2;2;NUAGEUX;5;25.6;0
Cherbourg-Octeville;49.63;-1.62;16/09/2026;12:00;18.2;2;NUAGEUX;5;29.5;0
Cherbourg-Octeville;49.63;-1.62;16/09/2026;13:00;18.4;2;NUAGEUX;5;29.9;0
Cherbourg-Octeville;49.63;-1.62;16/09/2026;14:00;18.5;2;NUAGEUX;6;29.9;0
Cherbourg-Octeville;49.63;-1.62;16/09/2026;15:00;18.2;2;NUAGEUX;6;30.2;0
Cherbourg-Octeville;49.63;-1.62;16/09/2026;16:00;17.8;0;SOLEIL;5;34.9;0
Cherbourg-Octeville;49.63;-1.62;16/09/2026;17:00;17;0;SOLEIL;5;38.2;0
Cherbourg-Octeville;49.63;-1.62;16/09/2026;18:00;16;0;SOLEIL;4;38.2;0
Cherbourg-Octeville;49.63;-1.62;16/09/2026;19:00;14.9;0;SOLEIL;4;37.1;0
Cherbourg-Octeville;49.63;-1.62;16/09/2026;20:00;14.1;0;SOLEIL;3;32.0;0
Cherbourg-Octeville;49.63;-1.62;16/09/2026;21:00;13.7;5;SOLEIL VOILÉ;4;24.8;0
Cherbourg-Octeville;49.63;-1.62;16/09/2026;22:00;13.8;5;SOLEIL VOILÉ;4;15.8;0
Cherbourg-Octeville;49.63;-1.62;16/09/2026;23:00;15.4;5;SOLEIL VOILÉ;4;13.0;0
Cherbourg-Octeville;49.63;-1.62;17/09/2026;00:00;15.6;5;SOLEIL VOILÉ;5;11.5;0
Cherbourg-Octeville;49.63;-1.62;17/09/2026;01:00;15.6;5;SOLEIL VOILÉ;5;11.9;0
Cherbourg-Octeville;49.63;-1.62;17/09/2026;02:00;14.5;5;SOLEIL VOILÉ;4;19.8;0
Cherbourg-Octeville;49.63;-1.62;17/09/2026;03:00;14.5;5;SOLEIL VOILÉ;4;20.6;0
Cherbourg-Octeville;49.63;-1.62;17/09/2026;04:00;14.5;5;SOLEIL VOILÉ;4;16.7;0
Cherbourg-Octeville;49.63;-1.62;17/09/2026;05:00;14.2;5;SOLEIL VOILÉ;4;15.6;0
Cherbourg-Octeville;49.63;-1.62;17/09/2026;06:00;14.2;5;SOLEIL VOILÉ;4;16.2;0
Cherbourg-Octeville;49.63;-1.62;17/09/2026;07:00;14.2;5;SOLEIL VOILÉ;4;16.9;0
Cherbourg-Octeville;49.63;-1.62;17/09/2026;08:00;16.4;2;NUAGEUX;5;14.8;0
Cherbourg-Octeville;49.63;-1.62;17/09/2026;09:00;16.4;2;NUAGEUX;5;17.6;0
Cherbourg-Octeville;49.63;-1.62;17/09/2026;10:00;16.4;2;NUAGEUX;5;23.8;0
Cherbourg-Octeville;49.63;-1.62;17/09/2026;11:00;17.6;6;AVERSES;6;27.0;0
Cherbourg-Octeville;49.63;-1.62;17/09/2026;12:00;17.6;6;AVERSES;6;29.9;0
Cherbourg-Octeville;49.63;-1.62;17/09/2026;13:00;17.6;6;AVERSES;6;29.5;0
Cherbourg-Octeville;49.63;-1.62;17/09/2026;14:00;18;6;AVERSES;5;35.3;0
Cherbourg-Octeville;49.63;-1.62;17/09/2026;15:00;18;6;AVERSES;5;43.9;0
Cherbourg-Octeville;49.63;-1.62;17/09/2026;16:00;18;6;AVERSES;5;44.6;0
Cherbourg-Octeville;49.63;-1.62;17/09/2026;17:00;16.2;6;AVERSES;5;33.5;0
Cherbourg-Octeville;49.63;-1.62;17/09/2026;18:00;16.2;6;AVERSES;5;36.4;0
Cherbourg-Octeville;49.63;-1.62;17/09/2026;19:00;16.2;6;AVERSES;5;32.4;0
Cherbourg-Octeville;49.63;-1.62;17/09/2026;20:00;14.7;0;SOLEIL;3;29.9;0
Cherbourg-Octeville;49.63;-1.62;17/09/2026;21:00;14.7;0;SOLEIL;3;21.2;0
Cherbourg-Octeville;49.63;-1.62;17/09/2026;22:00;14.7;0;SOLEIL;3;18.0;0
Cherbourg-Octeville;49.63;-1.62;17/09/2026;23:00;13.1;0;SOLEIL;3;18.0;0
Cherbourg-Octeville;49.63;-1.62;18/09/2026;00:00;13.1;0;SOLEIL;3;17.3;0
Cherbourg-Octeville;49.63;-1.62;18/09/2026;01:00;13.1;0;SOLEIL;3;14.0;0
Cherbourg-Octeville;49.63;-1.62;18/09/2026;02:00;13.1;0;SOLEIL;3;8.6;0
Cherbourg-Octeville;49.63;-1.62;18/09/2026;03:00;13.1;0;SOLEIL;3;7.9;0
Cherbourg-Octeville;49.63;-1.62;18/09/2026;04:00;13.1;0;SOLEIL;3;9.7;0
Cherbourg-Octeville;49.63;-1.62;18/09/2026;05:00;12.6;2;NUAGEUX;3;10.4;0
Cherbourg-Octeville;49.63;-1.62;18/09/2026;06:00;12.6;2;NUAGEUX;3;10.1;0
Cherbourg-Octeville;49.63;-1.62;18/09/2026;07:00;12.6;2;NUAGEUX;3;11.5;0
Cherbourg-Octeville;49.63;-1.62;18/09/2026;08:00;16;5;SOLEIL VOILÉ;3;11.9;0
Cherbourg-Octeville;49.63;-1.62;18/09/2026;09:00;16;5;SOLEIL VOILÉ;3;16.6;0
Cherbourg-Octeville;49.63;-1.62;18/09/2026;10:00;16;5;SOLEIL VOILÉ;3;22.7;0
Cherbourg-Octeville;49.63;-1.62;18/09/2026;11:00;18.7;2;NUAGEUX;5;27.4;0
Cherbourg-Octeville;49.63;-1.62;18/09/2026;12:00;18.7;2;NUAGEUX;5;29.5;0
Cherbourg-Octeville;49.63;-1.62;18/09/2026;13:00;18.7;2;NUAGEUX;5;30.6;0
Cherbourg-Octeville;49.63;-1.62;18/09/2026;14:00;20.2;2;NUAGEUX;5;30.6;0
Cherbourg-Octeville;49.63;-1.62;18/09/2026;15:00;20.2;2;NUAGEUX;5;30.2;0
Cherbourg-Octeville;49.63;-1.62;18/09/2026;16:00;20.2;2;NUAGEUX;5;29.2;0
Cherbourg-Octeville;49.63;-1.62;18/09/2026;17:00;18.1;2;NUAGEUX;5;26.3;0
Cherbourg-Octeville;49.63;-1.62;18/09/2026;18:00;18.1;2;NUAGEUX;5;20.5;0
Cherbourg-Octeville;49.63;-1.62;18/09/2026;19:00;18.1;2;NUAGEUX;5;13.3;0
Cherbourg-Octeville;49.63;-1.62;18/09/2026;20:00;15.7;2;NUAGEUX;5;8.3;0
Cherbourg-Octeville;49.63;-1.62;18/09/2026;21:00;14.7;2;NUAGEUX;5;6.5;0
Cherbourg-Octeville;49.63;-1.62;18/09/2026;22:00;13.7;2;NUAGEUX;5;6.5;0
Cherbourg-Octeville;49.63;-1.62;18/09/2026;23:00;17.1;2;NUAGEUX;4;7.9;0
Cherbourg-Octeville;49.63;-1.62;19/09/2026;00:00;17.1;2;NUAGEUX;4;11.9;0
Cherbourg-Octeville;49.63;-1.62;19/09/2026;01:00;17.1;2;NUAGEUX;4;17.3;0
Cherbourg-Octeville;49.63;-1.62;19/09/2026;02:00;14.4;7;PLUIE FAIBLE;5;21.2;0
Cherbourg-Octeville;49.63;-1.62;19/09/2026;03:00;14.4;7;PLUIE FAIBLE;5;21.6;0
Cherbourg-Octeville;49.63;-1.62;19/09/2026;04:00;14.4;7;PLUIE FAIBLE;5;20.5;0
Cherbourg-Octeville;49.63;-1.62;19/09/2026;05:00;15.1;7;PLUIE FAIBLE;5;19.8;0
Cherbourg-Octeville;49.63;-1.62;19/09/2026;06:00;15.1;7;PLUIE FAIBLE;5;19.8;0
Cherbourg-Octeville;49.63;-1.62;19/09/2026;07:00;15.1;7;PLUIE FAIBLE;5;19.8;0
Cherbourg-Octeville;49.63;-1.62;19/09/2026;08:00;16.0;7;PLUIE FAIBLE;5;20.5;0
Cherbourg-Octeville;49.63;-1.62;19/09/2026;09:00;16.8;7;PLUIE FAIBLE;5;22.3;0
Cherbourg-Octeville;49.63;-1.62;19/09/2026;10:00;17.6;7;PLUIE FAIBLE;5;24.8;0
Cherbourg-Octeville;49.63;-1.62;19/09/2026;11:00;20.1;6;AVERSES;6;27.0;0
Cherbourg-Octeville;49.63;-1.62;19/09/2026;12:00;20.1;6;AVERSES;6;28.4;0
Cherbourg-Octeville;49.63;-1.62;19/09/2026;13:00;20.1;6;AVERSES;6;29.9;0
Cherbourg-Octeville;49.63;-1.62;19/09/2026;14:00;20.8;7;PLUIE FAIBLE;5;29.5;0
Cherbourg-Octeville;49.63;-1.62;19/09/2026;15:00;21.6;7;PLUIE FAIBLE;5;26.6;0
Cherbourg-Octeville;49.63;-1.62;19/09/2026;16:00;20.8;7;PLUIE FAIBLE;5;22.7;0
Cherbourg-Octeville;49.63;-1.62;19/09/2026;17:00;18.6;7;PLUIE FAIBLE;4;19.4;0
Cherbourg-Octeville;49.63;-1.62;19/09/2026;18:00;18.6;7;PLUIE FAIBLE;4;19.1;0
Cherbourg-Octeville;49.63;-1.62;19/09/2026;19:00;18.6;7;PLUIE FAIBLE;4;19.4;0
Cherbourg-Octeville;49.63;-1.62;19/09/2026;20:00;17.6;7;PLUIE FAIBLE;5;18.7;0
Cherbourg-Octeville;49.63;-1.62;19/09/2026;21:00;16.8;7;PLUIE FAIBLE;5;14.8;0
Cherbourg-Octeville;49.63;-1.62;19/09/2026;22:00;16.0;7;PLUIE FAIBLE;5;9.4;0
Cherbourg-Octeville;49.63;-1.62;19/09/2026;23:00;16.5;7;PLUIE FAIBLE;4;6.8;0
Cherbourg-Octeville;49.63;-1.62;20/09/2026;00:00;16.5;7;PLUIE FAIBLE;4;10.1;0
Cherbourg-Octeville;49.63;-1.62;20/09/2026;01:00;16.5;7;PLUIE FAIBLE;4;16.0;0
Cherbourg-Octeville;49.63;-1.62;20/09/2026;02:00;13.9;2;NUAGEUX;5;20.2;0
Cherbourg-Octeville;49.63;-1.62;20/09/2026;03:00;13.9;2;NUAGEUX;5;20.2;0
Cherbourg-Octeville;49.63;-1.62;20/09/2026;04:00;13.9;2;NUAGEUX;5;17.3;0
Cherbourg-Octeville;49.63;-1.62;20/09/2026;05:00;14.4;2;NUAGEUX;3;14.8;0
Cherbourg-Octeville;49.63;-1.62;20/09/2026;06:00;14.4;2;NUAGEUX;3;13.3;0
Cherbourg-Octeville;49.63;-1.62;20/09/2026;07:00;14.4;2;NUAGEUX;3;12.6;0
Cherbourg-Octeville;49.63;-1.62;20/09/2026;08:00;15.4;2;NUAGEUX;5;12.6;0
Cherbourg-Octeville;49.63;-1.62;20/09/2026;09:00;16.1;2;NUAGEUX;5;14.4;0
Cherbourg-Octeville;49.63;-1.62;20/09/2026;10:00;16.9;2;NUAGEUX;5;17.3;0
Cherbourg-Octeville;49.63;-1.62;20/09/2026;11:00;20.1;7;PLUIE FAIBLE;5;19.8;0
Cherbourg-Octeville;49.63;-1.62;20/09/2026;12:00;20.1;7;PLUIE FAIBLE;5;21.6;0
Cherbourg-Octeville;49.63;-1.62;20/09/2026;13:00;20.1;7;PLUIE FAIBLE;5;22.7;0
Cherbourg-Octeville;49.63;-1.62;20/09/2026;14:00;19.9;2;NUAGEUX;5;23.8;0
Cherbourg-Octeville;49.63;-1.62;20/09/2026;15:00;20.6;2;NUAGEUX;5;24.8;0
Cherbourg-Octeville;49.63;-1.62;20/09/2026;16:00;19.9;2;NUAGEUX;5;25.2;0
Cherbourg-Octeville;49.63;-1.62;20/09/2026;17:00;17.7;2;NUAGEUX;3;25.2;0
Cherbourg-Octeville;49.63;-1.62;20/09/2026;18:00;17.7;2;NUAGEUX;3;24.1;0
Cherbourg-Octeville;49.63;-1.62;20/09/2026;19:00;17.7;2;NUAGEUX;3;22.0;0
Cherbourg-Octeville;49.63;-1.62;20/09/2026;20:00;16.9;2;NUAGEUX;5;19.1;0
Cherbourg-Octeville;49.63;-1.62;20/09/2026;21:00;16.1;2;NUAGEUX;5;14.0;0
Cherbourg-Octeville;49.63;-1.62;20/09/2026;22:00;15.4;2;NUAGEUX;5;7.9;0
Cherbourg-Octeville;49.63;-1.62;20/09/2026;23:00;14.2;0;SOLEIL;3;3.2;0
Coutances;49.05;-1.44;16/09/2026;00:00;14.9;0;SOLEIL;7;29.9;0
Coutances;49.05;-1.44;16/09/2026;01:00;13.6;0;SOLEIL;6;30.2;0
Coutances;49.05;-1.44;16/09/2026;02:00;13.5;2;NUAGEUX;6;28.1;0
Coutances;49.05;-1.44;16/09/2026;03:00;13.6;2;NUAGEUX;6;27.7;0
Coutances;49.05;-1.44;16/09/2026;04:00;13.6;6;AVERSES;6;24.8;1.6
Coutances;49.05;-1.44;16/09/2026;05:00;13.6;6;AVERSES;6;23.4;0.7
Coutances;49.05;-1.44;16/09/2026;06:00;13.8;2;NUAGEUX;6;24.8;0
Coutances;49.05;-1.44;16/09/2026;07:00;15.1;2;NUAGEUX;6;27.4;0
Coutances;49.05;-1.44;16/09/2026;08:00;17.6;2;NUAGEUX;6;31.0;0
Coutances;49.05;-1.44;16/09/2026;09:00;17.6;2;NUAGEUX;6;31.0;0
Coutances;49.05;-1.44;16/09/2026;10:00;19;2;NUAGEUX;6;31.7;0
Coutances;49.05;-1.44;16/09/2026;11:00;19.5;2;NUAGEUX;5;34.6;0
Coutances;49.05;-1.44;16/09/2026;12:00;19.3;2;NUAGEUX;5;35.6;0
Coutances;49.05;-1.44;16/09/2026;13:00;19.4;2;NUAGEUX;6;35.6;0
Coutances;49.05;-1.44;16/09/2026;14:00;19.6;2;NUAGEUX;6;32.8;0
Coutances;49.05;-1.44;16/09/2026;15:00;19.4;0;SOLEIL;6;36.4;0
Coutances;49.05;-1.44;16/09/2026;16:00;18.9;0;SOLEIL;5;36.7;0
Coutances;49.05;-1.44;16/09/2026;17:00;18.3;0;SOLEIL;5;34.9;0
Coutances;49.05;-1.44;16/09/2026;18:00;17.6;0;SOLEIL;5;34.9;0
Coutances;49.05;-1.44;16/09/2026;19:00;16.6;0;SOLEIL;4;34.6;0
Coutances;49.05;-1.44;16/09/2026;20:00;15.6;5;SOLEIL VOILÉ;4;32.4;0
Coutances;49.05;-1.44;16/09/2026;21:00;15;5;SOLEIL VOILÉ;4;27.7;0
Coutances;49.05;-1.44;16/09/2026;22:00;14.6;5;SOLEIL VOILÉ;4;23.0;0
Coutances;49.05;-1.44;16/09/2026;23:00;14.1;2;NUAGEUX;4;22.0;0
Coutances;49.05;-1.44;17/09/2026;00:00;14.1;2;NUAGEUX;4;21.6;0
Coutances;49.05;-1.44;17/09/2026;01:00;14.1;2;NUAGEUX;4;19.1;0
Coutances;49.05;-1.44;17/09/2026;02:00;14.1;5;SOLEIL VOILÉ;8;20.2;0
Coutances;49.05;-1.44;17/09/2026;03:00;14.1;5;SOLEIL VOILÉ;8;26.2;0
Coutances;49.05;-1.44;17/09/2026;04:00;14.1;5;SOLEIL VOILÉ;8;30.6;0
Coutances;49.05;-1.44;17/09/2026;05:00;14.7;2;NUAGEUX;8;30.8;0
Coutances;49.05;-1.44;17/09/2026;06:00;14.7;2;NUAGEUX;8;32.0;0
Coutances;49.05;-1.44;17/09/2026;07:00;14.7;2;NUAGEUX;8;34.2;0
Coutances;49.05;-1.44;17/09/2026;08:00;18.1;6;AVERSES;9;38.5;0
Coutances;49.05;-1.44;17/09/2026;09:00;18.1;6;AVERSES;9;43.9;0
Coutances;49.05;-1.44;17/09/2026;10:00;18.1;6;AVERSES;9;48.2;0
Coutances;49.05;-1.44;17/09/2026;11:00;18.6;6;AVERSES;9;50.0;0
Coutances;49.05;-1.44;17/09/2026;12:00;18.6;6;AVERSES;9;49.7;0
Coutances;49.05;-1.44;17/09/2026;13:00;18.6;6;AVERSES;9;56.2;0
Coutances;49.05;-1.44;17/09/2026;14:00;18.7;6;AVERSES;9;55.4;0
Coutances;49.05;-1.44;17/09/2026;15:00;18.7;6;AVERSES;9;51.5;0
Coutances;49.05;-1.44;17/09/2026;16:00;18.7;6;AVERSES;9;48.6;0
Coutances;49.05;-1.44;17/09/2026;17:00;17.1;0;SOLEIL;8;48.2;0
Coutances;49.05;-1.44;17/09/2026;18:00;17.1;0;SOLEIL;8;43.9;0
Coutances;49.05;-1.44;17/09/2026;19:00;17.1;0;SOLEIL;8;39.2;0
Coutances;49.05;-1.44;17/09/2026;20:00;15.4;0;SOLEIL;8;33.8;0
Coutances;49.05;-1.44;17/09/2026;21:00;15.4;0;SOLEIL;8;29.9;0
Coutances;49.05;-1.44;17/09/2026;22:00;15.4;0;SOLEIL;8;26.6;0
Coutances;49.05;-1.44;17/09/2026;23:00;14.4;0;SOLEIL;6;27.0;0
Coutances;49.05;-1.44;18/09/2026;00:00;14.4;0;SOLEIL;6;27.0;0
Coutances;49.05;-1.44;18/09/2026;01:00;14.4;0;SOLEIL;6;24.5;0
Coutances;49.05;-1.44;18/09/2026;02:00;12.6;0;SOLEIL;6;23.8;0
Coutances;49.05;-1.44;18/09/2026;03:00;12.6;0;SOLEIL;6;22.7;0
Coutances;49.05;-1.44;18/09/2026;04:00;12.6;0;SOLEIL;6;22.7;0
Coutances;49.05;-1.44;18/09/2026;05:00;12.2;2;NUAGEUX;6;20.9;0
Coutances;49.05;-1.44;18/09/2026;06:00;12.2;2;NUAGEUX;6;16.9;0
Coutances;49.05;-1.44;18/09/2026;07:00;12.2;2;NUAGEUX;6;17.6;0
Coutances;49.05;-1.44;18/09/2026;08:00;17.6;2;NUAGEUX;6;17.3;0
Coutances;49.05;-1.44;18/09/2026;09:00;17.6;2;NUAGEUX;6;20.5;0
Coutances;49.05;-1.44;18/09/2026;10:00;17.6;2;NUAGEUX;6;25.9;0
Coutances;49.05;-1.44;18/09/2026;11:00;19.4;2;NUAGEUX;7;31.0;0
Coutances;49.05;-1.44;18/09/2026;12:00;19.4;2;NUAGEUX;7;36.0;0
Coutances;49.05;-1.44;18/09/2026;13:00;19.4;2;NUAGEUX;7;40.7;0
Coutances;49.05;-1.44;18/09/2026;14:00;18.5;2;NUAGEUX;8;44.3;0
Coutances;49.05;-1.44;18/09/2026;15:00;18.5;2;NUAGEUX;8;46.1;0
Coutances;49.05;-1.44;18/09/2026;16:00;18.5;2;NUAGEUX;8;46.8;0
Coutances;49.05;-1.44;18/09/2026;17:00;16.6;2;NUAGEUX;8;45.7;0
Coutances;49.05;-1.44;18/09/2026;18:00;16.6;2;NUAGEUX;8;42.1;0
Coutances;49.05;-1.44;18/09/2026;19:00;16.6;2;NUAGEUX;8;37.1;0
Coutances;49.05;-1.44;18/09/2026;20:00;15.5;2;NUAGEUX;5;34.2;0
Coutances;49.05;-1.44;18/09/2026;21:00;14.6;2;NUAGEUX;5;36.0;0
Coutances;49.05;-1.44;18/09/2026;22:00;13.7;2;NUAGEUX;5;40.0;0
Coutances;49.05;-1.44;18/09/2026;23:00;16;6;AVERSES;10;42.8;0
Coutances;49.05;-1.44;19/09/2026;00:00;16;6;AVERSES;10;42.5;0
Coutances;49.05;-1.44;19/09/2026;01:00;16;6;AVERSES;10;41.0;0
Coutances;49.05;-1.44;19/09/2026;02:00;16.1;7;PLUIE FAIBLE;5;40.0;0
Coutances;49.05;-1.44;19/09/2026;03:00;16.1;7;PLUIE FAIBLE;5;40.7;0
Coutances;49.05;-1.44;19/09/2026;04:00;16.1;7;PLUIE FAIBLE;5;41.8;0
Coutances;49.05;-1.44;19/09/2026;05:00;17.6;7;PLUIE FAIBLE;9;42.5;0
Coutances;49.05;-1.44;19/09/2026;06:00;17.6;7;PLUIE FAIBLE;9;41.8;0
Coutances;49.05;-1.44;19/09/2026;07:00;17.6;7;PLUIE FAIBLE;9;40.3;0
Coutances;49.05;-1.44;19/09/2026;08:00;17.1;7;PLUIE FAIBLE;5;40.0;0
Coutances;49.05;-1.44;19/09/2026;09:00;17.6;7;PLUIE FAIBLE;5;41.0;0
Coutances;49.05;-1.44;19/09/2026;10:00;18.1;7;PLUIE FAIBLE;5;43.2;0
Coutances;49.05;-1.44;19/09/2026;11:00;20.1;7;PLUIE FAIBLE;9;45.0;0
Coutances;49.05;-1.44;19/09/2026;12:00;20.1;7;PLUIE FAIBLE;9;46.8;0
Coutances;49.05;-1.44;19/09/2026;13:00;20.1;7;PLUIE FAIBLE;9;48.2;0
Coutances;49.05;-1.44;19/09/2026;14:00;20.2;7;PLUIE FAIBLE;5;49.0;0
Coutances;49.05;-1.44;19/09/2026;15:00;20.7;7;PLUIE FAIBLE;5;48.6;0
Coutances;49.05;-1.44;19/09/2026;16:00;20.2;7;PLUIE FAIBLE;5;47.2;0
Coutances;49.05;-1.44;19/09/2026;17:00;18.2;7;PLUIE FAIBLE;9;46.1;0
Coutances;49.05;-1.44;19/09/2026;18:00;18.2;7;PLUIE FAIBLE;9;45.4;0
Coutances;49.05;-1.44;19/09/2026;19:00;18.2;7;PLUIE FAIBLE;9;44.6;0
Coutances;49.05;-1.44;19/09/2026;20:00;18.1;7;PLUIE FAIBLE;5;43.2;0
Coutances;49.05;-1.44;19/09/2026;21:00;17.6;7;PLUIE FAIBLE;5;40.7;0
Coutances;49.05;-1.44;19/09/2026;22:00;17.1;7;PLUIE FAIBLE;5;37.8;0
Coutances;49.05;-1.44;19/09/2026;23:00;16.7;7;PLUIE FAIBLE;9;36.0;0
Coutances;49.05;-1.44;20/09/2026;00:00;16.7;7;PLUIE FAIBLE;9;36.9;0
Coutances;49.05;-1.44;20/09/2026;01:00;16.7;7;PLUIE FAIBLE;9;38.7;0
Coutances;49.05;-1.44;20/09/2026;02:00;14.5;2;NUAGEUX;5;39.8;0
Coutances;49.05;-1.44;20/09/2026;03:00;14.5;2;NUAGEUX;5;40.0;0
Coutances;49.05;-1.44;20/09/2026;04:00;14.5;2;NUAGEUX;5;39.6;0
Coutances;49.05;-1.44;20/09/2026;05:00;15.2;2;NUAGEUX;8;39.2;0
Coutances;49.05;-1.44;20/09/2026;06:00;15.2;2;NUAGEUX;8;38.2;0
Coutances;49.05;-1.44;20/09/2026;07:00;15.2;2;NUAGEUX;8;36.7;0
Coutances;49.05;-1.44;20/09/2026;08:00;15.8;2;NUAGEUX;5;35.6;0
Coutances;49.05;-1.44;20/09/2026;09:00;16.5;2;NUAGEUX;5;35.6;0
Coutances;49.05;-1.44;20/09/2026;10:00;17.2;2;NUAGEUX;5;36.4;0
Coutances;49.05;-1.44;20/09/2026;11:00;20.1;7;PLUIE FAIBLE;7;37.1;0
Coutances;49.05;-1.44;20/09/2026;12:00;20.1;7;PLUIE FAIBLE;7;38.2;0
Coutances;49.05;-1.44;20/09/2026;13:00;20.1;7;PLUIE FAIBLE;7;40.0;0
Coutances;49.05;-1.44;20/09/2026;14:00;19.8;2;NUAGEUX;5;41.0;0
Coutances;49.05;-1.44;20/09/2026;15:00;20.5;2;NUAGEUX;5;42.1;0
Coutances;49.05;-1.44;20/09/2026;16:00;19.8;2;NUAGEUX;5;42.8;0
Coutances;49.05;-1.44;20/09/2026;17:00;17.7;2;NUAGEUX;7;42.1;0
Coutances;49.05;-1.44;20/09/2026;18:00;17.7;2;NUAGEUX;7;39.2;0
Coutances;49.05;-1.44;20/09/2026;19:00;17.7;2;NUAGEUX;7;35.3;0
Coutances;49.05;-1.44;20/09/2026;20:00;17.2;2;NUAGEUX;5;32.0;0
Coutances;49.05;-1.44;20/09/2026;21:00;16.5;2;NUAGEUX;5;30.2;0
Coutances;49.05;-1.44;20/09/2026;22:00;15.8;2;NUAGEUX;5;28.8;0
Coutances;49.05;-1.44;20/09/2026;23:00;14.5;0;SOLEIL;6;28.1;0
Saint-Lô;49.11;-1.09;16/09/2026;00:00;15.9;0;SOLEIL;4;19.4;0
Saint-Lô;49.11;-1.09;16/09/2026;01:00;15.2;0;SOLEIL;3;19.4;0
Saint-Lô;49.11;-1.09;16/09/2026;02:00;14.8;0;SOLEIL;3;17.3;0
Saint-Lô;49.11;-1.09;16/09/2026;03:00;14.1;0;SOLEIL;2;15.5;0
Saint-Lô;49.11;-1.09;16/09/2026;04:00;14.1;0;SOLEIL;2;12.2;0
Saint-Lô;49.11;-1.09;16/09/2026;05:00;13.9;0;SOLEIL;2;10.8;0
Saint-Lô;49.11;-1.09;16/09/2026;06:00;12.9;0;SOLEIL;2;10.8;0
Saint-Lô;49.11;-1.09;16/09/2026;07:00;15.2;6;AVERSES;2;9.4;1.1
Saint-Lô;49.11;-1.09;16/09/2026;08:00;16.6;0;SOLEIL;3;10.1;0
Saint-Lô;49.11;-1.09;16/09/2026;09:00;17.7;2;NUAGEUX;4;9.7;0
Saint-Lô;49.11;-1.09;16/09/2026;10:00;18.6;2;NUAGEUX;4;18.0;0
Saint-Lô;49.11;-1.09;16/09/2026;11:00;18.6;2;NUAGEUX;5;23.8;0
Saint-Lô;49.11;-1.09;16/09/2026;12:00;19.2;2;NUAGEUX;6;25.9;0
Saint-Lô;49.11;-1.09;16/09/2026;13:00;19.4;2;NUAGEUX;6;29.2;0
Saint-Lô;49.11;-1.09;16/09/2026;14:00;19;2;NUAGEUX;6;30.2;0
Saint-Lô;49.11;-1.09;16/09/2026;15:00;18.6;2;NUAGEUX;5;33.1;0
Saint-Lô;49.11;-1.09;16/09/2026;16:00;18;2;NUAGEUX;5;34.6;0
Saint-Lô;49.11;-1.09;16/09/2026;17:00;17.4;2;NUAGEUX;5;34.6;0
Saint-Lô;49.11;-1.09;16/09/2026;18:00;16.6;0;SOLEIL;4;31.3;0
Saint-Lô;49.11;-1.09;16/09/2026;19:00;16;0;SOLEIL;4;27.7;0
Saint-Lô;49.11;-1.09;16/09/2026;20:00;15.4;5;SOLEIL VOILÉ;4;25.9;0
Saint-Lô;49.11;-1.09;16/09/2026;21:00;15.1;5;SOLEIL VOILÉ;4;19.8;0
Saint-Lô;49.11;-1.09;16/09/2026;22:00;15.1;5;SOLEIL VOILÉ;4;13.0;0
Saint-Lô;49.11;-1.09;16/09/2026;23:00;14.9;2;NUAGEUX;4;13.0;0
Saint-Lô;49.11;-1.09;17/09/2026;00:00;15.2;2;NUAGEUX;4;14.0;0
Saint-Lô;49.11;-1.09;17/09/2026;01:00;15.2;2;NUAGEUX;4;14.0;0
Saint-Lô;49.11;-1.09;17/09/2026;02:00;15.6;5;SOLEIL VOILÉ;6;12.6;0
Saint-Lô;49.11;-1.09;17/09/2026;03:00;15.6;5;SOLEIL VOILÉ;6;16.4;0
Saint-Lô;49.11;-1.09;17/09/2026;04:00;15.6;5;SOLEIL VOILÉ;6;27.5;0
Saint-Lô;49.11;-1.09;17/09/2026;05:00;15.7;6;AVERSES;6;31.6;0
Saint-Lô;49.11;-1.09;17/09/2026;06:00;15.7;6;AVERSES;6;36.0;0
Saint-Lô;49.11;-1.09;17/09/2026;07:00;15.7;6;AVERSES;6;36.0;0
Saint-Lô;49.11;-1.09;17/09/2026;08:00;17;2;NUAGEUX;7;31.7;0
Saint-Lô;49.11;-1.09;17/09/2026;09:00;17;2;NUAGEUX;7;36.4;0
Saint-Lô;49.11;-1.09;17/09/2026;10:00;17;2;NUAGEUX;7;37.4;0
Saint-Lô;49.11;-1.09;17/09/2026;11:00;17.9;6;AVERSES;7;41.4;0
Saint-Lô;49.11;-1.09;17/09/2026;12:00;17.9;6;AVERSES;7;40.7;0
Saint-Lô;49.11;-1.09;17/09/2026;13:00;17.9;6;AVERSES;7;42.1;0
Saint-Lô;49.11;-1.09;17/09/2026;14:00;18.4;6;AVERSES;6;55.1;0
Saint-Lô;49.11;-1.09;17/09/2026;15:00;18.4;6;AVERSES;6;51.8;0
Saint-Lô;49.11;-1.09;17/09/2026;16:00;18.4;6;AVERSES;6;47.9;0
Saint-Lô;49.11;-1.09;17/09/2026;17:00;16.6;0;SOLEIL;5;46.4;0
Saint-Lô;49.11;-1.09;17/09/2026;18:00;16.6;0;SOLEIL;5;37.4;0
Saint-Lô;49.11;-1.09;17/09/2026;19:00;16.6;0;SOLEIL;5;36.7;0
Saint-Lô;49.11;-1.09;17/09/2026;20:00;14.9;0;SOLEIL;5;28.1;0
Saint-Lô;49.11;-1.09;17/09/2026;21:00;14.9;0;SOLEIL;5;20.9;0
Saint-Lô;49.11;-1.09;17/09/2026;22:00;14.9;0;SOLEIL;5;21.2;0
Saint-Lô;49.11;-1.09;17/09/2026;23:00;14.2;0;SOLEIL;4;20.9;0
Saint-Lô;49.11;-1.09;18/09/2026;00:00;14.2;0;SOLEIL;4;19.4;0
Saint-Lô;49.11;-1.09;18/09/2026;01:00;14.2;0;SOLEIL;4;16.6;0
Saint-Lô;49.11;-1.09;18/09/2026;02:00;13.1;0;SOLEIL;4;15.1;0
Saint-Lô;49.11;-1.09;18/09/2026;03:00;13.1;0;SOLEIL;4;15.8;0
Saint-Lô;49.11;-1.09;18/09/2026;04:00;13.1;0;SOLEIL;4;16.9;0
Saint-Lô;49.11;-1.09;18/09/2026;05:00;13.6;2;NUAGEUX;4;16.9;0
Saint-Lô;49.11;-1.09;18/09/2026;06:00;13.6;2;NUAGEUX;4;14.4;0
Saint-Lô;49.11;-1.09;18/09/2026;07:00;13.6;2;NUAGEUX;4;13.0;0
Saint-Lô;49.11;-1.09;18/09/2026;08:00;18;2;NUAGEUX;5;13.3;0
Saint-Lô;49.11;-1.09;18/09/2026;09:00;18;2;NUAGEUX;5;17.3;0
Saint-Lô;49.11;-1.09;18/09/2026;10:00;18;2;NUAGEUX;5;23.0;0
Saint-Lô;49.11;-1.09;18/09/2026;11:00;19.4;2;NUAGEUX;6;28.4;0
Saint-Lô;49.11;-1.09;18/09/2026;12:00;19.4;2;NUAGEUX;6;32.0;0
Saint-Lô;49.11;-1.09;18/09/2026;13:00;19.4;2;NUAGEUX;6;34.9;0
Saint-Lô;49.11;-1.09;18/09/2026;14:00;20.1;5;SOLEIL VOILÉ;5;37.1;0
Saint-Lô;49.11;-1.09;18/09/2026;15:00;20.1;5;SOLEIL VOILÉ;5;38.5;0
Saint-Lô;49.11;-1.09;18/09/2026;16:00;20.1;5;SOLEIL VOILÉ;5;38.9;0
Saint-Lô;49.11;-1.09;18/09/2026;17:00;18.6;2;NUAGEUX;4;38.2;0
Saint-Lô;49.11;-1.09;18/09/2026;18:00;18.6;2;NUAGEUX;4;34.9;0
Saint-Lô;49.11;-1.09;18/09/2026;19:00;18.6;2;NUAGEUX;4;29.9;0
Saint-Lô;49.11;-1.09;18/09/2026;20:00;16.1;2;NUAGEUX;5;26.3;0
Saint-Lô;49.11;-1.09;18/09/2026;21:00;15.2;2;NUAGEUX;5;24.8;0
Saint-Lô;49.11;-1.09;18/09/2026;22:00;14.4;2;NUAGEUX;5;24.8;0
Saint-Lô;49.11;-1.09;18/09/2026;23:00;17.7;2;NUAGEUX;6;25.6;0
Saint-Lô;49.11;-1.09;19/09/2026;00:00;17.7;2;NUAGEUX;6;27.0;0
Saint-Lô;49.11;-1.09;19/09/2026;01:00;17.7;2;NUAGEUX;6;28.8;0
Saint-Lô;49.11;-1.09;19/09/2026;02:00;15.6;6;AVERSES;5;30.2;0
Saint-Lô;49.11;-1.09;19/09/2026;03:00;15.6;6;AVERSES;5;30.6;0
Saint-Lô;49.11;-1.09;19/09/2026;04:00;15.6;6;AVERSES;5;30.6;0
Saint-Lô;49.11;-1.09;19/09/2026;05:00;16.6;7;PLUIE FAIBLE;6;31.0;0
Saint-Lô;49.11;-1.09;19/09/2026;06:00;16.6;7;PLUIE FAIBLE;6;32.4;0
Saint-Lô;49.11;-1.09;19/09/2026;07:00;16.6;7;PLUIE FAIBLE;6;34.2;0
Saint-Lô;49.11;-1.09;19/09/2026;08:00;16.8;6;AVERSES;5;35.3;0
Saint-Lô;49.11;-1.09;19/09/2026;09:00;17.5;6;AVERSES;5;35.3;0
Saint-Lô;49.11;-1.09;19/09/2026;10:00;18.1;6;AVERSES;5;34.6;0
Saint-Lô;49.11;-1.09;19/09/2026;11:00;20.1;6;AVERSES;7;34.9;0
Saint-Lô;49.11;-1.09;19/09/2026;12:00;20.1;6;AVERSES;7;38.2;0
Saint-Lô;49.11;-1.09;19/09/2026;13:00;20.1;6;AVERSES;7;42.5;0
Saint-Lô;49.11;-1.09;19/09/2026;14:00;20.6;6;AVERSES;5;44.6;0
Saint-Lô;49.11;-1.09;19/09/2026;15:00;21.2;6;AVERSES;5;42.1;0
Saint-Lô;49.11;-1.09;19/09/2026;16:00;20.6;6;AVERSES;5;37.1;0
Saint-Lô;49.11;-1.09;19/09/2026;17:00;18.5;6;AVERSES;5;32.8;0
Saint-Lô;49.11;-1.09;19/09/2026;18:00;18.5;6;AVERSES;5;29.5;0
Saint-Lô;49.11;-1.09;19/09/2026;19:00;18.5;6;AVERSES;5;27.0;0
Saint-Lô;49.11;-1.09;19/09/2026;20:00;18.1;6;AVERSES;5;24.8;0
Saint-Lô;49.11;-1.09;19/09/2026;21:00;17.5;6;AVERSES;5;22.7;0
Saint-Lô;49.11;-1.09;19/09/2026;22:00;16.8;6;AVERSES;5;21.2;0
Saint-Lô;49.11;-1.09;19/09/2026;23:00;16.6;7;PLUIE FAIBLE;5;20.5;0
Saint-Lô;49.11;-1.09;20/09/2026;00:00;16.6;7;PLUIE FAIBLE;5;21.8;0
Saint-Lô;49.11;-1.09;20/09/2026;01:00;16.6;7;PLUIE FAIBLE;5;24.1;0
Saint-Lô;49.11;-1.09;20/09/2026;02:00;15;6;AVERSES;5;26.3;0
Saint-Lô;49.11;-1.09;20/09/2026;03:00;15;6;AVERSES;5;29.2;0
Saint-Lô;49.11;-1.09;20/09/2026;04:00;15;6;AVERSES;5;31.0;0
Saint-Lô;49.11;-1.09;20/09/2026;05:00;15.6;7;PLUIE FAIBLE;4;32.0;0
Saint-Lô;49.11;-1.09;20/09/2026;06:00;15.6;7;PLUIE FAIBLE;4;31.0;0
Saint-Lô;49.11;-1.09;20/09/2026;07:00;15.6;7;PLUIE FAIBLE;4;28.8;0
Saint-Lô;49.11;-1.09;20/09/2026;08:00;16.2;6;AVERSES;5;27.7;0
Saint-Lô;49.11;-1.09;20/09/2026;09:00;16.9;6;AVERSES;5;28.8;0
Saint-Lô;49.11;-1.09;20/09/2026;10:00;17.5;6;AVERSES;5;30.6;0
Saint-Lô;49.11;-1.09;20/09/2026;11:00;20.1;6;AVERSES;5;32.0;0
Saint-Lô;49.11;-1.09;20/09/2026;12:00;20.1;6;AVERSES;5;32.4;0
Saint-Lô;49.11;-1.09;20/09/2026;13:00;20.1;6;AVERSES;5;32.0;0
Saint-Lô;49.11;-1.09;20/09/2026;14:00;20.0;6;AVERSES;5;31.7;0
Saint-Lô;49.11;-1.09;20/09/2026;15:00;20.6;6;AVERSES;5;31.3;0
Saint-Lô;49.11;-1.09;20/09/2026;16:00;20.0;6;AVERSES;5;31.0;0
Saint-Lô;49.11;-1.09;20/09/2026;17:00;17.9;2;NUAGEUX;4;29.9;0
Saint-Lô;49.11;-1.09;20/09/2026;18:00;17.9;2;NUAGEUX;4;27.7;0
Saint-Lô;49.11;-1.09;20/09/2026;19:00;17.9;2;NUAGEUX;4;24.5;0
Saint-Lô;49.11;-1.09;20/09/2026;20:00;17.5;6;AVERSES;5;21.6;0
Saint-Lô;49.11;-1.09;20/09/2026;21:00;16.9;6;AVERSES;5;18.4;0
Saint-Lô;49.11;-1.09;20/09/2026;22:00;16.2;6;AVERSES;5;14.8;0
Saint-Lô;49.11;-1.09;20/09/2026;23:00;14.1;0;SOLEIL;3;12.6;0
Alençon;48.43;0.09;16/09/2026;00:00;14;0;SOLEIL;3;14.4;0
Alençon;48.43;0.09;16/09/2026;01:00;13.7;0;SOLEIL;3;13.0;0
Alençon;48.43;0.09;16/09/2026;02:00;13.4;0;SOLEIL;2;12.2;0
Alençon;48.43;0.09;16/09/2026;03:00;12.6;0;SOLEIL;2;10.8;0
Alençon;48.43;0.09;16/09/2026;04:00;12.6;0;SOLEIL;2;9.7;0
Alençon;48.43;0.09;16/09/2026;05:00;12.7;0;SOLEIL;2;7.6;0
Alençon;48.43;0.09;16/09/2026;06:00;12.2;0;SOLEIL;2;5.4;0
Alençon;48.43;0.09;16/09/2026;07:00;14.6;0;SOLEIL;2;4.0;0
Alençon;48.43;0.09;16/09/2026;08:00;16.6;0;SOLEIL;3;3.2;0
Alençon;48.43;0.09;16/09/2026;09:00;17.9;2;NUAGEUX;4;4.0;0
Alençon;48.43;0.09;16/09/2026;10:00;19.3;2;NUAGEUX;4;13.0;0
Alençon;48.43;0.09;16/09/2026;11:00;19.6;6;AVERSES;4;25.2;0.9
Alençon;48.43;0.09;16/09/2026;12:00;19.9;6;AVERSES;4;25.9;0.3
Alençon;48.43;0.09;16/09/2026;13:00;20.5;6;AVERSES;5;26.3;0.4
Alençon;48.43;0.09;16/09/2026;14:00;19.6;2;NUAGEUX;5;28.4;0
Alençon;48.43;0.09;16/09/2026;15:00;19.4;2;NUAGEUX;5;31.3;0
Alençon;48.43;0.09;16/09/2026;16:00;18.9;0;SOLEIL;5;34.2;0
Alençon;48.43;0.09;16/09/2026;17:00;18;0;SOLEIL;5;37.4;0
Alençon;48.43;0.09;16/09/2026;18:00;16.9;0;SOLEIL;4;37.1;0
Alençon;48.43;0.09;16/09/2026;19:00;15.4;0;SOLEIL;3;33.8;0
Alençon;48.43;0.09;16/09/2026;20:00;14.1;5;SOLEIL VOILÉ;3;32.0;0
Alençon;48.43;0.09;16/09/2026;21:00;13.1;5;SOLEIL VOILÉ;2;22.3;0
Alençon;48.43;0.09;16/09/2026;22:00;12.7;5;SOLEIL VOILÉ;2;9.7;0
Alençon;48.43;0.09;16/09/2026;23:00;12.7;2;NUAGEUX;3;6.8;0
Alençon;48.43;0.09;17/09/2026;00:00;12.7;2;NUAGEUX;2;5.8;0
Alençon;48.43;0.09;17/09/2026;01:00;12.7;2;NUAGEUX;2;6.8;0
Alençon;48.43;0.09;17/09/2026;02:00;12.6;2;NUAGEUX;4;7.9;0
Alençon;48.43;0.09;17/09/2026;03:00;12.6;2;NUAGEUX;4;9.5;0
Alençon;48.43;0.09;17/09/2026;04:00;12.6;2;NUAGEUX;4;11.0;0
Alençon;48.43;0.09;17/09/2026;05:00;14.4;2;NUAGEUX;5;17.1;0
Alençon;48.43;0.09;17/09/2026;06:00;14.4;2;NUAGEUX;5;19.1;0
Alençon;48.43;0.09;17/09/2026;07:00;14.4;2;NUAGEUX;5;24.1;0
Alençon;48.43;0.09;17/09/2026;08:00;17.5;2;NUAGEUX;6;26.3;0
Alençon;48.43;0.09;17/09/2026;09:00;17.5;2;NUAGEUX;6;31.0;0
Alençon;48.43;0.09;17/09/2026;10:00;17.5;2;NUAGEUX;6;37.4;0
Alençon;48.43;0.09;17/09/2026;11:00;18.9;6;AVERSES;7;40.0;0
Alençon;48.43;0.09;17/09/2026;12:00;18.9;6;AVERSES;7;41.0;0
Alençon;48.43;0.09;17/09/2026;13:00;18.9;6;AVERSES;7;42.1;0
Alençon;48.43;0.09;17/09/2026;14:00;18.4;6;AVERSES;6;48.2;0
Alençon;48.43;0.09;17/09/2026;15:00;18.4;6;AVERSES;6;53.6;0
Alençon;48.43;0.09;17/09/2026;16:00;18.4;6;AVERSES;6;54.4;0
Alençon;48.43;0.09;17/09/2026;17:00;16.1;0;SOLEIL;5;46.4;0
Alençon;48.43;0.09;17/09/2026;18:00;16.1;0;SOLEIL;5;36.0;0
Alençon;48.43;0.09;17/09/2026;19:00;16.1;0;SOLEIL;5;35.6;0
Alençon;48.43;0.09;17/09/2026;20:00;13.1;0;SOLEIL;3;32.0;0
Alençon;48.43;0.09;17/09/2026;21:00;13.1;0;SOLEIL;3;17.6;0
Alençon;48.43;0.09;17/09/2026;22:00;13.1;0;SOLEIL;3;13.0;0
Alençon;48.43;0.09;17/09/2026;23:00;12.4;0;SOLEIL;3;11.9;0
Alençon;48.43;0.09;18/09/2026;00:00;12.4;0;SOLEIL;3;10.8;0
Alençon;48.43;0.09;18/09/2026;01:00;12.4;0;SOLEIL;3;9.0;0
Alençon;48.43;0.09;18/09/2026;02:00;10.6;0;SOLEIL;3;9.4;0
Alençon;48.43;0.09;18/09/2026;03:00;10.6;0;SOLEIL;3;9.4;0
Alençon;48.43;0.09;18/09/2026;04:00;10.6;0;SOLEIL;3;9.0;0
Alençon;48.43;0.09;18/09/2026;05:00;10.1;0;SOLEIL;3;8.6;0
Alençon;48.43;0.09;18/09/2026;06:00;10.1;0;SOLEIL;3;8.3;0
Alençon;48.43;0.09;18/09/2026;07:00;10.1;0;SOLEIL;3;9.0;0
Alençon;48.43;0.09;18/09/2026;08:00;17.2;2;NUAGEUX;3;8.3;0
Alençon;48.43;0.09;18/09/2026;09:00;17.2;2;NUAGEUX;3;10.4;0
Alençon;48.43;0.09;18/09/2026;10:00;17.2;2;NUAGEUX;3;13.7;0
Alençon;48.43;0.09;18/09/2026;11:00;20.2;2;NUAGEUX;6;17.6;0
Alençon;48.43;0.09;18/09/2026;12:00;20.2;2;NUAGEUX;6;23.4;0
Alençon;48.43;0.09;18/09/2026;13:00;20.2;2;NUAGEUX;6;29.9;0
Alençon;48.43;0.09;18/09/2026;14:00;20.2;5;SOLEIL VOILÉ;6;34.9;0
Alençon;48.43;0.09;18/09/2026;15:00;20.2;5;SOLEIL VOILÉ;6;38.2;0
Alençon;48.43;0.09;18/09/2026;16:00;20.2;5;SOLEIL VOILÉ;6;40.3;0
Alençon;48.43;0.09;18/09/2026;17:00;17.9;2;NUAGEUX;4;40.0;0
Alençon;48.43;0.09;18/09/2026;18:00;17.9;2;NUAGEUX;4;36.4;0
Alençon;48.43;0.09;18/09/2026;19:00;17.9;2;NUAGEUX;4;30.2;0
Alençon;48.43;0.09;18/09/2026;20:00;14.7;2;NUAGEUX;5;24.8;0
Alençon;48.43;0.09;18/09/2026;21:00;13.4;2;NUAGEUX;5;20.5;0
Alençon;48.43;0.09;18/09/2026;22:00;12.2;2;NUAGEUX;5;16.9;0
Alençon;48.43;0.09;18/09/2026;23:00;16.4;2;NUAGEUX;6;15.5;0
Alençon;48.43;0.09;19/09/2026;00:00;16.4;2;NUAGEUX;6;17.6;0
Alençon;48.43;0.09;19/09/2026;01:00;16.4;2;NUAGEUX;6;22.0;0
Alençon;48.43;0.09;19/09/2026;02:00;14.6;7;PLUIE FAIBLE;5;25.6;0
Alençon;48.43;0.09;19/09/2026;03:00;14.6;7;PLUIE FAIBLE;5;27.7;0
Alençon;48.43;0.09;19/09/2026;04:00;14.6;7;PLUIE FAIBLE;5;29.9;0
Alençon;48.43;0.09;19/09/2026;05:00;16.2;7;PLUIE FAIBLE;6;31.0;0
Alençon;48.43;0.09;19/09/2026;06:00;16.2;7;PLUIE FAIBLE;6;31.3;0
Alençon;48.43;0.09;19/09/2026;07:00;16.2;7;PLUIE FAIBLE;6;31.3;0
Alençon;48.43;0.09;19/09/2026;08:00;16.2;7;PLUIE FAIBLE;5;31.3;0
Alençon;48.43;0.09;19/09/2026;09:00;16.9;7;PLUIE FAIBLE;5;31.0;0
Alençon;48.43;0.09;19/09/2026;10:00;17.7;7;PLUIE FAIBLE;5;30.2;0
Alençon;48.43;0.09;19/09/2026;11:00;20.5;7;PLUIE FAIBLE;7;31.0;0
Alençon;48.43;0.09;19/09/2026;12:00;20.5;7;PLUIE FAIBLE;7;34.9;0
Alençon;48.43;0.09;19/09/2026;13:00;20.5;7;PLUIE FAIBLE;7;40.0;0
Alençon;48.43;0.09;19/09/2026;14:00;20.8;7;PLUIE FAIBLE;5;43.2;0
Alençon;48.43;0.09;19/09/2026;15:00;21.6;7;PLUIE FAIBLE;5;42.5;0
Alençon;48.43;0.09;19/09/2026;16:00;20.8;7;PLUIE FAIBLE;5;40.0;0
Alençon;48.43;0.09;19/09/2026;17:00;18.6;7;PLUIE FAIBLE;5;36.7;0
Alençon;48.43;0.09;19/09/2026;18:00;18.6;7;PLUIE FAIBLE;5;32.8;0
Alençon;48.43;0.09;19/09/2026;19:00;18.6;7;PLUIE FAIBLE;5;28.4;0
Alençon;48.43;0.09;19/09/2026;20:00;17.7;7;PLUIE FAIBLE;5;24.1;0
Alençon;48.43;0.09;19/09/2026;21:00;16.9;7;PLUIE FAIBLE;5;20.5;0
Alençon;48.43;0.09;19/09/2026;22:00;16.2;7;PLUIE FAIBLE;5;17.3;0
Alençon;48.43;0.09;19/09/2026;23:00;15.9;7;PLUIE FAIBLE;4;15.1;0
Alençon;48.43;0.09;20/09/2026;00:00;15.9;7;PLUIE FAIBLE;4;15.2;0
Alençon;48.43;0.09;20/09/2026;01:00;15.9;7;PLUIE FAIBLE;4;16.4;0
Alençon;48.43;0.09;20/09/2026;02:00;13.6;2;NUAGEUX;5;17.8;0
Alençon;48.43;0.09;20/09/2026;03:00;13.6;2;NUAGEUX;5;19.8;0
Alençon;48.43;0.09;20/09/2026;04:00;13.6;2;NUAGEUX;5;22.0;0
Alençon;48.43;0.09;20/09/2026;05:00;14.4;2;NUAGEUX;4;23.4;0
Alençon;48.43;0.09;20/09/2026;06:00;14.4;2;NUAGEUX;4;23.8;0
Alençon;48.43;0.09;20/09/2026;07:00;14.4;2;NUAGEUX;4;23.4;0
Alençon;48.43;0.09;20/09/2026;08:00;15.4;2;NUAGEUX;5;23.8;0
Alençon;48.43;0.09;20/09/2026;09:00;16.2;2;NUAGEUX;5;25.9;0
Alençon;48.43;0.09;20/09/2026;10:00;17.1;2;NUAGEUX;5;28.8;0
Alençon;48.43;0.09;20/09/2026;11:00;21;6;AVERSES;5;31.3;0
Alençon;48.43;0.09;20/09/2026;12:00;21;6;AVERSES;5;32.8;0
Alençon;48.43;0.09;20/09/2026;13:00;21;6;AVERSES;5;33.8;0
Alençon;48.43;0.09;20/09/2026;14:00;20.6;2;NUAGEUX;5;34.2;0
Alençon;48.43;0.09;20/09/2026;15:00;21.5;2;NUAGEUX;5;34.6;0
Alençon;48.43;0.09;20/09/2026;16:00;20.6;2;NUAGEUX;5;34.6;0
Alençon;48.43;0.09;20/09/2026;17:00;17.9;2;NUAGEUX;3;33.5;0
Alençon;48.43;0.09;20/09/2026;18:00;17.9;2;NUAGEUX;3;31.0;0
Alençon;48.43;0.09;20/09/2026;19:00;17.9;2;NUAGEUX;3;27.0;0
Alençon;48.43;0.09;20/09/2026;20:00;17.1;2;NUAGEUX;5;23.0;0
Alençon;48.43;0.09;20/09/2026;21:00;16.2;2;NUAGEUX;5;18.4;0
Alençon;48.43;0.09;20/09/2026;22:00;15.4;2;NUAGEUX;5;13.7;0
Alençon;48.43;0.09;20/09/2026;23:00;12.7;0;SOLEIL;3;10.1;0
Argentan;48.74;-0.02;16/09/2026;00:00;14.6;0;SOLEIL;3;24.8;0
Argentan;48.74;-0.02;16/09/2026;01:00;14.4;0;SOLEIL;3;19.8;0
Argentan;48.74;-0.02;16/09/2026;02:00;13.9;0;SOLEIL;3;17.3;0
Argentan;48.74;-0.02;16/09/2026;03:00;13.1;0;SOLEIL;3;17.6;0
Argentan;48.74;-0.02;16/09/2026;04:00;13;0;SOLEIL;3;17.6;0
Argentan;48.74;-0.02;16/09/2026;05:00;12.6;0;SOLEIL;3;17.3;0
Argentan;48.74;-0.02;16/09/2026;06:00;12.3;0;SOLEIL;3;13.3;0
Argentan;48.74;-0.02;16/09/2026;07:00;14.4;0;SOLEIL;3;11.5;0
Argentan;48.74;-0.02;16/09/2026;08:00;16.2;0;SOLEIL;3;10.1;0
Argentan;48.74;-0.02;16/09/2026;09:00;17.7;0;SOLEIL;4;11.5;0
Argentan;48.74;-0.02;16/09/2026;10:00;19.1;2;NUAGEUX;4;20.9;0
Argentan;48.74;-0.02;16/09/2026;11:00;20.1;2;NUAGEUX;4;27.0;0
Argentan;48.74;-0.02;16/09/2026;12:00;20.6;2;NUAGEUX;4;27.4;0
Argentan;48.74;-0.02;16/09/2026;13:00;21.3;2;NUAGEUX;4;27.7;0
Argentan;48.74;-0.02;16/09/2026;14:00;21.6;2;NUAGEUX;4;29.9;0
Argentan;48.74;-0.02;16/09/2026;15:00;21.4;2;NUAGEUX;4;31.7;0
Argentan;48.74;-0.02;16/09/2026;16:00;21.3;2;NUAGEUX;4;31.7;0
Argentan;48.74;-0.02;16/09/2026;17:00;20.8;0;SOLEIL;4;36.4;0
Argentan;48.74;-0.02;16/09/2026;18:00;20.1;0;SOLEIL;4;38.5;0
Argentan;48.74;-0.02;16/09/2026;19:00;18.9;0;SOLEIL;4;32.0;0
Argentan;48.74;-0.02;16/09/2026;20:00;17.1;0;SOLEIL;3;27.7;0
Argentan;48.74;-0.02;16/09/2026;21:00;15.6;0;SOLEIL;3;23.4;0
Argentan;48.74;-0.02;16/09/2026;22:00;14.3;0;SOLEIL;2;16.6;0
Argentan;48.74;-0.02;16/09/2026;23:00;13.4;5;SOLEIL VOILÉ;2;10.8;0
Argentan;48.74;-0.02;17/09/2026;00:00;13;5;SOLEIL VOILÉ;2;8.6;0
Argentan;48.74;-0.02;17/09/2026;01:00;13;5;SOLEIL VOILÉ;2;6.5;0
Argentan;48.74;-0.02;17/09/2026;02:00;12;5;SOLEIL VOILÉ;3;6.5;0
Argentan;48.74;-0.02;17/09/2026;03:00;12;5;SOLEIL VOILÉ;3;6.8;0
Argentan;48.74;-0.02;17/09/2026;04:00;12;5;SOLEIL VOILÉ;3;6.5;0
Argentan;48.74;-0.02;17/09/2026;05:00;11.5;5;SOLEIL VOILÉ;3;6.8;0
Argentan;48.74;-0.02;17/09/2026;06:00;11.5;5;SOLEIL VOILÉ;3;8.6;0
Argentan;48.74;-0.02;17/09/2026;07:00;11.5;5;SOLEIL VOILÉ;3;9.0;0
Argentan;48.74;-0.02;17/09/2026;08:00;17;5;SOLEIL VOILÉ;5;9.7;0
Argentan;48.74;-0.02;17/09/2026;09:00;17;5;SOLEIL VOILÉ;5;14.4;0
Argentan;48.74;-0.02;17/09/2026;10:00;17;5;SOLEIL VOILÉ;5;24.8;0
Argentan;48.74;-0.02;17/09/2026;11:00;19.6;2;NUAGEUX;6;32.0;0
Argentan;48.74;-0.02;17/09/2026;12:00;19.6;2;NUAGEUX;6;39.6;0
Argentan;48.74;-0.02;17/09/2026;13:00;19.6;2;NUAGEUX;6;38.5;0
Argentan;48.74;-0.02;17/09/2026;14:00;19.9;2;NUAGEUX;6;38.5;0
Argentan;48.74;-0.02;17/09/2026;15:00;19.9;2;NUAGEUX;6;38.2;0
Argentan;48.74;-0.02;17/09/2026;16:00;19.9;2;NUAGEUX;6;35.3;0
Argentan;48.74;-0.02;17/09/2026;17:00;17.7;6;AVERSES;4;38.9;0
Argentan;48.74;-0.02;17/09/2026;18:00;17.7;6;AVERSES;4;38.9;0
Argentan;48.74;-0.02;17/09/2026;19:00;17.7;6;AVERSES;4;33.1;0
Argentan;48.74;-0.02;17/09/2026;20:00;15.2;6;AVERSES;4;23.0;0
Argentan;48.74;-0.02;17/09/2026;21:00;15.2;6;AVERSES;4;19.8;0
Argentan;48.74;-0.02;17/09/2026;22:00;15.2;6;AVERSES;4;16.6;0
Argentan;48.74;-0.02;17/09/2026;23:00;12.6;0;SOLEIL;3;13.3;0
Argentan;48.74;-0.02;18/09/2026;00:00;12.6;0;SOLEIL;3;9.7;0
Argentan;48.74;-0.02;18/09/2026;01:00;12.6;0;SOLEIL;3;7.2;0
Argentan;48.74;-0.02;18/09/2026;02:00;11.4;0;SOLEIL;3;6.1;0
Argentan;48.74;-0.02;18/09/2026;03:00;11.4;0;SOLEIL;3;6.5;0
Argentan;48.74;-0.02;18/09/2026;04:00;11.4;0;SOLEIL;3;6.1;0
Argentan;48.74;-0.02;18/09/2026;05:00;10.4;0;SOLEIL;3;6.5;0
Argentan;48.74;-0.02;18/09/2026;06:00;10.4;0;SOLEIL;3;5.8;0
Argentan;48.74;-0.02;18/09/2026;07:00;10.4;0;SOLEIL;3;5.8;0
Argentan;48.74;-0.02;18/09/2026;08:00;15.4;0;SOLEIL;3;6.1;0
Argentan;48.74;-0.02;18/09/2026;09:00;15.4;0;SOLEIL;3;10.8;0
Argentan;48.74;-0.02;18/09/2026;10:00;15.4;0;SOLEIL;3;16.9;0
Argentan;48.74;-0.02;18/09/2026;11:00;19.1;2;NUAGEUX;4;22.0;0
Argentan;48.74;-0.02;18/09/2026;12:00;19.1;2;NUAGEUX;4;23.8;0
Argentan;48.74;-0.02;18/09/2026;13:00;19.1;2;NUAGEUX;4;24.1;0
Argentan;48.74;-0.02;18/09/2026;14:00;21;2;NUAGEUX;5;24.5;0
Argentan;48.74;-0.02;18/09/2026;15:00;21;2;NUAGEUX;5;25.2;0
Argentan;48.74;-0.02;18/09/2026;16:00;21;2;NUAGEUX;5;25.9;0
Argentan;48.74;-0.02;18/09/2026;17:00;19.7;2;NUAGEUX;4;25.9;0
Argentan;48.74;-0.02;18/09/2026;18:00;19.7;2;NUAGEUX;4;24.8;0
Argentan;48.74;-0.02;18/09/2026;19:00;19.7;2;NUAGEUX;4;23.0;0
Argentan;48.74;-0.02;18/09/2026;20:00;15.0;2;NUAGEUX;5;20.2;0
Argentan;48.74;-0.02;18/09/2026;21:00;13.6;2;NUAGEUX;5;15.5;0
Argentan;48.74;-0.02;18/09/2026;22:00;12.3;2;NUAGEUX;5;9.7;0
Argentan;48.74;-0.02;18/09/2026;23:00;16.6;0;SOLEIL;4;6.5;0
Argentan;48.74;-0.02;19/09/2026;00:00;16.6;0;SOLEIL;4;7.6;0
Argentan;48.74;-0.02;19/09/2026;01:00;16.6;0;SOLEIL;4;10.8;0
Argentan;48.74;-0.02;19/09/2026;02:00;13.6;7;PLUIE FAIBLE;5;13.7;0
Argentan;48.74;-0.02;19/09/2026;03:00;13.6;7;PLUIE FAIBLE;5;14.8;0
Argentan;48.74;-0.02;19/09/2026;04:00;13.6;7;PLUIE FAIBLE;5;15.5;0
Argentan;48.74;-0.02;19/09/2026;05:00;14.6;2;NUAGEUX;4;15.8;0
Argentan;48.74;-0.02;19/09/2026;06:00;14.6;2;NUAGEUX;4;15.5;0
Argentan;48.74;-0.02;19/09/2026;07:00;14.6;2;NUAGEUX;4;14.8;0
Argentan;48.74;-0.02;19/09/2026;08:00;15.8;7;PLUIE FAIBLE;5;15.1;0
Argentan;48.74;-0.02;19/09/2026;09:00;16.9;7;PLUIE FAIBLE;5;18.0;0
Argentan;48.74;-0.02;19/09/2026;10:00;18.0;7;PLUIE FAIBLE;5;22.3;0
Argentan;48.74;-0.02;19/09/2026;11:00;21.2;7;PLUIE FAIBLE;6;26.3;0
Argentan;48.74;-0.02;19/09/2026;12:00;21.2;7;PLUIE FAIBLE;6;29.2;0
Argentan;48.74;-0.02;19/09/2026;13:00;21.2;7;PLUIE FAIBLE;6;32.0;0
Argentan;48.74;-0.02;19/09/2026;14:00;22.5;7;PLUIE FAIBLE;5;33.8;0
Argentan;48.74;-0.02;19/09/2026;15:00;23.6;7;PLUIE FAIBLE;5;35.6;0
Argentan;48.74;-0.02;19/09/2026;16:00;22.5;7;PLUIE FAIBLE;5;36.4;0
Argentan;48.74;-0.02;19/09/2026;17:00;21.1;7;PLUIE FAIBLE;3;35.6;0
Argentan;48.74;-0.02;19/09/2026;18:00;21.1;7;PLUIE FAIBLE;3;31.7;0
Argentan;48.74;-0.02;19/09/2026;19:00;21.1;7;PLUIE FAIBLE;3;25.9;0
Argentan;48.74;-0.02;19/09/2026;20:00;18.0;7;PLUIE FAIBLE;5;20.9;0
Argentan;48.74;-0.02;19/09/2026;21:00;16.9;7;PLUIE FAIBLE;5;18.0;0
Argentan;48.74;-0.02;19/09/2026;22:00;15.8;7;PLUIE FAIBLE;5;16.2;0
Argentan;48.74;-0.02;19/09/2026;23:00;16.7;0;SOLEIL;3;14.4;0
Argentan;48.74;-0.02;20/09/2026;00:00;16.7;0;SOLEIL;3;12.9;0
Argentan;48.74;-0.02;20/09/2026;01:00;16.7;0;SOLEIL;3;11.9;0
Argentan;48.74;-0.02;20/09/2026;02:00;13.1;2;NUAGEUX;5;11.3;0
Argentan;48.74;-0.02;20/09/2026;03:00;13.1;2;NUAGEUX;5;12.6;0
Argentan;48.74;-0.02;20/09/2026;04:00;13.1;2;NUAGEUX;5;14.8;0
Argentan;48.74;-0.02;20/09/2026;05:00;13.9;2;NUAGEUX;3;15.8;0
Argentan;48.74;-0.02;20/09/2026;06:00;13.9;2;NUAGEUX;3;13.7;0
Argentan;48.74;-0.02;20/09/2026;07:00;13.9;2;NUAGEUX;3;10.1;0
Argentan;48.74;-0.02;20/09/2026;08:00;15.1;2;NUAGEUX;5;9.0;0
Argentan;48.74;-0.02;20/09/2026;09:00;16.1;2;NUAGEUX;5;13.3;0
Argentan;48.74;-0.02;20/09/2026;10:00;17.1;2;NUAGEUX;5;20.2;0
Argentan;48.74;-0.02;20/09/2026;11:00;21.2;2;NUAGEUX;5;24.5;0
Argentan;48.74;-0.02;20/09/2026;12:00;21.2;2;NUAGEUX;5;23.8;0
Argentan;48.74;-0.02;20/09/2026;13:00;21.2;2;NUAGEUX;5;20.9;0
Argentan;48.74;-0.02;20/09/2026;14:00;21.1;2;NUAGEUX;5;18.7;0
Argentan;48.74;-0.02;20/09/2026;15:00;22.1;2;NUAGEUX;5;18.4;0
Argentan;48.74;-0.02;20/09/2026;16:00;21.1;2;NUAGEUX;5;18.4;0
Argentan;48.74;-0.02;20/09/2026;17:00;20;2;NUAGEUX;4;18.4;0
Argentan;48.74;-0.02;20/09/2026;18:00;20;2;NUAGEUX;4;18.0;0
Argentan;48.74;-0.02;20/09/2026;19:00;20;2;NUAGEUX;4;17.3;0
Argentan;48.74;-0.02;20/09/2026;20:00;17.1;2;NUAGEUX;5;16.6;0
Argentan;48.74;-0.02;20/09/2026;21:00;16.1;2;NUAGEUX;5;15.1;0
Argentan;48.74;-0.02;20/09/2026;22:00;15.1;2;NUAGEUX;5;13.3;0
Argentan;48.74;-0.02;20/09/2026;23:00;14.1;0;SOLEIL;3;11.9;0
Domfront;48.59;-0.65;16/09/2026;00:00;14.2;0;SOLEIL;3;22.0;0
Domfront;48.59;-0.65;16/09/2026;01:00;13.6;0;SOLEIL;3;24.5;0
Domfront;48.59;-0.65;16/09/2026;02:00;13;0;SOLEIL;3;25.9;0
Domfront;48.59;-0.65;16/09/2026;03:00;12.6;0;SOLEIL;3;25.6;0
Domfront;48.59;-0.65;16/09/2026;04:00;11.9;0;SOLEIL;3;23.8;0
Domfront;48.59;-0.65;16/09/2026;05:00;11.1;0;SOLEIL;3;22.0;0
Domfront;48.59;-0.65;16/09/2026;06:00;11.9;0;SOLEIL;3;19.4;0
Domfront;48.59;-0.65;16/09/2026;07:00;13.6;0;SOLEIL;3;16.2;0
Domfront;48.59;-0.65;16/09/2026;08:00;16.1;0;SOLEIL;4;13.3;0
Domfront;48.59;-0.65;16/09/2026;09:00;17.1;2;NUAGEUX;5;14.8;0
Domfront;48.59;-0.65;16/09/2026;10:00;18.3;2;NUAGEUX;5;24.8;0
Domfront;48.59;-0.65;16/09/2026;11:00;19.4;2;NUAGEUX;5;31.0;0
Domfront;48.59;-0.65;16/09/2026;12:00;20.1;2;NUAGEUX;5;31.3;0
Domfront;48.59;-0.65;16/09/2026;13:00;20.1;2;NUAGEUX;4;31.0;0
Domfront;48.59;-0.65;16/09/2026;14:00;19.6;2;NUAGEUX;5;29.2;0
Domfront;48.59;-0.65;16/09/2026;15:00;19.9;2;NUAGEUX;5;31.7;0
Domfront;48.59;-0.65;16/09/2026;16:00;20.2;2;NUAGEUX;4;33.5;0
Domfront;48.59;-0.65;16/09/2026;17:00;19.5;2;NUAGEUX;4;34.2;0
Domfront;48.59;-0.65;16/09/2026;18:00;18.5;2;NUAGEUX;3;37.1;0
Domfront;48.59;-0.65;16/09/2026;19:00;17.1;0;SOLEIL;2;34.9;0
Domfront;48.59;-0.65;16/09/2026;20:00;15.9;0;SOLEIL;2;35.6;0
Domfront;48.59;-0.65;16/09/2026;21:00;14.8;0;SOLEIL;3;24.8;0
Domfront;48.59;-0.65;16/09/2026;22:00;13.8;0;SOLEIL;2;15.1;0
Domfront;48.59;-0.65;16/09/2026;23:00;13.1;5;SOLEIL VOILÉ;3;10.4;0
Domfront;48.59;-0.65;17/09/2026;00:00;12.7;5;SOLEIL VOILÉ;3;10.4;0
Domfront;48.59;-0.65;17/09/2026;01:00;12.7;5;SOLEIL VOILÉ;3;9.7;0
Domfront;48.59;-0.65;17/09/2026;02:00;11.9;5;SOLEIL VOILÉ;3;9.4;0
Domfront;48.59;-0.65;17/09/2026;03:00;11.9;5;SOLEIL VOILÉ;3;10.0;0
Domfront;48.59;-0.65;17/09/2026;04:00;11.9;5;SOLEIL VOILÉ;3;11.9;0
Domfront;48.59;-0.65;17/09/2026;05:00;12.4;5;SOLEIL VOILÉ;4;15.7;0
Domfront;48.59;-0.65;17/09/2026;06:00;12.4;5;SOLEIL VOILÉ;4;16.2;0
Domfront;48.59;-0.65;17/09/2026;07:00;12.4;5;SOLEIL VOILÉ;4;19.1;0
Domfront;48.59;-0.65;17/09/2026;08:00;16.4;2;NUAGEUX;5;21.6;0
Domfront;48.59;-0.65;17/09/2026;09:00;16.4;2;NUAGEUX;5;27.7;0
Domfront;48.59;-0.65;17/09/2026;10:00;16.4;2;NUAGEUX;5;32.8;0
Domfront;48.59;-0.65;17/09/2026;11:00;18.2;2;NUAGEUX;6;37.1;0
Domfront;48.59;-0.65;17/09/2026;12:00;18.2;2;NUAGEUX;6;40.3;0
Domfront;48.59;-0.65;17/09/2026;13:00;18.2;2;NUAGEUX;6;40.7;0
Domfront;48.59;-0.65;17/09/2026;14:00;19.1;6;AVERSES;6;40.7;0
Domfront;48.59;-0.65;17/09/2026;15:00;19.1;6;AVERSES;6;37.1;0
Domfront;48.59;-0.65;17/09/2026;16:00;19.1;6;AVERSES;6;46.1;0
Domfront;48.59;-0.65;17/09/2026;17:00;16.4;6;AVERSES;4;47.9;0
Domfront;48.59;-0.65;17/09/2026;18:00;16.4;6;AVERSES;4;44.6;0
Domfront;48.59;-0.65;17/09/2026;19:00;16.4;6;AVERSES;4;37.4;0
Domfront;48.59;-0.65;17/09/2026;20:00;13.5;0;SOLEIL;3;28.4;0
Domfront;48.59;-0.65;17/09/2026;21:00;13.5;0;SOLEIL;3;22.0;0
Domfront;48.59;-0.65;17/09/2026;22:00;13.5;0;SOLEIL;3;21.2;0
Domfront;48.59;-0.65;17/09/2026;23:00;11.6;0;SOLEIL;3;16.6;0
Domfront;48.59;-0.65;18/09/2026;00:00;11.6;0;SOLEIL;3;14.8;0
Domfront;48.59;-0.65;18/09/2026;01:00;11.6;0;SOLEIL;3;13.0;0
Domfront;48.59;-0.65;18/09/2026;02:00;10.1;0;SOLEIL;3;11.5;0
Domfront;48.59;-0.65;18/09/2026;03:00;10.1;0;SOLEIL;3;10.8;0
Domfront;48.59;-0.65;18/09/2026;04:00;10.1;0;SOLEIL;3;9.7;0
Domfront;48.59;-0.65;18/09/2026;05:00;10;0;SOLEIL;3;9.7;0
Domfront;48.59;-0.65;18/09/2026;06:00;10;0;SOLEIL;3;8.6;0
Domfront;48.59;-0.65;18/09/2026;07:00;10;0;SOLEIL;3;9.7;0
Domfront;48.59;-0.65;18/09/2026;08:00;15.6;0;SOLEIL;3;10.1;0
Domfront;48.59;-0.65;18/09/2026;09:00;15.6;0;SOLEIL;3;14.4;0
Domfront;48.59;-0.65;18/09/2026;10:00;15.6;0;SOLEIL;3;20.2;0
Domfront;48.59;-0.65;18/09/2026;11:00;18.9;2;NUAGEUX;4;24.5;0
Domfront;48.59;-0.65;18/09/2026;12:00;18.9;2;NUAGEUX;4;25.9;0
Domfront;48.59;-0.65;18/09/2026;13:00;18.9;2;NUAGEUX;4;26.3;0
Domfront;48.59;-0.65;18/09/2026;14:00;20.6;2;NUAGEUX;4;26.6;0
Domfront;48.59;-0.65;18/09/2026;15:00;20.6;2;NUAGEUX;4;28.4;0
Domfront;48.59;-0.65;18/09/2026;16:00;20.6;2;NUAGEUX;4;30.6;0
Domfront;48.59;-0.65;18/09/2026;17:00;18.6;2;NUAGEUX;4;31.3;0
Domfront;48.59;-0.65;18/09/2026;18:00;18.6;2;NUAGEUX;4;30.2;0
Domfront;48.59;-0.65;18/09/2026;19:00;18.6;2;NUAGEUX;4;28.1;0
Domfront;48.59;-0.65;18/09/2026;20:00;14.5;2;NUAGEUX;5;24.5;0
Domfront;48.59;-0.65;18/09/2026;21:00;13.2;2;NUAGEUX;5;18.7;0
Domfront;48.59;-0.65;18/09/2026;22:00;11.9;2;NUAGEUX;5;11.5;0
Domfront;48.59;-0.65;18/09/2026;23:00;16.2;2;NUAGEUX;4;7.6;0
Domfront;48.59;-0.65;19/09/2026;00:00;16.2;2;NUAGEUX;4;9.4;0
Domfront;48.59;-0.65;19/09/2026;01:00;16.2;2;NUAGEUX;4;14.4;0
Domfront;48.59;-0.65;19/09/2026;02:00;13.7;2;NUAGEUX;5;18.7;0
Domfront;48.59;-0.65;19/09/2026;03:00;13.7;2;NUAGEUX;5;20.2;0
Domfront;48.59;-0.65;19/09/2026;04:00;13.7;2;NUAGEUX;5;20.9;0
Domfront;48.59;-0.65;19/09/2026;05:00;14.9;2;NUAGEUX;4;21.6;0
Domfront;48.59;-0.65;19/09/2026;06:00;14.9;2;NUAGEUX;4;23.0;0
Domfront;48.59;-0.65;19/09/2026;07:00;14.9;2;NUAGEUX;4;24.5;0
Domfront;48.59;-0.65;19/09/2026;08:00;15.6;2;NUAGEUX;5;25.9;0
Domfront;48.59;-0.65;19/09/2026;09:00;16.6;2;NUAGEUX;5;27.4;0
Domfront;48.59;-0.65;19/09/2026;10:00;17.6;2;NUAGEUX;5;28.8;0
Domfront;48.59;-0.65;19/09/2026;11:00;20.9;2;NUAGEUX;6;30.6;0
Domfront;48.59;-0.65;19/09/2026;12:00;20.9;2;NUAGEUX;6;32.8;0
Domfront;48.59;-0.65;19/09/2026;13:00;20.9;2;NUAGEUX;6;34.9;0
Domfront;48.59;-0.65;19/09/2026;14:00;21.4;2;NUAGEUX;5;36.4;0
Domfront;48.59;-0.65;19/09/2026;15:00;22.4;2;NUAGEUX;5;37.4;0
Domfront;48.59;-0.65;19/09/2026;16:00;21.4;2;NUAGEUX;5;38.2;0
Domfront;48.59;-0.65;19/09/2026;17:00;20;2;NUAGEUX;4;36.4;0
Domfront;48.59;-0.65;19/09/2026;18:00;20;2;NUAGEUX;4;30.6;0
Domfront;48.59;-0.65;19/09/2026;19:00;20;2;NUAGEUX;4;22.7;0
Domfront;48.59;-0.65;19/09/2026;20:00;17.6;2;NUAGEUX;5;16.6;0
Domfront;48.59;-0.65;19/09/2026;21:00;16.6;2;NUAGEUX;5;14.0;0
Domfront;48.59;-0.65;19/09/2026;22:00;15.6;2;NUAGEUX;5;13.3;0
Domfront;48.59;-0.65;19/09/2026;23:00;15.7;0;SOLEIL;3;12.6;0
Domfront;48.59;-0.65;20/09/2026;00:00;15.7;0;SOLEIL;3;11.1;0
Domfront;48.59;-0.65;20/09/2026;01:00;15.7;0;SOLEIL;3;9.7;0
Domfront;48.59;-0.65;20/09/2026;02:00;12.9;2;NUAGEUX;5;9.9;0
Domfront;48.59;-0.65;20/09/2026;03:00;12.9;2;NUAGEUX;5;12.6;0
Domfront;48.59;-0.65;20/09/2026;04:00;12.9;2;NUAGEUX;5;15.8;0
Domfront;48.59;-0.65;20/09/2026;05:00;13.6;2;NUAGEUX;3;18.0;0
Domfront;48.59;-0.65;20/09/2026;06:00;13.6;2;NUAGEUX;3;16.9;0
Domfront;48.59;-0.65;20/09/2026;07:00;13.6;2;NUAGEUX;3;14.4;0
Domfront;48.59;-0.65;20/09/2026;08:00;14.8;2;NUAGEUX;5;14.0;0
Domfront;48.59;-0.65;20/09/2026;09:00;15.8;2;NUAGEUX;5;19.1;0
Domfront;48.59;-0.65;20/09/2026;10:00;16.7;2;NUAGEUX;5;26.6;0
Domfront;48.59;-0.65;20/09/2026;11:00;20.9;2;NUAGEUX;5;31.3;0
Domfront;48.59;-0.65;20/09/2026;12:00;20.9;2;NUAGEUX;5;31.0;0
Domfront;48.59;-0.65;20/09/2026;13:00;20.9;2;NUAGEUX;5;27.7;0
Domfront;48.59;-0.65;20/09/2026;14:00;20.5;2;NUAGEUX;5;25.2;0
Domfront;48.59;-0.65;20/09/2026;15:00;21.5;2;NUAGEUX;5;24.8;0
Domfront;48.59;-0.65;20/09/2026;16:00;20.5;2;NUAGEUX;5;24.8;0
Domfront;48.59;-0.65;20/09/2026;17:00;19;2;NUAGEUX;4;25.2;0
Domfront;48.59;-0.65;20/09/2026;18:00;19;2;NUAGEUX;4;26.3;0
Domfront;48.59;-0.65;20/09/2026;19:00;19;2;NUAGEUX;4;27.4;0
Domfront;48.59;-0.65;20/09/2026;20:00;16.7;2;NUAGEUX;5;26.3;0
Domfront;48.59;-0.65;20/09/2026;21:00;15.8;2;NUAGEUX;5;20.9;0
Domfront;48.59;-0.65;20/09/2026;22:00;14.8;2;NUAGEUX;5;13.7;0
Domfront;48.59;-0.65;20/09/2026;23:00;13.1;0;SOLEIL;3;7.9;0
Mortagne-au-Perche;48.52;0.54;16/09/2026;00:00;14.1;0;SOLEIL;2;15.1;0
Mortagne-au-Perche;48.52;0.54;16/09/2026;01:00;13.1;0;SOLEIL;2;13.3;0
Mortagne-au-Perche;48.52;0.54;16/09/2026;02:00;12.5;0;SOLEIL;2;10.1;0
Mortagne-au-Perche;48.52;0.54;16/09/2026;03:00;12.1;0;SOLEIL;2;9.7;0
Mortagne-au-Perche;48.52;0.54;16/09/2026;04:00;11.4;0;SOLEIL;1;8.6;0
Mortagne-au-Perche;48.52;0.54;16/09/2026;05:00;10.9;0;SOLEIL;2;7.2;0
Mortagne-au-Perche;48.52;0.54;16/09/2026;06:00;11.2;0;SOLEIL;1;5.4;0
Mortagne-au-Perche;48.52;0.54;16/09/2026;07:00;12.4;0;SOLEIL;2;4.3;0
Mortagne-au-Perche;48.52;0.54;16/09/2026;08:00;15.4;0;SOLEIL;2;4.0;0
Mortagne-au-Perche;48.52;0.54;16/09/2026;09:00;17.1;2;NUAGEUX;3;4.3;0
Mortagne-au-Perche;48.52;0.54;16/09/2026;10:00;18.9;2;NUAGEUX;4;10.4;0
Mortagne-au-Perche;48.52;0.54;16/09/2026;11:00;18.4;2;NUAGEUX;4;20.9;0
Mortagne-au-Perche;48.52;0.54;16/09/2026;12:00;20.4;2;NUAGEUX;4;23.4;0
Mortagne-au-Perche;48.52;0.54;16/09/2026;13:00;20.4;2;NUAGEUX;5;24.5;0
Mortagne-au-Perche;48.52;0.54;16/09/2026;14:00;21.2;2;NUAGEUX;5;27.7;0
Mortagne-au-Perche;48.52;0.54;16/09/2026;15:00;20.5;2;NUAGEUX;5;27.4;0
Mortagne-au-Perche;48.52;0.54;16/09/2026;16:00;19.5;2;NUAGEUX;5;30.2;0
Mortagne-au-Perche;48.52;0.54;16/09/2026;17:00;19.2;0;SOLEIL;5;35.3;0
Mortagne-au-Perche;48.52;0.54;16/09/2026;18:00;18.1;0;SOLEIL;4;36.7;0
Mortagne-au-Perche;48.52;0.54;16/09/2026;19:00;16.5;0;SOLEIL;4;33.5;0
Mortagne-au-Perche;48.52;0.54;16/09/2026;20:00;15.1;0;SOLEIL;3;31.7;0
Mortagne-au-Perche;48.52;0.54;16/09/2026;21:00;13.9;0;SOLEIL;2;22.3;0
Mortagne-au-Perche;48.52;0.54;16/09/2026;22:00;13;5;SOLEIL VOILÉ;2;12.2;0
Mortagne-au-Perche;48.52;0.54;16/09/2026;23:00;12.6;5;SOLEIL VOILÉ;2;7.6;0
Mortagne-au-Perche;48.52;0.54;17/09/2026;00:00;12.2;5;SOLEIL VOILÉ;2;4.3;0
Mortagne-au-Perche;48.52;0.54;17/09/2026;01:00;12.2;5;SOLEIL VOILÉ;2;3.6;0
Mortagne-au-Perche;48.52;0.54;17/09/2026;02:00;12;5;SOLEIL VOILÉ;3;3.6;0
Mortagne-au-Perche;48.52;0.54;17/09/2026;03:00;12;5;SOLEIL VOILÉ;3;4.9;0
Mortagne-au-Perche;48.52;0.54;17/09/2026;04:00;12;5;SOLEIL VOILÉ;3;5.6;0
Mortagne-au-Perche;48.52;0.54;17/09/2026;05:00;11.9;5;SOLEIL VOILÉ;4;6.7;0
Mortagne-au-Perche;48.52;0.54;17/09/2026;06:00;11.9;5;SOLEIL VOILÉ;4;6.8;0
Mortagne-au-Perche;48.52;0.54;17/09/2026;07:00;11.9;5;SOLEIL VOILÉ;4;7.2;0
Mortagne-au-Perche;48.52;0.54;17/09/2026;08:00;16.1;2;NUAGEUX;5;8.3;0
Mortagne-au-Perche;48.52;0.54;17/09/2026;09:00;16.1;2;NUAGEUX;5;14.8;0
Mortagne-au-Perche;48.52;0.54;17/09/2026;10:00;16.1;2;NUAGEUX;5;25.2;0
Mortagne-au-Perche;48.52;0.54;17/09/2026;11:00;17.5;2;NUAGEUX;6;31.0;0
Mortagne-au-Perche;48.52;0.54;17/09/2026;12:00;17.5;2;NUAGEUX;6;33.5;0
Mortagne-au-Perche;48.52;0.54;17/09/2026;13:00;17.5;2;NUAGEUX;6;34.9;0
Mortagne-au-Perche;48.52;0.54;17/09/2026;14:00;17.6;6;AVERSES;6;36.4;0
Mortagne-au-Perche;48.52;0.54;17/09/2026;15:00;17.6;6;AVERSES;6;36.4;0
Mortagne-au-Perche;48.52;0.54;17/09/2026;16:00;17.6;6;AVERSES;6;44.6;0
Mortagne-au-Perche;48.52;0.54;17/09/2026;17:00;16.6;6;AVERSES;5;45.0;0
Mortagne-au-Perche;48.52;0.54;17/09/2026;18:00;16.6;6;AVERSES;5;36.4;0
Mortagne-au-Perche;48.52;0.54;17/09/2026;19:00;16.6;6;AVERSES;5;28.1;0
Mortagne-au-Perche;48.52;0.54;17/09/2026;20:00;13.5;0;SOLEIL;3;25.6;0
Mortagne-au-Perche;48.52;0.54;17/09/2026;21:00;13.5;0;SOLEIL;3;22.0;0
Mortagne-au-Perche;48.52;0.54;17/09/2026;22:00;13.5;0;SOLEIL;3;16.9;0
Mortagne-au-Perche;48.52;0.54;17/09/2026;23:00;11.4;0;SOLEIL;3;9.4;0
Mortagne-au-Perche;48.52;0.54;18/09/2026;00:00;11.4;0;SOLEIL;3;7.2;0
Mortagne-au-Perche;48.52;0.54;18/09/2026;01:00;11.4;0;SOLEIL;3;6.8;0
Mortagne-au-Perche;48.52;0.54;18/09/2026;02:00;9;0;SOLEIL;3;6.5;0
Mortagne-au-Perche;48.52;0.54;18/09/2026;03:00;9;0;SOLEIL;3;5.8;0
Mortagne-au-Perche;48.52;0.54;18/09/2026;04:00;9;0;SOLEIL;3;5.4;0
Mortagne-au-Perche;48.52;0.54;18/09/2026;05:00;8.2;0;SOLEIL;3;5.0;0
Mortagne-au-Perche;48.52;0.54;18/09/2026;06:00;8.2;0;SOLEIL;3;4.7;0
Mortagne-au-Perche;48.52;0.54;18/09/2026;07:00;8.2;0;SOLEIL;3;4.0;0
Mortagne-au-Perche;48.52;0.54;18/09/2026;08:00;14.6;2;NUAGEUX;2;4.3;0
Mortagne-au-Perche;48.52;0.54;18/09/2026;09:00;14.6;2;NUAGEUX;2;9.0;0
Mortagne-au-Perche;48.52;0.54;18/09/2026;10:00;14.6;2;NUAGEUX;2;15.5;0
Mortagne-au-Perche;48.52;0.54;18/09/2026;11:00;19.6;2;NUAGEUX;4;20.9;0
Mortagne-au-Perche;48.52;0.54;18/09/2026;12:00;19.6;2;NUAGEUX;4;23.4;0
Mortagne-au-Perche;48.52;0.54;18/09/2026;13:00;19.6;2;NUAGEUX;4;24.5;0
Mortagne-au-Perche;48.52;0.54;18/09/2026;14:00;20.6;5;SOLEIL VOILÉ;5;25.6;0
Mortagne-au-Perche;48.52;0.54;18/09/2026;15:00;20.6;5;SOLEIL VOILÉ;5;26.6;0
Mortagne-au-Perche;48.52;0.54;18/09/2026;16:00;20.6;5;SOLEIL VOILÉ;5;27.7;0
Mortagne-au-Perche;48.52;0.54;18/09/2026;17:00;19.9;2;NUAGEUX;4;27.4;0
Mortagne-au-Perche;48.52;0.54;18/09/2026;18:00;19.9;2;NUAGEUX;4;25.6;0
Mortagne-au-Perche;48.52;0.54;18/09/2026;19:00;19.9;2;NUAGEUX;4;22.7;0
Mortagne-au-Perche;48.52;0.54;18/09/2026;20:00;13.5;2;NUAGEUX;5;19.4;0
Mortagne-au-Perche;48.52;0.54;18/09/2026;21:00;12.0;2;NUAGEUX;5;14.8;0
Mortagne-au-Perche;48.52;0.54;18/09/2026;22:00;10.5;2;NUAGEUX;5;9.4;0
Mortagne-au-Perche;48.52;0.54;18/09/2026;23:00;15.1;2;NUAGEUX;5;6.5;0
Mortagne-au-Perche;48.52;0.54;19/09/2026;00:00;15.1;2;NUAGEUX;5;7.9;0
Mortagne-au-Perche;48.52;0.54;19/09/2026;01:00;15.1;2;NUAGEUX;5;11.9;0
Mortagne-au-Perche;48.52;0.54;19/09/2026;02:00;13.1;7;PLUIE FAIBLE;5;14.8;0
Mortagne-au-Perche;48.52;0.54;19/09/2026;03:00;13.1;7;PLUIE FAIBLE;5;15.5;0
Mortagne-au-Perche;48.52;0.54;19/09/2026;04:00;13.1;7;PLUIE FAIBLE;5;15.5;0
Mortagne-au-Perche;48.52;0.54;19/09/2026;05:00;14.1;7;PLUIE FAIBLE;5;15.5;0
Mortagne-au-Perche;48.52;0.54;19/09/2026;06:00;14.1;7;PLUIE FAIBLE;5;15.8;0
Mortagne-au-Perche;48.52;0.54;19/09/2026;07:00;14.1;7;PLUIE FAIBLE;5;16.6;0
Mortagne-au-Perche;48.52;0.54;19/09/2026;08:00;15.2;7;PLUIE FAIBLE;5;18.4;0
Mortagne-au-Perche;48.52;0.54;19/09/2026;09:00;16.2;7;PLUIE FAIBLE;5;21.6;0
Mortagne-au-Perche;48.52;0.54;19/09/2026;10:00;17.2;7;PLUIE FAIBLE;5;25.9;0
Mortagne-au-Perche;48.52;0.54;19/09/2026;11:00;20.9;6;AVERSES;6;29.5;0
Mortagne-au-Perche;48.52;0.54;19/09/2026;12:00;20.9;6;AVERSES;6;31.7;0
Mortagne-au-Perche;48.52;0.54;19/09/2026;13:00;20.9;6;AVERSES;6;32.8;0
Mortagne-au-Perche;48.52;0.54;19/09/2026;14:00;21.4;7;PLUIE FAIBLE;5;33.5;0
Mortagne-au-Perche;48.52;0.54;19/09/2026;15:00;22.4;7;PLUIE FAIBLE;5;33.8;0
Mortagne-au-Perche;48.52;0.54;19/09/2026;16:00;21.4;7;PLUIE FAIBLE;5;33.8;0
Mortagne-au-Perche;48.52;0.54;19/09/2026;17:00;19.6;7;PLUIE FAIBLE;5;32.4;0
Mortagne-au-Perche;48.52;0.54;19/09/2026;18:00;19.6;7;PLUIE FAIBLE;5;29.2;0
Mortagne-au-Perche;48.52;0.54;19/09/2026;19:00;19.6;7;PLUIE FAIBLE;5;24.1;0
Mortagne-au-Perche;48.52;0.54;19/09/2026;20:00;17.2;7;PLUIE FAIBLE;5;19.8;0
Mortagne-au-Perche;48.52;0.54;19/09/2026;21:00;16.2;7;PLUIE FAIBLE;5;15.5;0
Mortagne-au-Perche;48.52;0.54;19/09/2026;22:00;15.2;7;PLUIE FAIBLE;5;11.5;0
Mortagne-au-Perche;48.52;0.54;19/09/2026;23:00;16;7;PLUIE FAIBLE;4;9.0;0
Mortagne-au-Perche;48.52;0.54;20/09/2026;00:00;16;7;PLUIE FAIBLE;4;9.6;0
Mortagne-au-Perche;48.52;0.54;20/09/2026;01:00;16;7;PLUIE FAIBLE;4;12.2;0
Mortagne-au-Perche;48.52;0.54;20/09/2026;02:00;12.6;2;NUAGEUX;5;14.8;0
Mortagne-au-Perche;48.52;0.54;20/09/2026;03:00;12.6;2;NUAGEUX;5;16.6;0
Mortagne-au-Perche;48.52;0.54;20/09/2026;04:00;12.6;2;NUAGEUX;5;17.3;0
Mortagne-au-Perche;48.52;0.54;20/09/2026;05:00;13.1;2;NUAGEUX;3;17.3;0
Mortagne-au-Perche;48.52;0.54;20/09/2026;06:00;13.1;2;NUAGEUX;3;15.8;0
Mortagne-au-Perche;48.52;0.54;20/09/2026;07:00;13.1;2;NUAGEUX;3;13.7;0
Mortagne-au-Perche;48.52;0.54;20/09/2026;08:00;14.6;2;NUAGEUX;5;13.0;0
Mortagne-au-Perche;48.52;0.54;20/09/2026;09:00;15.6;2;NUAGEUX;5;15.8;0
Mortagne-au-Perche;48.52;0.54;20/09/2026;10:00;16.6;2;NUAGEUX;5;20.5;0
Mortagne-au-Perche;48.52;0.54;20/09/2026;11:00;20.9;2;NUAGEUX;5;23.8;0
Mortagne-au-Perche;48.52;0.54;20/09/2026;12:00;20.9;2;NUAGEUX;5;24.5;0
Mortagne-au-Perche;48.52;0.54;20/09/2026;13:00;20.9;2;NUAGEUX;5;23.8;0
Mortagne-au-Perche;48.52;0.54;20/09/2026;14:00;20.6;2;NUAGEUX;5;23.8;0
Mortagne-au-Perche;48.52;0.54;20/09/2026;15:00;21.6;2;NUAGEUX;5;25.2;0
Mortagne-au-Perche;48.52;0.54;20/09/2026;16:00;20.6;2;NUAGEUX;5;27.4;0
Mortagne-au-Perche;48.52;0.54;20/09/2026;17:00;18.6;2;NUAGEUX;4;28.4;0
Mortagne-au-Perche;48.52;0.54;20/09/2026;18:00;18.6;2;NUAGEUX;4;28.8;0
Mortagne-au-Perche;48.52;0.54;20/09/2026;19:00;18.6;2;NUAGEUX;4;28.1;0
Mortagne-au-Perche;48.52;0.54;20/09/2026;20:00;16.6;2;NUAGEUX;5;25.9;0
Mortagne-au-Perche;48.52;0.54;20/09/2026;21:00;15.6;2;NUAGEUX;5;20.2;0
Mortagne-au-Perche;48.52;0.54;20/09/2026;22:00;14.6;2;NUAGEUX;5;12.2;0
Mortagne-au-Perche;48.52;0.54;20/09/2026;23:00;13.1;0;SOLEIL;3;6.8;0
Villers-en-Ouche;48.86;0.57;16/09/2026;00:00;14.1;0;SOLEIL;4;36.4;0
Villers-en-Ouche;48.86;0.57;16/09/2026;01:00;14.5;0;SOLEIL;3;31.3;0
Villers-en-Ouche;48.86;0.57;16/09/2026;02:00;13.8;0;SOLEIL;3;27.4;0
Villers-en-Ouche;48.86;0.57;16/09/2026;03:00;13;0;SOLEIL;3;23.8;0
Villers-en-Ouche;48.86;0.57;16/09/2026;04:00;13.5;0;SOLEIL;3;20.2;0
Villers-en-Ouche;48.86;0.57;16/09/2026;05:00;12.6;0;SOLEIL;3;16.9;0
Villers-en-Ouche;48.86;0.57;16/09/2026;06:00;12.1;0;SOLEIL;3;14.8;0
Villers-en-Ouche;48.86;0.57;16/09/2026;07:00;14.5;0;SOLEIL;3;13.7;0
Villers-en-Ouche;48.86;0.57;16/09/2026;08:00;16.1;0;SOLEIL;4;11.2;0
Villers-en-Ouche;48.86;0.57;16/09/2026;09:00;16.9;6;AVERSES;4;15.1;0.1
Villers-en-Ouche;48.86;0.57;16/09/2026;10:00;18.6;2;NUAGEUX;4;20.2;0
Villers-en-Ouche;48.86;0.57;16/09/2026;11:00;19.1;2;NUAGEUX;4;27.0;0
Villers-en-Ouche;48.86;0.57;16/09/2026;12:00;19.4;6;AVERSES;4;29.9;0.1
Villers-en-Ouche;48.86;0.57;16/09/2026;13:00;19.9;2;NUAGEUX;4;30.2;0
Villers-en-Ouche;48.86;0.57;16/09/2026;14:00;20.4;6;AVERSES;5;30.2;2
Villers-en-Ouche;48.86;0.57;16/09/2026;15:00;19.4;0;SOLEIL;5;31.0;0
Villers-en-Ouche;48.86;0.57;16/09/2026;16:00;19.3;0;SOLEIL;5;32.4;0
Villers-en-Ouche;48.86;0.57;16/09/2026;17:00;19.1;0;SOLEIL;4;31.3;0
Villers-en-Ouche;48.86;0.57;16/09/2026;18:00;18.5;0;SOLEIL;4;33.5;0
Villers-en-Ouche;48.86;0.57;16/09/2026;19:00;17.2;0;SOLEIL;3;31.7;0
Villers-en-Ouche;48.86;0.57;16/09/2026;20:00;16.3;0;SOLEIL;3;32.4;0
Villers-en-Ouche;48.86;0.57;16/09/2026;21:00;15.5;0;SOLEIL;2;18.0;0
Villers-en-Ouche;48.86;0.57;16/09/2026;22:00;14.8;0;SOLEIL;2;9.4;0
Villers-en-Ouche;48.86;0.57;16/09/2026;23:00;14.1;5;SOLEIL VOILÉ;3;8.6;0
Villers-en-Ouche;48.86;0.57;17/09/2026;00:00;13.4;5;SOLEIL VOILÉ;3;7.9;0
Villers-en-Ouche;48.86;0.57;17/09/2026;01:00;13.4;5;SOLEIL VOILÉ;3;8.3;0
Villers-en-Ouche;48.86;0.57;17/09/2026;02:00;12.4;5;SOLEIL VOILÉ;2;6.8;0
Villers-en-Ouche;48.86;0.57;17/09/2026;03:00;12.4;5;SOLEIL VOILÉ;2;5.7;0
Villers-en-Ouche;48.86;0.57;17/09/2026;04:00;12.4;5;SOLEIL VOILÉ;2;6.3;0
Villers-en-Ouche;48.86;0.57;17/09/2026;05:00;12.2;5;SOLEIL VOILÉ;3;7.7;0
Villers-en-Ouche;48.86;0.57;17/09/2026;06:00;12.2;5;SOLEIL VOILÉ;3;9.0;0
Villers-en-Ouche;48.86;0.57;17/09/2026;07:00;12.2;5;SOLEIL VOILÉ;3;10.8;0
Villers-en-Ouche;48.86;0.57;17/09/2026;08:00;15.6;5;SOLEIL VOILÉ;5;13.7;0
Villers-en-Ouche;48.86;0.57;17/09/2026;09:00;15.6;5;SOLEIL VOILÉ;5;19.1;0
Villers-en-Ouche;48.86;0.57;17/09/2026;10:00;15.6;5;SOLEIL VOILÉ;5;26.3;0
Villers-en-Ouche;48.86;0.57;17/09/2026;11:00;17.9;2;NUAGEUX;6;30.6;0
Villers-en-Ouche;48.86;0.57;17/09/2026;12:00;17.9;2;NUAGEUX;6;36.7;0
Villers-en-Ouche;48.86;0.57;17/09/2026;13:00;17.9;2;NUAGEUX;6;39.2;0
Villers-en-Ouche;48.86;0.57;17/09/2026;14:00;19.1;2;NUAGEUX;6;39.2;0
Villers-en-Ouche;48.86;0.57;17/09/2026;15:00;19.1;2;NUAGEUX;6;38.9;0
Villers-en-Ouche;48.86;0.57;17/09/2026;16:00;19.1;2;NUAGEUX;6;39.2;0
Villers-en-Ouche;48.86;0.57;17/09/2026;17:00;17;6;AVERSES;4;33.5;0
Villers-en-Ouche;48.86;0.57;17/09/2026;18:00;17;6;AVERSES;4;33.8;0
Villers-en-Ouche;48.86;0.57;17/09/2026;19:00;17;6;AVERSES;4;26.3;0
Villers-en-Ouche;48.86;0.57;17/09/2026;20:00;15.1;6;AVERSES;4;27.7;0
Villers-en-Ouche;48.86;0.57;17/09/2026;21:00;15.1;6;AVERSES;4;21.2;0
Villers-en-Ouche;48.86;0.57;17/09/2026;22:00;15.1;6;AVERSES;4;22.0;0
Villers-en-Ouche;48.86;0.57;17/09/2026;23:00;12.4;0;SOLEIL;3;22.0;0
Villers-en-Ouche;48.86;0.57;18/09/2026;00:00;12.4;0;SOLEIL;3;20.9;0
Villers-en-Ouche;48.86;0.57;18/09/2026;01:00;12.4;0;SOLEIL;3;13.3;0
Villers-en-Ouche;48.86;0.57;18/09/2026;02:00;11.1;0;SOLEIL;2;11.2;0
Villers-en-Ouche;48.86;0.57;18/09/2026;03:00;11.1;0;SOLEIL;2;9.0;0
Villers-en-Ouche;48.86;0.57;18/09/2026;04:00;11.1;0;SOLEIL;2;8.3;0
Villers-en-Ouche;48.86;0.57;18/09/2026;05:00;10.7;0;SOLEIL;2;8.3;0
Villers-en-Ouche;48.86;0.57;18/09/2026;06:00;10.7;0;SOLEIL;2;7.9;0
Villers-en-Ouche;48.86;0.57;18/09/2026;07:00;10.7;0;SOLEIL;2;7.6;0
Villers-en-Ouche;48.86;0.57;18/09/2026;08:00;14.6;0;SOLEIL;3;6.8;0
Villers-en-Ouche;48.86;0.57;18/09/2026;09:00;14.6;0;SOLEIL;3;9.4;0
Villers-en-Ouche;48.86;0.57;18/09/2026;10:00;14.6;0;SOLEIL;3;13.3;0
Villers-en-Ouche;48.86;0.57;18/09/2026;11:00;18;2;NUAGEUX;4;16.9;0
Villers-en-Ouche;48.86;0.57;18/09/2026;12:00;18;2;NUAGEUX;4;19.4;0
Villers-en-Ouche;48.86;0.57;18/09/2026;13:00;18;2;NUAGEUX;4;21.2;0
Villers-en-Ouche;48.86;0.57;18/09/2026;14:00;20;2;NUAGEUX;5;23.0;0
Villers-en-Ouche;48.86;0.57;18/09/2026;15:00;20;2;NUAGEUX;5;24.8;0
Villers-en-Ouche;48.86;0.57;18/09/2026;16:00;20;2;NUAGEUX;5;26.3;0
Villers-en-Ouche;48.86;0.57;18/09/2026;17:00;19;2;NUAGEUX;4;27.0;0
Villers-en-Ouche;48.86;0.57;18/09/2026;18:00;19;2;NUAGEUX;4;26.3;0
Villers-en-Ouche;48.86;0.57;18/09/2026;19:00;19;2;NUAGEUX;4;24.8;0
Villers-en-Ouche;48.86;0.57;18/09/2026;20:00;14.9;2;NUAGEUX;5;22.0;0
Villers-en-Ouche;48.86;0.57;18/09/2026;21:00;13.8;2;NUAGEUX;5;16.6;0
Villers-en-Ouche;48.86;0.57;18/09/2026;22:00;12.7;2;NUAGEUX;5;9.7;0
Villers-en-Ouche;48.86;0.57;18/09/2026;23:00;15.9;2;NUAGEUX;4;5.8;0
Villers-en-Ouche;48.86;0.57;19/09/2026;00:00;15.9;2;NUAGEUX;4;7.2;0
Villers-en-Ouche;48.86;0.57;19/09/2026;01:00;15.9;2;NUAGEUX;4;11.2;0
Villers-en-Ouche;48.86;0.57;19/09/2026;02:00;13.1;2;NUAGEUX;5;14.8;0
Villers-en-Ouche;48.86;0.57;19/09/2026;03:00;13.1;2;NUAGEUX;5;16.2;0
Villers-en-Ouche;48.86;0.57;19/09/2026;04:00;13.1;2;NUAGEUX;5;16.9;0
Villers-en-Ouche;48.86;0.57;19/09/2026;05:00;13.7;2;NUAGEUX;4;17.6;0
Villers-en-Ouche;48.86;0.57;19/09/2026;06:00;13.7;2;NUAGEUX;4;18.7;0
Villers-en-Ouche;48.86;0.57;19/09/2026;07:00;13.7;2;NUAGEUX;4;20.2;0
Villers-en-Ouche;48.86;0.57;19/09/2026;08:00;15.1;2;NUAGEUX;5;22.0;0
Villers-en-Ouche;48.86;0.57;19/09/2026;09:00;16.1;2;NUAGEUX;5;24.1;0
Villers-en-Ouche;48.86;0.57;19/09/2026;10:00;17.1;2;NUAGEUX;5;26.6;0
Villers-en-Ouche;48.86;0.57;19/09/2026;11:00;19.6;7;PLUIE FAIBLE;6;29.2;0
Villers-en-Ouche;48.86;0.57;19/09/2026;12:00;19.6;7;PLUIE FAIBLE;6;32.8;0
Villers-en-Ouche;48.86;0.57;19/09/2026;13:00;19.6;7;PLUIE FAIBLE;6;36.7;0
Villers-en-Ouche;48.86;0.57;19/09/2026;14:00;21.1;2;NUAGEUX;5;38.9;0
Villers-en-Ouche;48.86;0.57;19/09/2026;15:00;22.1;2;NUAGEUX;5;38.5;0
Villers-en-Ouche;48.86;0.57;19/09/2026;16:00;21.1;2;NUAGEUX;5;36.4;0
Villers-en-Ouche;48.86;0.57;19/09/2026;17:00;19.9;2;NUAGEUX;4;33.1;0
Villers-en-Ouche;48.86;0.57;19/09/2026;18:00;19.9;2;NUAGEUX;4;27.7;0
Villers-en-Ouche;48.86;0.57;19/09/2026;19:00;19.9;2;NUAGEUX;4;21.6;0
Villers-en-Ouche;48.86;0.57;19/09/2026;20:00;17.1;2;NUAGEUX;5;16.6;0
Villers-en-Ouche;48.86;0.57;19/09/2026;21:00;16.1;2;NUAGEUX;5;14.8;0
Villers-en-Ouche;48.86;0.57;19/09/2026;22:00;15.1;2;NUAGEUX;5;14.4;0
Villers-en-Ouche;48.86;0.57;19/09/2026;23:00;16.1;0;SOLEIL;4;14.0;0
Villers-en-Ouche;48.86;0.57;20/09/2026;00:00;16.1;0;SOLEIL;4;11.8;0
Villers-en-Ouche;48.86;0.57;20/09/2026;01:00;16.1;0;SOLEIL;4;9.7;0
Villers-en-Ouche;48.86;0.57;20/09/2026;02:00;12.9;2;NUAGEUX;5;8.3;0
Villers-en-Ouche;48.86;0.57;20/09/2026;03:00;12.9;2;NUAGEUX;5;9.4;0
Villers-en-Ouche;48.86;0.57;20/09/2026;04:00;12.9;2;NUAGEUX;5;12.2;0
Villers-en-Ouche;48.86;0.57;20/09/2026;05:00;13.4;2;NUAGEUX;3;14.4;0
Villers-en-Ouche;48.86;0.57;20/09/2026;06:00;13.4;2;NUAGEUX;3;13.7;0
Villers-en-Ouche;48.86;0.57;20/09/2026;07:00;13.4;2;NUAGEUX;3;11.5;0
Villers-en-Ouche;48.86;0.57;20/09/2026;08:00;14.6;2;NUAGEUX;5;11.5;0
Villers-en-Ouche;48.86;0.57;20/09/2026;09:00;15.5;2;NUAGEUX;5;15.5;0
Villers-en-Ouche;48.86;0.57;20/09/2026;10:00;16.3;2;NUAGEUX;5;21.6;0
Villers-en-Ouche;48.86;0.57;20/09/2026;11:00;19.7;2;NUAGEUX;5;25.2;0
Villers-en-Ouche;48.86;0.57;20/09/2026;12:00;19.7;2;NUAGEUX;5;24.1;0
Villers-en-Ouche;48.86;0.57;20/09/2026;13:00;19.7;2;NUAGEUX;5;21.2;0
Villers-en-Ouche;48.86;0.57;20/09/2026;14:00;19.7;2;NUAGEUX;5;19.1;0
Villers-en-Ouche;48.86;0.57;20/09/2026;15:00;20.6;2;NUAGEUX;5;19.8;0
Villers-en-Ouche;48.86;0.57;20/09/2026;16:00;19.7;2;NUAGEUX;5;21.2;0
Villers-en-Ouche;48.86;0.57;20/09/2026;17:00;18.5;2;NUAGEUX;3;22.0;0
Villers-en-Ouche;48.86;0.57;20/09/2026;18:00;18.5;2;NUAGEUX;3;21.2;0
Villers-en-Ouche;48.86;0.57;20/09/2026;19:00;18.5;2;NUAGEUX;3;19.8;0
Villers-en-Ouche;48.86;0.57;20/09/2026;20:00;16.3;2;NUAGEUX;5;18.0;0
Villers-en-Ouche;48.86;0.57;20/09/2026;21:00;15.5;2;NUAGEUX;5;15.8;0
Villers-en-Ouche;48.86;0.57;20/09/2026;22:00;14.6;2;NUAGEUX;5;13.3;0
Villers-en-Ouche;48.86;0.57;20/09/2026;23:00;14.1;0;SOLEIL;3;11.2;0
Dieppe;49.92;1.07;16/09/2026;00:00;13.2;0;SOLEIL;5;25.2;0
Dieppe;49.92;1.07;16/09/2026;01:00;12.7;0;SOLEIL;4;22.3;0
Dieppe;49.92;1.07;16/09/2026;02:00;12.7;2;NUAGEUX;4;23.4;0
Dieppe;49.92;1.07;16/09/2026;03:00;12.1;2;NUAGEUX;4;22.3;0
Dieppe;49.92;1.07;16/09/2026;04:00;12;2;NUAGEUX;4;21.2;0
Dieppe;49.92;1.07;16/09/2026;05:00;11.6;2;NUAGEUX;4;19.8;0
Dieppe;49.92;1.07;16/09/2026;06:00;11.7;2;NUAGEUX;4;18.4;0
Dieppe;49.92;1.07;16/09/2026;07:00;13.4;2;NUAGEUX;4;19.1;0
Dieppe;49.92;1.07;16/09/2026;08:00;15.9;6;AVERSES;4;18.0;0.4
Dieppe;49.92;1.07;16/09/2026;09:00;16.7;6;AVERSES;5;21.2;0.2
Dieppe;49.92;1.07;16/09/2026;10:00;17.9;6;AVERSES;5;25.2;0.1
Dieppe;49.92;1.07;16/09/2026;11:00;18.1;6;AVERSES;5;30.6;0.1
Dieppe;49.92;1.07;16/09/2026;12:00;18.6;6;AVERSES;5;28.8;0.2
Dieppe;49.92;1.07;16/09/2026;13:00;18.4;2;NUAGEUX;5;29.5;0
Dieppe;49.92;1.07;16/09/2026;14:00;19.2;2;NUAGEUX;5;31.7;0
Dieppe;49.92;1.07;16/09/2026;15:00;19;6;AVERSES;5;30.6;0.2
Dieppe;49.92;1.07;16/09/2026;16:00;18.3;0;SOLEIL;6;34.2;0
Dieppe;49.92;1.07;16/09/2026;17:00;17.2;0;SOLEIL;5;32.0;0
Dieppe;49.92;1.07;16/09/2026;18:00;15.9;0;SOLEIL;4;31.0;0
Dieppe;49.92;1.07;16/09/2026;19:00;14.5;0;SOLEIL;4;29.9;0
Dieppe;49.92;1.07;16/09/2026;20:00;13.3;0;SOLEIL;2;23.4;0
Dieppe;49.92;1.07;16/09/2026;21:00;12.3;0;SOLEIL;2;14.4;0
Dieppe;49.92;1.07;16/09/2026;22:00;11.6;0;SOLEIL;3;11.5;0
Dieppe;49.92;1.07;16/09/2026;23:00;11.1;5;SOLEIL VOILÉ;3;6.5;0
Dieppe;49.92;1.07;17/09/2026;00:00;10.9;5;SOLEIL VOILÉ;4;7.9;0
Dieppe;49.92;1.07;17/09/2026;01:00;10.9;5;SOLEIL VOILÉ;4;8.6;0
Dieppe;49.92;1.07;17/09/2026;02:00;10.7;5;SOLEIL VOILÉ;3;10.1;0
Dieppe;49.92;1.07;17/09/2026;03:00;10.7;5;SOLEIL VOILÉ;3;13.3;0
Dieppe;49.92;1.07;17/09/2026;04:00;10.7;5;SOLEIL VOILÉ;3;15.8;0
Dieppe;49.92;1.07;17/09/2026;05:00;12.5;2;NUAGEUX;4;17.5;0
Dieppe;49.92;1.07;17/09/2026;06:00;12.5;2;NUAGEUX;4;20.2;0
Dieppe;49.92;1.07;17/09/2026;07:00;12.5;2;NUAGEUX;4;21.6;0
Dieppe;49.92;1.07;17/09/2026;08:00;15.7;2;NUAGEUX;5;24.5;0
Dieppe;49.92;1.07;17/09/2026;09:00;15.7;2;NUAGEUX;5;27.4;0
Dieppe;49.92;1.07;17/09/2026;10:00;15.7;2;NUAGEUX;5;33.5;0
Dieppe;49.92;1.07;17/09/2026;11:00;17.6;2;NUAGEUX;6;36.4;0
Dieppe;49.92;1.07;17/09/2026;12:00;17.6;2;NUAGEUX;6;43.6;0
Dieppe;49.92;1.07;17/09/2026;13:00;17.6;2;NUAGEUX;6;42.5;0
Dieppe;49.92;1.07;17/09/2026;14:00;18.6;2;NUAGEUX;6;41.8;0
Dieppe;49.92;1.07;17/09/2026;15:00;18.6;2;NUAGEUX;6;41.4;0
Dieppe;49.92;1.07;17/09/2026;16:00;18.6;2;NUAGEUX;6;39.6;0
Dieppe;49.92;1.07;17/09/2026;17:00;15.7;6;AVERSES;5;43.2;0
Dieppe;49.92;1.07;17/09/2026;18:00;15.7;6;AVERSES;5;40.0;0
Dieppe;49.92;1.07;17/09/2026;19:00;15.7;6;AVERSES;5;36.0;0
Dieppe;49.92;1.07;17/09/2026;20:00;13.6;0;SOLEIL;4;28.1;0
Dieppe;49.92;1.07;17/09/2026;21:00;13.6;0;SOLEIL;4;23.8;0
Dieppe;49.92;1.07;17/09/2026;22:00;13.6;0;SOLEIL;4;19.8;0
Dieppe;49.92;1.07;17/09/2026;23:00;11.2;0;SOLEIL;4;19.8;0
Dieppe;49.92;1.07;18/09/2026;00:00;11.2;0;SOLEIL;4;14.4;0
Dieppe;49.92;1.07;18/09/2026;01:00;11.2;0;SOLEIL;4;12.6;0
Dieppe;49.92;1.07;18/09/2026;02:00;10.5;0;SOLEIL;3;12.2;0
Dieppe;49.92;1.07;18/09/2026;03:00;10.5;0;SOLEIL;3;13.3;0
Dieppe;49.92;1.07;18/09/2026;04:00;10.5;0;SOLEIL;3;13.3;0
Dieppe;49.92;1.07;18/09/2026;05:00;10.1;0;SOLEIL;3;13.7;0
Dieppe;49.92;1.07;18/09/2026;06:00;10.1;0;SOLEIL;3;14.0;0
Dieppe;49.92;1.07;18/09/2026;07:00;10.1;0;SOLEIL;3;13.3;0
Dieppe;49.92;1.07;18/09/2026;08:00;15.1;0;SOLEIL;4;13.3;0
Dieppe;49.92;1.07;18/09/2026;09:00;15.1;0;SOLEIL;4;16.2;0
Dieppe;49.92;1.07;18/09/2026;10:00;15.1;0;SOLEIL;4;20.5;0
Dieppe;49.92;1.07;18/09/2026;11:00;18.5;2;NUAGEUX;5;23.4;0
Dieppe;49.92;1.07;18/09/2026;12:00;18.5;2;NUAGEUX;5;23.8;0
Dieppe;49.92;1.07;18/09/2026;13:00;18.5;2;NUAGEUX;5;23.0;0
Dieppe;49.92;1.07;18/09/2026;14:00;19.7;2;NUAGEUX;5;22.7;0
Dieppe;49.92;1.07;18/09/2026;15:00;19.7;2;NUAGEUX;5;23.8;0
Dieppe;49.92;1.07;18/09/2026;16:00;19.7;2;NUAGEUX;5;25.9;0
Dieppe;49.92;1.07;18/09/2026;17:00;18;2;NUAGEUX;4;27.0;0
Dieppe;49.92;1.07;18/09/2026;18:00;18;2;NUAGEUX;4;27.7;0
Dieppe;49.92;1.07;18/09/2026;19:00;18;2;NUAGEUX;4;28.1;0
Dieppe;49.92;1.07;18/09/2026;20:00;14.4;2;NUAGEUX;5;26.3;0
Dieppe;49.92;1.07;18/09/2026;21:00;13.2;2;NUAGEUX;5;20.5;0
Dieppe;49.92;1.07;18/09/2026;22:00;12.0;2;NUAGEUX;5;13.3;0
Dieppe;49.92;1.07;18/09/2026;23:00;14.6;2;NUAGEUX;5;9.0;0
Dieppe;49.92;1.07;19/09/2026;00:00;14.6;2;NUAGEUX;5;10.8;0
Dieppe;49.92;1.07;19/09/2026;01:00;14.6;2;NUAGEUX;5;15.8;0
Dieppe;49.92;1.07;19/09/2026;02:00;12.6;7;PLUIE FAIBLE;5;20.2;0
Dieppe;49.92;1.07;19/09/2026;03:00;12.6;7;PLUIE FAIBLE;5;22.3;0
Dieppe;49.92;1.07;19/09/2026;04:00;12.6;7;PLUIE FAIBLE;5;24.1;0
Dieppe;49.92;1.07;19/09/2026;05:00;13.6;2;NUAGEUX;4;25.6;0
Dieppe;49.92;1.07;19/09/2026;06:00;13.6;2;NUAGEUX;4;27.0;0
Dieppe;49.92;1.07;19/09/2026;07:00;13.6;2;NUAGEUX;4;28.1;0
Dieppe;49.92;1.07;19/09/2026;08:00;14.6;7;PLUIE FAIBLE;5;29.5;0
Dieppe;49.92;1.07;19/09/2026;09:00;15.6;7;PLUIE FAIBLE;5;31.3;0
Dieppe;49.92;1.07;19/09/2026;10:00;16.6;7;PLUIE FAIBLE;5;33.1;0
Dieppe;49.92;1.07;19/09/2026;11:00;20.1;7;PLUIE FAIBLE;6;34.6;0
Dieppe;49.92;1.07;19/09/2026;12:00;20.1;7;PLUIE FAIBLE;6;36.0;0
Dieppe;49.92;1.07;19/09/2026;13:00;20.1;7;PLUIE FAIBLE;6;37.4;0
Dieppe;49.92;1.07;19/09/2026;14:00;20.6;7;PLUIE FAIBLE;5;37.8;0
Dieppe;49.92;1.07;19/09/2026;15:00;21.6;7;PLUIE FAIBLE;5;37.4;0
Dieppe;49.92;1.07;19/09/2026;16:00;20.6;7;PLUIE FAIBLE;5;36.4;0
Dieppe;49.92;1.07;19/09/2026;17:00;19.1;7;PLUIE FAIBLE;4;33.5;0
Dieppe;49.92;1.07;19/09/2026;18:00;19.1;7;PLUIE FAIBLE;4;27.4;0
Dieppe;49.92;1.07;19/09/2026;19:00;19.1;7;PLUIE FAIBLE;4;19.4;0
Dieppe;49.92;1.07;19/09/2026;20:00;16.6;7;PLUIE FAIBLE;5;13.3;0
Dieppe;49.92;1.07;19/09/2026;21:00;15.6;7;PLUIE FAIBLE;5;10.4;0
Dieppe;49.92;1.07;19/09/2026;22:00;14.6;7;PLUIE FAIBLE;5;9.4;0
Dieppe;49.92;1.07;19/09/2026;23:00;15.1;0;SOLEIL;4;9.4;0
Dieppe;49.92;1.07;20/09/2026;00:00;15.1;0;SOLEIL;4;10.4;0
Dieppe;49.92;1.07;20/09/2026;01:00;15.1;0;SOLEIL;4;11.7;0
Dieppe;49.92;1.07;20/09/2026;02:00;12;2;NUAGEUX;5;12.7;0
Dieppe;49.92;1.07;20/09/2026;03:00;12;2;NUAGEUX;5;14.0;0
Dieppe;49.92;1.07;20/09/2026;04:00;12;2;NUAGEUX;5;16.6;0
Dieppe;49.92;1.07;20/09/2026;05:00;12.9;2;NUAGEUX;4;18.4;0
Dieppe;49.92;1.07;20/09/2026;06:00;12.9;2;NUAGEUX;4;18.7;0
Dieppe;49.92;1.07;20/09/2026;07:00;12.9;2;NUAGEUX;4;18.4;0
Dieppe;49.92;1.07;20/09/2026;08:00;13.9;2;NUAGEUX;5;19.4;0
Dieppe;49.92;1.07;20/09/2026;09:00;14.9;2;NUAGEUX;5;24.1;0
Dieppe;49.92;1.07;20/09/2026;10:00;15.9;2;NUAGEUX;5;30.6;0
Dieppe;49.92;1.07;20/09/2026;11:00;20.1;2;NUAGEUX;5;34.6;0
Dieppe;49.92;1.07;20/09/2026;12:00;20.1;2;NUAGEUX;5;34.2;0
Dieppe;49.92;1.07;20/09/2026;13:00;20.1;2;NUAGEUX;5;31.3;0
Dieppe;49.92;1.07;20/09/2026;14:00;19.7;2;NUAGEUX;5;29.2;0
Dieppe;49.92;1.07;20/09/2026;15:00;20.7;2;NUAGEUX;5;28.8;0
Dieppe;49.92;1.07;20/09/2026;16:00;19.7;2;NUAGEUX;5;28.8;0
Dieppe;49.92;1.07;20/09/2026;17:00;17.7;2;NUAGEUX;4;28.4;0
Dieppe;49.92;1.07;20/09/2026;18:00;17.7;2;NUAGEUX;4;28.1;0
Dieppe;49.92;1.07;20/09/2026;19:00;17.7;2;NUAGEUX;4;27.7;0
Dieppe;49.92;1.07;20/09/2026;20:00;15.9;2;NUAGEUX;5;25.6;0
Dieppe;49.92;1.07;20/09/2026;21:00;14.9;2;NUAGEUX;5;20.5;0
Dieppe;49.92;1.07;20/09/2026;22:00;13.9;2;NUAGEUX;5;13.7;0
Dieppe;49.92;1.07;20/09/2026;23:00;12.6;0;SOLEIL;3;9.0;0
Fécamp;49.75;0.37;16/09/2026;00:00;16.9;2;NUAGEUX;6;46.8;0
Fécamp;49.75;0.37;16/09/2026;01:00;16.1;2;NUAGEUX;6;45.4;0
Fécamp;49.75;0.37;16/09/2026;02:00;15.6;2;NUAGEUX;6;42.8;0
Fécamp;49.75;0.37;16/09/2026;03:00;16.1;6;AVERSES;5;42.5;0.1
Fécamp;49.75;0.37;16/09/2026;04:00;15.6;2;NUAGEUX;5;41.4;0
Fécamp;49.75;0.37;16/09/2026;05:00;15.6;2;NUAGEUX;5;39.2;0
Fécamp;49.75;0.37;16/09/2026;06:00;15.8;2;NUAGEUX;5;36.7;0
Fécamp;49.75;0.37;16/09/2026;07:00;16.4;2;NUAGEUX;5;36.7;0
Fécamp;49.75;0.37;16/09/2026;08:00;16.9;2;NUAGEUX;5;34.9;0
Fécamp;49.75;0.37;16/09/2026;09:00;17.1;2;NUAGEUX;5;38.9;0
Fécamp;49.75;0.37;16/09/2026;10:00;17.4;2;NUAGEUX;5;35.3;0
Fécamp;49.75;0.37;16/09/2026;11:00;17.5;2;NUAGEUX;5;34.9;0
Fécamp;49.75;0.37;16/09/2026;12:00;17.9;2;NUAGEUX;5;32.0;0
Fécamp;49.75;0.37;16/09/2026;13:00;18.2;2;NUAGEUX;5;33.1;0
Fécamp;49.75;0.37;16/09/2026;14:00;18.1;2;NUAGEUX;5;35.3;0
Fécamp;49.75;0.37;16/09/2026;15:00;17.8;2;NUAGEUX;5;37.4;0
Fécamp;49.75;0.37;16/09/2026;16:00;17.7;0;SOLEIL;5;36.4;0
Fécamp;49.75;0.37;16/09/2026;17:00;17.6;0;SOLEIL;5;37.1;0
Fécamp;49.75;0.37;16/09/2026;18:00;17.5;0;SOLEIL;5;35.3;0
Fécamp;49.75;0.37;16/09/2026;19:00;17.1;0;SOLEIL;4;34.2;0
Fécamp;49.75;0.37;16/09/2026;20:00;16.4;0;SOLEIL;3;31.3;0
Fécamp;49.75;0.37;16/09/2026;21:00;14.8;0;SOLEIL;3;31.7;0
Fécamp;49.75;0.37;16/09/2026;22:00;14.4;2;NUAGEUX;4;22.0;0
Fécamp;49.75;0.37;16/09/2026;23:00;14.1;5;SOLEIL VOILÉ;4;17.3;0
Fécamp;49.75;0.37;17/09/2026;00:00;14;5;SOLEIL VOILÉ;4;19.8;0
Fécamp;49.75;0.37;17/09/2026;01:00;14;5;SOLEIL VOILÉ;4;18.7;0
Fécamp;49.75;0.37;17/09/2026;02:00;14.6;2;NUAGEUX;5;19.4;0
Fécamp;49.75;0.37;17/09/2026;03:00;14.6;2;NUAGEUX;5;22.5;0
Fécamp;49.75;0.37;17/09/2026;04:00;14.6;2;NUAGEUX;5;23.2;0
Fécamp;49.75;0.37;17/09/2026;05:00;14.7;2;NUAGEUX;7;23.8;0
Fécamp;49.75;0.37;17/09/2026;06:00;14.7;2;NUAGEUX;7;25.2;0
Fécamp;49.75;0.37;17/09/2026;07:00;14.7;2;NUAGEUX;7;27.0;0
Fécamp;49.75;0.37;17/09/2026;08:00;16.5;2;NUAGEUX;8;28.4;0
Fécamp;49.75;0.37;17/09/2026;09:00;16.5;2;NUAGEUX;8;32.0;0
Fécamp;49.75;0.37;17/09/2026;10:00;16.5;2;NUAGEUX;8;33.8;0
Fécamp;49.75;0.37;17/09/2026;11:00;17;6;AVERSES;9;36.0;0
Fécamp;49.75;0.37;17/09/2026;12:00;17;6;AVERSES;9;37.1;0
Fécamp;49.75;0.37;17/09/2026;13:00;17;6;AVERSES;9;39.2;0
Fécamp;49.75;0.37;17/09/2026;14:00;17.5;6;AVERSES;8;37.8;0
Fécamp;49.75;0.37;17/09/2026;15:00;17.5;6;AVERSES;8;40.7;0
Fécamp;49.75;0.37;17/09/2026;16:00;17.5;6;AVERSES;8;38.5;0
Fécamp;49.75;0.37;17/09/2026;17:00;16.9;6;AVERSES;8;37.8;0
Fécamp;49.75;0.37;17/09/2026;18:00;16.9;6;AVERSES;8;37.1;0
Fécamp;49.75;0.37;17/09/2026;19:00;16.9;6;AVERSES;8;37.4;0
Fécamp;49.75;0.37;17/09/2026;20:00;16.1;0;SOLEIL;8;32.4;0
Fécamp;49.75;0.37;17/09/2026;21:00;16.1;0;SOLEIL;8;23.8;0
Fécamp;49.75;0.37;17/09/2026;22:00;16.1;0;SOLEIL;8;16.6;0
Fécamp;49.75;0.37;17/09/2026;23:00;15.2;0;SOLEIL;7;12.6;0
Fécamp;49.75;0.37;18/09/2026;00:00;15.2;0;SOLEIL;7;9.4;0
Fécamp;49.75;0.37;18/09/2026;01:00;15.2;0;SOLEIL;7;10.1;0
Fécamp;49.75;0.37;18/09/2026;02:00;14.6;0;SOLEIL;7;9.4;0
Fécamp;49.75;0.37;18/09/2026;03:00;14.6;0;SOLEIL;7;10.1;0
Fécamp;49.75;0.37;18/09/2026;04:00;14.6;0;SOLEIL;7;10.1;0
Fécamp;49.75;0.37;18/09/2026;05:00;14.4;0;SOLEIL;3;9.7;0
Fécamp;49.75;0.37;18/09/2026;06:00;14.4;0;SOLEIL;3;9.7;0
Fécamp;49.75;0.37;18/09/2026;07:00;14.4;0;SOLEIL;3;9.4;0
Fécamp;49.75;0.37;18/09/2026;08:00;16.6;0;SOLEIL;4;10.4;0
Fécamp;49.75;0.37;18/09/2026;09:00;16.6;0;SOLEIL;4;13.7;0
Fécamp;49.75;0.37;18/09/2026;10:00;16.6;0;SOLEIL;4;18.4;0
Fécamp;49.75;0.37;18/09/2026;11:00;18.2;2;NUAGEUX;6;22.7;0
Fécamp;49.75;0.37;18/09/2026;12:00;18.2;2;NUAGEUX;6;26.3;0
Fécamp;49.75;0.37;18/09/2026;13:00;18.2;2;NUAGEUX;6;29.5;0
Fécamp;49.75;0.37;18/09/2026;14:00;18.4;5;SOLEIL VOILÉ;8;32.0;0
Fécamp;49.75;0.37;18/09/2026;15:00;18.4;5;SOLEIL VOILÉ;8;34.6;0
Fécamp;49.75;0.37;18/09/2026;16:00;18.4;5;SOLEIL VOILÉ;8;36.4;0
Fécamp;49.75;0.37;18/09/2026;17:00;18.1;2;NUAGEUX;7;36.0;0
Fécamp;49.75;0.37;18/09/2026;18:00;18.1;2;NUAGEUX;7;32.0;0
Fécamp;49.75;0.37;18/09/2026;19:00;18.1;2;NUAGEUX;7;26.3;0
Fécamp;49.75;0.37;18/09/2026;20:00;16.0;2;NUAGEUX;5;22.0;0
Fécamp;49.75;0.37;18/09/2026;21:00;15.4;2;NUAGEUX;5;20.2;0
Fécamp;49.75;0.37;18/09/2026;22:00;14.7;2;NUAGEUX;5;19.8;0
Fécamp;49.75;0.37;18/09/2026;23:00;17.1;2;NUAGEUX;9;20.5;0
Fécamp;49.75;0.37;19/09/2026;00:00;17.1;2;NUAGEUX;9;22.7;0
Fécamp;49.75;0.37;19/09/2026;01:00;17.1;2;NUAGEUX;9;25.9;0
Fécamp;49.75;0.37;19/09/2026;02:00;15.5;6;AVERSES;5;28.8;0
Fécamp;49.75;0.37;19/09/2026;03:00;15.5;6;AVERSES;5;30.6;0
Fécamp;49.75;0.37;19/09/2026;04:00;15.5;6;AVERSES;5;31.7;0
Fécamp;49.75;0.37;19/09/2026;05:00;16.6;6;AVERSES;9;32.4;0
Fécamp;49.75;0.37;19/09/2026;06:00;16.6;6;AVERSES;9;32.8;0
Fécamp;49.75;0.37;19/09/2026;07:00;16.6;6;AVERSES;9;32.8;0
Fécamp;49.75;0.37;19/09/2026;08:00;16.5;6;AVERSES;5;32.4;0
Fécamp;49.75;0.37;19/09/2026;09:00;17.0;6;AVERSES;5;32.0;0
Fécamp;49.75;0.37;19/09/2026;10:00;17.5;6;AVERSES;5;31.3;0
Fécamp;49.75;0.37;19/09/2026;11:00;19.2;7;PLUIE FAIBLE;10;31.7;0
Fécamp;49.75;0.37;19/09/2026;12:00;19.2;7;PLUIE FAIBLE;10;33.5;0
Fécamp;49.75;0.37;19/09/2026;13:00;19.2;7;PLUIE FAIBLE;10;35.6;0
Fécamp;49.75;0.37;19/09/2026;14:00;19.6;6;AVERSES;5;38.2;0
Fécamp;49.75;0.37;19/09/2026;15:00;20.1;6;AVERSES;5;41.0;0
Fécamp;49.75;0.37;19/09/2026;16:00;19.6;6;AVERSES;5;43.9;0
Fécamp;49.75;0.37;19/09/2026;17:00;18.7;6;AVERSES;10;44.3;0
Fécamp;49.75;0.37;19/09/2026;18:00;18.7;6;AVERSES;10;40.0;0
Fécamp;49.75;0.37;19/09/2026;19:00;18.7;6;AVERSES;10;33.5;0
Fécamp;49.75;0.37;19/09/2026;20:00;17.5;6;AVERSES;5;28.1;0
Fécamp;49.75;0.37;19/09/2026;21:00;17.0;6;AVERSES;5;25.6;0
Fécamp;49.75;0.37;19/09/2026;22:00;16.5;6;AVERSES;5;24.5;0
Fécamp;49.75;0.37;19/09/2026;23:00;17.4;6;AVERSES;10;23.8;0
Fécamp;49.75;0.37;20/09/2026;00:00;17.4;6;AVERSES;10;24.4;0
Fécamp;49.75;0.37;20/09/2026;01:00;17.4;6;AVERSES;10;25.4;0
Fécamp;49.75;0.37;20/09/2026;02:00;15.2;6;AVERSES;5;26.3;0
Fécamp;49.75;0.37;20/09/2026;03:00;15.2;6;AVERSES;5;26.6;0
Fécamp;49.75;0.37;20/09/2026;04:00;15.2;6;AVERSES;5;26.6;0
Fécamp;49.75;0.37;20/09/2026;05:00;15.9;6;AVERSES;9;26.6;0
Fécamp;49.75;0.37;20/09/2026;06:00;15.9;6;AVERSES;9;26.6;0
Fécamp;49.75;0.37;20/09/2026;07:00;15.9;6;AVERSES;9;27.0;0
Fécamp;49.75;0.37;20/09/2026;08:00;16.2;6;AVERSES;5;27.4;0
Fécamp;49.75;0.37;20/09/2026;09:00;16.6;6;AVERSES;5;28.1;0
Fécamp;49.75;0.37;20/09/2026;10:00;17.1;6;AVERSES;5;29.2;0
Fécamp;49.75;0.37;20/09/2026;11:00;18.9;7;PLUIE FAIBLE;8;30.6;0
Fécamp;49.75;0.37;20/09/2026;12:00;18.9;7;PLUIE FAIBLE;8;33.1;0
Fécamp;49.75;0.37;20/09/2026;13:00;18.9;7;PLUIE FAIBLE;8;36.4;0
Fécamp;49.75;0.37;20/09/2026;14:00;19.0;6;AVERSES;5;38.9;0
Fécamp;49.75;0.37;20/09/2026;15:00;19.5;6;AVERSES;5;40.0;0
Fécamp;49.75;0.37;20/09/2026;16:00;19.0;6;AVERSES;5;40.0;0
Fécamp;49.75;0.37;20/09/2026;17:00;17.6;2;NUAGEUX;7;39.2;0
Fécamp;49.75;0.37;20/09/2026;18:00;17.6;2;NUAGEUX;7;37.1;0
Fécamp;49.75;0.37;20/09/2026;19:00;17.6;2;NUAGEUX;7;33.5;0
Fécamp;49.75;0.37;20/09/2026;20:00;17.1;6;AVERSES;5;30.2;0
Fécamp;49.75;0.37;20/09/2026;21:00;16.6;6;AVERSES;5;26.6;0
Fécamp;49.75;0.37;20/09/2026;22:00;16.2;6;AVERSES;5;23.0;0
Fécamp;49.75;0.37;20/09/2026;23:00;16;0;SOLEIL;7;20.5;0
Le Havre;49.49;0.1;16/09/2026;00:00;16.1;2;NUAGEUX;6;38.5;0
Le Havre;49.49;0.1;16/09/2026;01:00;16.1;2;NUAGEUX;5;38.9;0
Le Havre;49.49;0.1;16/09/2026;02:00;15.9;2;NUAGEUX;5;39.6;0
Le Havre;49.49;0.1;16/09/2026;03:00;15.6;6;AVERSES;5;37.4;0.1
Le Havre;49.49;0.1;16/09/2026;04:00;16;2;NUAGEUX;5;34.2;0
Le Havre;49.49;0.1;16/09/2026;05:00;15.5;2;NUAGEUX;4;32.8;0
Le Havre;49.49;0.1;16/09/2026;06:00;14.9;2;NUAGEUX;4;32.0;0
Le Havre;49.49;0.1;16/09/2026;07:00;15.6;2;NUAGEUX;4;31.3;0
Le Havre;49.49;0.1;16/09/2026;08:00;16.7;2;NUAGEUX;4;30.2;0
Le Havre;49.49;0.1;16/09/2026;09:00;17.4;2;NUAGEUX;4;34.6;0
Le Havre;49.49;0.1;16/09/2026;10:00;17.8;2;NUAGEUX;5;31.7;0
Le Havre;49.49;0.1;16/09/2026;11:00;17.7;2;NUAGEUX;4;32.8;0
Le Havre;49.49;0.1;16/09/2026;12:00;18;2;NUAGEUX;5;27.4;0
Le Havre;49.49;0.1;16/09/2026;13:00;18.1;2;NUAGEUX;5;28.1;0
Le Havre;49.49;0.1;16/09/2026;14:00;18;2;NUAGEUX;5;29.9;0
Le Havre;49.49;0.1;16/09/2026;15:00;17.7;2;NUAGEUX;5;35.3;0
Le Havre;49.49;0.1;16/09/2026;16:00;17.6;2;NUAGEUX;5;36.4;0
Le Havre;49.49;0.1;16/09/2026;17:00;17.6;0;SOLEIL;5;37.4;0
Le Havre;49.49;0.1;16/09/2026;18:00;17.6;0;SOLEIL;5;36.7;0
Le Havre;49.49;0.1;16/09/2026;19:00;17.2;0;SOLEIL;6;34.2;0
Le Havre;49.49;0.1;16/09/2026;20:00;17;2;NUAGEUX;7;32.8;0
Le Havre;49.49;0.1;16/09/2026;21:00;14.6;5;SOLEIL VOILÉ;7;27.7;0
Le Havre;49.49;0.1;16/09/2026;22:00;14.3;5;SOLEIL VOILÉ;7;25.6;0
Le Havre;49.49;0.1;16/09/2026;23:00;14.2;2;NUAGEUX;8;24.8;0
Le Havre;49.49;0.1;17/09/2026;00:00;14.6;2;NUAGEUX;7;22.7;0
Le Havre;49.49;0.1;17/09/2026;01:00;14.6;2;NUAGEUX;7;21.6;0
Le Havre;49.49;0.1;17/09/2026;02:00;16.4;2;NUAGEUX;8;22.0;0
Le Havre;49.49;0.1;17/09/2026;03:00;16.4;2;NUAGEUX;8;30.1;0
Le Havre;49.49;0.1;17/09/2026;04:00;16.4;2;NUAGEUX;8;29.3;0
Le Havre;49.49;0.1;17/09/2026;05:00;16.5;2;NUAGEUX;8;27.7;0
Le Havre;49.49;0.1;17/09/2026;06:00;16.5;2;NUAGEUX;8;31.0;0
Le Havre;49.49;0.1;17/09/2026;07:00;16.5;2;NUAGEUX;8;32.0;0
Le Havre;49.49;0.1;17/09/2026;08:00;17.2;2;NUAGEUX;9;34.6;0
Le Havre;49.49;0.1;17/09/2026;09:00;17.2;2;NUAGEUX;9;34.9;0
Le Havre;49.49;0.1;17/09/2026;10:00;17.2;2;NUAGEUX;9;37.1;0
Le Havre;49.49;0.1;17/09/2026;11:00;17.6;6;AVERSES;10;43.6;0
Le Havre;49.49;0.1;17/09/2026;12:00;17.6;6;AVERSES;10;43.2;0
Le Havre;49.49;0.1;17/09/2026;13:00;17.6;6;AVERSES;10;42.8;0
Le Havre;49.49;0.1;17/09/2026;14:00;17.6;6;AVERSES;9;44.6;0
Le Havre;49.49;0.1;17/09/2026;15:00;17.6;6;AVERSES;9;47.5;0
Le Havre;49.49;0.1;17/09/2026;16:00;17.6;6;AVERSES;9;51.1;0
Le Havre;49.49;0.1;17/09/2026;17:00;17.2;6;AVERSES;8;46.4;0
Le Havre;49.49;0.1;17/09/2026;18:00;17.2;6;AVERSES;8;48.6;0
Le Havre;49.49;0.1;17/09/2026;19:00;17.2;6;AVERSES;8;41.4;0
Le Havre;49.49;0.1;17/09/2026;20:00;16.9;0;SOLEIL;8;37.1;0
Le Havre;49.49;0.1;17/09/2026;21:00;16.9;0;SOLEIL;8;31.7;0
Le Havre;49.49;0.1;17/09/2026;22:00;16.9;0;SOLEIL;8;30.6;0
Le Havre;49.49;0.1;17/09/2026;23:00;16.2;0;SOLEIL;8;29.9;0
Le Havre;49.49;0.1;18/09/2026;00:00;16.2;0;SOLEIL;8;29.9;0
Le Havre;49.49;0.1;18/09/2026;01:00;16.2;0;SOLEIL;8;28.1;0
Le Havre;49.49;0.1;18/09/2026;02:00;14.2;0;SOLEIL;7;29.2;0
Le Havre;49.49;0.1;18/09/2026;03:00;14.2;0;SOLEIL;7;27.0;0
Le Havre;49.49;0.1;18/09/2026;04:00;14.2;0;SOLEIL;7;31.7;0
Le Havre;49.49;0.1;18/09/2026;05:00;14;0;SOLEIL;6;27.0;0
Le Havre;49.49;0.1;18/09/2026;06:00;14;0;SOLEIL;6;26.6;0
Le Havre;49.49;0.1;18/09/2026;07:00;14;0;SOLEIL;6;23.4;0
Le Havre;49.49;0.1;18/09/2026;08:00;17.7;2;NUAGEUX;7;20.5;0
Le Havre;49.49;0.1;18/09/2026;09:00;17.7;2;NUAGEUX;7;24.1;0
Le Havre;49.49;0.1;18/09/2026;10:00;17.7;2;NUAGEUX;7;29.5;0
Le Havre;49.49;0.1;18/09/2026;11:00;18.1;2;NUAGEUX;8;34.2;0
Le Havre;49.49;0.1;18/09/2026;12:00;18.1;2;NUAGEUX;8;36.0;0
Le Havre;49.49;0.1;18/09/2026;13:00;18.1;2;NUAGEUX;8;36.7;0
Le Havre;49.49;0.1;18/09/2026;14:00;19.4;2;NUAGEUX;9;37.1;0
Le Havre;49.49;0.1;18/09/2026;15:00;19.4;2;NUAGEUX;9;37.8;0
Le Havre;49.49;0.1;18/09/2026;16:00;19.4;2;NUAGEUX;9;38.5;0
Le Havre;49.49;0.1;18/09/2026;17:00;18.2;2;NUAGEUX;8;38.9;0
Le Havre;49.49;0.1;18/09/2026;18:00;18.2;2;NUAGEUX;8;39.6;0
Le Havre;49.49;0.1;18/09/2026;19:00;18.2;2;NUAGEUX;8;40.7;0
Le Havre;49.49;0.1;18/09/2026;20:00;16.2;2;NUAGEUX;5;40.3;0
Le Havre;49.49;0.1;18/09/2026;21:00;15.4;2;NUAGEUX;5;38.2;0
Le Havre;49.49;0.1;18/09/2026;22:00;14.6;2;NUAGEUX;5;34.9;0
Le Havre;49.49;0.1;18/09/2026;23:00;18.1;7;PLUIE FAIBLE;8;32.4;0
Le Havre;49.49;0.1;19/09/2026;00:00;18.1;7;PLUIE FAIBLE;8;31.3;0
Le Havre;49.49;0.1;19/09/2026;01:00;18.1;7;PLUIE FAIBLE;8;31.0;0
Le Havre;49.49;0.1;19/09/2026;02:00;15;6;AVERSES;5;30.6;0
Le Havre;49.49;0.1;19/09/2026;03:00;15;6;AVERSES;5;30.6;0
Le Havre;49.49;0.1;19/09/2026;04:00;15;6;AVERSES;5;30.6;0
Le Havre;49.49;0.1;19/09/2026;05:00;16.1;7;PLUIE FAIBLE;8;31.3;0
Le Havre;49.49;0.1;19/09/2026;06:00;16.1;7;PLUIE FAIBLE;8;32.8;0
Le Havre;49.49;0.1;19/09/2026;07:00;16.1;7;PLUIE FAIBLE;8;34.6;0
Le Havre;49.49;0.1;19/09/2026;08:00;16.2;6;AVERSES;5;37.1;0
Le Havre;49.49;0.1;19/09/2026;09:00;16.8;6;AVERSES;5;41.4;0
Le Havre;49.49;0.1;19/09/2026;10:00;17.4;6;AVERSES;5;46.4;0
Le Havre;49.49;0.1;19/09/2026;11:00;19.1;6;AVERSES;9;50.0;0
Le Havre;49.49;0.1;19/09/2026;12:00;19.1;6;AVERSES;9;51.1;0
Le Havre;49.49;0.1;19/09/2026;13:00;19.1;6;AVERSES;9;51.1;0
Le Havre;49.49;0.1;19/09/2026;14:00;19.8;6;AVERSES;5;50.4;0
Le Havre;49.49;0.1;19/09/2026;15:00;20.4;6;AVERSES;5;50.0;0
Le Havre;49.49;0.1;19/09/2026;16:00;19.8;6;AVERSES;5;49.7;0
Le Havre;49.49;0.1;19/09/2026;17:00;18;7;PLUIE FAIBLE;8;47.5;0
Le Havre;49.49;0.1;19/09/2026;18:00;18;7;PLUIE FAIBLE;8;42.8;0
Le Havre;49.49;0.1;19/09/2026;19:00;18;7;PLUIE FAIBLE;8;36.4;0
Le Havre;49.49;0.1;19/09/2026;20:00;17.4;6;AVERSES;5;32.0;0
Le Havre;49.49;0.1;19/09/2026;21:00;16.8;6;AVERSES;5;31.0;0
Le Havre;49.49;0.1;19/09/2026;22:00;16.2;6;AVERSES;5;31.3;0
Le Havre;49.49;0.1;19/09/2026;23:00;16.6;6;AVERSES;7;32.4;0
Le Havre;49.49;0.1;20/09/2026;00:00;16.6;6;AVERSES;7;32.9;0
Le Havre;49.49;0.1;20/09/2026;01:00;16.6;6;AVERSES;7;33.5;0
Le Havre;49.49;0.1;20/09/2026;02:00;15.1;6;AVERSES;5;33.5;0
Le Havre;49.49;0.1;20/09/2026;03:00;15.1;6;AVERSES;5;32.4;0
Le Havre;49.49;0.1;20/09/2026;04:00;15.1;6;AVERSES;5;32.4;0
Le Havre;49.49;0.1;20/09/2026;05:00;16.1;6;AVERSES;7;32.4;0
Le Havre;49.49;0.1;20/09/2026;06:00;16.1;6;AVERSES;7;32.0;0
Le Havre;49.49;0.1;20/09/2026;07:00;16.1;6;AVERSES;7;31.7;0
Le Havre;49.49;0.1;20/09/2026;08:00;16.1;6;AVERSES;5;31.7;0
Le Havre;49.49;0.1;20/09/2026;09:00;16.6;6;AVERSES;5;32.4;0
Le Havre;49.49;0.1;20/09/2026;10:00;17.1;6;AVERSES;5;33.8;0
Le Havre;49.49;0.1;20/09/2026;11:00;19;6;AVERSES;7;35.3;0
Le Havre;49.49;0.1;20/09/2026;12:00;19;6;AVERSES;7;37.4;0
Le Havre;49.49;0.1;20/09/2026;13:00;19;6;AVERSES;7;39.6;0
Le Havre;49.49;0.1;20/09/2026;14:00;19.0;6;AVERSES;5;41.0;0
Le Havre;49.49;0.1;20/09/2026;15:00;19.5;6;AVERSES;5;41.0;0
Le Havre;49.49;0.1;20/09/2026;16:00;19.0;6;AVERSES;5;40.3;0
Le Havre;49.49;0.1;20/09/2026;17:00;16.6;2;NUAGEUX;6;38.5;0
Le Havre;49.49;0.1;20/09/2026;18:00;16.6;2;NUAGEUX;6;35.6;0
Le Havre;49.49;0.1;20/09/2026;19:00;16.6;2;NUAGEUX;6;32.4;0
Le Havre;49.49;0.1;20/09/2026;20:00;17.1;6;AVERSES;5;29.2;0
Le Havre;49.49;0.1;20/09/2026;21:00;16.6;6;AVERSES;5;26.3;0
Le Havre;49.49;0.1;20/09/2026;22:00;16.1;6;AVERSES;5;24.1;0
Le Havre;49.49;0.1;20/09/2026;23:00;15.5;0;SOLEIL;5;22.3;0
Neufchâtel-en-Bray;49.73;1.44;16/09/2026;00:00;17.4;2;NUAGEUX;5;38.2;0
Neufchâtel-en-Bray;49.73;1.44;16/09/2026;01:00;17;2;NUAGEUX;5;38.9;0
Neufchâtel-en-Bray;49.73;1.44;16/09/2026;02:00;16.1;2;NUAGEUX;5;39.2;0
Neufchâtel-en-Bray;49.73;1.44;16/09/2026;03:00;16.1;2;NUAGEUX;5;39.6;0
Neufchâtel-en-Bray;49.73;1.44;16/09/2026;04:00;16.1;6;AVERSES;4;38.2;0.1
Neufchâtel-en-Bray;49.73;1.44;16/09/2026;05:00;16.2;6;AVERSES;4;35.6;0.6
Neufchâtel-en-Bray;49.73;1.44;16/09/2026;06:00;16.3;0;SOLEIL;4;34.6;0
Neufchâtel-en-Bray;49.73;1.44;16/09/2026;07:00;17;6;AVERSES;4;34.9;0.3
Neufchâtel-en-Bray;49.73;1.44;16/09/2026;08:00;17.5;2;NUAGEUX;4;33.8;0
Neufchâtel-en-Bray;49.73;1.44;16/09/2026;09:00;17.4;2;NUAGEUX;5;37.8;0
Neufchâtel-en-Bray;49.73;1.44;16/09/2026;10:00;18.1;2;NUAGEUX;5;38.2;0
Neufchâtel-en-Bray;49.73;1.44;16/09/2026;11:00;18.7;2;NUAGEUX;5;33.5;0
Neufchâtel-en-Bray;49.73;1.44;16/09/2026;12:00;18.3;2;NUAGEUX;5;34.6;0
Neufchâtel-en-Bray;49.73;1.44;16/09/2026;13:00;17.9;2;NUAGEUX;5;31.7;0
Neufchâtel-en-Bray;49.73;1.44;16/09/2026;14:00;18.1;2;NUAGEUX;5;33.1;0
Neufchâtel-en-Bray;49.73;1.44;16/09/2026;15:00;18.2;2;NUAGEUX;5;37.1;0
Neufchâtel-en-Bray;49.73;1.44;16/09/2026;16:00;18.1;0;SOLEIL;5;38.9;0
Neufchâtel-en-Bray;49.73;1.44;16/09/2026;17:00;17.7;0;SOLEIL;5;41.0;0
Neufchâtel-en-Bray;49.73;1.44;16/09/2026;18:00;17.5;0;SOLEIL;5;37.1;0
Neufchâtel-en-Bray;49.73;1.44;16/09/2026;19:00;17.1;0;SOLEIL;6;39.6;0
Neufchâtel-en-Bray;49.73;1.44;16/09/2026;20:00;16.8;2;NUAGEUX;6;33.1;0
Neufchâtel-en-Bray;49.73;1.44;16/09/2026;21:00;16.7;5;SOLEIL VOILÉ;6;32.4;0
Neufchâtel-en-Bray;49.73;1.44;16/09/2026;22:00;16.5;5;SOLEIL VOILÉ;6;31.3;0
Neufchâtel-en-Bray;49.73;1.44;16/09/2026;23:00;16.5;5;SOLEIL VOILÉ;7;32.0;0
Neufchâtel-en-Bray;49.73;1.44;17/09/2026;00:00;16.5;2;NUAGEUX;7;32.4;0
Neufchâtel-en-Bray;49.73;1.44;17/09/2026;01:00;16.5;2;NUAGEUX;7;36.4;0
Neufchâtel-en-Bray;49.73;1.44;17/09/2026;02:00;16.1;2;NUAGEUX;8;38.2;0
Neufchâtel-en-Bray;49.73;1.44;17/09/2026;03:00;16.1;2;NUAGEUX;8;36.2;0
Neufchâtel-en-Bray;49.73;1.44;17/09/2026;04:00;16.1;2;NUAGEUX;8;33.8;0
Neufchâtel-en-Bray;49.73;1.44;17/09/2026;05:00;15.7;2;NUAGEUX;8;32.3;0
Neufchâtel-en-Bray;49.73;1.44;17/09/2026;06:00;15.7;2;NUAGEUX;8;31.0;0
Neufchâtel-en-Bray;49.73;1.44;17/09/2026;07:00;15.7;2;NUAGEUX;8;36.0;0
Neufchâtel-en-Bray;49.73;1.44;17/09/2026;08:00;17.1;6;AVERSES;9;36.7;0
Neufchâtel-en-Bray;49.73;1.44;17/09/2026;09:00;17.1;6;AVERSES;9;37.4;0
Neufchâtel-en-Bray;49.73;1.44;17/09/2026;10:00;17.1;6;AVERSES;9;37.4;0
Neufchâtel-en-Bray;49.73;1.44;17/09/2026;11:00;18.1;6;AVERSES;9;39.6;0
Neufchâtel-en-Bray;49.73;1.44;17/09/2026;12:00;18.1;6;AVERSES;9;39.6;0
Neufchâtel-en-Bray;49.73;1.44;17/09/2026;13:00;18.1;6;AVERSES;9;39.2;0
Neufchâtel-en-Bray;49.73;1.44;17/09/2026;14:00;17.6;6;AVERSES;10;40.7;0
Neufchâtel-en-Bray;49.73;1.44;17/09/2026;15:00;17.6;6;AVERSES;10;42.8;0
Neufchâtel-en-Bray;49.73;1.44;17/09/2026;16:00;17.6;6;AVERSES;10;48.6;0
Neufchâtel-en-Bray;49.73;1.44;17/09/2026;17:00;17.6;6;AVERSES;9;51.5;0
Neufchâtel-en-Bray;49.73;1.44;17/09/2026;18:00;17.6;6;AVERSES;9;45.7;0
Neufchâtel-en-Bray;49.73;1.44;17/09/2026;19:00;17.6;6;AVERSES;9;37.4;0
Neufchâtel-en-Bray;49.73;1.44;17/09/2026;20:00;16.9;0;SOLEIL;8;37.4;0
Neufchâtel-en-Bray;49.73;1.44;17/09/2026;21:00;16.9;0;SOLEIL;8;32.4;0
Neufchâtel-en-Bray;49.73;1.44;17/09/2026;22:00;16.9;0;SOLEIL;8;31.0;0
Neufchâtel-en-Bray;49.73;1.44;17/09/2026;23:00;16.6;0;SOLEIL;8;33.8;0
Neufchâtel-en-Bray;49.73;1.44;18/09/2026;00:00;16.6;0;SOLEIL;8;33.5;0
Neufchâtel-en-Bray;49.73;1.44;18/09/2026;01:00;16.6;0;SOLEIL;8;29.2;0
Neufchâtel-en-Bray;49.73;1.44;18/09/2026;02:00;15.1;0;SOLEIL;7;25.2;0
Neufchâtel-en-Bray;49.73;1.44;18/09/2026;03:00;15.1;0;SOLEIL;7;23.0;0
Neufchâtel-en-Bray;49.73;1.44;18/09/2026;04:00;15.1;0;SOLEIL;7;25.9;0
Neufchâtel-en-Bray;49.73;1.44;18/09/2026;05:00;15.6;0;SOLEIL;7;31.3;0
Neufchâtel-en-Bray;49.73;1.44;18/09/2026;06:00;15.6;0;SOLEIL;7;30.6;0
Neufchâtel-en-Bray;49.73;1.44;18/09/2026;07:00;15.6;0;SOLEIL;7;24.5;0
Neufchâtel-en-Bray;49.73;1.44;18/09/2026;08:00;17.1;5;SOLEIL VOILÉ;7;21.6;0
Neufchâtel-en-Bray;49.73;1.44;18/09/2026;09:00;17.1;5;SOLEIL VOILÉ;7;23.8;0
Neufchâtel-en-Bray;49.73;1.44;18/09/2026;10:00;17.1;5;SOLEIL VOILÉ;7;28.1;0
Neufchâtel-en-Bray;49.73;1.44;18/09/2026;11:00;18.5;5;SOLEIL VOILÉ;6;31.7;0
Neufchâtel-en-Bray;49.73;1.44;18/09/2026;12:00;18.5;5;SOLEIL VOILÉ;6;33.1;0
Neufchâtel-en-Bray;49.73;1.44;18/09/2026;13:00;18.5;5;SOLEIL VOILÉ;6;33.5;0
Neufchâtel-en-Bray;49.73;1.44;18/09/2026;14:00;19.1;5;SOLEIL VOILÉ;7;34.2;0
Neufchâtel-en-Bray;49.73;1.44;18/09/2026;15:00;19.1;5;SOLEIL VOILÉ;7;36.0;0
Neufchâtel-en-Bray;49.73;1.44;18/09/2026;16:00;19.1;5;SOLEIL VOILÉ;7;37.8;0
Neufchâtel-en-Bray;49.73;1.44;18/09/2026;17:00;18.6;2;NUAGEUX;8;39.2;0
Neufchâtel-en-Bray;49.73;1.44;18/09/2026;18:00;18.6;2;NUAGEUX;8;39.6;0
Neufchâtel-en-Bray;49.73;1.44;18/09/2026;19:00;18.6;2;NUAGEUX;8;38.9;0
Neufchâtel-en-Bray;49.73;1.44;18/09/2026;20:00;17.0;2;NUAGEUX;5;37.8;0
Neufchâtel-en-Bray;49.73;1.44;18/09/2026;21:00;16.4;2;NUAGEUX;5;35.3;0
Neufchâtel-en-Bray;49.73;1.44;18/09/2026;22:00;15.8;2;NUAGEUX;5;31.7;0
Neufchâtel-en-Bray;49.73;1.44;18/09/2026;23:00;18.1;2;NUAGEUX;8;29.2;0
Neufchâtel-en-Bray;49.73;1.44;19/09/2026;00:00;18.1;2;NUAGEUX;8;28.1;0
Neufchâtel-en-Bray;49.73;1.44;19/09/2026;01:00;18.1;2;NUAGEUX;8;28.1;0
Neufchâtel-en-Bray;49.73;1.44;19/09/2026;02:00;16.6;6;AVERSES;5;28.8;0
Neufchâtel-en-Bray;49.73;1.44;19/09/2026;03:00;16.6;6;AVERSES;5;30.2;0
Neufchâtel-en-Bray;49.73;1.44;19/09/2026;04:00;16.6;6;AVERSES;5;32.4;0
Neufchâtel-en-Bray;49.73;1.44;19/09/2026;05:00;17.7;6;AVERSES;8;34.2;0
Neufchâtel-en-Bray;49.73;1.44;19/09/2026;06:00;17.7;6;AVERSES;8;34.9;0
Neufchâtel-en-Bray;49.73;1.44;19/09/2026;07:00;17.7;6;AVERSES;8;34.9;0
Neufchâtel-en-Bray;49.73;1.44;19/09/2026;08:00;17.7;6;AVERSES;5;34.9;0
Neufchâtel-en-Bray;49.73;1.44;19/09/2026;09:00;18.2;6;AVERSES;5;35.3;0
Neufchâtel-en-Bray;49.73;1.44;19/09/2026;10:00;18.7;6;AVERSES;5;35.6;0
Neufchâtel-en-Bray;49.73;1.44;19/09/2026;11:00;20.4;6;AVERSES;8;36.7;0
Neufchâtel-en-Bray;49.73;1.44;19/09/2026;12:00;20.4;6;AVERSES;8;38.9;0
Neufchâtel-en-Bray;49.73;1.44;19/09/2026;13:00;20.4;6;AVERSES;8;41.8;0
Neufchâtel-en-Bray;49.73;1.44;19/09/2026;14:00;20.9;6;AVERSES;5;43.2;0
Neufchâtel-en-Bray;49.73;1.44;19/09/2026;15:00;21.4;6;AVERSES;5;42.5;0
Neufchâtel-en-Bray;49.73;1.44;19/09/2026;16:00;20.9;6;AVERSES;5;40.7;0
Neufchâtel-en-Bray;49.73;1.44;19/09/2026;17:00;19.9;6;AVERSES;8;37.8;0
Neufchâtel-en-Bray;49.73;1.44;19/09/2026;18:00;19.9;6;AVERSES;8;33.5;0
Neufchâtel-en-Bray;49.73;1.44;19/09/2026;19:00;19.9;6;AVERSES;8;28.4;0
Neufchâtel-en-Bray;49.73;1.44;19/09/2026;20:00;18.7;6;AVERSES;5;25.6;0
Neufchâtel-en-Bray;49.73;1.44;19/09/2026;21:00;18.2;6;AVERSES;5;26.3;0
Neufchâtel-en-Bray;49.73;1.44;19/09/2026;22:00;17.7;6;AVERSES;5;28.8;0
Neufchâtel-en-Bray;49.73;1.44;19/09/2026;23:00;18.5;6;AVERSES;8;31.0;0
Neufchâtel-en-Bray;49.73;1.44;20/09/2026;00:00;18.5;6;AVERSES;8;31.3;0
Neufchâtel-en-Bray;49.73;1.44;20/09/2026;01:00;18.5;6;AVERSES;8;31.3;0
Neufchâtel-en-Bray;49.73;1.44;20/09/2026;02:00;16.6;6;AVERSES;5;31.6;0
Neufchâtel-en-Bray;49.73;1.44;20/09/2026;03:00;16.6;6;AVERSES;5;32.0;0
Neufchâtel-en-Bray;49.73;1.44;20/09/2026;04:00;16.6;6;AVERSES;5;32.8;0
Neufchâtel-en-Bray;49.73;1.44;20/09/2026;05:00;17.5;6;AVERSES;8;33.1;0
Neufchâtel-en-Bray;49.73;1.44;20/09/2026;06:00;17.5;6;AVERSES;8;33.1;0
Neufchâtel-en-Bray;49.73;1.44;20/09/2026;07:00;17.5;6;AVERSES;8;32.8;0
Neufchâtel-en-Bray;49.73;1.44;20/09/2026;08:00;17.5;6;AVERSES;5;32.8;0
Neufchâtel-en-Bray;49.73;1.44;20/09/2026;09:00;17.9;6;AVERSES;5;33.8;0
Neufchâtel-en-Bray;49.73;1.44;20/09/2026;10:00;18.4;6;AVERSES;5;34.9;0
Neufchâtel-en-Bray;49.73;1.44;20/09/2026;11:00;20.2;7;PLUIE FAIBLE;7;36.0;0
Neufchâtel-en-Bray;49.73;1.44;20/09/2026;12:00;20.2;7;PLUIE FAIBLE;7;36.4;0
Neufchâtel-en-Bray;49.73;1.44;20/09/2026;13:00;20.2;7;PLUIE FAIBLE;7;36.7;0
Neufchâtel-en-Bray;49.73;1.44;20/09/2026;14:00;20.2;6;AVERSES;5;36.4;0
Neufchâtel-en-Bray;49.73;1.44;20/09/2026;15:00;20.6;6;AVERSES;5;35.3;0
Neufchâtel-en-Bray;49.73;1.44;20/09/2026;16:00;20.2;6;AVERSES;5;33.8;0
Neufchâtel-en-Bray;49.73;1.44;20/09/2026;17:00;18.2;2;NUAGEUX;7;32.0;0
Neufchâtel-en-Bray;49.73;1.44;20/09/2026;18:00;18.2;2;NUAGEUX;7;29.9;0
Neufchâtel-en-Bray;49.73;1.44;20/09/2026;19:00;18.2;2;NUAGEUX;7;27.7;0
Neufchâtel-en-Bray;49.73;1.44;20/09/2026;20:00;18.4;6;AVERSES;5;25.6;0
Neufchâtel-en-Bray;49.73;1.44;20/09/2026;21:00;17.9;6;AVERSES;5;23.8;0
Neufchâtel-en-Bray;49.73;1.44;20/09/2026;22:00;17.5;6;AVERSES;5;22.0;0
Neufchâtel-en-Bray;49.73;1.44;20/09/2026;23:00;16.2;0;SOLEIL;6;20.9;0
Rouen;49.44;1.09;16/09/2026;00:00;13.1;0;SOLEIL;3;19.4;0
Rouen;49.44;1.09;16/09/2026;01:00;13.1;2;NUAGEUX;2;17.3;0
Rouen;49.44;1.09;16/09/2026;02:00;12.9;2;NUAGEUX;2;16.6;0
Rouen;49.44;1.09;16/09/2026;03:00;13.1;2;NUAGEUX;2;16.2;0
Rouen;49.44;1.09;16/09/2026;04:00;12.6;2;NUAGEUX;2;13.7;0
Rouen;49.44;1.09;16/09/2026;05:00;11.1;6;AVERSES;2;10.8;0.1
Rouen;49.44;1.09;16/09/2026;06:00;11.3;2;NUAGEUX;1;9.4;0
Rouen;49.44;1.09;16/09/2026;07:00;12.5;2;NUAGEUX;1;10.8;0
Rouen;49.44;1.09;16/09/2026;08:00;15.1;6;AVERSES;2;10.4;1.4
Rouen;49.44;1.09;16/09/2026;09:00;17.4;6;AVERSES;4;11.2;0.2
Rouen;49.44;1.09;16/09/2026;10:00;18.5;2;NUAGEUX;4;23.4;0
Rouen;49.44;1.09;16/09/2026;11:00;19.6;2;NUAGEUX;5;31.3;0
Rouen;49.44;1.09;16/09/2026;12:00;18.8;2;NUAGEUX;5;36.4;0
Rouen;49.44;1.09;16/09/2026;13:00;19.1;2;NUAGEUX;5;35.6;0
Rouen;49.44;1.09;16/09/2026;14:00;19.1;2;NUAGEUX;5;36.0;0
Rouen;49.44;1.09;16/09/2026;15:00;18.8;2;NUAGEUX;5;38.5;0
Rouen;49.44;1.09;16/09/2026;16:00;18.1;0;SOLEIL;5;36.7;0
Rouen;49.44;1.09;16/09/2026;17:00;17.3;0;SOLEIL;5;36.0;0
Rouen;49.44;1.09;16/09/2026;18:00;16.2;0;SOLEIL;3;34.9;0
Rouen;49.44;1.09;16/09/2026;19:00;14.5;0;SOLEIL;3;33.5;0
Rouen;49.44;1.09;16/09/2026;20:00;12.8;0;SOLEIL;3;24.5;0
Rouen;49.44;1.09;16/09/2026;21:00;11.7;0;SOLEIL;3;9.4;0
Rouen;49.44;1.09;16/09/2026;22:00;10.9;0;SOLEIL;3;5.0;0
Rouen;49.44;1.09;16/09/2026;23:00;10.5;5;SOLEIL VOILÉ;3;3.6;0
Rouen;49.44;1.09;17/09/2026;00:00;10.2;5;SOLEIL VOILÉ;3;2.9;0
Rouen;49.44;1.09;17/09/2026;01:00;10.2;5;SOLEIL VOILÉ;3;4.7;0
Rouen;49.44;1.09;17/09/2026;02:00;9.7;2;NUAGEUX;4;7.9;0
Rouen;49.44;1.09;17/09/2026;03:00;9.7;2;NUAGEUX;4;10.4;0
Rouen;49.44;1.09;17/09/2026;04:00;9.7;2;NUAGEUX;4;13.5;0
Rouen;49.44;1.09;17/09/2026;05:00;11.1;2;NUAGEUX;4;18.8;0
Rouen;49.44;1.09;17/09/2026;06:00;11.1;2;NUAGEUX;4;20.2;0
Rouen;49.44;1.09;17/09/2026;07:00;11.1;2;NUAGEUX;4;20.2;0
Rouen;49.44;1.09;17/09/2026;08:00;16.6;2;NUAGEUX;6;22.0;0
Rouen;49.44;1.09;17/09/2026;09:00;16.6;2;NUAGEUX;6;25.9;0
Rouen;49.44;1.09;17/09/2026;10:00;16.6;2;NUAGEUX;6;31.7;0
Rouen;49.44;1.09;17/09/2026;11:00;18.1;2;NUAGEUX;6;37.1;0
Rouen;49.44;1.09;17/09/2026;12:00;18.1;2;NUAGEUX;6;36.4;0
Rouen;49.44;1.09;17/09/2026;13:00;18.1;2;NUAGEUX;6;35.6;0
Rouen;49.44;1.09;17/09/2026;14:00;18.9;6;AVERSES;6;35.6;0
Rouen;49.44;1.09;17/09/2026;15:00;18.9;6;AVERSES;6;40.7;0
Rouen;49.44;1.09;17/09/2026;16:00;18.9;6;AVERSES;6;40.3;0
Rouen;49.44;1.09;17/09/2026;17:00;16.7;6;AVERSES;5;40.7;0
Rouen;49.44;1.09;17/09/2026;18:00;16.7;6;AVERSES;5;40.0;0
Rouen;49.44;1.09;17/09/2026;19:00;16.7;6;AVERSES;5;35.3;0
Rouen;49.44;1.09;17/09/2026;20:00;13.5;0;SOLEIL;4;31.0;0
Rouen;49.44;1.09;17/09/2026;21:00;13.5;0;SOLEIL;4;26.3;0
Rouen;49.44;1.09;17/09/2026;22:00;13.5;0;SOLEIL;4;18.0;0
Rouen;49.44;1.09;17/09/2026;23:00;11.1;0;SOLEIL;3;15.5;0
Rouen;49.44;1.09;18/09/2026;00:00;11.1;0;SOLEIL;3;13.7;0
Rouen;49.44;1.09;18/09/2026;01:00;11.1;0;SOLEIL;3;9.4;0
Rouen;49.44;1.09;18/09/2026;02:00;10.1;0;SOLEIL;3;9.7;0
Rouen;49.44;1.09;18/09/2026;03:00;10.1;0;SOLEIL;3;8.6;0
Rouen;49.44;1.09;18/09/2026;04:00;10.1;0;SOLEIL;3;9.4;0
Rouen;49.44;1.09;18/09/2026;05:00;9;0;SOLEIL;3;9.4;0
Rouen;49.44;1.09;18/09/2026;06:00;9;0;SOLEIL;3;9.4;0
Rouen;49.44;1.09;18/09/2026;07:00;9;0;SOLEIL;3;9.0;0
Rouen;49.44;1.09;18/09/2026;08:00;16;0;SOLEIL;4;9.0;0
Rouen;49.44;1.09;18/09/2026;09:00;16;0;SOLEIL;4;13.3;0
Rouen;49.44;1.09;18/09/2026;10:00;16;0;SOLEIL;4;19.4;0
Rouen;49.44;1.09;18/09/2026;11:00;19.6;2;NUAGEUX;5;24.5;0
Rouen;49.44;1.09;18/09/2026;12:00;19.6;2;NUAGEUX;5;27.4;0
Rouen;49.44;1.09;18/09/2026;13:00;19.6;2;NUAGEUX;5;29.2;0
Rouen;49.44;1.09;18/09/2026;14:00;20.1;2;NUAGEUX;5;30.6;0
Rouen;49.44;1.09;18/09/2026;15:00;20.1;2;NUAGEUX;5;32.8;0
Rouen;49.44;1.09;18/09/2026;16:00;20.1;2;NUAGEUX;5;34.9;0
Rouen;49.44;1.09;18/09/2026;17:00;18.1;2;NUAGEUX;4;34.6;0
Rouen;49.44;1.09;18/09/2026;18:00;18.1;2;NUAGEUX;4;29.2;0
Rouen;49.44;1.09;18/09/2026;19:00;18.1;2;NUAGEUX;4;21.2;0
Rouen;49.44;1.09;18/09/2026;20:00;13.7;2;NUAGEUX;5;15.8;0
Rouen;49.44;1.09;18/09/2026;21:00;12.3;2;NUAGEUX;5;14.8;0
Rouen;49.44;1.09;18/09/2026;22:00;10.9;2;NUAGEUX;5;16.2;0
Rouen;49.44;1.09;18/09/2026;23:00;15;2;NUAGEUX;5;17.6;0
Rouen;49.44;1.09;19/09/2026;00:00;15;2;NUAGEUX;5;18.7;0
Rouen;49.44;1.09;19/09/2026;01:00;15;2;NUAGEUX;5;20.2;0
Rouen;49.44;1.09;19/09/2026;02:00;14;7;PLUIE FAIBLE;5;21.6;0
Rouen;49.44;1.09;19/09/2026;03:00;14;7;PLUIE FAIBLE;5;23.0;0
Rouen;49.44;1.09;19/09/2026;04:00;14;7;PLUIE FAIBLE;5;24.8;0
Rouen;49.44;1.09;19/09/2026;05:00;15;7;PLUIE FAIBLE;5;25.9;0
Rouen;49.44;1.09;19/09/2026;06:00;15;7;PLUIE FAIBLE;5;25.9;0
Rouen;49.44;1.09;19/09/2026;07:00;15;7;PLUIE FAIBLE;5;25.6;0
Rouen;49.44;1.09;19/09/2026;08:00;15.6;7;PLUIE FAIBLE;5;25.9;0
Rouen;49.44;1.09;19/09/2026;09:00;16.4;7;PLUIE FAIBLE;5;27.0;0
Rouen;49.44;1.09;19/09/2026;10:00;17.2;7;PLUIE FAIBLE;5;28.8;0
Rouen;49.44;1.09;19/09/2026;11:00;19.7;6;AVERSES;6;31.0;0
Rouen;49.44;1.09;19/09/2026;12:00;19.7;6;AVERSES;6;34.2;0
Rouen;49.44;1.09;19/09/2026;13:00;19.7;6;AVERSES;6;38.2;0
Rouen;49.44;1.09;19/09/2026;14:00;20.3;7;PLUIE FAIBLE;5;40.7;0
Rouen;49.44;1.09;19/09/2026;15:00;21.1;7;PLUIE FAIBLE;5;41.0;0
Rouen;49.44;1.09;19/09/2026;16:00;20.3;7;PLUIE FAIBLE;5;40.3;0
Rouen;49.44;1.09;19/09/2026;17:00;18.2;7;PLUIE FAIBLE;5;38.5;0
Rouen;49.44;1.09;19/09/2026;18:00;18.2;7;PLUIE FAIBLE;5;35.3;0
Rouen;49.44;1.09;19/09/2026;19:00;18.2;7;PLUIE FAIBLE;5;31.0;0
Rouen;49.44;1.09;19/09/2026;20:00;17.2;7;PLUIE FAIBLE;5;27.4;0
Rouen;49.44;1.09;19/09/2026;21:00;16.4;7;PLUIE FAIBLE;5;24.8;0
Rouen;49.44;1.09;19/09/2026;22:00;15.6;7;PLUIE FAIBLE;5;23.4;0
Rouen;49.44;1.09;19/09/2026;23:00;16;7;PLUIE FAIBLE;4;22.3;0
Rouen;49.44;1.09;20/09/2026;00:00;16;7;PLUIE FAIBLE;4;22.7;0
Rouen;49.44;1.09;20/09/2026;01:00;16;7;PLUIE FAIBLE;4;24.1;0
Rouen;49.44;1.09;20/09/2026;02:00;13.1;6;AVERSES;5;25.2;0
Rouen;49.44;1.09;20/09/2026;03:00;13.1;6;AVERSES;5;25.6;0
Rouen;49.44;1.09;20/09/2026;04:00;13.1;6;AVERSES;5;25.2;0
Rouen;49.44;1.09;20/09/2026;05:00;13.6;7;PLUIE FAIBLE;4;25.2;0
Rouen;49.44;1.09;20/09/2026;06:00;13.6;7;PLUIE FAIBLE;4;24.8;0
Rouen;49.44;1.09;20/09/2026;07:00;13.6;7;PLUIE FAIBLE;4;24.8;0
Rouen;49.44;1.09;20/09/2026;08:00;14.5;6;AVERSES;5;25.9;0
Rouen;49.44;1.09;20/09/2026;09:00;15.3;6;AVERSES;5;29.2;0
Rouen;49.44;1.09;20/09/2026;10:00;16.0;6;AVERSES;5;33.5;0
Rouen;49.44;1.09;20/09/2026;11:00;19;6;AVERSES;6;36.7;0
Rouen;49.44;1.09;20/09/2026;12:00;19;6;AVERSES;6;37.4;0
Rouen;49.44;1.09;20/09/2026;13:00;19;6;AVERSES;6;37.1;0
Rouen;49.44;1.09;20/09/2026;14:00;18.9;6;AVERSES;5;36.7;0
Rouen;49.44;1.09;20/09/2026;15:00;19.6;6;AVERSES;5;37.8;0
Rouen;49.44;1.09;20/09/2026;16:00;18.9;6;AVERSES;5;39.2;0
Rouen;49.44;1.09;20/09/2026;17:00;17.1;2;NUAGEUX;3;39.2;0
Rouen;49.44;1.09;20/09/2026;18:00;17.1;2;NUAGEUX;3;37.1;0
Rouen;49.44;1.09;20/09/2026;19:00;17.1;2;NUAGEUX;3;33.5;0
Rouen;49.44;1.09;20/09/2026;20:00;16.0;6;AVERSES;5;29.5;0
Rouen;49.44;1.09;20/09/2026;21:00;15.3;6;AVERSES;5;25.2;0
Rouen;49.44;1.09;20/09/2026;22:00;14.5;6;AVERSES;5;20.5;0
Rouen;49.44;1.09;20/09/2026;23:00;13.1;0;SOLEIL;2;17.6;0
Le Tréport;50.06;1.37;16/09/2026;00:00;17.9;2;NUAGEUX;6;41.8;0
Le Tréport;50.06;1.37;16/09/2026;01:00;17.2;2;NUAGEUX;6;40.3;0
Le Tréport;50.06;1.37;16/09/2026;02:00;16.1;2;NUAGEUX;6;40.7;0
Le Tréport;50.06;1.37;16/09/2026;03:00;15.7;2;NUAGEUX;5;40.0;0
Le Tréport;50.06;1.37;16/09/2026;04:00;15.6;2;NUAGEUX;5;39.6;0
Le Tréport;50.06;1.37;16/09/2026;05:00;14.9;0;SOLEIL;5;36.7;0
Le Tréport;50.06;1.37;16/09/2026;06:00;15.4;2;NUAGEUX;5;33.1;0
Le Tréport;50.06;1.37;16/09/2026;07:00;16.2;2;NUAGEUX;5;31.7;0
Le Tréport;50.06;1.37;16/09/2026;08:00;15.7;2;NUAGEUX;5;31.0;0
Le Tréport;50.06;1.37;16/09/2026;09:00;17.1;2;NUAGEUX;5;31.3;0
Le Tréport;50.06;1.37;16/09/2026;10:00;17.4;2;NUAGEUX;5;32.4;0
Le Tréport;50.06;1.37;16/09/2026;11:00;17.5;2;NUAGEUX;5;32.0;0
Le Tréport;50.06;1.37;16/09/2026;12:00;17.8;2;NUAGEUX;5;32.4;0
Le Tréport;50.06;1.37;16/09/2026;13:00;17.8;2;NUAGEUX;5;32.8;0
Le Tréport;50.06;1.37;16/09/2026;14:00;17.7;2;NUAGEUX;5;34.9;0
Le Tréport;50.06;1.37;16/09/2026;15:00;17.5;2;NUAGEUX;5;36.4;0
Le Tréport;50.06;1.37;16/09/2026;16:00;17.1;0;SOLEIL;5;36.4;0
Le Tréport;50.06;1.37;16/09/2026;17:00;16.7;0;SOLEIL;5;34.9;0
Le Tréport;50.06;1.37;16/09/2026;18:00;16.4;0;SOLEIL;5;38.5;0
Le Tréport;50.06;1.37;16/09/2026;19:00;15.9;0;SOLEIL;6;36.4;0
Le Tréport;50.06;1.37;16/09/2026;20:00;15.3;2;NUAGEUX;6;28.4;0
Le Tréport;50.06;1.37;16/09/2026;21:00;17.6;2;NUAGEUX;7;29.5;0
Le Tréport;50.06;1.37;16/09/2026;22:00;17.2;2;NUAGEUX;4;25.9;0
Le Tréport;50.06;1.37;16/09/2026;23:00;16.9;2;NUAGEUX;5;23.8;0
Le Tréport;50.06;1.37;17/09/2026;00:00;16.4;5;SOLEIL VOILÉ;5;19.4;0
Le Tréport;50.06;1.37;17/09/2026;01:00;16.4;5;SOLEIL VOILÉ;5;17.3;0
Le Tréport;50.06;1.37;17/09/2026;02:00;13.4;2;NUAGEUX;5;18.7;0
Le Tréport;50.06;1.37;17/09/2026;03:00;13.4;2;NUAGEUX;5;24.4;0
Le Tréport;50.06;1.37;17/09/2026;04:00;13.4;2;NUAGEUX;5;28.8;0
Le Tréport;50.06;1.37;17/09/2026;05:00;14.5;6;AVERSES;5;30.5;0
Le Tréport;50.06;1.37;17/09/2026;06:00;14.5;6;AVERSES;5;31.3;0
Le Tréport;50.06;1.37;17/09/2026;07:00;14.5;6;AVERSES;5;37.8;0
Le Tréport;50.06;1.37;17/09/2026;08:00;16.2;2;NUAGEUX;6;39.2;0
Le Tréport;50.06;1.37;17/09/2026;09:00;16.2;2;NUAGEUX;6;42.1;0
Le Tréport;50.06;1.37;17/09/2026;10:00;16.2;2;NUAGEUX;6;44.3;0
Le Tréport;50.06;1.37;17/09/2026;11:00;17.4;6;AVERSES;7;45.7;0
Le Tréport;50.06;1.37;17/09/2026;12:00;17.4;6;AVERSES;7;45.4;0
Le Tréport;50.06;1.37;17/09/2026;13:00;17.4;6;AVERSES;7;49.3;0
Le Tréport;50.06;1.37;17/09/2026;14:00;17.1;2;NUAGEUX;7;49.7;0
Le Tréport;50.06;1.37;17/09/2026;15:00;17.1;2;NUAGEUX;7;49.3;0
Le Tréport;50.06;1.37;17/09/2026;16:00;17.1;2;NUAGEUX;7;49.0;0
Le Tréport;50.06;1.37;17/09/2026;17:00;16.6;6;AVERSES;9;55.1;0
Le Tréport;50.06;1.37;17/09/2026;18:00;16.6;6;AVERSES;9;54.7;0
Le Tréport;50.06;1.37;17/09/2026;19:00;16.6;6;AVERSES;9;47.2;0
Le Tréport;50.06;1.37;17/09/2026;20:00;15.2;6;AVERSES;5;43.6;0
Le Tréport;50.06;1.37;17/09/2026;21:00;15.2;6;AVERSES;5;37.8;0
Le Tréport;50.06;1.37;17/09/2026;22:00;15.2;6;AVERSES;5;32.8;0
Le Tréport;50.06;1.37;17/09/2026;23:00;14.2;0;SOLEIL;7;38.9;0
Le Tréport;50.06;1.37;18/09/2026;00:00;14.2;0;SOLEIL;7;40.0;0
Le Tréport;50.06;1.37;18/09/2026;01:00;14.2;0;SOLEIL;7;32.0;0
Le Tréport;50.06;1.37;18/09/2026;02:00;14.9;0;SOLEIL;7;32.4;0
Le Tréport;50.06;1.37;18/09/2026;03:00;14.9;0;SOLEIL;7;28.4;0
Le Tréport;50.06;1.37;18/09/2026;04:00;14.9;0;SOLEIL;7;28.4;0
Le Tréport;50.06;1.37;18/09/2026;05:00;14.1;0;SOLEIL;6;27.7;0
Le Tréport;50.06;1.37;18/09/2026;06:00;14.1;0;SOLEIL;6;27.0;0
Le Tréport;50.06;1.37;18/09/2026;07:00;14.1;0;SOLEIL;6;25.9;0
Le Tréport;50.06;1.37;18/09/2026;08:00;16.9;0;SOLEIL;5;22.7;0
Le Tréport;50.06;1.37;18/09/2026;09:00;16.9;0;SOLEIL;5;24.1;0
Le Tréport;50.06;1.37;18/09/2026;10:00;16.9;0;SOLEIL;5;27.0;0
Le Tréport;50.06;1.37;18/09/2026;11:00;18.6;5;SOLEIL VOILÉ;7;29.5;0
Le Tréport;50.06;1.37;18/09/2026;12:00;18.6;5;SOLEIL VOILÉ;7;31.7;0
Le Tréport;50.06;1.37;18/09/2026;13:00;18.6;5;SOLEIL VOILÉ;7;33.8;0
Le Tréport;50.06;1.37;18/09/2026;14:00;18.7;2;NUAGEUX;7;36.0;0
Le Tréport;50.06;1.37;18/09/2026;15:00;18.7;2;NUAGEUX;7;39.2;0
Le Tréport;50.06;1.37;18/09/2026;16:00;18.7;2;NUAGEUX;7;42.8;0
Le Tréport;50.06;1.37;18/09/2026;17:00;18;2;NUAGEUX;5;44.3;0
Le Tréport;50.06;1.37;18/09/2026;18:00;18;2;NUAGEUX;5;42.1;0
Le Tréport;50.06;1.37;18/09/2026;19:00;18;2;NUAGEUX;5;38.2;0
Le Tréport;50.06;1.37;18/09/2026;20:00;16.2;2;NUAGEUX;5;35.3;0
Le Tréport;50.06;1.37;18/09/2026;21:00;15.6;2;NUAGEUX;5;34.9;0
Le Tréport;50.06;1.37;18/09/2026;22:00;15.0;2;NUAGEUX;5;36.0;0
Le Tréport;50.06;1.37;18/09/2026;23:00;17.5;2;NUAGEUX;5;36.7;0
Le Tréport;50.06;1.37;19/09/2026;00:00;17.5;2;NUAGEUX;5;37.1;0
Le Tréport;50.06;1.37;19/09/2026;01:00;17.5;2;NUAGEUX;5;37.4;0
Le Tréport;50.06;1.37;19/09/2026;02:00;16.1;7;PLUIE FAIBLE;5;38.2;0
Le Tréport;50.06;1.37;19/09/2026;03:00;16.1;7;PLUIE FAIBLE;5;40.0;0
Le Tréport;50.06;1.37;19/09/2026;04:00;16.1;7;PLUIE FAIBLE;5;42.5;0
Le Tréport;50.06;1.37;19/09/2026;05:00;17.2;7;PLUIE FAIBLE;5;43.9;0
Le Tréport;50.06;1.37;19/09/2026;06:00;17.2;7;PLUIE FAIBLE;5;43.6;0
Le Tréport;50.06;1.37;19/09/2026;07:00;17.2;7;PLUIE FAIBLE;5;42.5;0
Le Tréport;50.06;1.37;19/09/2026;08:00;17.2;7;PLUIE FAIBLE;5;41.8;0
Le Tréport;50.06;1.37;19/09/2026;09:00;17.7;7;PLUIE FAIBLE;5;41.8;0
Le Tréport;50.06;1.37;19/09/2026;10:00;18.3;7;PLUIE FAIBLE;5;41.8;0
Le Tréport;50.06;1.37;19/09/2026;11:00;20;7;PLUIE FAIBLE;6;42.8;0
Le Tréport;50.06;1.37;19/09/2026;12:00;20;7;PLUIE FAIBLE;6;45.0;0
Le Tréport;50.06;1.37;19/09/2026;13:00;20;7;PLUIE FAIBLE;6;47.9;0
Le Tréport;50.06;1.37;19/09/2026;14:00;20.5;7;PLUIE FAIBLE;5;49.7;0
Le Tréport;50.06;1.37;19/09/2026;15:00;21.0;7;PLUIE FAIBLE;5;50.4;0
Le Tréport;50.06;1.37;19/09/2026;16:00;20.5;7;PLUIE FAIBLE;5;50.0;0
Le Tréport;50.06;1.37;19/09/2026;17:00;19.5;6;AVERSES;5;49.0;0
Le Tréport;50.06;1.37;19/09/2026;18:00;19.5;6;AVERSES;5;47.2;0
Le Tréport;50.06;1.37;19/09/2026;19:00;19.5;6;AVERSES;5;44.3;0
Le Tréport;50.06;1.37;19/09/2026;20:00;18.3;7;PLUIE FAIBLE;5;42.1;0
Le Tréport;50.06;1.37;19/09/2026;21:00;17.7;7;PLUIE FAIBLE;5;40.3;0
Le Tréport;50.06;1.37;19/09/2026;22:00;17.2;7;PLUIE FAIBLE;5;39.2;0
Le Tréport;50.06;1.37;19/09/2026;23:00;18.4;7;PLUIE FAIBLE;5;38.2;0
Le Tréport;50.06;1.37;20/09/2026;00:00;18.4;7;PLUIE FAIBLE;5;35.7;0
Le Tréport;50.06;1.37;20/09/2026;01:00;18.4;7;PLUIE FAIBLE;5;33.8;0
Le Tréport;50.06;1.37;20/09/2026;02:00;16.6;6;AVERSES;5;32.5;0
Le Tréport;50.06;1.37;20/09/2026;03:00;16.6;6;AVERSES;5;31.3;0
Le Tréport;50.06;1.37;20/09/2026;04:00;16.6;6;AVERSES;5;31.3;0
Le Tréport;50.06;1.37;20/09/2026;05:00;17.5;7;PLUIE FAIBLE;5;31.7;0
Le Tréport;50.06;1.37;20/09/2026;06:00;17.5;7;PLUIE FAIBLE;5;31.7;0
Le Tréport;50.06;1.37;20/09/2026;07:00;17.5;7;PLUIE FAIBLE;5;31.3;0
Le Tréport;50.06;1.37;20/09/2026;08:00;17.4;6;AVERSES;5;32.0;0
Le Tréport;50.06;1.37;20/09/2026;09:00;17.7;6;AVERSES;5;33.8;0
Le Tréport;50.06;1.37;20/09/2026;10:00;18.1;6;AVERSES;5;36.4;0
Le Tréport;50.06;1.37;20/09/2026;11:00;19;6;AVERSES;6;38.9;0
Le Tréport;50.06;1.37;20/09/2026;12:00;19;6;AVERSES;6;41.0;0
Le Tréport;50.06;1.37;20/09/2026;13:00;19;6;AVERSES;6;43.2;0
Le Tréport;50.06;1.37;20/09/2026;14:00;19.6;6;AVERSES;5;44.3;0
Le Tréport;50.06;1.37;20/09/2026;15:00;20.0;6;AVERSES;5;44.3;0
Le Tréport;50.06;1.37;20/09/2026;16:00;19.6;6;AVERSES;5;43.2;0
Le Tréport;50.06;1.37;20/09/2026;17:00;18.5;2;NUAGEUX;4;41.8;0
Le Tréport;50.06;1.37;20/09/2026;18:00;18.5;2;NUAGEUX;4;39.6;0
Le Tréport;50.06;1.37;20/09/2026;19:00;18.5;2;NUAGEUX;4;36.7;0
Le Tréport;50.06;1.37;20/09/2026;20:00;18.1;6;AVERSES;5;33.8;0
Le Tréport;50.06;1.37;20/09/2026;21:00;17.7;6;AVERSES;5;30.2;0
Le Tréport;50.06;1.37;20/09/2026;22:00;17.4;6;AVERSES;5;26.3;0
Le Tréport;50.06;1.37;20/09/2026;23:00;16.6;0;SOLEIL;3;23.8;0
