Ville;Latitude;Longitude;Date;Heure;temperature_2m;weathercode;Temps_Label;windspeed_10m;wind_gusts_10m;precipitation
BREST;48.39;-4.48;27/09/2026;00:00;17.9;0;SOLEIL;2;16.9;0
BREST;48.39;-4.48;27/09/2026;01:00;17.6;0;SOLEIL;2;10.4;0
BREST;48.39;-4.48;27/09/2026;02:00;17.1;0;SOLEIL;2;8.3;0
BREST;48.39;-4.48;27/09/2026;03:00;16.5;0;SOLEIL;2;6.8;0
BREST;48.39;-4.48;27/09/2026;04:00;16.6;0;SOLEIL;2;4.7;0
BREST;48.39;-4.48;27/09/2026;05:00;16.1;0;SOLEIL;2;3.6;0
BREST;48.39;-4.48;27/09/2026;06:00;15.8;0;SOLEIL;2;3.2;0
BREST;48.39;-4.48;27/09/2026;07:00;17;0;SOLEIL;2;6.1;0
BREST;48.39;-4.48;27/09/2026;08:00;18;0;SOLEIL;2;7.2;0
BREST;48.39;-4.48;27/09/2026;09:00;20.1;5;SOLEIL VOILÉ;2;9.7;0
BREST;48.39;-4.48;27/09/2026;10:00;22.6;5;SOLEIL VOILÉ;2;14.0;0
BREST;48.39;-4.48;27/09/2026;11:00;23.9;5;SOLEIL VOILÉ;3;16.9;0
BREST;48.39;-4.48;27/09/2026;12:00;24.9;5;SOLEIL VOILÉ;3;18.4;0
BREST;48.39;-4.48;27/09/2026;13:00;25.8;5;SOLEIL VOILÉ;4;22.7;0
BREST;48.39;-4.48;27/09/2026;14:00;26.8;2;NUAGEUX;4;23.8;0
BREST;48.39;-4.48;27/09/2026;15:00;26.7;2;NUAGEUX;4;23.0;0
BREST;48.39;-4.48;27/09/2026;16:00;26.4;2;NUAGEUX;4;21.6;0
BREST;48.39;-4.48;27/09/2026;17:00;25.7;2;NUAGEUX;4;22.3;0
BREST;48.39;-4.48;27/09/2026;18:00;24.9;2;NUAGEUX;3;20.5;0
BREST;48.39;-4.48;27/09/2026;19:00;24.1;5;SOLEIL VOILÉ;2;14.0;0
BREST;48.39;-4.48;27/09/2026;20:00;23.5;5;SOLEIL VOILÉ;3;11.9;0
BREST;48.39;-4.48;27/09/2026;21:00;23.1;5;SOLEIL VOILÉ;2;6.1;0
BREST;48.39;-4.48;27/09/2026;22:00;22.6;5;SOLEIL VOILÉ;2;5.8;0
BREST;48.39;-4.48;27/09/2026;23:00;21.7;2;NUAGEUX;3;4.0;0
BREST;48.39;-4.48;28/09/2026;00:00;21.4;2;NUAGEUX;3;2.9;0
BREST;48.39;-4.48;28/09/2026;01:00;21.4;2;NUAGEUX;3;14.8;0
BREST;48.39;-4.48;28/09/2026;02:00;20.1;2;NUAGEUX;1;6.5;0
BREST;48.39;-4.48;28/09/2026;03:00;20.1;2;NUAGEUX;1;7.5;0
BREST;48.39;-4.48;28/09/2026;04:00;20.1;2;NUAGEUX;1;19.1;0
BREST;48.39;-4.48;28/09/2026;05:00;19.2;2;NUAGEUX;2;11.3;0
BREST;48.39;-4.48;28/09/2026;06:00;19.2;2;NUAGEUX;2;23.8;0
BREST;48.39;-4.48;28/09/2026;07:00;19.2;2;NUAGEUX;2;16.6;0
BREST;48.39;-4.48;28/09/2026;08:00;21.4;2;NUAGEUX;2;16.9;0
BREST;48.39;-4.48;28/09/2026;09:00;21.4;2;NUAGEUX;2;7.6;0
BREST;48.39;-4.48;28/09/2026;10:00;21.4;2;NUAGEUX;2;6.5;0
BREST;48.39;-4.48;28/09/2026;11:00;22.9;2;NUAGEUX;2;9.4;0
BREST;48.39;-4.48;28/09/2026;12:00;22.9;2;NUAGEUX;2;25.2;0
BREST;48.39;-4.48;28/09/2026;13:00;22.9;2;NUAGEUX;2;17.6;0
BREST;48.39;-4.48;28/09/2026;14:00;23.1;6;AVERSES;3;18.0;0
BREST;48.39;-4.48;28/09/2026;15:00;23.1;6;AVERSES;3;16.9;0
BREST;48.39;-4.48;28/09/2026;16:00;23.1;6;AVERSES;3;32.0;0
BREST;48.39;-4.48;28/09/2026;17:00;21.6;5;SOLEIL VOILÉ;4;34.9;0
BREST;48.39;-4.48;28/09/2026;18:00;21.6;5;SOLEIL VOILÉ;4;24.1;0
BREST;48.39;-4.48;28/09/2026;19:00;21.6;5;SOLEIL VOILÉ;4;15.8;0
BREST;48.39;-4.48;28/09/2026;20:00;20.6;5;SOLEIL VOILÉ;3;15.1;0
BREST;48.39;-4.48;28/09/2026;21:00;20.6;5;SOLEIL VOILÉ;3;9.7;0
BREST;48.39;-4.48;28/09/2026;22:00;20.6;5;SOLEIL VOILÉ;3;15.5;0
BREST;48.39;-4.48;28/09/2026;23:00;19.4;5;SOLEIL VOILÉ;2;15.5;0
BREST;48.39;-4.48;29/09/2026;00:00;19.4;5;SOLEIL VOILÉ;2;11.5;0
BREST;48.39;-4.48;29/09/2026;01:00;19.4;5;SOLEIL VOILÉ;2;6.8;0
BREST;48.39;-4.48;29/09/2026;02:00;18.6;5;SOLEIL VOILÉ;2;7.2;0
BREST;48.39;-4.48;29/09/2026;03:00;18.6;5;SOLEIL VOILÉ;2;7.2;0
BREST;48.39;-4.48;29/09/2026;04:00;18.6;5;SOLEIL VOILÉ;2;9.4;0
BREST;48.39;-4.48;29/09/2026;05:00;17.6;0;SOLEIL;2;10.4;0
BREST;48.39;-4.48;29/09/2026;06:00;17.6;0;SOLEIL;2;13.0;0
BREST;48.39;-4.48;29/09/2026;07:00;17.6;0;SOLEIL;2;15.1;0
BREST;48.39;-4.48;29/09/2026;08:00;21.6;0;SOLEIL;2;16.2;0
BREST;48.39;-4.48;29/09/2026;09:00;21.6;0;SOLEIL;2;18.7;0
BREST;48.39;-4.48;29/09/2026;10:00;21.6;0;SOLEIL;2;21.6;0
BREST;48.39;-4.48;29/09/2026;11:00;26.9;0;SOLEIL;3;23.8;0
BREST;48.39;-4.48;29/09/2026;12:00;26.9;0;SOLEIL;3;24.5;0
BREST;48.39;-4.48;29/09/2026;13:00;26.9;0;SOLEIL;3;24.5;0
BREST;48.39;-4.48;29/09/2026;14:00;28;0;SOLEIL;4;25.2;0
BREST;48.39;-4.48;29/09/2026;15:00;28;0;SOLEIL;4;27.4;0
BREST;48.39;-4.48;29/09/2026;16:00;28;0;SOLEIL;4;29.9;0
BREST;48.39;-4.48;29/09/2026;17:00;26.2;0;SOLEIL;3;31.0;0
BREST;48.39;-4.48;29/09/2026;18:00;26.2;0;SOLEIL;3;29.2;0
BREST;48.39;-4.48;29/09/2026;19:00;26.2;0;SOLEIL;3;25.9;0
BREST;48.39;-4.48;29/09/2026;20:00;22.3;0;SOLEIL;5;22.7;0
BREST;48.39;-4.48;29/09/2026;21:00;21.0;0;SOLEIL;5;19.1;0
BREST;48.39;-4.48;29/09/2026;22:00;19.7;0;SOLEIL;5;15.1;0
BREST;48.39;-4.48;29/09/2026;23:00;21.4;2;NUAGEUX;3;13.3;0
BREST;48.39;-4.48;30/09/2026;00:00;21.4;2;NUAGEUX;3;15.5;0
BREST;48.39;-4.48;30/09/2026;01:00;21.4;2;NUAGEUX;3;19.4;0
BREST;48.39;-4.48;30/09/2026;02:00;19.6;6;AVERSES;5;22.0;0
BREST;48.39;-4.48;30/09/2026;03:00;19.6;6;AVERSES;5;21.6;0
BREST;48.39;-4.48;30/09/2026;04:00;19.6;6;AVERSES;5;20.2;0
BREST;48.39;-4.48;30/09/2026;05:00;20.4;2;NUAGEUX;3;18.7;0
BREST;48.39;-4.48;30/09/2026;06:00;20.4;2;NUAGEUX;3;18.0;0
BREST;48.39;-4.48;30/09/2026;07:00;20.4;2;NUAGEUX;3;17.6;0
BREST;48.39;-4.48;30/09/2026;08:00;21.0;6;AVERSES;5;18.7;0
BREST;48.39;-4.48;30/09/2026;09:00;21.8;6;AVERSES;5;22.0;0
BREST;48.39;-4.48;30/09/2026;10:00;22.5;6;AVERSES;5;26.3;0
BREST;48.39;-4.48;30/09/2026;11:00;24.2;2;NUAGEUX;4;29.9;0
BREST;48.39;-4.48;30/09/2026;12:00;24.2;2;NUAGEUX;4;32.0;0
BREST;48.39;-4.48;30/09/2026;13:00;24.2;2;NUAGEUX;4;33.8;0
BREST;48.39;-4.48;30/09/2026;14:00;25.4;6;AVERSES;5;33.8;0
BREST;48.39;-4.48;30/09/2026;15:00;26.1;6;AVERSES;5;32.0;0
BREST;48.39;-4.48;30/09/2026;16:00;25.4;6;AVERSES;5;28.4;0
BREST;48.39;-4.48;30/09/2026;17:00;22.6;6;AVERSES;3;25.2;0
BREST;48.39;-4.48;30/09/2026;18:00;22.6;6;AVERSES;3;22.0;0
BREST;48.39;-4.48;30/09/2026;19:00;22.6;6;AVERSES;3;18.7;0
BREST;48.39;-4.48;30/09/2026;20:00;22.5;6;AVERSES;5;17.3;0
BREST;48.39;-4.48;30/09/2026;21:00;21.8;6;AVERSES;5;19.1;0
BREST;48.39;-4.48;30/09/2026;22:00;21.0;6;AVERSES;5;22.3;0
BREST;48.39;-4.48;30/09/2026;23:00;20.2;6;AVERSES;3;24.5;0
BREST;48.39;-4.48;01/10/2026;00:00;20.2;6;AVERSES;3;23.7;0
BREST;48.39;-4.48;01/10/2026;01:00;20.2;6;AVERSES;3;21.2;0
BREST;48.39;-4.48;01/10/2026;02:00;16.5;6;AVERSES;5;19.3;0
BREST;48.39;-4.48;01/10/2026;03:00;16.5;6;AVERSES;5;18.4;0
BREST;48.39;-4.48;01/10/2026;04:00;16.5;6;AVERSES;5;18.7;0
BREST;48.39;-4.48;01/10/2026;05:00;17.9;7;PLUIE FAIBLE;2;18.7;0
BREST;48.39;-4.48;01/10/2026;06:00;17.9;7;PLUIE FAIBLE;2;18.4;0
BREST;48.39;-4.48;01/10/2026;07:00;17.9;7;PLUIE FAIBLE;2;17.3;0
BREST;48.39;-4.48;01/10/2026;08:00;17.4;6;AVERSES;5;16.9;0
BREST;48.39;-4.48;01/10/2026;09:00;17.8;6;AVERSES;5;16.9;0
BREST;48.39;-4.48;01/10/2026;10:00;18.3;6;AVERSES;5;16.9;0
BREST;48.39;-4.48;01/10/2026;11:00;18.7;6;AVERSES;3;16.9;0
BREST;48.39;-4.48;01/10/2026;12:00;18.7;6;AVERSES;3;16.2;0
BREST;48.39;-4.48;01/10/2026;13:00;18.7;6;AVERSES;3;15.5;0
BREST;48.39;-4.48;01/10/2026;14:00;20.1;6;AVERSES;5;16.2;0
BREST;48.39;-4.48;01/10/2026;15:00;20.5;6;AVERSES;5;19.4;0
BREST;48.39;-4.48;01/10/2026;16:00;20.1;6;AVERSES;5;24.5;0
BREST;48.39;-4.48;01/10/2026;17:00;18.6;2;NUAGEUX;2;27.4;0
BREST;48.39;-4.48;01/10/2026;18:00;18.6;2;NUAGEUX;2;27.0;0
BREST;48.39;-4.48;01/10/2026;19:00;18.6;2;NUAGEUX;2;24.5;0
BREST;48.39;-4.48;01/10/2026;20:00;18.3;6;AVERSES;5;23.0;0
BREST;48.39;-4.48;01/10/2026;21:00;17.8;6;AVERSES;5;23.4;0
BREST;48.39;-4.48;01/10/2026;22:00;17.4;6;AVERSES;5;24.5;0
BREST;48.39;-4.48;01/10/2026;23:00;16.6;0;SOLEIL;2;24.1;0
BREST;48.39;-4.48;02/10/2026;00:00;16.6;0;SOLEIL;2;21.6;0
BREST;48.39;-4.48;02/10/2026;01:00;16.6;0;SOLEIL;2;18.0;0
BREST;48.39;-4.48;02/10/2026;02:00;13.2;0;SOLEIL;5;14.4;0
BREST;48.39;-4.48;02/10/2026;03:00;13.2;0;SOLEIL;5;11.5;0
BREST;48.39;-4.48;02/10/2026;04:00;13.2;0;SOLEIL;5;9.0;0
BREST;48.39;-4.48;02/10/2026;05:00;13.7;0;SOLEIL;2;7.2;0
BREST;48.39;-4.48;02/10/2026;06:00;13.7;0;SOLEIL;2;6.1;0
BREST;48.39;-4.48;02/10/2026;07:00;13.7;0;SOLEIL;2;5.8;0
BREST;48.39;-4.48;02/10/2026;08:00;14.8;0;SOLEIL;5;5.8;0
BREST;48.39;-4.48;02/10/2026;09:00;15.6;0;SOLEIL;5;6.5;0
BREST;48.39;-4.48;02/10/2026;10:00;16.4;0;SOLEIL;5;7.9;0
BREST;48.39;-4.48;02/10/2026;11:00;19.2;0;SOLEIL;2;9.4;0
BREST;48.39;-4.48;02/10/2026;12:00;19.2;0;SOLEIL;2;10.8;0
BREST;48.39;-4.48;02/10/2026;13:00;19.2;0;SOLEIL;2;12.2;0
BREST;48.39;-4.48;02/10/2026;14:00;19.6;0;SOLEIL;5;13.3;0
BREST;48.39;-4.48;02/10/2026;15:00;20.4;0;SOLEIL;5;13.3;0
BREST;48.39;-4.48;02/10/2026;16:00;19.6;0;SOLEIL;5;13.0;0
BREST;48.39;-4.48;02/10/2026;17:00;18.6;0;SOLEIL;2;12.6;0
BREST;48.39;-4.48;02/10/2026;18:00;18.6;0;SOLEIL;2;12.2;0
BREST;48.39;-4.48;02/10/2026;19:00;18.6;0;SOLEIL;2;11.5;0
BREST;48.39;-4.48;02/10/2026;20:00;16.4;0;SOLEIL;5;10.8;0
BREST;48.39;-4.48;02/10/2026;21:00;15.6;0;SOLEIL;5;9.4;0
BREST;48.39;-4.48;02/10/2026;22:00;14.8;0;SOLEIL;5;7.6;0
BREST;48.39;-4.48;02/10/2026;23:00;15.6;0;SOLEIL;2;5.8;0
BREST;48.39;-4.48;03/10/2026;00:00;15.6;0;SOLEIL;2;4.3;0
BREST;48.39;-4.48;03/10/2026;01:00;15.6;0;SOLEIL;2;2.9;0
BREST;48.39;-4.48;03/10/2026;02:00;13.1;0;SOLEIL;5;2.2;0
BREST;48.39;-4.48;03/10/2026;03:00;13.1;0;SOLEIL;5;2.9;0
BREST;48.39;-4.48;03/10/2026;04:00;13.1;0;SOLEIL;5;4.0;0
BREST;48.39;-4.48;03/10/2026;05:00;13.7;0;SOLEIL;2;5.0;0
BREST;48.39;-4.48;03/10/2026;06:00;13.7;0;SOLEIL;2;5.0;0
BREST;48.39;-4.48;03/10/2026;07:00;13.7;0;SOLEIL;2;5.0;0
BREST;48.39;-4.48;03/10/2026;08:00;14.8;0;SOLEIL;5;5.8;0
BREST;48.39;-4.48;03/10/2026;09:00;15.7;0;SOLEIL;5;8.3;0
BREST;48.39;-4.48;03/10/2026;10:00;16.6;0;SOLEIL;5;11.5;0
BREST;48.39;-4.48;03/10/2026;11:00;19.9;0;SOLEIL;2;14.8;0
BREST;48.39;-4.48;03/10/2026;12:00;19.9;0;SOLEIL;2;18.1;0
BREST;48.39;-4.48;03/10/2026;13:00;19.9;0;SOLEIL;2;20.9;0
BREST;48.39;-4.48;03/10/2026;14:00;20.0;0;SOLEIL;5;21.9;0
BREST;48.39;-4.48;03/10/2026;15:00;20.9;0;SOLEIL;5;22.0;0
BREST;48.39;-4.48;03/10/2026;16:00;20.0;0;SOLEIL;5;22.3;0
BREST;48.39;-4.48;03/10/2026;17:00;18.9;0;SOLEIL;2;22.7;0
BREST;48.39;-4.48;03/10/2026;18:00;18.9;0;SOLEIL;2;22.7;0
BREST;48.39;-4.48;03/10/2026;19:00;18.9;0;SOLEIL;2;22.7;0
BREST;48.39;-4.48;03/10/2026;20:00;16.6;0;SOLEIL;5;22.3;0
BREST;48.39;-4.48;03/10/2026;21:00;15.7;0;SOLEIL;5;22.0;0
BREST;48.39;-4.48;03/10/2026;22:00;14.8;0;SOLEIL;5;21.2;0
BREST;48.39;-4.48;03/10/2026;23:00;16.4;0;SOLEIL;2;20.2;0
BREST;48.39;-4.48;04/10/2026;00:00;16.4;0;SOLEIL;2;19.1;0
BREST;48.39;-4.48;04/10/2026;01:00;16.4;0;SOLEIL;2;18.0;0
BREST;48.39;-4.48;04/10/2026;02:00;13;0;SOLEIL;5;17.3;0
BREST;48.39;-4.48;04/10/2026;03:00;13;0;SOLEIL;5;16.2;0
BREST;48.39;-4.48;04/10/2026;04:00;13;0;SOLEIL;5;15.1;0
BREST;48.39;-4.48;04/10/2026;05:00;13.6;0;SOLEIL;2;14.0;0
BREST;48.39;-4.48;04/10/2026;06:00;13.6;0;SOLEIL;2;13.0;0
BREST;48.39;-4.48;04/10/2026;07:00;13.6;0;SOLEIL;2;12.6;0
BREST;48.39;-4.48;04/10/2026;08:00;14.8;0;SOLEIL;5;13.0;0
BREST;48.39;-4.48;04/10/2026;09:00;15.7;0;SOLEIL;5;14.4;0
BREST;48.39;-4.48;04/10/2026;10:00;16.6;0;SOLEIL;5;16.9;0
BREST;48.39;-4.48;04/10/2026;11:00;20.1;0;SOLEIL;3;20.2;0
BREST;48.39;-4.48;04/10/2026;12:00;20.1;0;SOLEIL;3;23.4;0
BREST;48.39;-4.48;04/10/2026;13:00;20.1;0;SOLEIL;3;26.3;0
BREST;48.39;-4.48;04/10/2026;14:00;20.2;0;SOLEIL;5;28.1;0
BREST;48.39;-4.48;04/10/2026;15:00;21.1;0;SOLEIL;5;29.2;0
BREST;48.39;-4.48;04/10/2026;16:00;20.2;0;SOLEIL;5;29.5;0
BREST;48.39;-4.48;04/10/2026;17:00;18.1;0;SOLEIL;3;29.9;0
BREST;48.39;-4.48;04/10/2026;18:00;18.1;0;SOLEIL;3;29.9;0
BREST;48.39;-4.48;04/10/2026;19:00;18.1;0;SOLEIL;3;29.5;0
BREST;48.39;-4.48;04/10/2026;20:00;16.6;0;SOLEIL;5;29.2;0
BREST;48.39;-4.48;04/10/2026;21:00;15.7;0;SOLEIL;5;28.8;0
BREST;48.39;-4.48;04/10/2026;22:00;14.8;0;SOLEIL;5;28.1;0
BREST;48.39;-4.48;04/10/2026;23:00;15;0;SOLEIL;2;27.4;0
RENNES;48.11;-1.67;27/09/2026;00:00;15.4;2;NUAGEUX;3;22.0;0
RENNES;48.11;-1.67;27/09/2026;01:00;15.4;2;NUAGEUX;3;20.9;0
RENNES;48.11;-1.67;27/09/2026;02:00;15.1;2;NUAGEUX;3;24.8;0
RENNES;48.11;-1.67;27/09/2026;03:00;15.2;2;NUAGEUX;3;24.8;0
RENNES;48.11;-1.67;27/09/2026;04:00;15;2;NUAGEUX;3;18.0;0
RENNES;48.11;-1.67;27/09/2026;05:00;14.9;2;NUAGEUX;4;15.1;0
RENNES;48.11;-1.67;27/09/2026;06:00;15.8;2;NUAGEUX;4;14.8;0
RENNES;48.11;-1.67;27/09/2026;07:00;16.7;2;NUAGEUX;4;20.2;0
RENNES;48.11;-1.67;27/09/2026;08:00;17.1;2;NUAGEUX;5;25.6;0
RENNES;48.11;-1.67;27/09/2026;09:00;18.4;2;NUAGEUX;5;29.2;0
RENNES;48.11;-1.67;27/09/2026;10:00;19.4;6;AVERSES;6;28.4;0.2
RENNES;48.11;-1.67;27/09/2026;11:00;19.6;6;AVERSES;6;31.3;0.1
RENNES;48.11;-1.67;27/09/2026;12:00;19.4;6;AVERSES;6;36.7;0.2
RENNES;48.11;-1.67;27/09/2026;13:00;18.7;6;AVERSES;6;39.2;0.6
RENNES;48.11;-1.67;27/09/2026;14:00;18.7;6;AVERSES;5;44.6;0.4
RENNES;48.11;-1.67;27/09/2026;15:00;18.9;6;AVERSES;5;44.6;0.1
RENNES;48.11;-1.67;27/09/2026;16:00;19.5;6;AVERSES;4;45.0;0.1
RENNES;48.11;-1.67;27/09/2026;17:00;18.7;6;AVERSES;4;33.8;0.1
RENNES;48.11;-1.67;27/09/2026;18:00;18;2;NUAGEUX;3;33.8;0
RENNES;48.11;-1.67;27/09/2026;19:00;17.1;5;SOLEIL VOILÉ;3;31.3;0
RENNES;48.11;-1.67;27/09/2026;20:00;16.4;5;SOLEIL VOILÉ;2;27.7;0
RENNES;48.11;-1.67;27/09/2026;21:00;15.6;5;SOLEIL VOILÉ;2;23.8;0
RENNES;48.11;-1.67;27/09/2026;22:00;15.1;5;SOLEIL VOILÉ;2;17.3;0
RENNES;48.11;-1.67;27/09/2026;23:00;14.7;5;SOLEIL VOILÉ;2;15.5;0
RENNES;48.11;-1.67;28/09/2026;00:00;14.4;5;SOLEIL VOILÉ;1;14.4;0
RENNES;48.11;-1.67;28/09/2026;01:00;14.4;5;SOLEIL VOILÉ;1;11.9;0
RENNES;48.11;-1.67;28/09/2026;02:00;13.4;5;SOLEIL VOILÉ;2;9.7;0
RENNES;48.11;-1.67;28/09/2026;03:00;13.4;5;SOLEIL VOILÉ;2;8.2;0
RENNES;48.11;-1.67;28/09/2026;04:00;13.4;5;SOLEIL VOILÉ;2;7.9;0
RENNES;48.11;-1.67;28/09/2026;05:00;13.5;5;SOLEIL VOILÉ;2;6.5;0
RENNES;48.11;-1.67;28/09/2026;06:00;13.5;5;SOLEIL VOILÉ;2;6.1;0
RENNES;48.11;-1.67;28/09/2026;07:00;13.5;5;SOLEIL VOILÉ;2;16.2;0
RENNES;48.11;-1.67;28/09/2026;08:00;16.4;5;SOLEIL VOILÉ;3;16.2;0
RENNES;48.11;-1.67;28/09/2026;09:00;16.4;5;SOLEIL VOILÉ;3;16.2;0
RENNES;48.11;-1.67;28/09/2026;10:00;16.4;5;SOLEIL VOILÉ;3;18.4;0
RENNES;48.11;-1.67;28/09/2026;11:00;19.9;5;SOLEIL VOILÉ;3;21.2;0
RENNES;48.11;-1.67;28/09/2026;12:00;19.9;5;SOLEIL VOILÉ;3;20.5;0
RENNES;48.11;-1.67;28/09/2026;13:00;19.9;5;SOLEIL VOILÉ;3;22.7;0
RENNES;48.11;-1.67;28/09/2026;14:00;21.1;0;SOLEIL;3;26.3;0
RENNES;48.11;-1.67;28/09/2026;15:00;21.1;0;SOLEIL;3;26.6;0
RENNES;48.11;-1.67;28/09/2026;16:00;21.1;0;SOLEIL;3;26.3;0
RENNES;48.11;-1.67;28/09/2026;17:00;18.6;0;SOLEIL;4;25.9;0
RENNES;48.11;-1.67;28/09/2026;18:00;18.6;0;SOLEIL;4;29.2;0
RENNES;48.11;-1.67;28/09/2026;19:00;18.6;0;SOLEIL;4;31.3;0
RENNES;48.11;-1.67;28/09/2026;20:00;16.1;0;SOLEIL;4;33.1;0
RENNES;48.11;-1.67;28/09/2026;21:00;16.1;0;SOLEIL;4;31.0;0
RENNES;48.11;-1.67;28/09/2026;22:00;16.1;0;SOLEIL;4;31.7;0
RENNES;48.11;-1.67;28/09/2026;23:00;15.1;5;SOLEIL VOILÉ;4;32.4;0
RENNES;48.11;-1.67;29/09/2026;00:00;15.1;5;SOLEIL VOILÉ;4;30.6;0
RENNES;48.11;-1.67;29/09/2026;01:00;15.1;5;SOLEIL VOILÉ;4;30.2;0
RENNES;48.11;-1.67;29/09/2026;02:00;16;5;SOLEIL VOILÉ;5;23.8;0
RENNES;48.11;-1.67;29/09/2026;03:00;16;5;SOLEIL VOILÉ;5;15.1;0
RENNES;48.11;-1.67;29/09/2026;04:00;16;5;SOLEIL VOILÉ;5;9.0;0
RENNES;48.11;-1.67;29/09/2026;05:00;16.6;5;SOLEIL VOILÉ;5;15.1;0
RENNES;48.11;-1.67;29/09/2026;06:00;16.6;5;SOLEIL VOILÉ;5;22.3;0
RENNES;48.11;-1.67;29/09/2026;07:00;16.6;5;SOLEIL VOILÉ;5;22.3;0
RENNES;48.11;-1.67;29/09/2026;08:00;19.6;5;SOLEIL VOILÉ;6;24.8;0
RENNES;48.11;-1.67;29/09/2026;09:00;19.6;5;SOLEIL VOILÉ;6;29.9;0
RENNES;48.11;-1.67;29/09/2026;10:00;19.6;5;SOLEIL VOILÉ;6;34.2;0
RENNES;48.11;-1.67;29/09/2026;11:00;22.1;5;SOLEIL VOILÉ;7;42.8;0
RENNES;48.11;-1.67;29/09/2026;12:00;22.1;5;SOLEIL VOILÉ;7;45.4;0
RENNES;48.11;-1.67;29/09/2026;13:00;22.1;5;SOLEIL VOILÉ;7;47.2;0
RENNES;48.11;-1.67;29/09/2026;14:00;22.5;5;SOLEIL VOILÉ;7;49.7;0
RENNES;48.11;-1.67;29/09/2026;15:00;22.5;5;SOLEIL VOILÉ;7;49.7;0
RENNES;48.11;-1.67;29/09/2026;16:00;22.5;5;SOLEIL VOILÉ;7;47.9;0
RENNES;48.11;-1.67;29/09/2026;17:00;19.6;2;NUAGEUX;6;47.2;0
RENNES;48.11;-1.67;29/09/2026;18:00;19.6;2;NUAGEUX;6;46.1;0
RENNES;48.11;-1.67;29/09/2026;19:00;19.6;2;NUAGEUX;6;45.0;0
RENNES;48.11;-1.67;29/09/2026;20:00;18.5;5;SOLEIL VOILÉ;5;46.8;0
RENNES;48.11;-1.67;29/09/2026;21:00;17.5;5;SOLEIL VOILÉ;5;46.8;0
RENNES;48.11;-1.67;29/09/2026;22:00;16.6;5;SOLEIL VOILÉ;5;46.1;0
RENNES;48.11;-1.67;29/09/2026;23:00;16.4;7;PLUIE FAIBLE;6;49.7;0
RENNES;48.11;-1.67;30/09/2026;00:00;16.4;7;PLUIE FAIBLE;6;52.2;0
RENNES;48.11;-1.67;30/09/2026;01:00;16.4;7;PLUIE FAIBLE;6;52.2;0
RENNES;48.11;-1.67;30/09/2026;02:00;16;6;AVERSES;5;47.9;0
RENNES;48.11;-1.67;30/09/2026;03:00;16;6;AVERSES;5;59.8;0
RENNES;48.11;-1.67;30/09/2026;04:00;16;6;AVERSES;5;60.1;0
RENNES;48.11;-1.67;30/09/2026;05:00;16.7;7;PLUIE FAIBLE;5;58.7;0
RENNES;48.11;-1.67;30/09/2026;06:00;16.7;7;PLUIE FAIBLE;5;50.5;0
RENNES;48.11;-1.67;30/09/2026;07:00;16.7;7;PLUIE FAIBLE;5;43.0;0
RENNES;48.11;-1.67;30/09/2026;08:00;16.9;6;AVERSES;5;41.5;0
RENNES;48.11;-1.67;30/09/2026;09:00;17.4;6;AVERSES;5;41.4;0
RENNES;48.11;-1.67;30/09/2026;10:00;17.9;6;AVERSES;5;43.6;0
RENNES;48.11;-1.67;30/09/2026;11:00;19.6;6;AVERSES;7;45.7;0
RENNES;48.11;-1.67;30/09/2026;12:00;19.6;6;AVERSES;7;46.4;0
RENNES;48.11;-1.67;30/09/2026;13:00;19.6;6;AVERSES;7;46.4;0
RENNES;48.11;-1.67;30/09/2026;14:00;19.7;6;AVERSES;5;46.8;0
RENNES;48.11;-1.67;30/09/2026;15:00;20.2;6;AVERSES;5;47.5;0
RENNES;48.11;-1.67;30/09/2026;16:00;19.7;6;AVERSES;5;47.9;0
RENNES;48.11;-1.67;30/09/2026;17:00;17.1;6;AVERSES;4;47.5;0
RENNES;48.11;-1.67;30/09/2026;18:00;17.1;6;AVERSES;4;45.7;0
RENNES;48.11;-1.67;30/09/2026;19:00;17.1;6;AVERSES;4;42.8;0
RENNES;48.11;-1.67;30/09/2026;20:00;17.9;6;AVERSES;5;40.0;0
RENNES;48.11;-1.67;30/09/2026;21:00;17.4;6;AVERSES;5;37.1;0
RENNES;48.11;-1.67;30/09/2026;22:00;16.9;6;AVERSES;5;33.8;0
RENNES;48.11;-1.67;30/09/2026;23:00;14.6;0;SOLEIL;3;31.3;0
RENNES;48.11;-1.67;01/10/2026;00:00;14.6;0;SOLEIL;3;29.9;0
RENNES;48.11;-1.67;01/10/2026;01:00;14.6;0;SOLEIL;3;28.8;0
RENNES;48.11;-1.67;01/10/2026;02:00;12.9;6;AVERSES;5;27.4;0
RENNES;48.11;-1.67;01/10/2026;03:00;12.9;6;AVERSES;5;25.2;0
RENNES;48.11;-1.67;01/10/2026;04:00;12.9;6;AVERSES;5;22.7;0
RENNES;48.11;-1.67;01/10/2026;05:00;13.6;7;PLUIE FAIBLE;3;20.5;0
RENNES;48.11;-1.67;01/10/2026;06:00;13.6;7;PLUIE FAIBLE;3;19.1;0
RENNES;48.11;-1.67;01/10/2026;07:00;13.6;7;PLUIE FAIBLE;3;18.0;0
RENNES;48.11;-1.67;01/10/2026;08:00;14.5;6;AVERSES;5;18.4;0
RENNES;48.11;-1.67;01/10/2026;09:00;15.2;6;AVERSES;5;21.6;0
RENNES;48.11;-1.67;01/10/2026;10:00;16.0;6;AVERSES;5;26.6;0
RENNES;48.11;-1.67;01/10/2026;11:00;19.5;6;AVERSES;5;30.6;0
RENNES;48.11;-1.67;01/10/2026;12:00;19.5;6;AVERSES;5;32.0;0
RENNES;48.11;-1.67;01/10/2026;13:00;19.5;6;AVERSES;5;32.0;0
RENNES;48.11;-1.67;01/10/2026;14:00;19.1;6;AVERSES;5;32.0;0
RENNES;48.11;-1.67;01/10/2026;15:00;19.9;6;AVERSES;5;32.0;0
RENNES;48.11;-1.67;01/10/2026;16:00;19.1;6;AVERSES;5;31.7;0
RENNES;48.11;-1.67;01/10/2026;17:00;16;6;AVERSES;2;31.3;0
RENNES;48.11;-1.67;01/10/2026;18:00;16;6;AVERSES;2;30.2;0
RENNES;48.11;-1.67;01/10/2026;19:00;16;6;AVERSES;2;29.2;0
RENNES;48.11;-1.67;01/10/2026;20:00;16.0;6;AVERSES;5;28.4;0
RENNES;48.11;-1.67;01/10/2026;21:00;15.2;6;AVERSES;5;29.9;0
RENNES;48.11;-1.67;01/10/2026;22:00;14.5;6;AVERSES;5;26.6;0
RENNES;48.11;-1.67;01/10/2026;23:00;13.1;0;SOLEIL;2;22.7;0
RENNES;48.11;-1.67;02/10/2026;00:00;13.1;0;SOLEIL;2;18.7;0
RENNES;48.11;-1.67;02/10/2026;01:00;13.1;0;SOLEIL;2;15.5;0
RENNES;48.11;-1.67;02/10/2026;02:00;11.2;6;AVERSES;5;13.3;0
RENNES;48.11;-1.67;02/10/2026;03:00;11.2;6;AVERSES;5;12.2;0
RENNES;48.11;-1.67;02/10/2026;04:00;11.2;6;AVERSES;5;11.9;0
RENNES;48.11;-1.67;02/10/2026;05:00;12.1;2;NUAGEUX;2;11.9;0
RENNES;48.11;-1.67;02/10/2026;06:00;12.1;2;NUAGEUX;2;12.2;0
RENNES;48.11;-1.67;02/10/2026;07:00;12.1;2;NUAGEUX;2;13.0;0
RENNES;48.11;-1.67;02/10/2026;08:00;13.2;6;AVERSES;5;13.3;0
RENNES;48.11;-1.67;02/10/2026;09:00;14.1;6;AVERSES;5;13.7;0
RENNES;48.11;-1.67;02/10/2026;10:00;15.1;6;AVERSES;5;14.8;0
RENNES;48.11;-1.67;02/10/2026;11:00;19.4;6;AVERSES;3;15.5;0
RENNES;48.11;-1.67;02/10/2026;12:00;19.4;6;AVERSES;3;16.6;0
RENNES;48.11;-1.67;02/10/2026;13:00;19.4;6;AVERSES;3;17.3;0
RENNES;48.11;-1.67;02/10/2026;14:00;19.0;6;AVERSES;5;18.0;0
RENNES;48.11;-1.67;02/10/2026;15:00;20.0;6;AVERSES;5;18.7;0
RENNES;48.11;-1.67;02/10/2026;16:00;19.0;6;AVERSES;5;19.1;0
RENNES;48.11;-1.67;02/10/2026;17:00;16;6;AVERSES;2;19.8;0
RENNES;48.11;-1.67;02/10/2026;18:00;16;6;AVERSES;2;20.2;0
RENNES;48.11;-1.67;02/10/2026;19:00;16;6;AVERSES;2;20.2;0
RENNES;48.11;-1.67;02/10/2026;20:00;15.1;6;AVERSES;5;20.2;0
RENNES;48.11;-1.67;02/10/2026;21:00;14.1;6;AVERSES;5;19.4;0
RENNES;48.11;-1.67;02/10/2026;22:00;13.2;6;AVERSES;5;18.4;0
RENNES;48.11;-1.67;02/10/2026;23:00;12.4;0;SOLEIL;2;16.9;0
RENNES;48.11;-1.67;03/10/2026;00:00;12.4;0;SOLEIL;2;15.5;0
RENNES;48.11;-1.67;03/10/2026;01:00;12.4;0;SOLEIL;2;14.4;0
RENNES;48.11;-1.67;03/10/2026;02:00;10.6;0;SOLEIL;5;13.7;0
RENNES;48.11;-1.67;03/10/2026;03:00;10.6;0;SOLEIL;5;13.3;0
RENNES;48.11;-1.67;03/10/2026;04:00;10.6;0;SOLEIL;5;13.0;0
RENNES;48.11;-1.67;03/10/2026;05:00;11.6;0;SOLEIL;2;13.0;0
RENNES;48.11;-1.67;03/10/2026;06:00;11.6;0;SOLEIL;2;13.0;0
RENNES;48.11;-1.67;03/10/2026;07:00;11.6;0;SOLEIL;2;13.7;0
RENNES;48.11;-1.67;03/10/2026;08:00;12.8;0;SOLEIL;5;14.4;0
RENNES;48.11;-1.67;03/10/2026;09:00;13.9;0;SOLEIL;5;15.8;0
RENNES;48.11;-1.67;03/10/2026;10:00;15.0;0;SOLEIL;5;17.6;0
RENNES;48.11;-1.67;03/10/2026;11:00;19.7;0;SOLEIL;3;19.8;0
RENNES;48.11;-1.67;03/10/2026;12:00;19.7;0;SOLEIL;3;22.3;0
RENNES;48.11;-1.67;03/10/2026;13:00;19.7;0;SOLEIL;3;24.5;0
RENNES;48.11;-1.67;03/10/2026;14:00;19.4;0;SOLEIL;5;26.3;0
RENNES;48.11;-1.67;03/10/2026;15:00;20.5;0;SOLEIL;5;28.1;0
RENNES;48.11;-1.67;03/10/2026;16:00;19.4;0;SOLEIL;5;29.9;0
RENNES;48.11;-1.67;03/10/2026;17:00;16.4;0;SOLEIL;3;31.7;0
RENNES;48.11;-1.67;03/10/2026;18:00;16.4;0;SOLEIL;3;33.1;0
RENNES;48.11;-1.67;03/10/2026;19:00;16.4;0;SOLEIL;3;33.8;0
RENNES;48.11;-1.67;03/10/2026;20:00;15.0;0;SOLEIL;5;34.6;0
RENNES;48.11;-1.67;03/10/2026;21:00;13.9;0;SOLEIL;5;34.6;0
RENNES;48.11;-1.67;03/10/2026;22:00;12.8;0;SOLEIL;5;33.8;0
RENNES;48.11;-1.67;03/10/2026;23:00;13.1;0;SOLEIL;2;32.4;0
RENNES;48.11;-1.67;04/10/2026;00:00;13.1;0;SOLEIL;2;31.3;0
RENNES;48.11;-1.67;04/10/2026;01:00;13.1;0;SOLEIL;2;29.9;0
RENNES;48.11;-1.67;04/10/2026;02:00;11.2;0;SOLEIL;5;29.2;0
RENNES;48.11;-1.67;04/10/2026;03:00;11.2;0;SOLEIL;5;28.4;0
RENNES;48.11;-1.67;04/10/2026;04:00;11.2;0;SOLEIL;5;27.7;0
RENNES;48.11;-1.67;04/10/2026;05:00;12.4;0;SOLEIL;2;27.0;0
RENNES;48.11;-1.67;04/10/2026;06:00;12.4;0;SOLEIL;2;26.6;0
RENNES;48.11;-1.67;04/10/2026;07:00;12.4;0;SOLEIL;2;26.3;0
RENNES;48.11;-1.67;04/10/2026;08:00;13.1;0;SOLEIL;5;26.6;0
RENNES;48.11;-1.67;04/10/2026;09:00;14.0;0;SOLEIL;5;27.4;0
RENNES;48.11;-1.67;04/10/2026;10:00;14.9;0;SOLEIL;5;28.8;0
RENNES;48.11;-1.67;04/10/2026;11:00;19.1;0;SOLEIL;4;30.6;0
RENNES;48.11;-1.67;04/10/2026;12:00;19.1;0;SOLEIL;4;32.4;0
RENNES;48.11;-1.67;04/10/2026;13:00;19.1;0;SOLEIL;4;33.8;0
RENNES;48.11;-1.67;04/10/2026;14:00;18.7;0;SOLEIL;5;34.9;0
RENNES;48.11;-1.67;04/10/2026;15:00;19.6;0;SOLEIL;5;35.6;0
RENNES;48.11;-1.67;04/10/2026;16:00;18.7;0;SOLEIL;5;36.0;0
RENNES;48.11;-1.67;04/10/2026;17:00;16;0;SOLEIL;3;36.4;0
RENNES;48.11;-1.67;04/10/2026;18:00;16;0;SOLEIL;3;36.7;0
RENNES;48.11;-1.67;04/10/2026;19:00;16;0;SOLEIL;3;36.4;0
RENNES;48.11;-1.67;04/10/2026;20:00;14.9;0;SOLEIL;5;36.4;0
RENNES;48.11;-1.67;04/10/2026;21:00;14.0;0;SOLEIL;5;36.0;0
RENNES;48.11;-1.67;04/10/2026;22:00;13.1;0;SOLEIL;5;35.3;0
RENNES;48.11;-1.67;04/10/2026;23:00;12.6;0;SOLEIL;3;34.2;0
CHERBOURG;49.63;-1.62;27/09/2026;00:00;16.1;0;SOLEIL;2;18.7;0
CHERBOURG;49.63;-1.62;27/09/2026;01:00;15.8;0;SOLEIL;2;13.7;0
CHERBOURG;49.63;-1.62;27/09/2026;02:00;15.5;0;SOLEIL;2;11.2;0
CHERBOURG;49.63;-1.62;27/09/2026;03:00;15.2;0;SOLEIL;2;12.2;0
CHERBOURG;49.63;-1.62;27/09/2026;04:00;15.4;5;SOLEIL VOILÉ;2;12.2;0
CHERBOURG;49.63;-1.62;27/09/2026;05:00;15;5;SOLEIL VOILÉ;2;17.6;0
CHERBOURG;49.63;-1.62;27/09/2026;06:00;15.5;5;SOLEIL VOILÉ;2;18.7;0
CHERBOURG;49.63;-1.62;27/09/2026;07:00;16.3;5;SOLEIL VOILÉ;2;16.2;0
CHERBOURG;49.63;-1.62;27/09/2026;08:00;17.2;2;NUAGEUX;2;15.1;0
CHERBOURG;49.63;-1.62;27/09/2026;09:00;20;2;NUAGEUX;3;15.1;0
CHERBOURG;49.63;-1.62;27/09/2026;10:00;21.6;2;NUAGEUX;4;14.8;0
CHERBOURG;49.63;-1.62;27/09/2026;11:00;23.1;2;NUAGEUX;4;18.7;0
CHERBOURG;49.63;-1.62;27/09/2026;12:00;23.1;2;NUAGEUX;5;26.3;0
CHERBOURG;49.63;-1.62;27/09/2026;13:00;23;6;AVERSES;5;28.1;0.1
CHERBOURG;49.63;-1.62;27/09/2026;14:00;23;2;NUAGEUX;5;30.6;0
CHERBOURG;49.63;-1.62;27/09/2026;15:00;23.4;2;NUAGEUX;5;29.9;0
CHERBOURG;49.63;-1.62;27/09/2026;16:00;23.1;2;NUAGEUX;4;27.7;0
CHERBOURG;49.63;-1.62;27/09/2026;17:00;22.8;2;NUAGEUX;4;29.5;0
CHERBOURG;49.63;-1.62;27/09/2026;18:00;22.1;2;NUAGEUX;4;27.4;0
CHERBOURG;49.63;-1.62;27/09/2026;19:00;21;2;NUAGEUX;4;27.0;0
CHERBOURG;49.63;-1.62;27/09/2026;20:00;20.4;2;NUAGEUX;3;28.4;0
CHERBOURG;49.63;-1.62;27/09/2026;21:00;20;2;NUAGEUX;3;27.7;0
CHERBOURG;49.63;-1.62;27/09/2026;22:00;19.6;6;AVERSES;3;20.9;0.3
CHERBOURG;49.63;-1.62;27/09/2026;23:00;19.6;6;AVERSES;3;20.9;0.2
CHERBOURG;49.63;-1.62;28/09/2026;00:00;18.1;6;AVERSES;3;25.2;0.3
CHERBOURG;49.63;-1.62;28/09/2026;01:00;18.1;6;AVERSES;3;25.2;0.3
CHERBOURG;49.63;-1.62;28/09/2026;02:00;16.6;6;AVERSES;2;22.7;0
CHERBOURG;49.63;-1.62;28/09/2026;03:00;16.6;6;AVERSES;2;20.6;0
CHERBOURG;49.63;-1.62;28/09/2026;04:00;16.6;6;AVERSES;2;16.9;0
CHERBOURG;49.63;-1.62;28/09/2026;05:00;16.2;6;AVERSES;2;17.0;0
CHERBOURG;49.63;-1.62;28/09/2026;06:00;16.2;6;AVERSES;2;17.3;0
CHERBOURG;49.63;-1.62;28/09/2026;07:00;16.2;6;AVERSES;2;19.1;0
CHERBOURG;49.63;-1.62;28/09/2026;08:00;17.1;6;AVERSES;2;22.3;0
CHERBOURG;49.63;-1.62;28/09/2026;09:00;17.1;6;AVERSES;2;22.0;0
CHERBOURG;49.63;-1.62;28/09/2026;10:00;17.1;6;AVERSES;2;22.7;0
CHERBOURG;49.63;-1.62;28/09/2026;11:00;18.6;6;AVERSES;3;21.6;0
CHERBOURG;49.63;-1.62;28/09/2026;12:00;18.6;6;AVERSES;3;25.9;0
CHERBOURG;49.63;-1.62;28/09/2026;13:00;18.6;6;AVERSES;3;26.6;0
CHERBOURG;49.63;-1.62;28/09/2026;14:00;19.6;6;AVERSES;3;27.0;0
CHERBOURG;49.63;-1.62;28/09/2026;15:00;19.6;6;AVERSES;3;28.8;0
CHERBOURG;49.63;-1.62;28/09/2026;16:00;19.6;6;AVERSES;3;28.8;0
CHERBOURG;49.63;-1.62;28/09/2026;17:00;19.1;5;SOLEIL VOILÉ;3;28.8;0
CHERBOURG;49.63;-1.62;28/09/2026;18:00;19.1;5;SOLEIL VOILÉ;3;31.7;0
CHERBOURG;49.63;-1.62;28/09/2026;19:00;19.1;5;SOLEIL VOILÉ;3;28.4;0
CHERBOURG;49.63;-1.62;28/09/2026;20:00;17.1;0;SOLEIL;3;28.4;0
CHERBOURG;49.63;-1.62;28/09/2026;21:00;17.1;0;SOLEIL;3;24.1;0
CHERBOURG;49.63;-1.62;28/09/2026;22:00;17.1;0;SOLEIL;3;16.9;0
CHERBOURG;49.63;-1.62;28/09/2026;23:00;16.9;0;SOLEIL;4;14.4;0
CHERBOURG;49.63;-1.62;29/09/2026;00:00;16.9;0;SOLEIL;4;14.4;0
CHERBOURG;49.63;-1.62;29/09/2026;01:00;16.9;0;SOLEIL;4;10.8;0
CHERBOURG;49.63;-1.62;29/09/2026;02:00;16.4;0;SOLEIL;4;15.1;0
CHERBOURG;49.63;-1.62;29/09/2026;03:00;16.4;0;SOLEIL;4;16.6;0
CHERBOURG;49.63;-1.62;29/09/2026;04:00;16.4;0;SOLEIL;4;14.8;0
CHERBOURG;49.63;-1.62;29/09/2026;05:00;16.1;5;SOLEIL VOILÉ;4;9.4;0
CHERBOURG;49.63;-1.62;29/09/2026;06:00;16.1;5;SOLEIL VOILÉ;4;10.4;0
CHERBOURG;49.63;-1.62;29/09/2026;07:00;16.1;5;SOLEIL VOILÉ;4;16.2;0
CHERBOURG;49.63;-1.62;29/09/2026;08:00;19.7;5;SOLEIL VOILÉ;4;16.6;0
CHERBOURG;49.63;-1.62;29/09/2026;09:00;19.7;5;SOLEIL VOILÉ;4;24.8;0
CHERBOURG;49.63;-1.62;29/09/2026;10:00;19.7;5;SOLEIL VOILÉ;4;32.4;0
CHERBOURG;49.63;-1.62;29/09/2026;11:00;25.2;5;SOLEIL VOILÉ;6;31.3;0
CHERBOURG;49.63;-1.62;29/09/2026;12:00;25.2;5;SOLEIL VOILÉ;6;27.4;0
CHERBOURG;49.63;-1.62;29/09/2026;13:00;25.2;5;SOLEIL VOILÉ;6;31.7;0
CHERBOURG;49.63;-1.62;29/09/2026;14:00;26.1;5;SOLEIL VOILÉ;6;32.0;0
CHERBOURG;49.63;-1.62;29/09/2026;15:00;26.1;5;SOLEIL VOILÉ;6;28.8;0
CHERBOURG;49.63;-1.62;29/09/2026;16:00;26.1;5;SOLEIL VOILÉ;6;31.0;0
CHERBOURG;49.63;-1.62;29/09/2026;17:00;23.9;5;SOLEIL VOILÉ;5;33.8;0
CHERBOURG;49.63;-1.62;29/09/2026;18:00;23.9;5;SOLEIL VOILÉ;5;36.0;0
CHERBOURG;49.63;-1.62;29/09/2026;19:00;23.9;5;SOLEIL VOILÉ;5;37.1;0
CHERBOURG;49.63;-1.62;29/09/2026;20:00;20.8;5;SOLEIL VOILÉ;5;35.6;0
CHERBOURG;49.63;-1.62;29/09/2026;21:00;19.5;5;SOLEIL VOILÉ;5;32.4;0
CHERBOURG;49.63;-1.62;29/09/2026;22:00;18.2;5;SOLEIL VOILÉ;5;26.6;0
CHERBOURG;49.63;-1.62;29/09/2026;23:00;18.7;2;NUAGEUX;4;25.9;0
CHERBOURG;49.63;-1.62;30/09/2026;00:00;18.7;2;NUAGEUX;4;26.3;0
CHERBOURG;49.63;-1.62;30/09/2026;01:00;18.7;2;NUAGEUX;4;24.8;0
CHERBOURG;49.63;-1.62;30/09/2026;02:00;18.4;7;PLUIE FAIBLE;5;23.0;0
CHERBOURG;49.63;-1.62;30/09/2026;03:00;18.4;7;PLUIE FAIBLE;5;20.5;0
CHERBOURG;49.63;-1.62;30/09/2026;04:00;18.4;7;PLUIE FAIBLE;5;34.6;0
CHERBOURG;49.63;-1.62;30/09/2026;05:00;19.6;7;PLUIE FAIBLE;4;36.7;0
CHERBOURG;49.63;-1.62;30/09/2026;06:00;19.6;7;PLUIE FAIBLE;4;32.9;0
CHERBOURG;49.63;-1.62;30/09/2026;07:00;19.6;7;PLUIE FAIBLE;4;30.8;0
CHERBOURG;49.63;-1.62;30/09/2026;08:00;19.4;7;PLUIE FAIBLE;5;31.4;0
CHERBOURG;49.63;-1.62;30/09/2026;09:00;20.0;7;PLUIE FAIBLE;5;36.7;0
CHERBOURG;49.63;-1.62;30/09/2026;10:00;20.5;7;PLUIE FAIBLE;5;36.7;0
CHERBOURG;49.63;-1.62;30/09/2026;11:00;22.1;7;PLUIE FAIBLE;5;36.7;0
CHERBOURG;49.63;-1.62;30/09/2026;12:00;22.1;7;PLUIE FAIBLE;5;36.4;0
CHERBOURG;49.63;-1.62;30/09/2026;13:00;22.1;7;PLUIE FAIBLE;5;35.6;0
CHERBOURG;49.63;-1.62;30/09/2026;14:00;22.6;7;PLUIE FAIBLE;5;35.3;0
CHERBOURG;49.63;-1.62;30/09/2026;15:00;23.1;7;PLUIE FAIBLE;5;35.3;0
CHERBOURG;49.63;-1.62;30/09/2026;16:00;22.6;7;PLUIE FAIBLE;5;35.3;0
CHERBOURG;49.63;-1.62;30/09/2026;17:00;19.7;7;PLUIE FAIBLE;3;35.3;0
CHERBOURG;49.63;-1.62;30/09/2026;18:00;19.7;7;PLUIE FAIBLE;3;34.9;0
CHERBOURG;49.63;-1.62;30/09/2026;19:00;19.7;7;PLUIE FAIBLE;3;34.2;0
CHERBOURG;49.63;-1.62;30/09/2026;20:00;20.5;7;PLUIE FAIBLE;5;32.8;0
CHERBOURG;49.63;-1.62;30/09/2026;21:00;20.0;7;PLUIE FAIBLE;5;29.9;0
CHERBOURG;49.63;-1.62;30/09/2026;22:00;19.4;7;PLUIE FAIBLE;5;25.9;0
CHERBOURG;49.63;-1.62;30/09/2026;23:00;16.2;0;SOLEIL;2;23.0;0
CHERBOURG;49.63;-1.62;01/10/2026;00:00;16.2;0;SOLEIL;2;21.6;0
CHERBOURG;49.63;-1.62;01/10/2026;01:00;16.2;0;SOLEIL;2;20.5;0
CHERBOURG;49.63;-1.62;01/10/2026;02:00;13.5;7;PLUIE FAIBLE;5;19.8;0
CHERBOURG;49.63;-1.62;01/10/2026;03:00;13.5;7;PLUIE FAIBLE;5;18.7;0
CHERBOURG;49.63;-1.62;01/10/2026;04:00;13.5;7;PLUIE FAIBLE;5;17.6;0
CHERBOURG;49.63;-1.62;01/10/2026;05:00;14.1;0;SOLEIL;2;16.6;0
CHERBOURG;49.63;-1.62;01/10/2026;06:00;14.1;0;SOLEIL;2;15.1;0
CHERBOURG;49.63;-1.62;01/10/2026;07:00;14.1;0;SOLEIL;2;14.0;0
CHERBOURG;49.63;-1.62;01/10/2026;08:00;15.4;7;PLUIE FAIBLE;5;13.0;0
CHERBOURG;49.63;-1.62;01/10/2026;09:00;16.3;7;PLUIE FAIBLE;5;12.6;0
CHERBOURG;49.63;-1.62;01/10/2026;10:00;17.2;7;PLUIE FAIBLE;5;13.0;0
CHERBOURG;49.63;-1.62;01/10/2026;11:00;21.4;7;PLUIE FAIBLE;4;13.3;0
CHERBOURG;49.63;-1.62;01/10/2026;12:00;21.4;7;PLUIE FAIBLE;4;14.4;0
CHERBOURG;49.63;-1.62;01/10/2026;13:00;21.4;7;PLUIE FAIBLE;4;15.8;0
CHERBOURG;49.63;-1.62;01/10/2026;14:00;21.0;7;PLUIE FAIBLE;5;16.9;0
CHERBOURG;49.63;-1.62;01/10/2026;15:00;21.9;7;PLUIE FAIBLE;5;17.3;0
CHERBOURG;49.63;-1.62;01/10/2026;16:00;21.0;7;PLUIE FAIBLE;5;17.3;0
CHERBOURG;49.63;-1.62;01/10/2026;17:00;18.2;7;PLUIE FAIBLE;3;16.9;0
CHERBOURG;49.63;-1.62;01/10/2026;18:00;18.2;7;PLUIE FAIBLE;3;16.2;0
CHERBOURG;49.63;-1.62;01/10/2026;19:00;18.2;7;PLUIE FAIBLE;3;14.8;0
CHERBOURG;49.63;-1.62;01/10/2026;20:00;17.2;7;PLUIE FAIBLE;5;14.0;0
CHERBOURG;49.63;-1.62;01/10/2026;21:00;16.3;7;PLUIE FAIBLE;5;19.1;0
CHERBOURG;49.63;-1.62;01/10/2026;22:00;15.4;7;PLUIE FAIBLE;5;17.6;0
CHERBOURG;49.63;-1.62;01/10/2026;23:00;13.5;0;SOLEIL;2;16.6;0
CHERBOURG;49.63;-1.62;02/10/2026;00:00;13.5;0;SOLEIL;2;15.1;0
CHERBOURG;49.63;-1.62;02/10/2026;01:00;13.5;0;SOLEIL;2;13.7;0
CHERBOURG;49.63;-1.62;02/10/2026;02:00;10.5;0;SOLEIL;5;12.6;0
CHERBOURG;49.63;-1.62;02/10/2026;03:00;10.5;0;SOLEIL;5;11.9;0
CHERBOURG;49.63;-1.62;02/10/2026;04:00;10.5;0;SOLEIL;5;11.2;0
CHERBOURG;49.63;-1.62;02/10/2026;05:00;11.4;0;SOLEIL;1;10.8;0
CHERBOURG;49.63;-1.62;02/10/2026;06:00;11.4;0;SOLEIL;1;10.4;0
CHERBOURG;49.63;-1.62;02/10/2026;07:00;11.4;0;SOLEIL;1;10.1;0
CHERBOURG;49.63;-1.62;02/10/2026;08:00;13.0;0;SOLEIL;5;10.1;0
CHERBOURG;49.63;-1.62;02/10/2026;09:00;14.2;0;SOLEIL;5;10.1;0
CHERBOURG;49.63;-1.62;02/10/2026;10:00;15.4;0;SOLEIL;5;10.1;0
CHERBOURG;49.63;-1.62;02/10/2026;11:00;20.5;0;SOLEIL;2;10.4;0
CHERBOURG;49.63;-1.62;02/10/2026;12:00;20.5;0;SOLEIL;2;10.8;0
CHERBOURG;49.63;-1.62;02/10/2026;13:00;20.5;0;SOLEIL;2;11.5;0
CHERBOURG;49.63;-1.62;02/10/2026;14:00;20.4;0;SOLEIL;5;12.6;0
CHERBOURG;49.63;-1.62;02/10/2026;15:00;21.6;0;SOLEIL;5;14.4;0
CHERBOURG;49.63;-1.62;02/10/2026;16:00;20.4;0;SOLEIL;5;16.6;0
CHERBOURG;49.63;-1.62;02/10/2026;17:00;18.6;0;SOLEIL;2;19.1;0
CHERBOURG;49.63;-1.62;02/10/2026;18:00;18.6;0;SOLEIL;2;21.6;0
CHERBOURG;49.63;-1.62;02/10/2026;19:00;18.6;0;SOLEIL;2;23.4;0
CHERBOURG;49.63;-1.62;02/10/2026;20:00;15.4;0;SOLEIL;5;24.8;0
CHERBOURG;49.63;-1.62;02/10/2026;21:00;14.2;0;SOLEIL;5;25.2;0
CHERBOURG;49.63;-1.62;02/10/2026;22:00;13.0;0;SOLEIL;5;24.8;0
CHERBOURG;49.63;-1.62;02/10/2026;23:00;13.5;0;SOLEIL;2;24.1;0
CHERBOURG;49.63;-1.62;03/10/2026;00:00;13.5;0;SOLEIL;2;23.4;0
CHERBOURG;49.63;-1.62;03/10/2026;01:00;13.5;0;SOLEIL;2;22.7;0
CHERBOURG;49.63;-1.62;03/10/2026;02:00;10.5;0;SOLEIL;5;22.0;0
CHERBOURG;49.63;-1.62;03/10/2026;03:00;10.5;0;SOLEIL;5;21.6;0
CHERBOURG;49.63;-1.62;03/10/2026;04:00;10.5;0;SOLEIL;5;21.2;0
CHERBOURG;49.63;-1.62;03/10/2026;05:00;11.5;0;SOLEIL;2;20.9;0
CHERBOURG;49.63;-1.62;03/10/2026;06:00;11.5;0;SOLEIL;2;20.5;0
CHERBOURG;49.63;-1.62;03/10/2026;07:00;11.5;0;SOLEIL;2;20.5;0
CHERBOURG;49.63;-1.62;03/10/2026;08:00;13.1;0;SOLEIL;5;20.9;0
CHERBOURG;49.63;-1.62;03/10/2026;09:00;14.4;0;SOLEIL;5;21.6;0
CHERBOURG;49.63;-1.62;03/10/2026;10:00;15.7;0;SOLEIL;5;22.7;0
CHERBOURG;49.63;-1.62;03/10/2026;11:00;21.1;0;SOLEIL;3;24.1;0
CHERBOURG;49.63;-1.62;03/10/2026;12:00;21.1;0;SOLEIL;3;25.6;0
CHERBOURG;49.63;-1.62;03/10/2026;13:00;21.1;0;SOLEIL;3;26.6;0
CHERBOURG;49.63;-1.62;03/10/2026;14:00;20.8;0;SOLEIL;5;27.7;0
CHERBOURG;49.63;-1.62;03/10/2026;15:00;22.1;0;SOLEIL;5;28.4;0
CHERBOURG;49.63;-1.62;03/10/2026;16:00;20.8;0;SOLEIL;5;29.2;0
CHERBOURG;49.63;-1.62;03/10/2026;17:00;18.4;0;SOLEIL;3;29.9;0
CHERBOURG;49.63;-1.62;03/10/2026;18:00;18.4;0;SOLEIL;3;30.2;0
CHERBOURG;49.63;-1.62;03/10/2026;19:00;18.4;0;SOLEIL;3;30.2;0
CHERBOURG;49.63;-1.62;03/10/2026;20:00;15.7;0;SOLEIL;5;30.2;0
CHERBOURG;49.63;-1.62;03/10/2026;21:00;14.4;0;SOLEIL;5;29.9;0
CHERBOURG;49.63;-1.62;03/10/2026;22:00;13.1;0;SOLEIL;5;29.2;0
CHERBOURG;49.63;-1.62;03/10/2026;23:00;13.1;0;SOLEIL;2;28.4;0
CHERBOURG;49.63;-1.62;04/10/2026;00:00;13.1;0;SOLEIL;2;27.4;0
CHERBOURG;49.63;-1.62;04/10/2026;01:00;13.1;0;SOLEIL;2;26.3;0
CHERBOURG;49.63;-1.62;04/10/2026;02:00;10.4;0;SOLEIL;5;25.6;0
CHERBOURG;49.63;-1.62;04/10/2026;03:00;10.4;0;SOLEIL;5;24.8;0
CHERBOURG;49.63;-1.62;04/10/2026;04:00;10.4;0;SOLEIL;5;23.8;0
CHERBOURG;49.63;-1.62;04/10/2026;05:00;11.5;0;SOLEIL;2;22.7;0
CHERBOURG;49.63;-1.62;04/10/2026;06:00;11.5;0;SOLEIL;2;22.0;0
CHERBOURG;49.63;-1.62;04/10/2026;07:00;11.5;0;SOLEIL;2;21.6;0
CHERBOURG;49.63;-1.62;04/10/2026;08:00;12.8;0;SOLEIL;5;21.6;0
CHERBOURG;49.63;-1.62;04/10/2026;09:00;14.0;0;SOLEIL;5;22.7;0
CHERBOURG;49.63;-1.62;04/10/2026;10:00;15.2;0;SOLEIL;5;24.5;0
CHERBOURG;49.63;-1.62;04/10/2026;11:00;20.4;0;SOLEIL;3;26.3;0
CHERBOURG;49.63;-1.62;04/10/2026;12:00;20.4;0;SOLEIL;3;28.4;0
CHERBOURG;49.63;-1.62;04/10/2026;13:00;20.4;0;SOLEIL;3;30.6;0
CHERBOURG;49.63;-1.62;04/10/2026;14:00;20.0;0;SOLEIL;5;31.7;0
CHERBOURG;49.63;-1.62;04/10/2026;15:00;21.2;0;SOLEIL;5;32.4;0
CHERBOURG;49.63;-1.62;04/10/2026;16:00;20.0;0;SOLEIL;5;32.4;0
CHERBOURG;49.63;-1.62;04/10/2026;17:00;17.7;0;SOLEIL;3;32.4;0
CHERBOURG;49.63;-1.62;04/10/2026;18:00;17.7;0;SOLEIL;3;32.0;0
CHERBOURG;49.63;-1.62;04/10/2026;19:00;17.7;0;SOLEIL;3;31.7;0
CHERBOURG;49.63;-1.62;04/10/2026;20:00;15.2;0;SOLEIL;5;31.3;0
CHERBOURG;49.63;-1.62;04/10/2026;21:00;14.0;0;SOLEIL;5;31.0;0
CHERBOURG;49.63;-1.62;04/10/2026;22:00;12.8;0;SOLEIL;5;30.6;0
CHERBOURG;49.63;-1.62;04/10/2026;23:00;13.1;0;SOLEIL;2;29.9;0
ROUEN;49.44;1.1;27/09/2026;00:00;13.6;2;NUAGEUX;2;10.4;0
ROUEN;49.44;1.1;27/09/2026;01:00;14.1;2;NUAGEUX;3;10.4;0
ROUEN;49.44;1.1;27/09/2026;02:00;14.6;2;NUAGEUX;4;10.4;0
ROUEN;49.44;1.1;27/09/2026;03:00;14.6;5;SOLEIL VOILÉ;4;11.9;0
ROUEN;49.44;1.1;27/09/2026;04:00;14.1;5;SOLEIL VOILÉ;4;13.3;0
ROUEN;49.44;1.1;27/09/2026;05:00;14.1;5;SOLEIL VOILÉ;4;14.0;0
ROUEN;49.44;1.1;27/09/2026;06:00;14.5;5;SOLEIL VOILÉ;4;15.5;0
ROUEN;49.44;1.1;27/09/2026;07:00;16.6;2;NUAGEUX;4;16.6;0
ROUEN;49.44;1.1;27/09/2026;08:00;19.1;2;NUAGEUX;5;16.6;0
ROUEN;49.44;1.1;27/09/2026;09:00;19.4;2;NUAGEUX;5;19.1;0
ROUEN;49.44;1.1;27/09/2026;10:00;19.9;2;NUAGEUX;5;25.9;0
ROUEN;49.44;1.1;27/09/2026;11:00;21.1;2;NUAGEUX;6;33.5;0
ROUEN;49.44;1.1;27/09/2026;12:00;21.5;2;NUAGEUX;6;36.4;0
ROUEN;49.44;1.1;27/09/2026;13:00;21.1;2;NUAGEUX;6;39.6;0
ROUEN;49.44;1.1;27/09/2026;14:00;21.1;6;AVERSES;6;40.0;0.1
ROUEN;49.44;1.1;27/09/2026;15:00;19.9;6;AVERSES;5;39.6;0.9
ROUEN;49.44;1.1;27/09/2026;16:00;19.6;6;AVERSES;5;47.2;0.6
ROUEN;49.44;1.1;27/09/2026;17:00;19.1;6;AVERSES;5;48.2;0.2
ROUEN;49.44;1.1;27/09/2026;18:00;18.6;6;AVERSES;4;46.8;0.9
ROUEN;49.44;1.1;27/09/2026;19:00;17.9;6;AVERSES;4;40.7;1.8
ROUEN;49.44;1.1;27/09/2026;20:00;17.2;6;AVERSES;4;38.2;0.4
ROUEN;49.44;1.1;27/09/2026;21:00;17.1;2;NUAGEUX;4;30.6;0
ROUEN;49.44;1.1;27/09/2026;22:00;16.6;2;NUAGEUX;4;21.6;0
ROUEN;49.44;1.1;27/09/2026;23:00;16.5;2;NUAGEUX;4;17.3;0
ROUEN;49.44;1.1;28/09/2026;00:00;16.1;2;NUAGEUX;4;17.3;0
ROUEN;49.44;1.1;28/09/2026;01:00;16.1;2;NUAGEUX;4;15.1;0
ROUEN;49.44;1.1;28/09/2026;02:00;15.4;5;SOLEIL VOILÉ;4;11.9;0
ROUEN;49.44;1.1;28/09/2026;03:00;15.4;5;SOLEIL VOILÉ;4;10.4;0
ROUEN;49.44;1.1;28/09/2026;04:00;15.4;5;SOLEIL VOILÉ;4;9.0;0
ROUEN;49.44;1.1;28/09/2026;05:00;15;5;SOLEIL VOILÉ;3;8.6;0
ROUEN;49.44;1.1;28/09/2026;06:00;15;5;SOLEIL VOILÉ;3;7.9;0
ROUEN;49.44;1.1;28/09/2026;07:00;15;5;SOLEIL VOILÉ;3;7.9;0
ROUEN;49.44;1.1;28/09/2026;08:00;17.6;5;SOLEIL VOILÉ;3;8.3;0
ROUEN;49.44;1.1;28/09/2026;09:00;17.6;5;SOLEIL VOILÉ;3;14.4;0
ROUEN;49.44;1.1;28/09/2026;10:00;17.6;5;SOLEIL VOILÉ;3;16.9;0
ROUEN;49.44;1.1;28/09/2026;11:00;19.1;5;SOLEIL VOILÉ;4;20.5;0
ROUEN;49.44;1.1;28/09/2026;12:00;19.1;5;SOLEIL VOILÉ;4;20.5;0
ROUEN;49.44;1.1;28/09/2026;13:00;19.1;5;SOLEIL VOILÉ;4;20.9;0
ROUEN;49.44;1.1;28/09/2026;14:00;19.6;5;SOLEIL VOILÉ;4;24.8;0
ROUEN;49.44;1.1;28/09/2026;15:00;19.6;5;SOLEIL VOILÉ;4;27.4;0
ROUEN;49.44;1.1;28/09/2026;16:00;19.6;5;SOLEIL VOILÉ;4;30.2;0
ROUEN;49.44;1.1;28/09/2026;17:00;17.6;5;SOLEIL VOILÉ;5;32.8;0
ROUEN;49.44;1.1;28/09/2026;18:00;17.6;5;SOLEIL VOILÉ;5;36.7;0
ROUEN;49.44;1.1;28/09/2026;19:00;17.6;5;SOLEIL VOILÉ;5;36.4;0
ROUEN;49.44;1.1;28/09/2026;20:00;16.6;6;AVERSES;6;38.2;0
ROUEN;49.44;1.1;28/09/2026;21:00;16.6;6;AVERSES;6;34.2;0
ROUEN;49.44;1.1;28/09/2026;22:00;16.6;6;AVERSES;6;34.2;0
ROUEN;49.44;1.1;28/09/2026;23:00;16.6;6;AVERSES;6;34.2;0
ROUEN;49.44;1.1;29/09/2026;00:00;16.6;6;AVERSES;6;34.6;0
ROUEN;49.44;1.1;29/09/2026;01:00;16.6;6;AVERSES;6;39.2;0
ROUEN;49.44;1.1;29/09/2026;02:00;15.4;0;SOLEIL;6;40.3;0
ROUEN;49.44;1.1;29/09/2026;03:00;15.4;0;SOLEIL;6;34.9;0
ROUEN;49.44;1.1;29/09/2026;04:00;15.4;0;SOLEIL;6;29.9;0
ROUEN;49.44;1.1;29/09/2026;05:00;15.9;5;SOLEIL VOILÉ;6;27.7;0
ROUEN;49.44;1.1;29/09/2026;06:00;15.9;5;SOLEIL VOILÉ;6;26.6;0
ROUEN;49.44;1.1;29/09/2026;07:00;15.9;5;SOLEIL VOILÉ;6;37.4;0
ROUEN;49.44;1.1;29/09/2026;08:00;21.1;5;SOLEIL VOILÉ;6;32.4;0
ROUEN;49.44;1.1;29/09/2026;09:00;21.1;5;SOLEIL VOILÉ;6;35.3;0
ROUEN;49.44;1.1;29/09/2026;10:00;21.1;5;SOLEIL VOILÉ;6;38.9;0
ROUEN;49.44;1.1;29/09/2026;11:00;25;5;SOLEIL VOILÉ;6;41.4;0
ROUEN;49.44;1.1;29/09/2026;12:00;25;5;SOLEIL VOILÉ;6;41.8;0
ROUEN;49.44;1.1;29/09/2026;13:00;25;5;SOLEIL VOILÉ;6;41.0;0
ROUEN;49.44;1.1;29/09/2026;14:00;26.1;5;SOLEIL VOILÉ;7;40.7;0
ROUEN;49.44;1.1;29/09/2026;15:00;26.1;5;SOLEIL VOILÉ;7;41.8;0
ROUEN;49.44;1.1;29/09/2026;16:00;26.1;5;SOLEIL VOILÉ;7;43.6;0
ROUEN;49.44;1.1;29/09/2026;17:00;22.7;5;SOLEIL VOILÉ;6;43.2;0
ROUEN;49.44;1.1;29/09/2026;18:00;22.7;5;SOLEIL VOILÉ;6;39.2;0
ROUEN;49.44;1.1;29/09/2026;19:00;22.7;5;SOLEIL VOILÉ;6;33.8;0
ROUEN;49.44;1.1;29/09/2026;20:00;19.5;5;SOLEIL VOILÉ;5;29.9;0
ROUEN;49.44;1.1;29/09/2026;21:00;18.1;5;SOLEIL VOILÉ;5;28.8;0
ROUEN;49.44;1.1;29/09/2026;22:00;16.7;5;SOLEIL VOILÉ;5;29.5;0
ROUEN;49.44;1.1;29/09/2026;23:00;19;2;NUAGEUX;8;31.3;0
ROUEN;49.44;1.1;30/09/2026;00:00;19;2;NUAGEUX;8;35.6;0
ROUEN;49.44;1.1;30/09/2026;01:00;19;2;NUAGEUX;8;41.0;0
ROUEN;49.44;1.1;30/09/2026;02:00;17.6;7;PLUIE FAIBLE;5;44.6;0
ROUEN;49.44;1.1;30/09/2026;03:00;17.6;7;PLUIE FAIBLE;5;44.6;0
ROUEN;49.44;1.1;30/09/2026;04:00;17.6;7;PLUIE FAIBLE;5;42.8;0
ROUEN;49.44;1.1;30/09/2026;05:00;19.1;7;PLUIE FAIBLE;7;41.4;0
ROUEN;49.44;1.1;30/09/2026;06:00;19.1;7;PLUIE FAIBLE;7;40.3;0
ROUEN;49.44;1.1;30/09/2026;07:00;19.1;7;PLUIE FAIBLE;7;39.6;0
ROUEN;49.44;1.1;30/09/2026;08:00;18.6;7;PLUIE FAIBLE;5;40.0;0
ROUEN;49.44;1.1;30/09/2026;09:00;19.1;7;PLUIE FAIBLE;5;42.5;0
ROUEN;49.44;1.1;30/09/2026;10:00;19.6;7;PLUIE FAIBLE;5;46.1;0
ROUEN;49.44;1.1;30/09/2026;11:00;21.6;7;PLUIE FAIBLE;7;49.3;0
ROUEN;49.44;1.1;30/09/2026;12:00;21.6;7;PLUIE FAIBLE;7;51.5;0
ROUEN;49.44;1.1;30/09/2026;13:00;21.6;7;PLUIE FAIBLE;7;53.3;0
ROUEN;49.44;1.1;30/09/2026;14:00;21.7;7;PLUIE FAIBLE;5;52.9;0
ROUEN;49.44;1.1;30/09/2026;15:00;22.2;7;PLUIE FAIBLE;5;49.7;0
ROUEN;49.44;1.1;30/09/2026;16:00;21.7;7;PLUIE FAIBLE;5;44.3;0
ROUEN;49.44;1.1;30/09/2026;17:00;18.6;6;AVERSES;5;39.2;0
ROUEN;49.44;1.1;30/09/2026;18:00;18.6;6;AVERSES;5;35.6;0
ROUEN;49.44;1.1;30/09/2026;19:00;18.6;6;AVERSES;5;32.4;0
ROUEN;49.44;1.1;30/09/2026;20:00;19.6;7;PLUIE FAIBLE;5;29.2;0
ROUEN;49.44;1.1;30/09/2026;21:00;19.1;7;PLUIE FAIBLE;5;25.6;0
ROUEN;49.44;1.1;30/09/2026;22:00;18.6;7;PLUIE FAIBLE;5;22.3;0
ROUEN;49.44;1.1;30/09/2026;23:00;16.1;7;PLUIE FAIBLE;6;20.2;0
ROUEN;49.44;1.1;01/10/2026;00:00;16.1;7;PLUIE FAIBLE;6;19.4;0
ROUEN;49.44;1.1;01/10/2026;01:00;16.1;7;PLUIE FAIBLE;6;19.8;0
ROUEN;49.44;1.1;01/10/2026;02:00;14;0;SOLEIL;5;19.7;0
ROUEN;49.44;1.1;01/10/2026;03:00;14;0;SOLEIL;5;18.7;0
ROUEN;49.44;1.1;01/10/2026;04:00;14;0;SOLEIL;5;17.6;0
ROUEN;49.44;1.1;01/10/2026;05:00;14.7;0;SOLEIL;6;16.9;0
ROUEN;49.44;1.1;01/10/2026;06:00;14.7;0;SOLEIL;6;15.8;0
ROUEN;49.44;1.1;01/10/2026;07:00;14.7;0;SOLEIL;6;15.1;0
ROUEN;49.44;1.1;01/10/2026;08:00;15.4;0;SOLEIL;5;15.8;0
ROUEN;49.44;1.1;01/10/2026;09:00;16.2;0;SOLEIL;5;19.4;0
ROUEN;49.44;1.1;01/10/2026;10:00;16.9;0;SOLEIL;5;24.8;0
ROUEN;49.44;1.1;01/10/2026;11:00;20.1;6;AVERSES;7;29.2;0
ROUEN;49.44;1.1;01/10/2026;12:00;20.1;6;AVERSES;7;31.0;0
ROUEN;49.44;1.1;01/10/2026;13:00;20.1;6;AVERSES;7;31.7;0
ROUEN;49.44;1.1;01/10/2026;14:00;19.8;0;SOLEIL;5;32.4;0
ROUEN;49.44;1.1;01/10/2026;15:00;20.5;0;SOLEIL;5;33.5;0
ROUEN;49.44;1.1;01/10/2026;16:00;19.8;0;SOLEIL;5;34.2;0
ROUEN;49.44;1.1;01/10/2026;17:00;17;7;PLUIE FAIBLE;6;34.2;0
ROUEN;49.44;1.1;01/10/2026;18:00;17;7;PLUIE FAIBLE;6;32.4;0
ROUEN;49.44;1.1;01/10/2026;19:00;17;7;PLUIE FAIBLE;6;29.5;0
ROUEN;49.44;1.1;01/10/2026;20:00;16.9;0;SOLEIL;5;27.4;0
ROUEN;49.44;1.1;01/10/2026;21:00;16.2;0;SOLEIL;5;26.3;0
ROUEN;49.44;1.1;01/10/2026;22:00;15.4;0;SOLEIL;5;25.9;0
ROUEN;49.44;1.1;01/10/2026;23:00;14.2;0;SOLEIL;5;25.6;0
ROUEN;49.44;1.1;02/10/2026;00:00;14.2;0;SOLEIL;5;24.8;0
ROUEN;49.44;1.1;02/10/2026;01:00;14.2;0;SOLEIL;5;24.5;0
ROUEN;49.44;1.1;02/10/2026;02:00;12.5;0;SOLEIL;5;23.8;0
ROUEN;49.44;1.1;02/10/2026;03:00;12.5;0;SOLEIL;5;23.4;0
ROUEN;49.44;1.1;02/10/2026;04:00;12.5;0;SOLEIL;5;23.0;0
ROUEN;49.44;1.1;02/10/2026;05:00;13.5;0;SOLEIL;4;22.7;0
ROUEN;49.44;1.1;02/10/2026;06:00;13.5;0;SOLEIL;4;21.6;0
ROUEN;49.44;1.1;02/10/2026;07:00;13.5;0;SOLEIL;4;20.5;0
ROUEN;49.44;1.1;02/10/2026;08:00;14.2;0;SOLEIL;5;20.9;0
ROUEN;49.44;1.1;02/10/2026;09:00;15.0;0;SOLEIL;5;24.5;0
ROUEN;49.44;1.1;02/10/2026;10:00;15.9;0;SOLEIL;5;29.5;0
ROUEN;49.44;1.1;02/10/2026;11:00;19.2;0;SOLEIL;4;33.5;0
ROUEN;49.44;1.1;02/10/2026;12:00;19.2;0;SOLEIL;4;34.9;0
ROUEN;49.44;1.1;02/10/2026;13:00;19.2;0;SOLEIL;4;35.3;0
ROUEN;49.44;1.1;02/10/2026;14:00;19.3;0;SOLEIL;5;35.3;0
ROUEN;49.44;1.1;02/10/2026;15:00;20.1;0;SOLEIL;5;34.9;0
ROUEN;49.44;1.1;02/10/2026;16:00;19.3;0;SOLEIL;5;34.2;0
ROUEN;49.44;1.1;02/10/2026;17:00;16.6;0;SOLEIL;3;32.0;0
ROUEN;49.44;1.1;02/10/2026;18:00;16.6;0;SOLEIL;3;28.1;0
ROUEN;49.44;1.1;02/10/2026;19:00;16.6;0;SOLEIL;3;23.0;0
ROUEN;49.44;1.1;02/10/2026;20:00;15.9;0;SOLEIL;5;18.4;0
ROUEN;49.44;1.1;02/10/2026;21:00;15.0;0;SOLEIL;5;14.8;0
ROUEN;49.44;1.1;02/10/2026;22:00;14.2;0;SOLEIL;5;11.2;0
ROUEN;49.44;1.1;02/10/2026;23:00;13.6;0;SOLEIL;4;9.0;0
ROUEN;49.44;1.1;03/10/2026;00:00;13.6;0;SOLEIL;4;7.9;0
ROUEN;49.44;1.1;03/10/2026;01:00;13.6;0;SOLEIL;4;8.3;0
ROUEN;49.44;1.1;03/10/2026;02:00;12;0;SOLEIL;5;8.3;0
ROUEN;49.44;1.1;03/10/2026;03:00;12;0;SOLEIL;5;8.3;0
ROUEN;49.44;1.1;03/10/2026;04:00;12;0;SOLEIL;5;8.3;0
ROUEN;49.44;1.1;03/10/2026;05:00;13.1;0;SOLEIL;4;8.3;0
ROUEN;49.44;1.1;03/10/2026;06:00;13.1;0;SOLEIL;4;8.3;0
ROUEN;49.44;1.1;03/10/2026;07:00;13.1;0;SOLEIL;4;8.3;0
ROUEN;49.44;1.1;03/10/2026;08:00;13.8;0;SOLEIL;5;8.6;0
ROUEN;49.44;1.1;03/10/2026;09:00;14.7;0;SOLEIL;5;9.7;0
ROUEN;49.44;1.1;03/10/2026;10:00;15.6;0;SOLEIL;5;11.2;0
ROUEN;49.44;1.1;03/10/2026;11:00;19.6;0;SOLEIL;5;12.6;0
ROUEN;49.44;1.1;03/10/2026;12:00;19.6;0;SOLEIL;5;13.8;0
ROUEN;49.44;1.1;03/10/2026;13:00;19.6;0;SOLEIL;5;15.1;0
ROUEN;49.44;1.1;03/10/2026;14:00;19.3;0;SOLEIL;5;16.1;0
ROUEN;49.44;1.1;03/10/2026;15:00;20.2;0;SOLEIL;5;17.6;0
ROUEN;49.44;1.1;03/10/2026;16:00;19.3;0;SOLEIL;5;20.2;0
ROUEN;49.44;1.1;03/10/2026;17:00;17.1;0;SOLEIL;6;23.0;0
ROUEN;49.44;1.1;03/10/2026;18:00;17.1;0;SOLEIL;6;25.2;0
ROUEN;49.44;1.1;03/10/2026;19:00;17.1;0;SOLEIL;6;27.0;0
ROUEN;49.44;1.1;03/10/2026;20:00;15.6;0;SOLEIL;5;28.1;0
ROUEN;49.44;1.1;03/10/2026;21:00;14.7;0;SOLEIL;5;28.1;0
ROUEN;49.44;1.1;03/10/2026;22:00;13.8;0;SOLEIL;5;27.0;0
ROUEN;49.44;1.1;03/10/2026;23:00;13.9;0;SOLEIL;5;25.2;0
ROUEN;49.44;1.1;04/10/2026;00:00;13.9;0;SOLEIL;5;23.4;0
ROUEN;49.44;1.1;04/10/2026;01:00;13.9;0;SOLEIL;5;21.6;0
ROUEN;49.44;1.1;04/10/2026;02:00;12.1;0;SOLEIL;5;20.5;0
ROUEN;49.44;1.1;04/10/2026;03:00;12.1;0;SOLEIL;5;19.4;0
ROUEN;49.44;1.1;04/10/2026;04:00;12.1;0;SOLEIL;5;18.4;0
ROUEN;49.44;1.1;04/10/2026;05:00;13.2;0;SOLEIL;5;17.6;0
ROUEN;49.44;1.1;04/10/2026;06:00;13.2;0;SOLEIL;5;16.9;0
ROUEN;49.44;1.1;04/10/2026;07:00;13.2;0;SOLEIL;5;16.9;0
ROUEN;49.44;1.1;04/10/2026;08:00;13.7;0;SOLEIL;5;17.3;0
ROUEN;49.44;1.1;04/10/2026;09:00;14.5;0;SOLEIL;5;18.7;0
ROUEN;49.44;1.1;04/10/2026;10:00;15.3;0;SOLEIL;5;21.2;0
ROUEN;49.44;1.1;04/10/2026;11:00;18.6;7;PLUIE FAIBLE;6;23.8;0
ROUEN;49.44;1.1;04/10/2026;12:00;18.6;7;PLUIE FAIBLE;6;27.0;0
ROUEN;49.44;1.1;04/10/2026;13:00;18.6;7;PLUIE FAIBLE;6;29.5;0
ROUEN;49.44;1.1;04/10/2026;14:00;18.4;0;SOLEIL;5;31.3;0
ROUEN;49.44;1.1;04/10/2026;15:00;19.2;0;SOLEIL;5;32.4;0
ROUEN;49.44;1.1;04/10/2026;16:00;18.4;0;SOLEIL;5;33.5;0
ROUEN;49.44;1.1;04/10/2026;17:00;16.2;0;SOLEIL;6;33.8;0
ROUEN;49.44;1.1;04/10/2026;18:00;16.2;0;SOLEIL;6;34.2;0
ROUEN;49.44;1.1;04/10/2026;19:00;16.2;0;SOLEIL;6;34.2;0
ROUEN;49.44;1.1;04/10/2026;20:00;15.3;0;SOLEIL;5;34.2;0
ROUEN;49.44;1.1;04/10/2026;21:00;14.5;0;SOLEIL;5;33.8;0
ROUEN;49.44;1.1;04/10/2026;22:00;13.7;0;SOLEIL;5;32.8;0
ROUEN;49.44;1.1;04/10/2026;23:00;14.1;0;SOLEIL;6;31.3;0
PARIS;48.85;2.35;27/09/2026;00:00;13.6;0;SOLEIL;4;13.3;0
PARIS;48.85;2.35;27/09/2026;01:00;13.5;0;SOLEIL;3;10.8;0
PARIS;48.85;2.35;27/09/2026;02:00;13.6;2;NUAGEUX;2;8.6;0
PARIS;48.85;2.35;27/09/2026;03:00;13;0;SOLEIL;2;8.3;0
PARIS;48.85;2.35;27/09/2026;04:00;12.5;0;SOLEIL;2;7.9;0
PARIS;48.85;2.35;27/09/2026;05:00;12.5;0;SOLEIL;2;7.6;0
PARIS;48.85;2.35;27/09/2026;06:00;13;5;SOLEIL VOILÉ;2;8.6;0
PARIS;48.85;2.35;27/09/2026;07:00;14.1;5;SOLEIL VOILÉ;2;8.6;0
PARIS;48.85;2.35;27/09/2026;08:00;16.6;5;SOLEIL VOILÉ;2;7.9;0
PARIS;48.85;2.35;27/09/2026;09:00;19.6;5;SOLEIL VOILÉ;2;6.8;0
PARIS;48.85;2.35;27/09/2026;10:00;21.7;5;SOLEIL VOILÉ;3;6.5;0
PARIS;48.85;2.35;27/09/2026;11:00;23.7;5;SOLEIL VOILÉ;3;18.0;0
PARIS;48.85;2.35;27/09/2026;12:00;25.1;5;SOLEIL VOILÉ;4;22.0;0
PARIS;48.85;2.35;27/09/2026;13:00;26;5;SOLEIL VOILÉ;4;25.6;0
PARIS;48.85;2.35;27/09/2026;14:00;26.6;2;NUAGEUX;4;29.2;0
PARIS;48.85;2.35;27/09/2026;15:00;26;2;NUAGEUX;4;33.5;0
PARIS;48.85;2.35;27/09/2026;16:00;24.9;2;NUAGEUX;4;38.9;0
PARIS;48.85;2.35;27/09/2026;17:00;23.6;2;NUAGEUX;4;38.9;0
PARIS;48.85;2.35;27/09/2026;18:00;22.5;2;NUAGEUX;3;32.8;0
PARIS;48.85;2.35;27/09/2026;19:00;20.7;5;SOLEIL VOILÉ;3;27.4;0
PARIS;48.85;2.35;27/09/2026;20:00;19.9;2;NUAGEUX;3;23.8;0
PARIS;48.85;2.35;27/09/2026;21:00;18.4;2;NUAGEUX;3;13.3;0
PARIS;48.85;2.35;27/09/2026;22:00;17.4;2;NUAGEUX;3;10.8;0
PARIS;48.85;2.35;27/09/2026;23:00;16.7;2;NUAGEUX;3;5.4;0
PARIS;48.85;2.35;28/09/2026;00:00;16.2;2;NUAGEUX;3;8.3;0
PARIS;48.85;2.35;28/09/2026;01:00;16.2;2;NUAGEUX;3;12.6;0
PARIS;48.85;2.35;28/09/2026;02:00;17.1;2;NUAGEUX;2;15.1;0
PARIS;48.85;2.35;28/09/2026;03:00;17.1;2;NUAGEUX;2;15.4;0
PARIS;48.85;2.35;28/09/2026;04:00;17.1;2;NUAGEUX;2;12.1;0
PARIS;48.85;2.35;28/09/2026;05:00;17.1;6;AVERSES;1;5.5;0
PARIS;48.85;2.35;28/09/2026;06:00;17.1;6;AVERSES;1;7.9;0
PARIS;48.85;2.35;28/09/2026;07:00;17.1;6;AVERSES;1;7.9;0
PARIS;48.85;2.35;28/09/2026;08:00;19.1;6;AVERSES;2;8.3;0
PARIS;48.85;2.35;28/09/2026;09:00;19.1;6;AVERSES;2;8.3;0
PARIS;48.85;2.35;28/09/2026;10:00;19.1;6;AVERSES;2;6.5;0
PARIS;48.85;2.35;28/09/2026;11:00;19.9;6;AVERSES;2;10.8;0
PARIS;48.85;2.35;28/09/2026;12:00;19.9;6;AVERSES;2;13.7;0
PARIS;48.85;2.35;28/09/2026;13:00;19.9;6;AVERSES;2;21.2;0
PARIS;48.85;2.35;28/09/2026;14:00;19.6;5;SOLEIL VOILÉ;2;22.7;0
PARIS;48.85;2.35;28/09/2026;15:00;19.6;5;SOLEIL VOILÉ;2;23.0;0
PARIS;48.85;2.35;28/09/2026;16:00;19.6;5;SOLEIL VOILÉ;2;30.6;0
PARIS;48.85;2.35;28/09/2026;17:00;18.9;6;AVERSES;3;31.7;0
PARIS;48.85;2.35;28/09/2026;18:00;18.9;6;AVERSES;3;26.6;0
PARIS;48.85;2.35;28/09/2026;19:00;18.9;6;AVERSES;3;36.0;0
PARIS;48.85;2.35;28/09/2026;20:00;15.9;6;AVERSES;3;43.2;0
PARIS;48.85;2.35;28/09/2026;21:00;15.9;6;AVERSES;3;36.0;0
PARIS;48.85;2.35;28/09/2026;22:00;15.9;6;AVERSES;3;34.6;0
PARIS;48.85;2.35;28/09/2026;23:00;14.4;5;SOLEIL VOILÉ;3;31.0;0
PARIS;48.85;2.35;29/09/2026;00:00;14.4;5;SOLEIL VOILÉ;3;30.6;0
PARIS;48.85;2.35;29/09/2026;01:00;14.4;5;SOLEIL VOILÉ;3;28.4;0
PARIS;48.85;2.35;29/09/2026;02:00;14.6;5;SOLEIL VOILÉ;3;23.0;0
PARIS;48.85;2.35;29/09/2026;03:00;14.6;5;SOLEIL VOILÉ;3;19.1;0
PARIS;48.85;2.35;29/09/2026;04:00;14.6;5;SOLEIL VOILÉ;3;18.7;0
PARIS;48.85;2.35;29/09/2026;05:00;13.5;0;SOLEIL;3;17.6;0
PARIS;48.85;2.35;29/09/2026;06:00;13.5;0;SOLEIL;3;17.3;0
PARIS;48.85;2.35;29/09/2026;07:00;13.5;0;SOLEIL;3;17.3;0
PARIS;48.85;2.35;29/09/2026;08:00;20.6;0;SOLEIL;3;18.0;0
PARIS;48.85;2.35;29/09/2026;09:00;20.6;0;SOLEIL;3;21.2;0
PARIS;48.85;2.35;29/09/2026;10:00;20.6;0;SOLEIL;3;25.9;0
PARIS;48.85;2.35;29/09/2026;11:00;26.6;0;SOLEIL;4;29.2;0
PARIS;48.85;2.35;29/09/2026;12:00;26.6;0;SOLEIL;4;29.9;0
PARIS;48.85;2.35;29/09/2026;13:00;26.6;0;SOLEIL;4;29.2;0
PARIS;48.85;2.35;29/09/2026;14:00;27.1;0;SOLEIL;4;29.5;0
PARIS;48.85;2.35;29/09/2026;15:00;27.1;0;SOLEIL;4;32.0;0
PARIS;48.85;2.35;29/09/2026;16:00;27.1;0;SOLEIL;4;35.6;0
PARIS;48.85;2.35;29/09/2026;17:00;23.1;5;SOLEIL VOILÉ;3;37.1;0
PARIS;48.85;2.35;29/09/2026;18:00;23.1;5;SOLEIL VOILÉ;3;34.6;0
PARIS;48.85;2.35;29/09/2026;19:00;23.1;5;SOLEIL VOILÉ;3;30.2;0
PARIS;48.85;2.35;29/09/2026;20:00;19.4;0;SOLEIL;5;25.9;0
PARIS;48.85;2.35;29/09/2026;21:00;17.7;0;SOLEIL;5;22.0;0
PARIS;48.85;2.35;29/09/2026;22:00;16.0;0;SOLEIL;5;18.4;0
PARIS;48.85;2.35;29/09/2026;23:00;17;2;NUAGEUX;4;15.8;0
PARIS;48.85;2.35;30/09/2026;00:00;17;2;NUAGEUX;4;15.5;0
PARIS;48.85;2.35;30/09/2026;01:00;17;2;NUAGEUX;4;16.6;0
PARIS;48.85;2.35;30/09/2026;02:00;18.4;7;PLUIE FAIBLE;5;18.0;0
PARIS;48.85;2.35;30/09/2026;03:00;18.4;7;PLUIE FAIBLE;5;19.4;0
PARIS;48.85;2.35;30/09/2026;04:00;18.4;7;PLUIE FAIBLE;5;21.2;0
PARIS;48.85;2.35;30/09/2026;05:00;19.5;2;NUAGEUX;4;23.0;0
PARIS;48.85;2.35;30/09/2026;06:00;19.5;2;NUAGEUX;4;25.6;0
PARIS;48.85;2.35;30/09/2026;07:00;19.5;2;NUAGEUX;4;28.1;0
PARIS;48.85;2.35;30/09/2026;08:00;19.9;7;PLUIE FAIBLE;5;30.2;0
PARIS;48.85;2.35;30/09/2026;09:00;20.7;7;PLUIE FAIBLE;5;32.0;0
PARIS;48.85;2.35;30/09/2026;10:00;21.4;7;PLUIE FAIBLE;5;33.1;0
PARIS;48.85;2.35;30/09/2026;11:00;24.1;7;PLUIE FAIBLE;4;33.5;0
PARIS;48.85;2.35;30/09/2026;12:00;24.1;7;PLUIE FAIBLE;4;32.8;0
PARIS;48.85;2.35;30/09/2026;13:00;24.1;7;PLUIE FAIBLE;4;31.0;0
PARIS;48.85;2.35;30/09/2026;14:00;24.4;7;PLUIE FAIBLE;5;29.9;0
PARIS;48.85;2.35;30/09/2026;15:00;25.2;7;PLUIE FAIBLE;5;30.2;0
PARIS;48.85;2.35;30/09/2026;16:00;24.4;7;PLUIE FAIBLE;5;31.0;0
PARIS;48.85;2.35;30/09/2026;17:00;20.7;6;AVERSES;3;30.6;0
PARIS;48.85;2.35;30/09/2026;18:00;20.7;6;AVERSES;3;26.6;0
PARIS;48.85;2.35;30/09/2026;19:00;20.7;6;AVERSES;3;21.6;0
PARIS;48.85;2.35;30/09/2026;20:00;21.4;7;PLUIE FAIBLE;5;18.7;0
PARIS;48.85;2.35;30/09/2026;21:00;20.7;7;PLUIE FAIBLE;5;21.2;0
PARIS;48.85;2.35;30/09/2026;22:00;19.9;7;PLUIE FAIBLE;5;25.9;0
PARIS;48.85;2.35;30/09/2026;23:00;17.6;7;PLUIE FAIBLE;2;28.4;0
PARIS;48.85;2.35;01/10/2026;00:00;17.6;7;PLUIE FAIBLE;2;23.8;0
PARIS;48.85;2.35;01/10/2026;01:00;17.6;7;PLUIE FAIBLE;2;17.8;0
PARIS;48.85;2.35;01/10/2026;02:00;14.1;6;AVERSES;5;13.3;0
PARIS;48.85;2.35;01/10/2026;03:00;14.1;6;AVERSES;5;9.7;0
PARIS;48.85;2.35;01/10/2026;04:00;14.1;6;AVERSES;5;7.6;0
PARIS;48.85;2.35;01/10/2026;05:00;14.6;2;NUAGEUX;2;6.1;0
PARIS;48.85;2.35;01/10/2026;06:00;14.6;2;NUAGEUX;2;5.8;0
PARIS;48.85;2.35;01/10/2026;07:00;14.6;2;NUAGEUX;2;6.5;0
PARIS;48.85;2.35;01/10/2026;08:00;15.8;6;AVERSES;5;7.9;0
PARIS;48.85;2.35;01/10/2026;09:00;16.6;6;AVERSES;5;10.1;0
PARIS;48.85;2.35;01/10/2026;10:00;17.4;6;AVERSES;5;13.3;0
PARIS;48.85;2.35;01/10/2026;11:00;20.9;6;AVERSES;4;16.2;0
PARIS;48.85;2.35;01/10/2026;12:00;20.9;6;AVERSES;4;18.7;0
PARIS;48.85;2.35;01/10/2026;13:00;20.9;6;AVERSES;4;21.6;0
PARIS;48.85;2.35;01/10/2026;14:00;20.8;6;AVERSES;5;23.8;0
PARIS;48.85;2.35;01/10/2026;15:00;21.6;6;AVERSES;5;25.9;0
PARIS;48.85;2.35;01/10/2026;16:00;20.8;6;AVERSES;5;27.7;0
PARIS;48.85;2.35;01/10/2026;17:00;17.5;7;PLUIE FAIBLE;2;28.1;0
PARIS;48.85;2.35;01/10/2026;18:00;17.5;7;PLUIE FAIBLE;2;25.9;0
PARIS;48.85;2.35;01/10/2026;19:00;17.5;7;PLUIE FAIBLE;2;22.7;0
PARIS;48.85;2.35;01/10/2026;20:00;17.4;6;AVERSES;5;19.1;0
PARIS;48.85;2.35;01/10/2026;21:00;16.6;6;AVERSES;5;15.5;0
PARIS;48.85;2.35;01/10/2026;22:00;15.8;6;AVERSES;5;11.9;0
PARIS;48.85;2.35;01/10/2026;23:00;13;0;SOLEIL;2;9.4;0
PARIS;48.85;2.35;02/10/2026;00:00;13;0;SOLEIL;2;9.0;0
PARIS;48.85;2.35;02/10/2026;01:00;13;0;SOLEIL;2;10.1;0
PARIS;48.85;2.35;02/10/2026;02:00;10.2;0;SOLEIL;5;10.8;0
PARIS;48.85;2.35;02/10/2026;03:00;10.2;0;SOLEIL;5;10.1;0
PARIS;48.85;2.35;02/10/2026;04:00;10.2;0;SOLEIL;5;9.0;0
PARIS;48.85;2.35;02/10/2026;05:00;11.2;0;SOLEIL;1;8.3;0
PARIS;48.85;2.35;02/10/2026;06:00;11.2;0;SOLEIL;1;7.6;0
PARIS;48.85;2.35;02/10/2026;07:00;11.2;0;SOLEIL;1;6.8;0
PARIS;48.85;2.35;02/10/2026;08:00;12.7;0;SOLEIL;5;7.2;0
PARIS;48.85;2.35;02/10/2026;09:00;13.9;0;SOLEIL;5;9.4;0
PARIS;48.85;2.35;02/10/2026;10:00;15.2;0;SOLEIL;5;12.6;0
PARIS;48.85;2.35;02/10/2026;11:00;20.5;0;SOLEIL;2;15.1;0
PARIS;48.85;2.35;02/10/2026;12:00;20.5;0;SOLEIL;2;16.9;0
PARIS;48.85;2.35;02/10/2026;13:00;20.5;0;SOLEIL;2;18.0;0
PARIS;48.85;2.35;02/10/2026;14:00;20.2;0;SOLEIL;5;18.4;0
PARIS;48.85;2.35;02/10/2026;15:00;21.4;0;SOLEIL;5;17.6;0
PARIS;48.85;2.35;02/10/2026;16:00;20.2;0;SOLEIL;5;16.2;0
PARIS;48.85;2.35;02/10/2026;17:00;17.5;0;SOLEIL;2;14.0;0
PARIS;48.85;2.35;02/10/2026;18:00;17.5;0;SOLEIL;2;10.8;0
PARIS;48.85;2.35;02/10/2026;19:00;17.5;0;SOLEIL;2;7.6;0
PARIS;48.85;2.35;02/10/2026;20:00;15.2;0;SOLEIL;5;5.0;0
PARIS;48.85;2.35;02/10/2026;21:00;13.9;0;SOLEIL;5;5.0;0
PARIS;48.85;2.35;02/10/2026;22:00;12.7;0;SOLEIL;5;6.1;0
PARIS;48.85;2.35;02/10/2026;23:00;13.2;0;SOLEIL;2;7.2;0
PARIS;48.85;2.35;03/10/2026;00:00;13.2;0;SOLEIL;2;7.6;0
PARIS;48.85;2.35;03/10/2026;01:00;13.2;0;SOLEIL;2;7.6;0
PARIS;48.85;2.35;03/10/2026;02:00;10.9;0;SOLEIL;5;7.6;0
PARIS;48.85;2.35;03/10/2026;03:00;10.9;0;SOLEIL;5;7.6;0
PARIS;48.85;2.35;03/10/2026;04:00;10.9;0;SOLEIL;5;7.9;0
PARIS;48.85;2.35;03/10/2026;05:00;12;0;SOLEIL;2;7.9;0
PARIS;48.85;2.35;03/10/2026;06:00;12;0;SOLEIL;2;7.9;0
PARIS;48.85;2.35;03/10/2026;07:00;12;0;SOLEIL;2;7.9;0
PARIS;48.85;2.35;03/10/2026;08:00;13.2;0;SOLEIL;5;7.9;0
PARIS;48.85;2.35;03/10/2026;09:00;14.4;0;SOLEIL;5;7.6;0
PARIS;48.85;2.35;03/10/2026;10:00;15.6;0;SOLEIL;5;7.6;0
PARIS;48.85;2.35;03/10/2026;11:00;20.6;0;SOLEIL;3;8.3;0
PARIS;48.85;2.35;03/10/2026;12:00;20.6;0;SOLEIL;3;11.1;0
PARIS;48.85;2.35;03/10/2026;13:00;20.6;0;SOLEIL;3;13.5;0
PARIS;48.85;2.35;03/10/2026;14:00;20.2;0;SOLEIL;5;14.4;0
PARIS;48.85;2.35;03/10/2026;15:00;21.4;0;SOLEIL;5;14.8;0
PARIS;48.85;2.35;03/10/2026;16:00;20.2;0;SOLEIL;5;16.2;0
PARIS;48.85;2.35;03/10/2026;17:00;17.1;0;SOLEIL;3;18.0;0
PARIS;48.85;2.35;03/10/2026;18:00;17.1;0;SOLEIL;3;19.8;0
PARIS;48.85;2.35;03/10/2026;19:00;17.1;0;SOLEIL;3;21.2;0
PARIS;48.85;2.35;03/10/2026;20:00;15.6;0;SOLEIL;5;22.3;0
PARIS;48.85;2.35;03/10/2026;21:00;14.4;0;SOLEIL;5;23.0;0
PARIS;48.85;2.35;03/10/2026;22:00;13.2;0;SOLEIL;5;23.0;0
PARIS;48.85;2.35;03/10/2026;23:00;13.1;0;SOLEIL;2;23.4;0
PARIS;48.85;2.35;04/10/2026;00:00;13.1;0;SOLEIL;2;23.0;0
PARIS;48.85;2.35;04/10/2026;01:00;13.1;0;SOLEIL;2;23.0;0
PARIS;48.85;2.35;04/10/2026;02:00;10.4;0;SOLEIL;5;22.7;0
PARIS;48.85;2.35;04/10/2026;03:00;10.4;0;SOLEIL;5;22.3;0
PARIS;48.85;2.35;04/10/2026;04:00;10.4;0;SOLEIL;5;21.6;0
PARIS;48.85;2.35;04/10/2026;05:00;11.1;0;SOLEIL;2;20.9;0
PARIS;48.85;2.35;04/10/2026;06:00;11.1;0;SOLEIL;2;20.5;0
PARIS;48.85;2.35;04/10/2026;07:00;11.1;0;SOLEIL;2;20.2;0
PARIS;48.85;2.35;04/10/2026;08:00;12.7;0;SOLEIL;5;20.2;0
PARIS;48.85;2.35;04/10/2026;09:00;13.8;0;SOLEIL;5;20.9;0
PARIS;48.85;2.35;04/10/2026;10:00;14.9;0;SOLEIL;5;22.0;0
PARIS;48.85;2.35;04/10/2026;11:00;19.9;0;SOLEIL;3;23.4;0
PARIS;48.85;2.35;04/10/2026;12:00;19.9;0;SOLEIL;3;24.5;0
PARIS;48.85;2.35;04/10/2026;13:00;19.9;0;SOLEIL;3;25.9;0
PARIS;48.85;2.35;04/10/2026;14:00;19.5;0;SOLEIL;5;26.6;0
PARIS;48.85;2.35;04/10/2026;15:00;20.6;0;SOLEIL;5;27.0;0
PARIS;48.85;2.35;04/10/2026;16:00;19.5;0;SOLEIL;5;27.0;0
PARIS;48.85;2.35;04/10/2026;17:00;16.6;0;SOLEIL;3;27.0;0
PARIS;48.85;2.35;04/10/2026;18:00;16.6;0;SOLEIL;3;27.0;0
PARIS;48.85;2.35;04/10/2026;19:00;16.6;0;SOLEIL;3;26.6;0
PARIS;48.85;2.35;04/10/2026;20:00;14.9;0;SOLEIL;5;26.6;0
PARIS;48.85;2.35;04/10/2026;21:00;13.8;0;SOLEIL;5;26.6;0
PARIS;48.85;2.35;04/10/2026;22:00;12.7;0;SOLEIL;5;26.6;0
PARIS;48.85;2.35;04/10/2026;23:00;12.9;0;SOLEIL;2;26.6;0
LILLE;50.62;3.05;27/09/2026;00:00;16;5;SOLEIL VOILÉ;3;19.4;0
LILLE;50.62;3.05;27/09/2026;01:00;15.8;5;SOLEIL VOILÉ;3;17.3;0
LILLE;50.62;3.05;27/09/2026;02:00;15.4;5;SOLEIL VOILÉ;2;16.2;0
LILLE;50.62;3.05;27/09/2026;03:00;14.6;5;SOLEIL VOILÉ;2;16.2;0
LILLE;50.62;3.05;27/09/2026;04:00;14;5;SOLEIL VOILÉ;2;16.2;0
LILLE;50.62;3.05;27/09/2026;05:00;14;0;SOLEIL;2;14.8;0
LILLE;50.62;3.05;27/09/2026;06:00;14;2;NUAGEUX;2;14.8;0
LILLE;50.62;3.05;27/09/2026;07:00;15.2;5;SOLEIL VOILÉ;2;14.8;0
LILLE;50.62;3.05;27/09/2026;08:00;16.6;5;SOLEIL VOILÉ;2;16.9;0
LILLE;50.62;3.05;27/09/2026;09:00;18.2;5;SOLEIL VOILÉ;2;16.9;0
LILLE;50.62;3.05;27/09/2026;10:00;20.5;5;SOLEIL VOILÉ;2;16.6;0
LILLE;50.62;3.05;27/09/2026;11:00;22.2;5;SOLEIL VOILÉ;2;16.2;0
LILLE;50.62;3.05;27/09/2026;12:00;23.4;5;SOLEIL VOILÉ;3;16.9;0
LILLE;50.62;3.05;27/09/2026;13:00;23.9;5;SOLEIL VOILÉ;4;21.6;0
LILLE;50.62;3.05;27/09/2026;14:00;25;5;SOLEIL VOILÉ;4;25.6;0
LILLE;50.62;3.05;27/09/2026;15:00;25.1;2;NUAGEUX;4;31.0;0
LILLE;50.62;3.05;27/09/2026;16:00;25.1;2;NUAGEUX;4;33.1;0
LILLE;50.62;3.05;27/09/2026;17:00;24.3;2;NUAGEUX;3;33.5;0
LILLE;50.62;3.05;27/09/2026;18:00;22.9;2;NUAGEUX;3;32.0;0
LILLE;50.62;3.05;27/09/2026;19:00;21.7;2;NUAGEUX;4;26.6;0
LILLE;50.62;3.05;27/09/2026;20:00;21.1;2;NUAGEUX;3;17.6;0
LILLE;50.62;3.05;27/09/2026;21:00;20.7;2;NUAGEUX;3;22.7;0
LILLE;50.62;3.05;27/09/2026;22:00;19.6;2;NUAGEUX;3;23.4;0
LILLE;50.62;3.05;27/09/2026;23:00;19;2;NUAGEUX;3;28.1;0
LILLE;50.62;3.05;28/09/2026;00:00;18.4;2;NUAGEUX;2;24.1;0
LILLE;50.62;3.05;28/09/2026;01:00;18.4;2;NUAGEUX;2;17.6;0
LILLE;50.62;3.05;28/09/2026;02:00;17.9;2;NUAGEUX;2;12.6;0
LILLE;50.62;3.05;28/09/2026;03:00;17.9;2;NUAGEUX;2;10.8;0
LILLE;50.62;3.05;28/09/2026;04:00;17.9;2;NUAGEUX;2;7.6;0
LILLE;50.62;3.05;28/09/2026;05:00;17.7;2;NUAGEUX;2;7.6;0
LILLE;50.62;3.05;28/09/2026;06:00;17.7;2;NUAGEUX;2;9.7;0
LILLE;50.62;3.05;28/09/2026;07:00;17.7;2;NUAGEUX;2;11.2;0
LILLE;50.62;3.05;28/09/2026;08:00;20.1;2;NUAGEUX;2;14.4;0
LILLE;50.62;3.05;28/09/2026;09:00;20.1;2;NUAGEUX;2;13.0;0
LILLE;50.62;3.05;28/09/2026;10:00;20.1;2;NUAGEUX;2;12.6;0
LILLE;50.62;3.05;28/09/2026;11:00;22.1;6;AVERSES;2;15.8;0
LILLE;50.62;3.05;28/09/2026;12:00;22.1;6;AVERSES;2;12.2;0
LILLE;50.62;3.05;28/09/2026;13:00;22.1;6;AVERSES;2;13.4;0
LILLE;50.62;3.05;28/09/2026;14:00;20.7;2;NUAGEUX;3;15.3;0
LILLE;50.62;3.05;28/09/2026;15:00;20.7;2;NUAGEUX;3;18.3;0
LILLE;50.62;3.05;28/09/2026;16:00;20.7;2;NUAGEUX;3;19.4;0
LILLE;50.62;3.05;28/09/2026;17:00;18.9;6;AVERSES;3;19.8;0
LILLE;50.62;3.05;28/09/2026;18:00;18.9;6;AVERSES;3;20.9;0
LILLE;50.62;3.05;28/09/2026;19:00;18.9;6;AVERSES;3;27.0;0
LILLE;50.62;3.05;28/09/2026;20:00;17.6;6;AVERSES;3;21.2;0
LILLE;50.62;3.05;28/09/2026;21:00;17.6;6;AVERSES;3;19.4;0
LILLE;50.62;3.05;28/09/2026;22:00;17.6;6;AVERSES;3;20.9;0
LILLE;50.62;3.05;28/09/2026;23:00;16.7;5;SOLEIL VOILÉ;3;23.0;0
LILLE;50.62;3.05;29/09/2026;00:00;16.7;5;SOLEIL VOILÉ;3;16.6;0
LILLE;50.62;3.05;29/09/2026;01:00;16.7;5;SOLEIL VOILÉ;3;13.0;0
LILLE;50.62;3.05;29/09/2026;02:00;16.2;5;SOLEIL VOILÉ;4;7.2;0
LILLE;50.62;3.05;29/09/2026;03:00;16.2;5;SOLEIL VOILÉ;4;5.8;0
LILLE;50.62;3.05;29/09/2026;04:00;16.2;5;SOLEIL VOILÉ;4;9.7;0
LILLE;50.62;3.05;29/09/2026;05:00;16.1;5;SOLEIL VOILÉ;3;4.7;0
LILLE;50.62;3.05;29/09/2026;06:00;16.1;5;SOLEIL VOILÉ;3;4.3;0
LILLE;50.62;3.05;29/09/2026;07:00;16.1;5;SOLEIL VOILÉ;3;3.6;0
LILLE;50.62;3.05;29/09/2026;08:00;20.5;0;SOLEIL;3;2.5;0
LILLE;50.62;3.05;29/09/2026;09:00;20.5;0;SOLEIL;3;8.6;0
LILLE;50.62;3.05;29/09/2026;10:00;20.5;0;SOLEIL;3;11.5;0
LILLE;50.62;3.05;29/09/2026;11:00;26.2;0;SOLEIL;3;15.5;0
LILLE;50.62;3.05;29/09/2026;12:00;26.2;0;SOLEIL;3;16.9;0
LILLE;50.62;3.05;29/09/2026;13:00;26.2;0;SOLEIL;3;20.5;0
LILLE;50.62;3.05;29/09/2026;14:00;28.2;0;SOLEIL;4;24.5;0
LILLE;50.62;3.05;29/09/2026;15:00;28.2;0;SOLEIL;4;26.6;0
LILLE;50.62;3.05;29/09/2026;16:00;28.2;0;SOLEIL;4;28.4;0
LILLE;50.62;3.05;29/09/2026;17:00;25.1;0;SOLEIL;3;29.9;0
LILLE;50.62;3.05;29/09/2026;18:00;25.1;0;SOLEIL;3;30.6;0
LILLE;50.62;3.05;29/09/2026;19:00;25.1;0;SOLEIL;3;31.0;0
LILLE;50.62;3.05;29/09/2026;20:00;21.3;0;SOLEIL;5;30.2;0
LILLE;50.62;3.05;29/09/2026;21:00;19.8;0;SOLEIL;5;27.7;0
LILLE;50.62;3.05;29/09/2026;22:00;18.4;0;SOLEIL;5;24.5;0
LILLE;50.62;3.05;29/09/2026;23:00;19.9;2;NUAGEUX;4;22.3;0
LILLE;50.62;3.05;30/09/2026;00:00;19.9;2;NUAGEUX;4;23.0;0
LILLE;50.62;3.05;30/09/2026;01:00;19.9;2;NUAGEUX;4;24.8;0
LILLE;50.62;3.05;30/09/2026;02:00;19;2;NUAGEUX;5;26.3;0
LILLE;50.62;3.05;30/09/2026;03:00;19;2;NUAGEUX;5;26.3;0
LILLE;50.62;3.05;30/09/2026;04:00;19;2;NUAGEUX;5;25.9;0
LILLE;50.62;3.05;30/09/2026;05:00;20;2;NUAGEUX;4;25.9;0
LILLE;50.62;3.05;30/09/2026;06:00;20;2;NUAGEUX;4;25.9;0
LILLE;50.62;3.05;30/09/2026;07:00;20;2;NUAGEUX;4;26.3;0
LILLE;50.62;3.05;30/09/2026;08:00;20.5;2;NUAGEUX;5;27.0;0
LILLE;50.62;3.05;30/09/2026;09:00;21.2;2;NUAGEUX;5;28.4;0
LILLE;50.62;3.05;30/09/2026;10:00;21.9;2;NUAGEUX;5;30.6;0
LILLE;50.62;3.05;30/09/2026;11:00;24.1;2;NUAGEUX;4;32.4;0
LILLE;50.62;3.05;30/09/2026;12:00;24.1;2;NUAGEUX;4;34.2;0
LILLE;50.62;3.05;30/09/2026;13:00;24.1;2;NUAGEUX;4;35.3;0
LILLE;50.62;3.05;30/09/2026;14:00;24.9;2;NUAGEUX;5;36.0;0
LILLE;50.62;3.05;30/09/2026;15:00;25.6;2;NUAGEUX;5;35.3;0
LILLE;50.62;3.05;30/09/2026;16:00;24.9;2;NUAGEUX;5;33.8;0
LILLE;50.62;3.05;30/09/2026;17:00;22.1;7;PLUIE FAIBLE;3;31.7;0
LILLE;50.62;3.05;30/09/2026;18:00;22.1;7;PLUIE FAIBLE;3;29.2;0
LILLE;50.62;3.05;30/09/2026;19:00;22.1;7;PLUIE FAIBLE;3;25.9;0
LILLE;50.62;3.05;30/09/2026;20:00;21.9;2;NUAGEUX;5;23.4;0
LILLE;50.62;3.05;30/09/2026;21:00;21.2;2;NUAGEUX;5;22.0;0
LILLE;50.62;3.05;30/09/2026;22:00;20.5;2;NUAGEUX;5;21.2;0
LILLE;50.62;3.05;30/09/2026;23:00;19.2;6;AVERSES;2;20.2;0
LILLE;50.62;3.05;01/10/2026;00:00;19.2;6;AVERSES;2;18.4;0
LILLE;50.62;3.05;01/10/2026;01:00;19.2;6;AVERSES;2;16.2;0
LILLE;50.62;3.05;01/10/2026;02:00;15.7;7;PLUIE FAIBLE;5;15.5;0
LILLE;50.62;3.05;01/10/2026;03:00;15.7;7;PLUIE FAIBLE;5;16.9;0
LILLE;50.62;3.05;01/10/2026;04:00;15.7;7;PLUIE FAIBLE;5;19.8;0
LILLE;50.62;3.05;01/10/2026;05:00;17.1;7;PLUIE FAIBLE;2;21.6;0
LILLE;50.62;3.05;01/10/2026;06:00;17.1;7;PLUIE FAIBLE;2;21.6;0
LILLE;50.62;3.05;01/10/2026;07:00;17.1;7;PLUIE FAIBLE;2;20.5;0
LILLE;50.62;3.05;01/10/2026;08:00;16.7;7;PLUIE FAIBLE;5;20.9;0
LILLE;50.62;3.05;01/10/2026;09:00;17.1;7;PLUIE FAIBLE;5;23.4;0
LILLE;50.62;3.05;01/10/2026;10:00;17.6;7;PLUIE FAIBLE;5;27.0;0
LILLE;50.62;3.05;01/10/2026;11:00;18.9;7;PLUIE FAIBLE;3;29.9;0
LILLE;50.62;3.05;01/10/2026;12:00;18.9;7;PLUIE FAIBLE;3;32.0;0
LILLE;50.62;3.05;01/10/2026;13:00;18.9;7;PLUIE FAIBLE;3;33.5;0
LILLE;50.62;3.05;01/10/2026;14:00;19.5;7;PLUIE FAIBLE;5;34.6;0
LILLE;50.62;3.05;01/10/2026;15:00;20.0;7;PLUIE FAIBLE;5;35.3;0
LILLE;50.62;3.05;01/10/2026;16:00;19.5;7;PLUIE FAIBLE;5;36.0;0
LILLE;50.62;3.05;01/10/2026;17:00;17.2;7;PLUIE FAIBLE;3;35.6;0
LILLE;50.62;3.05;01/10/2026;18:00;17.2;7;PLUIE FAIBLE;3;33.8;0
LILLE;50.62;3.05;01/10/2026;19:00;17.2;7;PLUIE FAIBLE;3;31.3;0
LILLE;50.62;3.05;01/10/2026;20:00;17.6;7;PLUIE FAIBLE;5;29.5;0
LILLE;50.62;3.05;01/10/2026;21:00;17.1;7;PLUIE FAIBLE;5;21.2;0
LILLE;50.62;3.05;01/10/2026;22:00;16.7;7;PLUIE FAIBLE;5;19.1;0
LILLE;50.62;3.05;01/10/2026;23:00;14.7;0;SOLEIL;2;16.2;0
LILLE;50.62;3.05;02/10/2026;00:00;14.7;0;SOLEIL;2;13.3;0
LILLE;50.62;3.05;02/10/2026;01:00;14.7;0;SOLEIL;2;10.8;0
LILLE;50.62;3.05;02/10/2026;02:00;12.1;0;SOLEIL;5;9.0;0
LILLE;50.62;3.05;02/10/2026;03:00;12.1;0;SOLEIL;5;7.9;0
LILLE;50.62;3.05;02/10/2026;04:00;12.1;0;SOLEIL;5;7.6;0
LILLE;50.62;3.05;02/10/2026;05:00;13;0;SOLEIL;2;7.2;0
LILLE;50.62;3.05;02/10/2026;06:00;13;0;SOLEIL;2;7.2;0
LILLE;50.62;3.05;02/10/2026;07:00;13;0;SOLEIL;2;7.6;0
LILLE;50.62;3.05;02/10/2026;08:00;14.1;0;SOLEIL;5;8.3;0
LILLE;50.62;3.05;02/10/2026;09:00;15.1;0;SOLEIL;5;9.4;0
LILLE;50.62;3.05;02/10/2026;10:00;16.1;0;SOLEIL;5;11.2;0
LILLE;50.62;3.05;02/10/2026;11:00;20.1;0;SOLEIL;3;13.0;0
LILLE;50.62;3.05;02/10/2026;12:00;20.1;0;SOLEIL;3;15.1;0
LILLE;50.62;3.05;02/10/2026;13:00;20.1;0;SOLEIL;3;16.6;0
LILLE;50.62;3.05;02/10/2026;14:00;20.0;0;SOLEIL;5;18.0;0
LILLE;50.62;3.05;02/10/2026;15:00;21.0;0;SOLEIL;5;18.7;0
LILLE;50.62;3.05;02/10/2026;16:00;20.0;0;SOLEIL;5;19.4;0
LILLE;50.62;3.05;02/10/2026;17:00;17.5;0;SOLEIL;2;19.8;0
LILLE;50.62;3.05;02/10/2026;18:00;17.5;0;SOLEIL;2;20.2;0
LILLE;50.62;3.05;02/10/2026;19:00;17.5;0;SOLEIL;2;20.2;0
LILLE;50.62;3.05;02/10/2026;20:00;16.1;0;SOLEIL;5;19.8;0
LILLE;50.62;3.05;02/10/2026;21:00;15.1;0;SOLEIL;5;19.4;0
LILLE;50.62;3.05;02/10/2026;22:00;14.1;0;SOLEIL;5;18.7;0
LILLE;50.62;3.05;02/10/2026;23:00;14.2;0;SOLEIL;2;17.6;0
LILLE;50.62;3.05;03/10/2026;00:00;14.2;0;SOLEIL;2;16.6;0
LILLE;50.62;3.05;03/10/2026;01:00;14.2;0;SOLEIL;2;15.5;0
LILLE;50.62;3.05;03/10/2026;02:00;11.7;0;SOLEIL;5;14.8;0
LILLE;50.62;3.05;03/10/2026;03:00;11.7;0;SOLEIL;5;14.0;0
LILLE;50.62;3.05;03/10/2026;04:00;11.7;0;SOLEIL;5;13.0;0
LILLE;50.62;3.05;03/10/2026;05:00;12.7;0;SOLEIL;2;11.9;0
LILLE;50.62;3.05;03/10/2026;06:00;12.7;0;SOLEIL;2;11.2;0
LILLE;50.62;3.05;03/10/2026;07:00;12.7;0;SOLEIL;2;10.4;0
LILLE;50.62;3.05;03/10/2026;08:00;13.7;0;SOLEIL;5;10.1;0
LILLE;50.62;3.05;03/10/2026;09:00;14.6;0;SOLEIL;5;10.1;0
LILLE;50.62;3.05;03/10/2026;10:00;15.6;0;SOLEIL;5;10.4;0
LILLE;50.62;3.05;03/10/2026;11:00;19.6;0;SOLEIL;2;11.2;0
LILLE;50.62;3.05;03/10/2026;12:00;19.6;0;SOLEIL;2;11.9;0
LILLE;50.62;3.05;03/10/2026;13:00;19.6;0;SOLEIL;2;12.6;0
LILLE;50.62;3.05;03/10/2026;14:00;19.5;0;SOLEIL;5;13.7;0
LILLE;50.62;3.05;03/10/2026;15:00;20.5;0;SOLEIL;5;14.8;0
LILLE;50.62;3.05;03/10/2026;16:00;19.5;0;SOLEIL;5;16.6;0
LILLE;50.62;3.05;03/10/2026;17:00;17.5;0;SOLEIL;2;18.0;0
LILLE;50.62;3.05;03/10/2026;18:00;17.5;0;SOLEIL;2;19.8;0
LILLE;50.62;3.05;03/10/2026;19:00;17.5;0;SOLEIL;2;21.2;0
LILLE;50.62;3.05;03/10/2026;20:00;15.6;0;SOLEIL;5;22.0;0
LILLE;50.62;3.05;03/10/2026;21:00;14.6;0;SOLEIL;5;22.3;0
LILLE;50.62;3.05;03/10/2026;22:00;13.7;0;SOLEIL;5;22.3;0
LILLE;50.62;3.05;03/10/2026;23:00;14.4;0;SOLEIL;2;21.6;0
LILLE;50.62;3.05;04/10/2026;00:00;14.4;0;SOLEIL;2;21.2;0
LILLE;50.62;3.05;04/10/2026;01:00;14.4;0;SOLEIL;2;20.5;0
LILLE;50.62;3.05;04/10/2026;02:00;11.6;0;SOLEIL;5;20.2;0
LILLE;50.62;3.05;04/10/2026;03:00;11.6;0;SOLEIL;5;19.4;0
LILLE;50.62;3.05;04/10/2026;04:00;11.6;0;SOLEIL;5;18.7;0
LILLE;50.62;3.05;04/10/2026;05:00;12.6;0;SOLEIL;2;18.0;0
LILLE;50.62;3.05;04/10/2026;06:00;12.6;0;SOLEIL;2;17.3;0
LILLE;50.62;3.05;04/10/2026;07:00;12.6;0;SOLEIL;2;16.9;0
LILLE;50.62;3.05;04/10/2026;08:00;13.4;0;SOLEIL;5;16.9;0
LILLE;50.62;3.05;04/10/2026;09:00;14.3;0;SOLEIL;5;17.6;0
LILLE;50.62;3.05;04/10/2026;10:00;15.2;0;SOLEIL;5;19.1;0
LILLE;50.62;3.05;04/10/2026;11:00;19;0;SOLEIL;2;20.5;0
LILLE;50.62;3.05;04/10/2026;12:00;19;0;SOLEIL;2;22.0;0
LILLE;50.62;3.05;04/10/2026;13:00;19;0;SOLEIL;2;23.4;0
LILLE;50.62;3.05;04/10/2026;14:00;18.8;0;SOLEIL;5;24.5;0
LILLE;50.62;3.05;04/10/2026;15:00;19.7;0;SOLEIL;5;24.8;0
LILLE;50.62;3.05;04/10/2026;16:00;18.8;0;SOLEIL;5;25.2;0
LILLE;50.62;3.05;04/10/2026;17:00;16.9;0;SOLEIL;3;24.8;0
LILLE;50.62;3.05;04/10/2026;18:00;16.9;0;SOLEIL;3;24.8;0
LILLE;50.62;3.05;04/10/2026;19:00;16.9;0;SOLEIL;3;24.5;0
LILLE;50.62;3.05;04/10/2026;20:00;15.2;0;SOLEIL;5;24.5;0
LILLE;50.62;3.05;04/10/2026;21:00;14.3;0;SOLEIL;5;24.5;0
LILLE;50.62;3.05;04/10/2026;22:00;13.4;0;SOLEIL;5;24.8;0
LILLE;50.62;3.05;04/10/2026;23:00;14.1;0;SOLEIL;2;25.2;0
BOULOGNE-SUR-MER;50.726;1.614;27/09/2026;00:00;14.6;5;SOLEIL VOILÉ;4;17.3;0
BOULOGNE-SUR-MER;50.726;1.614;27/09/2026;01:00;14.3;5;SOLEIL VOILÉ;4;18.4;0
BOULOGNE-SUR-MER;50.726;1.614;27/09/2026;02:00;14.9;5;SOLEIL VOILÉ;4;19.4;0
BOULOGNE-SUR-MER;50.726;1.614;27/09/2026;03:00;14.6;5;SOLEIL VOILÉ;4;20.2;0
BOULOGNE-SUR-MER;50.726;1.614;27/09/2026;04:00;14.6;5;SOLEIL VOILÉ;4;21.6;0
BOULOGNE-SUR-MER;50.726;1.614;27/09/2026;05:00;14.7;2;NUAGEUX;4;22.7;0
BOULOGNE-SUR-MER;50.726;1.614;27/09/2026;06:00;14.8;5;SOLEIL VOILÉ;4;22.3;0
BOULOGNE-SUR-MER;50.726;1.614;27/09/2026;07:00;16;5;SOLEIL VOILÉ;4;20.9;0
BOULOGNE-SUR-MER;50.726;1.614;27/09/2026;08:00;17;5;SOLEIL VOILÉ;4;19.1;0
BOULOGNE-SUR-MER;50.726;1.614;27/09/2026;09:00;17.9;5;SOLEIL VOILÉ;3;21.6;0
BOULOGNE-SUR-MER;50.726;1.614;27/09/2026;10:00;19;5;SOLEIL VOILÉ;3;27.4;0
BOULOGNE-SUR-MER;50.726;1.614;27/09/2026;11:00;20.1;5;SOLEIL VOILÉ;4;29.9;0
BOULOGNE-SUR-MER;50.726;1.614;27/09/2026;12:00;21.7;5;SOLEIL VOILÉ;4;31.3;0
BOULOGNE-SUR-MER;50.726;1.614;27/09/2026;13:00;22.5;5;SOLEIL VOILÉ;5;33.1;0
BOULOGNE-SUR-MER;50.726;1.614;27/09/2026;14:00;22.5;5;SOLEIL VOILÉ;5;33.5;0
BOULOGNE-SUR-MER;50.726;1.614;27/09/2026;15:00;21.6;2;NUAGEUX;5;37.8;0
BOULOGNE-SUR-MER;50.726;1.614;27/09/2026;16:00;20.6;2;NUAGEUX;4;38.9;0
BOULOGNE-SUR-MER;50.726;1.614;27/09/2026;17:00;20.3;2;NUAGEUX;3;37.1;0
BOULOGNE-SUR-MER;50.726;1.614;27/09/2026;18:00;19.9;6;AVERSES;4;32.4;0.1
BOULOGNE-SUR-MER;50.726;1.614;27/09/2026;19:00;17.9;2;NUAGEUX;5;24.1;0
BOULOGNE-SUR-MER;50.726;1.614;27/09/2026;20:00;17.9;2;NUAGEUX;4;38.2;0
BOULOGNE-SUR-MER;50.726;1.614;27/09/2026;21:00;18.1;2;NUAGEUX;3;29.2;0
BOULOGNE-SUR-MER;50.726;1.614;27/09/2026;22:00;17.9;6;AVERSES;4;31.3;0.3
BOULOGNE-SUR-MER;50.726;1.614;27/09/2026;23:00;17.7;6;AVERSES;4;30.6;0.2
BOULOGNE-SUR-MER;50.726;1.614;28/09/2026;00:00;17.9;6;AVERSES;4;29.5;0.1
BOULOGNE-SUR-MER;50.726;1.614;28/09/2026;01:00;17.9;6;AVERSES;4;33.5;0.1
BOULOGNE-SUR-MER;50.726;1.614;28/09/2026;02:00;17.6;6;AVERSES;5;31.3;0
BOULOGNE-SUR-MER;50.726;1.614;28/09/2026;03:00;17.6;6;AVERSES;5;29.0;0
BOULOGNE-SUR-MER;50.726;1.614;28/09/2026;04:00;17.6;6;AVERSES;5;25.2;0
BOULOGNE-SUR-MER;50.726;1.614;28/09/2026;05:00;17.2;6;AVERSES;3;17.4;0
BOULOGNE-SUR-MER;50.726;1.614;28/09/2026;06:00;17.2;6;AVERSES;3;17.3;0
BOULOGNE-SUR-MER;50.726;1.614;28/09/2026;07:00;17.2;6;AVERSES;3;14.4;0
BOULOGNE-SUR-MER;50.726;1.614;28/09/2026;08:00;17.1;5;SOLEIL VOILÉ;3;17.6;0
BOULOGNE-SUR-MER;50.726;1.614;28/09/2026;09:00;17.1;5;SOLEIL VOILÉ;3;15.5;0
BOULOGNE-SUR-MER;50.726;1.614;28/09/2026;10:00;17.1;5;SOLEIL VOILÉ;3;21.2;0
BOULOGNE-SUR-MER;50.726;1.614;28/09/2026;11:00;18;5;SOLEIL VOILÉ;3;20.2;0
BOULOGNE-SUR-MER;50.726;1.614;28/09/2026;12:00;18;5;SOLEIL VOILÉ;3;23.8;0
BOULOGNE-SUR-MER;50.726;1.614;28/09/2026;13:00;18;5;SOLEIL VOILÉ;3;26.3;0
BOULOGNE-SUR-MER;50.726;1.614;28/09/2026;14:00;18.1;5;SOLEIL VOILÉ;4;26.6;0
BOULOGNE-SUR-MER;50.726;1.614;28/09/2026;15:00;18.1;5;SOLEIL VOILÉ;4;26.3;0
BOULOGNE-SUR-MER;50.726;1.614;28/09/2026;16:00;18.1;5;SOLEIL VOILÉ;4;28.1;0
BOULOGNE-SUR-MER;50.726;1.614;28/09/2026;17:00;17.1;5;SOLEIL VOILÉ;5;29.9;0
BOULOGNE-SUR-MER;50.726;1.614;28/09/2026;18:00;17.1;5;SOLEIL VOILÉ;5;33.1;0
BOULOGNE-SUR-MER;50.726;1.614;28/09/2026;19:00;17.1;5;SOLEIL VOILÉ;5;33.1;0
BOULOGNE-SUR-MER;50.726;1.614;28/09/2026;20:00;16.5;5;SOLEIL VOILÉ;5;31.7;0
BOULOGNE-SUR-MER;50.726;1.614;28/09/2026;21:00;16.5;5;SOLEIL VOILÉ;5;32.0;0
BOULOGNE-SUR-MER;50.726;1.614;28/09/2026;22:00;16.5;5;SOLEIL VOILÉ;5;34.2;0
BOULOGNE-SUR-MER;50.726;1.614;28/09/2026;23:00;16.6;6;AVERSES;5;33.1;0
BOULOGNE-SUR-MER;50.726;1.614;29/09/2026;00:00;16.6;6;AVERSES;5;32.4;0
BOULOGNE-SUR-MER;50.726;1.614;29/09/2026;01:00;16.6;6;AVERSES;5;37.8;0
BOULOGNE-SUR-MER;50.726;1.614;29/09/2026;02:00;16.7;5;SOLEIL VOILÉ;6;41.0;0
BOULOGNE-SUR-MER;50.726;1.614;29/09/2026;03:00;16.7;5;SOLEIL VOILÉ;6;41.0;0
BOULOGNE-SUR-MER;50.726;1.614;29/09/2026;04:00;16.7;5;SOLEIL VOILÉ;6;37.4;0
BOULOGNE-SUR-MER;50.726;1.614;29/09/2026;05:00;17.1;0;SOLEIL;5;33.8;0
BOULOGNE-SUR-MER;50.726;1.614;29/09/2026;06:00;17.1;0;SOLEIL;5;24.5;0
BOULOGNE-SUR-MER;50.726;1.614;29/09/2026;07:00;17.1;0;SOLEIL;5;21.2;0
BOULOGNE-SUR-MER;50.726;1.614;29/09/2026;08:00;19.5;0;SOLEIL;5;21.6;0
BOULOGNE-SUR-MER;50.726;1.614;29/09/2026;09:00;19.5;0;SOLEIL;5;24.1;0
BOULOGNE-SUR-MER;50.726;1.614;29/09/2026;10:00;19.5;0;SOLEIL;5;29.2;0
BOULOGNE-SUR-MER;50.726;1.614;29/09/2026;11:00;23.7;0;SOLEIL;5;33.1;0
BOULOGNE-SUR-MER;50.726;1.614;29/09/2026;12:00;23.7;0;SOLEIL;5;34.2;0
BOULOGNE-SUR-MER;50.726;1.614;29/09/2026;13:00;23.7;0;SOLEIL;5;33.8;0
BOULOGNE-SUR-MER;50.726;1.614;29/09/2026;14:00;24.6;0;SOLEIL;5;32.4;0
BOULOGNE-SUR-MER;50.726;1.614;29/09/2026;15:00;24.6;0;SOLEIL;5;29.9;0
BOULOGNE-SUR-MER;50.726;1.614;29/09/2026;16:00;24.6;0;SOLEIL;5;26.3;0
BOULOGNE-SUR-MER;50.726;1.614;29/09/2026;17:00;22.4;5;SOLEIL VOILÉ;6;23.4;0
BOULOGNE-SUR-MER;50.726;1.614;29/09/2026;18:00;22.4;5;SOLEIL VOILÉ;6;22.3;0
BOULOGNE-SUR-MER;50.726;1.614;29/09/2026;19:00;22.4;5;SOLEIL VOILÉ;6;22.0;0
BOULOGNE-SUR-MER;50.726;1.614;29/09/2026;20:00;20.2;0;SOLEIL;5;22.0;0
BOULOGNE-SUR-MER;50.726;1.614;29/09/2026;21:00;19.3;0;SOLEIL;5;21.6;0
BOULOGNE-SUR-MER;50.726;1.614;29/09/2026;22:00;18.3;0;SOLEIL;5;21.2;0
BOULOGNE-SUR-MER;50.726;1.614;29/09/2026;23:00;20.1;2;NUAGEUX;7;21.6;0
BOULOGNE-SUR-MER;50.726;1.614;30/09/2026;00:00;20.1;2;NUAGEUX;7;23.0;0
BOULOGNE-SUR-MER;50.726;1.614;30/09/2026;01:00;20.1;2;NUAGEUX;7;25.2;0
BOULOGNE-SUR-MER;50.726;1.614;30/09/2026;02:00;18.1;7;PLUIE FAIBLE;5;26.6;0
BOULOGNE-SUR-MER;50.726;1.614;30/09/2026;03:00;18.1;7;PLUIE FAIBLE;5;26.6;0
BOULOGNE-SUR-MER;50.726;1.614;30/09/2026;04:00;18.1;7;PLUIE FAIBLE;5;25.9;0
BOULOGNE-SUR-MER;50.726;1.614;30/09/2026;05:00;19.5;2;NUAGEUX;7;26.3;0
BOULOGNE-SUR-MER;50.726;1.614;30/09/2026;06:00;19.5;2;NUAGEUX;7;28.4;0
BOULOGNE-SUR-MER;50.726;1.614;30/09/2026;07:00;19.5;2;NUAGEUX;7;31.3;0
BOULOGNE-SUR-MER;50.726;1.614;30/09/2026;08:00;19.1;7;PLUIE FAIBLE;5;33.8;0
BOULOGNE-SUR-MER;50.726;1.614;30/09/2026;09:00;19.6;7;PLUIE FAIBLE;5;35.6;0
BOULOGNE-SUR-MER;50.726;1.614;30/09/2026;10:00;20.1;7;PLUIE FAIBLE;5;37.1;0
BOULOGNE-SUR-MER;50.726;1.614;30/09/2026;11:00;21.1;7;PLUIE FAIBLE;7;38.5;0
BOULOGNE-SUR-MER;50.726;1.614;30/09/2026;12:00;21.1;7;PLUIE FAIBLE;7;40.3;0
BOULOGNE-SUR-MER;50.726;1.614;30/09/2026;13:00;21.1;7;PLUIE FAIBLE;7;42.1;0
BOULOGNE-SUR-MER;50.726;1.614;30/09/2026;14:00;22.0;7;PLUIE FAIBLE;5;42.5;0
BOULOGNE-SUR-MER;50.726;1.614;30/09/2026;15:00;22.5;7;PLUIE FAIBLE;5;40.7;0
BOULOGNE-SUR-MER;50.726;1.614;30/09/2026;16:00;22.0;7;PLUIE FAIBLE;5;37.4;0
BOULOGNE-SUR-MER;50.726;1.614;30/09/2026;17:00;18.7;6;AVERSES;5;34.2;0
BOULOGNE-SUR-MER;50.726;1.614;30/09/2026;18:00;18.7;6;AVERSES;5;30.6;0
BOULOGNE-SUR-MER;50.726;1.614;30/09/2026;19:00;18.7;6;AVERSES;5;26.6;0
BOULOGNE-SUR-MER;50.726;1.614;30/09/2026;20:00;20.1;7;PLUIE FAIBLE;5;23.8;0
BOULOGNE-SUR-MER;50.726;1.614;30/09/2026;21:00;19.6;7;PLUIE FAIBLE;5;23.8;0
BOULOGNE-SUR-MER;50.726;1.614;30/09/2026;22:00;19.1;7;PLUIE FAIBLE;5;24.8;0
BOULOGNE-SUR-MER;50.726;1.614;30/09/2026;23:00;17.6;7;PLUIE FAIBLE;6;24.1;0
BOULOGNE-SUR-MER;50.726;1.614;01/10/2026;00:00;17.6;7;PLUIE FAIBLE;6;19.5;0
BOULOGNE-SUR-MER;50.726;1.614;01/10/2026;01:00;17.6;7;PLUIE FAIBLE;6;12.2;0
BOULOGNE-SUR-MER;50.726;1.614;01/10/2026;02:00;15.6;6;AVERSES;5;6.8;0
BOULOGNE-SUR-MER;50.726;1.614;01/10/2026;03:00;15.6;6;AVERSES;5;5.4;0
BOULOGNE-SUR-MER;50.726;1.614;01/10/2026;04:00;15.6;6;AVERSES;5;6.8;0
BOULOGNE-SUR-MER;50.726;1.614;01/10/2026;05:00;16.6;6;AVERSES;6;8.3;0
BOULOGNE-SUR-MER;50.726;1.614;01/10/2026;06:00;16.6;6;AVERSES;6;8.3;0
BOULOGNE-SUR-MER;50.726;1.614;01/10/2026;07:00;16.6;6;AVERSES;6;8.6;0
BOULOGNE-SUR-MER;50.726;1.614;01/10/2026;08:00;16.2;6;AVERSES;5;10.1;0
BOULOGNE-SUR-MER;50.726;1.614;01/10/2026;09:00;16.4;6;AVERSES;5;14.4;0
BOULOGNE-SUR-MER;50.726;1.614;01/10/2026;10:00;16.7;6;AVERSES;5;19.8;0
BOULOGNE-SUR-MER;50.726;1.614;01/10/2026;11:00;17.4;6;AVERSES;6;23.8;0
BOULOGNE-SUR-MER;50.726;1.614;01/10/2026;12:00;17.4;6;AVERSES;6;24.8;0
BOULOGNE-SUR-MER;50.726;1.614;01/10/2026;13:00;17.4;6;AVERSES;6;24.1;0
BOULOGNE-SUR-MER;50.726;1.614;01/10/2026;14:00;17.8;6;AVERSES;5;23.8;0
BOULOGNE-SUR-MER;50.726;1.614;01/10/2026;15:00;18.1;6;AVERSES;5;23.8;0
BOULOGNE-SUR-MER;50.726;1.614;01/10/2026;16:00;17.8;6;AVERSES;5;23.4;0
BOULOGNE-SUR-MER;50.726;1.614;01/10/2026;17:00;16.5;6;AVERSES;6;23.8;0
BOULOGNE-SUR-MER;50.726;1.614;01/10/2026;18:00;16.5;6;AVERSES;6;24.5;0
BOULOGNE-SUR-MER;50.726;1.614;01/10/2026;19:00;16.5;6;AVERSES;6;25.6;0
BOULOGNE-SUR-MER;50.726;1.614;01/10/2026;20:00;16.7;6;AVERSES;5;26.6;0
BOULOGNE-SUR-MER;50.726;1.614;01/10/2026;21:00;16.4;6;AVERSES;5;27.7;0
BOULOGNE-SUR-MER;50.726;1.614;01/10/2026;22:00;16.2;6;AVERSES;5;29.2;0
BOULOGNE-SUR-MER;50.726;1.614;01/10/2026;23:00;16.1;7;PLUIE FAIBLE;6;30.6;0
BOULOGNE-SUR-MER;50.726;1.614;02/10/2026;00:00;16.1;7;PLUIE FAIBLE;6;32.4;0
BOULOGNE-SUR-MER;50.726;1.614;02/10/2026;01:00;16.1;7;PLUIE FAIBLE;6;33.8;0
BOULOGNE-SUR-MER;50.726;1.614;02/10/2026;02:00;14;7;PLUIE FAIBLE;5;34.2;0
BOULOGNE-SUR-MER;50.726;1.614;02/10/2026;03:00;14;7;PLUIE FAIBLE;5;31.7;0
BOULOGNE-SUR-MER;50.726;1.614;02/10/2026;04:00;14;7;PLUIE FAIBLE;5;28.1;0
BOULOGNE-SUR-MER;50.726;1.614;02/10/2026;05:00;14.5;7;PLUIE FAIBLE;4;24.8;0
BOULOGNE-SUR-MER;50.726;1.614;02/10/2026;06:00;14.5;7;PLUIE FAIBLE;4;23.0;0
BOULOGNE-SUR-MER;50.726;1.614;02/10/2026;07:00;14.5;7;PLUIE FAIBLE;4;21.6;0
BOULOGNE-SUR-MER;50.726;1.614;02/10/2026;08:00;14.9;7;PLUIE FAIBLE;5;21.2;0
BOULOGNE-SUR-MER;50.726;1.614;02/10/2026;09:00;15.3;7;PLUIE FAIBLE;5;22.0;0
BOULOGNE-SUR-MER;50.726;1.614;02/10/2026;10:00;15.7;7;PLUIE FAIBLE;5;23.8;0
BOULOGNE-SUR-MER;50.726;1.614;02/10/2026;11:00;17.2;7;PLUIE FAIBLE;4;25.9;0
BOULOGNE-SUR-MER;50.726;1.614;02/10/2026;12:00;17.2;7;PLUIE FAIBLE;4;28.4;0
BOULOGNE-SUR-MER;50.726;1.614;02/10/2026;13:00;17.2;7;PLUIE FAIBLE;4;31.3;0
BOULOGNE-SUR-MER;50.726;1.614;02/10/2026;14:00;17.5;7;PLUIE FAIBLE;5;33.1;0
BOULOGNE-SUR-MER;50.726;1.614;02/10/2026;15:00;17.9;7;PLUIE FAIBLE;5;33.8;0
BOULOGNE-SUR-MER;50.726;1.614;02/10/2026;16:00;17.5;7;PLUIE FAIBLE;5;33.8;0
BOULOGNE-SUR-MER;50.726;1.614;02/10/2026;17:00;15.7;0;SOLEIL;3;32.8;0
BOULOGNE-SUR-MER;50.726;1.614;02/10/2026;18:00;15.7;0;SOLEIL;3;30.2;0
BOULOGNE-SUR-MER;50.726;1.614;02/10/2026;19:00;15.7;0;SOLEIL;3;27.0;0
BOULOGNE-SUR-MER;50.726;1.614;02/10/2026;20:00;15.7;7;PLUIE FAIBLE;5;23.4;0
BOULOGNE-SUR-MER;50.726;1.614;02/10/2026;21:00;15.3;7;PLUIE FAIBLE;5;19.8;0
BOULOGNE-SUR-MER;50.726;1.614;02/10/2026;22:00;14.9;7;PLUIE FAIBLE;5;16.2;0
BOULOGNE-SUR-MER;50.726;1.614;02/10/2026;23:00;14.5;0;SOLEIL;3;13.3;0
BOULOGNE-SUR-MER;50.726;1.614;03/10/2026;00:00;14.5;0;SOLEIL;3;11.9;0
BOULOGNE-SUR-MER;50.726;1.614;03/10/2026;01:00;14.5;0;SOLEIL;3;10.8;0
BOULOGNE-SUR-MER;50.726;1.614;03/10/2026;02:00;12.6;0;SOLEIL;5;10.4;0
BOULOGNE-SUR-MER;50.726;1.614;03/10/2026;03:00;12.6;0;SOLEIL;5;10.1;0
BOULOGNE-SUR-MER;50.726;1.614;03/10/2026;04:00;12.6;0;SOLEIL;5;9.7;0
BOULOGNE-SUR-MER;50.726;1.614;03/10/2026;05:00;13.4;0;SOLEIL;3;9.7;0
BOULOGNE-SUR-MER;50.726;1.614;03/10/2026;06:00;13.4;0;SOLEIL;3;9.7;0
BOULOGNE-SUR-MER;50.726;1.614;03/10/2026;07:00;13.4;0;SOLEIL;3;10.1;0
BOULOGNE-SUR-MER;50.726;1.614;03/10/2026;08:00;13.8;0;SOLEIL;5;10.8;0
BOULOGNE-SUR-MER;50.726;1.614;03/10/2026;09:00;14.4;0;SOLEIL;5;11.9;0
BOULOGNE-SUR-MER;50.726;1.614;03/10/2026;10:00;15.0;0;SOLEIL;5;13.0;0
BOULOGNE-SUR-MER;50.726;1.614;03/10/2026;11:00;17.5;0;SOLEIL;3;14.0;0
BOULOGNE-SUR-MER;50.726;1.614;03/10/2026;12:00;17.5;0;SOLEIL;3;15.8;0
BOULOGNE-SUR-MER;50.726;1.614;03/10/2026;13:00;17.5;0;SOLEIL;3;17.8;0
BOULOGNE-SUR-MER;50.726;1.614;03/10/2026;14:00;17.4;0;SOLEIL;5;19.4;0
BOULOGNE-SUR-MER;50.726;1.614;03/10/2026;15:00;18.0;0;SOLEIL;5;21.6;0
BOULOGNE-SUR-MER;50.726;1.614;03/10/2026;16:00;17.4;0;SOLEIL;5;23.8;0
BOULOGNE-SUR-MER;50.726;1.614;03/10/2026;17:00;15.6;0;SOLEIL;4;25.6;0
BOULOGNE-SUR-MER;50.726;1.614;03/10/2026;18:00;15.6;0;SOLEIL;4;27.4;0
BOULOGNE-SUR-MER;50.726;1.614;03/10/2026;19:00;15.6;0;SOLEIL;4;29.2;0
BOULOGNE-SUR-MER;50.726;1.614;03/10/2026;20:00;15.0;0;SOLEIL;5;29.9;0
BOULOGNE-SUR-MER;50.726;1.614;03/10/2026;21:00;14.4;0;SOLEIL;5;29.9;0
BOULOGNE-SUR-MER;50.726;1.614;03/10/2026;22:00;13.8;0;SOLEIL;5;29.5;0
BOULOGNE-SUR-MER;50.726;1.614;03/10/2026;23:00;14.4;0;SOLEIL;4;28.4;0
BOULOGNE-SUR-MER;50.726;1.614;04/10/2026;00:00;14.4;0;SOLEIL;4;27.4;0
BOULOGNE-SUR-MER;50.726;1.614;04/10/2026;01:00;14.4;0;SOLEIL;4;25.9;0
BOULOGNE-SUR-MER;50.726;1.614;04/10/2026;02:00;13.1;0;SOLEIL;5;25.2;0
BOULOGNE-SUR-MER;50.726;1.614;04/10/2026;03:00;13.1;0;SOLEIL;5;24.5;0
BOULOGNE-SUR-MER;50.726;1.614;04/10/2026;04:00;13.1;0;SOLEIL;5;23.4;0
BOULOGNE-SUR-MER;50.726;1.614;04/10/2026;05:00;13.7;0;SOLEIL;4;22.7;0
BOULOGNE-SUR-MER;50.726;1.614;04/10/2026;06:00;13.7;0;SOLEIL;4;22.0;0
BOULOGNE-SUR-MER;50.726;1.614;04/10/2026;07:00;13.7;0;SOLEIL;4;21.6;0
BOULOGNE-SUR-MER;50.726;1.614;04/10/2026;08:00;14.0;0;SOLEIL;5;21.6;0
BOULOGNE-SUR-MER;50.726;1.614;04/10/2026;09:00;14.4;0;SOLEIL;5;22.3;0
BOULOGNE-SUR-MER;50.726;1.614;04/10/2026;10:00;14.9;0;SOLEIL;5;23.0;0
BOULOGNE-SUR-MER;50.726;1.614;04/10/2026;11:00;16.5;0;SOLEIL;4;24.5;0
BOULOGNE-SUR-MER;50.726;1.614;04/10/2026;12:00;16.5;0;SOLEIL;4;25.9;0
BOULOGNE-SUR-MER;50.726;1.614;04/10/2026;13:00;16.5;0;SOLEIL;4;27.4;0
BOULOGNE-SUR-MER;50.726;1.614;04/10/2026;14:00;16.7;0;SOLEIL;5;28.4;0
BOULOGNE-SUR-MER;50.726;1.614;04/10/2026;15:00;17.1;0;SOLEIL;5;29.5;0
BOULOGNE-SUR-MER;50.726;1.614;04/10/2026;16:00;16.7;0;SOLEIL;5;31.0;0
BOULOGNE-SUR-MER;50.726;1.614;04/10/2026;17:00;15.2;0;SOLEIL;5;32.0;0
BOULOGNE-SUR-MER;50.726;1.614;04/10/2026;18:00;15.2;0;SOLEIL;5;33.1;0
BOULOGNE-SUR-MER;50.726;1.614;04/10/2026;19:00;15.2;0;SOLEIL;5;33.5;0
BOULOGNE-SUR-MER;50.726;1.614;04/10/2026;20:00;14.9;0;SOLEIL;5;33.5;0
BOULOGNE-SUR-MER;50.726;1.614;04/10/2026;21:00;14.4;0;SOLEIL;5;32.8;0
BOULOGNE-SUR-MER;50.726;1.614;04/10/2026;22:00;14.0;0;SOLEIL;5;31.3;0
BOULOGNE-SUR-MER;50.726;1.614;04/10/2026;23:00;13.7;0;SOLEIL;4;29.2;0
REIMS;49.25;4.03;27/09/2026;00:00;13.9;0;SOLEIL;1;7.6;0
REIMS;49.25;4.03;27/09/2026;01:00;13.3;0;SOLEIL;1;5.8;0
REIMS;49.25;4.03;27/09/2026;02:00;12.9;0;SOLEIL;1;4.3;0
REIMS;49.25;4.03;27/09/2026;03:00;12.5;0;SOLEIL;1;2.9;0
REIMS;49.25;4.03;27/09/2026;04:00;12;0;SOLEIL;0;2.5;0
REIMS;49.25;4.03;27/09/2026;05:00;11.5;0;SOLEIL;0;5.8;0
REIMS;49.25;4.03;27/09/2026;06:00;12.4;0;SOLEIL;2;5.8;0
REIMS;49.25;4.03;27/09/2026;07:00;14.2;0;SOLEIL;2;5.4;0
REIMS;49.25;4.03;27/09/2026;08:00;17.6;0;SOLEIL;2;4.0;0
REIMS;49.25;4.03;27/09/2026;09:00;20.2;0;SOLEIL;2;4.7;0
REIMS;49.25;4.03;27/09/2026;10:00;22.5;0;SOLEIL;2;4.3;0
REIMS;49.25;4.03;27/09/2026;11:00;25.1;0;SOLEIL;3;7.2;0
REIMS;49.25;4.03;27/09/2026;12:00;26.6;0;SOLEIL;3;15.1;0
REIMS;49.25;4.03;27/09/2026;13:00;27.1;5;SOLEIL VOILÉ;4;23.4;0
REIMS;49.25;4.03;27/09/2026;14:00;28.1;5;SOLEIL VOILÉ;4;27.0;0
REIMS;49.25;4.03;27/09/2026;15:00;28;2;NUAGEUX;4;27.4;0
REIMS;49.25;4.03;27/09/2026;16:00;27.4;2;NUAGEUX;3;27.7;0
REIMS;49.25;4.03;27/09/2026;17:00;26;2;NUAGEUX;3;28.8;0
REIMS;49.25;4.03;27/09/2026;18:00;24.4;2;NUAGEUX;2;27.7;0
REIMS;49.25;4.03;27/09/2026;19:00;22.6;5;SOLEIL VOILÉ;2;24.5;0
REIMS;49.25;4.03;27/09/2026;20:00;21.2;5;SOLEIL VOILÉ;2;14.0;0
REIMS;49.25;4.03;27/09/2026;21:00;20.2;5;SOLEIL VOILÉ;2;13.7;0
REIMS;49.25;4.03;27/09/2026;22:00;19.6;5;SOLEIL VOILÉ;1;12.6;0
REIMS;49.25;4.03;27/09/2026;23:00;18.6;2;NUAGEUX;1;14.0;0
REIMS;49.25;4.03;28/09/2026;00:00;18;2;NUAGEUX;1;13.7;0
REIMS;49.25;4.03;28/09/2026;01:00;18;2;NUAGEUX;1;10.8;0
REIMS;49.25;4.03;28/09/2026;02:00;16.1;5;SOLEIL VOILÉ;0;7.9;0
REIMS;49.25;4.03;28/09/2026;03:00;16.1;5;SOLEIL VOILÉ;0;9.7;0
REIMS;49.25;4.03;28/09/2026;04:00;16.1;5;SOLEIL VOILÉ;0;5.4;0
REIMS;49.25;4.03;28/09/2026;05:00;16.1;2;NUAGEUX;0;12.4;0
REIMS;49.25;4.03;28/09/2026;06:00;16.1;2;NUAGEUX;0;3.6;0
REIMS;49.25;4.03;28/09/2026;07:00;16.1;2;NUAGEUX;0;13.3;0
REIMS;49.25;4.03;28/09/2026;08:00;21.4;5;SOLEIL VOILÉ;3;13.0;0
REIMS;49.25;4.03;28/09/2026;09:00;21.4;5;SOLEIL VOILÉ;3;10.8;0
REIMS;49.25;4.03;28/09/2026;10:00;21.4;5;SOLEIL VOILÉ;3;6.8;0
REIMS;49.25;4.03;28/09/2026;11:00;25.5;2;NUAGEUX;2;7.9;0
REIMS;49.25;4.03;28/09/2026;12:00;25.5;2;NUAGEUX;2;9.7;0
REIMS;49.25;4.03;28/09/2026;13:00;25.5;2;NUAGEUX;2;14.4;0
REIMS;49.25;4.03;28/09/2026;14:00;25;5;SOLEIL VOILÉ;2;27.0;0
REIMS;49.25;4.03;28/09/2026;15:00;25;5;SOLEIL VOILÉ;2;28.1;0
REIMS;49.25;4.03;28/09/2026;16:00;25;5;SOLEIL VOILÉ;2;22.3;0
REIMS;49.25;4.03;28/09/2026;17:00;21.9;5;SOLEIL VOILÉ;3;18.7;0
REIMS;49.25;4.03;28/09/2026;18:00;21.9;5;SOLEIL VOILÉ;3;20.2;0
REIMS;49.25;4.03;28/09/2026;19:00;21.9;5;SOLEIL VOILÉ;3;20.5;0
REIMS;49.25;4.03;28/09/2026;20:00;18.4;5;SOLEIL VOILÉ;2;10.4;0
REIMS;49.25;4.03;28/09/2026;21:00;18.4;5;SOLEIL VOILÉ;2;9.7;0
REIMS;49.25;4.03;28/09/2026;22:00;18.4;5;SOLEIL VOILÉ;2;9.0;0
REIMS;49.25;4.03;28/09/2026;23:00;16.4;5;SOLEIL VOILÉ;2;10.1;0
REIMS;49.25;4.03;29/09/2026;00:00;16.4;5;SOLEIL VOILÉ;2;13.0;0
REIMS;49.25;4.03;29/09/2026;01:00;16.4;5;SOLEIL VOILÉ;2;15.1;0
REIMS;49.25;4.03;29/09/2026;02:00;14.9;5;SOLEIL VOILÉ;3;15.1;0
REIMS;49.25;4.03;29/09/2026;03:00;14.9;5;SOLEIL VOILÉ;3;14.0;0
REIMS;49.25;4.03;29/09/2026;04:00;14.9;5;SOLEIL VOILÉ;3;12.2;0
REIMS;49.25;4.03;29/09/2026;05:00;15.4;5;SOLEIL VOILÉ;3;12.2;0
REIMS;49.25;4.03;29/09/2026;06:00;15.4;5;SOLEIL VOILÉ;3;13.3;0
REIMS;49.25;4.03;29/09/2026;07:00;15.4;5;SOLEIL VOILÉ;3;13.7;0
REIMS;49.25;4.03;29/09/2026;08:00;22.1;0;SOLEIL;3;13.7;0
REIMS;49.25;4.03;29/09/2026;09:00;22.1;0;SOLEIL;3;18.7;0
REIMS;49.25;4.03;29/09/2026;10:00;22.1;0;SOLEIL;3;25.6;0
REIMS;49.25;4.03;29/09/2026;11:00;27.7;0;SOLEIL;4;30.6;0
REIMS;49.25;4.03;29/09/2026;12:00;27.7;0;SOLEIL;4;32.8;0
REIMS;49.25;4.03;29/09/2026;13:00;27.7;0;SOLEIL;4;33.5;0
REIMS;49.25;4.03;29/09/2026;14:00;29.6;0;SOLEIL;4;33.8;0
REIMS;49.25;4.03;29/09/2026;15:00;29.6;0;SOLEIL;4;35.6;0
REIMS;49.25;4.03;29/09/2026;16:00;29.6;0;SOLEIL;4;37.4;0
REIMS;49.25;4.03;29/09/2026;17:00;25.6;0;SOLEIL;3;36.4;0
REIMS;49.25;4.03;29/09/2026;18:00;25.6;0;SOLEIL;3;30.2;0
REIMS;49.25;4.03;29/09/2026;19:00;25.6;0;SOLEIL;3;21.2;0
REIMS;49.25;4.03;29/09/2026;20:00;21.3;0;SOLEIL;5;15.1;0
REIMS;49.25;4.03;29/09/2026;21:00;19.5;0;SOLEIL;5;14.0;0
REIMS;49.25;4.03;29/09/2026;22:00;17.7;0;SOLEIL;5;15.8;0
REIMS;49.25;4.03;29/09/2026;23:00;20.1;0;SOLEIL;4;16.9;0
REIMS;49.25;4.03;30/09/2026;00:00;20.1;0;SOLEIL;4;16.6;0
REIMS;49.25;4.03;30/09/2026;01:00;20.1;0;SOLEIL;4;15.8;0
REIMS;49.25;4.03;30/09/2026;02:00;17.6;2;NUAGEUX;5;15.1;0
REIMS;49.25;4.03;30/09/2026;03:00;17.6;2;NUAGEUX;5;15.5;0
REIMS;49.25;4.03;30/09/2026;04:00;17.6;2;NUAGEUX;5;15.8;0
REIMS;49.25;4.03;30/09/2026;05:00;19.1;2;NUAGEUX;4;15.8;0
REIMS;49.25;4.03;30/09/2026;06:00;19.1;2;NUAGEUX;4;13.7;0
REIMS;49.25;4.03;30/09/2026;07:00;19.1;2;NUAGEUX;4;11.2;0
REIMS;49.25;4.03;30/09/2026;08:00;20.0;2;NUAGEUX;5;11.5;0
REIMS;49.25;4.03;30/09/2026;09:00;21.2;2;NUAGEUX;5;16.9;0
REIMS;49.25;4.03;30/09/2026;10:00;22.4;2;NUAGEUX;5;25.2;0
REIMS;49.25;4.03;30/09/2026;11:00;26.5;2;NUAGEUX;4;32.0;0
REIMS;49.25;4.03;30/09/2026;12:00;26.5;2;NUAGEUX;4;35.6;0
REIMS;49.25;4.03;30/09/2026;13:00;26.5;2;NUAGEUX;4;37.8;0
REIMS;49.25;4.03;30/09/2026;14:00;27.2;2;NUAGEUX;5;38.5;0
REIMS;49.25;4.03;30/09/2026;15:00;28.4;2;NUAGEUX;5;37.1;0
REIMS;49.25;4.03;30/09/2026;16:00;27.2;2;NUAGEUX;5;33.8;0
REIMS;49.25;4.03;30/09/2026;17:00;24.6;2;NUAGEUX;3;31.7;0
REIMS;49.25;4.03;30/09/2026;18:00;24.6;2;NUAGEUX;3;32.4;0
REIMS;49.25;4.03;30/09/2026;19:00;24.6;2;NUAGEUX;3;34.2;0
REIMS;49.25;4.03;30/09/2026;20:00;22.4;2;NUAGEUX;5;33.5;0
REIMS;49.25;4.03;30/09/2026;21:00;21.2;2;NUAGEUX;5;27.4;0
REIMS;49.25;4.03;30/09/2026;22:00;20.0;2;NUAGEUX;5;18.7;0
REIMS;49.25;4.03;30/09/2026;23:00;19.4;7;PLUIE FAIBLE;3;12.2;0
REIMS;49.25;4.03;01/10/2026;00:00;19.4;7;PLUIE FAIBLE;3;10.2;0
REIMS;49.25;4.03;01/10/2026;01:00;19.4;7;PLUIE FAIBLE;3;10.6;0
REIMS;49.25;4.03;01/10/2026;02:00;16.1;7;PLUIE FAIBLE;5;11.8;0
REIMS;49.25;4.03;01/10/2026;03:00;16.1;7;PLUIE FAIBLE;5;13.7;0
REIMS;49.25;4.03;01/10/2026;04:00;16.1;7;PLUIE FAIBLE;5;15.8;0
REIMS;49.25;4.03;01/10/2026;05:00;18.1;6;AVERSES;2;18.0;0
REIMS;49.25;4.03;01/10/2026;06:00;18.1;6;AVERSES;2;19.1;0
REIMS;49.25;4.03;01/10/2026;07:00;18.1;6;AVERSES;2;20.2;0
REIMS;49.25;4.03;01/10/2026;08:00;17.2;7;PLUIE FAIBLE;5;21.6;0
REIMS;49.25;4.03;01/10/2026;09:00;17.8;7;PLUIE FAIBLE;5;24.8;0
REIMS;49.25;4.03;01/10/2026;10:00;18.3;7;PLUIE FAIBLE;5;28.4;0
REIMS;49.25;4.03;01/10/2026;11:00;19.7;7;PLUIE FAIBLE;3;30.6;0
REIMS;49.25;4.03;01/10/2026;12:00;19.7;7;PLUIE FAIBLE;3;29.9;0
REIMS;49.25;4.03;01/10/2026;13:00;19.7;7;PLUIE FAIBLE;3;27.7;0
REIMS;49.25;4.03;01/10/2026;14:00;20.5;7;PLUIE FAIBLE;5;25.6;0
REIMS;49.25;4.03;01/10/2026;15:00;21.1;7;PLUIE FAIBLE;5;23.8;0
REIMS;49.25;4.03;01/10/2026;16:00;20.5;7;PLUIE FAIBLE;5;22.0;0
REIMS;49.25;4.03;01/10/2026;17:00;18;7;PLUIE FAIBLE;2;20.5;0
REIMS;49.25;4.03;01/10/2026;18:00;18;7;PLUIE FAIBLE;2;19.1;0
REIMS;49.25;4.03;01/10/2026;19:00;18;7;PLUIE FAIBLE;2;18.0;0
REIMS;49.25;4.03;01/10/2026;20:00;18.3;7;PLUIE FAIBLE;5;17.3;0
REIMS;49.25;4.03;01/10/2026;21:00;17.8;7;PLUIE FAIBLE;5;16.9;0
REIMS;49.25;4.03;01/10/2026;22:00;17.2;7;PLUIE FAIBLE;5;16.6;0
REIMS;49.25;4.03;01/10/2026;23:00;14.6;0;SOLEIL;3;16.6;0
REIMS;49.25;4.03;02/10/2026;00:00;14.6;0;SOLEIL;3;16.6;0
REIMS;49.25;4.03;02/10/2026;01:00;14.6;0;SOLEIL;3;16.9;0
REIMS;49.25;4.03;02/10/2026;02:00;11.9;0;SOLEIL;5;17.3;0
REIMS;49.25;4.03;02/10/2026;03:00;11.9;0;SOLEIL;5;17.3;0
REIMS;49.25;4.03;02/10/2026;04:00;11.9;0;SOLEIL;5;17.6;0
REIMS;49.25;4.03;02/10/2026;05:00;13;0;SOLEIL;2;16.9;0
REIMS;49.25;4.03;02/10/2026;06:00;13;0;SOLEIL;2;15.1;0
REIMS;49.25;4.03;02/10/2026;07:00;13;0;SOLEIL;2;12.2;0
REIMS;49.25;4.03;02/10/2026;08:00;14.0;0;SOLEIL;5;11.2;0
REIMS;49.25;4.03;02/10/2026;09:00;15.1;0;SOLEIL;5;12.6;0
REIMS;49.25;4.03;02/10/2026;10:00;16.2;0;SOLEIL;5;15.5;0
REIMS;49.25;4.03;02/10/2026;11:00;20.6;0;SOLEIL;3;17.3;0
REIMS;49.25;4.03;02/10/2026;12:00;20.6;0;SOLEIL;3;16.9;0
REIMS;49.25;4.03;02/10/2026;13:00;20.6;0;SOLEIL;3;15.8;0
REIMS;49.25;4.03;02/10/2026;14:00;20.4;0;SOLEIL;5;15.1;0
REIMS;49.25;4.03;02/10/2026;15:00;21.5;0;SOLEIL;5;15.5;0
REIMS;49.25;4.03;02/10/2026;16:00;20.4;0;SOLEIL;5;15.8;0
REIMS;49.25;4.03;02/10/2026;17:00;17.6;0;SOLEIL;2;15.5;0
REIMS;49.25;4.03;02/10/2026;18:00;17.6;0;SOLEIL;2;13.0;0
REIMS;49.25;4.03;02/10/2026;19:00;17.6;0;SOLEIL;2;9.4;0
REIMS;49.25;4.03;02/10/2026;20:00;16.2;0;SOLEIL;5;6.5;0
REIMS;49.25;4.03;02/10/2026;21:00;15.1;0;SOLEIL;5;4.7;0
REIMS;49.25;4.03;02/10/2026;22:00;14.0;0;SOLEIL;5;3.6;0
REIMS;49.25;4.03;02/10/2026;23:00;13.1;0;SOLEIL;2;2.9;0
REIMS;49.25;4.03;03/10/2026;00:00;13.1;0;SOLEIL;2;2.5;0
REIMS;49.25;4.03;03/10/2026;01:00;13.1;0;SOLEIL;2;2.5;0
REIMS;49.25;4.03;03/10/2026;02:00;11.1;0;SOLEIL;5;2.5;0
REIMS;49.25;4.03;03/10/2026;03:00;11.1;0;SOLEIL;5;2.9;0
REIMS;49.25;4.03;03/10/2026;04:00;11.1;0;SOLEIL;5;3.6;0
REIMS;49.25;4.03;03/10/2026;05:00;12.9;0;SOLEIL;2;4.0;0
REIMS;49.25;4.03;03/10/2026;06:00;12.9;0;SOLEIL;2;4.0;0
REIMS;49.25;4.03;03/10/2026;07:00;12.9;0;SOLEIL;2;3.6;0
REIMS;49.25;4.03;03/10/2026;08:00;13.6;0;SOLEIL;5;4.3;0
REIMS;49.25;4.03;03/10/2026;09:00;14.8;0;SOLEIL;5;6.5;0
REIMS;49.25;4.03;03/10/2026;10:00;16.0;0;SOLEIL;5;9.4;0
REIMS;49.25;4.03;03/10/2026;11:00;21.6;0;SOLEIL;2;12.2;0
REIMS;49.25;4.03;03/10/2026;12:00;21.6;0;SOLEIL;2;15.8;0
REIMS;49.25;4.03;03/10/2026;13:00;21.6;0;SOLEIL;2;19.3;0
REIMS;49.25;4.03;03/10/2026;14:00;21.0;0;SOLEIL;5;21.5;0
REIMS;49.25;4.03;03/10/2026;15:00;22.2;0;SOLEIL;5;22.7;0
REIMS;49.25;4.03;03/10/2026;16:00;21.0;0;SOLEIL;5;23.0;0
REIMS;49.25;4.03;03/10/2026;17:00;17.6;0;SOLEIL;3;23.0;0
REIMS;49.25;4.03;03/10/2026;18:00;17.6;0;SOLEIL;3;22.7;0
REIMS;49.25;4.03;03/10/2026;19:00;17.6;0;SOLEIL;3;22.3;0
REIMS;49.25;4.03;03/10/2026;20:00;16.0;0;SOLEIL;5;21.6;0
REIMS;49.25;4.03;03/10/2026;21:00;14.8;0;SOLEIL;5;20.9;0
REIMS;49.25;4.03;03/10/2026;22:00;13.6;0;SOLEIL;5;19.4;0
REIMS;49.25;4.03;03/10/2026;23:00;13.1;0;SOLEIL;2;18.4;0
REIMS;49.25;4.03;04/10/2026;00:00;13.1;0;SOLEIL;2;16.9;0
REIMS;49.25;4.03;04/10/2026;01:00;13.1;0;SOLEIL;2;15.5;0
REIMS;49.25;4.03;04/10/2026;02:00;10.1;0;SOLEIL;5;14.4;0
REIMS;49.25;4.03;04/10/2026;03:00;10.1;0;SOLEIL;5;13.3;0
REIMS;49.25;4.03;04/10/2026;04:00;10.1;0;SOLEIL;5;12.2;0
REIMS;49.25;4.03;04/10/2026;05:00;11.4;0;SOLEIL;2;11.5;0
REIMS;49.25;4.03;04/10/2026;06:00;11.4;0;SOLEIL;2;10.8;0
REIMS;49.25;4.03;04/10/2026;07:00;11.4;0;SOLEIL;2;10.8;0
REIMS;49.25;4.03;04/10/2026;08:00;12.7;0;SOLEIL;5;11.2;0
REIMS;49.25;4.03;04/10/2026;09:00;13.9;0;SOLEIL;5;12.6;0
REIMS;49.25;4.03;04/10/2026;10:00;15.2;0;SOLEIL;5;15.1;0
REIMS;49.25;4.03;04/10/2026;11:00;21;0;SOLEIL;2;18.0;0
REIMS;49.25;4.03;04/10/2026;12:00;21;0;SOLEIL;2;20.9;0
REIMS;49.25;4.03;04/10/2026;13:00;21;0;SOLEIL;2;23.4;0
REIMS;49.25;4.03;04/10/2026;14:00;20.3;0;SOLEIL;5;25.2;0
REIMS;49.25;4.03;04/10/2026;15:00;21.6;0;SOLEIL;5;26.3;0
REIMS;49.25;4.03;04/10/2026;16:00;20.3;0;SOLEIL;5;26.6;0
REIMS;49.25;4.03;04/10/2026;17:00;16.6;0;SOLEIL;3;26.6;0
REIMS;49.25;4.03;04/10/2026;18:00;16.6;0;SOLEIL;3;26.3;0
REIMS;49.25;4.03;04/10/2026;19:00;16.6;0;SOLEIL;3;25.9;0
REIMS;49.25;4.03;04/10/2026;20:00;15.2;0;SOLEIL;5;25.9;0
REIMS;49.25;4.03;04/10/2026;21:00;13.9;0;SOLEIL;5;25.9;0
REIMS;49.25;4.03;04/10/2026;22:00;12.7;0;SOLEIL;5;25.9;0
REIMS;49.25;4.03;04/10/2026;23:00;12.6;0;SOLEIL;2;25.9;0
METZ;49.11;6.17;27/09/2026;00:00;12.9;5;SOLEIL VOILÉ;3;3.6;0
METZ;49.11;6.17;27/09/2026;01:00;11.7;5;SOLEIL VOILÉ;3;3.6;0
METZ;49.11;6.17;27/09/2026;02:00;10.9;0;SOLEIL;2;5.0;0
METZ;49.11;6.17;27/09/2026;03:00;10.7;0;SOLEIL;2;5.4;0
METZ;49.11;6.17;27/09/2026;04:00;10.5;5;SOLEIL VOILÉ;2;6.1;0
METZ;49.11;6.17;27/09/2026;05:00;10.9;0;SOLEIL;2;6.1;0
METZ;49.11;6.17;27/09/2026;06:00;11.5;0;SOLEIL;2;5.8;0
METZ;49.11;6.17;27/09/2026;07:00;14.5;0;SOLEIL;1;6.1;0
METZ;49.11;6.17;27/09/2026;08:00;17.9;0;SOLEIL;1;7.9;0
METZ;49.11;6.17;27/09/2026;09:00;20.5;0;SOLEIL;1;7.9;0
METZ;49.11;6.17;27/09/2026;10:00;22.6;0;SOLEIL;2;7.2;0
METZ;49.11;6.17;27/09/2026;11:00;25.5;0;SOLEIL;3;8.3;0
METZ;49.11;6.17;27/09/2026;12:00;27.6;0;SOLEIL;4;9.7;0
METZ;49.11;6.17;27/09/2026;13:00;28.9;0;SOLEIL;4;21.6;0
METZ;49.11;6.17;27/09/2026;14:00;29.9;0;SOLEIL;5;22.0;0
METZ;49.11;6.17;27/09/2026;15:00;30;0;SOLEIL;4;22.3;0
METZ;49.11;6.17;27/09/2026;16:00;28.6;5;SOLEIL VOILÉ;4;27.7;0
METZ;49.11;6.17;27/09/2026;17:00;26.4;5;SOLEIL VOILÉ;3;27.7;0
METZ;49.11;6.17;27/09/2026;18:00;23.4;5;SOLEIL VOILÉ;2;23.4;0
METZ;49.11;6.17;27/09/2026;19:00;21.2;5;SOLEIL VOILÉ;1;22.3;0
METZ;49.11;6.17;27/09/2026;20:00;19.7;2;NUAGEUX;1;16.9;0
METZ;49.11;6.17;27/09/2026;21:00;18.5;2;NUAGEUX;1;13.0;0
METZ;49.11;6.17;27/09/2026;22:00;17.6;5;SOLEIL VOILÉ;1;7.6;0
METZ;49.11;6.17;27/09/2026;23:00;16.9;5;SOLEIL VOILÉ;1;7.6;0
METZ;49.11;6.17;28/09/2026;00:00;16.4;5;SOLEIL VOILÉ;1;6.1;0
METZ;49.11;6.17;28/09/2026;01:00;16.4;5;SOLEIL VOILÉ;1;5.8;0
METZ;49.11;6.17;28/09/2026;02:00;13.9;5;SOLEIL VOILÉ;2;5.4;0
METZ;49.11;6.17;28/09/2026;03:00;13.9;5;SOLEIL VOILÉ;2;6.2;0
METZ;49.11;6.17;28/09/2026;04:00;13.9;5;SOLEIL VOILÉ;2;4.5;0
METZ;49.11;6.17;28/09/2026;05:00;15;5;SOLEIL VOILÉ;2;3.5;0
METZ;49.11;6.17;28/09/2026;06:00;15;5;SOLEIL VOILÉ;2;2.9;0
METZ;49.11;6.17;28/09/2026;07:00;15;5;SOLEIL VOILÉ;2;3.6;0
METZ;49.11;6.17;28/09/2026;08:00;21.2;5;SOLEIL VOILÉ;2;4.7;0
METZ;49.11;6.17;28/09/2026;09:00;21.2;5;SOLEIL VOILÉ;2;5.4;0
METZ;49.11;6.17;28/09/2026;10:00;21.2;5;SOLEIL VOILÉ;2;4.7;0
METZ;49.11;6.17;28/09/2026;11:00;26.1;5;SOLEIL VOILÉ;2;13.7;0
METZ;49.11;6.17;28/09/2026;12:00;26.1;5;SOLEIL VOILÉ;2;23.0;0
METZ;49.11;6.17;28/09/2026;13:00;26.1;5;SOLEIL VOILÉ;2;23.8;0
METZ;49.11;6.17;28/09/2026;14:00;27.7;5;SOLEIL VOILÉ;1;21.6;0
METZ;49.11;6.17;28/09/2026;15:00;27.7;5;SOLEIL VOILÉ;1;24.1;0
METZ;49.11;6.17;28/09/2026;16:00;27.7;5;SOLEIL VOILÉ;1;25.2;0
METZ;49.11;6.17;28/09/2026;17:00;23.4;5;SOLEIL VOILÉ;2;23.8;0
METZ;49.11;6.17;28/09/2026;18:00;23.4;5;SOLEIL VOILÉ;2;20.9;0
METZ;49.11;6.17;28/09/2026;19:00;23.4;5;SOLEIL VOILÉ;2;19.8;0
METZ;49.11;6.17;28/09/2026;20:00;17.9;5;SOLEIL VOILÉ;2;9.7;0
METZ;49.11;6.17;28/09/2026;21:00;17.9;5;SOLEIL VOILÉ;2;4.7;0
METZ;49.11;6.17;28/09/2026;22:00;17.9;5;SOLEIL VOILÉ;2;4.3;0
METZ;49.11;6.17;28/09/2026;23:00;15.7;5;SOLEIL VOILÉ;2;6.8;0
METZ;49.11;6.17;29/09/2026;00:00;15.7;5;SOLEIL VOILÉ;2;8.3;0
METZ;49.11;6.17;29/09/2026;01:00;15.7;5;SOLEIL VOILÉ;2;7.2;0
METZ;49.11;6.17;29/09/2026;02:00;13.4;5;SOLEIL VOILÉ;1;6.8;0
METZ;49.11;6.17;29/09/2026;03:00;13.4;5;SOLEIL VOILÉ;1;2.9;0
METZ;49.11;6.17;29/09/2026;04:00;13.4;5;SOLEIL VOILÉ;1;6.1;0
METZ;49.11;6.17;29/09/2026;05:00;14.1;5;SOLEIL VOILÉ;2;5.8;0
METZ;49.11;6.17;29/09/2026;06:00;14.1;5;SOLEIL VOILÉ;2;5.4;0
METZ;49.11;6.17;29/09/2026;07:00;14.1;5;SOLEIL VOILÉ;2;4.7;0
METZ;49.11;6.17;29/09/2026;08:00;21.2;5;SOLEIL VOILÉ;2;4.0;0
METZ;49.11;6.17;29/09/2026;09:00;21.2;5;SOLEIL VOILÉ;2;7.9;0
METZ;49.11;6.17;29/09/2026;10:00;21.2;5;SOLEIL VOILÉ;2;13.7;0
METZ;49.11;6.17;29/09/2026;11:00;27;5;SOLEIL VOILÉ;2;18.4;0
METZ;49.11;6.17;29/09/2026;12:00;27;5;SOLEIL VOILÉ;2;20.5;0
METZ;49.11;6.17;29/09/2026;13:00;27;5;SOLEIL VOILÉ;2;22.0;0
METZ;49.11;6.17;29/09/2026;14:00;29;0;SOLEIL;3;23.0;0
METZ;49.11;6.17;29/09/2026;15:00;29;0;SOLEIL;3;24.8;0
METZ;49.11;6.17;29/09/2026;16:00;29;0;SOLEIL;3;26.6;0
METZ;49.11;6.17;29/09/2026;17:00;24.1;0;SOLEIL;3;26.6;0
METZ;49.11;6.17;29/09/2026;18:00;24.1;0;SOLEIL;3;24.5;0
METZ;49.11;6.17;29/09/2026;19:00;24.1;0;SOLEIL;3;20.5;0
METZ;49.11;6.17;29/09/2026;20:00;20.1;5;SOLEIL VOILÉ;5;16.9;0
METZ;49.11;6.17;29/09/2026;21:00;18.2;5;SOLEIL VOILÉ;5;14.0;0
METZ;49.11;6.17;29/09/2026;22:00;16.3;5;SOLEIL VOILÉ;5;11.2;0
METZ;49.11;6.17;29/09/2026;23:00;15.1;0;SOLEIL;2;8.6;0
METZ;49.11;6.17;30/09/2026;00:00;15.1;0;SOLEIL;2;6.8;0
METZ;49.11;6.17;30/09/2026;01:00;15.1;0;SOLEIL;2;5.4;0
METZ;49.11;6.17;30/09/2026;02:00;14.1;2;NUAGEUX;5;4.3;0
METZ;49.11;6.17;30/09/2026;03:00;14.1;2;NUAGEUX;5;4.0;0
METZ;49.11;6.17;30/09/2026;04:00;14.1;2;NUAGEUX;5;4.3;0
METZ;49.11;6.17;30/09/2026;05:00;15.1;2;NUAGEUX;3;4.7;0
METZ;49.11;6.17;30/09/2026;06:00;15.1;2;NUAGEUX;3;4.7;0
METZ;49.11;6.17;30/09/2026;07:00;15.1;2;NUAGEUX;3;5.0;0
METZ;49.11;6.17;30/09/2026;08:00;17.5;2;NUAGEUX;5;6.1;0
METZ;49.11;6.17;30/09/2026;09:00;19.1;2;NUAGEUX;5;9.0;0
METZ;49.11;6.17;30/09/2026;10:00;20.8;2;NUAGEUX;5;13.0;0
METZ;49.11;6.17;30/09/2026;11:00;27;2;NUAGEUX;5;16.6;0
METZ;49.11;6.17;30/09/2026;12:00;27;2;NUAGEUX;5;19.4;0
METZ;49.11;6.17;30/09/2026;13:00;27;2;NUAGEUX;5;22.0;0
METZ;49.11;6.17;30/09/2026;14:00;27.5;2;NUAGEUX;5;24.1;0
METZ;49.11;6.17;30/09/2026;15:00;29.2;2;NUAGEUX;5;25.9;0
METZ;49.11;6.17;30/09/2026;16:00;27.5;2;NUAGEUX;5;27.4;0
METZ;49.11;6.17;30/09/2026;17:00;24.1;2;NUAGEUX;3;27.7;0
METZ;49.11;6.17;30/09/2026;18:00;24.1;2;NUAGEUX;3;27.0;0
METZ;49.11;6.17;30/09/2026;19:00;24.1;2;NUAGEUX;3;25.6;0
METZ;49.11;6.17;30/09/2026;20:00;20.8;2;NUAGEUX;5;23.4;0
METZ;49.11;6.17;30/09/2026;21:00;19.1;2;NUAGEUX;5;20.2;0
METZ;49.11;6.17;30/09/2026;22:00;17.5;2;NUAGEUX;5;15.8;0
METZ;49.11;6.17;30/09/2026;23:00;19.2;2;NUAGEUX;2;13.0;0
METZ;49.11;6.17;01/10/2026;00:00;19.2;2;NUAGEUX;2;13.1;0
METZ;49.11;6.17;01/10/2026;01:00;19.2;2;NUAGEUX;2;14.6;0
METZ;49.11;6.17;01/10/2026;02:00;16.1;7;PLUIE FAIBLE;5;15.4;0
METZ;49.11;6.17;01/10/2026;03:00;16.1;7;PLUIE FAIBLE;5;14.4;0
METZ;49.11;6.17;01/10/2026;04:00;16.1;7;PLUIE FAIBLE;5;11.9;0
METZ;49.11;6.17;01/10/2026;05:00;17.5;7;PLUIE FAIBLE;2;9.7;0
METZ;49.11;6.17;01/10/2026;06:00;17.5;7;PLUIE FAIBLE;2;8.6;0
METZ;49.11;6.17;01/10/2026;07:00;17.5;7;PLUIE FAIBLE;2;7.9;0
METZ;49.11;6.17;01/10/2026;08:00;17.4;7;PLUIE FAIBLE;5;8.3;0
METZ;49.11;6.17;01/10/2026;09:00;18.1;7;PLUIE FAIBLE;5;10.4;0
METZ;49.11;6.17;01/10/2026;10:00;18.8;7;PLUIE FAIBLE;5;13.7;0
METZ;49.11;6.17;01/10/2026;11:00;21.1;6;AVERSES;3;17.6;0
METZ;49.11;6.17;01/10/2026;12:00;21.1;6;AVERSES;3;23.4;0
METZ;49.11;6.17;01/10/2026;13:00;21.1;6;AVERSES;3;29.9;0
METZ;49.11;6.17;01/10/2026;14:00;21.4;7;PLUIE FAIBLE;5;34.9;0
METZ;49.11;6.17;01/10/2026;15:00;22.1;7;PLUIE FAIBLE;5;37.4;0
METZ;49.11;6.17;01/10/2026;16:00;21.4;7;PLUIE FAIBLE;5;38.9;0
METZ;49.11;6.17;01/10/2026;17:00;18.1;7;PLUIE FAIBLE;3;39.6;0
METZ;49.11;6.17;01/10/2026;18:00;18.1;7;PLUIE FAIBLE;3;40.7;0
METZ;49.11;6.17;01/10/2026;19:00;18.1;7;PLUIE FAIBLE;3;41.4;0
METZ;49.11;6.17;01/10/2026;20:00;18.8;7;PLUIE FAIBLE;5;40.7;0
METZ;49.11;6.17;01/10/2026;21:00;18.1;7;PLUIE FAIBLE;5;37.4;0
METZ;49.11;6.17;01/10/2026;22:00;17.4;7;PLUIE FAIBLE;5;33.1;0
METZ;49.11;6.17;01/10/2026;23:00;15.1;7;PLUIE FAIBLE;3;28.8;0
METZ;49.11;6.17;02/10/2026;00:00;15.1;7;PLUIE FAIBLE;3;25.6;0
METZ;49.11;6.17;02/10/2026;01:00;15.1;7;PLUIE FAIBLE;3;22.3;0
METZ;49.11;6.17;02/10/2026;02:00;12.6;0;SOLEIL;5;20.9;0
METZ;49.11;6.17;02/10/2026;03:00;12.6;0;SOLEIL;5;21.6;0
METZ;49.11;6.17;02/10/2026;04:00;12.6;0;SOLEIL;5;23.8;0
METZ;49.11;6.17;02/10/2026;05:00;13.4;0;SOLEIL;2;25.2;0
METZ;49.11;6.17;02/10/2026;06:00;13.4;0;SOLEIL;2;24.5;0
METZ;49.11;6.17;02/10/2026;07:00;13.4;0;SOLEIL;2;23.0;0
METZ;49.11;6.17;02/10/2026;08:00;14.3;0;SOLEIL;5;22.3;0
METZ;49.11;6.17;02/10/2026;09:00;15.1;0;SOLEIL;5;23.0;0
METZ;49.11;6.17;02/10/2026;10:00;15.9;0;SOLEIL;5;24.5;0
METZ;49.11;6.17;02/10/2026;11:00;19.1;0;SOLEIL;3;25.6;0
METZ;49.11;6.17;02/10/2026;12:00;19.1;0;SOLEIL;3;25.6;0
METZ;49.11;6.17;02/10/2026;13:00;19.1;0;SOLEIL;3;25.2;0
METZ;49.11;6.17;02/10/2026;14:00;19.3;0;SOLEIL;5;24.5;0
METZ;49.11;6.17;02/10/2026;15:00;20.1;0;SOLEIL;5;24.1;0
METZ;49.11;6.17;02/10/2026;16:00;19.3;0;SOLEIL;5;23.4;0
METZ;49.11;6.17;02/10/2026;17:00;17.9;0;SOLEIL;2;22.0;0
METZ;49.11;6.17;02/10/2026;18:00;17.9;0;SOLEIL;2;19.4;0
METZ;49.11;6.17;02/10/2026;19:00;17.9;0;SOLEIL;2;16.2;0
METZ;49.11;6.17;02/10/2026;20:00;15.9;0;SOLEIL;5;13.3;0
METZ;49.11;6.17;02/10/2026;21:00;15.1;0;SOLEIL;5;11.2;0
METZ;49.11;6.17;02/10/2026;22:00;14.3;0;SOLEIL;5;9.7;0
METZ;49.11;6.17;02/10/2026;23:00;13.1;0;SOLEIL;2;8.6;0
METZ;49.11;6.17;03/10/2026;00:00;13.1;0;SOLEIL;2;8.3;0
METZ;49.11;6.17;03/10/2026;01:00;13.1;0;SOLEIL;2;8.6;0
METZ;49.11;6.17;03/10/2026;02:00;11;0;SOLEIL;5;9.0;0
METZ;49.11;6.17;03/10/2026;03:00;11;0;SOLEIL;5;9.0;0
METZ;49.11;6.17;03/10/2026;04:00;11;0;SOLEIL;5;8.6;0
METZ;49.11;6.17;03/10/2026;05:00;12.5;0;SOLEIL;2;8.3;0
METZ;49.11;6.17;03/10/2026;06:00;12.5;0;SOLEIL;2;7.6;0
METZ;49.11;6.17;03/10/2026;07:00;12.5;0;SOLEIL;2;6.8;0
METZ;49.11;6.17;03/10/2026;08:00;13.6;0;SOLEIL;5;7.9;0
METZ;49.11;6.17;03/10/2026;09:00;14.9;0;SOLEIL;5;12.6;0
METZ;49.11;6.17;03/10/2026;10:00;16.2;0;SOLEIL;5;19.1;0
METZ;49.11;6.17;03/10/2026;11:00;21.9;0;SOLEIL;3;24.5;0
METZ;49.11;6.17;03/10/2026;12:00;21.9;0;SOLEIL;3;25.7;0
METZ;49.11;6.17;03/10/2026;13:00;21.9;0;SOLEIL;3;25.2;0
METZ;49.11;6.17;03/10/2026;14:00;21.3;0;SOLEIL;5;23.5;0
METZ;49.11;6.17;03/10/2026;15:00;22.6;0;SOLEIL;5;20.9;0
METZ;49.11;6.17;03/10/2026;16:00;21.3;0;SOLEIL;5;20.9;0
METZ;49.11;6.17;03/10/2026;17:00;18.1;0;SOLEIL;2;20.5;0
METZ;49.11;6.17;03/10/2026;18:00;18.1;0;SOLEIL;2;20.2;0
METZ;49.11;6.17;03/10/2026;19:00;18.1;0;SOLEIL;2;19.8;0
METZ;49.11;6.17;03/10/2026;20:00;16.2;0;SOLEIL;5;19.4;0
METZ;49.11;6.17;03/10/2026;21:00;14.9;0;SOLEIL;5;19.1;0
METZ;49.11;6.17;03/10/2026;22:00;13.6;0;SOLEIL;5;18.7;0
METZ;49.11;6.17;03/10/2026;23:00;13.1;0;SOLEIL;2;18.4;0
METZ;49.11;6.17;04/10/2026;00:00;13.1;0;SOLEIL;2;18.0;0
METZ;49.11;6.17;04/10/2026;01:00;13.1;0;SOLEIL;2;17.6;0
METZ;49.11;6.17;04/10/2026;02:00;10.2;0;SOLEIL;5;17.6;0
METZ;49.11;6.17;04/10/2026;03:00;10.2;0;SOLEIL;5;17.6;0
METZ;49.11;6.17;04/10/2026;04:00;10.2;0;SOLEIL;5;17.3;0
METZ;49.11;6.17;04/10/2026;05:00;11.5;0;SOLEIL;2;17.3;0
METZ;49.11;6.17;04/10/2026;06:00;11.5;0;SOLEIL;2;17.6;0
METZ;49.11;6.17;04/10/2026;07:00;11.5;0;SOLEIL;2;17.6;0
METZ;49.11;6.17;04/10/2026;08:00;12.6;0;SOLEIL;5;18.4;0
METZ;49.11;6.17;04/10/2026;09:00;13.9;0;SOLEIL;5;19.4;0
METZ;49.11;6.17;04/10/2026;10:00;15.1;0;SOLEIL;5;20.5;0
METZ;49.11;6.17;04/10/2026;11:00;20.6;0;SOLEIL;3;22.0;0
METZ;49.11;6.17;04/10/2026;12:00;20.6;0;SOLEIL;3;23.8;0
METZ;49.11;6.17;04/10/2026;13:00;20.6;0;SOLEIL;3;24.8;0
METZ;49.11;6.17;04/10/2026;14:00;20.0;0;SOLEIL;5;25.9;0
METZ;49.11;6.17;04/10/2026;15:00;21.2;0;SOLEIL;5;26.6;0
METZ;49.11;6.17;04/10/2026;16:00;20.0;0;SOLEIL;5;26.6;0
METZ;49.11;6.17;04/10/2026;17:00;16.5;0;SOLEIL;2;27.0;0
METZ;49.11;6.17;04/10/2026;18:00;16.5;0;SOLEIL;2;27.0;0
METZ;49.11;6.17;04/10/2026;19:00;16.5;0;SOLEIL;2;27.0;0
METZ;49.11;6.17;04/10/2026;20:00;15.1;0;SOLEIL;5;26.6;0
METZ;49.11;6.17;04/10/2026;21:00;13.9;0;SOLEIL;5;26.3;0
METZ;49.11;6.17;04/10/2026;22:00;12.6;0;SOLEIL;5;25.6;0
METZ;49.11;6.17;04/10/2026;23:00;12.6;0;SOLEIL;3;25.2;0
NANTES;47.21;-1.55;27/09/2026;00:00;17;2;NUAGEUX;2;20.5;0
NANTES;47.21;-1.55;27/09/2026;01:00;16.3;0;SOLEIL;2;10.8;0
NANTES;47.21;-1.55;27/09/2026;02:00;16.2;0;SOLEIL;2;10.8;0
NANTES;47.21;-1.55;27/09/2026;03:00;15.6;2;NUAGEUX;2;11.9;0
NANTES;47.21;-1.55;27/09/2026;04:00;15.9;2;NUAGEUX;2;13.7;0
NANTES;47.21;-1.55;27/09/2026;05:00;15.7;5;SOLEIL VOILÉ;2;10.8;0
NANTES;47.21;-1.55;27/09/2026;06:00;15.9;2;NUAGEUX;3;10.4;0
NANTES;47.21;-1.55;27/09/2026;07:00;17.1;2;NUAGEUX;2;9.7;0
NANTES;47.21;-1.55;27/09/2026;08:00;19.1;2;NUAGEUX;3;7.6;0
NANTES;47.21;-1.55;27/09/2026;09:00;21.1;2;NUAGEUX;3;15.1;0
NANTES;47.21;-1.55;27/09/2026;10:00;21.9;2;NUAGEUX;3;20.2;0
NANTES;47.21;-1.55;27/09/2026;11:00;22.9;2;NUAGEUX;4;28.4;0
NANTES;47.21;-1.55;27/09/2026;12:00;23.9;2;NUAGEUX;4;31.3;0
NANTES;47.21;-1.55;27/09/2026;13:00;24.1;2;NUAGEUX;4;31.0;0
NANTES;47.21;-1.55;27/09/2026;14:00;24.5;2;NUAGEUX;4;34.6;0
NANTES;47.21;-1.55;27/09/2026;15:00;24.2;2;NUAGEUX;4;31.7;0
NANTES;47.21;-1.55;27/09/2026;16:00;24.1;2;NUAGEUX;4;26.3;0
NANTES;47.21;-1.55;27/09/2026;17:00;23.4;2;NUAGEUX;3;29.9;0
NANTES;47.21;-1.55;27/09/2026;18:00;22.5;2;NUAGEUX;3;29.9;0
NANTES;47.21;-1.55;27/09/2026;19:00;21.1;2;NUAGEUX;3;30.6;0
NANTES;47.21;-1.55;27/09/2026;20:00;20.4;2;NUAGEUX;3;27.7;0
NANTES;47.21;-1.55;27/09/2026;21:00;19.6;2;NUAGEUX;3;24.1;0
NANTES;47.21;-1.55;27/09/2026;22:00;19.1;2;NUAGEUX;3;22.3;0
NANTES;47.21;-1.55;27/09/2026;23:00;19.1;2;NUAGEUX;2;15.5;0
NANTES;47.21;-1.55;28/09/2026;00:00;18.7;6;AVERSES;2;15.5;0.2
NANTES;47.21;-1.55;28/09/2026;01:00;18.7;6;AVERSES;2;16.6;0.2
NANTES;47.21;-1.55;28/09/2026;02:00;17.4;6;AVERSES;1;16.9;0
NANTES;47.21;-1.55;28/09/2026;03:00;17.4;6;AVERSES;1;12.8;0
NANTES;47.21;-1.55;28/09/2026;04:00;17.4;6;AVERSES;1;13.7;0
NANTES;47.21;-1.55;28/09/2026;05:00;16.9;6;AVERSES;2;19.3;0
NANTES;47.21;-1.55;28/09/2026;06:00;16.9;6;AVERSES;2;24.8;0
NANTES;47.21;-1.55;28/09/2026;07:00;16.9;6;AVERSES;2;26.6;0
NANTES;47.21;-1.55;28/09/2026;08:00;20.5;6;AVERSES;3;25.6;0
NANTES;47.21;-1.55;28/09/2026;09:00;20.5;6;AVERSES;3;29.9;0
NANTES;47.21;-1.55;28/09/2026;10:00;20.5;6;AVERSES;3;30.2;0
NANTES;47.21;-1.55;28/09/2026;11:00;21.5;6;AVERSES;3;29.9;0
NANTES;47.21;-1.55;28/09/2026;12:00;21.5;6;AVERSES;3;29.2;0
NANTES;47.21;-1.55;28/09/2026;13:00;21.5;6;AVERSES;3;32.4;0
NANTES;47.21;-1.55;28/09/2026;14:00;23;6;AVERSES;3;32.0;0
NANTES;47.21;-1.55;28/09/2026;15:00;23;6;AVERSES;3;29.2;0
NANTES;47.21;-1.55;28/09/2026;16:00;23;6;AVERSES;3;28.1;0
NANTES;47.21;-1.55;28/09/2026;17:00;21.6;5;SOLEIL VOILÉ;3;27.7;0
NANTES;47.21;-1.55;28/09/2026;18:00;21.6;5;SOLEIL VOILÉ;3;23.8;0
NANTES;47.21;-1.55;28/09/2026;19:00;21.6;5;SOLEIL VOILÉ;3;23.8;0
NANTES;47.21;-1.55;28/09/2026;20:00;19;0;SOLEIL;3;22.0;0
NANTES;47.21;-1.55;28/09/2026;21:00;19;0;SOLEIL;3;18.4;0
NANTES;47.21;-1.55;28/09/2026;22:00;19;0;SOLEIL;3;15.1;0
NANTES;47.21;-1.55;28/09/2026;23:00;17.5;0;SOLEIL;4;13.3;0
NANTES;47.21;-1.55;29/09/2026;00:00;17.5;0;SOLEIL;4;9.7;0
NANTES;47.21;-1.55;29/09/2026;01:00;17.5;0;SOLEIL;4;16.6;0
NANTES;47.21;-1.55;29/09/2026;02:00;16.4;0;SOLEIL;4;18.4;0
NANTES;47.21;-1.55;29/09/2026;03:00;16.4;0;SOLEIL;4;22.3;0
NANTES;47.21;-1.55;29/09/2026;04:00;16.4;0;SOLEIL;4;25.2;0
NANTES;47.21;-1.55;29/09/2026;05:00;17.6;0;SOLEIL;4;21.6;0
NANTES;47.21;-1.55;29/09/2026;06:00;17.6;0;SOLEIL;4;19.1;0
NANTES;47.21;-1.55;29/09/2026;07:00;17.6;0;SOLEIL;4;15.5;0
NANTES;47.21;-1.55;29/09/2026;08:00;22.4;5;SOLEIL VOILÉ;5;18.7;0
NANTES;47.21;-1.55;29/09/2026;09:00;22.4;5;SOLEIL VOILÉ;5;24.1;0
NANTES;47.21;-1.55;29/09/2026;10:00;22.4;5;SOLEIL VOILÉ;5;25.2;0
NANTES;47.21;-1.55;29/09/2026;11:00;25.1;5;SOLEIL VOILÉ;6;22.3;0
NANTES;47.21;-1.55;29/09/2026;12:00;25.1;5;SOLEIL VOILÉ;6;24.8;0
NANTES;47.21;-1.55;29/09/2026;13:00;25.1;5;SOLEIL VOILÉ;6;33.5;0
NANTES;47.21;-1.55;29/09/2026;14:00;27;5;SOLEIL VOILÉ;6;34.9;0
NANTES;47.21;-1.55;29/09/2026;15:00;27;5;SOLEIL VOILÉ;6;34.9;0
NANTES;47.21;-1.55;29/09/2026;16:00;27;5;SOLEIL VOILÉ;6;36.4;0
NANTES;47.21;-1.55;29/09/2026;17:00;25.1;5;SOLEIL VOILÉ;4;38.5;0
NANTES;47.21;-1.55;29/09/2026;18:00;25.1;5;SOLEIL VOILÉ;4;38.5;0
NANTES;47.21;-1.55;29/09/2026;19:00;25.1;5;SOLEIL VOILÉ;4;37.1;0
NANTES;47.21;-1.55;29/09/2026;20:00;21.3;5;SOLEIL VOILÉ;5;30.2;0
NANTES;47.21;-1.55;29/09/2026;21:00;20.0;5;SOLEIL VOILÉ;5;18.4;0
NANTES;47.21;-1.55;29/09/2026;22:00;18.6;5;SOLEIL VOILÉ;5;18.0;0
NANTES;47.21;-1.55;29/09/2026;23:00;18.9;2;NUAGEUX;4;18.0;0
NANTES;47.21;-1.55;30/09/2026;00:00;18.9;2;NUAGEUX;4;18.0;0
NANTES;47.21;-1.55;30/09/2026;01:00;18.9;2;NUAGEUX;4;18.7;0
NANTES;47.21;-1.55;30/09/2026;02:00;19.6;7;PLUIE FAIBLE;5;22.0;0
NANTES;47.21;-1.55;30/09/2026;03:00;19.6;7;PLUIE FAIBLE;5;23.4;0
NANTES;47.21;-1.55;30/09/2026;04:00;19.6;7;PLUIE FAIBLE;5;24.1;0
NANTES;47.21;-1.55;30/09/2026;05:00;20.7;2;NUAGEUX;4;22.3;0
NANTES;47.21;-1.55;30/09/2026;06:00;20.7;2;NUAGEUX;4;27.5;0
NANTES;47.21;-1.55;30/09/2026;07:00;20.7;2;NUAGEUX;4;31.0;0
NANTES;47.21;-1.55;30/09/2026;08:00;20.5;7;PLUIE FAIBLE;5;36.1;0
NANTES;47.21;-1.55;30/09/2026;09:00;21.0;7;PLUIE FAIBLE;5;40.3;0
NANTES;47.21;-1.55;30/09/2026;10:00;21.4;7;PLUIE FAIBLE;5;35.3;0
NANTES;47.21;-1.55;30/09/2026;11:00;22.6;7;PLUIE FAIBLE;4;32.4;0
NANTES;47.21;-1.55;30/09/2026;12:00;22.6;7;PLUIE FAIBLE;4;33.5;0
NANTES;47.21;-1.55;30/09/2026;13:00;22.6;7;PLUIE FAIBLE;4;36.7;0
NANTES;47.21;-1.55;30/09/2026;14:00;23.2;7;PLUIE FAIBLE;5;39.2;0
NANTES;47.21;-1.55;30/09/2026;15:00;23.7;7;PLUIE FAIBLE;5;40.0;0
NANTES;47.21;-1.55;30/09/2026;16:00;23.2;7;PLUIE FAIBLE;5;39.6;0
NANTES;47.21;-1.55;30/09/2026;17:00;20.6;7;PLUIE FAIBLE;3;38.9;0
NANTES;47.21;-1.55;30/09/2026;18:00;20.6;7;PLUIE FAIBLE;3;37.4;0
NANTES;47.21;-1.55;30/09/2026;19:00;20.6;7;PLUIE FAIBLE;3;34.9;0
NANTES;47.21;-1.55;30/09/2026;20:00;21.4;7;PLUIE FAIBLE;5;32.4;0
NANTES;47.21;-1.55;30/09/2026;21:00;21.0;7;PLUIE FAIBLE;5;29.2;0
NANTES;47.21;-1.55;30/09/2026;22:00;20.5;7;PLUIE FAIBLE;5;25.6;0
NANTES;47.21;-1.55;30/09/2026;23:00;17.6;0;SOLEIL;2;22.7;0
NANTES;47.21;-1.55;01/10/2026;00:00;17.6;0;SOLEIL;2;20.5;0
NANTES;47.21;-1.55;01/10/2026;01:00;17.6;0;SOLEIL;2;18.7;0
NANTES;47.21;-1.55;01/10/2026;02:00;15;7;PLUIE FAIBLE;5;17.3;0
NANTES;47.21;-1.55;01/10/2026;03:00;15;7;PLUIE FAIBLE;5;16.2;0
NANTES;47.21;-1.55;01/10/2026;04:00;15;7;PLUIE FAIBLE;5;15.8;0
NANTES;47.21;-1.55;01/10/2026;05:00;15.6;7;PLUIE FAIBLE;2;15.1;0
NANTES;47.21;-1.55;01/10/2026;06:00;15.6;7;PLUIE FAIBLE;2;14.0;0
NANTES;47.21;-1.55;01/10/2026;07:00;15.6;7;PLUIE FAIBLE;2;13.0;0
NANTES;47.21;-1.55;01/10/2026;08:00;16.5;7;PLUIE FAIBLE;5;12.2;0
NANTES;47.21;-1.55;01/10/2026;09:00;17.2;7;PLUIE FAIBLE;5;12.6;0
NANTES;47.21;-1.55;01/10/2026;10:00;18.0;7;PLUIE FAIBLE;5;14.0;0
NANTES;47.21;-1.55;01/10/2026;11:00;21.1;6;AVERSES;4;15.1;0
NANTES;47.21;-1.55;01/10/2026;12:00;21.1;6;AVERSES;4;16.2;0
NANTES;47.21;-1.55;01/10/2026;13:00;21.1;6;AVERSES;4;17.6;0
NANTES;47.21;-1.55;01/10/2026;14:00;21.0;7;PLUIE FAIBLE;5;18.4;0
NANTES;47.21;-1.55;01/10/2026;15:00;21.7;7;PLUIE FAIBLE;5;18.7;0
NANTES;47.21;-1.55;01/10/2026;16:00;21.0;7;PLUIE FAIBLE;5;18.4;0
NANTES;47.21;-1.55;01/10/2026;17:00;19;7;PLUIE FAIBLE;2;18.4;0
NANTES;47.21;-1.55;01/10/2026;18:00;19;7;PLUIE FAIBLE;2;18.4;0
NANTES;47.21;-1.55;01/10/2026;19:00;19;7;PLUIE FAIBLE;2;18.4;0
NANTES;47.21;-1.55;01/10/2026;20:00;18.0;7;PLUIE FAIBLE;5;18.4;0
NANTES;47.21;-1.55;01/10/2026;21:00;17.2;7;PLUIE FAIBLE;5;17.6;0
NANTES;47.21;-1.55;01/10/2026;22:00;16.5;7;PLUIE FAIBLE;5;17.3;0
NANTES;47.21;-1.55;01/10/2026;23:00;14.6;0;SOLEIL;2;16.6;0
NANTES;47.21;-1.55;02/10/2026;00:00;14.6;0;SOLEIL;2;16.2;0
NANTES;47.21;-1.55;02/10/2026;01:00;14.6;0;SOLEIL;2;15.5;0
NANTES;47.21;-1.55;02/10/2026;02:00;11.9;0;SOLEIL;5;15.1;0
NANTES;47.21;-1.55;02/10/2026;03:00;11.9;0;SOLEIL;5;14.8;0
NANTES;47.21;-1.55;02/10/2026;04:00;11.9;0;SOLEIL;5;14.4;0
NANTES;47.21;-1.55;02/10/2026;05:00;12.6;0;SOLEIL;2;14.0;0
NANTES;47.21;-1.55;02/10/2026;06:00;12.6;0;SOLEIL;2;13.7;0
NANTES;47.21;-1.55;02/10/2026;07:00;12.6;0;SOLEIL;2;14.0;0
NANTES;47.21;-1.55;02/10/2026;08:00;14.2;0;SOLEIL;5;14.8;0
NANTES;47.21;-1.55;02/10/2026;09:00;15.3;0;SOLEIL;5;16.2;0
NANTES;47.21;-1.55;02/10/2026;10:00;16.4;0;SOLEIL;5;18.0;0
NANTES;47.21;-1.55;02/10/2026;11:00;20.7;0;SOLEIL;3;20.5;0
NANTES;47.21;-1.55;02/10/2026;12:00;20.7;0;SOLEIL;3;23.0;0
NANTES;47.21;-1.55;02/10/2026;13:00;20.7;0;SOLEIL;3;25.2;0
NANTES;47.21;-1.55;02/10/2026;14:00;21.0;0;SOLEIL;5;27.0;0
NANTES;47.21;-1.55;02/10/2026;15:00;22.1;0;SOLEIL;5;28.4;0
NANTES;47.21;-1.55;02/10/2026;16:00;21.0;0;SOLEIL;5;30.2;0
NANTES;47.21;-1.55;02/10/2026;17:00;19.6;0;SOLEIL;2;31.3;0
NANTES;47.21;-1.55;02/10/2026;18:00;19.6;0;SOLEIL;2;32.4;0
NANTES;47.21;-1.55;02/10/2026;19:00;19.6;0;SOLEIL;2;33.1;0
NANTES;47.21;-1.55;02/10/2026;20:00;16.4;0;SOLEIL;5;33.1;0
NANTES;47.21;-1.55;02/10/2026;21:00;15.3;0;SOLEIL;5;32.4;0
NANTES;47.21;-1.55;02/10/2026;22:00;14.2;0;SOLEIL;5;30.6;0
NANTES;47.21;-1.55;02/10/2026;23:00;14.9;0;SOLEIL;3;28.4;0
NANTES;47.21;-1.55;03/10/2026;00:00;14.9;0;SOLEIL;3;26.3;0
NANTES;47.21;-1.55;03/10/2026;01:00;14.9;0;SOLEIL;3;24.1;0
NANTES;47.21;-1.55;03/10/2026;02:00;12.2;0;SOLEIL;5;23.0;0
NANTES;47.21;-1.55;03/10/2026;03:00;12.2;0;SOLEIL;5;22.3;0
NANTES;47.21;-1.55;03/10/2026;04:00;12.2;0;SOLEIL;5;22.0;0
NANTES;47.21;-1.55;03/10/2026;05:00;13.1;0;SOLEIL;3;21.6;0
NANTES;47.21;-1.55;03/10/2026;06:00;13.1;0;SOLEIL;3;22.0;0
NANTES;47.21;-1.55;03/10/2026;07:00;13.1;0;SOLEIL;3;22.7;0
NANTES;47.21;-1.55;03/10/2026;08:00;14.4;0;SOLEIL;5;23.8;0
NANTES;47.21;-1.55;03/10/2026;09:00;15.5;0;SOLEIL;5;25.9;0
NANTES;47.21;-1.55;03/10/2026;10:00;16.6;0;SOLEIL;5;28.4;0
NANTES;47.21;-1.55;03/10/2026;11:00;21;0;SOLEIL;3;32.0;0
NANTES;47.21;-1.55;03/10/2026;12:00;21;0;SOLEIL;3;35.3;0
NANTES;47.21;-1.55;03/10/2026;13:00;21;0;SOLEIL;3;38.2;0
NANTES;47.21;-1.55;03/10/2026;14:00;21.0;0;SOLEIL;5;40.0;0
NANTES;47.21;-1.55;03/10/2026;15:00;22.1;0;SOLEIL;5;41.0;0
NANTES;47.21;-1.55;03/10/2026;16:00;21.0;0;SOLEIL;5;41.8;0
NANTES;47.21;-1.55;03/10/2026;17:00;19.9;0;SOLEIL;3;41.8;0
NANTES;47.21;-1.55;03/10/2026;18:00;19.9;0;SOLEIL;3;41.4;0
NANTES;47.21;-1.55;03/10/2026;19:00;19.9;0;SOLEIL;3;41.0;0
NANTES;47.21;-1.55;03/10/2026;20:00;16.6;0;SOLEIL;5;40.0;0
NANTES;47.21;-1.55;03/10/2026;21:00;15.5;0;SOLEIL;5;38.2;0
NANTES;47.21;-1.55;03/10/2026;22:00;14.4;0;SOLEIL;5;36.0;0
NANTES;47.21;-1.55;03/10/2026;23:00;15.1;0;SOLEIL;3;33.1;0
NANTES;47.21;-1.55;04/10/2026;00:00;15.1;0;SOLEIL;3;30.2;0
NANTES;47.21;-1.55;04/10/2026;01:00;15.1;0;SOLEIL;3;28.1;0
NANTES;47.21;-1.55;04/10/2026;02:00;12;0;SOLEIL;5;26.3;0
NANTES;47.21;-1.55;04/10/2026;03:00;12;0;SOLEIL;5;25.2;0
NANTES;47.21;-1.55;04/10/2026;04:00;12;0;SOLEIL;5;24.8;0
NANTES;47.21;-1.55;04/10/2026;05:00;12.7;0;SOLEIL;3;24.5;0
NANTES;47.21;-1.55;04/10/2026;06:00;12.7;0;SOLEIL;3;24.5;0
NANTES;47.21;-1.55;04/10/2026;07:00;12.7;0;SOLEIL;3;25.2;0
NANTES;47.21;-1.55;04/10/2026;08:00;14.2;0;SOLEIL;5;25.9;0
NANTES;47.21;-1.55;04/10/2026;09:00;15.4;0;SOLEIL;5;27.4;0
NANTES;47.21;-1.55;04/10/2026;10:00;16.5;0;SOLEIL;5;29.5;0
NANTES;47.21;-1.55;04/10/2026;11:00;21;0;SOLEIL;3;32.0;0
NANTES;47.21;-1.55;04/10/2026;12:00;21;0;SOLEIL;3;34.6;0
NANTES;47.21;-1.55;04/10/2026;13:00;21;0;SOLEIL;3;36.7;0
NANTES;47.21;-1.55;04/10/2026;14:00;21.0;0;SOLEIL;5;38.2;0
NANTES;47.21;-1.55;04/10/2026;15:00;22.1;0;SOLEIL;5;38.9;0
NANTES;47.21;-1.55;04/10/2026;16:00;21.0;0;SOLEIL;5;39.6;0
NANTES;47.21;-1.55;04/10/2026;17:00;19.4;0;SOLEIL;3;39.6;0
NANTES;47.21;-1.55;04/10/2026;18:00;19.4;0;SOLEIL;3;39.2;0
NANTES;47.21;-1.55;04/10/2026;19:00;19.4;0;SOLEIL;3;38.9;0
NANTES;47.21;-1.55;04/10/2026;20:00;16.5;0;SOLEIL;5;38.2;0
NANTES;47.21;-1.55;04/10/2026;21:00;15.4;0;SOLEIL;5;37.1;0
NANTES;47.21;-1.55;04/10/2026;22:00;14.2;0;SOLEIL;5;35.3;0
NANTES;47.21;-1.55;04/10/2026;23:00;15.1;0;SOLEIL;3;33.1;0
TOURS;47.39;0.68;27/09/2026;00:00;15.7;0;SOLEIL;2;7.2;0
TOURS;47.39;0.68;27/09/2026;01:00;15.3;0;SOLEIL;2;4.7;0
TOURS;47.39;0.68;27/09/2026;02:00;14.6;0;SOLEIL;2;3.2;0
TOURS;47.39;0.68;27/09/2026;03:00;14;0;SOLEIL;2;5.4;0
TOURS;47.39;0.68;27/09/2026;04:00;14.1;0;SOLEIL;2;5.8;0
TOURS;47.39;0.68;27/09/2026;05:00;14;2;NUAGEUX;2;6.5;0
TOURS;47.39;0.68;27/09/2026;06:00;13.4;2;NUAGEUX;2;6.8;0
TOURS;47.39;0.68;27/09/2026;07:00;16;2;NUAGEUX;2;7.2;0
TOURS;47.39;0.68;27/09/2026;08:00;17.6;2;NUAGEUX;2;7.6;0
TOURS;47.39;0.68;27/09/2026;09:00;20.6;2;NUAGEUX;2;7.9;0
TOURS;47.39;0.68;27/09/2026;10:00;23;2;NUAGEUX;3;9.7;0
TOURS;47.39;0.68;27/09/2026;11:00;25.6;2;NUAGEUX;4;15.5;0
TOURS;47.39;0.68;27/09/2026;12:00;26.1;2;NUAGEUX;4;18.4;0
TOURS;47.39;0.68;27/09/2026;13:00;26.3;2;NUAGEUX;4;20.9;0
TOURS;47.39;0.68;27/09/2026;14:00;27.1;2;NUAGEUX;4;22.7;0
TOURS;47.39;0.68;27/09/2026;15:00;27.4;2;NUAGEUX;4;26.3;0
TOURS;47.39;0.68;27/09/2026;16:00;27.6;5;SOLEIL VOILÉ;4;28.4;0
TOURS;47.39;0.68;27/09/2026;17:00;27;5;SOLEIL VOILÉ;3;29.2;0
TOURS;47.39;0.68;27/09/2026;18:00;26;2;NUAGEUX;3;27.0;0
TOURS;47.39;0.68;27/09/2026;19:00;24.1;5;SOLEIL VOILÉ;2;23.8;0
TOURS;47.39;0.68;27/09/2026;20:00;22.4;2;NUAGEUX;2;20.2;0
TOURS;47.39;0.68;27/09/2026;21:00;20.7;2;NUAGEUX;2;10.8;0
TOURS;47.39;0.68;27/09/2026;22:00;19.7;2;NUAGEUX;2;7.9;0
TOURS;47.39;0.68;27/09/2026;23:00;19.1;2;NUAGEUX;2;9.4;0
TOURS;47.39;0.68;28/09/2026;00:00;18.5;2;NUAGEUX;2;9.4;0
TOURS;47.39;0.68;28/09/2026;01:00;18.5;2;NUAGEUX;2;7.2;0
TOURS;47.39;0.68;28/09/2026;02:00;18.1;2;NUAGEUX;2;13.7;0
TOURS;47.39;0.68;28/09/2026;03:00;18.1;2;NUAGEUX;2;11.9;0
TOURS;47.39;0.68;28/09/2026;04:00;18.1;2;NUAGEUX;2;14.0;0
TOURS;47.39;0.68;28/09/2026;05:00;17.6;2;NUAGEUX;2;5.7;0
TOURS;47.39;0.68;28/09/2026;06:00;17.6;2;NUAGEUX;2;6.8;0
TOURS;47.39;0.68;28/09/2026;07:00;17.6;2;NUAGEUX;2;12.2;0
TOURS;47.39;0.68;28/09/2026;08:00;19.6;10;ORAGEUX;2;25.9;0
TOURS;47.39;0.68;28/09/2026;09:00;19.6;10;ORAGEUX;2;26.3;0
TOURS;47.39;0.68;28/09/2026;10:00;19.6;10;ORAGEUX;2;21.2;0
TOURS;47.39;0.68;28/09/2026;11:00;22.1;6;AVERSES;3;18.4;0
TOURS;47.39;0.68;28/09/2026;12:00;22.1;6;AVERSES;3;25.9;0
TOURS;47.39;0.68;28/09/2026;13:00;22.1;6;AVERSES;3;24.8;0
TOURS;47.39;0.68;28/09/2026;14:00;22.6;5;SOLEIL VOILÉ;3;39.2;0
TOURS;47.39;0.68;28/09/2026;15:00;22.6;5;SOLEIL VOILÉ;3;30.2;0
TOURS;47.39;0.68;28/09/2026;16:00;22.6;5;SOLEIL VOILÉ;3;25.6;0
TOURS;47.39;0.68;28/09/2026;17:00;21.9;5;SOLEIL VOILÉ;3;25.9;0
TOURS;47.39;0.68;28/09/2026;18:00;21.9;5;SOLEIL VOILÉ;3;28.4;0
TOURS;47.39;0.68;28/09/2026;19:00;21.9;5;SOLEIL VOILÉ;3;25.6;0
TOURS;47.39;0.68;28/09/2026;20:00;18.6;5;SOLEIL VOILÉ;4;23.4;0
TOURS;47.39;0.68;28/09/2026;21:00;18.6;5;SOLEIL VOILÉ;4;22.0;0
TOURS;47.39;0.68;28/09/2026;22:00;18.6;5;SOLEIL VOILÉ;4;20.2;0
TOURS;47.39;0.68;28/09/2026;23:00;17.4;5;SOLEIL VOILÉ;3;19.1;0
TOURS;47.39;0.68;29/09/2026;00:00;17.4;5;SOLEIL VOILÉ;3;16.9;0
TOURS;47.39;0.68;29/09/2026;01:00;17.4;5;SOLEIL VOILÉ;3;13.7;0
TOURS;47.39;0.68;29/09/2026;02:00;16.6;0;SOLEIL;3;17.3;0
TOURS;47.39;0.68;29/09/2026;03:00;16.6;0;SOLEIL;3;19.8;0
TOURS;47.39;0.68;29/09/2026;04:00;16.6;0;SOLEIL;3;20.2;0
TOURS;47.39;0.68;29/09/2026;05:00;15.6;0;SOLEIL;3;18.7;0
TOURS;47.39;0.68;29/09/2026;06:00;15.6;0;SOLEIL;3;18.0;0
TOURS;47.39;0.68;29/09/2026;07:00;15.6;0;SOLEIL;3;16.2;0
TOURS;47.39;0.68;29/09/2026;08:00;22;0;SOLEIL;3;15.1;0
TOURS;47.39;0.68;29/09/2026;09:00;22;0;SOLEIL;3;17.3;0
TOURS;47.39;0.68;29/09/2026;10:00;22;0;SOLEIL;3;21.2;0
TOURS;47.39;0.68;29/09/2026;11:00;27.1;0;SOLEIL;4;24.8;0
TOURS;47.39;0.68;29/09/2026;12:00;27.1;0;SOLEIL;4;28.4;0
TOURS;47.39;0.68;29/09/2026;13:00;27.1;0;SOLEIL;4;32.4;0
TOURS;47.39;0.68;29/09/2026;14:00;26.7;0;SOLEIL;4;34.9;0
TOURS;47.39;0.68;29/09/2026;15:00;26.7;0;SOLEIL;4;35.6;0
TOURS;47.39;0.68;29/09/2026;16:00;26.7;0;SOLEIL;4;35.3;0
TOURS;47.39;0.68;29/09/2026;17:00;25.7;0;SOLEIL;1;33.8;0
TOURS;47.39;0.68;29/09/2026;18:00;25.7;0;SOLEIL;1;30.2;0
TOURS;47.39;0.68;29/09/2026;19:00;25.7;0;SOLEIL;1;25.6;0
TOURS;47.39;0.68;29/09/2026;20:00;20.7;0;SOLEIL;5;22.0;0
TOURS;47.39;0.68;29/09/2026;21:00;19.3;0;SOLEIL;5;20.2;0
TOURS;47.39;0.68;29/09/2026;22:00;17.8;0;SOLEIL;5;19.4;0
TOURS;47.39;0.68;29/09/2026;23:00;19.2;2;NUAGEUX;4;19.1;0
TOURS;47.39;0.68;30/09/2026;00:00;19.2;2;NUAGEUX;4;19.4;0
TOURS;47.39;0.68;30/09/2026;01:00;19.2;2;NUAGEUX;4;20.2;0
TOURS;47.39;0.68;30/09/2026;02:00;18.7;7;PLUIE FAIBLE;5;20.9;0
TOURS;47.39;0.68;30/09/2026;03:00;18.7;7;PLUIE FAIBLE;5;20.9;0
TOURS;47.39;0.68;30/09/2026;04:00;18.7;7;PLUIE FAIBLE;5;20.2;0
TOURS;47.39;0.68;30/09/2026;05:00;20.1;2;NUAGEUX;3;19.8;0
TOURS;47.39;0.68;30/09/2026;06:00;20.1;2;NUAGEUX;3;18.7;0
TOURS;47.39;0.68;30/09/2026;07:00;20.1;2;NUAGEUX;3;17.6;0
TOURS;47.39;0.68;30/09/2026;08:00;20.4;7;PLUIE FAIBLE;5;18.0;0
TOURS;47.39;0.68;30/09/2026;09:00;21.3;7;PLUIE FAIBLE;5;21.2;0
TOURS;47.39;0.68;30/09/2026;10:00;22.1;7;PLUIE FAIBLE;5;25.9;0
TOURS;47.39;0.68;30/09/2026;11:00;25.2;7;PLUIE FAIBLE;5;29.5;0
TOURS;47.39;0.68;30/09/2026;12:00;25.2;7;PLUIE FAIBLE;5;31.7;0
TOURS;47.39;0.68;30/09/2026;13:00;25.2;7;PLUIE FAIBLE;5;33.1;0
TOURS;47.39;0.68;30/09/2026;14:00;25.5;7;PLUIE FAIBLE;5;33.5;0
TOURS;47.39;0.68;30/09/2026;15:00;26.4;7;PLUIE FAIBLE;5;31.7;0
TOURS;47.39;0.68;30/09/2026;16:00;25.5;7;PLUIE FAIBLE;5;28.8;0
TOURS;47.39;0.68;30/09/2026;17:00;21.4;6;AVERSES;2;26.3;0
TOURS;47.39;0.68;30/09/2026;18:00;21.4;6;AVERSES;2;24.8;0
TOURS;47.39;0.68;30/09/2026;19:00;21.4;6;AVERSES;2;24.1;0
TOURS;47.39;0.68;30/09/2026;20:00;22.1;7;PLUIE FAIBLE;5;22.3;0
TOURS;47.39;0.68;30/09/2026;21:00;21.3;7;PLUIE FAIBLE;5;19.1;0
TOURS;47.39;0.68;30/09/2026;22:00;20.4;7;PLUIE FAIBLE;5;15.5;0
TOURS;47.39;0.68;30/09/2026;23:00;17.6;7;PLUIE FAIBLE;2;12.6;0
TOURS;47.39;0.68;01/10/2026;00:00;17.6;7;PLUIE FAIBLE;2;10.1;0
TOURS;47.39;0.68;01/10/2026;01:00;17.6;7;PLUIE FAIBLE;2;9.2;0
TOURS;47.39;0.68;01/10/2026;02:00;14.7;7;PLUIE FAIBLE;5;8.8;0
TOURS;47.39;0.68;01/10/2026;03:00;14.7;7;PLUIE FAIBLE;5;7.9;0
TOURS;47.39;0.68;01/10/2026;04:00;14.7;7;PLUIE FAIBLE;5;7.6;0
TOURS;47.39;0.68;01/10/2026;05:00;15.6;7;PLUIE FAIBLE;2;7.6;0
TOURS;47.39;0.68;01/10/2026;06:00;15.6;7;PLUIE FAIBLE;2;7.2;0
TOURS;47.39;0.68;01/10/2026;07:00;15.6;7;PLUIE FAIBLE;2;6.8;0
TOURS;47.39;0.68;01/10/2026;08:00;16.2;7;PLUIE FAIBLE;5;7.6;0
TOURS;47.39;0.68;01/10/2026;09:00;16.9;7;PLUIE FAIBLE;5;9.7;0
TOURS;47.39;0.68;01/10/2026;10:00;17.7;7;PLUIE FAIBLE;5;12.6;0
TOURS;47.39;0.68;01/10/2026;11:00;20.6;7;PLUIE FAIBLE;3;15.5;0
TOURS;47.39;0.68;01/10/2026;12:00;20.6;7;PLUIE FAIBLE;3;17.6;0
TOURS;47.39;0.68;01/10/2026;13:00;20.6;7;PLUIE FAIBLE;3;19.8;0
TOURS;47.39;0.68;01/10/2026;14:00;20.7;7;PLUIE FAIBLE;5;21.6;0
TOURS;47.39;0.68;01/10/2026;15:00;21.4;7;PLUIE FAIBLE;5;23.8;0
TOURS;47.39;0.68;01/10/2026;16:00;20.7;7;PLUIE FAIBLE;5;25.2;0
TOURS;47.39;0.68;01/10/2026;17:00;18.1;0;SOLEIL;2;25.9;0
TOURS;47.39;0.68;01/10/2026;18:00;18.1;0;SOLEIL;2;24.5;0
TOURS;47.39;0.68;01/10/2026;19:00;18.1;0;SOLEIL;2;22.0;0
TOURS;47.39;0.68;01/10/2026;20:00;17.7;7;PLUIE FAIBLE;5;19.1;0
TOURS;47.39;0.68;01/10/2026;21:00;16.9;7;PLUIE FAIBLE;5;15.5;0
TOURS;47.39;0.68;01/10/2026;22:00;16.2;7;PLUIE FAIBLE;5;11.2;0
TOURS;47.39;0.68;01/10/2026;23:00;13.6;0;SOLEIL;2;7.9;0
TOURS;47.39;0.68;02/10/2026;00:00;13.6;0;SOLEIL;2;6.8;0
TOURS;47.39;0.68;02/10/2026;01:00;13.6;0;SOLEIL;2;6.8;0
TOURS;47.39;0.68;02/10/2026;02:00;10.6;0;SOLEIL;5;6.5;0
TOURS;47.39;0.68;02/10/2026;03:00;10.6;0;SOLEIL;5;5.4;0
TOURS;47.39;0.68;02/10/2026;04:00;10.6;0;SOLEIL;5;4.7;0
TOURS;47.39;0.68;02/10/2026;05:00;11.7;0;SOLEIL;3;4.0;0
TOURS;47.39;0.68;02/10/2026;06:00;11.7;0;SOLEIL;3;4.3;0
TOURS;47.39;0.68;02/10/2026;07:00;11.7;0;SOLEIL;3;5.0;0
TOURS;47.39;0.68;02/10/2026;08:00;13.2;0;SOLEIL;5;5.4;0
TOURS;47.39;0.68;02/10/2026;09:00;14.4;0;SOLEIL;5;5.0;0
TOURS;47.39;0.68;02/10/2026;10:00;15.7;0;SOLEIL;5;4.7;0
TOURS;47.39;0.68;02/10/2026;11:00;21.1;0;SOLEIL;3;4.3;0
TOURS;47.39;0.68;02/10/2026;12:00;21.1;0;SOLEIL;3;5.0;0
TOURS;47.39;0.68;02/10/2026;13:00;21.1;0;SOLEIL;3;6.1;0
TOURS;47.39;0.68;02/10/2026;14:00;20.8;0;SOLEIL;5;6.8;0
TOURS;47.39;0.68;02/10/2026;15:00;22.1;0;SOLEIL;5;6.8;0
TOURS;47.39;0.68;02/10/2026;16:00;20.8;0;SOLEIL;5;6.8;0
TOURS;47.39;0.68;02/10/2026;17:00;18.1;0;SOLEIL;2;6.5;0
TOURS;47.39;0.68;02/10/2026;18:00;18.1;0;SOLEIL;2;6.5;0
TOURS;47.39;0.68;02/10/2026;19:00;18.1;0;SOLEIL;2;6.5;0
TOURS;47.39;0.68;02/10/2026;20:00;15.7;0;SOLEIL;5;6.1;0
TOURS;47.39;0.68;02/10/2026;21:00;14.4;0;SOLEIL;5;5.0;0
TOURS;47.39;0.68;02/10/2026;22:00;13.2;0;SOLEIL;5;4.0;0
TOURS;47.39;0.68;02/10/2026;23:00;13.7;0;SOLEIL;3;3.2;0
TOURS;47.39;0.68;03/10/2026;00:00;13.7;0;SOLEIL;3;3.6;0
TOURS;47.39;0.68;03/10/2026;01:00;13.7;0;SOLEIL;3;4.7;0
TOURS;47.39;0.68;03/10/2026;02:00;10.9;0;SOLEIL;5;5.4;0
TOURS;47.39;0.68;03/10/2026;03:00;10.9;0;SOLEIL;5;6.1;0
TOURS;47.39;0.68;03/10/2026;04:00;10.9;0;SOLEIL;5;6.5;0
TOURS;47.39;0.68;03/10/2026;05:00;12.1;0;SOLEIL;3;7.2;0
TOURS;47.39;0.68;03/10/2026;06:00;12.1;0;SOLEIL;3;7.6;0
TOURS;47.39;0.68;03/10/2026;07:00;12.1;0;SOLEIL;3;8.3;0
TOURS;47.39;0.68;03/10/2026;08:00;13.4;0;SOLEIL;5;10.1;0
TOURS;47.39;0.68;03/10/2026;09:00;14.6;0;SOLEIL;5;14.8;0
TOURS;47.39;0.68;03/10/2026;10:00;15.8;0;SOLEIL;5;20.9;0
TOURS;47.39;0.68;03/10/2026;11:00;21;0;SOLEIL;3;25.6;0
TOURS;47.39;0.68;03/10/2026;12:00;21;0;SOLEIL;3;28.2;0
TOURS;47.39;0.68;03/10/2026;13:00;21;0;SOLEIL;3;29.5;0
TOURS;47.39;0.68;03/10/2026;14:00;20.8;0;SOLEIL;5;31.1;0
TOURS;47.39;0.68;03/10/2026;15:00;22.0;0;SOLEIL;5;32.8;0
TOURS;47.39;0.68;03/10/2026;16:00;20.8;0;SOLEIL;5;33.1;0
TOURS;47.39;0.68;03/10/2026;17:00;18.5;0;SOLEIL;3;33.1;0
TOURS;47.39;0.68;03/10/2026;18:00;18.5;0;SOLEIL;3;33.1;0
TOURS;47.39;0.68;03/10/2026;19:00;18.5;0;SOLEIL;3;32.8;0
TOURS;47.39;0.68;03/10/2026;20:00;15.8;0;SOLEIL;5;32.0;0
TOURS;47.39;0.68;03/10/2026;21:00;14.6;0;SOLEIL;5;31.0;0
TOURS;47.39;0.68;03/10/2026;22:00;13.4;0;SOLEIL;5;29.2;0
TOURS;47.39;0.68;03/10/2026;23:00;14;0;SOLEIL;3;27.4;0
TOURS;47.39;0.68;04/10/2026;00:00;14;0;SOLEIL;3;25.6;0
TOURS;47.39;0.68;04/10/2026;01:00;14;0;SOLEIL;3;24.1;0
TOURS;47.39;0.68;04/10/2026;02:00;11.1;0;SOLEIL;5;23.0;0
TOURS;47.39;0.68;04/10/2026;03:00;11.1;0;SOLEIL;5;22.7;0
TOURS;47.39;0.68;04/10/2026;04:00;11.1;0;SOLEIL;5;22.3;0
TOURS;47.39;0.68;04/10/2026;05:00;12.1;0;SOLEIL;3;22.3;0
TOURS;47.39;0.68;04/10/2026;06:00;12.1;0;SOLEIL;3;22.7;0
TOURS;47.39;0.68;04/10/2026;07:00;12.1;0;SOLEIL;3;23.4;0
TOURS;47.39;0.68;04/10/2026;08:00;13.4;0;SOLEIL;5;24.1;0
TOURS;47.39;0.68;04/10/2026;09:00;14.6;0;SOLEIL;5;25.2;0
TOURS;47.39;0.68;04/10/2026;10:00;15.8;0;SOLEIL;5;27.0;0
TOURS;47.39;0.68;04/10/2026;11:00;20.6;0;SOLEIL;4;29.2;0
TOURS;47.39;0.68;04/10/2026;12:00;20.6;0;SOLEIL;4;31.0;0
TOURS;47.39;0.68;04/10/2026;13:00;20.6;0;SOLEIL;4;32.8;0
TOURS;47.39;0.68;04/10/2026;14:00;20.4;0;SOLEIL;5;33.8;0
TOURS;47.39;0.68;04/10/2026;15:00;21.6;0;SOLEIL;5;34.2;0
TOURS;47.39;0.68;04/10/2026;16:00;20.4;0;SOLEIL;5;34.6;0
TOURS;47.39;0.68;04/10/2026;17:00;18.1;0;SOLEIL;3;34.6;0
TOURS;47.39;0.68;04/10/2026;18:00;18.1;0;SOLEIL;3;33.8;0
TOURS;47.39;0.68;04/10/2026;19:00;18.1;0;SOLEIL;3;33.5;0
TOURS;47.39;0.68;04/10/2026;20:00;15.8;0;SOLEIL;5;32.8;0
TOURS;47.39;0.68;04/10/2026;21:00;14.6;0;SOLEIL;5;31.7;0
TOURS;47.39;0.68;04/10/2026;22:00;13.4;0;SOLEIL;5;30.2;0
TOURS;47.39;0.68;04/10/2026;23:00;13.9;0;SOLEIL;3;28.8;0
AUXERRE;47.79;3.57;27/09/2026;00:00;13.6;0;SOLEIL;1;6.1;0
AUXERRE;47.79;3.57;27/09/2026;01:00;12.6;0;SOLEIL;1;5.8;0
AUXERRE;47.79;3.57;27/09/2026;02:00;12.1;0;SOLEIL;0;6.1;0
AUXERRE;47.79;3.57;27/09/2026;03:00;12.2;0;SOLEIL;1;5.8;0
AUXERRE;47.79;3.57;27/09/2026;04:00;11.6;0;SOLEIL;1;5.8;0
AUXERRE;47.79;3.57;27/09/2026;05:00;11.6;0;SOLEIL;1;5.8;0
AUXERRE;47.79;3.57;27/09/2026;06:00;11.9;0;SOLEIL;2;6.1;0
AUXERRE;47.79;3.57;27/09/2026;07:00;13.6;0;SOLEIL;2;5.8;0
AUXERRE;47.79;3.57;27/09/2026;08:00;17.9;0;SOLEIL;2;6.5;0
AUXERRE;47.79;3.57;27/09/2026;09:00;21.6;0;SOLEIL;3;9.0;0
AUXERRE;47.79;3.57;27/09/2026;10:00;26.2;0;SOLEIL;4;11.5;0
AUXERRE;47.79;3.57;27/09/2026;11:00;28.6;0;SOLEIL;4;21.2;0
AUXERRE;47.79;3.57;27/09/2026;12:00;29.1;0;SOLEIL;4;22.3;0
AUXERRE;47.79;3.57;27/09/2026;13:00;29.8;5;SOLEIL VOILÉ;4;27.4;0
AUXERRE;47.79;3.57;27/09/2026;14:00;30.1;2;NUAGEUX;4;31.7;0
AUXERRE;47.79;3.57;27/09/2026;15:00;30;2;NUAGEUX;4;37.8;0
AUXERRE;47.79;3.57;27/09/2026;16:00;30.1;2;NUAGEUX;3;25.9;0
AUXERRE;47.79;3.57;27/09/2026;17:00;28.4;2;NUAGEUX;2;23.0;0
AUXERRE;47.79;3.57;27/09/2026;18:00;26.2;2;NUAGEUX;1;19.1;0
AUXERRE;47.79;3.57;27/09/2026;19:00;24;5;SOLEIL VOILÉ;1;10.4;0
AUXERRE;47.79;3.57;27/09/2026;20:00;21.9;5;SOLEIL VOILÉ;1;6.8;0
AUXERRE;47.79;3.57;27/09/2026;21:00;20.1;5;SOLEIL VOILÉ;1;8.3;0
AUXERRE;47.79;3.57;27/09/2026;22:00;19.1;5;SOLEIL VOILÉ;1;6.1;0
AUXERRE;47.79;3.57;27/09/2026;23:00;18.1;2;NUAGEUX;1;5.4;0
AUXERRE;47.79;3.57;28/09/2026;00:00;17.4;2;NUAGEUX;1;6.1;0
AUXERRE;47.79;3.57;28/09/2026;01:00;17.4;2;NUAGEUX;1;4.7;0
AUXERRE;47.79;3.57;28/09/2026;02:00;15.9;5;SOLEIL VOILÉ;2;5.4;0
AUXERRE;47.79;3.57;28/09/2026;03:00;15.9;5;SOLEIL VOILÉ;2;6.1;0
AUXERRE;47.79;3.57;28/09/2026;04:00;15.9;5;SOLEIL VOILÉ;2;5.6;0
AUXERRE;47.79;3.57;28/09/2026;05:00;15.1;2;NUAGEUX;2;6.0;0
AUXERRE;47.79;3.57;28/09/2026;06:00;15.1;2;NUAGEUX;2;5.8;0
AUXERRE;47.79;3.57;28/09/2026;07:00;15.1;2;NUAGEUX;2;5.4;0
AUXERRE;47.79;3.57;28/09/2026;08:00;22.1;5;SOLEIL VOILÉ;2;6.5;0
AUXERRE;47.79;3.57;28/09/2026;09:00;22.1;5;SOLEIL VOILÉ;2;5.8;0
AUXERRE;47.79;3.57;28/09/2026;10:00;22.1;5;SOLEIL VOILÉ;2;6.1;0
AUXERRE;47.79;3.57;28/09/2026;11:00;27.5;5;SOLEIL VOILÉ;2;9.4;0
AUXERRE;47.79;3.57;28/09/2026;12:00;27.5;5;SOLEIL VOILÉ;2;15.1;0
AUXERRE;47.79;3.57;28/09/2026;13:00;27.5;5;SOLEIL VOILÉ;2;16.2;0
AUXERRE;47.79;3.57;28/09/2026;14:00;28.6;5;SOLEIL VOILÉ;3;17.6;0
AUXERRE;47.79;3.57;28/09/2026;15:00;28.6;5;SOLEIL VOILÉ;3;16.6;0
AUXERRE;47.79;3.57;28/09/2026;16:00;28.6;5;SOLEIL VOILÉ;3;16.2;0
AUXERRE;47.79;3.57;28/09/2026;17:00;25;5;SOLEIL VOILÉ;3;11.2;0
AUXERRE;47.79;3.57;28/09/2026;18:00;25;5;SOLEIL VOILÉ;3;9.4;0
AUXERRE;47.79;3.57;28/09/2026;19:00;25;5;SOLEIL VOILÉ;3;15.5;0
AUXERRE;47.79;3.57;28/09/2026;20:00;19.9;5;SOLEIL VOILÉ;2;14.4;0
AUXERRE;47.79;3.57;28/09/2026;21:00;19.9;5;SOLEIL VOILÉ;2;9.0;0
AUXERRE;47.79;3.57;28/09/2026;22:00;19.9;5;SOLEIL VOILÉ;2;10.1;0
AUXERRE;47.79;3.57;28/09/2026;23:00;16.7;5;SOLEIL VOILÉ;3;11.9;0
AUXERRE;47.79;3.57;29/09/2026;00:00;16.7;5;SOLEIL VOILÉ;3;13.0;0
AUXERRE;47.79;3.57;29/09/2026;01:00;16.7;5;SOLEIL VOILÉ;3;14.0;0
AUXERRE;47.79;3.57;29/09/2026;02:00;16;5;SOLEIL VOILÉ;4;14.4;0
AUXERRE;47.79;3.57;29/09/2026;03:00;16;5;SOLEIL VOILÉ;4;15.1;0
AUXERRE;47.79;3.57;29/09/2026;04:00;16;5;SOLEIL VOILÉ;4;15.8;0
AUXERRE;47.79;3.57;29/09/2026;05:00;17.6;5;SOLEIL VOILÉ;4;15.5;0
AUXERRE;47.79;3.57;29/09/2026;06:00;17.6;5;SOLEIL VOILÉ;4;12.2;0
AUXERRE;47.79;3.57;29/09/2026;07:00;17.6;5;SOLEIL VOILÉ;4;7.9;0
AUXERRE;47.79;3.57;29/09/2026;08:00;24.1;0;SOLEIL;4;6.1;0
AUXERRE;47.79;3.57;29/09/2026;09:00;24.1;0;SOLEIL;4;10.4;0
AUXERRE;47.79;3.57;29/09/2026;10:00;24.1;0;SOLEIL;4;17.6;0
AUXERRE;47.79;3.57;29/09/2026;11:00;29.6;0;SOLEIL;4;24.1;0
AUXERRE;47.79;3.57;29/09/2026;12:00;29.6;0;SOLEIL;4;29.2;0
AUXERRE;47.79;3.57;29/09/2026;13:00;29.6;0;SOLEIL;4;33.5;0
AUXERRE;47.79;3.57;29/09/2026;14:00;30.1;0;SOLEIL;4;36.0;0
AUXERRE;47.79;3.57;29/09/2026;15:00;30.1;0;SOLEIL;4;35.6;0
AUXERRE;47.79;3.57;29/09/2026;16:00;30.1;0;SOLEIL;4;33.5;0
AUXERRE;47.79;3.57;29/09/2026;17:00;26.4;0;SOLEIL;3;31.7;0
AUXERRE;47.79;3.57;29/09/2026;18:00;26.4;0;SOLEIL;3;31.0;0
AUXERRE;47.79;3.57;29/09/2026;19:00;26.4;0;SOLEIL;3;30.2;0
AUXERRE;47.79;3.57;29/09/2026;20:00;22.4;0;SOLEIL;5;28.8;0
AUXERRE;47.79;3.57;29/09/2026;21:00;20.7;0;SOLEIL;5;25.2;0
AUXERRE;47.79;3.57;29/09/2026;22:00;19.0;0;SOLEIL;5;20.2;0
AUXERRE;47.79;3.57;29/09/2026;23:00;19.6;0;SOLEIL;5;16.9;0
AUXERRE;47.79;3.57;30/09/2026;00:00;19.6;0;SOLEIL;5;16.2;0
AUXERRE;47.79;3.57;30/09/2026;01:00;19.6;0;SOLEIL;5;16.9;0
AUXERRE;47.79;3.57;30/09/2026;02:00;17.7;2;NUAGEUX;5;17.3;0
AUXERRE;47.79;3.57;30/09/2026;03:00;17.7;2;NUAGEUX;5;17.3;0
AUXERRE;47.79;3.57;30/09/2026;04:00;17.7;2;NUAGEUX;5;16.9;0
AUXERRE;47.79;3.57;30/09/2026;05:00;18.7;2;NUAGEUX;5;16.2;0
AUXERRE;47.79;3.57;30/09/2026;06:00;18.7;2;NUAGEUX;5;13.7;0
AUXERRE;47.79;3.57;30/09/2026;07:00;18.7;2;NUAGEUX;5;10.4;0
AUXERRE;47.79;3.57;30/09/2026;08:00;20.2;2;NUAGEUX;5;10.4;0
AUXERRE;47.79;3.57;30/09/2026;09:00;21.5;2;NUAGEUX;5;16.9;0
AUXERRE;47.79;3.57;30/09/2026;10:00;22.8;2;NUAGEUX;5;27.0;0
AUXERRE;47.79;3.57;30/09/2026;11:00;27.7;2;NUAGEUX;4;34.2;0
AUXERRE;47.79;3.57;30/09/2026;12:00;27.7;2;NUAGEUX;4;36.7;0
AUXERRE;47.79;3.57;30/09/2026;13:00;27.7;2;NUAGEUX;4;36.7;0
AUXERRE;47.79;3.57;30/09/2026;14:00;27.8;2;NUAGEUX;5;35.6;0
AUXERRE;47.79;3.57;30/09/2026;15:00;29.1;2;NUAGEUX;5;33.8;0
AUXERRE;47.79;3.57;30/09/2026;16:00;27.8;2;NUAGEUX;5;31.0;0
AUXERRE;47.79;3.57;30/09/2026;17:00;23.6;7;PLUIE FAIBLE;3;27.7;0
AUXERRE;47.79;3.57;30/09/2026;18:00;23.6;7;PLUIE FAIBLE;3;23.4;0
AUXERRE;47.79;3.57;30/09/2026;19:00;23.6;7;PLUIE FAIBLE;3;18.7;0
AUXERRE;47.79;3.57;30/09/2026;20:00;22.8;2;NUAGEUX;5;14.8;0
AUXERRE;47.79;3.57;30/09/2026;21:00;21.5;2;NUAGEUX;5;12.2;0
AUXERRE;47.79;3.57;30/09/2026;22:00;20.2;2;NUAGEUX;5;10.4;0
AUXERRE;47.79;3.57;30/09/2026;23:00;19.2;6;AVERSES;3;10.8;0
AUXERRE;47.79;3.57;01/10/2026;00:00;19.2;6;AVERSES;3;14.5;0
AUXERRE;47.79;3.57;01/10/2026;01:00;19.2;6;AVERSES;3;19.4;0
AUXERRE;47.79;3.57;01/10/2026;02:00;15.5;7;PLUIE FAIBLE;5;21.7;0
AUXERRE;47.79;3.57;01/10/2026;03:00;15.5;7;PLUIE FAIBLE;5;19.8;0
AUXERRE;47.79;3.57;01/10/2026;04:00;15.5;7;PLUIE FAIBLE;5;17.6;0
AUXERRE;47.79;3.57;01/10/2026;05:00;17.1;7;PLUIE FAIBLE;3;15.1;0
AUXERRE;47.79;3.57;01/10/2026;06:00;17.1;7;PLUIE FAIBLE;3;11.9;0
AUXERRE;47.79;3.57;01/10/2026;07:00;17.1;7;PLUIE FAIBLE;3;9.0;0
AUXERRE;47.79;3.57;01/10/2026;08:00;16.6;7;PLUIE FAIBLE;5;10.4;0
AUXERRE;47.79;3.57;01/10/2026;09:00;17.2;7;PLUIE FAIBLE;5;22.0;0
AUXERRE;47.79;3.57;01/10/2026;10:00;17.8;7;PLUIE FAIBLE;5;37.8;0
AUXERRE;47.79;3.57;01/10/2026;11:00;19;7;PLUIE FAIBLE;3;46.8;0
AUXERRE;47.79;3.57;01/10/2026;12:00;19;7;PLUIE FAIBLE;3;41.4;0
AUXERRE;47.79;3.57;01/10/2026;13:00;19;7;PLUIE FAIBLE;3;28.8;0
AUXERRE;47.79;3.57;01/10/2026;14:00;20.0;7;PLUIE FAIBLE;5;19.1;0
AUXERRE;47.79;3.57;01/10/2026;15:00;20.6;7;PLUIE FAIBLE;5;16.2;0
AUXERRE;47.79;3.57;01/10/2026;16:00;20.0;7;PLUIE FAIBLE;5;16.2;0
AUXERRE;47.79;3.57;01/10/2026;17:00;18.5;7;PLUIE FAIBLE;2;16.6;0
AUXERRE;47.79;3.57;01/10/2026;18:00;18.5;7;PLUIE FAIBLE;2;16.9;0
AUXERRE;47.79;3.57;01/10/2026;19:00;18.5;7;PLUIE FAIBLE;2;18.0;0
AUXERRE;47.79;3.57;01/10/2026;20:00;17.8;7;PLUIE FAIBLE;5;18.4;0
AUXERRE;47.79;3.57;01/10/2026;21:00;17.2;7;PLUIE FAIBLE;5;18.0;0
AUXERRE;47.79;3.57;01/10/2026;22:00;16.6;7;PLUIE FAIBLE;5;17.3;0
AUXERRE;47.79;3.57;01/10/2026;23:00;13.9;0;SOLEIL;2;16.2;0
AUXERRE;47.79;3.57;02/10/2026;00:00;13.9;0;SOLEIL;2;15.1;0
AUXERRE;47.79;3.57;02/10/2026;01:00;13.9;0;SOLEIL;2;14.0;0
AUXERRE;47.79;3.57;02/10/2026;02:00;10.6;0;SOLEIL;5;13.0;0
AUXERRE;47.79;3.57;02/10/2026;03:00;10.6;0;SOLEIL;5;12.6;0
AUXERRE;47.79;3.57;02/10/2026;04:00;10.6;0;SOLEIL;5;12.6;0
AUXERRE;47.79;3.57;02/10/2026;05:00;11.6;0;SOLEIL;2;11.9;0
AUXERRE;47.79;3.57;02/10/2026;06:00;11.6;0;SOLEIL;2;10.1;0
AUXERRE;47.79;3.57;02/10/2026;07:00;11.6;0;SOLEIL;2;7.6;0
AUXERRE;47.79;3.57;02/10/2026;08:00;13.1;0;SOLEIL;5;6.8;0
AUXERRE;47.79;3.57;02/10/2026;09:00;14.4;0;SOLEIL;5;8.6;0
AUXERRE;47.79;3.57;02/10/2026;10:00;15.7;0;SOLEIL;5;12.2;0
AUXERRE;47.79;3.57;02/10/2026;11:00;20.9;0;SOLEIL;3;15.1;0
AUXERRE;47.79;3.57;02/10/2026;12:00;20.9;0;SOLEIL;3;16.6;0
AUXERRE;47.79;3.57;02/10/2026;13:00;20.9;0;SOLEIL;3;17.3;0
AUXERRE;47.79;3.57;02/10/2026;14:00;20.7;0;SOLEIL;5;18.4;0
AUXERRE;47.79;3.57;02/10/2026;15:00;22.0;0;SOLEIL;5;19.8;0
AUXERRE;47.79;3.57;02/10/2026;16:00;20.7;0;SOLEIL;5;21.6;0
AUXERRE;47.79;3.57;02/10/2026;17:00;18.4;0;SOLEIL;2;22.0;0
AUXERRE;47.79;3.57;02/10/2026;18:00;18.4;0;SOLEIL;2;20.9;0
AUXERRE;47.79;3.57;02/10/2026;19:00;18.4;0;SOLEIL;2;18.4;0
AUXERRE;47.79;3.57;02/10/2026;20:00;15.7;0;SOLEIL;5;15.8;0
AUXERRE;47.79;3.57;02/10/2026;21:00;14.4;0;SOLEIL;5;12.6;0
AUXERRE;47.79;3.57;02/10/2026;22:00;13.1;0;SOLEIL;5;8.6;0
AUXERRE;47.79;3.57;02/10/2026;23:00;12.9;0;SOLEIL;2;6.1;0
AUXERRE;47.79;3.57;03/10/2026;00:00;12.9;0;SOLEIL;2;5.4;0
AUXERRE;47.79;3.57;03/10/2026;01:00;12.9;0;SOLEIL;2;5.8;0
AUXERRE;47.79;3.57;03/10/2026;02:00;9.6;0;SOLEIL;5;6.1;0
AUXERRE;47.79;3.57;03/10/2026;03:00;9.6;0;SOLEIL;5;6.1;0
AUXERRE;47.79;3.57;03/10/2026;04:00;9.6;0;SOLEIL;5;6.1;0
AUXERRE;47.79;3.57;03/10/2026;05:00;10.9;0;SOLEIL;2;6.1;0
AUXERRE;47.79;3.57;03/10/2026;06:00;10.9;0;SOLEIL;2;5.4;0
AUXERRE;47.79;3.57;03/10/2026;07:00;10.9;0;SOLEIL;2;4.7;0
AUXERRE;47.79;3.57;03/10/2026;08:00;12.5;0;SOLEIL;5;5.4;0
AUXERRE;47.79;3.57;03/10/2026;09:00;13.9;0;SOLEIL;5;9.4;0
AUXERRE;47.79;3.57;03/10/2026;10:00;15.4;0;SOLEIL;5;15.5;0
AUXERRE;47.79;3.57;03/10/2026;11:00;21.4;0;SOLEIL;3;19.8;0
AUXERRE;47.79;3.57;03/10/2026;12:00;21.4;0;SOLEIL;3;21.6;0
AUXERRE;47.79;3.57;03/10/2026;13:00;21.4;0;SOLEIL;3;23.6;0
AUXERRE;47.79;3.57;03/10/2026;14:00;21.2;0;SOLEIL;5;26.0;0
AUXERRE;47.79;3.57;03/10/2026;15:00;22.6;0;SOLEIL;5;28.4;0
AUXERRE;47.79;3.57;03/10/2026;16:00;21.2;0;SOLEIL;5;29.2;0
AUXERRE;47.79;3.57;03/10/2026;17:00;18.9;0;SOLEIL;3;29.2;0
AUXERRE;47.79;3.57;03/10/2026;18:00;18.9;0;SOLEIL;3;28.8;0
AUXERRE;47.79;3.57;03/10/2026;19:00;18.9;0;SOLEIL;3;28.1;0
AUXERRE;47.79;3.57;03/10/2026;20:00;15.4;0;SOLEIL;5;27.0;0
AUXERRE;47.79;3.57;03/10/2026;21:00;13.9;0;SOLEIL;5;25.6;0
AUXERRE;47.79;3.57;03/10/2026;22:00;12.5;0;SOLEIL;5;23.4;0
AUXERRE;47.79;3.57;03/10/2026;23:00;13.1;0;SOLEIL;2;20.9;0
AUXERRE;47.79;3.57;04/10/2026;00:00;13.1;0;SOLEIL;2;18.4;0
AUXERRE;47.79;3.57;04/10/2026;01:00;13.1;0;SOLEIL;2;16.2;0
AUXERRE;47.79;3.57;04/10/2026;02:00;9.6;0;SOLEIL;5;14.4;0
AUXERRE;47.79;3.57;04/10/2026;03:00;9.6;0;SOLEIL;5;13.0;0
AUXERRE;47.79;3.57;04/10/2026;04:00;9.6;0;SOLEIL;5;11.5;0
AUXERRE;47.79;3.57;04/10/2026;05:00;11;0;SOLEIL;3;10.4;0
AUXERRE;47.79;3.57;04/10/2026;06:00;11;0;SOLEIL;3;9.7;0
AUXERRE;47.79;3.57;04/10/2026;07:00;11;0;SOLEIL;3;9.4;0
AUXERRE;47.79;3.57;04/10/2026;08:00;12.6;0;SOLEIL;5;9.7;0
AUXERRE;47.79;3.57;04/10/2026;09:00;14.1;0;SOLEIL;5;11.2;0
AUXERRE;47.79;3.57;04/10/2026;10:00;15.6;0;SOLEIL;5;13.7;0
AUXERRE;47.79;3.57;04/10/2026;11:00;22.2;0;SOLEIL;3;16.6;0
AUXERRE;47.79;3.57;04/10/2026;12:00;22.2;0;SOLEIL;3;19.4;0
AUXERRE;47.79;3.57;04/10/2026;13:00;22.2;0;SOLEIL;3;22.0;0
AUXERRE;47.79;3.57;04/10/2026;14:00;21.6;0;SOLEIL;5;23.8;0
AUXERRE;47.79;3.57;04/10/2026;15:00;23.1;0;SOLEIL;5;24.8;0
AUXERRE;47.79;3.57;04/10/2026;16:00;21.6;0;SOLEIL;5;25.2;0
AUXERRE;47.79;3.57;04/10/2026;17:00;17.1;0;SOLEIL;3;25.6;0
AUXERRE;47.79;3.57;04/10/2026;18:00;17.1;0;SOLEIL;3;25.6;0
AUXERRE;47.79;3.57;04/10/2026;19:00;17.1;0;SOLEIL;3;25.2;0
AUXERRE;47.79;3.57;04/10/2026;20:00;15.6;0;SOLEIL;5;24.5;0
AUXERRE;47.79;3.57;04/10/2026;21:00;14.1;0;SOLEIL;5;23.4;0
AUXERRE;47.79;3.57;04/10/2026;22:00;12.6;0;SOLEIL;5;22.3;0
AUXERRE;47.79;3.57;04/10/2026;23:00;12.9;0;SOLEIL;2;20.5;0
CHAUMONT;48.11;5.14;27/09/2026;00:00;11.5;0;SOLEIL;1;5.8;0
CHAUMONT;48.11;5.14;27/09/2026;01:00;9.9;0;SOLEIL;1;6.8;0
CHAUMONT;48.11;5.14;27/09/2026;02:00;9.1;0;SOLEIL;1;7.6;0
CHAUMONT;48.11;5.14;27/09/2026;03:00;9.4;0;SOLEIL;2;7.2;0
CHAUMONT;48.11;5.14;27/09/2026;04:00;9.6;0;SOLEIL;2;7.9;0
CHAUMONT;48.11;5.14;27/09/2026;05:00;10.4;0;SOLEIL;3;7.9;0
CHAUMONT;48.11;5.14;27/09/2026;06:00;11.8;0;SOLEIL;3;7.6;0
CHAUMONT;48.11;5.14;27/09/2026;07:00;14.3;0;SOLEIL;4;8.6;0
CHAUMONT;48.11;5.14;27/09/2026;08:00;17.1;0;SOLEIL;4;9.0;0
CHAUMONT;48.11;5.14;27/09/2026;09:00;21.5;0;SOLEIL;3;16.9;0
CHAUMONT;48.11;5.14;27/09/2026;10:00;25;0;SOLEIL;4;26.3;0
CHAUMONT;48.11;5.14;27/09/2026;11:00;27.1;0;SOLEIL;4;26.3;0
CHAUMONT;48.11;5.14;27/09/2026;12:00;29.1;0;SOLEIL;4;25.6;0
CHAUMONT;48.11;5.14;27/09/2026;13:00;29.7;0;SOLEIL;4;27.7;0
CHAUMONT;48.11;5.14;27/09/2026;14:00;29.5;0;SOLEIL;4;29.9;0
CHAUMONT;48.11;5.14;27/09/2026;15:00;28.6;5;SOLEIL VOILÉ;3;34.9;0
CHAUMONT;48.11;5.14;27/09/2026;16:00;27.6;5;SOLEIL VOILÉ;3;32.8;0
CHAUMONT;48.11;5.14;27/09/2026;17:00;25.5;2;NUAGEUX;2;32.0;0
CHAUMONT;48.11;5.14;27/09/2026;18:00;23.6;2;NUAGEUX;3;24.8;0
CHAUMONT;48.11;5.14;27/09/2026;19:00;21.2;2;NUAGEUX;2;21.2;0
CHAUMONT;48.11;5.14;27/09/2026;20:00;19.6;2;NUAGEUX;2;8.3;0
CHAUMONT;48.11;5.14;27/09/2026;21:00;18.5;2;NUAGEUX;2;4.7;0
CHAUMONT;48.11;5.14;27/09/2026;22:00;17.7;2;NUAGEUX;2;9.4;0
CHAUMONT;48.11;5.14;27/09/2026;23:00;16.9;5;SOLEIL VOILÉ;2;8.6;0
CHAUMONT;48.11;5.14;28/09/2026;00:00;16.4;2;NUAGEUX;2;10.4;0
CHAUMONT;48.11;5.14;28/09/2026;01:00;16.4;2;NUAGEUX;2;11.9;0
CHAUMONT;48.11;5.14;28/09/2026;02:00;14.1;5;SOLEIL VOILÉ;3;13.7;0
CHAUMONT;48.11;5.14;28/09/2026;03:00;14.1;5;SOLEIL VOILÉ;3;14.2;0
CHAUMONT;48.11;5.14;28/09/2026;04:00;14.1;5;SOLEIL VOILÉ;3;12.6;0
CHAUMONT;48.11;5.14;28/09/2026;05:00;13.9;5;SOLEIL VOILÉ;3;12.7;0
CHAUMONT;48.11;5.14;28/09/2026;06:00;13.9;5;SOLEIL VOILÉ;3;9.7;0
CHAUMONT;48.11;5.14;28/09/2026;07:00;13.9;5;SOLEIL VOILÉ;3;9.7;0
CHAUMONT;48.11;5.14;28/09/2026;08:00;22.6;5;SOLEIL VOILÉ;2;9.4;0
CHAUMONT;48.11;5.14;28/09/2026;09:00;22.6;5;SOLEIL VOILÉ;2;9.0;0
CHAUMONT;48.11;5.14;28/09/2026;10:00;22.6;5;SOLEIL VOILÉ;2;17.6;0
CHAUMONT;48.11;5.14;28/09/2026;11:00;27.2;5;SOLEIL VOILÉ;3;17.6;0
CHAUMONT;48.11;5.14;28/09/2026;12:00;27.2;5;SOLEIL VOILÉ;3;18.0;0
CHAUMONT;48.11;5.14;28/09/2026;13:00;27.2;5;SOLEIL VOILÉ;3;18.0;0
CHAUMONT;48.11;5.14;28/09/2026;14:00;27.6;5;SOLEIL VOILÉ;3;19.4;0
CHAUMONT;48.11;5.14;28/09/2026;15:00;27.6;5;SOLEIL VOILÉ;3;23.0;0
CHAUMONT;48.11;5.14;28/09/2026;16:00;27.6;5;SOLEIL VOILÉ;3;25.9;0
CHAUMONT;48.11;5.14;28/09/2026;17:00;23.1;5;SOLEIL VOILÉ;2;27.7;0
CHAUMONT;48.11;5.14;28/09/2026;18:00;23.1;5;SOLEIL VOILÉ;2;26.6;0
CHAUMONT;48.11;5.14;28/09/2026;19:00;23.1;5;SOLEIL VOILÉ;2;22.0;0
CHAUMONT;48.11;5.14;28/09/2026;20:00;16.1;5;SOLEIL VOILÉ;3;13.7;0
CHAUMONT;48.11;5.14;28/09/2026;21:00;16.1;5;SOLEIL VOILÉ;3;10.4;0
CHAUMONT;48.11;5.14;28/09/2026;22:00;16.1;5;SOLEIL VOILÉ;3;9.4;0
CHAUMONT;48.11;5.14;28/09/2026;23:00;14.2;5;SOLEIL VOILÉ;4;10.4;0
CHAUMONT;48.11;5.14;29/09/2026;00:00;14.2;5;SOLEIL VOILÉ;4;12.6;0
CHAUMONT;48.11;5.14;29/09/2026;01:00;14.2;5;SOLEIL VOILÉ;4;14.0;0
CHAUMONT;48.11;5.14;29/09/2026;02:00;13.6;5;SOLEIL VOILÉ;4;15.8;0
CHAUMONT;48.11;5.14;29/09/2026;03:00;13.6;5;SOLEIL VOILÉ;4;16.2;0
CHAUMONT;48.11;5.14;29/09/2026;04:00;13.6;5;SOLEIL VOILÉ;4;15.8;0
CHAUMONT;48.11;5.14;29/09/2026;05:00;14;5;SOLEIL VOILÉ;4;14.0;0
CHAUMONT;48.11;5.14;29/09/2026;06:00;14;5;SOLEIL VOILÉ;4;13.7;0
CHAUMONT;48.11;5.14;29/09/2026;07:00;14;5;SOLEIL VOILÉ;4;15.1;0
CHAUMONT;48.11;5.14;29/09/2026;08:00;23.1;5;SOLEIL VOILÉ;4;18.0;0
CHAUMONT;48.11;5.14;29/09/2026;09:00;23.1;5;SOLEIL VOILÉ;4;24.8;0
CHAUMONT;48.11;5.14;29/09/2026;10:00;23.1;5;SOLEIL VOILÉ;4;33.8;0
CHAUMONT;48.11;5.14;29/09/2026;11:00;27.7;0;SOLEIL;5;40.7;0
CHAUMONT;48.11;5.14;29/09/2026;12:00;27.7;0;SOLEIL;5;43.2;0
CHAUMONT;48.11;5.14;29/09/2026;13:00;27.7;0;SOLEIL;5;43.9;0
CHAUMONT;48.11;5.14;29/09/2026;14:00;28;0;SOLEIL;5;43.9;0
CHAUMONT;48.11;5.14;29/09/2026;15:00;28;0;SOLEIL;5;44.6;0
CHAUMONT;48.11;5.14;29/09/2026;16:00;28;0;SOLEIL;5;45.0;0
CHAUMONT;48.11;5.14;29/09/2026;17:00;24.1;0;SOLEIL;3;42.8;0
CHAUMONT;48.11;5.14;29/09/2026;18:00;24.1;0;SOLEIL;3;36.4;0
CHAUMONT;48.11;5.14;29/09/2026;19:00;24.1;0;SOLEIL;3;27.4;0
CHAUMONT;48.11;5.14;29/09/2026;20:00;19.9;2;NUAGEUX;5;20.5;0
CHAUMONT;48.11;5.14;29/09/2026;21:00;18.1;2;NUAGEUX;5;18.0;0
CHAUMONT;48.11;5.14;29/09/2026;22:00;16.3;2;NUAGEUX;5;18.0;0
CHAUMONT;48.11;5.14;29/09/2026;23:00;17.1;0;SOLEIL;5;17.3;0
CHAUMONT;48.11;5.14;30/09/2026;00:00;17.1;0;SOLEIL;5;15.1;0
CHAUMONT;48.11;5.14;30/09/2026;01:00;17.1;0;SOLEIL;5;13.0;0
CHAUMONT;48.11;5.14;30/09/2026;02:00;14;2;NUAGEUX;5;11.2;0
CHAUMONT;48.11;5.14;30/09/2026;03:00;14;2;NUAGEUX;5;10.4;0
CHAUMONT;48.11;5.14;30/09/2026;04:00;14;2;NUAGEUX;5;10.1;0
CHAUMONT;48.11;5.14;30/09/2026;05:00;15.6;2;NUAGEUX;5;10.1;0
CHAUMONT;48.11;5.14;30/09/2026;06:00;15.6;2;NUAGEUX;5;9.4;0
CHAUMONT;48.11;5.14;30/09/2026;07:00;15.6;2;NUAGEUX;5;9.0;0
CHAUMONT;48.11;5.14;30/09/2026;08:00;17.1;2;NUAGEUX;5;11.5;0
CHAUMONT;48.11;5.14;30/09/2026;09:00;18.7;2;NUAGEUX;5;18.7;0
CHAUMONT;48.11;5.14;30/09/2026;10:00;20.3;2;NUAGEUX;5;28.8;0
CHAUMONT;48.11;5.14;30/09/2026;11:00;26.7;2;NUAGEUX;5;37.4;0
CHAUMONT;48.11;5.14;30/09/2026;12:00;26.7;2;NUAGEUX;5;43.6;0
CHAUMONT;48.11;5.14;30/09/2026;13:00;26.7;2;NUAGEUX;5;48.6;0
CHAUMONT;48.11;5.14;30/09/2026;14:00;26.5;2;NUAGEUX;5;50.8;0
CHAUMONT;48.11;5.14;30/09/2026;15:00;28.1;2;NUAGEUX;5;49.7;0
CHAUMONT;48.11;5.14;30/09/2026;16:00;26.5;2;NUAGEUX;5;46.1;0
CHAUMONT;48.11;5.14;30/09/2026;17:00;22.6;2;NUAGEUX;3;41.8;0
CHAUMONT;48.11;5.14;30/09/2026;18:00;22.6;2;NUAGEUX;3;37.1;0
CHAUMONT;48.11;5.14;30/09/2026;19:00;22.6;2;NUAGEUX;3;32.0;0
CHAUMONT;48.11;5.14;30/09/2026;20:00;20.3;2;NUAGEUX;5;27.0;0
CHAUMONT;48.11;5.14;30/09/2026;21:00;18.7;2;NUAGEUX;5;22.7;0
CHAUMONT;48.11;5.14;30/09/2026;22:00;17.1;2;NUAGEUX;5;19.1;0
CHAUMONT;48.11;5.14;30/09/2026;23:00;18.6;7;PLUIE FAIBLE;3;15.5;0
CHAUMONT;48.11;5.14;01/10/2026;00:00;18.6;7;PLUIE FAIBLE;3;11.9;0
CHAUMONT;48.11;5.14;01/10/2026;01:00;18.6;7;PLUIE FAIBLE;3;8.5;0
CHAUMONT;48.11;5.14;01/10/2026;02:00;14.9;7;PLUIE FAIBLE;5;6.0;0
CHAUMONT;48.11;5.14;01/10/2026;03:00;14.9;7;PLUIE FAIBLE;5;5.0;0
CHAUMONT;48.11;5.14;01/10/2026;04:00;14.9;7;PLUIE FAIBLE;5;5.8;0
CHAUMONT;48.11;5.14;01/10/2026;05:00;16.7;6;AVERSES;3;6.8;0
CHAUMONT;48.11;5.14;01/10/2026;06:00;16.7;6;AVERSES;3;9.0;0
CHAUMONT;48.11;5.14;01/10/2026;07:00;16.7;6;AVERSES;3;11.9;0
CHAUMONT;48.11;5.14;01/10/2026;08:00;16.2;7;PLUIE FAIBLE;5;14.0;0
CHAUMONT;48.11;5.14;01/10/2026;09:00;16.9;7;PLUIE FAIBLE;5;14.8;0
CHAUMONT;48.11;5.14;01/10/2026;10:00;17.6;7;PLUIE FAIBLE;5;14.4;0
CHAUMONT;48.11;5.14;01/10/2026;11:00;20;7;PLUIE FAIBLE;3;15.8;0
CHAUMONT;48.11;5.14;01/10/2026;12:00;20;7;PLUIE FAIBLE;3;20.2;0
CHAUMONT;48.11;5.14;01/10/2026;13:00;20;7;PLUIE FAIBLE;3;25.6;0
CHAUMONT;48.11;5.14;01/10/2026;14:00;20.2;7;PLUIE FAIBLE;5;29.9;0
CHAUMONT;48.11;5.14;01/10/2026;15:00;20.9;7;PLUIE FAIBLE;5;32.0;0
CHAUMONT;48.11;5.14;01/10/2026;16:00;20.2;7;PLUIE FAIBLE;5;32.4;0
CHAUMONT;48.11;5.14;01/10/2026;17:00;16.1;7;PLUIE FAIBLE;3;31.0;0
CHAUMONT;48.11;5.14;01/10/2026;18:00;16.1;7;PLUIE FAIBLE;3;25.6;0
CHAUMONT;48.11;5.14;01/10/2026;19:00;16.1;7;PLUIE FAIBLE;3;18.4;0
CHAUMONT;48.11;5.14;01/10/2026;20:00;17.6;7;PLUIE FAIBLE;5;13.3;0
CHAUMONT;48.11;5.14;01/10/2026;21:00;16.9;7;PLUIE FAIBLE;5;13.7;0
CHAUMONT;48.11;5.14;01/10/2026;22:00;16.2;7;PLUIE FAIBLE;5;16.6;0
CHAUMONT;48.11;5.14;01/10/2026;23:00;13.1;2;NUAGEUX;3;18.7;0
CHAUMONT;48.11;5.14;02/10/2026;00:00;13.1;2;NUAGEUX;3;18.7;0
CHAUMONT;48.11;5.14;02/10/2026;01:00;13.1;2;NUAGEUX;3;18.4;0
CHAUMONT;48.11;5.14;02/10/2026;02:00;10.2;0;SOLEIL;5;18.4;0
CHAUMONT;48.11;5.14;02/10/2026;03:00;10.2;0;SOLEIL;5;19.4;0
CHAUMONT;48.11;5.14;02/10/2026;04:00;10.2;0;SOLEIL;5;21.2;0
CHAUMONT;48.11;5.14;02/10/2026;05:00;11.4;0;SOLEIL;3;22.0;0
CHAUMONT;48.11;5.14;02/10/2026;06:00;11.4;0;SOLEIL;3;21.2;0
CHAUMONT;48.11;5.14;02/10/2026;07:00;11.4;0;SOLEIL;3;19.4;0
CHAUMONT;48.11;5.14;02/10/2026;08:00;12.4;0;SOLEIL;5;18.7;0
CHAUMONT;48.11;5.14;02/10/2026;09:00;13.4;0;SOLEIL;5;19.4;0
CHAUMONT;48.11;5.14;02/10/2026;10:00;14.5;0;SOLEIL;5;20.9;0
CHAUMONT;48.11;5.14;02/10/2026;11:00;19.1;7;PLUIE FAIBLE;3;22.3;0
CHAUMONT;48.11;5.14;02/10/2026;12:00;19.1;7;PLUIE FAIBLE;3;23.0;0
CHAUMONT;48.11;5.14;02/10/2026;13:00;19.1;7;PLUIE FAIBLE;3;23.4;0
CHAUMONT;48.11;5.14;02/10/2026;14:00;18.8;0;SOLEIL;5;23.8;0
CHAUMONT;48.11;5.14;02/10/2026;15:00;19.9;0;SOLEIL;5;23.8;0
CHAUMONT;48.11;5.14;02/10/2026;16:00;18.8;0;SOLEIL;5;23.4;0
CHAUMONT;48.11;5.14;02/10/2026;17:00;15.7;0;SOLEIL;2;22.7;0
CHAUMONT;48.11;5.14;02/10/2026;18:00;15.7;0;SOLEIL;2;21.2;0
CHAUMONT;48.11;5.14;02/10/2026;19:00;15.7;0;SOLEIL;2;19.4;0
CHAUMONT;48.11;5.14;02/10/2026;20:00;14.5;0;SOLEIL;5;17.3;0
CHAUMONT;48.11;5.14;02/10/2026;21:00;13.4;0;SOLEIL;5;14.4;0
CHAUMONT;48.11;5.14;02/10/2026;22:00;12.4;0;SOLEIL;5;11.2;0
CHAUMONT;48.11;5.14;02/10/2026;23:00;11.5;0;SOLEIL;3;8.6;0
CHAUMONT;48.11;5.14;03/10/2026;00:00;11.5;0;SOLEIL;3;7.6;0
CHAUMONT;48.11;5.14;03/10/2026;01:00;11.5;0;SOLEIL;3;7.6;0
CHAUMONT;48.11;5.14;03/10/2026;02:00;9.1;0;SOLEIL;5;7.6;0
CHAUMONT;48.11;5.14;03/10/2026;03:00;9.1;0;SOLEIL;5;7.9;0
CHAUMONT;48.11;5.14;03/10/2026;04:00;9.1;0;SOLEIL;5;8.6;0
CHAUMONT;48.11;5.14;03/10/2026;05:00;10.7;0;SOLEIL;3;9.7;0
CHAUMONT;48.11;5.14;03/10/2026;06:00;10.7;0;SOLEIL;3;10.4;0
CHAUMONT;48.11;5.14;03/10/2026;07:00;10.7;0;SOLEIL;3;11.2;0
CHAUMONT;48.11;5.14;03/10/2026;08:00;11.9;0;SOLEIL;5;13.0;0
CHAUMONT;48.11;5.14;03/10/2026;09:00;13.3;0;SOLEIL;5;17.6;0
CHAUMONT;48.11;5.14;03/10/2026;10:00;14.7;0;SOLEIL;5;23.4;0
CHAUMONT;48.11;5.14;03/10/2026;11:00;20.9;0;SOLEIL;3;27.4;0
CHAUMONT;48.11;5.14;03/10/2026;12:00;20.9;0;SOLEIL;3;26.0;0
CHAUMONT;48.11;5.14;03/10/2026;13:00;20.9;0;SOLEIL;3;24.1;0
CHAUMONT;48.11;5.14;03/10/2026;14:00;20.2;0;SOLEIL;5;23.2;0
CHAUMONT;48.11;5.14;03/10/2026;15:00;21.6;0;SOLEIL;5;22.7;0
CHAUMONT;48.11;5.14;03/10/2026;16:00;20.2;0;SOLEIL;5;23.0;0
CHAUMONT;48.11;5.14;03/10/2026;17:00;16;0;SOLEIL;3;23.0;0
CHAUMONT;48.11;5.14;03/10/2026;18:00;16;0;SOLEIL;3;22.7;0
CHAUMONT;48.11;5.14;03/10/2026;19:00;16;0;SOLEIL;3;22.3;0
CHAUMONT;48.11;5.14;03/10/2026;20:00;14.7;0;SOLEIL;5;22.0;0
CHAUMONT;48.11;5.14;03/10/2026;21:00;13.3;0;SOLEIL;5;21.2;0
CHAUMONT;48.11;5.14;03/10/2026;22:00;11.9;0;SOLEIL;5;20.2;0
CHAUMONT;48.11;5.14;03/10/2026;23:00;11.6;0;SOLEIL;3;18.7;0
CHAUMONT;48.11;5.14;04/10/2026;00:00;11.6;0;SOLEIL;3;17.6;0
CHAUMONT;48.11;5.14;04/10/2026;01:00;11.6;0;SOLEIL;3;16.6;0
CHAUMONT;48.11;5.14;04/10/2026;02:00;8.9;0;SOLEIL;5;15.8;0
CHAUMONT;48.11;5.14;04/10/2026;03:00;8.9;0;SOLEIL;5;15.5;0
CHAUMONT;48.11;5.14;04/10/2026;04:00;8.9;0;SOLEIL;5;15.5;0
CHAUMONT;48.11;5.14;04/10/2026;05:00;10.4;0;SOLEIL;3;15.8;0
CHAUMONT;48.11;5.14;04/10/2026;06:00;10.4;0;SOLEIL;3;16.2;0
CHAUMONT;48.11;5.14;04/10/2026;07:00;10.4;0;SOLEIL;3;16.6;0
CHAUMONT;48.11;5.14;04/10/2026;08:00;11.6;0;SOLEIL;5;17.3;0
CHAUMONT;48.11;5.14;04/10/2026;09:00;13.0;0;SOLEIL;5;18.4;0
CHAUMONT;48.11;5.14;04/10/2026;10:00;14.3;0;SOLEIL;5;19.8;0
CHAUMONT;48.11;5.14;04/10/2026;11:00;20.6;0;SOLEIL;4;21.2;0
CHAUMONT;48.11;5.14;04/10/2026;12:00;20.6;0;SOLEIL;4;23.0;0
CHAUMONT;48.11;5.14;04/10/2026;13:00;20.6;0;SOLEIL;4;24.1;0
CHAUMONT;48.11;5.14;04/10/2026;14:00;19.7;0;SOLEIL;5;24.8;0
CHAUMONT;48.11;5.14;04/10/2026;15:00;21.1;0;SOLEIL;5;24.8;0
CHAUMONT;48.11;5.14;04/10/2026;16:00;19.7;0;SOLEIL;5;24.5;0
CHAUMONT;48.11;5.14;04/10/2026;17:00;14.7;0;SOLEIL;3;23.8;0
CHAUMONT;48.11;5.14;04/10/2026;18:00;14.7;0;SOLEIL;3;23.0;0
CHAUMONT;48.11;5.14;04/10/2026;19:00;14.7;0;SOLEIL;3;22.3;0
CHAUMONT;48.11;5.14;04/10/2026;20:00;14.3;0;SOLEIL;5;21.6;0
CHAUMONT;48.11;5.14;04/10/2026;21:00;13.0;0;SOLEIL;5;21.2;0
CHAUMONT;48.11;5.14;04/10/2026;22:00;11.6;0;SOLEIL;5;20.5;0
CHAUMONT;48.11;5.14;04/10/2026;23:00;11;0;SOLEIL;3;20.2;0
STRASBOURG;48.57;7.75;27/09/2026;00:00;14.4;0;SOLEIL;1;1.8;0
STRASBOURG;48.57;7.75;27/09/2026;01:00;13.5;0;SOLEIL;2;2.9;0
STRASBOURG;48.57;7.75;27/09/2026;02:00;13.1;0;SOLEIL;1;2.5;0
STRASBOURG;48.57;7.75;27/09/2026;03:00;12.1;0;SOLEIL;1;5.0;0
STRASBOURG;48.57;7.75;27/09/2026;04:00;12.1;0;SOLEIL;1;6.1;0
STRASBOURG;48.57;7.75;27/09/2026;05:00;11.6;0;SOLEIL;1;5.8;0
STRASBOURG;48.57;7.75;27/09/2026;06:00;12.1;0;SOLEIL;1;5.8;0
STRASBOURG;48.57;7.75;27/09/2026;07:00;13.6;0;SOLEIL;1;5.4;0
STRASBOURG;48.57;7.75;27/09/2026;08:00;17.6;0;SOLEIL;1;5.8;0
STRASBOURG;48.57;7.75;27/09/2026;09:00;19.9;0;SOLEIL;2;6.1;0
STRASBOURG;48.57;7.75;27/09/2026;10:00;22.7;0;SOLEIL;2;6.1;0
STRASBOURG;48.57;7.75;27/09/2026;11:00;24.6;0;SOLEIL;2;9.4;0
STRASBOURG;48.57;7.75;27/09/2026;12:00;26.2;0;SOLEIL;3;10.1;0
STRASBOURG;48.57;7.75;27/09/2026;13:00;27.5;0;SOLEIL;3;13.7;0
STRASBOURG;48.57;7.75;27/09/2026;14:00;28.4;0;SOLEIL;3;15.5;0
STRASBOURG;48.57;7.75;27/09/2026;15:00;28.7;0;SOLEIL;3;16.2;0
STRASBOURG;48.57;7.75;27/09/2026;16:00;27.9;0;SOLEIL;3;16.9;0
STRASBOURG;48.57;7.75;27/09/2026;17:00;25.1;0;SOLEIL;3;18.4;0
STRASBOURG;48.57;7.75;27/09/2026;18:00;22.4;0;SOLEIL;2;19.8;0
STRASBOURG;48.57;7.75;27/09/2026;19:00;20.6;0;SOLEIL;2;22.0;0
STRASBOURG;48.57;7.75;27/09/2026;20:00;19.6;0;SOLEIL;2;15.1;0
STRASBOURG;48.57;7.75;27/09/2026;21:00;19;0;SOLEIL;2;11.5;0
STRASBOURG;48.57;7.75;27/09/2026;22:00;18.2;0;SOLEIL;2;8.3;0
STRASBOURG;48.57;7.75;27/09/2026;23:00;17.6;0;SOLEIL;2;9.4;0
STRASBOURG;48.57;7.75;28/09/2026;00:00;17.1;5;SOLEIL VOILÉ;1;9.0;0
STRASBOURG;48.57;7.75;28/09/2026;01:00;17.1;5;SOLEIL VOILÉ;1;9.4;0
STRASBOURG;48.57;7.75;28/09/2026;02:00;14.9;0;SOLEIL;1;9.7;0
STRASBOURG;48.57;7.75;28/09/2026;03:00;14.9;0;SOLEIL;1;9.8;0
STRASBOURG;48.57;7.75;28/09/2026;04:00;14.9;0;SOLEIL;1;9.2;0
STRASBOURG;48.57;7.75;28/09/2026;05:00;14.4;0;SOLEIL;0;8.3;0
STRASBOURG;48.57;7.75;28/09/2026;06:00;14.4;0;SOLEIL;0;7.2;0
STRASBOURG;48.57;7.75;28/09/2026;07:00;14.4;0;SOLEIL;0;3.2;0
STRASBOURG;48.57;7.75;28/09/2026;08:00;20.6;5;SOLEIL VOILÉ;0;2.2;0
STRASBOURG;48.57;7.75;28/09/2026;09:00;20.6;5;SOLEIL VOILÉ;0;5.0;0
STRASBOURG;48.57;7.75;28/09/2026;10:00;20.6;5;SOLEIL VOILÉ;0;7.9;0
STRASBOURG;48.57;7.75;28/09/2026;11:00;26.1;5;SOLEIL VOILÉ;1;7.6;0
STRASBOURG;48.57;7.75;28/09/2026;12:00;26.1;5;SOLEIL VOILÉ;1;11.5;0
STRASBOURG;48.57;7.75;28/09/2026;13:00;26.1;5;SOLEIL VOILÉ;1;18.7;0
STRASBOURG;48.57;7.75;28/09/2026;14:00;27.9;5;SOLEIL VOILÉ;2;19.8;0
STRASBOURG;48.57;7.75;28/09/2026;15:00;27.9;5;SOLEIL VOILÉ;2;19.8;0
STRASBOURG;48.57;7.75;28/09/2026;16:00;27.9;5;SOLEIL VOILÉ;2;21.2;0
STRASBOURG;48.57;7.75;28/09/2026;17:00;22.7;5;SOLEIL VOILÉ;2;23.8;0
STRASBOURG;48.57;7.75;28/09/2026;18:00;22.7;5;SOLEIL VOILÉ;2;24.1;0
STRASBOURG;48.57;7.75;28/09/2026;19:00;22.7;5;SOLEIL VOILÉ;2;21.6;0
STRASBOURG;48.57;7.75;28/09/2026;20:00;19.4;5;SOLEIL VOILÉ;3;15.8;0
STRASBOURG;48.57;7.75;28/09/2026;21:00;19.4;5;SOLEIL VOILÉ;3;16.2;0
STRASBOURG;48.57;7.75;28/09/2026;22:00;19.4;5;SOLEIL VOILÉ;3;13.0;0
STRASBOURG;48.57;7.75;28/09/2026;23:00;16.6;5;SOLEIL VOILÉ;2;9.0;0
STRASBOURG;48.57;7.75;29/09/2026;00:00;16.6;5;SOLEIL VOILÉ;2;7.6;0
STRASBOURG;48.57;7.75;29/09/2026;01:00;16.6;5;SOLEIL VOILÉ;2;8.6;0
STRASBOURG;48.57;7.75;29/09/2026;02:00;15.1;5;SOLEIL VOILÉ;2;9.7;0
STRASBOURG;48.57;7.75;29/09/2026;03:00;15.1;5;SOLEIL VOILÉ;2;10.4;0
STRASBOURG;48.57;7.75;29/09/2026;04:00;15.1;5;SOLEIL VOILÉ;2;10.4;0
STRASBOURG;48.57;7.75;29/09/2026;05:00;14;5;SOLEIL VOILÉ;1;8.6;0
STRASBOURG;48.57;7.75;29/09/2026;06:00;14;5;SOLEIL VOILÉ;1;8.3;0
STRASBOURG;48.57;7.75;29/09/2026;07:00;14;5;SOLEIL VOILÉ;1;8.3;0
STRASBOURG;48.57;7.75;29/09/2026;08:00;20.6;5;SOLEIL VOILÉ;1;7.2;0
STRASBOURG;48.57;7.75;29/09/2026;09:00;20.6;5;SOLEIL VOILÉ;1;8.3;0
STRASBOURG;48.57;7.75;29/09/2026;10:00;20.6;5;SOLEIL VOILÉ;1;9.7;0
STRASBOURG;48.57;7.75;29/09/2026;11:00;24.6;5;SOLEIL VOILÉ;1;11.2;0
STRASBOURG;48.57;7.75;29/09/2026;12:00;24.6;5;SOLEIL VOILÉ;1;11.5;0
STRASBOURG;48.57;7.75;29/09/2026;13:00;24.6;5;SOLEIL VOILÉ;1;11.9;0
STRASBOURG;48.57;7.75;29/09/2026;14:00;25.6;5;SOLEIL VOILÉ;2;12.2;0
STRASBOURG;48.57;7.75;29/09/2026;15:00;25.6;5;SOLEIL VOILÉ;2;14.0;0
STRASBOURG;48.57;7.75;29/09/2026;16:00;25.6;5;SOLEIL VOILÉ;2;15.8;0
STRASBOURG;48.57;7.75;29/09/2026;17:00;21.2;0;SOLEIL;1;16.2;0
STRASBOURG;48.57;7.75;29/09/2026;18:00;21.2;0;SOLEIL;1;13.7;0
STRASBOURG;48.57;7.75;29/09/2026;19:00;21.2;0;SOLEIL;1;9.4;0
STRASBOURG;48.57;7.75;29/09/2026;20:00;19.1;5;SOLEIL VOILÉ;5;6.1;0
STRASBOURG;48.57;7.75;29/09/2026;21:00;17.7;5;SOLEIL VOILÉ;5;4.3;0
STRASBOURG;48.57;7.75;29/09/2026;22:00;16.2;5;SOLEIL VOILÉ;5;3.6;0
STRASBOURG;48.57;7.75;29/09/2026;23:00;16.4;0;SOLEIL;1;3.6;0
STRASBOURG;48.57;7.75;30/09/2026;00:00;16.4;0;SOLEIL;1;4.3;0
STRASBOURG;48.57;7.75;30/09/2026;01:00;16.4;0;SOLEIL;1;6.1;0
STRASBOURG;48.57;7.75;30/09/2026;02:00;13.5;2;NUAGEUX;5;7.6;0
STRASBOURG;48.57;7.75;30/09/2026;03:00;13.5;2;NUAGEUX;5;8.6;0
STRASBOURG;48.57;7.75;30/09/2026;04:00;13.5;2;NUAGEUX;5;9.7;0
STRASBOURG;48.57;7.75;30/09/2026;05:00;14.4;0;SOLEIL;0;10.8;0
STRASBOURG;48.57;7.75;30/09/2026;06:00;14.4;0;SOLEIL;0;11.9;0
STRASBOURG;48.57;7.75;30/09/2026;07:00;14.4;0;SOLEIL;0;13.0;0
STRASBOURG;48.57;7.75;30/09/2026;08:00;17.0;2;NUAGEUX;5;14.0;0
STRASBOURG;48.57;7.75;30/09/2026;09:00;18.7;2;NUAGEUX;5;15.1;0
STRASBOURG;48.57;7.75;30/09/2026;10:00;20.5;2;NUAGEUX;5;16.2;0
STRASBOURG;48.57;7.75;30/09/2026;11:00;27.4;0;SOLEIL;0;16.9;0
STRASBOURG;48.57;7.75;30/09/2026;12:00;27.4;0;SOLEIL;0;16.6;0
STRASBOURG;48.57;7.75;30/09/2026;13:00;27.4;0;SOLEIL;0;15.8;0
STRASBOURG;48.57;7.75;30/09/2026;14:00;27.5;2;NUAGEUX;5;15.5;0
STRASBOURG;48.57;7.75;30/09/2026;15:00;29.2;2;NUAGEUX;5;16.6;0
STRASBOURG;48.57;7.75;30/09/2026;16:00;27.5;2;NUAGEUX;5;18.0;0
STRASBOURG;48.57;7.75;30/09/2026;17:00;23.6;2;NUAGEUX;1;18.4;0
STRASBOURG;48.57;7.75;30/09/2026;18:00;23.6;2;NUAGEUX;1;15.8;0
STRASBOURG;48.57;7.75;30/09/2026;19:00;23.6;2;NUAGEUX;1;11.9;0
STRASBOURG;48.57;7.75;30/09/2026;20:00;20.5;2;NUAGEUX;5;8.6;0
STRASBOURG;48.57;7.75;30/09/2026;21:00;18.7;2;NUAGEUX;5;7.6;0
STRASBOURG;48.57;7.75;30/09/2026;22:00;17.0;2;NUAGEUX;5;7.2;0
STRASBOURG;48.57;7.75;30/09/2026;23:00;18.9;2;NUAGEUX;2;6.8;0
STRASBOURG;48.57;7.75;01/10/2026;00:00;18.9;2;NUAGEUX;2;6.0;0
STRASBOURG;48.57;7.75;01/10/2026;01:00;18.9;2;NUAGEUX;2;5.4;0
STRASBOURG;48.57;7.75;01/10/2026;02:00;16;7;PLUIE FAIBLE;5;4.6;0
STRASBOURG;48.57;7.75;01/10/2026;03:00;16;7;PLUIE FAIBLE;5;3.6;0
STRASBOURG;48.57;7.75;01/10/2026;04:00;16;7;PLUIE FAIBLE;5;3.2;0
STRASBOURG;48.57;7.75;01/10/2026;05:00;17;2;NUAGEUX;2;2.9;0
STRASBOURG;48.57;7.75;01/10/2026;06:00;17;2;NUAGEUX;2;2.5;0
STRASBOURG;48.57;7.75;01/10/2026;07:00;17;2;NUAGEUX;2;2.5;0
STRASBOURG;48.57;7.75;01/10/2026;08:00;17.8;7;PLUIE FAIBLE;5;2.9;0
STRASBOURG;48.57;7.75;01/10/2026;09:00;18.7;7;PLUIE FAIBLE;5;4.0;0
STRASBOURG;48.57;7.75;01/10/2026;10:00;19.6;7;PLUIE FAIBLE;5;5.8;0
STRASBOURG;48.57;7.75;01/10/2026;11:00;23.5;2;NUAGEUX;2;6.8;0
STRASBOURG;48.57;7.75;01/10/2026;12:00;23.5;2;NUAGEUX;2;6.1;0
STRASBOURG;48.57;7.75;01/10/2026;13:00;23.5;2;NUAGEUX;2;5.0;0
STRASBOURG;48.57;7.75;01/10/2026;14:00;23.2;7;PLUIE FAIBLE;5;5.8;0
STRASBOURG;48.57;7.75;01/10/2026;15:00;24.1;7;PLUIE FAIBLE;5;9.4;0
STRASBOURG;48.57;7.75;01/10/2026;16:00;23.2;7;PLUIE FAIBLE;5;15.1;0
STRASBOURG;48.57;7.75;01/10/2026;17:00;20.1;7;PLUIE FAIBLE;2;19.8;0
STRASBOURG;48.57;7.75;01/10/2026;18:00;20.1;7;PLUIE FAIBLE;2;23.4;0
STRASBOURG;48.57;7.75;01/10/2026;19:00;20.1;7;PLUIE FAIBLE;2;26.6;0
STRASBOURG;48.57;7.75;01/10/2026;20:00;19.6;7;PLUIE FAIBLE;5;28.1;0
STRASBOURG;48.57;7.75;01/10/2026;21:00;18.7;7;PLUIE FAIBLE;5;27.0;0
STRASBOURG;48.57;7.75;01/10/2026;22:00;17.8;7;PLUIE FAIBLE;5;24.1;0
STRASBOURG;48.57;7.75;01/10/2026;23:00;17.4;7;PLUIE FAIBLE;2;22.0;0
STRASBOURG;48.57;7.75;02/10/2026;00:00;17.4;7;PLUIE FAIBLE;2;22.0;0
STRASBOURG;48.57;7.75;02/10/2026;01:00;17.4;7;PLUIE FAIBLE;2;22.7;0
STRASBOURG;48.57;7.75;02/10/2026;02:00;14.5;0;SOLEIL;5;22.3;0
STRASBOURG;48.57;7.75;02/10/2026;03:00;14.5;0;SOLEIL;5;19.4;0
STRASBOURG;48.57;7.75;02/10/2026;04:00;14.5;0;SOLEIL;5;15.5;0
STRASBOURG;48.57;7.75;02/10/2026;05:00;15.1;7;PLUIE FAIBLE;2;12.6;0
STRASBOURG;48.57;7.75;02/10/2026;06:00;15.1;7;PLUIE FAIBLE;2;10.8;0
STRASBOURG;48.57;7.75;02/10/2026;07:00;15.1;7;PLUIE FAIBLE;2;9.7;0
STRASBOURG;48.57;7.75;02/10/2026;08:00;16.0;0;SOLEIL;5;10.4;0
STRASBOURG;48.57;7.75;02/10/2026;09:00;16.8;0;SOLEIL;5;15.1;0
STRASBOURG;48.57;7.75;02/10/2026;10:00;17.6;0;SOLEIL;5;21.6;0
STRASBOURG;48.57;7.75;02/10/2026;11:00;20.5;6;AVERSES;2;25.9;0
STRASBOURG;48.57;7.75;02/10/2026;12:00;20.5;6;AVERSES;2;26.3;0
STRASBOURG;48.57;7.75;02/10/2026;13:00;20.5;6;AVERSES;2;24.5;0
STRASBOURG;48.57;7.75;02/10/2026;14:00;20.6;0;SOLEIL;5;23.0;0
STRASBOURG;48.57;7.75;02/10/2026;15:00;21.4;0;SOLEIL;5;22.7;0
STRASBOURG;48.57;7.75;02/10/2026;16:00;20.6;0;SOLEIL;5;22.3;0
STRASBOURG;48.57;7.75;02/10/2026;17:00;18.9;0;SOLEIL;2;21.2;0
STRASBOURG;48.57;7.75;02/10/2026;18:00;18.9;0;SOLEIL;2;18.4;0
STRASBOURG;48.57;7.75;02/10/2026;19:00;18.9;0;SOLEIL;2;14.8;0
STRASBOURG;48.57;7.75;02/10/2026;20:00;17.6;0;SOLEIL;5;11.9;0
STRASBOURG;48.57;7.75;02/10/2026;21:00;16.8;0;SOLEIL;5;11.2;0
STRASBOURG;48.57;7.75;02/10/2026;22:00;16.0;0;SOLEIL;5;11.2;0
STRASBOURG;48.57;7.75;02/10/2026;23:00;15.4;0;SOLEIL;2;11.5;0
STRASBOURG;48.57;7.75;03/10/2026;00:00;15.4;0;SOLEIL;2;11.5;0
STRASBOURG;48.57;7.75;03/10/2026;01:00;15.4;0;SOLEIL;2;11.5;0
STRASBOURG;48.57;7.75;03/10/2026;02:00;12.2;0;SOLEIL;5;11.5;0
STRASBOURG;48.57;7.75;03/10/2026;03:00;12.2;0;SOLEIL;5;11.2;0
STRASBOURG;48.57;7.75;03/10/2026;04:00;12.2;0;SOLEIL;5;10.8;0
STRASBOURG;48.57;7.75;03/10/2026;05:00;13.1;0;SOLEIL;2;10.8;0
STRASBOURG;48.57;7.75;03/10/2026;06:00;13.1;0;SOLEIL;2;10.8;0
STRASBOURG;48.57;7.75;03/10/2026;07:00;13.1;0;SOLEIL;2;10.8;0
STRASBOURG;48.57;7.75;03/10/2026;08:00;14.4;0;SOLEIL;5;12.2;0
STRASBOURG;48.57;7.75;03/10/2026;09:00;15.5;0;SOLEIL;5;16.2;0
STRASBOURG;48.57;7.75;03/10/2026;10:00;16.6;0;SOLEIL;5;22.0;0
STRASBOURG;48.57;7.75;03/10/2026;11:00;21.1;0;SOLEIL;2;25.9;0
STRASBOURG;48.57;7.75;03/10/2026;12:00;21.1;0;SOLEIL;2;24.0;0
STRASBOURG;48.57;7.75;03/10/2026;13:00;21.1;0;SOLEIL;2;21.8;0
STRASBOURG;48.57;7.75;03/10/2026;14:00;20.9;0;SOLEIL;5;19.9;0
STRASBOURG;48.57;7.75;03/10/2026;15:00;22.0;0;SOLEIL;5;18.7;0
STRASBOURG;48.57;7.75;03/10/2026;16:00;20.9;0;SOLEIL;5;20.2;0
STRASBOURG;48.57;7.75;03/10/2026;17:00;18.1;0;SOLEIL;3;22.0;0
STRASBOURG;48.57;7.75;03/10/2026;18:00;18.1;0;SOLEIL;3;23.4;0
STRASBOURG;48.57;7.75;03/10/2026;19:00;18.1;0;SOLEIL;3;24.5;0
STRASBOURG;48.57;7.75;03/10/2026;20:00;16.6;0;SOLEIL;5;25.2;0
STRASBOURG;48.57;7.75;03/10/2026;21:00;15.5;0;SOLEIL;5;25.2;0
STRASBOURG;48.57;7.75;03/10/2026;22:00;14.4;0;SOLEIL;5;24.8;0
STRASBOURG;48.57;7.75;03/10/2026;23:00;14.2;0;SOLEIL;1;24.5;0
STRASBOURG;48.57;7.75;04/10/2026;00:00;14.2;0;SOLEIL;1;23.4;0
STRASBOURG;48.57;7.75;04/10/2026;01:00;14.2;0;SOLEIL;1;22.7;0
STRASBOURG;48.57;7.75;04/10/2026;02:00;11.5;0;SOLEIL;5;21.6;0
STRASBOURG;48.57;7.75;04/10/2026;03:00;11.5;0;SOLEIL;5;20.5;0
STRASBOURG;48.57;7.75;04/10/2026;04:00;11.5;0;SOLEIL;5;19.1;0
STRASBOURG;48.57;7.75;04/10/2026;05:00;12.6;0;SOLEIL;0;17.6;0
STRASBOURG;48.57;7.75;04/10/2026;06:00;12.6;0;SOLEIL;0;16.2;0
STRASBOURG;48.57;7.75;04/10/2026;07:00;12.6;0;SOLEIL;0;15.1;0
STRASBOURG;48.57;7.75;04/10/2026;08:00;13.7;0;SOLEIL;5;14.4;0
STRASBOURG;48.57;7.75;04/10/2026;09:00;14.8;0;SOLEIL;5;14.4;0
STRASBOURG;48.57;7.75;04/10/2026;10:00;15.9;0;SOLEIL;5;14.8;0
STRASBOURG;48.57;7.75;04/10/2026;11:00;20.6;0;SOLEIL;2;15.5;0
STRASBOURG;48.57;7.75;04/10/2026;12:00;20.6;0;SOLEIL;2;16.2;0
STRASBOURG;48.57;7.75;04/10/2026;13:00;20.6;0;SOLEIL;2;17.3;0
STRASBOURG;48.57;7.75;04/10/2026;14:00;20.3;0;SOLEIL;5;18.0;0
STRASBOURG;48.57;7.75;04/10/2026;15:00;21.4;0;SOLEIL;5;18.7;0
STRASBOURG;48.57;7.75;04/10/2026;16:00;20.3;0;SOLEIL;5;19.8;0
STRASBOURG;48.57;7.75;04/10/2026;17:00;17.4;0;SOLEIL;3;20.5;0
STRASBOURG;48.57;7.75;04/10/2026;18:00;17.4;0;SOLEIL;3;21.6;0
STRASBOURG;48.57;7.75;04/10/2026;19:00;17.4;0;SOLEIL;3;22.3;0
STRASBOURG;48.57;7.75;04/10/2026;20:00;15.9;0;SOLEIL;5;23.4;0
STRASBOURG;48.57;7.75;04/10/2026;21:00;14.8;0;SOLEIL;5;24.5;0
STRASBOURG;48.57;7.75;04/10/2026;22:00;13.7;0;SOLEIL;5;25.9;0
STRASBOURG;48.57;7.75;04/10/2026;23:00;13.7;0;SOLEIL;2;27.0;0
BOURGES;47.08;2.39;27/09/2026;00:00;16.4;0;SOLEIL;2;7.6;0
BOURGES;47.08;2.39;27/09/2026;01:00;16.1;0;SOLEIL;2;7.2;0
BOURGES;47.08;2.39;27/09/2026;02:00;15.5;0;SOLEIL;1;7.9;0
BOURGES;47.08;2.39;27/09/2026;03:00;14;0;SOLEIL;1;7.2;0
BOURGES;47.08;2.39;27/09/2026;04:00;14.5;0;SOLEIL;2;7.9;0
BOURGES;47.08;2.39;27/09/2026;05:00;13.7;0;SOLEIL;2;8.6;0
BOURGES;47.08;2.39;27/09/2026;06:00;13.9;0;SOLEIL;2;8.6;0
BOURGES;47.08;2.39;27/09/2026;07:00;15.9;0;SOLEIL;2;9.0;0
BOURGES;47.08;2.39;27/09/2026;08:00;18.6;2;NUAGEUX;2;8.3;0
BOURGES;47.08;2.39;27/09/2026;09:00;21.7;2;NUAGEUX;2;9.0;0
BOURGES;47.08;2.39;27/09/2026;10:00;26.9;5;SOLEIL VOILÉ;2;12.6;0
BOURGES;47.08;2.39;27/09/2026;11:00;28.5;5;SOLEIL VOILÉ;3;12.6;0
BOURGES;47.08;2.39;27/09/2026;12:00;28.9;2;NUAGEUX;3;14.8;0
BOURGES;47.08;2.39;27/09/2026;13:00;29.3;2;NUAGEUX;3;13.0;0
BOURGES;47.08;2.39;27/09/2026;14:00;29.5;2;NUAGEUX;3;19.1;0
BOURGES;47.08;2.39;27/09/2026;15:00;29.5;2;NUAGEUX;3;18.7;0
BOURGES;47.08;2.39;27/09/2026;16:00;29.6;2;NUAGEUX;4;17.3;0
BOURGES;47.08;2.39;27/09/2026;17:00;29;2;NUAGEUX;3;14.4;0
BOURGES;47.08;2.39;27/09/2026;18:00;27.1;5;SOLEIL VOILÉ;2;20.5;0
BOURGES;47.08;2.39;27/09/2026;19:00;25;5;SOLEIL VOILÉ;2;15.5;0
BOURGES;47.08;2.39;27/09/2026;20:00;23.1;5;SOLEIL VOILÉ;1;9.0;0
BOURGES;47.08;2.39;27/09/2026;21:00;21.9;2;NUAGEUX;2;8.3;0
BOURGES;47.08;2.39;27/09/2026;22:00;21;2;NUAGEUX;1;6.8;0
BOURGES;47.08;2.39;27/09/2026;23:00;20.1;2;NUAGEUX;0;9.0;0
BOURGES;47.08;2.39;28/09/2026;00:00;19.2;2;NUAGEUX;1;7.6;0
BOURGES;47.08;2.39;28/09/2026;01:00;19.2;2;NUAGEUX;1;3.6;0
BOURGES;47.08;2.39;28/09/2026;02:00;18.5;2;NUAGEUX;2;7.6;0
BOURGES;47.08;2.39;28/09/2026;03:00;18.5;2;NUAGEUX;2;6.4;0
BOURGES;47.08;2.39;28/09/2026;04:00;18.5;2;NUAGEUX;2;3.6;0
BOURGES;47.08;2.39;28/09/2026;05:00;17.5;2;NUAGEUX;1;4.9;0
BOURGES;47.08;2.39;28/09/2026;06:00;17.5;2;NUAGEUX;1;3.6;0
BOURGES;47.08;2.39;28/09/2026;07:00;17.5;2;NUAGEUX;1;5.4;0
BOURGES;47.08;2.39;28/09/2026;08:00;21.6;5;SOLEIL VOILÉ;2;4.7;0
BOURGES;47.08;2.39;28/09/2026;09:00;21.6;5;SOLEIL VOILÉ;2;4.7;0
BOURGES;47.08;2.39;28/09/2026;10:00;21.6;5;SOLEIL VOILÉ;2;6.1;0
BOURGES;47.08;2.39;28/09/2026;11:00;26.4;5;SOLEIL VOILÉ;2;11.9;0
BOURGES;47.08;2.39;28/09/2026;12:00;26.4;5;SOLEIL VOILÉ;2;13.3;0
BOURGES;47.08;2.39;28/09/2026;13:00;26.4;5;SOLEIL VOILÉ;2;15.1;0
BOURGES;47.08;2.39;28/09/2026;14:00;28.1;5;SOLEIL VOILÉ;3;9.4;0
BOURGES;47.08;2.39;28/09/2026;15:00;28.1;5;SOLEIL VOILÉ;3;12.6;0
BOURGES;47.08;2.39;28/09/2026;16:00;28.1;5;SOLEIL VOILÉ;3;19.8;0
BOURGES;47.08;2.39;28/09/2026;17:00;26.6;5;SOLEIL VOILÉ;3;24.8;0
BOURGES;47.08;2.39;28/09/2026;18:00;26.6;5;SOLEIL VOILÉ;3;25.9;0
BOURGES;47.08;2.39;28/09/2026;19:00;26.6;5;SOLEIL VOILÉ;3;25.2;0
BOURGES;47.08;2.39;28/09/2026;20:00;22;5;SOLEIL VOILÉ;3;16.9;0
BOURGES;47.08;2.39;28/09/2026;21:00;22;5;SOLEIL VOILÉ;3;10.4;0
BOURGES;47.08;2.39;28/09/2026;22:00;22;5;SOLEIL VOILÉ;3;11.2;0
BOURGES;47.08;2.39;28/09/2026;23:00;18.5;5;SOLEIL VOILÉ;2;10.4;0
BOURGES;47.08;2.39;29/09/2026;00:00;18.5;5;SOLEIL VOILÉ;2;14.0;0
BOURGES;47.08;2.39;29/09/2026;01:00;18.5;5;SOLEIL VOILÉ;2;15.5;0
BOURGES;47.08;2.39;29/09/2026;02:00;17.2;5;SOLEIL VOILÉ;2;14.4;0
BOURGES;47.08;2.39;29/09/2026;03:00;17.2;5;SOLEIL VOILÉ;2;11.2;0
BOURGES;47.08;2.39;29/09/2026;04:00;17.2;5;SOLEIL VOILÉ;2;11.5;0
BOURGES;47.08;2.39;29/09/2026;05:00;16.5;0;SOLEIL;2;14.0;0
BOURGES;47.08;2.39;29/09/2026;06:00;16.5;0;SOLEIL;2;14.0;0
BOURGES;47.08;2.39;29/09/2026;07:00;16.5;0;SOLEIL;2;14.8;0
BOURGES;47.08;2.39;29/09/2026;08:00;23.6;0;SOLEIL;3;15.1;0
BOURGES;47.08;2.39;29/09/2026;09:00;23.6;0;SOLEIL;3;18.0;0
BOURGES;47.08;2.39;29/09/2026;10:00;23.6;0;SOLEIL;3;21.6;0
BOURGES;47.08;2.39;29/09/2026;11:00;28.5;0;SOLEIL;3;25.2;0
BOURGES;47.08;2.39;29/09/2026;12:00;28.5;0;SOLEIL;3;28.8;0
BOURGES;47.08;2.39;29/09/2026;13:00;28.5;0;SOLEIL;3;32.0;0
BOURGES;47.08;2.39;29/09/2026;14:00;30.1;0;SOLEIL;3;34.6;0
BOURGES;47.08;2.39;29/09/2026;15:00;30.1;0;SOLEIL;3;35.6;0
BOURGES;47.08;2.39;29/09/2026;16:00;30.1;0;SOLEIL;3;35.6;0
BOURGES;47.08;2.39;29/09/2026;17:00;28;0;SOLEIL;3;34.9;0
BOURGES;47.08;2.39;29/09/2026;18:00;28;0;SOLEIL;3;33.1;0
BOURGES;47.08;2.39;29/09/2026;19:00;28;0;SOLEIL;3;30.2;0
BOURGES;47.08;2.39;29/09/2026;20:00;22.4;0;SOLEIL;5;27.7;0
BOURGES;47.08;2.39;29/09/2026;21:00;20.7;0;SOLEIL;5;25.9;0
BOURGES;47.08;2.39;29/09/2026;22:00;19.0;0;SOLEIL;5;24.1;0
BOURGES;47.08;2.39;29/09/2026;23:00;20.7;2;NUAGEUX;3;22.7;0
BOURGES;47.08;2.39;30/09/2026;00:00;20.7;2;NUAGEUX;3;21.6;0
BOURGES;47.08;2.39;30/09/2026;01:00;20.7;2;NUAGEUX;3;20.5;0
BOURGES;47.08;2.39;30/09/2026;02:00;17.9;7;PLUIE FAIBLE;5;19.8;0
BOURGES;47.08;2.39;30/09/2026;03:00;17.9;7;PLUIE FAIBLE;5;19.1;0
BOURGES;47.08;2.39;30/09/2026;04:00;17.9;7;PLUIE FAIBLE;5;18.4;0
BOURGES;47.08;2.39;30/09/2026;05:00;18.6;2;NUAGEUX;3;17.6;0
BOURGES;47.08;2.39;30/09/2026;06:00;18.6;2;NUAGEUX;3;16.9;0
BOURGES;47.08;2.39;30/09/2026;07:00;18.6;2;NUAGEUX;3;16.2;0
BOURGES;47.08;2.39;30/09/2026;08:00;20.2;7;PLUIE FAIBLE;5;16.2;0
BOURGES;47.08;2.39;30/09/2026;09:00;21.3;7;PLUIE FAIBLE;5;18.0;0
BOURGES;47.08;2.39;30/09/2026;10:00;22.4;7;PLUIE FAIBLE;5;20.9;0
BOURGES;47.08;2.39;30/09/2026;11:00;26.6;2;NUAGEUX;3;23.0;0
BOURGES;47.08;2.39;30/09/2026;12:00;26.6;2;NUAGEUX;3;24.1;0
BOURGES;47.08;2.39;30/09/2026;13:00;26.6;2;NUAGEUX;3;24.8;0
BOURGES;47.08;2.39;30/09/2026;14:00;27.0;7;PLUIE FAIBLE;5;26.3;0
BOURGES;47.08;2.39;30/09/2026;15:00;28.1;7;PLUIE FAIBLE;5;30.2;0
BOURGES;47.08;2.39;30/09/2026;16:00;27.0;7;PLUIE FAIBLE;5;34.9;0
BOURGES;47.08;2.39;30/09/2026;17:00;23.6;7;PLUIE FAIBLE;3;36.0;0
BOURGES;47.08;2.39;30/09/2026;18:00;23.6;7;PLUIE FAIBLE;3;29.2;0
BOURGES;47.08;2.39;30/09/2026;19:00;23.6;7;PLUIE FAIBLE;3;18.7;0
BOURGES;47.08;2.39;30/09/2026;20:00;22.4;7;PLUIE FAIBLE;5;11.5;0
BOURGES;47.08;2.39;30/09/2026;21:00;21.3;7;PLUIE FAIBLE;5;11.5;0
BOURGES;47.08;2.39;30/09/2026;22:00;20.2;7;PLUIE FAIBLE;5;14.8;0
BOURGES;47.08;2.39;30/09/2026;23:00;19.5;7;PLUIE FAIBLE;2;17.6;0
BOURGES;47.08;2.39;01/10/2026;00:00;19.5;7;PLUIE FAIBLE;2;18.4;0
BOURGES;47.08;2.39;01/10/2026;01:00;19.5;7;PLUIE FAIBLE;2;19.3;0
BOURGES;47.08;2.39;01/10/2026;02:00;15.6;6;AVERSES;5;19.4;0
BOURGES;47.08;2.39;01/10/2026;03:00;15.6;6;AVERSES;5;16.9;0
BOURGES;47.08;2.39;01/10/2026;04:00;15.6;6;AVERSES;5;13.7;0
BOURGES;47.08;2.39;01/10/2026;05:00;17.1;6;AVERSES;2;13.3;0
BOURGES;47.08;2.39;01/10/2026;06:00;17.1;6;AVERSES;2;19.8;0
BOURGES;47.08;2.39;01/10/2026;07:00;17.1;6;AVERSES;2;29.5;0
BOURGES;47.08;2.39;01/10/2026;08:00;16.7;6;AVERSES;5;35.3;0
BOURGES;47.08;2.39;01/10/2026;09:00;17.3;6;AVERSES;5;32.8;0
BOURGES;47.08;2.39;01/10/2026;10:00;17.9;6;AVERSES;5;26.3;0
BOURGES;47.08;2.39;01/10/2026;11:00;19.2;6;AVERSES;3;20.5;0
BOURGES;47.08;2.39;01/10/2026;12:00;19.2;6;AVERSES;3;16.2;0
BOURGES;47.08;2.39;01/10/2026;13:00;19.2;6;AVERSES;3;13.0;0
BOURGES;47.08;2.39;01/10/2026;14:00;20.1;6;AVERSES;5;11.5;0
BOURGES;47.08;2.39;01/10/2026;15:00;20.7;6;AVERSES;5;14.0;0
BOURGES;47.08;2.39;01/10/2026;16:00;20.1;6;AVERSES;5;18.7;0
BOURGES;47.08;2.39;01/10/2026;17:00;18.6;7;PLUIE FAIBLE;2;22.3;0
BOURGES;47.08;2.39;01/10/2026;18:00;18.6;7;PLUIE FAIBLE;2;23.4;0
BOURGES;47.08;2.39;01/10/2026;19:00;18.6;7;PLUIE FAIBLE;2;23.4;0
BOURGES;47.08;2.39;01/10/2026;20:00;17.9;6;AVERSES;5;22.3;0
BOURGES;47.08;2.39;01/10/2026;21:00;17.3;6;AVERSES;5;20.2;0
BOURGES;47.08;2.39;01/10/2026;22:00;16.7;6;AVERSES;5;17.3;0
BOURGES;47.08;2.39;01/10/2026;23:00;14.6;0;SOLEIL;2;14.8;0
BOURGES;47.08;2.39;02/10/2026;00:00;14.6;0;SOLEIL;2;13.7;0
BOURGES;47.08;2.39;02/10/2026;01:00;14.6;0;SOLEIL;2;13.3;0
BOURGES;47.08;2.39;02/10/2026;02:00;11.2;0;SOLEIL;5;12.6;0
BOURGES;47.08;2.39;02/10/2026;03:00;11.2;0;SOLEIL;5;10.8;0
BOURGES;47.08;2.39;02/10/2026;04:00;11.2;0;SOLEIL;5;8.6;0
BOURGES;47.08;2.39;02/10/2026;05:00;12.2;0;SOLEIL;2;7.2;0
BOURGES;47.08;2.39;02/10/2026;06:00;12.2;0;SOLEIL;2;6.5;0
BOURGES;47.08;2.39;02/10/2026;07:00;12.2;0;SOLEIL;2;5.8;0
BOURGES;47.08;2.39;02/10/2026;08:00;13.7;0;SOLEIL;5;6.1;0
BOURGES;47.08;2.39;02/10/2026;09:00;14.9;0;SOLEIL;5;7.2;0
BOURGES;47.08;2.39;02/10/2026;10:00;16.2;0;SOLEIL;5;9.0;0
BOURGES;47.08;2.39;02/10/2026;11:00;21.2;0;SOLEIL;3;10.4;0
BOURGES;47.08;2.39;02/10/2026;12:00;21.2;0;SOLEIL;3;11.5;0
BOURGES;47.08;2.39;02/10/2026;13:00;21.2;0;SOLEIL;3;12.6;0
BOURGES;47.08;2.39;02/10/2026;14:00;21.2;0;SOLEIL;5;14.0;0
BOURGES;47.08;2.39;02/10/2026;15:00;22.4;0;SOLEIL;5;16.6;0
BOURGES;47.08;2.39;02/10/2026;16:00;21.2;0;SOLEIL;5;19.1;0
BOURGES;47.08;2.39;02/10/2026;17:00;19.1;0;SOLEIL;2;20.9;0
BOURGES;47.08;2.39;02/10/2026;18:00;19.1;0;SOLEIL;2;21.2;0
BOURGES;47.08;2.39;02/10/2026;19:00;19.1;0;SOLEIL;2;20.9;0
BOURGES;47.08;2.39;02/10/2026;20:00;16.2;0;SOLEIL;5;19.4;0
BOURGES;47.08;2.39;02/10/2026;21:00;14.9;0;SOLEIL;5;16.2;0
BOURGES;47.08;2.39;02/10/2026;22:00;13.7;0;SOLEIL;5;11.5;0
BOURGES;47.08;2.39;02/10/2026;23:00;14.7;0;SOLEIL;2;8.3;0
BOURGES;47.08;2.39;03/10/2026;00:00;14.7;0;SOLEIL;2;7.6;0
BOURGES;47.08;2.39;03/10/2026;01:00;14.7;0;SOLEIL;2;7.9;0
BOURGES;47.08;2.39;03/10/2026;02:00;11.5;0;SOLEIL;5;8.3;0
BOURGES;47.08;2.39;03/10/2026;03:00;11.5;0;SOLEIL;5;8.3;0
BOURGES;47.08;2.39;03/10/2026;04:00;11.5;0;SOLEIL;5;7.9;0
BOURGES;47.08;2.39;03/10/2026;05:00;12.2;0;SOLEIL;2;7.9;0
BOURGES;47.08;2.39;03/10/2026;06:00;12.2;0;SOLEIL;2;7.9;0
BOURGES;47.08;2.39;03/10/2026;07:00;12.2;0;SOLEIL;2;7.9;0
BOURGES;47.08;2.39;03/10/2026;08:00;13.8;0;SOLEIL;5;9.0;0
BOURGES;47.08;2.39;03/10/2026;09:00;15.0;0;SOLEIL;5;12.6;0
BOURGES;47.08;2.39;03/10/2026;10:00;16.1;0;SOLEIL;5;17.3;0
BOURGES;47.08;2.39;03/10/2026;11:00;20.9;0;SOLEIL;3;20.9;0
BOURGES;47.08;2.39;03/10/2026;12:00;20.9;0;SOLEIL;3;23.2;0
BOURGES;47.08;2.39;03/10/2026;13:00;20.9;0;SOLEIL;3;25.4;0
BOURGES;47.08;2.39;03/10/2026;14:00;20.7;0;SOLEIL;5;28.2;0
BOURGES;47.08;2.39;03/10/2026;15:00;21.9;0;SOLEIL;5;31.3;0
BOURGES;47.08;2.39;03/10/2026;16:00;20.7;0;SOLEIL;5;31.3;0
BOURGES;47.08;2.39;03/10/2026;17:00;18.6;0;SOLEIL;3;31.3;0
BOURGES;47.08;2.39;03/10/2026;18:00;18.6;0;SOLEIL;3;31.3;0
BOURGES;47.08;2.39;03/10/2026;19:00;18.6;0;SOLEIL;3;31.0;0
BOURGES;47.08;2.39;03/10/2026;20:00;16.1;0;SOLEIL;5;30.2;0
BOURGES;47.08;2.39;03/10/2026;21:00;15.0;0;SOLEIL;5;29.5;0
BOURGES;47.08;2.39;03/10/2026;22:00;13.8;0;SOLEIL;5;28.1;0
BOURGES;47.08;2.39;03/10/2026;23:00;14.5;0;SOLEIL;2;26.6;0
BOURGES;47.08;2.39;04/10/2026;00:00;14.5;0;SOLEIL;2;25.2;0
BOURGES;47.08;2.39;04/10/2026;01:00;14.5;0;SOLEIL;2;23.8;0
BOURGES;47.08;2.39;04/10/2026;02:00;11.1;0;SOLEIL;5;22.7;0
BOURGES;47.08;2.39;04/10/2026;03:00;11.1;0;SOLEIL;5;22.0;0
BOURGES;47.08;2.39;04/10/2026;04:00;11.1;0;SOLEIL;5;21.2;0
BOURGES;47.08;2.39;04/10/2026;05:00;12.1;0;SOLEIL;2;20.5;0
BOURGES;47.08;2.39;04/10/2026;06:00;12.1;0;SOLEIL;2;20.2;0
BOURGES;47.08;2.39;04/10/2026;07:00;12.1;0;SOLEIL;2;19.8;0
BOURGES;47.08;2.39;04/10/2026;08:00;13.4;0;SOLEIL;5;19.8;0
BOURGES;47.08;2.39;04/10/2026;09:00;14.6;0;SOLEIL;5;20.2;0
BOURGES;47.08;2.39;04/10/2026;10:00;15.8;0;SOLEIL;5;21.2;0
BOURGES;47.08;2.39;04/10/2026;11:00;20.9;0;SOLEIL;3;22.3;0
BOURGES;47.08;2.39;04/10/2026;12:00;20.9;0;SOLEIL;3;23.4;0
BOURGES;47.08;2.39;04/10/2026;13:00;20.9;0;SOLEIL;3;24.1;0
BOURGES;47.08;2.39;04/10/2026;14:00;20.4;0;SOLEIL;5;24.8;0
BOURGES;47.08;2.39;04/10/2026;15:00;21.6;0;SOLEIL;5;25.2;0
BOURGES;47.08;2.39;04/10/2026;16:00;20.4;0;SOLEIL;5;25.2;0
BOURGES;47.08;2.39;04/10/2026;17:00;17.7;0;SOLEIL;3;25.2;0
BOURGES;47.08;2.39;04/10/2026;18:00;17.7;0;SOLEIL;3;25.2;0
BOURGES;47.08;2.39;04/10/2026;19:00;17.7;0;SOLEIL;3;25.2;0
BOURGES;47.08;2.39;04/10/2026;20:00;15.8;0;SOLEIL;5;24.8;0
BOURGES;47.08;2.39;04/10/2026;21:00;14.6;0;SOLEIL;5;24.5;0
BOURGES;47.08;2.39;04/10/2026;22:00;13.4;0;SOLEIL;5;24.1;0
BOURGES;47.08;2.39;04/10/2026;23:00;14;0;SOLEIL;3;23.8;0
BELFORT;47.63;6.86;27/09/2026;00:00;13;0;SOLEIL;2;7.9;0
BELFORT;47.63;6.86;27/09/2026;01:00;12.7;0;SOLEIL;2;6.1;0
BELFORT;47.63;6.86;27/09/2026;02:00;12;0;SOLEIL;2;4.7;0
BELFORT;47.63;6.86;27/09/2026;03:00;11.1;0;SOLEIL;2;3.2;0
BELFORT;47.63;6.86;27/09/2026;04:00;11.1;0;SOLEIL;2;2.2;0
BELFORT;47.63;6.86;27/09/2026;05:00;10.7;0;SOLEIL;0;3.2;0
BELFORT;47.63;6.86;27/09/2026;06:00;11.2;0;SOLEIL;0;5.4;0
BELFORT;47.63;6.86;27/09/2026;07:00;14.5;0;SOLEIL;1;4.7;0
BELFORT;47.63;6.86;27/09/2026;08:00;17.9;0;SOLEIL;1;3.6;0
BELFORT;47.63;6.86;27/09/2026;09:00;21.6;0;SOLEIL;1;3.6;0
BELFORT;47.63;6.86;27/09/2026;10:00;24;0;SOLEIL;1;4.7;0
BELFORT;47.63;6.86;27/09/2026;11:00;26;0;SOLEIL;2;6.5;0
BELFORT;47.63;6.86;27/09/2026;12:00;27.1;0;SOLEIL;2;6.8;0
BELFORT;47.63;6.86;27/09/2026;13:00;27.8;0;SOLEIL;2;5.8;0
BELFORT;47.63;6.86;27/09/2026;14:00;28.9;0;SOLEIL;3;7.9;0
BELFORT;47.63;6.86;27/09/2026;15:00;29.1;0;SOLEIL;2;6.8;0
BELFORT;47.63;6.86;27/09/2026;16:00;28.1;0;SOLEIL;3;9.7;0
BELFORT;47.63;6.86;27/09/2026;17:00;25.4;0;SOLEIL;2;22.0;0
BELFORT;47.63;6.86;27/09/2026;18:00;22.6;0;SOLEIL;1;22.3;0
BELFORT;47.63;6.86;27/09/2026;19:00;20.6;0;SOLEIL;0;10.1;0
BELFORT;47.63;6.86;27/09/2026;20:00;19.4;0;SOLEIL;0;6.8;0
BELFORT;47.63;6.86;27/09/2026;21:00;18.5;0;SOLEIL;1;6.5;0
BELFORT;47.63;6.86;27/09/2026;22:00;17.6;0;SOLEIL;1;7.6;0
BELFORT;47.63;6.86;27/09/2026;23:00;16.7;2;NUAGEUX;1;7.9;0
BELFORT;47.63;6.86;28/09/2026;00:00;15.5;2;NUAGEUX;1;7.9;0
BELFORT;47.63;6.86;28/09/2026;01:00;15.5;2;NUAGEUX;1;6.1;0
BELFORT;47.63;6.86;28/09/2026;02:00;12.9;0;SOLEIL;1;5.0;0
BELFORT;47.63;6.86;28/09/2026;03:00;12.9;0;SOLEIL;1;4.1;0
BELFORT;47.63;6.86;28/09/2026;04:00;12.9;0;SOLEIL;1;3.2;0
BELFORT;47.63;6.86;28/09/2026;05:00;12.7;0;SOLEIL;1;3.2;0
BELFORT;47.63;6.86;28/09/2026;06:00;12.7;0;SOLEIL;1;3.6;0
BELFORT;47.63;6.86;28/09/2026;07:00;12.7;0;SOLEIL;1;4.0;0
BELFORT;47.63;6.86;28/09/2026;08:00;22;5;SOLEIL VOILÉ;2;1.8;0
BELFORT;47.63;6.86;28/09/2026;09:00;22;5;SOLEIL VOILÉ;2;3.2;0
BELFORT;47.63;6.86;28/09/2026;10:00;22;5;SOLEIL VOILÉ;2;5.0;0
BELFORT;47.63;6.86;28/09/2026;11:00;26.4;5;SOLEIL VOILÉ;2;5.4;0
BELFORT;47.63;6.86;28/09/2026;12:00;26.4;5;SOLEIL VOILÉ;2;5.0;0
BELFORT;47.63;6.86;28/09/2026;13:00;26.4;5;SOLEIL VOILÉ;2;8.3;0
BELFORT;47.63;6.86;28/09/2026;14:00;27.4;5;SOLEIL VOILÉ;1;10.8;0
BELFORT;47.63;6.86;28/09/2026;15:00;27.4;5;SOLEIL VOILÉ;1;11.2;0
BELFORT;47.63;6.86;28/09/2026;16:00;27.4;5;SOLEIL VOILÉ;1;11.5;0
BELFORT;47.63;6.86;28/09/2026;17:00;22.1;5;SOLEIL VOILÉ;1;12.2;0
BELFORT;47.63;6.86;28/09/2026;18:00;22.1;5;SOLEIL VOILÉ;1;13.0;0
BELFORT;47.63;6.86;28/09/2026;19:00;22.1;5;SOLEIL VOILÉ;1;10.1;0
BELFORT;47.63;6.86;28/09/2026;20:00;17.7;5;SOLEIL VOILÉ;2;5.0;0
BELFORT;47.63;6.86;28/09/2026;21:00;17.7;5;SOLEIL VOILÉ;2;7.9;0
BELFORT;47.63;6.86;28/09/2026;22:00;17.7;5;SOLEIL VOILÉ;2;7.6;0
BELFORT;47.63;6.86;28/09/2026;23:00;15.6;5;SOLEIL VOILÉ;0;5.4;0
BELFORT;47.63;6.86;29/09/2026;00:00;15.6;5;SOLEIL VOILÉ;0;5.0;0
BELFORT;47.63;6.86;29/09/2026;01:00;15.6;5;SOLEIL VOILÉ;0;6.1;0
BELFORT;47.63;6.86;29/09/2026;02:00;13.9;5;SOLEIL VOILÉ;1;7.6;0
BELFORT;47.63;6.86;29/09/2026;03:00;13.9;5;SOLEIL VOILÉ;1;7.6;0
BELFORT;47.63;6.86;29/09/2026;04:00;13.9;5;SOLEIL VOILÉ;1;6.1;0
BELFORT;47.63;6.86;29/09/2026;05:00;13.2;5;SOLEIL VOILÉ;0;5.8;0
BELFORT;47.63;6.86;29/09/2026;06:00;13.2;5;SOLEIL VOILÉ;0;4.7;0
BELFORT;47.63;6.86;29/09/2026;07:00;13.2;5;SOLEIL VOILÉ;0;1.8;0
BELFORT;47.63;6.86;29/09/2026;08:00;21.6;5;SOLEIL VOILÉ;1;3.2;0
BELFORT;47.63;6.86;29/09/2026;09:00;21.6;5;SOLEIL VOILÉ;1;4.0;0
BELFORT;47.63;6.86;29/09/2026;10:00;21.6;5;SOLEIL VOILÉ;1;5.4;0
BELFORT;47.63;6.86;29/09/2026;11:00;25.6;5;SOLEIL VOILÉ;2;6.5;0
BELFORT;47.63;6.86;29/09/2026;12:00;25.6;5;SOLEIL VOILÉ;2;6.5;0
BELFORT;47.63;6.86;29/09/2026;13:00;25.6;5;SOLEIL VOILÉ;2;5.8;0
BELFORT;47.63;6.86;29/09/2026;14:00;26;0;SOLEIL;2;5.4;0
BELFORT;47.63;6.86;29/09/2026;15:00;26;0;SOLEIL;2;6.1;0
BELFORT;47.63;6.86;29/09/2026;16:00;26;0;SOLEIL;2;7.2;0
BELFORT;47.63;6.86;29/09/2026;17:00;21;0;SOLEIL;2;7.6;0
BELFORT;47.63;6.86;29/09/2026;18:00;21;0;SOLEIL;2;6.5;0
BELFORT;47.63;6.86;29/09/2026;19:00;21;0;SOLEIL;2;4.3;0
BELFORT;47.63;6.86;29/09/2026;20:00;19.0;5;SOLEIL VOILÉ;5;3.6;0
BELFORT;47.63;6.86;29/09/2026;21:00;17.4;5;SOLEIL VOILÉ;5;4.7;0
BELFORT;47.63;6.86;29/09/2026;22:00;15.8;5;SOLEIL VOILÉ;5;6.8;0
BELFORT;47.63;6.86;29/09/2026;23:00;15.2;0;SOLEIL;1;8.6;0
BELFORT;47.63;6.86;30/09/2026;00:00;15.2;0;SOLEIL;1;9.4;0
BELFORT;47.63;6.86;30/09/2026;01:00;15.2;0;SOLEIL;1;9.7;0
BELFORT;47.63;6.86;30/09/2026;02:00;13.4;2;NUAGEUX;5;9.7;0
BELFORT;47.63;6.86;30/09/2026;03:00;13.4;2;NUAGEUX;5;9.0;0
BELFORT;47.63;6.86;30/09/2026;04:00;13.4;2;NUAGEUX;5;7.9;0
BELFORT;47.63;6.86;30/09/2026;05:00;14.5;0;SOLEIL;1;7.2;0
BELFORT;47.63;6.86;30/09/2026;06:00;14.5;0;SOLEIL;1;6.8;0
BELFORT;47.63;6.86;30/09/2026;07:00;14.5;0;SOLEIL;1;6.5;0
BELFORT;47.63;6.86;30/09/2026;08:00;16.9;2;NUAGEUX;5;7.2;0
BELFORT;47.63;6.86;30/09/2026;09:00;18.6;2;NUAGEUX;5;9.4;0
BELFORT;47.63;6.86;30/09/2026;10:00;20.3;2;NUAGEUX;5;12.2;0
BELFORT;47.63;6.86;30/09/2026;11:00;27.4;2;NUAGEUX;2;14.0;0
BELFORT;47.63;6.86;30/09/2026;12:00;27.4;2;NUAGEUX;2;13.7;0
BELFORT;47.63;6.86;30/09/2026;13:00;27.4;2;NUAGEUX;2;12.6;0
BELFORT;47.63;6.86;30/09/2026;14:00;27.3;2;NUAGEUX;5;12.6;0
BELFORT;47.63;6.86;30/09/2026;15:00;29.0;2;NUAGEUX;5;15.8;0
BELFORT;47.63;6.86;30/09/2026;16:00;27.3;2;NUAGEUX;5;20.2;0
BELFORT;47.63;6.86;30/09/2026;17:00;22.5;2;NUAGEUX;2;22.0;0
BELFORT;47.63;6.86;30/09/2026;18:00;22.5;2;NUAGEUX;2;18.7;0
BELFORT;47.63;6.86;30/09/2026;19:00;22.5;2;NUAGEUX;2;12.6;0
BELFORT;47.63;6.86;30/09/2026;20:00;20.3;2;NUAGEUX;5;7.9;0
BELFORT;47.63;6.86;30/09/2026;21:00;18.6;2;NUAGEUX;5;5.8;0
BELFORT;47.63;6.86;30/09/2026;22:00;16.9;2;NUAGEUX;5;4.7;0
BELFORT;47.63;6.86;30/09/2026;23:00;18.2;2;NUAGEUX;2;4.0;0
BELFORT;47.63;6.86;01/10/2026;00:00;18.2;2;NUAGEUX;2;3.8;0
BELFORT;47.63;6.86;01/10/2026;01:00;18.2;2;NUAGEUX;2;3.8;0
BELFORT;47.63;6.86;01/10/2026;02:00;14.6;7;PLUIE FAIBLE;5;4.0;0
BELFORT;47.63;6.86;01/10/2026;03:00;14.6;7;PLUIE FAIBLE;5;4.0;0
BELFORT;47.63;6.86;01/10/2026;04:00;14.6;7;PLUIE FAIBLE;5;4.0;0
BELFORT;47.63;6.86;01/10/2026;05:00;16.4;2;NUAGEUX;2;4.0;0
BELFORT;47.63;6.86;01/10/2026;06:00;16.4;2;NUAGEUX;2;4.7;0
BELFORT;47.63;6.86;01/10/2026;07:00;16.4;2;NUAGEUX;2;5.8;0
BELFORT;47.63;6.86;01/10/2026;08:00;16.4;7;PLUIE FAIBLE;5;6.5;0
BELFORT;47.63;6.86;01/10/2026;09:00;17.3;7;PLUIE FAIBLE;5;6.8;0
BELFORT;47.63;6.86;01/10/2026;10:00;18.2;7;PLUIE FAIBLE;5;7.2;0
BELFORT;47.63;6.86;01/10/2026;11:00;21.9;7;PLUIE FAIBLE;3;7.9;0
BELFORT;47.63;6.86;01/10/2026;12:00;21.9;7;PLUIE FAIBLE;3;8.3;0
BELFORT;47.63;6.86;01/10/2026;13:00;21.9;7;PLUIE FAIBLE;3;9.0;0
BELFORT;47.63;6.86;01/10/2026;14:00;21.7;7;PLUIE FAIBLE;5;11.9;0
BELFORT;47.63;6.86;01/10/2026;15:00;22.6;7;PLUIE FAIBLE;5;19.8;0
BELFORT;47.63;6.86;01/10/2026;16:00;21.7;7;PLUIE FAIBLE;5;30.2;0
BELFORT;47.63;6.86;01/10/2026;17:00;17.7;7;PLUIE FAIBLE;3;36.4;0
BELFORT;47.63;6.86;01/10/2026;18:00;17.7;7;PLUIE FAIBLE;3;34.2;0
BELFORT;47.63;6.86;01/10/2026;19:00;17.7;7;PLUIE FAIBLE;3;27.7;0
BELFORT;47.63;6.86;01/10/2026;20:00;18.2;7;PLUIE FAIBLE;5;23.4;0
BELFORT;47.63;6.86;01/10/2026;21:00;17.3;7;PLUIE FAIBLE;5;24.5;0
BELFORT;47.63;6.86;01/10/2026;22:00;16.4;7;PLUIE FAIBLE;5;28.1;0
BELFORT;47.63;6.86;01/10/2026;23:00;14.7;7;PLUIE FAIBLE;2;29.5;0
BELFORT;47.63;6.86;02/10/2026;00:00;14.7;7;PLUIE FAIBLE;2;27.0;0
BELFORT;47.63;6.86;02/10/2026;01:00;14.7;7;PLUIE FAIBLE;2;22.7;0
BELFORT;47.63;6.86;02/10/2026;02:00;12;6;AVERSES;5;19.4;0
BELFORT;47.63;6.86;02/10/2026;03:00;12;6;AVERSES;5;18.7;0
BELFORT;47.63;6.86;02/10/2026;04:00;12;6;AVERSES;5;19.1;0
BELFORT;47.63;6.86;02/10/2026;05:00;13;2;NUAGEUX;1;19.4;0
BELFORT;47.63;6.86;02/10/2026;06:00;13;2;NUAGEUX;1;19.8;0
BELFORT;47.63;6.86;02/10/2026;07:00;13;2;NUAGEUX;1;20.5;0
BELFORT;47.63;6.86;02/10/2026;08:00;13.9;6;AVERSES;5;20.9;0
BELFORT;47.63;6.86;02/10/2026;09:00;14.8;6;AVERSES;5;22.0;0
BELFORT;47.63;6.86;02/10/2026;10:00;15.8;6;AVERSES;5;22.7;0
BELFORT;47.63;6.86;02/10/2026;11:00;19.6;6;AVERSES;2;22.3;0
BELFORT;47.63;6.86;02/10/2026;12:00;19.6;6;AVERSES;2;19.4;0
BELFORT;47.63;6.86;02/10/2026;13:00;19.6;6;AVERSES;2;15.1;0
BELFORT;47.63;6.86;02/10/2026;14:00;19.6;6;AVERSES;5;11.9;0
BELFORT;47.63;6.86;02/10/2026;15:00;20.5;6;AVERSES;5;10.1;0
BELFORT;47.63;6.86;02/10/2026;16:00;19.6;6;AVERSES;5;9.4;0
BELFORT;47.63;6.86;02/10/2026;17:00;16.4;7;PLUIE FAIBLE;2;9.4;0
BELFORT;47.63;6.86;02/10/2026;18:00;16.4;7;PLUIE FAIBLE;2;10.1;0
BELFORT;47.63;6.86;02/10/2026;19:00;16.4;7;PLUIE FAIBLE;2;11.5;0
BELFORT;47.63;6.86;02/10/2026;20:00;15.8;6;AVERSES;5;12.2;0
BELFORT;47.63;6.86;02/10/2026;21:00;14.8;6;AVERSES;5;12.2;0
BELFORT;47.63;6.86;02/10/2026;22:00;13.9;6;AVERSES;5;11.5;0
BELFORT;47.63;6.86;02/10/2026;23:00;13.5;0;SOLEIL;2;11.2;0
BELFORT;47.63;6.86;03/10/2026;00:00;13.5;0;SOLEIL;2;10.8;0
BELFORT;47.63;6.86;03/10/2026;01:00;13.5;0;SOLEIL;2;10.4;0
BELFORT;47.63;6.86;03/10/2026;02:00;10.6;0;SOLEIL;5;10.4;0
BELFORT;47.63;6.86;03/10/2026;03:00;10.6;0;SOLEIL;5;11.2;0
BELFORT;47.63;6.86;03/10/2026;04:00;10.6;0;SOLEIL;5;12.6;0
BELFORT;47.63;6.86;03/10/2026;05:00;11.6;0;SOLEIL;2;13.7;0
BELFORT;47.63;6.86;03/10/2026;06:00;11.6;0;SOLEIL;2;14.4;0
BELFORT;47.63;6.86;03/10/2026;07:00;11.6;0;SOLEIL;2;15.1;0
BELFORT;47.63;6.86;03/10/2026;08:00;12.8;0;SOLEIL;5;16.9;0
BELFORT;47.63;6.86;03/10/2026;09:00;13.9;0;SOLEIL;5;21.6;0
BELFORT;47.63;6.86;03/10/2026;10:00;15.0;0;SOLEIL;5;27.4;0
BELFORT;47.63;6.86;03/10/2026;11:00;19.6;0;SOLEIL;2;31.7;0
BELFORT;47.63;6.86;03/10/2026;12:00;19.6;0;SOLEIL;2;30.3;0
BELFORT;47.63;6.86;03/10/2026;13:00;19.6;0;SOLEIL;2;28.6;0
BELFORT;47.63;6.86;03/10/2026;14:00;19.5;0;SOLEIL;5;27.5;0
BELFORT;47.63;6.86;03/10/2026;15:00;20.6;0;SOLEIL;5;26.3;0
BELFORT;47.63;6.86;03/10/2026;16:00;19.5;0;SOLEIL;5;26.3;0
BELFORT;47.63;6.86;03/10/2026;17:00;16.4;0;SOLEIL;2;25.9;0
BELFORT;47.63;6.86;03/10/2026;18:00;16.4;0;SOLEIL;2;25.2;0
BELFORT;47.63;6.86;03/10/2026;19:00;16.4;0;SOLEIL;2;24.5;0
BELFORT;47.63;6.86;03/10/2026;20:00;15.0;0;SOLEIL;5;24.1;0
BELFORT;47.63;6.86;03/10/2026;21:00;13.9;0;SOLEIL;5;23.8;0
BELFORT;47.63;6.86;03/10/2026;22:00;12.8;0;SOLEIL;5;23.4;0
BELFORT;47.63;6.86;03/10/2026;23:00;13;0;SOLEIL;3;23.0;0
BELFORT;47.63;6.86;04/10/2026;00:00;13;0;SOLEIL;3;22.7;0
BELFORT;47.63;6.86;04/10/2026;01:00;13;0;SOLEIL;3;22.3;0
BELFORT;47.63;6.86;04/10/2026;02:00;10.4;0;SOLEIL;5;22.3;0
BELFORT;47.63;6.86;04/10/2026;03:00;10.4;0;SOLEIL;5;22.7;0
BELFORT;47.63;6.86;04/10/2026;04:00;10.4;0;SOLEIL;5;22.7;0
BELFORT;47.63;6.86;04/10/2026;05:00;11.6;0;SOLEIL;2;23.4;0
BELFORT;47.63;6.86;04/10/2026;06:00;11.6;0;SOLEIL;2;23.8;0
BELFORT;47.63;6.86;04/10/2026;07:00;11.6;0;SOLEIL;2;24.5;0
BELFORT;47.63;6.86;04/10/2026;08:00;12.6;0;SOLEIL;5;25.6;0
BELFORT;47.63;6.86;04/10/2026;09:00;13.8;0;SOLEIL;5;27.0;0
BELFORT;47.63;6.86;04/10/2026;10:00;14.9;0;SOLEIL;5;28.4;0
BELFORT;47.63;6.86;04/10/2026;11:00;19.7;0;SOLEIL;2;30.6;0
BELFORT;47.63;6.86;04/10/2026;12:00;19.7;0;SOLEIL;2;32.4;0
BELFORT;47.63;6.86;04/10/2026;13:00;19.7;0;SOLEIL;2;33.8;0
BELFORT;47.63;6.86;04/10/2026;14:00;19.4;0;SOLEIL;5;34.6;0
BELFORT;47.63;6.86;04/10/2026;15:00;20.5;0;SOLEIL;5;34.9;0
BELFORT;47.63;6.86;04/10/2026;16:00;19.4;0;SOLEIL;5;34.6;0
BELFORT;47.63;6.86;04/10/2026;17:00;15.6;0;SOLEIL;2;34.2;0
BELFORT;47.63;6.86;04/10/2026;18:00;15.6;0;SOLEIL;2;33.5;0
BELFORT;47.63;6.86;04/10/2026;19:00;15.6;0;SOLEIL;2;32.4;0
BELFORT;47.63;6.86;04/10/2026;20:00;14.9;0;SOLEIL;5;31.0;0
BELFORT;47.63;6.86;04/10/2026;21:00;13.8;0;SOLEIL;5;29.2;0
BELFORT;47.63;6.86;04/10/2026;22:00;12.6;0;SOLEIL;5;26.6;0
BELFORT;47.63;6.86;04/10/2026;23:00;12;0;SOLEIL;2;24.1;0
LIMOGES;45.83;1.26;27/09/2026;00:00;16.1;0;SOLEIL;2;7.6;0
LIMOGES;45.83;1.26;27/09/2026;01:00;15.6;0;SOLEIL;2;7.9;0
LIMOGES;45.83;1.26;27/09/2026;02:00;15.2;0;SOLEIL;2;7.9;0
LIMOGES;45.83;1.26;27/09/2026;03:00;15.1;0;SOLEIL;2;8.6;0
LIMOGES;45.83;1.26;27/09/2026;04:00;14.9;5;SOLEIL VOILÉ;2;8.6;0
LIMOGES;45.83;1.26;27/09/2026;05:00;14.5;5;SOLEIL VOILÉ;2;8.6;0
LIMOGES;45.83;1.26;27/09/2026;06:00;14.5;2;NUAGEUX;2;8.6;0
LIMOGES;45.83;1.26;27/09/2026;07:00;16.6;2;NUAGEUX;2;8.3;0
LIMOGES;45.83;1.26;27/09/2026;08:00;20.1;2;NUAGEUX;1;9.7;0
LIMOGES;45.83;1.26;27/09/2026;09:00;23.4;2;NUAGEUX;3;9.4;0
LIMOGES;45.83;1.26;27/09/2026;10:00;25.2;2;NUAGEUX;4;7.6;0
LIMOGES;45.83;1.26;27/09/2026;11:00;26.1;2;NUAGEUX;5;7.2;0
LIMOGES;45.83;1.26;27/09/2026;12:00;27.1;2;NUAGEUX;5;28.8;0
LIMOGES;45.83;1.26;27/09/2026;13:00;28.2;2;NUAGEUX;4;31.3;0
LIMOGES;45.83;1.26;27/09/2026;14:00;29;5;SOLEIL VOILÉ;4;32.0;0
LIMOGES;45.83;1.26;27/09/2026;15:00;29.2;5;SOLEIL VOILÉ;4;31.7;0
LIMOGES;45.83;1.26;27/09/2026;16:00;29.2;5;SOLEIL VOILÉ;3;30.2;0
LIMOGES;45.83;1.26;27/09/2026;17:00;28.1;2;NUAGEUX;3;28.4;0
LIMOGES;45.83;1.26;27/09/2026;18:00;27.1;2;NUAGEUX;2;27.0;0
LIMOGES;45.83;1.26;27/09/2026;19:00;24.6;2;NUAGEUX;2;25.2;0
LIMOGES;45.83;1.26;27/09/2026;20:00;23.1;5;SOLEIL VOILÉ;1;18.7;0
LIMOGES;45.83;1.26;27/09/2026;21:00;22.1;2;NUAGEUX;1;9.4;0
LIMOGES;45.83;1.26;27/09/2026;22:00;21.1;2;NUAGEUX;1;7.2;0
LIMOGES;45.83;1.26;27/09/2026;23:00;20.4;2;NUAGEUX;1;10.1;0
LIMOGES;45.83;1.26;28/09/2026;00:00;19.7;2;NUAGEUX;3;4.7;0
LIMOGES;45.83;1.26;28/09/2026;01:00;19.7;2;NUAGEUX;3;6.1;0
LIMOGES;45.83;1.26;28/09/2026;02:00;17.5;2;NUAGEUX;2;5.4;0
LIMOGES;45.83;1.26;28/09/2026;03:00;17.5;2;NUAGEUX;2;7.0;0
LIMOGES;45.83;1.26;28/09/2026;04:00;17.5;2;NUAGEUX;2;9.2;0
LIMOGES;45.83;1.26;28/09/2026;05:00;17;2;NUAGEUX;3;7.9;0
LIMOGES;45.83;1.26;28/09/2026;06:00;17;2;NUAGEUX;3;7.2;0
LIMOGES;45.83;1.26;28/09/2026;07:00;17;2;NUAGEUX;3;8.6;0
LIMOGES;45.83;1.26;28/09/2026;08:00;21.6;5;SOLEIL VOILÉ;3;6.1;0
LIMOGES;45.83;1.26;28/09/2026;09:00;21.6;5;SOLEIL VOILÉ;3;8.3;0
LIMOGES;45.83;1.26;28/09/2026;10:00;21.6;5;SOLEIL VOILÉ;3;10.1;0
LIMOGES;45.83;1.26;28/09/2026;11:00;25.2;5;SOLEIL VOILÉ;4;23.4;0
LIMOGES;45.83;1.26;28/09/2026;12:00;25.2;5;SOLEIL VOILÉ;4;33.5;0
LIMOGES;45.83;1.26;28/09/2026;13:00;25.2;5;SOLEIL VOILÉ;4;38.9;0
LIMOGES;45.83;1.26;28/09/2026;14:00;26.7;5;SOLEIL VOILÉ;3;41.0;0
LIMOGES;45.83;1.26;28/09/2026;15:00;26.7;5;SOLEIL VOILÉ;3;41.0;0
LIMOGES;45.83;1.26;28/09/2026;16:00;26.7;5;SOLEIL VOILÉ;3;38.5;0
LIMOGES;45.83;1.26;28/09/2026;17:00;25.2;5;SOLEIL VOILÉ;2;35.6;0
LIMOGES;45.83;1.26;28/09/2026;18:00;25.2;5;SOLEIL VOILÉ;2;32.4;0
LIMOGES;45.83;1.26;28/09/2026;19:00;25.2;5;SOLEIL VOILÉ;2;30.2;0
LIMOGES;45.83;1.26;28/09/2026;20:00;21.5;5;SOLEIL VOILÉ;4;22.0;0
LIMOGES;45.83;1.26;28/09/2026;21:00;21.5;5;SOLEIL VOILÉ;4;34.2;0
LIMOGES;45.83;1.26;28/09/2026;22:00;21.5;5;SOLEIL VOILÉ;4;41.4;0
LIMOGES;45.83;1.26;28/09/2026;23:00;18.2;5;SOLEIL VOILÉ;4;36.7;0
LIMOGES;45.83;1.26;29/09/2026;00:00;18.2;5;SOLEIL VOILÉ;4;30.2;0
LIMOGES;45.83;1.26;29/09/2026;01:00;18.2;5;SOLEIL VOILÉ;4;27.4;0
LIMOGES;45.83;1.26;29/09/2026;02:00;16.5;5;SOLEIL VOILÉ;4;24.8;0
LIMOGES;45.83;1.26;29/09/2026;03:00;16.5;5;SOLEIL VOILÉ;4;23.0;0
LIMOGES;45.83;1.26;29/09/2026;04:00;16.5;5;SOLEIL VOILÉ;4;21.6;0
LIMOGES;45.83;1.26;29/09/2026;05:00;16.5;0;SOLEIL;5;21.2;0
LIMOGES;45.83;1.26;29/09/2026;06:00;16.5;0;SOLEIL;5;19.1;0
LIMOGES;45.83;1.26;29/09/2026;07:00;16.5;0;SOLEIL;5;17.3;0
LIMOGES;45.83;1.26;29/09/2026;08:00;23.5;0;SOLEIL;6;18.0;0
LIMOGES;45.83;1.26;29/09/2026;09:00;23.5;0;SOLEIL;6;25.6;0
LIMOGES;45.83;1.26;29/09/2026;10:00;23.5;0;SOLEIL;6;36.0;0
LIMOGES;45.83;1.26;29/09/2026;11:00;27.1;0;SOLEIL;5;43.6;0
LIMOGES;45.83;1.26;29/09/2026;12:00;27.1;0;SOLEIL;5;45.0;0
LIMOGES;45.83;1.26;29/09/2026;13:00;27.1;0;SOLEIL;5;43.6;0
LIMOGES;45.83;1.26;29/09/2026;14:00;28.1;0;SOLEIL;5;42.1;0
LIMOGES;45.83;1.26;29/09/2026;15:00;28.1;0;SOLEIL;5;42.5;0
LIMOGES;45.83;1.26;29/09/2026;16:00;28.1;0;SOLEIL;5;43.6;0
LIMOGES;45.83;1.26;29/09/2026;17:00;26.2;0;SOLEIL;4;43.6;0
LIMOGES;45.83;1.26;29/09/2026;18:00;26.2;0;SOLEIL;4;42.5;0
LIMOGES;45.83;1.26;29/09/2026;19:00;26.2;0;SOLEIL;4;40.7;0
LIMOGES;45.83;1.26;29/09/2026;20:00;21.3;0;SOLEIL;5;38.2;0
LIMOGES;45.83;1.26;29/09/2026;21:00;19.8;0;SOLEIL;5;35.3;0
LIMOGES;45.83;1.26;29/09/2026;22:00;18.3;0;SOLEIL;5;32.0;0
LIMOGES;45.83;1.26;29/09/2026;23:00;18.4;2;NUAGEUX;6;28.8;0
LIMOGES;45.83;1.26;30/09/2026;00:00;18.4;2;NUAGEUX;6;25.9;0
LIMOGES;45.83;1.26;30/09/2026;01:00;18.4;2;NUAGEUX;6;23.4;0
LIMOGES;45.83;1.26;30/09/2026;02:00;16.7;6;AVERSES;5;21.2;0
LIMOGES;45.83;1.26;30/09/2026;03:00;16.7;6;AVERSES;5;20.2;0
LIMOGES;45.83;1.26;30/09/2026;04:00;16.7;6;AVERSES;5;19.8;0
LIMOGES;45.83;1.26;30/09/2026;05:00;18.4;2;NUAGEUX;6;19.8;0
LIMOGES;45.83;1.26;30/09/2026;06:00;18.4;2;NUAGEUX;6;19.4;0
LIMOGES;45.83;1.26;30/09/2026;07:00;18.4;2;NUAGEUX;6;19.1;0
LIMOGES;45.83;1.26;30/09/2026;08:00;19.1;6;AVERSES;5;20.2;0
LIMOGES;45.83;1.26;30/09/2026;09:00;20.3;6;AVERSES;5;24.1;0
LIMOGES;45.83;1.26;30/09/2026;10:00;21.5;6;AVERSES;5;29.5;0
LIMOGES;45.83;1.26;30/09/2026;11:00;26.5;2;NUAGEUX;5;33.1;0
LIMOGES;45.83;1.26;30/09/2026;12:00;26.5;2;NUAGEUX;5;33.1;0
LIMOGES;45.83;1.26;30/09/2026;13:00;26.5;2;NUAGEUX;5;31.7;0
LIMOGES;45.83;1.26;30/09/2026;14:00;26.4;6;AVERSES;5;31.0;0
LIMOGES;45.83;1.26;30/09/2026;15:00;27.6;6;AVERSES;5;33.1;0
LIMOGES;45.83;1.26;30/09/2026;16:00;26.4;6;AVERSES;5;36.0;0
LIMOGES;45.83;1.26;30/09/2026;17:00;21.4;6;AVERSES;3;36.7;0
LIMOGES;45.83;1.26;30/09/2026;18:00;21.4;6;AVERSES;3;32.8;0
LIMOGES;45.83;1.26;30/09/2026;19:00;21.4;6;AVERSES;3;25.9;0
LIMOGES;45.83;1.26;30/09/2026;20:00;21.5;6;AVERSES;5;20.9;0
LIMOGES;45.83;1.26;30/09/2026;21:00;20.3;6;AVERSES;5;18.7;0
LIMOGES;45.83;1.26;30/09/2026;22:00;19.1;6;AVERSES;5;17.6;0
LIMOGES;45.83;1.26;30/09/2026;23:00;18.1;6;AVERSES;3;17.3;0
LIMOGES;45.83;1.26;01/10/2026;00:00;18.1;6;AVERSES;3;17.3;0
LIMOGES;45.83;1.26;01/10/2026;01:00;18.1;6;AVERSES;3;17.3;0
LIMOGES;45.83;1.26;01/10/2026;02:00;15.1;6;AVERSES;5;17.3;0
LIMOGES;45.83;1.26;01/10/2026;03:00;15.1;6;AVERSES;5;19.8;0
LIMOGES;45.83;1.26;01/10/2026;04:00;15.1;6;AVERSES;5;24.1;0
LIMOGES;45.83;1.26;01/10/2026;05:00;16.9;6;AVERSES;3;26.6;0
LIMOGES;45.83;1.26;01/10/2026;06:00;16.9;6;AVERSES;3;27.0;0
LIMOGES;45.83;1.26;01/10/2026;07:00;16.9;6;AVERSES;3;25.6;0
LIMOGES;45.83;1.26;01/10/2026;08:00;16.5;6;AVERSES;5;23.4;0
LIMOGES;45.83;1.26;01/10/2026;09:00;17.1;6;AVERSES;5;19.1;0
LIMOGES;45.83;1.26;01/10/2026;10:00;17.8;6;AVERSES;5;14.0;0
LIMOGES;45.83;1.26;01/10/2026;11:00;20.2;6;AVERSES;3;10.4;0
LIMOGES;45.83;1.26;01/10/2026;12:00;20.2;6;AVERSES;3;10.1;0
LIMOGES;45.83;1.26;01/10/2026;13:00;20.2;6;AVERSES;3;11.5;0
LIMOGES;45.83;1.26;01/10/2026;14:00;20.5;6;AVERSES;5;14.0;0
LIMOGES;45.83;1.26;01/10/2026;15:00;21.2;6;AVERSES;5;18.4;0
LIMOGES;45.83;1.26;01/10/2026;16:00;20.5;6;AVERSES;5;23.8;0
LIMOGES;45.83;1.26;01/10/2026;17:00;17.1;7;PLUIE FAIBLE;2;26.3;0
LIMOGES;45.83;1.26;01/10/2026;18:00;17.1;7;PLUIE FAIBLE;2;24.1;0
LIMOGES;45.83;1.26;01/10/2026;19:00;17.1;7;PLUIE FAIBLE;2;19.1;0
LIMOGES;45.83;1.26;01/10/2026;20:00;17.8;6;AVERSES;5;14.4;0
LIMOGES;45.83;1.26;01/10/2026;21:00;17.1;6;AVERSES;5;10.8;0
LIMOGES;45.83;1.26;01/10/2026;22:00;16.5;6;AVERSES;5;7.9;0
LIMOGES;45.83;1.26;01/10/2026;23:00;12.5;0;SOLEIL;2;5.4;0
LIMOGES;45.83;1.26;02/10/2026;00:00;12.5;0;SOLEIL;2;4.0;0
LIMOGES;45.83;1.26;02/10/2026;01:00;12.5;0;SOLEIL;2;3.6;0
LIMOGES;45.83;1.26;02/10/2026;02:00;9;0;SOLEIL;5;3.2;0
LIMOGES;45.83;1.26;02/10/2026;03:00;9;0;SOLEIL;5;3.2;0
LIMOGES;45.83;1.26;02/10/2026;04:00;9;0;SOLEIL;5;3.6;0
LIMOGES;45.83;1.26;02/10/2026;05:00;10.4;0;SOLEIL;2;4.0;0
LIMOGES;45.83;1.26;02/10/2026;06:00;10.4;0;SOLEIL;2;4.7;0
LIMOGES;45.83;1.26;02/10/2026;07:00;10.4;0;SOLEIL;2;5.4;0
LIMOGES;45.83;1.26;02/10/2026;08:00;12.1;0;SOLEIL;5;6.5;0
LIMOGES;45.83;1.26;02/10/2026;09:00;13.7;0;SOLEIL;5;7.9;0
LIMOGES;45.83;1.26;02/10/2026;10:00;15.2;0;SOLEIL;5;10.1;0
LIMOGES;45.83;1.26;02/10/2026;11:00;22;0;SOLEIL;4;12.6;0
LIMOGES;45.83;1.26;02/10/2026;12:00;22;0;SOLEIL;4;16.9;0
LIMOGES;45.83;1.26;02/10/2026;13:00;22;0;SOLEIL;4;21.6;0
LIMOGES;45.83;1.26;02/10/2026;14:00;21.4;0;SOLEIL;5;25.6;0
LIMOGES;45.83;1.26;02/10/2026;15:00;23.0;0;SOLEIL;5;27.7;0
LIMOGES;45.83;1.26;02/10/2026;16:00;21.4;0;SOLEIL;5;28.8;0
LIMOGES;45.83;1.26;02/10/2026;17:00;17.6;0;SOLEIL;3;28.8;0
LIMOGES;45.83;1.26;02/10/2026;18:00;17.6;0;SOLEIL;3;27.7;0
LIMOGES;45.83;1.26;02/10/2026;19:00;17.6;0;SOLEIL;3;25.6;0
LIMOGES;45.83;1.26;02/10/2026;20:00;15.2;0;SOLEIL;5;22.7;0
LIMOGES;45.83;1.26;02/10/2026;21:00;13.7;0;SOLEIL;5;19.1;0
LIMOGES;45.83;1.26;02/10/2026;22:00;12.1;0;SOLEIL;5;15.1;0
LIMOGES;45.83;1.26;02/10/2026;23:00;12.4;0;SOLEIL;2;12.2;0
LIMOGES;45.83;1.26;03/10/2026;00:00;12.4;0;SOLEIL;2;10.8;0
LIMOGES;45.83;1.26;03/10/2026;01:00;12.4;0;SOLEIL;2;10.4;0
LIMOGES;45.83;1.26;03/10/2026;02:00;7.9;0;SOLEIL;5;10.1;0
LIMOGES;45.83;1.26;03/10/2026;03:00;7.9;0;SOLEIL;5;10.1;0
LIMOGES;45.83;1.26;03/10/2026;04:00;7.9;0;SOLEIL;5;10.4;0
LIMOGES;45.83;1.26;03/10/2026;05:00;9.2;0;SOLEIL;2;10.4;0
LIMOGES;45.83;1.26;03/10/2026;06:00;9.2;0;SOLEIL;2;9.4;0
LIMOGES;45.83;1.26;03/10/2026;07:00;9.2;0;SOLEIL;2;8.3;0
LIMOGES;45.83;1.26;03/10/2026;08:00;11.4;0;SOLEIL;5;8.3;0
LIMOGES;45.83;1.26;03/10/2026;09:00;13.2;0;SOLEIL;5;11.5;0
LIMOGES;45.83;1.26;03/10/2026;10:00;14.9;0;SOLEIL;5;16.2;0
LIMOGES;45.83;1.26;03/10/2026;11:00;22.6;0;SOLEIL;4;19.4;0
LIMOGES;45.83;1.26;03/10/2026;12:00;22.6;0;SOLEIL;4;18.5;0
LIMOGES;45.83;1.26;03/10/2026;13:00;22.6;0;SOLEIL;4;16.6;0
LIMOGES;45.83;1.26;03/10/2026;14:00;21.9;0;SOLEIL;5;15.9;0
LIMOGES;45.83;1.26;03/10/2026;15:00;23.7;0;SOLEIL;5;16.6;0
LIMOGES;45.83;1.26;03/10/2026;16:00;21.9;0;SOLEIL;5;17.6;0
LIMOGES;45.83;1.26;03/10/2026;17:00;18.1;0;SOLEIL;3;18.7;0
LIMOGES;45.83;1.26;03/10/2026;18:00;18.1;0;SOLEIL;3;20.2;0
LIMOGES;45.83;1.26;03/10/2026;19:00;18.1;0;SOLEIL;3;21.6;0
LIMOGES;45.83;1.26;03/10/2026;20:00;14.9;0;SOLEIL;5;22.7;0
LIMOGES;45.83;1.26;03/10/2026;21:00;13.2;0;SOLEIL;5;23.8;0
LIMOGES;45.83;1.26;03/10/2026;22:00;11.4;0;SOLEIL;5;24.8;0
LIMOGES;45.83;1.26;03/10/2026;23:00;12.6;0;SOLEIL;3;25.6;0
LIMOGES;45.83;1.26;04/10/2026;00:00;12.6;0;SOLEIL;3;26.6;0
LIMOGES;45.83;1.26;04/10/2026;01:00;12.6;0;SOLEIL;3;27.0;0
LIMOGES;45.83;1.26;04/10/2026;02:00;8.5;0;SOLEIL;5;27.4;0
LIMOGES;45.83;1.26;04/10/2026;03:00;8.5;0;SOLEIL;5;27.4;0
LIMOGES;45.83;1.26;04/10/2026;04:00;8.5;0;SOLEIL;5;26.6;0
LIMOGES;45.83;1.26;04/10/2026;05:00;9.6;0;SOLEIL;3;25.9;0
LIMOGES;45.83;1.26;04/10/2026;06:00;9.6;0;SOLEIL;3;25.2;0
LIMOGES;45.83;1.26;04/10/2026;07:00;9.6;0;SOLEIL;3;24.1;0
LIMOGES;45.83;1.26;04/10/2026;08:00;11.7;0;SOLEIL;5;23.0;0
LIMOGES;45.83;1.26;04/10/2026;09:00;13.4;0;SOLEIL;5;21.6;0
LIMOGES;45.83;1.26;04/10/2026;10:00;15.0;0;SOLEIL;5;20.2;0
LIMOGES;45.83;1.26;04/10/2026;11:00;22.2;0;SOLEIL;4;18.4;0
LIMOGES;45.83;1.26;04/10/2026;12:00;22.2;0;SOLEIL;4;16.6;0
LIMOGES;45.83;1.26;04/10/2026;13:00;22.2;0;SOLEIL;4;15.5;0
LIMOGES;45.83;1.26;04/10/2026;14:00;21.5;0;SOLEIL;5;14.4;0
LIMOGES;45.83;1.26;04/10/2026;15:00;23.1;0;SOLEIL;5;14.0;0
LIMOGES;45.83;1.26;04/10/2026;16:00;21.5;0;SOLEIL;5;13.7;0
LIMOGES;45.83;1.26;04/10/2026;17:00;17.1;0;SOLEIL;3;13.7;0
LIMOGES;45.83;1.26;04/10/2026;18:00;17.1;0;SOLEIL;3;14.0;0
LIMOGES;45.83;1.26;04/10/2026;19:00;17.1;0;SOLEIL;3;14.4;0
LIMOGES;45.83;1.26;04/10/2026;20:00;15.0;0;SOLEIL;5;15.5;0
LIMOGES;45.83;1.26;04/10/2026;21:00;13.4;0;SOLEIL;5;17.3;0
LIMOGES;45.83;1.26;04/10/2026;22:00;11.7;0;SOLEIL;5;19.4;0
LIMOGES;45.83;1.26;04/10/2026;23:00;13.1;0;SOLEIL;2;22.3;0
VICHY;46.12;3.42;27/09/2026;00:00;14.7;0;SOLEIL;2;5.4;0
VICHY;46.12;3.42;27/09/2026;01:00;13.7;0;SOLEIL;2;7.2;0
VICHY;46.12;3.42;27/09/2026;02:00;13.1;0;SOLEIL;2;7.2;0
VICHY;46.12;3.42;27/09/2026;03:00;13.1;0;SOLEIL;2;6.8;0
VICHY;46.12;3.42;27/09/2026;04:00;12.9;0;SOLEIL;2;7.6;0
VICHY;46.12;3.42;27/09/2026;05:00;12.3;0;SOLEIL;2;7.9;0
VICHY;46.12;3.42;27/09/2026;06:00;13.1;0;SOLEIL;1;8.3;0
VICHY;46.12;3.42;27/09/2026;07:00;14.5;0;SOLEIL;2;8.3;0
VICHY;46.12;3.42;27/09/2026;08:00;17.6;0;SOLEIL;2;8.3;0
VICHY;46.12;3.42;27/09/2026;09:00;21;0;SOLEIL;2;7.9;0
VICHY;46.12;3.42;27/09/2026;10:00;25.7;0;SOLEIL;3;8.6;0
VICHY;46.12;3.42;27/09/2026;11:00;28.7;0;SOLEIL;3;14.4;0
VICHY;46.12;3.42;27/09/2026;12:00;31.2;0;SOLEIL;3;15.8;0
VICHY;46.12;3.42;27/09/2026;13:00;32.4;0;SOLEIL;2;16.9;0
VICHY;46.12;3.42;27/09/2026;14:00;32.9;5;SOLEIL VOILÉ;2;12.6;0
VICHY;46.12;3.42;27/09/2026;15:00;32.4;5;SOLEIL VOILÉ;2;10.1;0
VICHY;46.12;3.42;27/09/2026;16:00;32.2;2;NUAGEUX;1;11.2;0
VICHY;46.12;3.42;27/09/2026;17:00;30.4;2;NUAGEUX;2;8.3;0
VICHY;46.12;3.42;27/09/2026;18:00;27.9;5;SOLEIL VOILÉ;2;7.6;0
VICHY;46.12;3.42;27/09/2026;19:00;25.4;5;SOLEIL VOILÉ;1;13.3;0
VICHY;46.12;3.42;27/09/2026;20:00;23.2;5;SOLEIL VOILÉ;1;7.9;0
VICHY;46.12;3.42;27/09/2026;21:00;22.6;5;SOLEIL VOILÉ;2;7.2;0
VICHY;46.12;3.42;27/09/2026;22:00;22.1;2;NUAGEUX;2;13.7;0
VICHY;46.12;3.42;27/09/2026;23:00;21;2;NUAGEUX;2;11.2;0
VICHY;46.12;3.42;28/09/2026;00:00;19.6;2;NUAGEUX;3;11.9;0
VICHY;46.12;3.42;28/09/2026;01:00;19.6;2;NUAGEUX;3;17.3;0
VICHY;46.12;3.42;28/09/2026;02:00;17.5;5;SOLEIL VOILÉ;3;20.9;0
VICHY;46.12;3.42;28/09/2026;03:00;17.5;5;SOLEIL VOILÉ;3;21.6;0
VICHY;46.12;3.42;28/09/2026;04:00;17.5;5;SOLEIL VOILÉ;3;19.3;0
VICHY;46.12;3.42;28/09/2026;05:00;16.6;5;SOLEIL VOILÉ;2;17.1;0
VICHY;46.12;3.42;28/09/2026;06:00;16.6;5;SOLEIL VOILÉ;2;15.8;0
VICHY;46.12;3.42;28/09/2026;07:00;16.6;5;SOLEIL VOILÉ;2;15.1;0
VICHY;46.12;3.42;28/09/2026;08:00;21.2;5;SOLEIL VOILÉ;2;13.0;0
VICHY;46.12;3.42;28/09/2026;09:00;21.2;5;SOLEIL VOILÉ;2;11.5;0
VICHY;46.12;3.42;28/09/2026;10:00;21.2;5;SOLEIL VOILÉ;2;12.2;0
VICHY;46.12;3.42;28/09/2026;11:00;27.9;5;SOLEIL VOILÉ;2;23.4;0
VICHY;46.12;3.42;28/09/2026;12:00;27.9;5;SOLEIL VOILÉ;2;36.4;0
VICHY;46.12;3.42;28/09/2026;13:00;27.9;5;SOLEIL VOILÉ;2;37.4;0
VICHY;46.12;3.42;28/09/2026;14:00;29.4;5;SOLEIL VOILÉ;2;35.6;0
VICHY;46.12;3.42;28/09/2026;15:00;29.4;5;SOLEIL VOILÉ;2;36.0;0
VICHY;46.12;3.42;28/09/2026;16:00;29.4;5;SOLEIL VOILÉ;2;34.9;0
VICHY;46.12;3.42;28/09/2026;17:00;26.6;5;SOLEIL VOILÉ;3;31.7;0
VICHY;46.12;3.42;28/09/2026;18:00;26.6;5;SOLEIL VOILÉ;3;26.6;0
VICHY;46.12;3.42;28/09/2026;19:00;26.6;5;SOLEIL VOILÉ;3;22.0;0
VICHY;46.12;3.42;28/09/2026;20:00;21.2;5;SOLEIL VOILÉ;5;20.2;0
VICHY;46.12;3.42;28/09/2026;21:00;21.2;5;SOLEIL VOILÉ;5;35.6;0
VICHY;46.12;3.42;28/09/2026;22:00;21.2;5;SOLEIL VOILÉ;5;37.1;0
VICHY;46.12;3.42;28/09/2026;23:00;18.5;5;SOLEIL VOILÉ;4;36.0;0
VICHY;46.12;3.42;29/09/2026;00:00;18.5;5;SOLEIL VOILÉ;4;33.5;0
VICHY;46.12;3.42;29/09/2026;01:00;18.5;5;SOLEIL VOILÉ;4;31.7;0
VICHY;46.12;3.42;29/09/2026;02:00;16.7;5;SOLEIL VOILÉ;3;35.6;0
VICHY;46.12;3.42;29/09/2026;03:00;16.7;5;SOLEIL VOILÉ;3;37.1;0
VICHY;46.12;3.42;29/09/2026;04:00;16.7;5;SOLEIL VOILÉ;3;37.1;0
VICHY;46.12;3.42;29/09/2026;05:00;17;5;SOLEIL VOILÉ;3;37.1;0
VICHY;46.12;3.42;29/09/2026;06:00;17;5;SOLEIL VOILÉ;3;39.2;0
VICHY;46.12;3.42;29/09/2026;07:00;17;5;SOLEIL VOILÉ;3;38.5;0
VICHY;46.12;3.42;29/09/2026;08:00;21.6;0;SOLEIL;5;33.5;0
VICHY;46.12;3.42;29/09/2026;09:00;21.6;0;SOLEIL;5;35.6;0
VICHY;46.12;3.42;29/09/2026;10:00;21.6;0;SOLEIL;5;38.9;0
VICHY;46.12;3.42;29/09/2026;11:00;27.7;0;SOLEIL;4;42.1;0
VICHY;46.12;3.42;29/09/2026;12:00;27.7;0;SOLEIL;4;45.4;0
VICHY;46.12;3.42;29/09/2026;13:00;27.7;0;SOLEIL;4;48.6;0
VICHY;46.12;3.42;29/09/2026;14:00;27.6;0;SOLEIL;4;49.7;0
VICHY;46.12;3.42;29/09/2026;15:00;27.6;0;SOLEIL;4;47.9;0
VICHY;46.12;3.42;29/09/2026;16:00;27.6;0;SOLEIL;4;44.6;0
VICHY;46.12;3.42;29/09/2026;17:00;25;0;SOLEIL;4;40.3;0
VICHY;46.12;3.42;29/09/2026;18:00;25;0;SOLEIL;4;34.9;0
VICHY;46.12;3.42;29/09/2026;19:00;25;0;SOLEIL;4;28.8;0
VICHY;46.12;3.42;29/09/2026;20:00;21.6;0;SOLEIL;5;24.8;0
VICHY;46.12;3.42;29/09/2026;21:00;20.2;0;SOLEIL;5;23.8;0
VICHY;46.12;3.42;29/09/2026;22:00;18.8;0;SOLEIL;5;24.5;0
VICHY;46.12;3.42;29/09/2026;23:00;17.9;0;SOLEIL;4;26.3;0
VICHY;46.12;3.42;30/09/2026;00:00;17.9;0;SOLEIL;4;29.5;0
VICHY;46.12;3.42;30/09/2026;01:00;17.9;0;SOLEIL;4;33.5;0
VICHY;46.12;3.42;30/09/2026;02:00;18.5;2;NUAGEUX;5;36.0;0
VICHY;46.12;3.42;30/09/2026;03:00;18.5;2;NUAGEUX;5;35.3;0
VICHY;46.12;3.42;30/09/2026;04:00;18.5;2;NUAGEUX;5;33.5;0
VICHY;46.12;3.42;30/09/2026;05:00;20.1;2;NUAGEUX;4;31.7;0
VICHY;46.12;3.42;30/09/2026;06:00;20.1;2;NUAGEUX;4;30.2;0
VICHY;46.12;3.42;30/09/2026;07:00;20.1;2;NUAGEUX;4;29.5;0
VICHY;46.12;3.42;30/09/2026;08:00;21.3;2;NUAGEUX;5;31.3;0
VICHY;46.12;3.42;30/09/2026;09:00;22.7;2;NUAGEUX;5;38.5;0
VICHY;46.12;3.42;30/09/2026;10:00;24.1;2;NUAGEUX;5;47.9;0
VICHY;46.12;3.42;30/09/2026;11:00;29.9;2;NUAGEUX;4;54.0;0
VICHY;46.12;3.42;30/09/2026;12:00;29.9;2;NUAGEUX;4;53.3;0
VICHY;46.12;3.42;30/09/2026;13:00;29.9;2;NUAGEUX;4;49.0;0
VICHY;46.12;3.42;30/09/2026;14:00;29.7;2;NUAGEUX;5;43.9;0
VICHY;46.12;3.42;30/09/2026;15:00;31.1;2;NUAGEUX;5;39.2;0
VICHY;46.12;3.42;30/09/2026;16:00;29.7;2;NUAGEUX;5;33.8;0
VICHY;46.12;3.42;30/09/2026;17:00;25.1;6;AVERSES;3;28.4;0
VICHY;46.12;3.42;30/09/2026;18:00;25.1;6;AVERSES;3;22.3;0
VICHY;46.12;3.42;30/09/2026;19:00;25.1;6;AVERSES;3;16.2;0
VICHY;46.12;3.42;30/09/2026;20:00;24.1;2;NUAGEUX;5;11.9;0
VICHY;46.12;3.42;30/09/2026;21:00;22.7;2;NUAGEUX;5;10.4;0
VICHY;46.12;3.42;30/09/2026;22:00;21.3;2;NUAGEUX;5;10.8;0
VICHY;46.12;3.42;30/09/2026;23:00;20.6;7;PLUIE FAIBLE;3;11.5;0
VICHY;46.12;3.42;01/10/2026;00:00;20.6;7;PLUIE FAIBLE;3;10.6;0
VICHY;46.12;3.42;01/10/2026;01:00;20.6;7;PLUIE FAIBLE;3;9.9;0
VICHY;46.12;3.42;01/10/2026;02:00;16.5;7;PLUIE FAIBLE;5;9.1;0
VICHY;46.12;3.42;01/10/2026;03:00;16.5;7;PLUIE FAIBLE;5;7.6;0
VICHY;46.12;3.42;01/10/2026;04:00;16.5;7;PLUIE FAIBLE;5;6.8;0
VICHY;46.12;3.42;01/10/2026;05:00;18.5;7;PLUIE FAIBLE;2;6.5;0
VICHY;46.12;3.42;01/10/2026;06:00;18.5;7;PLUIE FAIBLE;2;6.1;0
VICHY;46.12;3.42;01/10/2026;07:00;18.5;7;PLUIE FAIBLE;2;6.5;0
VICHY;46.12;3.42;01/10/2026;08:00;17.7;7;PLUIE FAIBLE;5;9.0;0
VICHY;46.12;3.42;01/10/2026;09:00;18.3;7;PLUIE FAIBLE;5;16.6;0
VICHY;46.12;3.42;01/10/2026;10:00;18.9;7;PLUIE FAIBLE;5;26.3;0
VICHY;46.12;3.42;01/10/2026;11:00;20.7;7;PLUIE FAIBLE;3;32.0;0
VICHY;46.12;3.42;01/10/2026;12:00;20.7;7;PLUIE FAIBLE;3;30.6;0
VICHY;46.12;3.42;01/10/2026;13:00;20.7;7;PLUIE FAIBLE;3;25.2;0
VICHY;46.12;3.42;01/10/2026;14:00;21.3;7;PLUIE FAIBLE;5;20.5;0
VICHY;46.12;3.42;01/10/2026;15:00;21.9;7;PLUIE FAIBLE;5;18.7;0
VICHY;46.12;3.42;01/10/2026;16:00;21.3;7;PLUIE FAIBLE;5;17.6;0
VICHY;46.12;3.42;01/10/2026;17:00;18.1;6;AVERSES;2;16.6;0
VICHY;46.12;3.42;01/10/2026;18:00;18.1;6;AVERSES;2;14.0;0
VICHY;46.12;3.42;01/10/2026;19:00;18.1;6;AVERSES;2;11.2;0
VICHY;46.12;3.42;01/10/2026;20:00;18.9;7;PLUIE FAIBLE;5;9.7;0
VICHY;46.12;3.42;01/10/2026;21:00;18.3;7;PLUIE FAIBLE;5;10.4;0
VICHY;46.12;3.42;01/10/2026;22:00;17.7;7;PLUIE FAIBLE;5;12.2;0
VICHY;46.12;3.42;01/10/2026;23:00;15.4;0;SOLEIL;0;13.3;0
VICHY;46.12;3.42;02/10/2026;00:00;15.4;0;SOLEIL;0;12.6;0
VICHY;46.12;3.42;02/10/2026;01:00;15.4;0;SOLEIL;0;11.5;0
VICHY;46.12;3.42;02/10/2026;02:00;12.6;0;SOLEIL;5;10.4;0
VICHY;46.12;3.42;02/10/2026;03:00;12.6;0;SOLEIL;5;10.1;0
VICHY;46.12;3.42;02/10/2026;04:00;12.6;0;SOLEIL;5;9.7;0
VICHY;46.12;3.42;02/10/2026;05:00;13.6;0;SOLEIL;0;9.4;0
VICHY;46.12;3.42;02/10/2026;06:00;13.6;0;SOLEIL;0;8.3;0
VICHY;46.12;3.42;02/10/2026;07:00;13.6;0;SOLEIL;0;6.8;0
VICHY;46.12;3.42;02/10/2026;08:00;14.6;0;SOLEIL;5;7.6;0
VICHY;46.12;3.42;02/10/2026;09:00;15.6;0;SOLEIL;5;12.2;0
VICHY;46.12;3.42;02/10/2026;10:00;16.6;0;SOLEIL;5;18.7;0
VICHY;46.12;3.42;02/10/2026;11:00;20.9;0;SOLEIL;3;23.8;0
VICHY;46.12;3.42;02/10/2026;12:00;20.9;0;SOLEIL;3;25.9;0
VICHY;46.12;3.42;02/10/2026;13:00;20.9;0;SOLEIL;3;26.6;0
VICHY;46.12;3.42;02/10/2026;14:00;20.7;0;SOLEIL;5;27.4;0
VICHY;46.12;3.42;02/10/2026;15:00;21.7;0;SOLEIL;5;28.4;0
VICHY;46.12;3.42;02/10/2026;16:00;20.7;0;SOLEIL;5;29.2;0
VICHY;46.12;3.42;02/10/2026;17:00;18.6;0;SOLEIL;2;29.2;0
VICHY;46.12;3.42;02/10/2026;18:00;18.6;0;SOLEIL;2;27.7;0
VICHY;46.12;3.42;02/10/2026;19:00;18.6;0;SOLEIL;2;25.6;0
VICHY;46.12;3.42;02/10/2026;20:00;16.6;0;SOLEIL;5;23.0;0
VICHY;46.12;3.42;02/10/2026;21:00;15.6;0;SOLEIL;5;19.8;0
VICHY;46.12;3.42;02/10/2026;22:00;14.6;0;SOLEIL;5;16.2;0
VICHY;46.12;3.42;02/10/2026;23:00;14.1;0;SOLEIL;1;13.3;0
VICHY;46.12;3.42;03/10/2026;00:00;14.1;0;SOLEIL;1;11.5;0
VICHY;46.12;3.42;03/10/2026;01:00;14.1;0;SOLEIL;1;10.1;0
VICHY;46.12;3.42;03/10/2026;02:00;10.5;0;SOLEIL;5;8.6;0
VICHY;46.12;3.42;03/10/2026;03:00;10.5;0;SOLEIL;5;7.2;0
VICHY;46.12;3.42;03/10/2026;04:00;10.5;0;SOLEIL;5;5.8;0
VICHY;46.12;3.42;03/10/2026;05:00;11.6;0;SOLEIL;1;4.7;0
VICHY;46.12;3.42;03/10/2026;06:00;11.6;0;SOLEIL;1;3.2;0
VICHY;46.12;3.42;03/10/2026;07:00;11.6;0;SOLEIL;1;2.2;0
VICHY;46.12;3.42;03/10/2026;08:00;13.3;0;SOLEIL;5;1.8;0
VICHY;46.12;3.42;03/10/2026;09:00;14.6;0;SOLEIL;5;2.9;0
VICHY;46.12;3.42;03/10/2026;10:00;16.0;0;SOLEIL;5;4.7;0
VICHY;46.12;3.42;03/10/2026;11:00;21.7;0;SOLEIL;2;6.5;0
VICHY;46.12;3.42;03/10/2026;12:00;21.7;0;SOLEIL;2;9.5;0
VICHY;46.12;3.42;03/10/2026;13:00;21.7;0;SOLEIL;2;13.3;0
VICHY;46.12;3.42;03/10/2026;14:00;21.5;0;SOLEIL;5;17.9;0
VICHY;46.12;3.42;03/10/2026;15:00;22.9;0;SOLEIL;5;23.0;0
VICHY;46.12;3.42;03/10/2026;16:00;21.5;0;SOLEIL;5;25.2;0
VICHY;46.12;3.42;03/10/2026;17:00;19.6;0;SOLEIL;3;27.0;0
VICHY;46.12;3.42;03/10/2026;18:00;19.6;0;SOLEIL;3;28.4;0
VICHY;46.12;3.42;03/10/2026;19:00;19.6;0;SOLEIL;3;29.5;0
VICHY;46.12;3.42;03/10/2026;20:00;16.0;0;SOLEIL;5;29.9;0
VICHY;46.12;3.42;03/10/2026;21:00;14.6;0;SOLEIL;5;29.2;0
VICHY;46.12;3.42;03/10/2026;22:00;13.3;0;SOLEIL;5;27.7;0
VICHY;46.12;3.42;03/10/2026;23:00;14.4;0;SOLEIL;3;25.6;0
VICHY;46.12;3.42;04/10/2026;00:00;14.4;0;SOLEIL;3;23.4;0
VICHY;46.12;3.42;04/10/2026;01:00;14.4;0;SOLEIL;3;20.9;0
VICHY;46.12;3.42;04/10/2026;02:00;10.4;0;SOLEIL;5;18.7;0
VICHY;46.12;3.42;04/10/2026;03:00;10.4;0;SOLEIL;5;16.6;0
VICHY;46.12;3.42;04/10/2026;04:00;10.4;0;SOLEIL;5;14.0;0
VICHY;46.12;3.42;04/10/2026;05:00;11.5;0;SOLEIL;2;11.2;0
VICHY;46.12;3.42;04/10/2026;06:00;11.5;0;SOLEIL;2;9.0;0
VICHY;46.12;3.42;04/10/2026;07:00;11.5;0;SOLEIL;2;7.2;0
VICHY;46.12;3.42;04/10/2026;08:00;13.3;0;SOLEIL;5;6.5;0
VICHY;46.12;3.42;04/10/2026;09:00;14.8;0;SOLEIL;5;6.8;0
VICHY;46.12;3.42;04/10/2026;10:00;16.2;0;SOLEIL;5;8.6;0
VICHY;46.12;3.42;04/10/2026;11:00;22.5;0;SOLEIL;2;10.8;0
VICHY;46.12;3.42;04/10/2026;12:00;22.5;0;SOLEIL;2;13.0;0
VICHY;46.12;3.42;04/10/2026;13:00;22.5;0;SOLEIL;2;15.5;0
VICHY;46.12;3.42;04/10/2026;14:00;22.0;0;SOLEIL;5;17.3;0
VICHY;46.12;3.42;04/10/2026;15:00;23.5;0;SOLEIL;5;18.7;0
VICHY;46.12;3.42;04/10/2026;16:00;22.0;0;SOLEIL;5;20.2;0
VICHY;46.12;3.42;04/10/2026;17:00;18.9;0;SOLEIL;2;21.6;0
VICHY;46.12;3.42;04/10/2026;18:00;18.9;0;SOLEIL;2;23.0;0
VICHY;46.12;3.42;04/10/2026;19:00;18.9;0;SOLEIL;2;23.8;0
VICHY;46.12;3.42;04/10/2026;20:00;16.2;0;SOLEIL;5;24.5;0
VICHY;46.12;3.42;04/10/2026;21:00;14.8;0;SOLEIL;5;24.8;0
VICHY;46.12;3.42;04/10/2026;22:00;13.3;0;SOLEIL;5;24.8;0
VICHY;46.12;3.42;04/10/2026;23:00;13.6;0;SOLEIL;2;24.8;0
LYON;45.76;4.83;27/09/2026;00:00;18.1;0;SOLEIL;3;9.7;0
LYON;45.76;4.83;27/09/2026;01:00;16.9;0;SOLEIL;3;6.5;0
LYON;45.76;4.83;27/09/2026;02:00;16.6;0;SOLEIL;3;5.0;0
LYON;45.76;4.83;27/09/2026;03:00;17.1;0;SOLEIL;3;5.4;0
LYON;45.76;4.83;27/09/2026;04:00;17.1;0;SOLEIL;2;6.1;0
LYON;45.76;4.83;27/09/2026;05:00;16.3;0;SOLEIL;3;7.6;0
LYON;45.76;4.83;27/09/2026;06:00;15.9;0;SOLEIL;3;6.5;0
LYON;45.76;4.83;27/09/2026;07:00;17;0;SOLEIL;3;8.6;0
LYON;45.76;4.83;27/09/2026;08:00;19.1;0;SOLEIL;4;8.6;0
LYON;45.76;4.83;27/09/2026;09:00;21.9;0;SOLEIL;5;9.7;0
LYON;45.76;4.83;27/09/2026;10:00;24.1;0;SOLEIL;5;15.8;0
LYON;45.76;4.83;27/09/2026;11:00;26.1;0;SOLEIL;6;30.6;0
LYON;45.76;4.83;27/09/2026;12:00;28.1;0;SOLEIL;6;37.1;0
LYON;45.76;4.83;27/09/2026;13:00;29.1;0;SOLEIL;6;42.8;0
LYON;45.76;4.83;27/09/2026;14:00;29.4;0;SOLEIL;6;46.8;0
LYON;45.76;4.83;27/09/2026;15:00;29.1;0;SOLEIL;5;46.8;0
LYON;45.76;4.83;27/09/2026;16:00;28.6;0;SOLEIL;5;46.1;0
LYON;45.76;4.83;27/09/2026;17:00;27.6;0;SOLEIL;5;43.9;0
LYON;45.76;4.83;27/09/2026;18:00;26.6;0;SOLEIL;4;42.5;0
LYON;45.76;4.83;27/09/2026;19:00;25.2;0;SOLEIL;4;40.3;0
LYON;45.76;4.83;27/09/2026;20:00;24;0;SOLEIL;4;37.4;0
LYON;45.76;4.83;27/09/2026;21:00;22.7;0;SOLEIL;4;32.8;0
LYON;45.76;4.83;27/09/2026;22:00;22.1;0;SOLEIL;4;24.1;0
LYON;45.76;4.83;27/09/2026;23:00;21.5;5;SOLEIL VOILÉ;4;20.9;0
LYON;45.76;4.83;28/09/2026;00:00;21.1;5;SOLEIL VOILÉ;4;20.5;0
LYON;45.76;4.83;28/09/2026;01:00;21.1;5;SOLEIL VOILÉ;4;20.2;0
LYON;45.76;4.83;28/09/2026;02:00;18.9;5;SOLEIL VOILÉ;2;18.4;0
LYON;45.76;4.83;28/09/2026;03:00;18.9;5;SOLEIL VOILÉ;2;13.9;0
LYON;45.76;4.83;28/09/2026;04:00;18.9;5;SOLEIL VOILÉ;2;10.4;0
LYON;45.76;4.83;28/09/2026;05:00;17.9;5;SOLEIL VOILÉ;2;6.8;0
LYON;45.76;4.83;28/09/2026;06:00;17.9;5;SOLEIL VOILÉ;2;4.3;0
LYON;45.76;4.83;28/09/2026;07:00;17.9;5;SOLEIL VOILÉ;2;5.4;0
LYON;45.76;4.83;28/09/2026;08:00;22.2;5;SOLEIL VOILÉ;3;5.4;0
LYON;45.76;4.83;28/09/2026;09:00;22.2;5;SOLEIL VOILÉ;3;4.7;0
LYON;45.76;4.83;28/09/2026;10:00;22.2;5;SOLEIL VOILÉ;3;9.7;0
LYON;45.76;4.83;28/09/2026;11:00;27.6;5;SOLEIL VOILÉ;5;31.3;0
LYON;45.76;4.83;28/09/2026;12:00;27.6;5;SOLEIL VOILÉ;5;39.6;0
LYON;45.76;4.83;28/09/2026;13:00;27.6;5;SOLEIL VOILÉ;5;49.7;0
LYON;45.76;4.83;28/09/2026;14:00;29.1;5;SOLEIL VOILÉ;5;50.4;0
LYON;45.76;4.83;28/09/2026;15:00;29.1;5;SOLEIL VOILÉ;5;51.1;0
LYON;45.76;4.83;28/09/2026;16:00;29.1;5;SOLEIL VOILÉ;5;50.8;0
LYON;45.76;4.83;28/09/2026;17:00;25.9;5;SOLEIL VOILÉ;3;49.3;0
LYON;45.76;4.83;28/09/2026;18:00;25.9;5;SOLEIL VOILÉ;3;45.4;0
LYON;45.76;4.83;28/09/2026;19:00;25.9;5;SOLEIL VOILÉ;3;42.1;0
LYON;45.76;4.83;28/09/2026;20:00;22.6;5;SOLEIL VOILÉ;2;36.0;0
LYON;45.76;4.83;28/09/2026;21:00;22.6;5;SOLEIL VOILÉ;2;20.2;0
LYON;45.76;4.83;28/09/2026;22:00;22.6;5;SOLEIL VOILÉ;2;12.6;0
LYON;45.76;4.83;28/09/2026;23:00;21;5;SOLEIL VOILÉ;3;8.6;0
LYON;45.76;4.83;29/09/2026;00:00;21;5;SOLEIL VOILÉ;3;10.1;0
LYON;45.76;4.83;29/09/2026;01:00;21;5;SOLEIL VOILÉ;3;10.8;0
LYON;45.76;4.83;29/09/2026;02:00;19.6;5;SOLEIL VOILÉ;2;10.1;0
LYON;45.76;4.83;29/09/2026;03:00;19.6;5;SOLEIL VOILÉ;2;7.2;0
LYON;45.76;4.83;29/09/2026;04:00;19.6;5;SOLEIL VOILÉ;2;5.4;0
LYON;45.76;4.83;29/09/2026;05:00;18.4;5;SOLEIL VOILÉ;2;5.0;0
LYON;45.76;4.83;29/09/2026;06:00;18.4;5;SOLEIL VOILÉ;2;5.0;0
LYON;45.76;4.83;29/09/2026;07:00;18.4;5;SOLEIL VOILÉ;2;5.4;0
LYON;45.76;4.83;29/09/2026;08:00;21.7;5;SOLEIL VOILÉ;3;6.8;0
LYON;45.76;4.83;29/09/2026;09:00;21.7;5;SOLEIL VOILÉ;3;10.8;0
LYON;45.76;4.83;29/09/2026;10:00;21.7;5;SOLEIL VOILÉ;3;16.9;0
LYON;45.76;4.83;29/09/2026;11:00;24.6;5;SOLEIL VOILÉ;6;24.5;0
LYON;45.76;4.83;29/09/2026;12:00;24.6;5;SOLEIL VOILÉ;6;36.4;0
LYON;45.76;4.83;29/09/2026;13:00;24.6;5;SOLEIL VOILÉ;6;50.4;0
LYON;45.76;4.83;29/09/2026;14:00;25.1;0;SOLEIL;6;58.3;0
LYON;45.76;4.83;29/09/2026;15:00;25.1;0;SOLEIL;6;55.8;0
LYON;45.76;4.83;29/09/2026;16:00;25.1;0;SOLEIL;6;47.5;0
LYON;45.76;4.83;29/09/2026;17:00;23.5;0;SOLEIL;4;40.3;0
LYON;45.76;4.83;29/09/2026;18:00;23.5;0;SOLEIL;4;36.7;0
LYON;45.76;4.83;29/09/2026;19:00;23.5;0;SOLEIL;4;33.8;0
LYON;45.76;4.83;29/09/2026;20:00;21.6;5;SOLEIL VOILÉ;5;31.0;0
LYON;45.76;4.83;29/09/2026;21:00;20.6;5;SOLEIL VOILÉ;5;27.0;0
LYON;45.76;4.83;29/09/2026;22:00;19.6;5;SOLEIL VOILÉ;5;23.0;0
LYON;45.76;4.83;29/09/2026;23:00;22.1;0;SOLEIL;2;19.1;0
LYON;45.76;4.83;30/09/2026;00:00;22.1;0;SOLEIL;2;15.5;0
LYON;45.76;4.83;30/09/2026;01:00;22.1;0;SOLEIL;2;12.6;0
LYON;45.76;4.83;30/09/2026;02:00;17.7;2;NUAGEUX;5;10.8;0
LYON;45.76;4.83;30/09/2026;03:00;17.7;2;NUAGEUX;5;11.5;0
LYON;45.76;4.83;30/09/2026;04:00;17.7;2;NUAGEUX;5;13.7;0
LYON;45.76;4.83;30/09/2026;05:00;18.5;0;SOLEIL;2;15.1;0
LYON;45.76;4.83;30/09/2026;06:00;18.5;0;SOLEIL;2;13.7;0
LYON;45.76;4.83;30/09/2026;07:00;18.5;0;SOLEIL;2;11.5;0
LYON;45.76;4.83;30/09/2026;08:00;20.2;2;NUAGEUX;5;11.5;0
LYON;45.76;4.83;30/09/2026;09:00;21.5;2;NUAGEUX;5;15.5;0
LYON;45.76;4.83;30/09/2026;10:00;22.8;2;NUAGEUX;5;21.2;0
LYON;45.76;4.83;30/09/2026;11:00;27.2;2;NUAGEUX;6;26.6;0
LYON;45.76;4.83;30/09/2026;12:00;27.2;2;NUAGEUX;6;31.0;0
LYON;45.76;4.83;30/09/2026;13:00;27.2;2;NUAGEUX;6;34.6;0
LYON;45.76;4.83;30/09/2026;14:00;27.8;2;NUAGEUX;5;38.2;0
LYON;45.76;4.83;30/09/2026;15:00;29.1;2;NUAGEUX;5;41.8;0
LYON;45.76;4.83;30/09/2026;16:00;27.8;2;NUAGEUX;5;45.4;0
LYON;45.76;4.83;30/09/2026;17:00;25.5;2;NUAGEUX;3;46.4;0
LYON;45.76;4.83;30/09/2026;18:00;25.5;2;NUAGEUX;3;44.6;0
LYON;45.76;4.83;30/09/2026;19:00;25.5;2;NUAGEUX;3;40.3;0
LYON;45.76;4.83;30/09/2026;20:00;22.8;2;NUAGEUX;5;34.6;0
LYON;45.76;4.83;30/09/2026;21:00;21.5;2;NUAGEUX;5;25.9;0
LYON;45.76;4.83;30/09/2026;22:00;20.2;2;NUAGEUX;5;15.8;0
LYON;45.76;4.83;30/09/2026;23:00;21.2;2;NUAGEUX;2;8.6;0
LYON;45.76;4.83;01/10/2026;00:00;21.2;2;NUAGEUX;2;8.2;0
LYON;45.76;4.83;01/10/2026;01:00;21.2;2;NUAGEUX;2;10.4;0
LYON;45.76;4.83;01/10/2026;02:00;17.6;7;PLUIE FAIBLE;5;12.4;0
LYON;45.76;4.83;01/10/2026;03:00;17.6;7;PLUIE FAIBLE;5;12.6;0
LYON;45.76;4.83;01/10/2026;04:00;17.6;7;PLUIE FAIBLE;5;10.4;0
LYON;45.76;4.83;01/10/2026;05:00;19.2;7;PLUIE FAIBLE;2;9.0;0
LYON;45.76;4.83;01/10/2026;06:00;19.2;7;PLUIE FAIBLE;2;8.3;0
LYON;45.76;4.83;01/10/2026;07:00;19.2;7;PLUIE FAIBLE;2;8.3;0
LYON;45.76;4.83;01/10/2026;08:00;18.7;7;PLUIE FAIBLE;5;8.6;0
LYON;45.76;4.83;01/10/2026;09:00;19.2;7;PLUIE FAIBLE;5;10.4;0
LYON;45.76;4.83;01/10/2026;10:00;19.8;7;PLUIE FAIBLE;5;13.0;0
LYON;45.76;4.83;01/10/2026;11:00;21.4;7;PLUIE FAIBLE;4;14.4;0
LYON;45.76;4.83;01/10/2026;12:00;21.4;7;PLUIE FAIBLE;4;13.7;0
LYON;45.76;4.83;01/10/2026;13:00;21.4;7;PLUIE FAIBLE;4;11.9;0
LYON;45.76;4.83;01/10/2026;14:00;22.0;7;PLUIE FAIBLE;5;11.2;0
LYON;45.76;4.83;01/10/2026;15:00;22.5;7;PLUIE FAIBLE;5;11.9;0
LYON;45.76;4.83;01/10/2026;16:00;22.0;7;PLUIE FAIBLE;5;13.7;0
LYON;45.76;4.83;01/10/2026;17:00;19.6;7;PLUIE FAIBLE;2;15.8;0
LYON;45.76;4.83;01/10/2026;18:00;19.6;7;PLUIE FAIBLE;2;19.1;0
LYON;45.76;4.83;01/10/2026;19:00;19.6;7;PLUIE FAIBLE;2;22.7;0
LYON;45.76;4.83;01/10/2026;20:00;19.8;7;PLUIE FAIBLE;5;24.8;0
LYON;45.76;4.83;01/10/2026;21:00;19.2;7;PLUIE FAIBLE;5;24.8;0
LYON;45.76;4.83;01/10/2026;22:00;18.7;7;PLUIE FAIBLE;5;23.0;0
LYON;45.76;4.83;01/10/2026;23:00;17.6;7;PLUIE FAIBLE;2;20.5;0
LYON;45.76;4.83;02/10/2026;00:00;17.6;7;PLUIE FAIBLE;2;16.2;0
LYON;45.76;4.83;02/10/2026;01:00;17.6;7;PLUIE FAIBLE;2;11.2;0
LYON;45.76;4.83;02/10/2026;02:00;15.4;2;NUAGEUX;5;8.3;0
LYON;45.76;4.83;02/10/2026;03:00;15.4;2;NUAGEUX;5;9.7;0
LYON;45.76;4.83;02/10/2026;04:00;15.4;2;NUAGEUX;5;13.3;0
LYON;45.76;4.83;02/10/2026;05:00;16.1;2;NUAGEUX;2;16.2;0
LYON;45.76;4.83;02/10/2026;06:00;16.1;2;NUAGEUX;2;15.8;0
LYON;45.76;4.83;02/10/2026;07:00;16.1;2;NUAGEUX;2;14.8;0
LYON;45.76;4.83;02/10/2026;08:00;16.8;2;NUAGEUX;5;16.6;0
LYON;45.76;4.83;02/10/2026;09:00;17.4;2;NUAGEUX;5;23.8;0
LYON;45.76;4.83;02/10/2026;10:00;18.1;2;NUAGEUX;5;33.5;0
LYON;45.76;4.83;02/10/2026;11:00;20.5;2;NUAGEUX;3;41.0;0
LYON;45.76;4.83;02/10/2026;12:00;20.5;2;NUAGEUX;3;43.6;0
LYON;45.76;4.83;02/10/2026;13:00;20.5;2;NUAGEUX;3;43.9;0
LYON;45.76;4.83;02/10/2026;14:00;20.8;2;NUAGEUX;5;43.9;0
LYON;45.76;4.83;02/10/2026;15:00;21.5;2;NUAGEUX;5;44.3;0
LYON;45.76;4.83;02/10/2026;16:00;20.8;2;NUAGEUX;5;44.6;0
LYON;45.76;4.83;02/10/2026;17:00;19.4;2;NUAGEUX;2;44.3;0
LYON;45.76;4.83;02/10/2026;18:00;19.4;2;NUAGEUX;2;42.8;0
LYON;45.76;4.83;02/10/2026;19:00;19.4;2;NUAGEUX;2;41.0;0
LYON;45.76;4.83;02/10/2026;20:00;18.1;2;NUAGEUX;5;38.5;0
LYON;45.76;4.83;02/10/2026;21:00;17.4;2;NUAGEUX;5;35.6;0
LYON;45.76;4.83;02/10/2026;22:00;16.8;2;NUAGEUX;5;32.4;0
LYON;45.76;4.83;02/10/2026;23:00;16.7;0;SOLEIL;2;29.2;0
LYON;45.76;4.83;03/10/2026;00:00;16.7;0;SOLEIL;2;25.9;0
LYON;45.76;4.83;03/10/2026;01:00;16.7;0;SOLEIL;2;22.3;0
LYON;45.76;4.83;03/10/2026;02:00;13.6;0;SOLEIL;5;19.1;0
LYON;45.76;4.83;03/10/2026;03:00;13.6;0;SOLEIL;5;15.5;0
LYON;45.76;4.83;03/10/2026;04:00;13.6;0;SOLEIL;5;12.2;0
LYON;45.76;4.83;03/10/2026;05:00;14.2;0;SOLEIL;2;9.4;0
LYON;45.76;4.83;03/10/2026;06:00;14.2;0;SOLEIL;2;7.2;0
LYON;45.76;4.83;03/10/2026;07:00;14.2;0;SOLEIL;2;5.4;0
LYON;45.76;4.83;03/10/2026;08:00;15.7;0;SOLEIL;5;4.7;0
LYON;45.76;4.83;03/10/2026;09:00;16.7;0;SOLEIL;5;6.1;0
LYON;45.76;4.83;03/10/2026;10:00;17.7;0;SOLEIL;5;8.6;0
LYON;45.76;4.83;03/10/2026;11:00;22;0;SOLEIL;3;10.4;0
LYON;45.76;4.83;03/10/2026;12:00;22;0;SOLEIL;3;11.9;0
LYON;45.76;4.83;03/10/2026;13:00;22;0;SOLEIL;3;13.7;0
LYON;45.76;4.83;03/10/2026;14:00;21.9;0;SOLEIL;5;16.0;0
LYON;45.76;4.83;03/10/2026;15:00;22.9;0;SOLEIL;5;18.7;0
LYON;45.76;4.83;03/10/2026;16:00;21.9;0;SOLEIL;5;19.4;0
LYON;45.76;4.83;03/10/2026;17:00;20;0;SOLEIL;2;19.8;0
LYON;45.76;4.83;03/10/2026;18:00;20;0;SOLEIL;2;20.2;0
LYON;45.76;4.83;03/10/2026;19:00;20;0;SOLEIL;2;20.2;0
LYON;45.76;4.83;03/10/2026;20:00;17.7;0;SOLEIL;5;19.8;0
LYON;45.76;4.83;03/10/2026;21:00;16.7;0;SOLEIL;5;19.4;0
LYON;45.76;4.83;03/10/2026;22:00;15.7;0;SOLEIL;5;18.4;0
LYON;45.76;4.83;03/10/2026;23:00;16.7;0;SOLEIL;0;17.6;0
LYON;45.76;4.83;04/10/2026;00:00;16.7;0;SOLEIL;0;16.6;0
LYON;45.76;4.83;04/10/2026;01:00;16.7;0;SOLEIL;0;15.5;0
LYON;45.76;4.83;04/10/2026;02:00;13.5;0;SOLEIL;5;14.4;0
LYON;45.76;4.83;04/10/2026;03:00;13.5;0;SOLEIL;5;13.7;0
LYON;45.76;4.83;04/10/2026;04:00;13.5;0;SOLEIL;5;12.6;0
LYON;45.76;4.83;04/10/2026;05:00;14.2;0;SOLEIL;0;11.9;0
LYON;45.76;4.83;04/10/2026;06:00;14.2;0;SOLEIL;0;10.8;0
LYON;45.76;4.83;04/10/2026;07:00;14.2;0;SOLEIL;0;10.4;0
LYON;45.76;4.83;04/10/2026;08:00;15.6;0;SOLEIL;5;10.1;0
LYON;45.76;4.83;04/10/2026;09:00;16.6;0;SOLEIL;5;10.1;0
LYON;45.76;4.83;04/10/2026;10:00;17.7;0;SOLEIL;5;10.4;0
LYON;45.76;4.83;04/10/2026;11:00;21.9;0;SOLEIL;4;10.8;0
LYON;45.76;4.83;04/10/2026;12:00;21.9;0;SOLEIL;4;11.5;0
LYON;45.76;4.83;04/10/2026;13:00;21.9;0;SOLEIL;4;12.2;0
LYON;45.76;4.83;04/10/2026;14:00;21.9;0;SOLEIL;5;13.0;0
LYON;45.76;4.83;04/10/2026;15:00;22.9;0;SOLEIL;5;14.0;0
LYON;45.76;4.83;04/10/2026;16:00;21.9;0;SOLEIL;5;15.1;0
LYON;45.76;4.83;04/10/2026;17:00;19.6;0;SOLEIL;2;16.6;0
LYON;45.76;4.83;04/10/2026;18:00;19.6;0;SOLEIL;2;17.6;0
LYON;45.76;4.83;04/10/2026;19:00;19.6;0;SOLEIL;2;18.7;0
LYON;45.76;4.83;04/10/2026;20:00;17.7;0;SOLEIL;5;19.1;0
LYON;45.76;4.83;04/10/2026;21:00;16.6;0;SOLEIL;5;19.1;0
LYON;45.76;4.83;04/10/2026;22:00;15.6;0;SOLEIL;5;18.4;0
LYON;45.76;4.83;04/10/2026;23:00;16.4;0;SOLEIL;2;17.3;0
PONTARLIER;46.9;6.35;27/09/2026;00:00;11.2;0;SOLEIL;2;18.7;0
PONTARLIER;46.9;6.35;27/09/2026;01:00;11.3;0;SOLEIL;2;18.4;0
PONTARLIER;46.9;6.35;27/09/2026;02:00;11.2;0;SOLEIL;2;18.4;0
PONTARLIER;46.9;6.35;27/09/2026;03:00;10;0;SOLEIL;2;18.4;0
PONTARLIER;46.9;6.35;27/09/2026;04:00;9.7;0;SOLEIL;2;18.7;0
PONTARLIER;46.9;6.35;27/09/2026;05:00;9.6;0;SOLEIL;2;18.7;0
PONTARLIER;46.9;6.35;27/09/2026;06:00;11.5;0;SOLEIL;2;18.7;0
PONTARLIER;46.9;6.35;27/09/2026;07:00;14.4;0;SOLEIL;2;18.7;0
PONTARLIER;46.9;6.35;27/09/2026;08:00;18.1;0;SOLEIL;2;18.4;0
PONTARLIER;46.9;6.35;27/09/2026;09:00;22;0;SOLEIL;2;16.9;0
PONTARLIER;46.9;6.35;27/09/2026;10:00;23.7;0;SOLEIL;2;11.9;0
PONTARLIER;46.9;6.35;27/09/2026;11:00;26;0;SOLEIL;1;11.2;0
PONTARLIER;46.9;6.35;27/09/2026;12:00;27.1;0;SOLEIL;2;16.2;0
PONTARLIER;46.9;6.35;27/09/2026;13:00;27.7;0;SOLEIL;2;16.9;0
PONTARLIER;46.9;6.35;27/09/2026;14:00;27.9;0;SOLEIL;3;16.9;0
PONTARLIER;46.9;6.35;27/09/2026;15:00;27.1;0;SOLEIL;2;24.5;0
PONTARLIER;46.9;6.35;27/09/2026;16:00;25.1;0;SOLEIL;2;24.1;0
PONTARLIER;46.9;6.35;27/09/2026;17:00;22.6;0;SOLEIL;2;24.5;0
PONTARLIER;46.9;6.35;27/09/2026;18:00;19.6;0;SOLEIL;2;20.9;0
PONTARLIER;46.9;6.35;27/09/2026;19:00;17.1;0;SOLEIL;2;6.5;0
PONTARLIER;46.9;6.35;27/09/2026;20:00;15.5;0;SOLEIL;2;13.0;0
PONTARLIER;46.9;6.35;27/09/2026;21:00;14.6;0;SOLEIL;3;17.6;0
PONTARLIER;46.9;6.35;27/09/2026;22:00;13.9;0;SOLEIL;3;18.4;0
PONTARLIER;46.9;6.35;27/09/2026;23:00;13.1;0;SOLEIL;3;18.0;0
PONTARLIER;46.9;6.35;28/09/2026;00:00;12.2;0;SOLEIL;3;17.6;0
PONTARLIER;46.9;6.35;28/09/2026;01:00;12.2;0;SOLEIL;3;17.3;0
PONTARLIER;46.9;6.35;28/09/2026;02:00;9.6;0;SOLEIL;3;17.6;0
PONTARLIER;46.9;6.35;28/09/2026;03:00;9.6;0;SOLEIL;3;16.7;0
PONTARLIER;46.9;6.35;28/09/2026;04:00;9.6;0;SOLEIL;3;14.9;0
PONTARLIER;46.9;6.35;28/09/2026;05:00;9.2;5;SOLEIL VOILÉ;2;11.2;0
PONTARLIER;46.9;6.35;28/09/2026;06:00;9.2;5;SOLEIL VOILÉ;2;11.5;0
PONTARLIER;46.9;6.35;28/09/2026;07:00;9.2;5;SOLEIL VOILÉ;2;11.9;0
PONTARLIER;46.9;6.35;28/09/2026;08:00;21.6;5;SOLEIL VOILÉ;1;12.6;0
PONTARLIER;46.9;6.35;28/09/2026;09:00;21.6;5;SOLEIL VOILÉ;1;12.6;0
PONTARLIER;46.9;6.35;28/09/2026;10:00;21.6;5;SOLEIL VOILÉ;1;9.7;0
PONTARLIER;46.9;6.35;28/09/2026;11:00;26;5;SOLEIL VOILÉ;2;7.2;0
PONTARLIER;46.9;6.35;28/09/2026;12:00;26;5;SOLEIL VOILÉ;2;11.2;0
PONTARLIER;46.9;6.35;28/09/2026;13:00;26;5;SOLEIL VOILÉ;2;12.6;0
PONTARLIER;46.9;6.35;28/09/2026;14:00;25.7;5;SOLEIL VOILÉ;2;12.6;0
PONTARLIER;46.9;6.35;28/09/2026;15:00;25.7;5;SOLEIL VOILÉ;2;12.6;0
PONTARLIER;46.9;6.35;28/09/2026;16:00;25.7;5;SOLEIL VOILÉ;2;11.5;0
PONTARLIER;46.9;6.35;28/09/2026;17:00;18.2;5;SOLEIL VOILÉ;1;12.6;0
PONTARLIER;46.9;6.35;28/09/2026;18:00;18.2;5;SOLEIL VOILÉ;1;11.2;0
PONTARLIER;46.9;6.35;28/09/2026;19:00;18.2;5;SOLEIL VOILÉ;1;7.2;0
PONTARLIER;46.9;6.35;28/09/2026;20:00;14.2;5;SOLEIL VOILÉ;1;3.2;0
PONTARLIER;46.9;6.35;28/09/2026;21:00;14.2;5;SOLEIL VOILÉ;1;3.2;0
PONTARLIER;46.9;6.35;28/09/2026;22:00;14.2;5;SOLEIL VOILÉ;1;4.0;0
PONTARLIER;46.9;6.35;28/09/2026;23:00;11.4;5;SOLEIL VOILÉ;2;4.3;0
PONTARLIER;46.9;6.35;29/09/2026;00:00;11.4;5;SOLEIL VOILÉ;2;5.0;0
PONTARLIER;46.9;6.35;29/09/2026;01:00;11.4;5;SOLEIL VOILÉ;2;5.4;0
PONTARLIER;46.9;6.35;29/09/2026;02:00;9.6;5;SOLEIL VOILÉ;2;7.6;0
PONTARLIER;46.9;6.35;29/09/2026;03:00;9.6;5;SOLEIL VOILÉ;2;12.2;0
PONTARLIER;46.9;6.35;29/09/2026;04:00;9.6;5;SOLEIL VOILÉ;2;12.2;0
PONTARLIER;46.9;6.35;29/09/2026;05:00;9.5;5;SOLEIL VOILÉ;2;12.2;0
PONTARLIER;46.9;6.35;29/09/2026;06:00;9.5;5;SOLEIL VOILÉ;2;11.5;0
PONTARLIER;46.9;6.35;29/09/2026;07:00;9.5;5;SOLEIL VOILÉ;2;11.2;0
PONTARLIER;46.9;6.35;29/09/2026;08:00;20.5;5;SOLEIL VOILÉ;1;11.2;0
PONTARLIER;46.9;6.35;29/09/2026;09:00;20.5;5;SOLEIL VOILÉ;1;10.1;0
PONTARLIER;46.9;6.35;29/09/2026;10:00;20.5;5;SOLEIL VOILÉ;1;9.0;0
PONTARLIER;46.9;6.35;29/09/2026;11:00;25.6;5;SOLEIL VOILÉ;2;9.0;0
PONTARLIER;46.9;6.35;29/09/2026;12:00;25.6;5;SOLEIL VOILÉ;2;10.8;0
PONTARLIER;46.9;6.35;29/09/2026;13:00;25.6;5;SOLEIL VOILÉ;2;13.7;0
PONTARLIER;46.9;6.35;29/09/2026;14:00;24;0;SOLEIL;2;16.2;0
PONTARLIER;46.9;6.35;29/09/2026;15:00;24;0;SOLEIL;2;17.6;0
PONTARLIER;46.9;6.35;29/09/2026;16:00;24;0;SOLEIL;2;18.4;0
PONTARLIER;46.9;6.35;29/09/2026;17:00;18.6;0;SOLEIL;0;18.4;0
PONTARLIER;46.9;6.35;29/09/2026;18:00;18.6;0;SOLEIL;0;16.6;0
PONTARLIER;46.9;6.35;29/09/2026;19:00;18.6;0;SOLEIL;0;13.7;0
PONTARLIER;46.9;6.35;29/09/2026;20:00;16.2;5;SOLEIL VOILÉ;5;11.9;0
PONTARLIER;46.9;6.35;29/09/2026;21:00;14.2;5;SOLEIL VOILÉ;5;12.2;0
PONTARLIER;46.9;6.35;29/09/2026;22:00;12.2;5;SOLEIL VOILÉ;5;13.3;0
PONTARLIER;46.9;6.35;29/09/2026;23:00;13.1;0;SOLEIL;2;14.0;0
PONTARLIER;46.9;6.35;30/09/2026;00:00;13.1;0;SOLEIL;2;13.3;0
PONTARLIER;46.9;6.35;30/09/2026;01:00;13.1;0;SOLEIL;2;12.2;0
PONTARLIER;46.9;6.35;30/09/2026;02:00;8.1;2;NUAGEUX;5;11.5;0
PONTARLIER;46.9;6.35;30/09/2026;03:00;8.1;2;NUAGEUX;5;12.2;0
PONTARLIER;46.9;6.35;30/09/2026;04:00;8.1;2;NUAGEUX;5;13.3;0
PONTARLIER;46.9;6.35;30/09/2026;05:00;10.7;0;SOLEIL;3;14.0;0
PONTARLIER;46.9;6.35;30/09/2026;06:00;10.7;0;SOLEIL;3;14.4;0
PONTARLIER;46.9;6.35;30/09/2026;07:00;10.7;0;SOLEIL;3;14.4;0
PONTARLIER;46.9;6.35;30/09/2026;08:00;12.2;2;NUAGEUX;5;14.0;0
PONTARLIER;46.9;6.35;30/09/2026;09:00;14.2;2;NUAGEUX;5;13.0;0
PONTARLIER;46.9;6.35;30/09/2026;10:00;16.3;2;NUAGEUX;5;11.9;0
PONTARLIER;46.9;6.35;30/09/2026;11:00;25.2;2;NUAGEUX;3;11.9;0
PONTARLIER;46.9;6.35;30/09/2026;12:00;25.2;2;NUAGEUX;3;14.4;0
PONTARLIER;46.9;6.35;30/09/2026;13:00;25.2;2;NUAGEUX;3;18.0;0
PONTARLIER;46.9;6.35;30/09/2026;14:00;24.5;2;NUAGEUX;5;20.2;0
PONTARLIER;46.9;6.35;30/09/2026;15:00;26.5;2;NUAGEUX;5;20.2;0
PONTARLIER;46.9;6.35;30/09/2026;16:00;24.5;2;NUAGEUX;5;18.7;0
PONTARLIER;46.9;6.35;30/09/2026;17:00;18.1;2;NUAGEUX;2;17.3;0
PONTARLIER;46.9;6.35;30/09/2026;18:00;18.1;2;NUAGEUX;2;15.5;0
PONTARLIER;46.9;6.35;30/09/2026;19:00;18.1;2;NUAGEUX;2;13.7;0
PONTARLIER;46.9;6.35;30/09/2026;20:00;16.3;2;NUAGEUX;5;11.9;0
PONTARLIER;46.9;6.35;30/09/2026;21:00;14.2;2;NUAGEUX;5;10.8;0
PONTARLIER;46.9;6.35;30/09/2026;22:00;12.2;2;NUAGEUX;5;10.4;0
PONTARLIER;46.9;6.35;30/09/2026;23:00;14.7;2;NUAGEUX;3;10.1;0
PONTARLIER;46.9;6.35;01/10/2026;00:00;14.7;2;NUAGEUX;3;10.7;0
PONTARLIER;46.9;6.35;01/10/2026;01:00;14.7;2;NUAGEUX;3;11.5;0
PONTARLIER;46.9;6.35;01/10/2026;02:00;11.1;7;PLUIE FAIBLE;5;12.2;0
PONTARLIER;46.9;6.35;01/10/2026;03:00;11.1;7;PLUIE FAIBLE;5;13.0;0
PONTARLIER;46.9;6.35;01/10/2026;04:00;11.1;7;PLUIE FAIBLE;5;13.3;0
PONTARLIER;46.9;6.35;01/10/2026;05:00;13.4;2;NUAGEUX;3;13.3;0
PONTARLIER;46.9;6.35;01/10/2026;06:00;13.4;2;NUAGEUX;3;13.3;0
PONTARLIER;46.9;6.35;01/10/2026;07:00;13.4;2;NUAGEUX;3;13.0;0
PONTARLIER;46.9;6.35;01/10/2026;08:00;13.1;7;PLUIE FAIBLE;5;12.6;0
PONTARLIER;46.9;6.35;01/10/2026;09:00;14.0;7;PLUIE FAIBLE;5;11.9;0
PONTARLIER;46.9;6.35;01/10/2026;10:00;15.0;7;PLUIE FAIBLE;5;11.2;0
PONTARLIER;46.9;6.35;01/10/2026;11:00;19.2;7;PLUIE FAIBLE;4;11.5;0
PONTARLIER;46.9;6.35;01/10/2026;12:00;19.2;7;PLUIE FAIBLE;4;14.4;0
PONTARLIER;46.9;6.35;01/10/2026;13:00;19.2;7;PLUIE FAIBLE;4;18.4;0
PONTARLIER;46.9;6.35;01/10/2026;14:00;18.9;7;PLUIE FAIBLE;5;21.2;0
PONTARLIER;46.9;6.35;01/10/2026;15:00;19.9;7;PLUIE FAIBLE;5;21.6;0
PONTARLIER;46.9;6.35;01/10/2026;16:00;18.9;7;PLUIE FAIBLE;5;21.2;0
PONTARLIER;46.9;6.35;01/10/2026;17:00;14.6;7;PLUIE FAIBLE;2;20.9;0
PONTARLIER;46.9;6.35;01/10/2026;18:00;14.6;7;PLUIE FAIBLE;2;21.6;0
PONTARLIER;46.9;6.35;01/10/2026;19:00;14.6;7;PLUIE FAIBLE;2;22.7;0
PONTARLIER;46.9;6.35;01/10/2026;20:00;15.0;7;PLUIE FAIBLE;5;23.0;0
PONTARLIER;46.9;6.35;01/10/2026;21:00;14.0;7;PLUIE FAIBLE;5;22.0;0
PONTARLIER;46.9;6.35;01/10/2026;22:00;13.1;7;PLUIE FAIBLE;5;20.2;0
PONTARLIER;46.9;6.35;01/10/2026;23:00;12.4;7;PLUIE FAIBLE;2;18.4;0
PONTARLIER;46.9;6.35;02/10/2026;00:00;12.4;7;PLUIE FAIBLE;2;16.9;0
PONTARLIER;46.9;6.35;02/10/2026;01:00;12.4;7;PLUIE FAIBLE;2;15.5;0
PONTARLIER;46.9;6.35;02/10/2026;02:00;9.7;7;PLUIE FAIBLE;5;14.8;0
PONTARLIER;46.9;6.35;02/10/2026;03:00;9.7;7;PLUIE FAIBLE;5;14.8;0
PONTARLIER;46.9;6.35;02/10/2026;04:00;9.7;7;PLUIE FAIBLE;5;15.5;0
PONTARLIER;46.9;6.35;02/10/2026;05:00;11.1;7;PLUIE FAIBLE;2;16.2;0
PONTARLIER;46.9;6.35;02/10/2026;06:00;11.1;7;PLUIE FAIBLE;2;17.6;0
PONTARLIER;46.9;6.35;02/10/2026;07:00;11.1;7;PLUIE FAIBLE;2;19.4;0
PONTARLIER;46.9;6.35;02/10/2026;08:00;11.6;7;PLUIE FAIBLE;5;20.5;0
PONTARLIER;46.9;6.35;02/10/2026;09:00;12.5;7;PLUIE FAIBLE;5;20.2;0
PONTARLIER;46.9;6.35;02/10/2026;10:00;13.5;7;PLUIE FAIBLE;5;18.7;0
PONTARLIER;46.9;6.35;02/10/2026;11:00;17.6;6;AVERSES;3;19.1;0
PONTARLIER;46.9;6.35;02/10/2026;12:00;17.6;6;AVERSES;3;22.0;0
PONTARLIER;46.9;6.35;02/10/2026;13:00;17.6;6;AVERSES;3;26.6;0
PONTARLIER;46.9;6.35;02/10/2026;14:00;17.3;7;PLUIE FAIBLE;5;29.9;0
PONTARLIER;46.9;6.35;02/10/2026;15:00;18.2;7;PLUIE FAIBLE;5;31.3;0
PONTARLIER;46.9;6.35;02/10/2026;16:00;17.3;7;PLUIE FAIBLE;5;31.7;0
PONTARLIER;46.9;6.35;02/10/2026;17:00;13.4;7;PLUIE FAIBLE;2;31.3;0
PONTARLIER;46.9;6.35;02/10/2026;18:00;13.4;7;PLUIE FAIBLE;2;29.2;0
PONTARLIER;46.9;6.35;02/10/2026;19:00;13.4;7;PLUIE FAIBLE;2;26.3;0
PONTARLIER;46.9;6.35;02/10/2026;20:00;13.5;7;PLUIE FAIBLE;5;23.8;0
PONTARLIER;46.9;6.35;02/10/2026;21:00;12.5;7;PLUIE FAIBLE;5;22.3;0
PONTARLIER;46.9;6.35;02/10/2026;22:00;11.6;7;PLUIE FAIBLE;5;21.6;0
PONTARLIER;46.9;6.35;02/10/2026;23:00;9.4;0;SOLEIL;2;21.2;0
PONTARLIER;46.9;6.35;03/10/2026;00:00;9.4;0;SOLEIL;2;20.9;0
PONTARLIER;46.9;6.35;03/10/2026;01:00;9.4;0;SOLEIL;2;20.5;0
PONTARLIER;46.9;6.35;03/10/2026;02:00;7;0;SOLEIL;5;20.5;0
PONTARLIER;46.9;6.35;03/10/2026;03:00;7;0;SOLEIL;5;20.9;0
PONTARLIER;46.9;6.35;03/10/2026;04:00;7;0;SOLEIL;5;20.9;0
PONTARLIER;46.9;6.35;03/10/2026;05:00;8.9;0;SOLEIL;3;20.5;0
PONTARLIER;46.9;6.35;03/10/2026;06:00;8.9;0;SOLEIL;3;18.4;0
PONTARLIER;46.9;6.35;03/10/2026;07:00;8.9;0;SOLEIL;3;15.1;0
PONTARLIER;46.9;6.35;03/10/2026;08:00;10.0;0;SOLEIL;5;14.0;0
PONTARLIER;46.9;6.35;03/10/2026;09:00;11.5;0;SOLEIL;5;16.9;0
PONTARLIER;46.9;6.35;03/10/2026;10:00;13.0;0;SOLEIL;5;22.0;0
PONTARLIER;46.9;6.35;03/10/2026;11:00;19.9;0;SOLEIL;2;24.5;0
PONTARLIER;46.9;6.35;03/10/2026;12:00;19.9;0;SOLEIL;2;22.1;0
PONTARLIER;46.9;6.35;03/10/2026;13:00;19.9;0;SOLEIL;2;19.8;0
PONTARLIER;46.9;6.35;03/10/2026;14:00;19.0;0;SOLEIL;5;19.9;0
PONTARLIER;46.9;6.35;03/10/2026;15:00;20.5;0;SOLEIL;5;22.0;0
PONTARLIER;46.9;6.35;03/10/2026;16:00;19.0;0;SOLEIL;5;23.0;0
PONTARLIER;46.9;6.35;03/10/2026;17:00;13.1;0;SOLEIL;3;24.1;0
PONTARLIER;46.9;6.35;03/10/2026;18:00;13.1;0;SOLEIL;3;25.2;0
PONTARLIER;46.9;6.35;03/10/2026;19:00;13.1;0;SOLEIL;3;25.9;0
PONTARLIER;46.9;6.35;03/10/2026;20:00;13.0;0;SOLEIL;5;25.9;0
PONTARLIER;46.9;6.35;03/10/2026;21:00;11.5;0;SOLEIL;5;25.2;0
PONTARLIER;46.9;6.35;03/10/2026;22:00;10.0;0;SOLEIL;5;24.1;0
PONTARLIER;46.9;6.35;03/10/2026;23:00;9.4;0;SOLEIL;3;22.7;0
PONTARLIER;46.9;6.35;04/10/2026;00:00;9.4;0;SOLEIL;3;21.2;0
PONTARLIER;46.9;6.35;04/10/2026;01:00;9.4;0;SOLEIL;3;19.8;0
PONTARLIER;46.9;6.35;04/10/2026;02:00;6.7;0;SOLEIL;5;19.1;0
PONTARLIER;46.9;6.35;04/10/2026;03:00;6.7;0;SOLEIL;5;19.1;0
PONTARLIER;46.9;6.35;04/10/2026;04:00;6.7;0;SOLEIL;5;19.4;0
PONTARLIER;46.9;6.35;04/10/2026;05:00;8.2;0;SOLEIL;3;19.8;0
PONTARLIER;46.9;6.35;04/10/2026;06:00;8.2;0;SOLEIL;3;20.5;0
PONTARLIER;46.9;6.35;04/10/2026;07:00;8.2;0;SOLEIL;3;21.2;0
PONTARLIER;46.9;6.35;04/10/2026;08:00;9.3;0;SOLEIL;5;21.6;0
PONTARLIER;46.9;6.35;04/10/2026;09:00;10.7;0;SOLEIL;5;22.0;0
PONTARLIER;46.9;6.35;04/10/2026;10:00;12.0;0;SOLEIL;5;22.0;0
PONTARLIER;46.9;6.35;04/10/2026;11:00;18;0;SOLEIL;3;22.0;0
PONTARLIER;46.9;6.35;04/10/2026;12:00;18;0;SOLEIL;3;22.3;0
PONTARLIER;46.9;6.35;04/10/2026;13:00;18;0;SOLEIL;3;22.3;0
PONTARLIER;46.9;6.35;04/10/2026;14:00;17.3;0;SOLEIL;5;22.3;0
PONTARLIER;46.9;6.35;04/10/2026;15:00;18.6;0;SOLEIL;5;22.3;0
PONTARLIER;46.9;6.35;04/10/2026;16:00;17.3;0;SOLEIL;5;22.7;0
PONTARLIER;46.9;6.35;04/10/2026;17:00;13.1;7;PLUIE FAIBLE;2;23.0;0
PONTARLIER;46.9;6.35;04/10/2026;18:00;13.1;7;PLUIE FAIBLE;2;23.0;0
PONTARLIER;46.9;6.35;04/10/2026;19:00;13.1;7;PLUIE FAIBLE;2;23.0;0
PONTARLIER;46.9;6.35;04/10/2026;20:00;12.0;0;SOLEIL;5;22.3;0
PONTARLIER;46.9;6.35;04/10/2026;21:00;10.7;0;SOLEIL;5;21.2;0
PONTARLIER;46.9;6.35;04/10/2026;22:00;9.3;0;SOLEIL;5;19.4;0
PONTARLIER;46.9;6.35;04/10/2026;23:00;9.5;0;SOLEIL;2;17.6;0
LA ROCHELLE;46.16;-1.15;27/09/2026;00:00;17.6;0;SOLEIL;3;20.2;0
LA ROCHELLE;46.16;-1.15;27/09/2026;01:00;16.8;0;SOLEIL;3;20.2;0
LA ROCHELLE;46.16;-1.15;27/09/2026;02:00;17.2;0;SOLEIL;3;20.2;0
LA ROCHELLE;46.16;-1.15;27/09/2026;03:00;17;2;NUAGEUX;3;20.2;0
LA ROCHELLE;46.16;-1.15;27/09/2026;04:00;17;2;NUAGEUX;3;19.8;0
LA ROCHELLE;46.16;-1.15;27/09/2026;05:00;17.3;2;NUAGEUX;2;18.4;0
LA ROCHELLE;46.16;-1.15;27/09/2026;06:00;17.5;2;NUAGEUX;2;17.6;0
LA ROCHELLE;46.16;-1.15;27/09/2026;07:00;19;2;NUAGEUX;2;15.5;0
LA ROCHELLE;46.16;-1.15;27/09/2026;08:00;20.6;2;NUAGEUX;2;20.2;0
LA ROCHELLE;46.16;-1.15;27/09/2026;09:00;21.7;2;NUAGEUX;3;16.2;0
LA ROCHELLE;46.16;-1.15;27/09/2026;10:00;22.9;2;NUAGEUX;3;14.8;0
LA ROCHELLE;46.16;-1.15;27/09/2026;11:00;23.5;2;NUAGEUX;3;23.4;0
LA ROCHELLE;46.16;-1.15;27/09/2026;12:00;23.4;5;SOLEIL VOILÉ;3;26.3;0
LA ROCHELLE;46.16;-1.15;27/09/2026;13:00;22.6;5;SOLEIL VOILÉ;4;28.8;0
LA ROCHELLE;46.16;-1.15;27/09/2026;14:00;22.8;5;SOLEIL VOILÉ;4;28.4;0
LA ROCHELLE;46.16;-1.15;27/09/2026;15:00;22.6;5;SOLEIL VOILÉ;3;23.8;0
LA ROCHELLE;46.16;-1.15;27/09/2026;16:00;22.1;2;NUAGEUX;3;24.5;0
LA ROCHELLE;46.16;-1.15;27/09/2026;17:00;21.3;2;NUAGEUX;3;22.7;0
LA ROCHELLE;46.16;-1.15;27/09/2026;18:00;20.6;2;NUAGEUX;2;23.4;0
LA ROCHELLE;46.16;-1.15;27/09/2026;19:00;20.1;2;NUAGEUX;3;23.4;0
LA ROCHELLE;46.16;-1.15;27/09/2026;20:00;20.1;2;NUAGEUX;3;18.4;0
LA ROCHELLE;46.16;-1.15;27/09/2026;21:00;20.1;2;NUAGEUX;3;13.0;0
LA ROCHELLE;46.16;-1.15;27/09/2026;22:00;19.9;2;NUAGEUX;3;12.6;0
LA ROCHELLE;46.16;-1.15;27/09/2026;23:00;19.6;2;NUAGEUX;4;16.6;0
LA ROCHELLE;46.16;-1.15;28/09/2026;00:00;19.2;2;NUAGEUX;4;16.9;0
LA ROCHELLE;46.16;-1.15;28/09/2026;01:00;19.2;2;NUAGEUX;4;16.2;0
LA ROCHELLE;46.16;-1.15;28/09/2026;02:00;18.7;10;ORAGEUX;2;28.4;0
LA ROCHELLE;46.16;-1.15;28/09/2026;03:00;18.7;10;ORAGEUX;2;32.9;0
LA ROCHELLE;46.16;-1.15;28/09/2026;04:00;18.7;10;ORAGEUX;2;21.6;0
LA ROCHELLE;46.16;-1.15;28/09/2026;05:00;18.2;10;ORAGEUX;3;18.6;0
LA ROCHELLE;46.16;-1.15;28/09/2026;06:00;18.2;10;ORAGEUX;3;27.0;0
LA ROCHELLE;46.16;-1.15;28/09/2026;07:00;18.2;10;ORAGEUX;3;33.5;0
LA ROCHELLE;46.16;-1.15;28/09/2026;08:00;19.6;10;ORAGEUX;3;28.4;0
LA ROCHELLE;46.16;-1.15;28/09/2026;09:00;19.6;10;ORAGEUX;3;23.8;0
LA ROCHELLE;46.16;-1.15;28/09/2026;10:00;19.6;10;ORAGEUX;3;24.8;0
LA ROCHELLE;46.16;-1.15;28/09/2026;11:00;21.7;10;ORAGEUX;3;30.2;0
LA ROCHELLE;46.16;-1.15;28/09/2026;12:00;21.7;10;ORAGEUX;3;32.8;0
LA ROCHELLE;46.16;-1.15;28/09/2026;13:00;21.7;10;ORAGEUX;3;29.9;0
LA ROCHELLE;46.16;-1.15;28/09/2026;14:00;22.7;6;AVERSES;4;31.7;0
LA ROCHELLE;46.16;-1.15;28/09/2026;15:00;22.7;6;AVERSES;4;27.7;0
LA ROCHELLE;46.16;-1.15;28/09/2026;16:00;22.7;6;AVERSES;4;28.4;0
LA ROCHELLE;46.16;-1.15;28/09/2026;17:00;20.9;5;SOLEIL VOILÉ;4;29.2;0
LA ROCHELLE;46.16;-1.15;28/09/2026;18:00;20.9;5;SOLEIL VOILÉ;4;29.2;0
LA ROCHELLE;46.16;-1.15;28/09/2026;19:00;20.9;5;SOLEIL VOILÉ;4;29.2;0
LA ROCHELLE;46.16;-1.15;28/09/2026;20:00;19.6;5;SOLEIL VOILÉ;4;23.8;0
LA ROCHELLE;46.16;-1.15;28/09/2026;21:00;19.6;5;SOLEIL VOILÉ;4;17.6;0
LA ROCHELLE;46.16;-1.15;28/09/2026;22:00;19.6;5;SOLEIL VOILÉ;4;16.2;0
LA ROCHELLE;46.16;-1.15;28/09/2026;23:00;18.9;0;SOLEIL;4;20.5;0
LA ROCHELLE;46.16;-1.15;29/09/2026;00:00;18.9;0;SOLEIL;4;23.0;0
LA ROCHELLE;46.16;-1.15;29/09/2026;01:00;18.9;0;SOLEIL;4;20.2;0
LA ROCHELLE;46.16;-1.15;29/09/2026;02:00;19.1;0;SOLEIL;6;27.0;0
LA ROCHELLE;46.16;-1.15;29/09/2026;03:00;19.1;0;SOLEIL;6;22.0;0
LA ROCHELLE;46.16;-1.15;29/09/2026;04:00;19.1;0;SOLEIL;6;35.3;0
LA ROCHELLE;46.16;-1.15;29/09/2026;05:00;19.1;0;SOLEIL;6;35.3;0
LA ROCHELLE;46.16;-1.15;29/09/2026;06:00;19.1;0;SOLEIL;6;31.0;0
LA ROCHELLE;46.16;-1.15;29/09/2026;07:00;19.1;0;SOLEIL;6;28.1;0
LA ROCHELLE;46.16;-1.15;29/09/2026;08:00;22.1;0;SOLEIL;7;25.6;0
LA ROCHELLE;46.16;-1.15;29/09/2026;09:00;22.1;0;SOLEIL;7;25.2;0
LA ROCHELLE;46.16;-1.15;29/09/2026;10:00;22.1;0;SOLEIL;7;26.6;0
LA ROCHELLE;46.16;-1.15;29/09/2026;11:00;25.2;0;SOLEIL;7;34.2;0
LA ROCHELLE;46.16;-1.15;29/09/2026;12:00;25.2;0;SOLEIL;7;37.1;0
LA ROCHELLE;46.16;-1.15;29/09/2026;13:00;25.2;0;SOLEIL;7;38.2;0
LA ROCHELLE;46.16;-1.15;29/09/2026;14:00;26.4;5;SOLEIL VOILÉ;7;41.4;0
LA ROCHELLE;46.16;-1.15;29/09/2026;15:00;26.4;5;SOLEIL VOILÉ;7;41.4;0
LA ROCHELLE;46.16;-1.15;29/09/2026;16:00;26.4;5;SOLEIL VOILÉ;7;43.6;0
LA ROCHELLE;46.16;-1.15;29/09/2026;17:00;23.7;5;SOLEIL VOILÉ;4;44.6;0
LA ROCHELLE;46.16;-1.15;29/09/2026;18:00;23.7;5;SOLEIL VOILÉ;4;40.3;0
LA ROCHELLE;46.16;-1.15;29/09/2026;19:00;23.7;5;SOLEIL VOILÉ;4;37.1;0
LA ROCHELLE;46.16;-1.15;29/09/2026;20:00;22.1;0;SOLEIL;5;29.5;0
LA ROCHELLE;46.16;-1.15;29/09/2026;21:00;21.1;0;SOLEIL;5;23.4;0
LA ROCHELLE;46.16;-1.15;29/09/2026;22:00;20.1;0;SOLEIL;5;21.2;0
LA ROCHELLE;46.16;-1.15;29/09/2026;23:00;21.6;2;NUAGEUX;7;22.3;0
LA ROCHELLE;46.16;-1.15;30/09/2026;00:00;21.6;2;NUAGEUX;7;21.2;0
LA ROCHELLE;46.16;-1.15;30/09/2026;01:00;21.6;2;NUAGEUX;7;24.8;0
LA ROCHELLE;46.16;-1.15;30/09/2026;02:00;20;7;PLUIE FAIBLE;5;36.4;0
LA ROCHELLE;46.16;-1.15;30/09/2026;03:00;20;7;PLUIE FAIBLE;5;36.0;0
LA ROCHELLE;46.16;-1.15;30/09/2026;04:00;20;7;PLUIE FAIBLE;5;36.0;0
LA ROCHELLE;46.16;-1.15;30/09/2026;05:00;21.6;2;NUAGEUX;7;35.3;0
LA ROCHELLE;46.16;-1.15;30/09/2026;06:00;21.6;2;NUAGEUX;7;37.7;0
LA ROCHELLE;46.16;-1.15;30/09/2026;07:00;21.6;2;NUAGEUX;7;40.0;0
LA ROCHELLE;46.16;-1.15;30/09/2026;08:00;20.9;7;PLUIE FAIBLE;5;41.2;0
LA ROCHELLE;46.16;-1.15;30/09/2026;09:00;21.4;7;PLUIE FAIBLE;5;40.7;0
LA ROCHELLE;46.16;-1.15;30/09/2026;10:00;21.9;7;PLUIE FAIBLE;5;36.7;0
LA ROCHELLE;46.16;-1.15;30/09/2026;11:00;23.4;7;PLUIE FAIBLE;6;34.6;0
LA ROCHELLE;46.16;-1.15;30/09/2026;12:00;23.4;7;PLUIE FAIBLE;6;34.6;0
LA ROCHELLE;46.16;-1.15;30/09/2026;13:00;23.4;7;PLUIE FAIBLE;6;36.4;0
LA ROCHELLE;46.16;-1.15;30/09/2026;14:00;23.7;7;PLUIE FAIBLE;5;38.2;0
LA ROCHELLE;46.16;-1.15;30/09/2026;15:00;24.2;7;PLUIE FAIBLE;5;41.0;0
LA ROCHELLE;46.16;-1.15;30/09/2026;16:00;23.7;7;PLUIE FAIBLE;5;43.9;0
LA ROCHELLE;46.16;-1.15;30/09/2026;17:00;20.9;7;PLUIE FAIBLE;4;45.7;0
LA ROCHELLE;46.16;-1.15;30/09/2026;18:00;20.9;7;PLUIE FAIBLE;4;45.4;0
LA ROCHELLE;46.16;-1.15;30/09/2026;19:00;20.9;7;PLUIE FAIBLE;4;43.2;0
LA ROCHELLE;46.16;-1.15;30/09/2026;20:00;21.9;7;PLUIE FAIBLE;5;40.0;0
LA ROCHELLE;46.16;-1.15;30/09/2026;21:00;21.4;7;PLUIE FAIBLE;5;34.6;0
LA ROCHELLE;46.16;-1.15;30/09/2026;22:00;20.9;7;PLUIE FAIBLE;5;27.7;0
LA ROCHELLE;46.16;-1.15;30/09/2026;23:00;19;6;AVERSES;4;23.0;0
LA ROCHELLE;46.16;-1.15;01/10/2026;00:00;19;6;AVERSES;4;22.3;0
LA ROCHELLE;46.16;-1.15;01/10/2026;01:00;19;6;AVERSES;4;23.4;0
LA ROCHELLE;46.16;-1.15;01/10/2026;02:00;16.2;7;PLUIE FAIBLE;5;24.5;0
LA ROCHELLE;46.16;-1.15;01/10/2026;03:00;16.2;7;PLUIE FAIBLE;5;25.2;0
LA ROCHELLE;46.16;-1.15;01/10/2026;04:00;16.2;7;PLUIE FAIBLE;5;25.9;0
LA ROCHELLE;46.16;-1.15;01/10/2026;05:00;17.1;7;PLUIE FAIBLE;4;26.3;0
LA ROCHELLE;46.16;-1.15;01/10/2026;06:00;17.1;7;PLUIE FAIBLE;4;26.3;0
LA ROCHELLE;46.16;-1.15;01/10/2026;07:00;17.1;7;PLUIE FAIBLE;4;25.6;0
LA ROCHELLE;46.16;-1.15;01/10/2026;08:00;17.6;7;PLUIE FAIBLE;5;24.8;0
LA ROCHELLE;46.16;-1.15;01/10/2026;09:00;18.4;7;PLUIE FAIBLE;5;23.0;0
LA ROCHELLE;46.16;-1.15;01/10/2026;10:00;19.1;7;PLUIE FAIBLE;5;20.9;0
LA ROCHELLE;46.16;-1.15;01/10/2026;11:00;22.2;7;PLUIE FAIBLE;5;19.4;0
LA ROCHELLE;46.16;-1.15;01/10/2026;12:00;22.2;7;PLUIE FAIBLE;5;19.4;0
LA ROCHELLE;46.16;-1.15;01/10/2026;13:00;22.2;7;PLUIE FAIBLE;5;20.5;0
LA ROCHELLE;46.16;-1.15;01/10/2026;14:00;22.0;7;PLUIE FAIBLE;5;22.3;0
LA ROCHELLE;46.16;-1.15;01/10/2026;15:00;22.7;7;PLUIE FAIBLE;5;25.2;0
LA ROCHELLE;46.16;-1.15;01/10/2026;16:00;22.0;7;PLUIE FAIBLE;5;28.4;0
LA ROCHELLE;46.16;-1.15;01/10/2026;17:00;19.5;0;SOLEIL;4;31.0;0
LA ROCHELLE;46.16;-1.15;01/10/2026;18:00;19.5;0;SOLEIL;4;31.3;0
LA ROCHELLE;46.16;-1.15;01/10/2026;19:00;19.5;0;SOLEIL;4;31.0;0
LA ROCHELLE;46.16;-1.15;01/10/2026;20:00;19.1;7;PLUIE FAIBLE;5;30.6;0
LA ROCHELLE;46.16;-1.15;01/10/2026;21:00;18.4;7;PLUIE FAIBLE;5;32.8;0
LA ROCHELLE;46.16;-1.15;01/10/2026;22:00;17.6;7;PLUIE FAIBLE;5;31.0;0
LA ROCHELLE;46.16;-1.15;01/10/2026;23:00;16;0;SOLEIL;3;28.1;0
LA ROCHELLE;46.16;-1.15;02/10/2026;00:00;16;0;SOLEIL;3;25.6;0
LA ROCHELLE;46.16;-1.15;02/10/2026;01:00;16;0;SOLEIL;3;23.0;0
LA ROCHELLE;46.16;-1.15;02/10/2026;02:00;12.7;0;SOLEIL;5;21.6;0
LA ROCHELLE;46.16;-1.15;02/10/2026;03:00;12.7;0;SOLEIL;5;20.9;0
LA ROCHELLE;46.16;-1.15;02/10/2026;04:00;12.7;0;SOLEIL;5;20.9;0
LA ROCHELLE;46.16;-1.15;02/10/2026;05:00;13.4;0;SOLEIL;3;21.2;0
LA ROCHELLE;46.16;-1.15;02/10/2026;06:00;13.4;0;SOLEIL;3;22.0;0
LA ROCHELLE;46.16;-1.15;02/10/2026;07:00;13.4;0;SOLEIL;3;22.7;0
LA ROCHELLE;46.16;-1.15;02/10/2026;08:00;14.9;0;SOLEIL;5;23.8;0
LA ROCHELLE;46.16;-1.15;02/10/2026;09:00;16.0;0;SOLEIL;5;25.2;0
LA ROCHELLE;46.16;-1.15;02/10/2026;10:00;17.1;0;SOLEIL;5;27.4;0
LA ROCHELLE;46.16;-1.15;02/10/2026;11:00;21.7;0;SOLEIL;4;29.5;0
LA ROCHELLE;46.16;-1.15;02/10/2026;12:00;21.7;0;SOLEIL;4;31.7;0
LA ROCHELLE;46.16;-1.15;02/10/2026;13:00;21.7;0;SOLEIL;4;33.5;0
LA ROCHELLE;46.16;-1.15;02/10/2026;14:00;21.6;0;SOLEIL;5;34.9;0
LA ROCHELLE;46.16;-1.15;02/10/2026;15:00;22.7;0;SOLEIL;5;35.6;0
LA ROCHELLE;46.16;-1.15;02/10/2026;16:00;21.6;0;SOLEIL;5;36.0;0
LA ROCHELLE;46.16;-1.15;02/10/2026;17:00;19.6;0;SOLEIL;4;35.6;0
LA ROCHELLE;46.16;-1.15;02/10/2026;18:00;19.6;0;SOLEIL;4;35.6;0
LA ROCHELLE;46.16;-1.15;02/10/2026;19:00;19.6;0;SOLEIL;4;35.3;0
LA ROCHELLE;46.16;-1.15;02/10/2026;20:00;17.1;0;SOLEIL;5;34.9;0
LA ROCHELLE;46.16;-1.15;02/10/2026;21:00;16.0;0;SOLEIL;5;34.6;0
LA ROCHELLE;46.16;-1.15;02/10/2026;22:00;14.9;0;SOLEIL;5;34.2;0
LA ROCHELLE;46.16;-1.15;02/10/2026;23:00;15.6;0;SOLEIL;4;33.5;0
LA ROCHELLE;46.16;-1.15;03/10/2026;00:00;15.6;0;SOLEIL;4;32.8;0
LA ROCHELLE;46.16;-1.15;03/10/2026;01:00;15.6;0;SOLEIL;4;32.4;0
LA ROCHELLE;46.16;-1.15;03/10/2026;02:00;12.5;0;SOLEIL;5;32.0;0
LA ROCHELLE;46.16;-1.15;03/10/2026;03:00;12.5;0;SOLEIL;5;32.0;0
LA ROCHELLE;46.16;-1.15;03/10/2026;04:00;12.5;0;SOLEIL;5;31.7;0
LA ROCHELLE;46.16;-1.15;03/10/2026;05:00;13.4;0;SOLEIL;4;31.7;0
LA ROCHELLE;46.16;-1.15;03/10/2026;06:00;13.4;0;SOLEIL;4;32.0;0
LA ROCHELLE;46.16;-1.15;03/10/2026;07:00;13.4;0;SOLEIL;4;32.4;0
LA ROCHELLE;46.16;-1.15;03/10/2026;08:00;15.0;0;SOLEIL;5;33.1;0
LA ROCHELLE;46.16;-1.15;03/10/2026;09:00;16.3;0;SOLEIL;5;34.6;0
LA ROCHELLE;46.16;-1.15;03/10/2026;10:00;17.6;0;SOLEIL;5;36.4;0
LA ROCHELLE;46.16;-1.15;03/10/2026;11:00;22.9;0;SOLEIL;5;38.5;0
LA ROCHELLE;46.16;-1.15;03/10/2026;12:00;22.9;0;SOLEIL;5;40.7;0
LA ROCHELLE;46.16;-1.15;03/10/2026;13:00;22.9;0;SOLEIL;5;42.5;0
LA ROCHELLE;46.16;-1.15;03/10/2026;14:00;22.6;0;SOLEIL;5;43.9;0
LA ROCHELLE;46.16;-1.15;03/10/2026;15:00;23.9;0;SOLEIL;5;44.6;0
LA ROCHELLE;46.16;-1.15;03/10/2026;16:00;22.6;0;SOLEIL;5;45.0;0
LA ROCHELLE;46.16;-1.15;03/10/2026;17:00;20.2;0;SOLEIL;4;45.0;0
LA ROCHELLE;46.16;-1.15;03/10/2026;18:00;20.2;0;SOLEIL;4;44.6;0
LA ROCHELLE;46.16;-1.15;03/10/2026;19:00;20.2;0;SOLEIL;4;44.3;0
LA ROCHELLE;46.16;-1.15;03/10/2026;20:00;17.6;0;SOLEIL;5;43.6;0
LA ROCHELLE;46.16;-1.15;03/10/2026;21:00;16.3;0;SOLEIL;5;42.8;0
LA ROCHELLE;46.16;-1.15;03/10/2026;22:00;15.0;0;SOLEIL;5;41.4;0
LA ROCHELLE;46.16;-1.15;03/10/2026;23:00;15.7;0;SOLEIL;4;40.3;0
LA ROCHELLE;46.16;-1.15;04/10/2026;00:00;15.7;0;SOLEIL;4;38.9;0
LA ROCHELLE;46.16;-1.15;04/10/2026;01:00;15.7;0;SOLEIL;4;37.4;0
LA ROCHELLE;46.16;-1.15;04/10/2026;02:00;13.2;0;SOLEIL;5;36.4;0
LA ROCHELLE;46.16;-1.15;04/10/2026;03:00;13.2;0;SOLEIL;5;35.6;0
LA ROCHELLE;46.16;-1.15;04/10/2026;04:00;13.2;0;SOLEIL;5;34.6;0
LA ROCHELLE;46.16;-1.15;04/10/2026;05:00;14.1;0;SOLEIL;4;34.2;0
LA ROCHELLE;46.16;-1.15;04/10/2026;06:00;14.1;0;SOLEIL;4;33.5;0
LA ROCHELLE;46.16;-1.15;04/10/2026;07:00;14.1;0;SOLEIL;4;33.1;0
LA ROCHELLE;46.16;-1.15;04/10/2026;08:00;15.2;0;SOLEIL;5;33.1;0
LA ROCHELLE;46.16;-1.15;04/10/2026;09:00;16.2;0;SOLEIL;5;33.5;0
LA ROCHELLE;46.16;-1.15;04/10/2026;10:00;17.2;0;SOLEIL;5;34.2;0
LA ROCHELLE;46.16;-1.15;04/10/2026;11:00;21.4;0;SOLEIL;5;35.3;0
LA ROCHELLE;46.16;-1.15;04/10/2026;12:00;21.4;0;SOLEIL;5;36.0;0
LA ROCHELLE;46.16;-1.15;04/10/2026;13:00;21.4;0;SOLEIL;5;37.1;0
LA ROCHELLE;46.16;-1.15;04/10/2026;14:00;21.2;0;SOLEIL;5;37.4;0
LA ROCHELLE;46.16;-1.15;04/10/2026;15:00;22.2;0;SOLEIL;5;37.4;0
LA ROCHELLE;46.16;-1.15;04/10/2026;16:00;21.2;0;SOLEIL;5;37.4;0
LA ROCHELLE;46.16;-1.15;04/10/2026;17:00;19.5;0;SOLEIL;4;37.4;0
LA ROCHELLE;46.16;-1.15;04/10/2026;18:00;19.5;0;SOLEIL;4;37.1;0
LA ROCHELLE;46.16;-1.15;04/10/2026;19:00;19.5;0;SOLEIL;4;36.7;0
LA ROCHELLE;46.16;-1.15;04/10/2026;20:00;17.2;0;SOLEIL;5;36.4;0
LA ROCHELLE;46.16;-1.15;04/10/2026;21:00;16.2;0;SOLEIL;5;36.0;0
LA ROCHELLE;46.16;-1.15;04/10/2026;22:00;15.2;0;SOLEIL;5;35.3;0
LA ROCHELLE;46.16;-1.15;04/10/2026;23:00;15.9;0;SOLEIL;4;34.6;0
BORDEAUX;44.83;-0.57;27/09/2026;00:00;19.9;0;SOLEIL;2;5.4;0
BORDEAUX;44.83;-0.57;27/09/2026;01:00;19.6;0;SOLEIL;2;4.7;0
BORDEAUX;44.83;-0.57;27/09/2026;02:00;18.7;5;SOLEIL VOILÉ;2;6.5;0
BORDEAUX;44.83;-0.57;27/09/2026;03:00;18.5;5;SOLEIL VOILÉ;2;6.5;0
BORDEAUX;44.83;-0.57;27/09/2026;04:00;18.4;2;NUAGEUX;2;7.2;0
BORDEAUX;44.83;-0.57;27/09/2026;05:00;17.9;2;NUAGEUX;2;7.2;0
BORDEAUX;44.83;-0.57;27/09/2026;06:00;18.8;2;NUAGEUX;2;7.2;0
BORDEAUX;44.83;-0.57;27/09/2026;07:00;19;2;NUAGEUX;3;6.8;0
BORDEAUX;44.83;-0.57;27/09/2026;08:00;21.4;2;NUAGEUX;3;11.2;0
BORDEAUX;44.83;-0.57;27/09/2026;09:00;23.1;2;NUAGEUX;2;13.3;0
BORDEAUX;44.83;-0.57;27/09/2026;10:00;25.7;5;SOLEIL VOILÉ;3;23.4;0
BORDEAUX;44.83;-0.57;27/09/2026;11:00;27.6;5;SOLEIL VOILÉ;2;24.5;0
BORDEAUX;44.83;-0.57;27/09/2026;12:00;29.6;5;SOLEIL VOILÉ;3;22.7;0
BORDEAUX;44.83;-0.57;27/09/2026;13:00;30.6;5;SOLEIL VOILÉ;2;20.2;0
BORDEAUX;44.83;-0.57;27/09/2026;14:00;29.5;5;SOLEIL VOILÉ;3;18.0;0
BORDEAUX;44.83;-0.57;27/09/2026;15:00;28.8;2;NUAGEUX;3;19.1;0
BORDEAUX;44.83;-0.57;27/09/2026;16:00;27.4;2;NUAGEUX;3;19.8;0
BORDEAUX;44.83;-0.57;27/09/2026;17:00;25.9;2;NUAGEUX;3;19.8;0
BORDEAUX;44.83;-0.57;27/09/2026;18:00;24.6;2;NUAGEUX;3;20.2;0
BORDEAUX;44.83;-0.57;27/09/2026;19:00;23.6;5;SOLEIL VOILÉ;4;20.2;0
BORDEAUX;44.83;-0.57;27/09/2026;20:00;22.5;2;NUAGEUX;4;19.4;0
BORDEAUX;44.83;-0.57;27/09/2026;21:00;21.6;5;SOLEIL VOILÉ;3;15.5;0
BORDEAUX;44.83;-0.57;27/09/2026;22:00;20.9;2;NUAGEUX;3;14.8;0
BORDEAUX;44.83;-0.57;27/09/2026;23:00;20.5;2;NUAGEUX;3;14.0;0
BORDEAUX;44.83;-0.57;28/09/2026;00:00;20.1;2;NUAGEUX;3;6.1;0
BORDEAUX;44.83;-0.57;28/09/2026;01:00;20.1;2;NUAGEUX;3;6.5;0
BORDEAUX;44.83;-0.57;28/09/2026;02:00;19.4;10;ORAGEUX;3;9.0;0
BORDEAUX;44.83;-0.57;28/09/2026;03:00;19.4;10;ORAGEUX;3;12.6;0
BORDEAUX;44.83;-0.57;28/09/2026;04:00;19.4;10;ORAGEUX;3;15.3;0
BORDEAUX;44.83;-0.57;28/09/2026;05:00;19.1;10;ORAGEUX;3;13.9;0
BORDEAUX;44.83;-0.57;28/09/2026;06:00;19.1;10;ORAGEUX;3;13.7;0
BORDEAUX;44.83;-0.57;28/09/2026;07:00;19.1;10;ORAGEUX;3;15.5;0
BORDEAUX;44.83;-0.57;28/09/2026;08:00;22.2;10;ORAGEUX;4;17.6;0
BORDEAUX;44.83;-0.57;28/09/2026;09:00;22.2;10;ORAGEUX;4;18.7;0
BORDEAUX;44.83;-0.57;28/09/2026;10:00;22.2;10;ORAGEUX;4;26.6;0
BORDEAUX;44.83;-0.57;28/09/2026;11:00;25.5;5;SOLEIL VOILÉ;3;34.9;0
BORDEAUX;44.83;-0.57;28/09/2026;12:00;25.5;5;SOLEIL VOILÉ;3;35.3;0
BORDEAUX;44.83;-0.57;28/09/2026;13:00;25.5;5;SOLEIL VOILÉ;3;32.4;0
BORDEAUX;44.83;-0.57;28/09/2026;14:00;28.6;5;SOLEIL VOILÉ;3;26.6;0
BORDEAUX;44.83;-0.57;28/09/2026;15:00;28.6;5;SOLEIL VOILÉ;3;22.7;0
BORDEAUX;44.83;-0.57;28/09/2026;16:00;28.6;5;SOLEIL VOILÉ;3;16.9;0
BORDEAUX;44.83;-0.57;28/09/2026;17:00;25.6;5;SOLEIL VOILÉ;3;15.8;0
BORDEAUX;44.83;-0.57;28/09/2026;18:00;25.6;5;SOLEIL VOILÉ;3;17.6;0
BORDEAUX;44.83;-0.57;28/09/2026;19:00;25.6;5;SOLEIL VOILÉ;3;17.6;0
BORDEAUX;44.83;-0.57;28/09/2026;20:00;23.1;5;SOLEIL VOILÉ;4;12.2;0
BORDEAUX;44.83;-0.57;28/09/2026;21:00;23.1;5;SOLEIL VOILÉ;4;10.1;0
BORDEAUX;44.83;-0.57;28/09/2026;22:00;23.1;5;SOLEIL VOILÉ;4;5.8;0
BORDEAUX;44.83;-0.57;28/09/2026;23:00;22.6;0;SOLEIL;4;8.3;0
BORDEAUX;44.83;-0.57;29/09/2026;00:00;22.6;0;SOLEIL;4;18.0;0
BORDEAUX;44.83;-0.57;29/09/2026;01:00;22.6;0;SOLEIL;4;19.1;0
BORDEAUX;44.83;-0.57;29/09/2026;02:00;21.2;0;SOLEIL;4;18.7;0
BORDEAUX;44.83;-0.57;29/09/2026;03:00;21.2;0;SOLEIL;4;17.6;0
BORDEAUX;44.83;-0.57;29/09/2026;04:00;21.2;0;SOLEIL;4;22.7;0
BORDEAUX;44.83;-0.57;29/09/2026;05:00;21.1;0;SOLEIL;4;19.8;0
BORDEAUX;44.83;-0.57;29/09/2026;06:00;21.1;0;SOLEIL;4;18.7;0
BORDEAUX;44.83;-0.57;29/09/2026;07:00;21.1;0;SOLEIL;4;18.0;0
BORDEAUX;44.83;-0.57;29/09/2026;08:00;24.4;0;SOLEIL;4;18.4;0
BORDEAUX;44.83;-0.57;29/09/2026;09:00;24.4;0;SOLEIL;4;19.8;0
BORDEAUX;44.83;-0.57;29/09/2026;10:00;24.4;0;SOLEIL;4;22.0;0
BORDEAUX;44.83;-0.57;29/09/2026;11:00;29.6;0;SOLEIL;4;25.2;0
BORDEAUX;44.83;-0.57;29/09/2026;12:00;29.6;0;SOLEIL;4;30.2;0
BORDEAUX;44.83;-0.57;29/09/2026;13:00;29.6;0;SOLEIL;4;36.4;0
BORDEAUX;44.83;-0.57;29/09/2026;14:00;31.2;0;SOLEIL;4;39.6;0
BORDEAUX;44.83;-0.57;29/09/2026;15:00;31.2;0;SOLEIL;4;38.2;0
BORDEAUX;44.83;-0.57;29/09/2026;16:00;31.2;0;SOLEIL;4;33.8;0
BORDEAUX;44.83;-0.57;29/09/2026;17:00;28;0;SOLEIL;3;29.9;0
BORDEAUX;44.83;-0.57;29/09/2026;18:00;28;0;SOLEIL;3;27.0;0
BORDEAUX;44.83;-0.57;29/09/2026;19:00;28;0;SOLEIL;3;24.1;0
BORDEAUX;44.83;-0.57;29/09/2026;20:00;25.7;0;SOLEIL;5;22.0;0
BORDEAUX;44.83;-0.57;29/09/2026;21:00;24.5;0;SOLEIL;5;20.9;0
BORDEAUX;44.83;-0.57;29/09/2026;22:00;23.2;0;SOLEIL;5;20.5;0
BORDEAUX;44.83;-0.57;29/09/2026;23:00;23.1;2;NUAGEUX;4;21.6;0
BORDEAUX;44.83;-0.57;30/09/2026;00:00;23.1;2;NUAGEUX;4;24.8;0
BORDEAUX;44.83;-0.57;30/09/2026;01:00;23.1;2;NUAGEUX;4;29.2;0
BORDEAUX;44.83;-0.57;30/09/2026;02:00;20.6;2;NUAGEUX;5;32.0;0
BORDEAUX;44.83;-0.57;30/09/2026;03:00;20.6;2;NUAGEUX;5;32.4;0
BORDEAUX;44.83;-0.57;30/09/2026;04:00;20.6;2;NUAGEUX;5;31.7;0
BORDEAUX;44.83;-0.57;30/09/2026;05:00;21.2;2;NUAGEUX;4;29.5;0
BORDEAUX;44.83;-0.57;30/09/2026;06:00;21.2;2;NUAGEUX;4;25.6;0
BORDEAUX;44.83;-0.57;30/09/2026;07:00;21.2;2;NUAGEUX;4;20.5;0
BORDEAUX;44.83;-0.57;30/09/2026;08:00;22.2;2;NUAGEUX;5;18.0;0
BORDEAUX;44.83;-0.57;30/09/2026;09:00;23.0;2;NUAGEUX;5;19.4;0
BORDEAUX;44.83;-0.57;30/09/2026;10:00;23.8;2;NUAGEUX;5;23.4;0
BORDEAUX;44.83;-0.57;30/09/2026;11:00;27.1;2;NUAGEUX;4;26.6;0
BORDEAUX;44.83;-0.57;30/09/2026;12:00;27.1;2;NUAGEUX;4;28.1;0
BORDEAUX;44.83;-0.57;30/09/2026;13:00;27.1;2;NUAGEUX;4;29.2;0
BORDEAUX;44.83;-0.57;30/09/2026;14:00;27.1;2;NUAGEUX;5;29.9;0
BORDEAUX;44.83;-0.57;30/09/2026;15:00;27.9;2;NUAGEUX;5;31.0;0
BORDEAUX;44.83;-0.57;30/09/2026;16:00;27.1;2;NUAGEUX;5;31.7;0
BORDEAUX;44.83;-0.57;30/09/2026;17:00;22.7;7;PLUIE FAIBLE;3;31.3;0
BORDEAUX;44.83;-0.57;30/09/2026;18:00;22.7;7;PLUIE FAIBLE;3;29.5;0
BORDEAUX;44.83;-0.57;30/09/2026;19:00;22.7;7;PLUIE FAIBLE;3;27.0;0
BORDEAUX;44.83;-0.57;30/09/2026;20:00;23.8;2;NUAGEUX;5;24.1;0
BORDEAUX;44.83;-0.57;30/09/2026;21:00;23.0;2;NUAGEUX;5;20.9;0
BORDEAUX;44.83;-0.57;30/09/2026;22:00;22.2;2;NUAGEUX;5;17.3;0
BORDEAUX;44.83;-0.57;30/09/2026;23:00;19.2;6;AVERSES;3;14.0;0
BORDEAUX;44.83;-0.57;01/10/2026;00:00;19.2;6;AVERSES;3;11.5;0
BORDEAUX;44.83;-0.57;01/10/2026;01:00;19.2;6;AVERSES;3;10.3;0
BORDEAUX;44.83;-0.57;01/10/2026;02:00;16.6;7;PLUIE FAIBLE;5;9.9;0
BORDEAUX;44.83;-0.57;01/10/2026;03:00;16.6;7;PLUIE FAIBLE;5;10.1;0
BORDEAUX;44.83;-0.57;01/10/2026;04:00;16.6;7;PLUIE FAIBLE;5;10.4;0
BORDEAUX;44.83;-0.57;01/10/2026;05:00;17.4;6;AVERSES;2;10.4;0
BORDEAUX;44.83;-0.57;01/10/2026;06:00;17.4;6;AVERSES;2;9.7;0
BORDEAUX;44.83;-0.57;01/10/2026;07:00;17.4;6;AVERSES;2;9.4;0
BORDEAUX;44.83;-0.57;01/10/2026;08:00;17.9;7;PLUIE FAIBLE;5;10.1;0
BORDEAUX;44.83;-0.57;01/10/2026;09:00;18.5;7;PLUIE FAIBLE;5;13.7;0
BORDEAUX;44.83;-0.57;01/10/2026;10:00;19.2;7;PLUIE FAIBLE;5;18.7;0
BORDEAUX;44.83;-0.57;01/10/2026;11:00;21.5;7;PLUIE FAIBLE;3;22.7;0
BORDEAUX;44.83;-0.57;01/10/2026;12:00;21.5;7;PLUIE FAIBLE;3;23.8;0
BORDEAUX;44.83;-0.57;01/10/2026;13:00;21.5;7;PLUIE FAIBLE;3;23.8;0
BORDEAUX;44.83;-0.57;01/10/2026;14:00;21.8;7;PLUIE FAIBLE;5;24.5;0
BORDEAUX;44.83;-0.57;01/10/2026;15:00;22.4;7;PLUIE FAIBLE;5;27.0;0
BORDEAUX;44.83;-0.57;01/10/2026;16:00;21.8;7;PLUIE FAIBLE;5;29.9;0
BORDEAUX;44.83;-0.57;01/10/2026;17:00;19.9;7;PLUIE FAIBLE;2;31.3;0
BORDEAUX;44.83;-0.57;01/10/2026;18:00;19.9;7;PLUIE FAIBLE;2;30.6;0
BORDEAUX;44.83;-0.57;01/10/2026;19:00;19.9;7;PLUIE FAIBLE;2;28.8;0
BORDEAUX;44.83;-0.57;01/10/2026;20:00;19.2;7;PLUIE FAIBLE;5;25.6;0
BORDEAUX;44.83;-0.57;01/10/2026;21:00;18.5;7;PLUIE FAIBLE;5;20.5;0
BORDEAUX;44.83;-0.57;01/10/2026;22:00;17.9;7;PLUIE FAIBLE;5;14.8;0
BORDEAUX;44.83;-0.57;01/10/2026;23:00;15.9;0;SOLEIL;2;10.1;0
BORDEAUX;44.83;-0.57;02/10/2026;00:00;15.9;0;SOLEIL;2;7.9;0
BORDEAUX;44.83;-0.57;02/10/2026;01:00;15.9;0;SOLEIL;2;7.2;0
BORDEAUX;44.83;-0.57;02/10/2026;02:00;13.2;0;SOLEIL;5;6.5;0
BORDEAUX;44.83;-0.57;02/10/2026;03:00;13.2;0;SOLEIL;5;5.8;0
BORDEAUX;44.83;-0.57;02/10/2026;04:00;13.2;0;SOLEIL;5;5.4;0
BORDEAUX;44.83;-0.57;02/10/2026;05:00;14.1;0;SOLEIL;2;5.4;0
BORDEAUX;44.83;-0.57;02/10/2026;06:00;14.1;0;SOLEIL;2;5.4;0
BORDEAUX;44.83;-0.57;02/10/2026;07:00;14.1;0;SOLEIL;2;5.4;0
BORDEAUX;44.83;-0.57;02/10/2026;08:00;15.7;0;SOLEIL;5;6.1;0
BORDEAUX;44.83;-0.57;02/10/2026;09:00;16.9;0;SOLEIL;5;7.6;0
BORDEAUX;44.83;-0.57;02/10/2026;10:00;18.2;0;SOLEIL;5;9.7;0
BORDEAUX;44.83;-0.57;02/10/2026;11:00;23.2;0;SOLEIL;3;12.2;0
BORDEAUX;44.83;-0.57;02/10/2026;12:00;23.2;0;SOLEIL;3;15.1;0
BORDEAUX;44.83;-0.57;02/10/2026;13:00;23.2;0;SOLEIL;3;18.0;0
BORDEAUX;44.83;-0.57;02/10/2026;14:00;23.2;0;SOLEIL;5;20.5;0
BORDEAUX;44.83;-0.57;02/10/2026;15:00;24.4;0;SOLEIL;5;22.3;0
BORDEAUX;44.83;-0.57;02/10/2026;16:00;23.2;0;SOLEIL;5;23.0;0
BORDEAUX;44.83;-0.57;02/10/2026;17:00;21.2;0;SOLEIL;2;23.4;0
BORDEAUX;44.83;-0.57;02/10/2026;18:00;21.2;0;SOLEIL;2;22.7;0
BORDEAUX;44.83;-0.57;02/10/2026;19:00;21.2;0;SOLEIL;2;20.9;0
BORDEAUX;44.83;-0.57;02/10/2026;20:00;18.2;0;SOLEIL;5;19.1;0
BORDEAUX;44.83;-0.57;02/10/2026;21:00;16.9;0;SOLEIL;5;16.9;0
BORDEAUX;44.83;-0.57;02/10/2026;22:00;15.7;0;SOLEIL;5;14.8;0
BORDEAUX;44.83;-0.57;02/10/2026;23:00;16.1;0;SOLEIL;2;13.0;0
BORDEAUX;44.83;-0.57;03/10/2026;00:00;16.1;0;SOLEIL;2;12.2;0
BORDEAUX;44.83;-0.57;03/10/2026;01:00;16.1;0;SOLEIL;2;12.2;0
BORDEAUX;44.83;-0.57;03/10/2026;02:00;13;0;SOLEIL;5;11.9;0
BORDEAUX;44.83;-0.57;03/10/2026;03:00;13;0;SOLEIL;5;11.2;0
BORDEAUX;44.83;-0.57;03/10/2026;04:00;13;0;SOLEIL;5;10.4;0
BORDEAUX;44.83;-0.57;03/10/2026;05:00;14;0;SOLEIL;2;9.7;0
BORDEAUX;44.83;-0.57;03/10/2026;06:00;14;0;SOLEIL;2;8.6;0
BORDEAUX;44.83;-0.57;03/10/2026;07:00;14;0;SOLEIL;2;7.6;0
BORDEAUX;44.83;-0.57;03/10/2026;08:00;15.7;0;SOLEIL;5;7.6;0
BORDEAUX;44.83;-0.57;03/10/2026;09:00;17.0;0;SOLEIL;5;9.7;0
BORDEAUX;44.83;-0.57;03/10/2026;10:00;18.4;0;SOLEIL;5;12.6;0
BORDEAUX;44.83;-0.57;03/10/2026;11:00;23.9;0;SOLEIL;3;15.1;0
BORDEAUX;44.83;-0.57;03/10/2026;12:00;23.9;0;SOLEIL;3;16.5;0
BORDEAUX;44.83;-0.57;03/10/2026;13:00;23.9;0;SOLEIL;3;17.1;0
BORDEAUX;44.83;-0.57;03/10/2026;14:00;23.8;0;SOLEIL;5;17.4;0
BORDEAUX;44.83;-0.57;03/10/2026;15:00;25.1;0;SOLEIL;5;17.6;0
BORDEAUX;44.83;-0.57;03/10/2026;16:00;23.8;0;SOLEIL;5;18.0;0
BORDEAUX;44.83;-0.57;03/10/2026;17:00;21.7;0;SOLEIL;2;18.4;0
BORDEAUX;44.83;-0.57;03/10/2026;18:00;21.7;0;SOLEIL;2;18.4;0
BORDEAUX;44.83;-0.57;03/10/2026;19:00;21.7;0;SOLEIL;2;18.4;0
BORDEAUX;44.83;-0.57;03/10/2026;20:00;18.4;0;SOLEIL;5;18.4;0
BORDEAUX;44.83;-0.57;03/10/2026;21:00;17.0;0;SOLEIL;5;18.0;0
BORDEAUX;44.83;-0.57;03/10/2026;22:00;15.7;0;SOLEIL;5;17.3;0
BORDEAUX;44.83;-0.57;03/10/2026;23:00;16.5;0;SOLEIL;2;16.6;0
BORDEAUX;44.83;-0.57;04/10/2026;00:00;16.5;0;SOLEIL;2;15.8;0
BORDEAUX;44.83;-0.57;04/10/2026;01:00;16.5;0;SOLEIL;2;15.1;0
BORDEAUX;44.83;-0.57;04/10/2026;02:00;13.5;0;SOLEIL;5;14.8;0
BORDEAUX;44.83;-0.57;04/10/2026;03:00;13.5;0;SOLEIL;5;14.4;0
BORDEAUX;44.83;-0.57;04/10/2026;04:00;13.5;0;SOLEIL;5;14.4;0
BORDEAUX;44.83;-0.57;04/10/2026;05:00;14.5;0;SOLEIL;3;14.4;0
BORDEAUX;44.83;-0.57;04/10/2026;06:00;14.5;0;SOLEIL;3;14.8;0
BORDEAUX;44.83;-0.57;04/10/2026;07:00;14.5;0;SOLEIL;3;14.8;0
BORDEAUX;44.83;-0.57;04/10/2026;08:00;15.7;0;SOLEIL;5;15.1;0
BORDEAUX;44.83;-0.57;04/10/2026;09:00;16.8;0;SOLEIL;5;15.5;0
BORDEAUX;44.83;-0.57;04/10/2026;10:00;17.9;0;SOLEIL;5;15.8;0
BORDEAUX;44.83;-0.57;04/10/2026;11:00;22.4;0;SOLEIL;2;16.6;0
BORDEAUX;44.83;-0.57;04/10/2026;12:00;22.4;0;SOLEIL;2;16.9;0
BORDEAUX;44.83;-0.57;04/10/2026;13:00;22.4;0;SOLEIL;2;17.6;0
BORDEAUX;44.83;-0.57;04/10/2026;14:00;22.3;0;SOLEIL;5;18.0;0
BORDEAUX;44.83;-0.57;04/10/2026;15:00;23.4;0;SOLEIL;5;18.4;0
BORDEAUX;44.83;-0.57;04/10/2026;16:00;22.3;0;SOLEIL;5;19.1;0
BORDEAUX;44.83;-0.57;04/10/2026;17:00;19.7;0;SOLEIL;3;19.8;0
BORDEAUX;44.83;-0.57;04/10/2026;18:00;19.7;0;SOLEIL;3;20.2;0
BORDEAUX;44.83;-0.57;04/10/2026;19:00;19.7;0;SOLEIL;3;20.5;0
BORDEAUX;44.83;-0.57;04/10/2026;20:00;17.9;0;SOLEIL;5;20.5;0
BORDEAUX;44.83;-0.57;04/10/2026;21:00;16.8;0;SOLEIL;5;20.2;0
BORDEAUX;44.83;-0.57;04/10/2026;22:00;15.7;0;SOLEIL;5;19.4;0
BORDEAUX;44.83;-0.57;04/10/2026;23:00;15.6;0;SOLEIL;2;18.4;0
BIARRITZ;43.48;-1.56;27/09/2026;00:00;17.4;5;SOLEIL VOILÉ;4;5.8;0
BIARRITZ;43.48;-1.56;27/09/2026;01:00;16.7;5;SOLEIL VOILÉ;4;9.7;0
BIARRITZ;43.48;-1.56;27/09/2026;02:00;16.6;5;SOLEIL VOILÉ;4;12.2;0
BIARRITZ;43.48;-1.56;27/09/2026;03:00;16.7;5;SOLEIL VOILÉ;3;13.0;0
BIARRITZ;43.48;-1.56;27/09/2026;04:00;16.6;5;SOLEIL VOILÉ;3;14.4;0
BIARRITZ;43.48;-1.56;27/09/2026;05:00;16.6;5;SOLEIL VOILÉ;2;15.8;0
BIARRITZ;43.48;-1.56;27/09/2026;06:00;16.8;5;SOLEIL VOILÉ;2;14.8;0
BIARRITZ;43.48;-1.56;27/09/2026;07:00;18;5;SOLEIL VOILÉ;2;8.3;0
BIARRITZ;43.48;-1.56;27/09/2026;08:00;19.6;5;SOLEIL VOILÉ;2;9.0;0
BIARRITZ;43.48;-1.56;27/09/2026;09:00;21.6;5;SOLEIL VOILÉ;2;10.8;0
BIARRITZ;43.48;-1.56;27/09/2026;10:00;22.1;5;SOLEIL VOILÉ;2;11.2;0
BIARRITZ;43.48;-1.56;27/09/2026;11:00;22.7;5;SOLEIL VOILÉ;3;13.0;0
BIARRITZ;43.48;-1.56;27/09/2026;12:00;23.9;5;SOLEIL VOILÉ;2;15.8;0
BIARRITZ;43.48;-1.56;27/09/2026;13:00;24.1;5;SOLEIL VOILÉ;3;16.2;0
BIARRITZ;43.48;-1.56;27/09/2026;14:00;23.5;5;SOLEIL VOILÉ;3;17.3;0
BIARRITZ;43.48;-1.56;27/09/2026;15:00;22.8;5;SOLEIL VOILÉ;3;18.4;0
BIARRITZ;43.48;-1.56;27/09/2026;16:00;22.1;5;SOLEIL VOILÉ;3;17.6;0
BIARRITZ;43.48;-1.56;27/09/2026;17:00;21.2;5;SOLEIL VOILÉ;3;18.4;0
BIARRITZ;43.48;-1.56;27/09/2026;18:00;20.6;5;SOLEIL VOILÉ;3;16.2;0
BIARRITZ;43.48;-1.56;27/09/2026;19:00;20.2;5;SOLEIL VOILÉ;2;17.6;0
BIARRITZ;43.48;-1.56;27/09/2026;20:00;20.2;2;NUAGEUX;4;16.6;0
BIARRITZ;43.48;-1.56;27/09/2026;21:00;20.5;2;NUAGEUX;3;20.2;0
BIARRITZ;43.48;-1.56;27/09/2026;22:00;20.4;2;NUAGEUX;3;20.9;0
BIARRITZ;43.48;-1.56;27/09/2026;23:00;20.1;2;NUAGEUX;3;19.4;0
BIARRITZ;43.48;-1.56;28/09/2026;00:00;19.9;2;NUAGEUX;2;14.8;0
BIARRITZ;43.48;-1.56;28/09/2026;01:00;19.9;2;NUAGEUX;2;14.8;0
BIARRITZ;43.48;-1.56;28/09/2026;02:00;19.5;5;SOLEIL VOILÉ;2;10.8;0
BIARRITZ;43.48;-1.56;28/09/2026;03:00;19.5;5;SOLEIL VOILÉ;2;8.0;0
BIARRITZ;43.48;-1.56;28/09/2026;04:00;19.5;5;SOLEIL VOILÉ;2;13.1;0
BIARRITZ;43.48;-1.56;28/09/2026;05:00;18.6;2;NUAGEUX;2;22.7;0
BIARRITZ;43.48;-1.56;28/09/2026;06:00;18.6;2;NUAGEUX;2;34.9;0
BIARRITZ;43.48;-1.56;28/09/2026;07:00;18.6;2;NUAGEUX;2;21.6;0
BIARRITZ;43.48;-1.56;28/09/2026;08:00;21;2;NUAGEUX;3;22.7;0
BIARRITZ;43.48;-1.56;28/09/2026;09:00;21;2;NUAGEUX;3;23.4;0
BIARRITZ;43.48;-1.56;28/09/2026;10:00;21;2;NUAGEUX;3;23.8;0
BIARRITZ;43.48;-1.56;28/09/2026;11:00;25.7;5;SOLEIL VOILÉ;4;24.1;0
BIARRITZ;43.48;-1.56;28/09/2026;12:00;25.7;5;SOLEIL VOILÉ;4;23.0;0
BIARRITZ;43.48;-1.56;28/09/2026;13:00;25.7;5;SOLEIL VOILÉ;4;36.7;0
BIARRITZ;43.48;-1.56;28/09/2026;14:00;27.5;5;SOLEIL VOILÉ;5;43.2;0
BIARRITZ;43.48;-1.56;28/09/2026;15:00;27.5;5;SOLEIL VOILÉ;5;47.9;0
BIARRITZ;43.48;-1.56;28/09/2026;16:00;27.5;5;SOLEIL VOILÉ;5;47.5;0
BIARRITZ;43.48;-1.56;28/09/2026;17:00;24.6;5;SOLEIL VOILÉ;3;43.2;0
BIARRITZ;43.48;-1.56;28/09/2026;18:00;24.6;5;SOLEIL VOILÉ;3;36.0;0
BIARRITZ;43.48;-1.56;28/09/2026;19:00;24.6;5;SOLEIL VOILÉ;3;35.3;0
BIARRITZ;43.48;-1.56;28/09/2026;20:00;22.6;0;SOLEIL;3;26.3;0
BIARRITZ;43.48;-1.56;28/09/2026;21:00;22.6;0;SOLEIL;3;22.7;0
BIARRITZ;43.48;-1.56;28/09/2026;22:00;22.6;0;SOLEIL;3;5.8;0
BIARRITZ;43.48;-1.56;28/09/2026;23:00;22.5;0;SOLEIL;5;7.6;0
BIARRITZ;43.48;-1.56;29/09/2026;00:00;22.5;0;SOLEIL;5;16.6;0
BIARRITZ;43.48;-1.56;29/09/2026;01:00;22.5;0;SOLEIL;5;16.9;0
BIARRITZ;43.48;-1.56;29/09/2026;02:00;21.6;0;SOLEIL;7;17.3;0
BIARRITZ;43.48;-1.56;29/09/2026;03:00;21.6;0;SOLEIL;7;19.1;0
BIARRITZ;43.48;-1.56;29/09/2026;04:00;21.6;0;SOLEIL;7;19.4;0
BIARRITZ;43.48;-1.56;29/09/2026;05:00;23;0;SOLEIL;6;13.7;0
BIARRITZ;43.48;-1.56;29/09/2026;06:00;23;0;SOLEIL;6;13.0;0
BIARRITZ;43.48;-1.56;29/09/2026;07:00;23;0;SOLEIL;6;13.3;0
BIARRITZ;43.48;-1.56;29/09/2026;08:00;25.1;0;SOLEIL;7;13.7;0
BIARRITZ;43.48;-1.56;29/09/2026;09:00;25.1;0;SOLEIL;7;17.3;0
BIARRITZ;43.48;-1.56;29/09/2026;10:00;25.1;0;SOLEIL;7;24.8;0
BIARRITZ;43.48;-1.56;29/09/2026;11:00;28.1;0;SOLEIL;5;28.8;0
BIARRITZ;43.48;-1.56;29/09/2026;12:00;28.1;0;SOLEIL;5;31.7;0
BIARRITZ;43.48;-1.56;29/09/2026;13:00;28.1;0;SOLEIL;5;31.7;0
BIARRITZ;43.48;-1.56;29/09/2026;14:00;28.6;0;SOLEIL;5;34.6;0
BIARRITZ;43.48;-1.56;29/09/2026;15:00;28.6;0;SOLEIL;5;36.7;0
BIARRITZ;43.48;-1.56;29/09/2026;16:00;28.6;0;SOLEIL;5;37.8;0
BIARRITZ;43.48;-1.56;29/09/2026;17:00;27.6;0;SOLEIL;5;38.2;0
BIARRITZ;43.48;-1.56;29/09/2026;18:00;27.6;0;SOLEIL;5;38.2;0
BIARRITZ;43.48;-1.56;29/09/2026;19:00;27.6;0;SOLEIL;5;35.6;0
BIARRITZ;43.48;-1.56;29/09/2026;20:00;24.9;0;SOLEIL;5;34.2;0
BIARRITZ;43.48;-1.56;29/09/2026;21:00;24.0;0;SOLEIL;5;29.5;0
BIARRITZ;43.48;-1.56;29/09/2026;22:00;23.2;0;SOLEIL;5;31.3;0
BIARRITZ;43.48;-1.56;29/09/2026;23:00;24.9;2;NUAGEUX;6;48.2;0
BIARRITZ;43.48;-1.56;30/09/2026;00:00;24.9;2;NUAGEUX;6;54.4;0
BIARRITZ;43.48;-1.56;30/09/2026;01:00;24.9;2;NUAGEUX;6;54.4;0
BIARRITZ;43.48;-1.56;30/09/2026;02:00;21.6;7;PLUIE FAIBLE;5;52.9;0
BIARRITZ;43.48;-1.56;30/09/2026;03:00;21.6;7;PLUIE FAIBLE;5;47.9;0
BIARRITZ;43.48;-1.56;30/09/2026;04:00;21.6;7;PLUIE FAIBLE;5;42.8;0
BIARRITZ;43.48;-1.56;30/09/2026;05:00;25.5;2;NUAGEUX;6;41.4;0
BIARRITZ;43.48;-1.56;30/09/2026;06:00;25.5;2;NUAGEUX;6;43.6;0
BIARRITZ;43.48;-1.56;30/09/2026;07:00;25.5;2;NUAGEUX;6;43.7;0
BIARRITZ;43.48;-1.56;30/09/2026;08:00;23.0;7;PLUIE FAIBLE;5;46.6;0
BIARRITZ;43.48;-1.56;30/09/2026;09:00;23.7;7;PLUIE FAIBLE;5;45.0;0
BIARRITZ;43.48;-1.56;30/09/2026;10:00;24.4;7;PLUIE FAIBLE;5;38.9;0
BIARRITZ;43.48;-1.56;30/09/2026;11:00;27.1;7;PLUIE FAIBLE;4;34.6;0
BIARRITZ;43.48;-1.56;30/09/2026;12:00;27.1;7;PLUIE FAIBLE;4;34.6;0
BIARRITZ;43.48;-1.56;30/09/2026;13:00;27.1;7;PLUIE FAIBLE;4;36.4;0
BIARRITZ;43.48;-1.56;30/09/2026;14:00;27.3;7;PLUIE FAIBLE;5;36.0;0
BIARRITZ;43.48;-1.56;30/09/2026;15:00;28.0;7;PLUIE FAIBLE;5;31.0;0
BIARRITZ;43.48;-1.56;30/09/2026;16:00;27.3;7;PLUIE FAIBLE;5;23.8;0
BIARRITZ;43.48;-1.56;30/09/2026;17:00;22.2;7;PLUIE FAIBLE;3;19.4;0
BIARRITZ;43.48;-1.56;30/09/2026;18:00;22.2;7;PLUIE FAIBLE;3;20.5;0
BIARRITZ;43.48;-1.56;30/09/2026;19:00;22.2;7;PLUIE FAIBLE;3;24.1;0
BIARRITZ;43.48;-1.56;30/09/2026;20:00;24.4;7;PLUIE FAIBLE;5;26.3;0
BIARRITZ;43.48;-1.56;30/09/2026;21:00;23.7;7;PLUIE FAIBLE;5;24.8;0
BIARRITZ;43.48;-1.56;30/09/2026;22:00;23.0;7;PLUIE FAIBLE;5;22.0;0
BIARRITZ;43.48;-1.56;30/09/2026;23:00;20.5;6;AVERSES;3;19.1;0
BIARRITZ;43.48;-1.56;01/10/2026;00:00;20.5;6;AVERSES;3;16.9;0
BIARRITZ;43.48;-1.56;01/10/2026;01:00;20.5;6;AVERSES;3;14.4;0
BIARRITZ;43.48;-1.56;01/10/2026;02:00;18;7;PLUIE FAIBLE;5;13.0;0
BIARRITZ;43.48;-1.56;01/10/2026;03:00;18;7;PLUIE FAIBLE;5;12.2;0
BIARRITZ;43.48;-1.56;01/10/2026;04:00;18;7;PLUIE FAIBLE;5;12.6;0
BIARRITZ;43.48;-1.56;01/10/2026;05:00;18.9;7;PLUIE FAIBLE;3;12.6;0
BIARRITZ;43.48;-1.56;01/10/2026;06:00;18.9;7;PLUIE FAIBLE;3;12.6;0
BIARRITZ;43.48;-1.56;01/10/2026;07:00;18.9;7;PLUIE FAIBLE;3;13.0;0
BIARRITZ;43.48;-1.56;01/10/2026;08:00;18.8;7;PLUIE FAIBLE;5;13.3;0
BIARRITZ;43.48;-1.56;01/10/2026;09:00;19.1;7;PLUIE FAIBLE;5;14.4;0
BIARRITZ;43.48;-1.56;01/10/2026;10:00;19.5;7;PLUIE FAIBLE;5;15.5;0
BIARRITZ;43.48;-1.56;01/10/2026;11:00;20.6;6;AVERSES;3;16.9;0
BIARRITZ;43.48;-1.56;01/10/2026;12:00;20.6;6;AVERSES;3;18.7;0
BIARRITZ;43.48;-1.56;01/10/2026;13:00;20.6;6;AVERSES;3;20.9;0
BIARRITZ;43.48;-1.56;01/10/2026;14:00;21.0;7;PLUIE FAIBLE;5;22.7;0
BIARRITZ;43.48;-1.56;01/10/2026;15:00;21.4;7;PLUIE FAIBLE;5;23.4;0
BIARRITZ;43.48;-1.56;01/10/2026;16:00;21.0;7;PLUIE FAIBLE;5;23.8;0
BIARRITZ;43.48;-1.56;01/10/2026;17:00;19.7;7;PLUIE FAIBLE;3;23.8;0
BIARRITZ;43.48;-1.56;01/10/2026;18:00;19.7;7;PLUIE FAIBLE;3;23.4;0
BIARRITZ;43.48;-1.56;01/10/2026;19:00;19.7;7;PLUIE FAIBLE;3;23.0;0
BIARRITZ;43.48;-1.56;01/10/2026;20:00;19.5;7;PLUIE FAIBLE;5;22.7;0
BIARRITZ;43.48;-1.56;01/10/2026;21:00;19.1;7;PLUIE FAIBLE;5;24.5;0
BIARRITZ;43.48;-1.56;01/10/2026;22:00;18.8;7;PLUIE FAIBLE;5;24.1;0
BIARRITZ;43.48;-1.56;01/10/2026;23:00;18.7;2;NUAGEUX;1;23.4;0
BIARRITZ;43.48;-1.56;02/10/2026;00:00;18.7;2;NUAGEUX;1;23.0;0
BIARRITZ;43.48;-1.56;02/10/2026;01:00;18.7;2;NUAGEUX;1;22.3;0
BIARRITZ;43.48;-1.56;02/10/2026;02:00;16.5;2;NUAGEUX;5;21.6;0
BIARRITZ;43.48;-1.56;02/10/2026;03:00;16.5;2;NUAGEUX;5;20.9;0
BIARRITZ;43.48;-1.56;02/10/2026;04:00;16.5;2;NUAGEUX;5;20.2;0
BIARRITZ;43.48;-1.56;02/10/2026;05:00;17.1;2;NUAGEUX;2;19.4;0
BIARRITZ;43.48;-1.56;02/10/2026;06:00;17.1;2;NUAGEUX;2;18.7;0
BIARRITZ;43.48;-1.56;02/10/2026;07:00;17.1;2;NUAGEUX;2;18.4;0
BIARRITZ;43.48;-1.56;02/10/2026;08:00;18.1;2;NUAGEUX;5;18.4;0
BIARRITZ;43.48;-1.56;02/10/2026;09:00;18.9;2;NUAGEUX;5;19.1;0
BIARRITZ;43.48;-1.56;02/10/2026;10:00;19.7;2;NUAGEUX;5;20.2;0
BIARRITZ;43.48;-1.56;02/10/2026;11:00;22.7;2;NUAGEUX;3;22.0;0
BIARRITZ;43.48;-1.56;02/10/2026;12:00;22.7;2;NUAGEUX;3;23.4;0
BIARRITZ;43.48;-1.56;02/10/2026;13:00;22.7;2;NUAGEUX;3;24.8;0
BIARRITZ;43.48;-1.56;02/10/2026;14:00;22.9;2;NUAGEUX;5;25.6;0
BIARRITZ;43.48;-1.56;02/10/2026;15:00;23.7;2;NUAGEUX;5;25.9;0
BIARRITZ;43.48;-1.56;02/10/2026;16:00;22.9;2;NUAGEUX;5;25.9;0
BIARRITZ;43.48;-1.56;02/10/2026;17:00;21.6;0;SOLEIL;3;25.9;0
BIARRITZ;43.48;-1.56;02/10/2026;18:00;21.6;0;SOLEIL;3;25.2;0
BIARRITZ;43.48;-1.56;02/10/2026;19:00;21.6;0;SOLEIL;3;24.5;0
BIARRITZ;43.48;-1.56;02/10/2026;20:00;19.7;2;NUAGEUX;5;23.8;0
BIARRITZ;43.48;-1.56;02/10/2026;21:00;18.9;2;NUAGEUX;5;22.3;0
BIARRITZ;43.48;-1.56;02/10/2026;22:00;18.1;2;NUAGEUX;5;20.5;0
BIARRITZ;43.48;-1.56;02/10/2026;23:00;18.1;0;SOLEIL;2;18.4;0
BIARRITZ;43.48;-1.56;03/10/2026;00:00;18.1;0;SOLEIL;2;16.2;0
BIARRITZ;43.48;-1.56;03/10/2026;01:00;18.1;0;SOLEIL;2;14.8;0
BIARRITZ;43.48;-1.56;03/10/2026;02:00;15.6;0;SOLEIL;5;13.7;0
BIARRITZ;43.48;-1.56;03/10/2026;03:00;15.6;0;SOLEIL;5;13.7;0
BIARRITZ;43.48;-1.56;03/10/2026;04:00;15.6;0;SOLEIL;5;14.0;0
BIARRITZ;43.48;-1.56;03/10/2026;05:00;16.6;0;SOLEIL;2;15.1;0
BIARRITZ;43.48;-1.56;03/10/2026;06:00;16.6;0;SOLEIL;2;16.2;0
BIARRITZ;43.48;-1.56;03/10/2026;07:00;16.6;0;SOLEIL;2;17.3;0
BIARRITZ;43.48;-1.56;03/10/2026;08:00;17.4;0;SOLEIL;5;17.6;0
BIARRITZ;43.48;-1.56;03/10/2026;09:00;18.3;0;SOLEIL;5;17.6;0
BIARRITZ;43.48;-1.56;03/10/2026;10:00;19.2;0;SOLEIL;5;16.9;0
BIARRITZ;43.48;-1.56;03/10/2026;11:00;23;0;SOLEIL;2;16.2;0
BIARRITZ;43.48;-1.56;03/10/2026;12:00;23;0;SOLEIL;2;15.5;0
BIARRITZ;43.48;-1.56;03/10/2026;13:00;23;0;SOLEIL;2;15.1;0
BIARRITZ;43.48;-1.56;03/10/2026;14:00;22.8;0;SOLEIL;5;15.1;0
BIARRITZ;43.48;-1.56;03/10/2026;15:00;23.7;0;SOLEIL;5;15.8;0
BIARRITZ;43.48;-1.56;03/10/2026;16:00;22.8;0;SOLEIL;5;16.6;0
BIARRITZ;43.48;-1.56;03/10/2026;17:00;21.1;0;SOLEIL;3;18.0;0
BIARRITZ;43.48;-1.56;03/10/2026;18:00;21.1;0;SOLEIL;3;19.1;0
BIARRITZ;43.48;-1.56;03/10/2026;19:00;21.1;0;SOLEIL;3;20.2;0
BIARRITZ;43.48;-1.56;03/10/2026;20:00;19.2;0;SOLEIL;5;20.9;0
BIARRITZ;43.48;-1.56;03/10/2026;21:00;18.3;0;SOLEIL;5;21.2;0
BIARRITZ;43.48;-1.56;03/10/2026;22:00;17.4;0;SOLEIL;5;21.6;0
BIARRITZ;43.48;-1.56;03/10/2026;23:00;19.1;0;SOLEIL;3;21.6;0
BIARRITZ;43.48;-1.56;04/10/2026;00:00;19.1;0;SOLEIL;3;21.6;0
BIARRITZ;43.48;-1.56;04/10/2026;01:00;19.1;0;SOLEIL;3;21.2;0
BIARRITZ;43.48;-1.56;04/10/2026;02:00;16.1;0;SOLEIL;5;20.5;0
BIARRITZ;43.48;-1.56;04/10/2026;03:00;16.1;0;SOLEIL;5;19.4;0
BIARRITZ;43.48;-1.56;04/10/2026;04:00;16.1;0;SOLEIL;5;18.0;0
BIARRITZ;43.48;-1.56;04/10/2026;05:00;16.9;0;SOLEIL;2;16.6;0
BIARRITZ;43.48;-1.56;04/10/2026;06:00;16.9;0;SOLEIL;2;14.8;0
BIARRITZ;43.48;-1.56;04/10/2026;07:00;16.9;0;SOLEIL;2;13.3;0
BIARRITZ;43.48;-1.56;04/10/2026;08:00;17.7;0;SOLEIL;5;12.2;0
BIARRITZ;43.48;-1.56;04/10/2026;09:00;18.6;0;SOLEIL;5;11.5;0
BIARRITZ;43.48;-1.56;04/10/2026;10:00;19.4;0;SOLEIL;5;10.8;0
BIARRITZ;43.48;-1.56;04/10/2026;11:00;22.7;0;SOLEIL;3;10.1;0
BIARRITZ;43.48;-1.56;04/10/2026;12:00;22.7;0;SOLEIL;3;9.7;0
BIARRITZ;43.48;-1.56;04/10/2026;13:00;22.7;0;SOLEIL;3;10.4;0
BIARRITZ;43.48;-1.56;04/10/2026;14:00;22.7;0;SOLEIL;5;11.5;0
BIARRITZ;43.48;-1.56;04/10/2026;15:00;23.5;0;SOLEIL;5;14.0;0
BIARRITZ;43.48;-1.56;04/10/2026;16:00;22.7;0;SOLEIL;5;17.6;0
BIARRITZ;43.48;-1.56;04/10/2026;17:00;20.1;7;PLUIE FAIBLE;2;22.3;0
BIARRITZ;43.48;-1.56;04/10/2026;18:00;20.1;7;PLUIE FAIBLE;2;26.6;0
BIARRITZ;43.48;-1.56;04/10/2026;19:00;20.1;7;PLUIE FAIBLE;2;30.2;0
BIARRITZ;43.48;-1.56;04/10/2026;20:00;19.4;0;SOLEIL;5;32.8;0
BIARRITZ;43.48;-1.56;04/10/2026;21:00;18.6;0;SOLEIL;5;33.8;0
BIARRITZ;43.48;-1.56;04/10/2026;22:00;17.7;0;SOLEIL;5;34.6;0
BIARRITZ;43.48;-1.56;04/10/2026;23:00;17.5;0;SOLEIL;2;34.2;0
TARBES;43.23;0.07;27/09/2026;00:00;17;0;SOLEIL;2;10.1;0
TARBES;43.23;0.07;27/09/2026;01:00;16.1;0;SOLEIL;2;11.5;0
TARBES;43.23;0.07;27/09/2026;02:00;15.1;0;SOLEIL;2;11.9;0
TARBES;43.23;0.07;27/09/2026;03:00;15.7;0;SOLEIL;2;12.6;0
TARBES;43.23;0.07;27/09/2026;04:00;16.5;5;SOLEIL VOILÉ;2;12.6;0
TARBES;43.23;0.07;27/09/2026;05:00;15.7;5;SOLEIL VOILÉ;2;10.1;0
TARBES;43.23;0.07;27/09/2026;06:00;15.2;5;SOLEIL VOILÉ;1;8.6;0
TARBES;43.23;0.07;27/09/2026;07:00;19.1;5;SOLEIL VOILÉ;1;8.6;0
TARBES;43.23;0.07;27/09/2026;08:00;21.9;5;SOLEIL VOILÉ;1;8.6;0
TARBES;43.23;0.07;27/09/2026;09:00;25;5;SOLEIL VOILÉ;1;7.9;0
TARBES;43.23;0.07;27/09/2026;10:00;26.5;5;SOLEIL VOILÉ;2;5.0;0
TARBES;43.23;0.07;27/09/2026;11:00;29.4;5;SOLEIL VOILÉ;2;7.9;0
TARBES;43.23;0.07;27/09/2026;12:00;28.6;5;SOLEIL VOILÉ;2;11.9;0
TARBES;43.23;0.07;27/09/2026;13:00;28.1;5;SOLEIL VOILÉ;2;14.0;0
TARBES;43.23;0.07;27/09/2026;14:00;28.9;5;SOLEIL VOILÉ;2;13.0;0
TARBES;43.23;0.07;27/09/2026;15:00;29.3;5;SOLEIL VOILÉ;2;9.7;0
TARBES;43.23;0.07;27/09/2026;16:00;29;5;SOLEIL VOILÉ;2;8.3;0
TARBES;43.23;0.07;27/09/2026;17:00;27.3;5;SOLEIL VOILÉ;3;11.9;0
TARBES;43.23;0.07;27/09/2026;18:00;25.2;5;SOLEIL VOILÉ;3;14.4;0
TARBES;43.23;0.07;27/09/2026;19:00;22.9;5;SOLEIL VOILÉ;3;13.3;0
TARBES;43.23;0.07;27/09/2026;20:00;21;5;SOLEIL VOILÉ;3;13.7;0
TARBES;43.23;0.07;27/09/2026;21:00;20.1;5;SOLEIL VOILÉ;2;13.3;0
TARBES;43.23;0.07;27/09/2026;22:00;20;5;SOLEIL VOILÉ;4;7.6;0
TARBES;43.23;0.07;27/09/2026;23:00;19.6;5;SOLEIL VOILÉ;3;11.2;0
TARBES;43.23;0.07;28/09/2026;00:00;19.1;5;SOLEIL VOILÉ;3;11.5;0
TARBES;43.23;0.07;28/09/2026;01:00;19.1;5;SOLEIL VOILÉ;3;10.8;0
TARBES;43.23;0.07;28/09/2026;02:00;17.9;5;SOLEIL VOILÉ;2;9.0;0
TARBES;43.23;0.07;28/09/2026;03:00;17.9;5;SOLEIL VOILÉ;2;9.9;0
TARBES;43.23;0.07;28/09/2026;04:00;17.9;5;SOLEIL VOILÉ;2;9.7;0
TARBES;43.23;0.07;28/09/2026;05:00;17.1;5;SOLEIL VOILÉ;0;10.2;0
TARBES;43.23;0.07;28/09/2026;06:00;17.1;5;SOLEIL VOILÉ;0;12.2;0
TARBES;43.23;0.07;28/09/2026;07:00;17.1;5;SOLEIL VOILÉ;0;11.5;0
TARBES;43.23;0.07;28/09/2026;08:00;20.4;5;SOLEIL VOILÉ;2;10.8;0
TARBES;43.23;0.07;28/09/2026;09:00;20.4;5;SOLEIL VOILÉ;2;8.6;0
TARBES;43.23;0.07;28/09/2026;10:00;20.4;5;SOLEIL VOILÉ;2;6.5;0
TARBES;43.23;0.07;28/09/2026;11:00;26.6;5;SOLEIL VOILÉ;2;7.6;0
TARBES;43.23;0.07;28/09/2026;12:00;26.6;5;SOLEIL VOILÉ;2;13.7;0
TARBES;43.23;0.07;28/09/2026;13:00;26.6;5;SOLEIL VOILÉ;2;19.4;0
TARBES;43.23;0.07;28/09/2026;14:00;27.5;5;SOLEIL VOILÉ;3;22.0;0
TARBES;43.23;0.07;28/09/2026;15:00;27.5;5;SOLEIL VOILÉ;3;22.3;0
TARBES;43.23;0.07;28/09/2026;16:00;27.5;5;SOLEIL VOILÉ;3;24.5;0
TARBES;43.23;0.07;28/09/2026;17:00;23.9;5;SOLEIL VOILÉ;3;24.8;0
TARBES;43.23;0.07;28/09/2026;18:00;23.9;5;SOLEIL VOILÉ;3;18.4;0
TARBES;43.23;0.07;28/09/2026;19:00;23.9;5;SOLEIL VOILÉ;3;12.2;0
TARBES;43.23;0.07;28/09/2026;20:00;19.9;5;SOLEIL VOILÉ;2;6.8;0
TARBES;43.23;0.07;28/09/2026;21:00;19.9;5;SOLEIL VOILÉ;2;6.5;0
TARBES;43.23;0.07;28/09/2026;22:00;19.9;5;SOLEIL VOILÉ;2;6.5;0
TARBES;43.23;0.07;28/09/2026;23:00;18.4;5;SOLEIL VOILÉ;1;10.4;0
TARBES;43.23;0.07;29/09/2026;00:00;18.4;5;SOLEIL VOILÉ;1;14.0;0
TARBES;43.23;0.07;29/09/2026;01:00;18.4;5;SOLEIL VOILÉ;1;14.0;0
TARBES;43.23;0.07;29/09/2026;02:00;17.1;0;SOLEIL;2;13.7;0
TARBES;43.23;0.07;29/09/2026;03:00;17.1;0;SOLEIL;2;12.2;0
TARBES;43.23;0.07;29/09/2026;04:00;17.1;0;SOLEIL;2;12.2;0
TARBES;43.23;0.07;29/09/2026;05:00;16.1;0;SOLEIL;1;11.9;0
TARBES;43.23;0.07;29/09/2026;06:00;16.1;0;SOLEIL;1;10.8;0
TARBES;43.23;0.07;29/09/2026;07:00;16.1;0;SOLEIL;1;10.4;0
TARBES;43.23;0.07;29/09/2026;08:00;24;0;SOLEIL;1;9.7;0
TARBES;43.23;0.07;29/09/2026;09:00;24;0;SOLEIL;1;9.0;0
TARBES;43.23;0.07;29/09/2026;10:00;24;0;SOLEIL;1;8.3;0
TARBES;43.23;0.07;29/09/2026;11:00;27.6;0;SOLEIL;2;9.7;0
TARBES;43.23;0.07;29/09/2026;12:00;27.6;0;SOLEIL;2;14.8;0
TARBES;43.23;0.07;29/09/2026;13:00;27.6;0;SOLEIL;2;21.6;0
TARBES;43.23;0.07;29/09/2026;14:00;27.9;0;SOLEIL;2;25.9;0
TARBES;43.23;0.07;29/09/2026;15:00;27.9;0;SOLEIL;2;24.8;0
TARBES;43.23;0.07;29/09/2026;16:00;27.9;0;SOLEIL;2;20.9;0
TARBES;43.23;0.07;29/09/2026;17:00;24.6;0;SOLEIL;2;17.3;0
TARBES;43.23;0.07;29/09/2026;18:00;24.6;0;SOLEIL;2;15.1;0
TARBES;43.23;0.07;29/09/2026;19:00;24.6;0;SOLEIL;2;13.3;0
TARBES;43.23;0.07;29/09/2026;20:00;21.8;0;SOLEIL;5;12.2;0
TARBES;43.23;0.07;29/09/2026;21:00;20.2;0;SOLEIL;5;11.5;0
TARBES;43.23;0.07;29/09/2026;22:00;18.6;0;SOLEIL;5;11.5;0
TARBES;43.23;0.07;29/09/2026;23:00;18.2;0;SOLEIL;2;11.5;0
TARBES;43.23;0.07;30/09/2026;00:00;18.2;0;SOLEIL;2;11.9;0
TARBES;43.23;0.07;30/09/2026;01:00;18.2;0;SOLEIL;2;13.0;0
TARBES;43.23;0.07;30/09/2026;02:00;18;7;PLUIE FAIBLE;5;13.3;0
TARBES;43.23;0.07;30/09/2026;03:00;18;7;PLUIE FAIBLE;5;13.3;0
TARBES;43.23;0.07;30/09/2026;04:00;18;7;PLUIE FAIBLE;5;13.3;0
TARBES;43.23;0.07;30/09/2026;05:00;19.6;2;NUAGEUX;2;13.0;0
TARBES;43.23;0.07;30/09/2026;06:00;19.6;2;NUAGEUX;2;12.2;0
TARBES;43.23;0.07;30/09/2026;07:00;19.6;2;NUAGEUX;2;10.8;0
TARBES;43.23;0.07;30/09/2026;08:00;20.5;7;PLUIE FAIBLE;5;10.1;0
TARBES;43.23;0.07;30/09/2026;09:00;21.7;7;PLUIE FAIBLE;5;9.7;0
TARBES;43.23;0.07;30/09/2026;10:00;22.9;7;PLUIE FAIBLE;5;9.7;0
TARBES;43.23;0.07;30/09/2026;11:00;28;2;NUAGEUX;2;10.4;0
TARBES;43.23;0.07;30/09/2026;12:00;28;2;NUAGEUX;2;11.9;0
TARBES;43.23;0.07;30/09/2026;13:00;28;2;NUAGEUX;2;14.0;0
TARBES;43.23;0.07;30/09/2026;14:00;27.9;7;PLUIE FAIBLE;5;15.1;0
TARBES;43.23;0.07;30/09/2026;15:00;29.1;7;PLUIE FAIBLE;5;14.0;0
TARBES;43.23;0.07;30/09/2026;16:00;27.9;7;PLUIE FAIBLE;5;11.5;0
TARBES;43.23;0.07;30/09/2026;17:00;22.6;7;PLUIE FAIBLE;2;10.1;0
TARBES;43.23;0.07;30/09/2026;18:00;22.6;7;PLUIE FAIBLE;2;10.1;0
TARBES;43.23;0.07;30/09/2026;19:00;22.6;7;PLUIE FAIBLE;2;10.8;0
TARBES;43.23;0.07;30/09/2026;20:00;22.9;7;PLUIE FAIBLE;5;10.8;0
TARBES;43.23;0.07;30/09/2026;21:00;21.7;7;PLUIE FAIBLE;5;10.1;0
TARBES;43.23;0.07;30/09/2026;22:00;20.5;7;PLUIE FAIBLE;5;8.6;0
TARBES;43.23;0.07;30/09/2026;23:00;19.1;7;PLUIE FAIBLE;3;7.6;0
TARBES;43.23;0.07;01/10/2026;00:00;19.1;7;PLUIE FAIBLE;3;6.0;0
TARBES;43.23;0.07;01/10/2026;01:00;19.1;7;PLUIE FAIBLE;3;5.0;0
TARBES;43.23;0.07;01/10/2026;02:00;16;7;PLUIE FAIBLE;5;4.8;0
TARBES;43.23;0.07;01/10/2026;03:00;16;7;PLUIE FAIBLE;5;6.1;0
TARBES;43.23;0.07;01/10/2026;04:00;16;7;PLUIE FAIBLE;5;8.3;0
TARBES;43.23;0.07;01/10/2026;05:00;17.2;7;PLUIE FAIBLE;3;11.2;0
TARBES;43.23;0.07;01/10/2026;06:00;17.2;7;PLUIE FAIBLE;3;15.1;0
TARBES;43.23;0.07;01/10/2026;07:00;17.2;7;PLUIE FAIBLE;3;19.4;0
TARBES;43.23;0.07;01/10/2026;08:00;16.9;7;PLUIE FAIBLE;5;22.0;0
TARBES;43.23;0.07;01/10/2026;09:00;17.3;7;PLUIE FAIBLE;5;21.2;0
TARBES;43.23;0.07;01/10/2026;10:00;17.7;7;PLUIE FAIBLE;5;18.7;0
TARBES;43.23;0.07;01/10/2026;11:00;18.7;7;PLUIE FAIBLE;3;18.0;0
TARBES;43.23;0.07;01/10/2026;12:00;18.7;7;PLUIE FAIBLE;3;21.6;0
TARBES;43.23;0.07;01/10/2026;13:00;18.7;7;PLUIE FAIBLE;3;27.0;0
TARBES;43.23;0.07;01/10/2026;14:00;19.5;7;PLUIE FAIBLE;5;31.0;0
TARBES;43.23;0.07;01/10/2026;15:00;19.9;7;PLUIE FAIBLE;5;32.0;0
TARBES;43.23;0.07;01/10/2026;16:00;19.5;7;PLUIE FAIBLE;5;31.3;0
TARBES;43.23;0.07;01/10/2026;17:00;18.5;6;AVERSES;3;29.5;0
TARBES;43.23;0.07;01/10/2026;18:00;18.5;6;AVERSES;3;25.9;0
TARBES;43.23;0.07;01/10/2026;19:00;18.5;6;AVERSES;3;21.2;0
TARBES;43.23;0.07;01/10/2026;20:00;17.7;7;PLUIE FAIBLE;5;16.9;0
TARBES;43.23;0.07;01/10/2026;21:00;17.3;7;PLUIE FAIBLE;5;13.3;0
TARBES;43.23;0.07;01/10/2026;22:00;16.9;7;PLUIE FAIBLE;5;9.7;0
TARBES;43.23;0.07;01/10/2026;23:00;16.7;7;PLUIE FAIBLE;2;7.6;0
TARBES;43.23;0.07;02/10/2026;00:00;16.7;7;PLUIE FAIBLE;2;7.2;0
TARBES;43.23;0.07;02/10/2026;01:00;16.7;7;PLUIE FAIBLE;2;8.3;0
TARBES;43.23;0.07;02/10/2026;02:00;14.2;2;NUAGEUX;5;8.6;0
TARBES;43.23;0.07;02/10/2026;03:00;14.2;2;NUAGEUX;5;8.3;0
TARBES;43.23;0.07;02/10/2026;04:00;14.2;2;NUAGEUX;5;7.2;0
TARBES;43.23;0.07;02/10/2026;05:00;15.1;2;NUAGEUX;2;6.5;0
TARBES;43.23;0.07;02/10/2026;06:00;15.1;2;NUAGEUX;2;5.4;0
TARBES;43.23;0.07;02/10/2026;07:00;15.1;2;NUAGEUX;2;4.7;0
TARBES;43.23;0.07;02/10/2026;08:00;16.1;2;NUAGEUX;5;4.7;0
TARBES;43.23;0.07;02/10/2026;09:00;17.1;2;NUAGEUX;5;6.5;0
TARBES;43.23;0.07;02/10/2026;10:00;18.1;2;NUAGEUX;5;9.7;0
TARBES;43.23;0.07;02/10/2026;11:00;22.1;2;NUAGEUX;3;12.6;0
TARBES;43.23;0.07;02/10/2026;12:00;22.1;2;NUAGEUX;3;15.5;0
TARBES;43.23;0.07;02/10/2026;13:00;22.1;2;NUAGEUX;3;18.4;0
TARBES;43.23;0.07;02/10/2026;14:00;21.9;2;NUAGEUX;5;20.5;0
TARBES;43.23;0.07;02/10/2026;15:00;22.9;2;NUAGEUX;5;22.0;0
TARBES;43.23;0.07;02/10/2026;16:00;21.9;2;NUAGEUX;5;23.0;0
TARBES;43.23;0.07;02/10/2026;17:00;19.7;2;NUAGEUX;2;23.4;0
TARBES;43.23;0.07;02/10/2026;18:00;19.7;2;NUAGEUX;2;22.7;0
TARBES;43.23;0.07;02/10/2026;19:00;19.7;2;NUAGEUX;2;21.2;0
TARBES;43.23;0.07;02/10/2026;20:00;18.1;2;NUAGEUX;5;18.7;0
TARBES;43.23;0.07;02/10/2026;21:00;17.1;2;NUAGEUX;5;14.0;0
TARBES;43.23;0.07;02/10/2026;22:00;16.1;2;NUAGEUX;5;8.6;0
TARBES;43.23;0.07;02/10/2026;23:00;16.6;2;NUAGEUX;2;5.0;0
TARBES;43.23;0.07;03/10/2026;00:00;16.6;2;NUAGEUX;2;5.4;0
TARBES;43.23;0.07;03/10/2026;01:00;16.6;2;NUAGEUX;2;7.9;0
TARBES;43.23;0.07;03/10/2026;02:00;13.2;2;NUAGEUX;5;9.7;0
TARBES;43.23;0.07;03/10/2026;03:00;13.2;2;NUAGEUX;5;10.1;0
TARBES;43.23;0.07;03/10/2026;04:00;13.2;2;NUAGEUX;5;9.7;0
TARBES;43.23;0.07;03/10/2026;05:00;14.4;2;NUAGEUX;1;9.4;0
TARBES;43.23;0.07;03/10/2026;06:00;14.4;2;NUAGEUX;1;9.4;0
TARBES;43.23;0.07;03/10/2026;07:00;14.4;2;NUAGEUX;1;9.0;0
TARBES;43.23;0.07;03/10/2026;08:00;15.6;2;NUAGEUX;5;9.0;0
TARBES;43.23;0.07;03/10/2026;09:00;16.9;2;NUAGEUX;5;8.6;0
TARBES;43.23;0.07;03/10/2026;10:00;18.1;2;NUAGEUX;5;8.6;0
TARBES;43.23;0.07;03/10/2026;11:00;23.6;2;NUAGEUX;2;9.7;0
TARBES;43.23;0.07;03/10/2026;12:00;23.6;2;NUAGEUX;2;13.1;0
TARBES;43.23;0.07;03/10/2026;13:00;23.6;2;NUAGEUX;2;16.4;0
TARBES;43.23;0.07;03/10/2026;14:00;23.0;2;NUAGEUX;5;17.2;0
TARBES;43.23;0.07;03/10/2026;15:00;24.2;2;NUAGEUX;5;16.2;0
TARBES;43.23;0.07;03/10/2026;16:00;23.0;2;NUAGEUX;5;16.2;0
TARBES;43.23;0.07;03/10/2026;17:00;19.6;7;PLUIE FAIBLE;2;15.8;0
TARBES;43.23;0.07;03/10/2026;18:00;19.6;7;PLUIE FAIBLE;2;15.1;0
TARBES;43.23;0.07;03/10/2026;19:00;19.6;7;PLUIE FAIBLE;2;14.4;0
TARBES;43.23;0.07;03/10/2026;20:00;18.1;2;NUAGEUX;5;13.7;0
TARBES;43.23;0.07;03/10/2026;21:00;16.9;2;NUAGEUX;5;13.0;0
TARBES;43.23;0.07;03/10/2026;22:00;15.6;2;NUAGEUX;5;12.2;0
TARBES;43.23;0.07;03/10/2026;23:00;16.2;0;SOLEIL;1;11.2;0
TARBES;43.23;0.07;04/10/2026;00:00;16.2;0;SOLEIL;1;10.4;0
TARBES;43.23;0.07;04/10/2026;01:00;16.2;0;SOLEIL;1;9.4;0
TARBES;43.23;0.07;04/10/2026;02:00;13.1;0;SOLEIL;5;8.6;0
TARBES;43.23;0.07;04/10/2026;03:00;13.1;0;SOLEIL;5;7.6;0
TARBES;43.23;0.07;04/10/2026;04:00;13.1;0;SOLEIL;5;6.5;0
TARBES;43.23;0.07;04/10/2026;05:00;14.1;0;SOLEIL;1;5.4;0
TARBES;43.23;0.07;04/10/2026;06:00;14.1;0;SOLEIL;1;4.7;0
TARBES;43.23;0.07;04/10/2026;07:00;14.1;0;SOLEIL;1;4.3;0
TARBES;43.23;0.07;04/10/2026;08:00;15.3;0;SOLEIL;5;4.7;0
TARBES;43.23;0.07;04/10/2026;09:00;16.4;0;SOLEIL;5;6.5;0
TARBES;43.23;0.07;04/10/2026;10:00;17.5;0;SOLEIL;5;9.0;0
TARBES;43.23;0.07;04/10/2026;11:00;22.5;0;SOLEIL;2;12.2;0
TARBES;43.23;0.07;04/10/2026;12:00;22.5;0;SOLEIL;2;15.5;0
TARBES;43.23;0.07;04/10/2026;13:00;22.5;0;SOLEIL;2;18.4;0
TARBES;43.23;0.07;04/10/2026;14:00;22.0;0;SOLEIL;5;20.2;0
TARBES;43.23;0.07;04/10/2026;15:00;23.1;0;SOLEIL;5;21.2;0
TARBES;43.23;0.07;04/10/2026;16:00;22.0;0;SOLEIL;5;21.6;0
TARBES;43.23;0.07;04/10/2026;17:00;19;6;AVERSES;3;21.2;0
TARBES;43.23;0.07;04/10/2026;18:00;19;6;AVERSES;3;20.9;0
TARBES;43.23;0.07;04/10/2026;19:00;19;6;AVERSES;3;20.2;0
TARBES;43.23;0.07;04/10/2026;20:00;17.5;0;SOLEIL;5;19.1;0
TARBES;43.23;0.07;04/10/2026;21:00;16.4;0;SOLEIL;5;17.6;0
TARBES;43.23;0.07;04/10/2026;22:00;15.3;0;SOLEIL;5;15.5;0
TARBES;43.23;0.07;04/10/2026;23:00;15.7;0;SOLEIL;3;13.3;0
TOULOUSE;43.6;1.44;27/09/2026;00:00;20.6;0;SOLEIL;4;14.0;0
TOULOUSE;43.6;1.44;27/09/2026;01:00;19.9;0;SOLEIL;4;14.8;0
TOULOUSE;43.6;1.44;27/09/2026;02:00;19.7;0;SOLEIL;5;14.0;0
TOULOUSE;43.6;1.44;27/09/2026;03:00;20.1;5;SOLEIL VOILÉ;5;10.1;0
TOULOUSE;43.6;1.44;27/09/2026;04:00;19.6;5;SOLEIL VOILÉ;5;9.0;0
TOULOUSE;43.6;1.44;27/09/2026;05:00;20.1;5;SOLEIL VOILÉ;6;10.4;0
TOULOUSE;43.6;1.44;27/09/2026;06:00;20.3;5;SOLEIL VOILÉ;6;16.6;0
TOULOUSE;43.6;1.44;27/09/2026;07:00;21.2;5;SOLEIL VOILÉ;7;16.6;0
TOULOUSE;43.6;1.44;27/09/2026;08:00;22.6;5;SOLEIL VOILÉ;7;18.0;0
TOULOUSE;43.6;1.44;27/09/2026;09:00;24.1;0;SOLEIL;7;31.7;0
TOULOUSE;43.6;1.44;27/09/2026;10:00;25.7;0;SOLEIL;7;46.1;0
TOULOUSE;43.6;1.44;27/09/2026;11:00;27.4;0;SOLEIL;7;48.2;0
TOULOUSE;43.6;1.44;27/09/2026;12:00;27.6;0;SOLEIL;7;49.0;0
TOULOUSE;43.6;1.44;27/09/2026;13:00;27.8;5;SOLEIL VOILÉ;6;48.2;0
TOULOUSE;43.6;1.44;27/09/2026;14:00;28.1;5;SOLEIL VOILÉ;6;47.5;0
TOULOUSE;43.6;1.44;27/09/2026;15:00;28.1;5;SOLEIL VOILÉ;6;46.1;0
TOULOUSE;43.6;1.44;27/09/2026;16:00;27.1;5;SOLEIL VOILÉ;6;44.6;0
TOULOUSE;43.6;1.44;27/09/2026;17:00;25.3;5;SOLEIL VOILÉ;6;43.6;0
TOULOUSE;43.6;1.44;27/09/2026;18:00;23.9;5;SOLEIL VOILÉ;6;42.5;0
TOULOUSE;43.6;1.44;27/09/2026;19:00;22.6;5;SOLEIL VOILÉ;7;41.4;0
TOULOUSE;43.6;1.44;27/09/2026;20:00;22.1;5;SOLEIL VOILÉ;7;38.9;0
TOULOUSE;43.6;1.44;27/09/2026;21:00;21.9;5;SOLEIL VOILÉ;6;37.1;0
TOULOUSE;43.6;1.44;27/09/2026;22:00;21.5;5;SOLEIL VOILÉ;6;37.8;0
TOULOUSE;43.6;1.44;27/09/2026;23:00;21.1;5;SOLEIL VOILÉ;5;33.8;0
TOULOUSE;43.6;1.44;28/09/2026;00:00;21;5;SOLEIL VOILÉ;5;29.9;0
TOULOUSE;43.6;1.44;28/09/2026;01:00;21;5;SOLEIL VOILÉ;5;29.5;0
TOULOUSE;43.6;1.44;28/09/2026;02:00;20.1;2;NUAGEUX;6;27.7;0
TOULOUSE;43.6;1.44;28/09/2026;03:00;20.1;2;NUAGEUX;6;28.6;0
TOULOUSE;43.6;1.44;28/09/2026;04:00;20.1;2;NUAGEUX;6;24.7;0
TOULOUSE;43.6;1.44;28/09/2026;05:00;19.7;2;NUAGEUX;5;18.0;0
TOULOUSE;43.6;1.44;28/09/2026;06:00;19.7;2;NUAGEUX;5;15.8;0
TOULOUSE;43.6;1.44;28/09/2026;07:00;19.7;2;NUAGEUX;5;15.8;0
TOULOUSE;43.6;1.44;28/09/2026;08:00;23.1;5;SOLEIL VOILÉ;7;20.5;0
TOULOUSE;43.6;1.44;28/09/2026;09:00;23.1;5;SOLEIL VOILÉ;7;25.6;0
TOULOUSE;43.6;1.44;28/09/2026;10:00;23.1;5;SOLEIL VOILÉ;7;46.4;0
TOULOUSE;43.6;1.44;28/09/2026;11:00;26.6;5;SOLEIL VOILÉ;7;54.4;0
TOULOUSE;43.6;1.44;28/09/2026;12:00;26.6;5;SOLEIL VOILÉ;7;55.4;0
TOULOUSE;43.6;1.44;28/09/2026;13:00;26.6;5;SOLEIL VOILÉ;7;57.2;0
TOULOUSE;43.6;1.44;28/09/2026;14:00;27.6;5;SOLEIL VOILÉ;7;58.7;0
TOULOUSE;43.6;1.44;28/09/2026;15:00;27.6;5;SOLEIL VOILÉ;7;58.3;0
TOULOUSE;43.6;1.44;28/09/2026;16:00;27.6;5;SOLEIL VOILÉ;7;60.5;0
TOULOUSE;43.6;1.44;28/09/2026;17:00;24.1;5;SOLEIL VOILÉ;6;60.8;0
TOULOUSE;43.6;1.44;28/09/2026;18:00;24.1;5;SOLEIL VOILÉ;6;59.0;0
TOULOUSE;43.6;1.44;28/09/2026;19:00;24.1;5;SOLEIL VOILÉ;6;53.6;0
TOULOUSE;43.6;1.44;28/09/2026;20:00;22.1;5;SOLEIL VOILÉ;6;52.9;0
TOULOUSE;43.6;1.44;28/09/2026;21:00;22.1;5;SOLEIL VOILÉ;6;49.3;0
TOULOUSE;43.6;1.44;28/09/2026;22:00;22.1;5;SOLEIL VOILÉ;6;45.4;0
TOULOUSE;43.6;1.44;28/09/2026;23:00;21.1;5;SOLEIL VOILÉ;6;43.9;0
TOULOUSE;43.6;1.44;29/09/2026;00:00;21.1;5;SOLEIL VOILÉ;6;42.1;0
TOULOUSE;43.6;1.44;29/09/2026;01:00;21.1;5;SOLEIL VOILÉ;6;44.3;0
TOULOUSE;43.6;1.44;29/09/2026;02:00;20.5;5;SOLEIL VOILÉ;6;48.2;0
TOULOUSE;43.6;1.44;29/09/2026;03:00;20.5;5;SOLEIL VOILÉ;6;48.2;0
TOULOUSE;43.6;1.44;29/09/2026;04:00;20.5;5;SOLEIL VOILÉ;6;49.7;0
TOULOUSE;43.6;1.44;29/09/2026;05:00;19.6;0;SOLEIL;6;54.7;0
TOULOUSE;43.6;1.44;29/09/2026;06:00;19.6;0;SOLEIL;6;62.3;0
TOULOUSE;43.6;1.44;29/09/2026;07:00;19.6;0;SOLEIL;6;61.9;0
TOULOUSE;43.6;1.44;29/09/2026;08:00;23.6;0;SOLEIL;7;59.4;0
TOULOUSE;43.6;1.44;29/09/2026;09:00;23.6;0;SOLEIL;7;57.6;0
TOULOUSE;43.6;1.44;29/09/2026;10:00;23.6;0;SOLEIL;7;54.7;0
TOULOUSE;43.6;1.44;29/09/2026;11:00;27.5;0;SOLEIL;7;54.0;0
TOULOUSE;43.6;1.44;29/09/2026;12:00;27.5;0;SOLEIL;7;57.2;0
TOULOUSE;43.6;1.44;29/09/2026;13:00;27.5;0;SOLEIL;7;62.6;0
TOULOUSE;43.6;1.44;29/09/2026;14:00;26.9;0;SOLEIL;8;66.6;0
TOULOUSE;43.6;1.44;29/09/2026;15:00;26.9;0;SOLEIL;8;67.3;0
TOULOUSE;43.6;1.44;29/09/2026;16:00;26.9;0;SOLEIL;8;66.6;0
TOULOUSE;43.6;1.44;29/09/2026;17:00;22.6;0;SOLEIL;7;64.8;0
TOULOUSE;43.6;1.44;29/09/2026;18:00;22.6;0;SOLEIL;7;61.6;0
TOULOUSE;43.6;1.44;29/09/2026;19:00;22.6;0;SOLEIL;7;57.2;0
TOULOUSE;43.6;1.44;29/09/2026;20:00;23.0;0;SOLEIL;5;52.9;0
TOULOUSE;43.6;1.44;29/09/2026;21:00;22.0;0;SOLEIL;5;49.3;0
TOULOUSE;43.6;1.44;29/09/2026;22:00;21.0;0;SOLEIL;5;45.4;0
TOULOUSE;43.6;1.44;29/09/2026;23:00;20.1;0;SOLEIL;6;42.1;0
TOULOUSE;43.6;1.44;30/09/2026;00:00;20.1;0;SOLEIL;6;38.9;0
TOULOUSE;43.6;1.44;30/09/2026;01:00;20.1;0;SOLEIL;6;36.0;0
TOULOUSE;43.6;1.44;30/09/2026;02:00;21.1;2;NUAGEUX;5;33.5;0
TOULOUSE;43.6;1.44;30/09/2026;03:00;21.1;2;NUAGEUX;5;31.3;0
TOULOUSE;43.6;1.44;30/09/2026;04:00;21.1;2;NUAGEUX;5;29.9;0
TOULOUSE;43.6;1.44;30/09/2026;05:00;22.5;2;NUAGEUX;6;29.2;0
TOULOUSE;43.6;1.44;30/09/2026;06:00;22.5;2;NUAGEUX;6;29.5;0
TOULOUSE;43.6;1.44;30/09/2026;07:00;22.5;2;NUAGEUX;6;31.0;0
TOULOUSE;43.6;1.44;30/09/2026;08:00;23.1;2;NUAGEUX;5;33.5;0
TOULOUSE;43.6;1.44;30/09/2026;09:00;24.1;2;NUAGEUX;5;37.8;0
TOULOUSE;43.6;1.44;30/09/2026;10:00;25.1;2;NUAGEUX;5;43.6;0
TOULOUSE;43.6;1.44;30/09/2026;11:00;28.9;2;NUAGEUX;5;47.9;0
TOULOUSE;43.6;1.44;30/09/2026;12:00;28.9;2;NUAGEUX;5;50.4;0
TOULOUSE;43.6;1.44;30/09/2026;13:00;28.9;2;NUAGEUX;5;51.8;0
TOULOUSE;43.6;1.44;30/09/2026;14:00;29.1;2;NUAGEUX;5;51.5;0
TOULOUSE;43.6;1.44;30/09/2026;15:00;30.1;2;NUAGEUX;5;49.7;0
TOULOUSE;43.6;1.44;30/09/2026;16:00;29.1;2;NUAGEUX;5;46.1;0
TOULOUSE;43.6;1.44;30/09/2026;17:00;24.9;2;NUAGEUX;5;41.0;0
TOULOUSE;43.6;1.44;30/09/2026;18:00;24.9;2;NUAGEUX;5;33.5;0
TOULOUSE;43.6;1.44;30/09/2026;19:00;24.9;2;NUAGEUX;5;24.1;0
TOULOUSE;43.6;1.44;30/09/2026;20:00;25.1;2;NUAGEUX;5;17.3;0
TOULOUSE;43.6;1.44;30/09/2026;21:00;24.1;2;NUAGEUX;5;14.4;0
TOULOUSE;43.6;1.44;30/09/2026;22:00;23.1;2;NUAGEUX;5;13.7;0
TOULOUSE;43.6;1.44;30/09/2026;23:00;21.2;2;NUAGEUX;4;12.6;0
TOULOUSE;43.6;1.44;01/10/2026;00:00;21.2;2;NUAGEUX;4;9.1;0
TOULOUSE;43.6;1.44;01/10/2026;01:00;21.2;2;NUAGEUX;4;5.8;0
TOULOUSE;43.6;1.44;01/10/2026;02:00;18.6;7;PLUIE FAIBLE;5;4.0;0
TOULOUSE;43.6;1.44;01/10/2026;03:00;18.6;7;PLUIE FAIBLE;5;2.9;0
TOULOUSE;43.6;1.44;01/10/2026;04:00;18.6;7;PLUIE FAIBLE;5;2.9;0
TOULOUSE;43.6;1.44;01/10/2026;05:00;20.1;6;AVERSES;3;4.3;0
TOULOUSE;43.6;1.44;01/10/2026;06:00;20.1;6;AVERSES;3;7.2;0
TOULOUSE;43.6;1.44;01/10/2026;07:00;20.1;6;AVERSES;3;11.2;0
TOULOUSE;43.6;1.44;01/10/2026;08:00;19.6;7;PLUIE FAIBLE;5;16.2;0
TOULOUSE;43.6;1.44;01/10/2026;09:00;20.1;7;PLUIE FAIBLE;5;23.0;0
TOULOUSE;43.6;1.44;01/10/2026;10:00;20.6;7;PLUIE FAIBLE;5;30.6;0
TOULOUSE;43.6;1.44;01/10/2026;11:00;21.6;7;PLUIE FAIBLE;4;36.4;0
TOULOUSE;43.6;1.44;01/10/2026;12:00;21.6;7;PLUIE FAIBLE;4;38.9;0
TOULOUSE;43.6;1.44;01/10/2026;13:00;21.6;7;PLUIE FAIBLE;4;39.6;0
TOULOUSE;43.6;1.44;01/10/2026;14:00;22.5;7;PLUIE FAIBLE;5;38.9;0
TOULOUSE;43.6;1.44;01/10/2026;15:00;23.0;7;PLUIE FAIBLE;5;36.0;0
TOULOUSE;43.6;1.44;01/10/2026;16:00;22.5;7;PLUIE FAIBLE;5;31.7;0
TOULOUSE;43.6;1.44;01/10/2026;17:00;21.1;7;PLUIE FAIBLE;2;28.1;0
TOULOUSE;43.6;1.44;01/10/2026;18:00;21.1;7;PLUIE FAIBLE;2;25.9;0
TOULOUSE;43.6;1.44;01/10/2026;19:00;21.1;7;PLUIE FAIBLE;2;24.1;0
TOULOUSE;43.6;1.44;01/10/2026;20:00;20.6;7;PLUIE FAIBLE;5;22.7;0
TOULOUSE;43.6;1.44;01/10/2026;21:00;20.1;7;PLUIE FAIBLE;5;20.5;0
TOULOUSE;43.6;1.44;01/10/2026;22:00;19.6;7;PLUIE FAIBLE;5;18.7;0
TOULOUSE;43.6;1.44;01/10/2026;23:00;18.6;2;NUAGEUX;2;17.3;0
TOULOUSE;43.6;1.44;02/10/2026;00:00;18.6;2;NUAGEUX;2;16.9;0
TOULOUSE;43.6;1.44;02/10/2026;01:00;18.6;2;NUAGEUX;2;17.3;0
TOULOUSE;43.6;1.44;02/10/2026;02:00;15.1;0;SOLEIL;5;17.3;0
TOULOUSE;43.6;1.44;02/10/2026;03:00;15.1;0;SOLEIL;5;15.8;0
TOULOUSE;43.6;1.44;02/10/2026;04:00;15.1;0;SOLEIL;5;14.0;0
TOULOUSE;43.6;1.44;02/10/2026;05:00;16;2;NUAGEUX;2;12.2;0
TOULOUSE;43.6;1.44;02/10/2026;06:00;16;2;NUAGEUX;2;10.8;0
TOULOUSE;43.6;1.44;02/10/2026;07:00;16;2;NUAGEUX;2;9.7;0
TOULOUSE;43.6;1.44;02/10/2026;08:00;17.2;0;SOLEIL;5;10.4;0
TOULOUSE;43.6;1.44;02/10/2026;09:00;18.3;0;SOLEIL;5;14.0;0
TOULOUSE;43.6;1.44;02/10/2026;10:00;19.4;0;SOLEIL;5;19.4;0
TOULOUSE;43.6;1.44;02/10/2026;11:00;23.6;0;SOLEIL;2;23.4;0
TOULOUSE;43.6;1.44;02/10/2026;12:00;23.6;0;SOLEIL;2;25.2;0
TOULOUSE;43.6;1.44;02/10/2026;13:00;23.6;0;SOLEIL;2;25.9;0
TOULOUSE;43.6;1.44;02/10/2026;14:00;23.6;0;SOLEIL;5;26.3;0
TOULOUSE;43.6;1.44;02/10/2026;15:00;24.7;0;SOLEIL;5;26.3;0
TOULOUSE;43.6;1.44;02/10/2026;16:00;23.6;0;SOLEIL;5;25.6;0
TOULOUSE;43.6;1.44;02/10/2026;17:00;22.2;0;SOLEIL;1;24.5;0
TOULOUSE;43.6;1.44;02/10/2026;18:00;22.2;0;SOLEIL;1;23.0;0
TOULOUSE;43.6;1.44;02/10/2026;19:00;22.2;0;SOLEIL;1;21.2;0
TOULOUSE;43.6;1.44;02/10/2026;20:00;19.4;0;SOLEIL;5;18.7;0
TOULOUSE;43.6;1.44;02/10/2026;21:00;18.3;0;SOLEIL;5;15.5;0
TOULOUSE;43.6;1.44;02/10/2026;22:00;17.2;0;SOLEIL;5;11.9;0
TOULOUSE;43.6;1.44;02/10/2026;23:00;17.6;0;SOLEIL;3;9.0;0
TOULOUSE;43.6;1.44;03/10/2026;00:00;17.6;0;SOLEIL;3;7.2;0
TOULOUSE;43.6;1.44;03/10/2026;01:00;17.6;0;SOLEIL;3;5.8;0
TOULOUSE;43.6;1.44;03/10/2026;02:00;14.1;0;SOLEIL;5;4.7;0
TOULOUSE;43.6;1.44;03/10/2026;03:00;14.1;0;SOLEIL;5;3.6;0
TOULOUSE;43.6;1.44;03/10/2026;04:00;14.1;0;SOLEIL;5;2.9;0
TOULOUSE;43.6;1.44;03/10/2026;05:00;15.1;0;SOLEIL;3;2.5;0
TOULOUSE;43.6;1.44;03/10/2026;06:00;15.1;0;SOLEIL;3;3.2;0
TOULOUSE;43.6;1.44;03/10/2026;07:00;15.1;0;SOLEIL;3;4.3;0
TOULOUSE;43.6;1.44;03/10/2026;08:00;16.7;0;SOLEIL;5;5.8;0
TOULOUSE;43.6;1.44;03/10/2026;09:00;17.9;0;SOLEIL;5;7.2;0
TOULOUSE;43.6;1.44;03/10/2026;10:00;19.2;0;SOLEIL;5;8.6;0
TOULOUSE;43.6;1.44;03/10/2026;11:00;24.6;0;SOLEIL;5;10.1;0
TOULOUSE;43.6;1.44;03/10/2026;12:00;24.6;0;SOLEIL;5;13.6;0
TOULOUSE;43.6;1.44;03/10/2026;13:00;24.6;0;SOLEIL;5;16.9;0
TOULOUSE;43.6;1.44;03/10/2026;14:00;24.3;0;SOLEIL;5;19.7;0
TOULOUSE;43.6;1.44;03/10/2026;15:00;25.6;0;SOLEIL;5;22.7;0
TOULOUSE;43.6;1.44;03/10/2026;16:00;24.3;0;SOLEIL;5;24.5;0
TOULOUSE;43.6;1.44;03/10/2026;17:00;21.9;0;SOLEIL;4;26.3;0
TOULOUSE;43.6;1.44;03/10/2026;18:00;21.9;0;SOLEIL;4;28.1;0
TOULOUSE;43.6;1.44;03/10/2026;19:00;21.9;0;SOLEIL;4;29.5;0
TOULOUSE;43.6;1.44;03/10/2026;20:00;19.2;0;SOLEIL;5;30.2;0
TOULOUSE;43.6;1.44;03/10/2026;21:00;17.9;0;SOLEIL;5;30.6;0
TOULOUSE;43.6;1.44;03/10/2026;22:00;16.7;0;SOLEIL;5;30.2;0
TOULOUSE;43.6;1.44;03/10/2026;23:00;16.9;0;SOLEIL;4;29.9;0
TOULOUSE;43.6;1.44;04/10/2026;00:00;16.9;0;SOLEIL;4;28.8;0
TOULOUSE;43.6;1.44;04/10/2026;01:00;16.9;0;SOLEIL;4;27.7;0
TOULOUSE;43.6;1.44;04/10/2026;02:00;14.2;0;SOLEIL;5;26.6;0
TOULOUSE;43.6;1.44;04/10/2026;03:00;14.2;0;SOLEIL;5;24.8;0
TOULOUSE;43.6;1.44;04/10/2026;04:00;14.2;0;SOLEIL;5;22.0;0
TOULOUSE;43.6;1.44;04/10/2026;05:00;15.7;0;SOLEIL;4;19.1;0
TOULOUSE;43.6;1.44;04/10/2026;06:00;15.7;0;SOLEIL;4;16.6;0
TOULOUSE;43.6;1.44;04/10/2026;07:00;15.7;0;SOLEIL;4;14.8;0
TOULOUSE;43.6;1.44;04/10/2026;08:00;16.6;0;SOLEIL;5;14.8;0
TOULOUSE;43.6;1.44;04/10/2026;09:00;17.8;0;SOLEIL;5;16.9;0
TOULOUSE;43.6;1.44;04/10/2026;10:00;19.0;0;SOLEIL;5;20.9;0
TOULOUSE;43.6;1.44;04/10/2026;11:00;24.1;0;SOLEIL;4;25.9;0
TOULOUSE;43.6;1.44;04/10/2026;12:00;24.1;0;SOLEIL;4;31.0;0
TOULOUSE;43.6;1.44;04/10/2026;13:00;24.1;0;SOLEIL;4;35.3;0
TOULOUSE;43.6;1.44;04/10/2026;14:00;23.9;0;SOLEIL;5;38.2;0
TOULOUSE;43.6;1.44;04/10/2026;15:00;25.1;0;SOLEIL;5;39.2;0
TOULOUSE;43.6;1.44;04/10/2026;16:00;23.9;0;SOLEIL;5;39.6;0
TOULOUSE;43.6;1.44;04/10/2026;17:00;21.1;0;SOLEIL;4;39.2;0
TOULOUSE;43.6;1.44;04/10/2026;18:00;21.1;0;SOLEIL;4;38.5;0
TOULOUSE;43.6;1.44;04/10/2026;19:00;21.1;0;SOLEIL;4;37.4;0
TOULOUSE;43.6;1.44;04/10/2026;20:00;19.0;0;SOLEIL;5;36.4;0
TOULOUSE;43.6;1.44;04/10/2026;21:00;17.8;0;SOLEIL;5;35.3;0
TOULOUSE;43.6;1.44;04/10/2026;22:00;16.6;0;SOLEIL;5;33.5;0
TOULOUSE;43.6;1.44;04/10/2026;23:00;17.1;0;SOLEIL;3;31.7;0
AURILLAC;44.92;2.44;27/09/2026;00:00;17.6;0;SOLEIL;3;16.2;0
AURILLAC;44.92;2.44;27/09/2026;01:00;17.8;0;SOLEIL;4;18.0;0
AURILLAC;44.92;2.44;27/09/2026;02:00;17.6;0;SOLEIL;4;20.2;0
AURILLAC;44.92;2.44;27/09/2026;03:00;17.9;0;SOLEIL;4;21.2;0
AURILLAC;44.92;2.44;27/09/2026;04:00;18;0;SOLEIL;4;22.7;0
AURILLAC;44.92;2.44;27/09/2026;05:00;17.9;0;SOLEIL;4;27.0;0
AURILLAC;44.92;2.44;27/09/2026;06:00;18.8;0;SOLEIL;4;28.1;0
AURILLAC;44.92;2.44;27/09/2026;07:00;20;0;SOLEIL;4;27.7;0
AURILLAC;44.92;2.44;27/09/2026;08:00;21.1;0;SOLEIL;4;27.4;0
AURILLAC;44.92;2.44;27/09/2026;09:00;22.9;0;SOLEIL;4;27.4;0
AURILLAC;44.92;2.44;27/09/2026;10:00;24.9;0;SOLEIL;4;34.6;0
AURILLAC;44.92;2.44;27/09/2026;11:00;26.1;0;SOLEIL;4;37.4;0
AURILLAC;44.92;2.44;27/09/2026;12:00;26.7;0;SOLEIL;4;39.2;0
AURILLAC;44.92;2.44;27/09/2026;13:00;27.4;2;NUAGEUX;4;40.0;0
AURILLAC;44.92;2.44;27/09/2026;14:00;27.9;0;SOLEIL;4;38.2;0
AURILLAC;44.92;2.44;27/09/2026;15:00;28;5;SOLEIL VOILÉ;3;34.9;0
AURILLAC;44.92;2.44;27/09/2026;16:00;27.6;5;SOLEIL VOILÉ;3;31.0;0
AURILLAC;44.92;2.44;27/09/2026;17:00;26.4;5;SOLEIL VOILÉ;3;30.2;0
AURILLAC;44.92;2.44;27/09/2026;18:00;24.7;5;SOLEIL VOILÉ;3;31.3;0
AURILLAC;44.92;2.44;27/09/2026;19:00;22.9;5;SOLEIL VOILÉ;3;30.6;0
AURILLAC;44.92;2.44;27/09/2026;20:00;21.1;5;SOLEIL VOILÉ;3;22.3;0
AURILLAC;44.92;2.44;27/09/2026;21:00;19.6;5;SOLEIL VOILÉ;3;16.2;0
AURILLAC;44.92;2.44;27/09/2026;22:00;18.6;2;NUAGEUX;3;15.8;0
AURILLAC;44.92;2.44;27/09/2026;23:00;17.7;2;NUAGEUX;3;16.2;0
AURILLAC;44.92;2.44;28/09/2026;00:00;17.1;5;SOLEIL VOILÉ;3;18.4;0
AURILLAC;44.92;2.44;28/09/2026;01:00;17.1;5;SOLEIL VOILÉ;3;20.5;0
AURILLAC;44.92;2.44;28/09/2026;02:00;16.6;5;SOLEIL VOILÉ;3;20.2;0
AURILLAC;44.92;2.44;28/09/2026;03:00;16.6;5;SOLEIL VOILÉ;3;18.9;0
AURILLAC;44.92;2.44;28/09/2026;04:00;16.6;5;SOLEIL VOILÉ;3;16.6;0
AURILLAC;44.92;2.44;28/09/2026;05:00;15.7;5;SOLEIL VOILÉ;3;17.3;0
AURILLAC;44.92;2.44;28/09/2026;06:00;15.7;5;SOLEIL VOILÉ;3;18.7;0
AURILLAC;44.92;2.44;28/09/2026;07:00;15.7;5;SOLEIL VOILÉ;3;18.7;0
AURILLAC;44.92;2.44;28/09/2026;08:00;20.6;5;SOLEIL VOILÉ;4;15.8;0
AURILLAC;44.92;2.44;28/09/2026;09:00;20.6;5;SOLEIL VOILÉ;4;20.2;0
AURILLAC;44.92;2.44;28/09/2026;10:00;20.6;5;SOLEIL VOILÉ;4;32.0;0
AURILLAC;44.92;2.44;28/09/2026;11:00;24.1;5;SOLEIL VOILÉ;5;39.2;0
AURILLAC;44.92;2.44;28/09/2026;12:00;24.1;5;SOLEIL VOILÉ;5;47.2;0
AURILLAC;44.92;2.44;28/09/2026;13:00;24.1;5;SOLEIL VOILÉ;5;49.0;0
AURILLAC;44.92;2.44;28/09/2026;14:00;25.4;5;SOLEIL VOILÉ;5;50.4;0
AURILLAC;44.92;2.44;28/09/2026;15:00;25.4;5;SOLEIL VOILÉ;5;51.1;0
AURILLAC;44.92;2.44;28/09/2026;16:00;25.4;5;SOLEIL VOILÉ;5;51.1;0
AURILLAC;44.92;2.44;28/09/2026;17:00;22.4;5;SOLEIL VOILÉ;4;48.2;0
AURILLAC;44.92;2.44;28/09/2026;18:00;22.4;5;SOLEIL VOILÉ;4;49.3;0
AURILLAC;44.92;2.44;28/09/2026;19:00;22.4;5;SOLEIL VOILÉ;4;47.5;0
AURILLAC;44.92;2.44;28/09/2026;20:00;19;5;SOLEIL VOILÉ;4;43.6;0
AURILLAC;44.92;2.44;28/09/2026;21:00;19;5;SOLEIL VOILÉ;4;37.1;0
AURILLAC;44.92;2.44;28/09/2026;22:00;19;5;SOLEIL VOILÉ;4;32.4;0
AURILLAC;44.92;2.44;28/09/2026;23:00;17.2;5;SOLEIL VOILÉ;5;29.5;0
AURILLAC;44.92;2.44;29/09/2026;00:00;17.2;5;SOLEIL VOILÉ;5;29.9;0
AURILLAC;44.92;2.44;29/09/2026;01:00;17.2;5;SOLEIL VOILÉ;5;30.6;0
AURILLAC;44.92;2.44;29/09/2026;02:00;16.6;5;SOLEIL VOILÉ;5;31.0;0
AURILLAC;44.92;2.44;29/09/2026;03:00;16.6;5;SOLEIL VOILÉ;5;29.5;0
AURILLAC;44.92;2.44;29/09/2026;04:00;16.6;5;SOLEIL VOILÉ;5;31.3;0
AURILLAC;44.92;2.44;29/09/2026;05:00;17.1;0;SOLEIL;5;32.4;0
AURILLAC;44.92;2.44;29/09/2026;06:00;17.1;0;SOLEIL;5;35.3;0
AURILLAC;44.92;2.44;29/09/2026;07:00;17.1;0;SOLEIL;5;40.3;0
AURILLAC;44.92;2.44;29/09/2026;08:00;21.9;0;SOLEIL;6;43.9;0
AURILLAC;44.92;2.44;29/09/2026;09:00;21.9;0;SOLEIL;6;47.2;0
AURILLAC;44.92;2.44;29/09/2026;10:00;21.9;0;SOLEIL;6;50.0;0
AURILLAC;44.92;2.44;29/09/2026;11:00;23.6;0;SOLEIL;6;52.2;0
AURILLAC;44.92;2.44;29/09/2026;12:00;23.6;0;SOLEIL;6;53.6;0
AURILLAC;44.92;2.44;29/09/2026;13:00;23.6;0;SOLEIL;6;54.7;0
AURILLAC;44.92;2.44;29/09/2026;14:00;23;0;SOLEIL;6;55.4;0
AURILLAC;44.92;2.44;29/09/2026;15:00;23;0;SOLEIL;6;56.2;0
AURILLAC;44.92;2.44;29/09/2026;16:00;23;0;SOLEIL;6;56.5;0
AURILLAC;44.92;2.44;29/09/2026;17:00;20.1;0;SOLEIL;5;55.8;0
AURILLAC;44.92;2.44;29/09/2026;18:00;20.1;0;SOLEIL;5;52.9;0
AURILLAC;44.92;2.44;29/09/2026;19:00;20.1;0;SOLEIL;5;48.6;0
AURILLAC;44.92;2.44;29/09/2026;20:00;19.6;0;SOLEIL;5;43.9;0
AURILLAC;44.92;2.44;29/09/2026;21:00;18.7;0;SOLEIL;5;38.5;0
AURILLAC;44.92;2.44;29/09/2026;22:00;17.7;0;SOLEIL;5;32.4;0
AURILLAC;44.92;2.44;29/09/2026;23:00;16.9;0;SOLEIL;5;28.1;0
AURILLAC;44.92;2.44;30/09/2026;00:00;16.9;0;SOLEIL;5;26.3;0
AURILLAC;44.92;2.44;30/09/2026;01:00;16.9;0;SOLEIL;5;25.6;0
AURILLAC;44.92;2.44;30/09/2026;02:00;17.7;6;AVERSES;5;25.6;0
AURILLAC;44.92;2.44;30/09/2026;03:00;17.7;6;AVERSES;5;25.6;0
AURILLAC;44.92;2.44;30/09/2026;04:00;17.7;6;AVERSES;5;25.9;0
AURILLAC;44.92;2.44;30/09/2026;05:00;19.4;6;AVERSES;5;25.9;0
AURILLAC;44.92;2.44;30/09/2026;06:00;19.4;6;AVERSES;5;24.5;0
AURILLAC;44.92;2.44;30/09/2026;07:00;19.4;6;AVERSES;5;23.0;0
AURILLAC;44.92;2.44;30/09/2026;08:00;19.7;6;AVERSES;5;23.8;0
AURILLAC;44.92;2.44;30/09/2026;09:00;20.7;6;AVERSES;5;28.8;0
AURILLAC;44.92;2.44;30/09/2026;10:00;21.7;6;AVERSES;5;36.4;0
AURILLAC;44.92;2.44;30/09/2026;11:00;25.5;6;AVERSES;5;42.5;0
AURILLAC;44.92;2.44;30/09/2026;12:00;25.5;6;AVERSES;5;45.7;0
AURILLAC;44.92;2.44;30/09/2026;13:00;25.5;6;AVERSES;5;47.2;0
AURILLAC;44.92;2.44;30/09/2026;14:00;25.6;6;AVERSES;5;47.2;0
AURILLAC;44.92;2.44;30/09/2026;15:00;26.6;6;AVERSES;5;45.4;0
AURILLAC;44.92;2.44;30/09/2026;16:00;25.6;6;AVERSES;5;42.1;0
AURILLAC;44.92;2.44;30/09/2026;17:00;21.2;6;AVERSES;4;38.5;0
AURILLAC;44.92;2.44;30/09/2026;18:00;21.2;6;AVERSES;4;35.6;0
AURILLAC;44.92;2.44;30/09/2026;19:00;21.2;6;AVERSES;4;32.4;0
AURILLAC;44.92;2.44;30/09/2026;20:00;21.7;6;AVERSES;5;28.8;0
AURILLAC;44.92;2.44;30/09/2026;21:00;20.7;6;AVERSES;5;24.5;0
AURILLAC;44.92;2.44;30/09/2026;22:00;19.7;6;AVERSES;5;19.8;0
AURILLAC;44.92;2.44;30/09/2026;23:00;18.9;7;PLUIE FAIBLE;3;15.8;0
AURILLAC;44.92;2.44;01/10/2026;00:00;18.9;7;PLUIE FAIBLE;3;12.8;0
AURILLAC;44.92;2.44;01/10/2026;01:00;18.9;7;PLUIE FAIBLE;3;10.4;0
AURILLAC;44.92;2.44;01/10/2026;02:00;16;6;AVERSES;5;9.3;0
AURILLAC;44.92;2.44;01/10/2026;03:00;16;6;AVERSES;5;9.4;0
AURILLAC;44.92;2.44;01/10/2026;04:00;16;6;AVERSES;5;10.4;0
AURILLAC;44.92;2.44;01/10/2026;05:00;17.5;6;AVERSES;4;10.8;0
AURILLAC;44.92;2.44;01/10/2026;06:00;17.5;6;AVERSES;4;10.1;0
AURILLAC;44.92;2.44;01/10/2026;07:00;17.5;6;AVERSES;4;9.4;0
AURILLAC;44.92;2.44;01/10/2026;08:00;17.0;6;AVERSES;5;9.4;0
AURILLAC;44.92;2.44;01/10/2026;09:00;17.5;6;AVERSES;5;10.8;0
AURILLAC;44.92;2.44;01/10/2026;10:00;18.0;6;AVERSES;5;13.3;0
AURILLAC;44.92;2.44;01/10/2026;11:00;19.6;6;AVERSES;3;16.2;0
AURILLAC;44.92;2.44;01/10/2026;12:00;19.6;6;AVERSES;3;19.8;0
AURILLAC;44.92;2.44;01/10/2026;13:00;19.6;6;AVERSES;3;23.4;0
AURILLAC;44.92;2.44;01/10/2026;14:00;19.9;6;AVERSES;5;26.6;0
AURILLAC;44.92;2.44;01/10/2026;15:00;20.4;6;AVERSES;5;28.8;0
AURILLAC;44.92;2.44;01/10/2026;16:00;19.9;6;AVERSES;5;30.2;0
AURILLAC;44.92;2.44;01/10/2026;17:00;17.6;6;AVERSES;3;31.0;0
AURILLAC;44.92;2.44;01/10/2026;18:00;17.6;6;AVERSES;3;30.2;0
AURILLAC;44.92;2.44;01/10/2026;19:00;17.6;6;AVERSES;3;28.8;0
AURILLAC;44.92;2.44;01/10/2026;20:00;18.0;6;AVERSES;5;27.0;0
AURILLAC;44.92;2.44;01/10/2026;21:00;17.5;6;AVERSES;5;24.8;0
AURILLAC;44.92;2.44;01/10/2026;22:00;17.0;6;AVERSES;5;22.3;0
AURILLAC;44.92;2.44;01/10/2026;23:00;14.7;0;SOLEIL;2;20.2;0
AURILLAC;44.92;2.44;02/10/2026;00:00;14.7;0;SOLEIL;2;19.4;0
AURILLAC;44.92;2.44;02/10/2026;01:00;14.7;0;SOLEIL;2;19.1;0
AURILLAC;44.92;2.44;02/10/2026;02:00;11.6;6;AVERSES;5;18.7;0
AURILLAC;44.92;2.44;02/10/2026;03:00;11.6;6;AVERSES;5;18.0;0
AURILLAC;44.92;2.44;02/10/2026;04:00;11.6;6;AVERSES;5;16.9;0
AURILLAC;44.92;2.44;02/10/2026;05:00;12.7;6;AVERSES;2;15.8;0
AURILLAC;44.92;2.44;02/10/2026;06:00;12.7;6;AVERSES;2;14.8;0
AURILLAC;44.92;2.44;02/10/2026;07:00;12.7;6;AVERSES;2;13.7;0
AURILLAC;44.92;2.44;02/10/2026;08:00;14.0;6;AVERSES;5;13.0;0
AURILLAC;44.92;2.44;02/10/2026;09:00;15.2;6;AVERSES;5;13.0;0
AURILLAC;44.92;2.44;02/10/2026;10:00;16.4;6;AVERSES;5;13.3;0
AURILLAC;44.92;2.44;02/10/2026;11:00;21.6;6;AVERSES;2;15.1;0
AURILLAC;44.92;2.44;02/10/2026;12:00;21.6;6;AVERSES;2;19.1;0
AURILLAC;44.92;2.44;02/10/2026;13:00;21.6;6;AVERSES;2;24.5;0
AURILLAC;44.92;2.44;02/10/2026;14:00;21.3;6;AVERSES;5;28.4;0
AURILLAC;44.92;2.44;02/10/2026;15:00;22.5;6;AVERSES;5;29.9;0
AURILLAC;44.92;2.44;02/10/2026;16:00;21.3;6;AVERSES;5;30.2;0
AURILLAC;44.92;2.44;02/10/2026;17:00;17.9;0;SOLEIL;2;29.5;0
AURILLAC;44.92;2.44;02/10/2026;18:00;17.9;0;SOLEIL;2;28.1;0
AURILLAC;44.92;2.44;02/10/2026;19:00;17.9;0;SOLEIL;2;25.9;0
AURILLAC;44.92;2.44;02/10/2026;20:00;16.4;6;AVERSES;5;23.8;0
AURILLAC;44.92;2.44;02/10/2026;21:00;15.2;6;AVERSES;5;21.2;0
AURILLAC;44.92;2.44;02/10/2026;22:00;14.0;6;AVERSES;5;18.4;0
AURILLAC;44.92;2.44;02/10/2026;23:00;14.6;0;SOLEIL;3;16.2;0
AURILLAC;44.92;2.44;03/10/2026;00:00;14.6;0;SOLEIL;3;15.8;0
AURILLAC;44.92;2.44;03/10/2026;01:00;14.6;0;SOLEIL;3;15.8;0
AURILLAC;44.92;2.44;03/10/2026;02:00;11.6;0;SOLEIL;5;16.2;0
AURILLAC;44.92;2.44;03/10/2026;03:00;11.6;0;SOLEIL;5;15.8;0
AURILLAC;44.92;2.44;03/10/2026;04:00;11.6;0;SOLEIL;5;15.5;0
AURILLAC;44.92;2.44;03/10/2026;05:00;12.6;0;SOLEIL;2;15.1;0
AURILLAC;44.92;2.44;03/10/2026;06:00;12.6;0;SOLEIL;2;15.1;0
AURILLAC;44.92;2.44;03/10/2026;07:00;12.6;0;SOLEIL;2;15.1;0
AURILLAC;44.92;2.44;03/10/2026;08:00;14.2;0;SOLEIL;5;15.5;0
AURILLAC;44.92;2.44;03/10/2026;09:00;15.4;0;SOLEIL;5;15.5;0
AURILLAC;44.92;2.44;03/10/2026;10:00;16.7;0;SOLEIL;5;15.8;0
AURILLAC;44.92;2.44;03/10/2026;11:00;22.2;0;SOLEIL;3;17.3;0
AURILLAC;44.92;2.44;03/10/2026;12:00;22.2;0;SOLEIL;3;22.0;0
AURILLAC;44.92;2.44;03/10/2026;13:00;22.2;0;SOLEIL;3;25.4;0
AURILLAC;44.92;2.44;03/10/2026;14:00;21.8;0;SOLEIL;5;25.4;0
AURILLAC;44.92;2.44;03/10/2026;15:00;23.1;0;SOLEIL;5;23.0;0
AURILLAC;44.92;2.44;03/10/2026;16:00;21.8;0;SOLEIL;5;21.6;0
AURILLAC;44.92;2.44;03/10/2026;17:00;18.5;0;SOLEIL;2;20.2;0
AURILLAC;44.92;2.44;03/10/2026;18:00;18.5;0;SOLEIL;2;18.7;0
AURILLAC;44.92;2.44;03/10/2026;19:00;18.5;0;SOLEIL;2;17.6;0
AURILLAC;44.92;2.44;03/10/2026;20:00;16.7;0;SOLEIL;5;16.9;0
AURILLAC;44.92;2.44;03/10/2026;21:00;15.4;0;SOLEIL;5;16.9;0
AURILLAC;44.92;2.44;03/10/2026;22:00;14.2;0;SOLEIL;5;17.6;0
AURILLAC;44.92;2.44;03/10/2026;23:00;14.6;0;SOLEIL;3;18.7;0
AURILLAC;44.92;2.44;04/10/2026;00:00;14.6;0;SOLEIL;3;19.8;0
AURILLAC;44.92;2.44;04/10/2026;01:00;14.6;0;SOLEIL;3;20.9;0
AURILLAC;44.92;2.44;04/10/2026;02:00;11.5;0;SOLEIL;5;21.6;0
AURILLAC;44.92;2.44;04/10/2026;03:00;11.5;0;SOLEIL;5;22.0;0
AURILLAC;44.92;2.44;04/10/2026;04:00;11.5;0;SOLEIL;5;22.7;0
AURILLAC;44.92;2.44;04/10/2026;05:00;12.7;0;SOLEIL;3;23.0;0
AURILLAC;44.92;2.44;04/10/2026;06:00;12.7;0;SOLEIL;3;23.0;0
AURILLAC;44.92;2.44;04/10/2026;07:00;12.7;0;SOLEIL;3;23.4;0
AURILLAC;44.92;2.44;04/10/2026;08:00;13.7;0;SOLEIL;5;23.8;0
AURILLAC;44.92;2.44;04/10/2026;09:00;14.9;0;SOLEIL;5;24.1;0
AURILLAC;44.92;2.44;04/10/2026;10:00;16.0;0;SOLEIL;5;24.8;0
AURILLAC;44.92;2.44;04/10/2026;11:00;20.7;0;SOLEIL;4;25.2;0
AURILLAC;44.92;2.44;04/10/2026;12:00;20.7;0;SOLEIL;4;25.6;0
AURILLAC;44.92;2.44;04/10/2026;13:00;20.7;0;SOLEIL;4;25.9;0
AURILLAC;44.92;2.44;04/10/2026;14:00;20.5;0;SOLEIL;5;25.6;0
AURILLAC;44.92;2.44;04/10/2026;15:00;21.6;0;SOLEIL;5;24.8;0
AURILLAC;44.92;2.44;04/10/2026;16:00;20.5;0;SOLEIL;5;23.8;0
AURILLAC;44.92;2.44;04/10/2026;17:00;17.5;0;SOLEIL;3;22.3;0
AURILLAC;44.92;2.44;04/10/2026;18:00;17.5;0;SOLEIL;3;20.9;0
AURILLAC;44.92;2.44;04/10/2026;19:00;17.5;0;SOLEIL;3;19.4;0
AURILLAC;44.92;2.44;04/10/2026;20:00;16.0;0;SOLEIL;5;18.4;0
AURILLAC;44.92;2.44;04/10/2026;21:00;14.9;0;SOLEIL;5;17.6;0
AURILLAC;44.92;2.44;04/10/2026;22:00;13.7;0;SOLEIL;5;16.9;0
AURILLAC;44.92;2.44;04/10/2026;23:00;13.4;0;SOLEIL;2;16.6;0
MONTÉLIMAR;44.55;4.75;27/09/2026;00:00;17.9;0;SOLEIL;2;14.4;0
MONTÉLIMAR;44.55;4.75;27/09/2026;01:00;17.4;0;SOLEIL;2;10.4;0
MONTÉLIMAR;44.55;4.75;27/09/2026;02:00;17.4;2;NUAGEUX;2;8.3;0
MONTÉLIMAR;44.55;4.75;27/09/2026;03:00;17.7;2;NUAGEUX;2;6.5;0
MONTÉLIMAR;44.55;4.75;27/09/2026;04:00;17.5;2;NUAGEUX;2;4.7;0
MONTÉLIMAR;44.55;4.75;27/09/2026;05:00;16.7;2;NUAGEUX;2;8.6;0
MONTÉLIMAR;44.55;4.75;27/09/2026;06:00;17.3;2;NUAGEUX;2;8.6;0
MONTÉLIMAR;44.55;4.75;27/09/2026;07:00;18.6;2;NUAGEUX;2;9.4;0
MONTÉLIMAR;44.55;4.75;27/09/2026;08:00;19.9;2;NUAGEUX;2;9.4;0
MONTÉLIMAR;44.55;4.75;27/09/2026;09:00;22.1;0;SOLEIL;3;14.0;0
MONTÉLIMAR;44.55;4.75;27/09/2026;10:00;24.2;0;SOLEIL;4;20.2;0
MONTÉLIMAR;44.55;4.75;27/09/2026;11:00;25.7;0;SOLEIL;4;24.5;0
MONTÉLIMAR;44.55;4.75;27/09/2026;12:00;27.5;0;SOLEIL;5;29.9;0
MONTÉLIMAR;44.55;4.75;27/09/2026;13:00;28.6;0;SOLEIL;5;37.4;0
MONTÉLIMAR;44.55;4.75;27/09/2026;14:00;29.1;0;SOLEIL;5;38.5;0
MONTÉLIMAR;44.55;4.75;27/09/2026;15:00;29;0;SOLEIL;5;37.8;0
MONTÉLIMAR;44.55;4.75;27/09/2026;16:00;29;0;SOLEIL;4;36.4;0
MONTÉLIMAR;44.55;4.75;27/09/2026;17:00;27.3;0;SOLEIL;4;33.1;0
MONTÉLIMAR;44.55;4.75;27/09/2026;18:00;25.2;0;SOLEIL;4;33.1;0
MONTÉLIMAR;44.55;4.75;27/09/2026;19:00;23.5;0;SOLEIL;3;29.9;0
MONTÉLIMAR;44.55;4.75;27/09/2026;20:00;22;0;SOLEIL;3;24.1;0
MONTÉLIMAR;44.55;4.75;27/09/2026;21:00;20.6;0;SOLEIL;3;22.7;0
MONTÉLIMAR;44.55;4.75;27/09/2026;22:00;19.2;0;SOLEIL;2;20.2;0
MONTÉLIMAR;44.55;4.75;27/09/2026;23:00;18.1;0;SOLEIL;2;16.9;0
MONTÉLIMAR;44.55;4.75;28/09/2026;00:00;17.5;0;SOLEIL;2;15.1;0
MONTÉLIMAR;44.55;4.75;28/09/2026;01:00;17.5;0;SOLEIL;2;11.5;0
MONTÉLIMAR;44.55;4.75;28/09/2026;02:00;15.9;0;SOLEIL;1;8.3;0
MONTÉLIMAR;44.55;4.75;28/09/2026;03:00;15.9;0;SOLEIL;1;6.4;0
MONTÉLIMAR;44.55;4.75;28/09/2026;04:00;15.9;0;SOLEIL;1;5.0;0
MONTÉLIMAR;44.55;4.75;28/09/2026;05:00;16;5;SOLEIL VOILÉ;1;4.1;0
MONTÉLIMAR;44.55;4.75;28/09/2026;06:00;16;5;SOLEIL VOILÉ;1;3.6;0
MONTÉLIMAR;44.55;4.75;28/09/2026;07:00;16;5;SOLEIL VOILÉ;1;2.5;0
MONTÉLIMAR;44.55;4.75;28/09/2026;08:00;22.5;5;SOLEIL VOILÉ;2;2.2;0
MONTÉLIMAR;44.55;4.75;28/09/2026;09:00;22.5;5;SOLEIL VOILÉ;2;2.9;0
MONTÉLIMAR;44.55;4.75;28/09/2026;10:00;22.5;5;SOLEIL VOILÉ;2;7.9;0
MONTÉLIMAR;44.55;4.75;28/09/2026;11:00;26;5;SOLEIL VOILÉ;4;17.6;0
MONTÉLIMAR;44.55;4.75;28/09/2026;12:00;26;5;SOLEIL VOILÉ;4;26.3;0
MONTÉLIMAR;44.55;4.75;28/09/2026;13:00;26;5;SOLEIL VOILÉ;4;34.2;0
MONTÉLIMAR;44.55;4.75;28/09/2026;14:00;27.4;5;SOLEIL VOILÉ;4;33.8;0
MONTÉLIMAR;44.55;4.75;28/09/2026;15:00;27.4;5;SOLEIL VOILÉ;4;34.2;0
MONTÉLIMAR;44.55;4.75;28/09/2026;16:00;27.4;5;SOLEIL VOILÉ;4;32.0;0
MONTÉLIMAR;44.55;4.75;28/09/2026;17:00;24.6;5;SOLEIL VOILÉ;3;29.9;0
MONTÉLIMAR;44.55;4.75;28/09/2026;18:00;24.6;5;SOLEIL VOILÉ;3;31.3;0
MONTÉLIMAR;44.55;4.75;28/09/2026;19:00;24.6;5;SOLEIL VOILÉ;3;29.9;0
MONTÉLIMAR;44.55;4.75;28/09/2026;20:00;20.4;5;SOLEIL VOILÉ;2;20.9;0
MONTÉLIMAR;44.55;4.75;28/09/2026;21:00;20.4;5;SOLEIL VOILÉ;2;14.0;0
MONTÉLIMAR;44.55;4.75;28/09/2026;22:00;20.4;5;SOLEIL VOILÉ;2;12.6;0
MONTÉLIMAR;44.55;4.75;28/09/2026;23:00;17.9;5;SOLEIL VOILÉ;1;11.2;0
MONTÉLIMAR;44.55;4.75;29/09/2026;00:00;17.9;5;SOLEIL VOILÉ;1;7.6;0
MONTÉLIMAR;44.55;4.75;29/09/2026;01:00;17.9;5;SOLEIL VOILÉ;1;5.4;0
MONTÉLIMAR;44.55;4.75;29/09/2026;02:00;17.1;5;SOLEIL VOILÉ;1;4.7;0
MONTÉLIMAR;44.55;4.75;29/09/2026;03:00;17.1;5;SOLEIL VOILÉ;1;4.3;0
MONTÉLIMAR;44.55;4.75;29/09/2026;04:00;17.1;5;SOLEIL VOILÉ;1;2.9;0
MONTÉLIMAR;44.55;4.75;29/09/2026;05:00;16.6;5;SOLEIL VOILÉ;1;2.9;0
MONTÉLIMAR;44.55;4.75;29/09/2026;06:00;16.6;5;SOLEIL VOILÉ;1;2.9;0
MONTÉLIMAR;44.55;4.75;29/09/2026;07:00;16.6;5;SOLEIL VOILÉ;1;2.5;0
MONTÉLIMAR;44.55;4.75;29/09/2026;08:00;21.9;5;SOLEIL VOILÉ;2;3.2;0
MONTÉLIMAR;44.55;4.75;29/09/2026;09:00;21.9;5;SOLEIL VOILÉ;2;6.1;0
MONTÉLIMAR;44.55;4.75;29/09/2026;10:00;21.9;5;SOLEIL VOILÉ;2;10.1;0
MONTÉLIMAR;44.55;4.75;29/09/2026;11:00;26;0;SOLEIL;4;13.7;0
MONTÉLIMAR;44.55;4.75;29/09/2026;12:00;26;0;SOLEIL;4;17.3;0
MONTÉLIMAR;44.55;4.75;29/09/2026;13:00;26;0;SOLEIL;4;20.5;0
MONTÉLIMAR;44.55;4.75;29/09/2026;14:00;25.5;0;SOLEIL;5;23.0;0
MONTÉLIMAR;44.55;4.75;29/09/2026;15:00;25.5;0;SOLEIL;5;24.8;0
MONTÉLIMAR;44.55;4.75;29/09/2026;16:00;25.5;0;SOLEIL;5;25.6;0
MONTÉLIMAR;44.55;4.75;29/09/2026;17:00;23;0;SOLEIL;3;24.5;0
MONTÉLIMAR;44.55;4.75;29/09/2026;18:00;23;0;SOLEIL;3;19.8;0
MONTÉLIMAR;44.55;4.75;29/09/2026;19:00;23;0;SOLEIL;3;13.0;0
MONTÉLIMAR;44.55;4.75;29/09/2026;20:00;20.9;2;NUAGEUX;5;7.6;0
MONTÉLIMAR;44.55;4.75;29/09/2026;21:00;19.8;2;NUAGEUX;5;4.3;0
MONTÉLIMAR;44.55;4.75;29/09/2026;22:00;18.7;2;NUAGEUX;5;2.5;0
MONTÉLIMAR;44.55;4.75;29/09/2026;23:00;18.1;0;SOLEIL;1;3.2;0
MONTÉLIMAR;44.55;4.75;30/09/2026;00:00;18.1;0;SOLEIL;1;9.4;0
MONTÉLIMAR;44.55;4.75;30/09/2026;01:00;18.1;0;SOLEIL;1;18.0;0
MONTÉLIMAR;44.55;4.75;30/09/2026;02:00;14.7;2;NUAGEUX;5;22.7;0
MONTÉLIMAR;44.55;4.75;30/09/2026;03:00;14.7;2;NUAGEUX;5;18.7;0
MONTÉLIMAR;44.55;4.75;30/09/2026;04:00;14.7;2;NUAGEUX;5;10.4;0
MONTÉLIMAR;44.55;4.75;30/09/2026;05:00;15.6;0;SOLEIL;1;4.3;0
MONTÉLIMAR;44.55;4.75;30/09/2026;06:00;15.6;0;SOLEIL;1;3.2;0
MONTÉLIMAR;44.55;4.75;30/09/2026;07:00;15.6;0;SOLEIL;1;4.3;0
MONTÉLIMAR;44.55;4.75;30/09/2026;08:00;17.5;2;NUAGEUX;5;5.0;0
MONTÉLIMAR;44.55;4.75;30/09/2026;09:00;18.8;2;NUAGEUX;5;4.7;0
MONTÉLIMAR;44.55;4.75;30/09/2026;10:00;20.2;2;NUAGEUX;5;4.3;0
MONTÉLIMAR;44.55;4.75;30/09/2026;11:00;26.1;2;NUAGEUX;5;4.7;0
MONTÉLIMAR;44.55;4.75;30/09/2026;12:00;26.1;2;NUAGEUX;5;6.8;0
MONTÉLIMAR;44.55;4.75;30/09/2026;13:00;26.1;2;NUAGEUX;5;10.1;0
MONTÉLIMAR;44.55;4.75;30/09/2026;14:00;25.7;2;NUAGEUX;5;13.0;0
MONTÉLIMAR;44.55;4.75;30/09/2026;15:00;27.1;2;NUAGEUX;5;15.1;0
MONTÉLIMAR;44.55;4.75;30/09/2026;16:00;25.7;2;NUAGEUX;5;17.3;0
MONTÉLIMAR;44.55;4.75;30/09/2026;17:00;23.4;7;PLUIE FAIBLE;3;17.3;0
MONTÉLIMAR;44.55;4.75;30/09/2026;18:00;23.4;7;PLUIE FAIBLE;3;14.4;0
MONTÉLIMAR;44.55;4.75;30/09/2026;19:00;23.4;7;PLUIE FAIBLE;3;10.1;0
MONTÉLIMAR;44.55;4.75;30/09/2026;20:00;20.2;2;NUAGEUX;5;6.5;0
MONTÉLIMAR;44.55;4.75;30/09/2026;21:00;18.8;2;NUAGEUX;5;5.4;0
MONTÉLIMAR;44.55;4.75;30/09/2026;22:00;17.5;2;NUAGEUX;5;5.0;0
MONTÉLIMAR;44.55;4.75;30/09/2026;23:00;19.1;2;NUAGEUX;1;5.0;0
MONTÉLIMAR;44.55;4.75;01/10/2026;00:00;19.1;2;NUAGEUX;1;5.4;0
MONTÉLIMAR;44.55;4.75;01/10/2026;01:00;19.1;2;NUAGEUX;1;5.0;0
MONTÉLIMAR;44.55;4.75;01/10/2026;02:00;16.1;7;PLUIE FAIBLE;5;4.1;0
MONTÉLIMAR;44.55;4.75;01/10/2026;03:00;16.1;7;PLUIE FAIBLE;5;3.2;0
MONTÉLIMAR;44.55;4.75;01/10/2026;04:00;16.1;7;PLUIE FAIBLE;5;2.9;0
MONTÉLIMAR;44.55;4.75;01/10/2026;05:00;17.1;7;PLUIE FAIBLE;1;3.2;0
MONTÉLIMAR;44.55;4.75;01/10/2026;06:00;17.1;7;PLUIE FAIBLE;1;4.7;0
MONTÉLIMAR;44.55;4.75;01/10/2026;07:00;17.1;7;PLUIE FAIBLE;1;6.8;0
MONTÉLIMAR;44.55;4.75;01/10/2026;08:00;17.7;7;PLUIE FAIBLE;5;8.6;0
MONTÉLIMAR;44.55;4.75;01/10/2026;09:00;18.5;7;PLUIE FAIBLE;5;10.1;0
MONTÉLIMAR;44.55;4.75;01/10/2026;10:00;19.3;7;PLUIE FAIBLE;5;11.2;0
MONTÉLIMAR;44.55;4.75;01/10/2026;11:00;22.4;7;PLUIE FAIBLE;3;12.2;0
MONTÉLIMAR;44.55;4.75;01/10/2026;12:00;22.4;7;PLUIE FAIBLE;3;13.0;0
MONTÉLIMAR;44.55;4.75;01/10/2026;13:00;22.4;7;PLUIE FAIBLE;3;13.3;0
MONTÉLIMAR;44.55;4.75;01/10/2026;14:00;22.4;7;PLUIE FAIBLE;5;14.4;0
MONTÉLIMAR;44.55;4.75;01/10/2026;15:00;23.2;7;PLUIE FAIBLE;5;17.6;0
MONTÉLIMAR;44.55;4.75;01/10/2026;16:00;22.4;7;PLUIE FAIBLE;5;21.2;0
MONTÉLIMAR;44.55;4.75;01/10/2026;17:00;20.4;7;PLUIE FAIBLE;4;23.4;0
MONTÉLIMAR;44.55;4.75;01/10/2026;18:00;20.4;7;PLUIE FAIBLE;4;21.2;0
MONTÉLIMAR;44.55;4.75;01/10/2026;19:00;20.4;7;PLUIE FAIBLE;4;17.3;0
MONTÉLIMAR;44.55;4.75;01/10/2026;20:00;19.3;7;PLUIE FAIBLE;5;15.5;0
MONTÉLIMAR;44.55;4.75;01/10/2026;21:00;18.5;7;PLUIE FAIBLE;5;17.3;0
MONTÉLIMAR;44.55;4.75;01/10/2026;22:00;17.7;7;PLUIE FAIBLE;5;21.2;0
MONTÉLIMAR;44.55;4.75;01/10/2026;23:00;18.1;2;NUAGEUX;4;26.3;0
MONTÉLIMAR;44.55;4.75;02/10/2026;00:00;18.1;2;NUAGEUX;4;32.8;0
MONTÉLIMAR;44.55;4.75;02/10/2026;01:00;18.1;2;NUAGEUX;4;40.7;0
MONTÉLIMAR;44.55;4.75;02/10/2026;02:00;15.6;0;SOLEIL;5;46.8;0
MONTÉLIMAR;44.55;4.75;02/10/2026;03:00;15.6;0;SOLEIL;5;50.4;0
MONTÉLIMAR;44.55;4.75;02/10/2026;04:00;15.6;0;SOLEIL;5;52.2;0
MONTÉLIMAR;44.55;4.75;02/10/2026;05:00;16.2;0;SOLEIL;5;54.4;0
MONTÉLIMAR;44.55;4.75;02/10/2026;06:00;16.2;0;SOLEIL;5;56.9;0
MONTÉLIMAR;44.55;4.75;02/10/2026;07:00;16.2;0;SOLEIL;5;59.4;0
MONTÉLIMAR;44.55;4.75;02/10/2026;08:00;17.4;0;SOLEIL;5;63.0;0
MONTÉLIMAR;44.55;4.75;02/10/2026;09:00;18.4;0;SOLEIL;5;69.1;0
MONTÉLIMAR;44.55;4.75;02/10/2026;10:00;19.3;0;SOLEIL;5;76.0;0
MONTÉLIMAR;44.55;4.75;02/10/2026;11:00;22.9;0;SOLEIL;6;81.0;0
MONTÉLIMAR;44.55;4.75;02/10/2026;12:00;22.9;0;SOLEIL;6;82.1;0
MONTÉLIMAR;44.55;4.75;02/10/2026;13:00;22.9;0;SOLEIL;6;81.4;0
MONTÉLIMAR;44.55;4.75;02/10/2026;14:00;23.0;0;SOLEIL;5;79.6;0
MONTÉLIMAR;44.55;4.75;02/10/2026;15:00;23.9;0;SOLEIL;5;77.8;0
MONTÉLIMAR;44.55;4.75;02/10/2026;16:00;23.0;0;SOLEIL;5;75.2;0
MONTÉLIMAR;44.55;4.75;02/10/2026;17:00;21.1;0;SOLEIL;5;72.4;0
MONTÉLIMAR;44.55;4.75;02/10/2026;18:00;21.1;0;SOLEIL;5;68.8;0
MONTÉLIMAR;44.55;4.75;02/10/2026;19:00;21.1;0;SOLEIL;5;64.4;0
MONTÉLIMAR;44.55;4.75;02/10/2026;20:00;19.3;0;SOLEIL;5;60.8;0
MONTÉLIMAR;44.55;4.75;02/10/2026;21:00;18.4;0;SOLEIL;5;58.3;0
MONTÉLIMAR;44.55;4.75;02/10/2026;22:00;17.4;0;SOLEIL;5;56.2;0
MONTÉLIMAR;44.55;4.75;02/10/2026;23:00;17;0;SOLEIL;4;54.4;0
MONTÉLIMAR;44.55;4.75;03/10/2026;00:00;17;0;SOLEIL;4;52.6;0
MONTÉLIMAR;44.55;4.75;03/10/2026;01:00;17;0;SOLEIL;4;50.8;0
MONTÉLIMAR;44.55;4.75;03/10/2026;02:00;13.7;0;SOLEIL;5;48.6;0
MONTÉLIMAR;44.55;4.75;03/10/2026;03:00;13.7;0;SOLEIL;5;46.1;0
MONTÉLIMAR;44.55;4.75;03/10/2026;04:00;13.7;0;SOLEIL;5;43.6;0
MONTÉLIMAR;44.55;4.75;03/10/2026;05:00;14.5;0;SOLEIL;4;41.0;0
MONTÉLIMAR;44.55;4.75;03/10/2026;06:00;14.5;0;SOLEIL;4;39.2;0
MONTÉLIMAR;44.55;4.75;03/10/2026;07:00;14.5;0;SOLEIL;4;37.4;0
MONTÉLIMAR;44.55;4.75;03/10/2026;08:00;16.2;0;SOLEIL;5;36.0;0
MONTÉLIMAR;44.55;4.75;03/10/2026;09:00;17.5;0;SOLEIL;5;34.6;0
MONTÉLIMAR;44.55;4.75;03/10/2026;10:00;18.8;0;SOLEIL;5;33.1;0
MONTÉLIMAR;44.55;4.75;03/10/2026;11:00;24;0;SOLEIL;4;31.0;0
MONTÉLIMAR;44.55;4.75;03/10/2026;12:00;24;0;SOLEIL;4;29.2;0
MONTÉLIMAR;44.55;4.75;03/10/2026;13:00;24;0;SOLEIL;4;29.2;0
MONTÉLIMAR;44.55;4.75;03/10/2026;14:00;23.8;0;SOLEIL;5;31.3;0
MONTÉLIMAR;44.55;4.75;03/10/2026;15:00;25.1;0;SOLEIL;5;33.8;0
MONTÉLIMAR;44.55;4.75;03/10/2026;16:00;23.8;0;SOLEIL;5;32.4;0
MONTÉLIMAR;44.55;4.75;03/10/2026;17:00;21.7;0;SOLEIL;4;30.6;0
MONTÉLIMAR;44.55;4.75;03/10/2026;18:00;21.7;0;SOLEIL;4;28.4;0
MONTÉLIMAR;44.55;4.75;03/10/2026;19:00;21.7;0;SOLEIL;4;26.6;0
MONTÉLIMAR;44.55;4.75;03/10/2026;20:00;18.8;0;SOLEIL;5;25.2;0
MONTÉLIMAR;44.55;4.75;03/10/2026;21:00;17.5;0;SOLEIL;5;24.1;0
MONTÉLIMAR;44.55;4.75;03/10/2026;22:00;16.2;0;SOLEIL;5;23.0;0
MONTÉLIMAR;44.55;4.75;03/10/2026;23:00;16.1;0;SOLEIL;3;22.0;0
MONTÉLIMAR;44.55;4.75;04/10/2026;00:00;16.1;0;SOLEIL;3;21.2;0
MONTÉLIMAR;44.55;4.75;04/10/2026;01:00;16.1;0;SOLEIL;3;20.9;0
MONTÉLIMAR;44.55;4.75;04/10/2026;02:00;13.5;0;SOLEIL;5;20.5;0
MONTÉLIMAR;44.55;4.75;04/10/2026;03:00;13.5;0;SOLEIL;5;20.5;0
MONTÉLIMAR;44.55;4.75;04/10/2026;04:00;13.5;0;SOLEIL;5;20.5;0
MONTÉLIMAR;44.55;4.75;04/10/2026;05:00;14.6;0;SOLEIL;3;21.2;0
MONTÉLIMAR;44.55;4.75;04/10/2026;06:00;14.6;0;SOLEIL;3;21.6;0
MONTÉLIMAR;44.55;4.75;04/10/2026;07:00;14.6;0;SOLEIL;3;22.3;0
MONTÉLIMAR;44.55;4.75;04/10/2026;08:00;16.1;0;SOLEIL;5;23.0;0
MONTÉLIMAR;44.55;4.75;04/10/2026;09:00;17.3;0;SOLEIL;5;24.1;0
MONTÉLIMAR;44.55;4.75;04/10/2026;10:00;18.6;0;SOLEIL;5;25.6;0
MONTÉLIMAR;44.55;4.75;04/10/2026;11:00;24.1;0;SOLEIL;3;27.0;0
MONTÉLIMAR;44.55;4.75;04/10/2026;12:00;24.1;0;SOLEIL;3;28.4;0
MONTÉLIMAR;44.55;4.75;04/10/2026;13:00;24.1;0;SOLEIL;3;29.5;0
MONTÉLIMAR;44.55;4.75;04/10/2026;14:00;23.7;0;SOLEIL;5;29.9;0
MONTÉLIMAR;44.55;4.75;04/10/2026;15:00;25.0;0;SOLEIL;5;29.2;0
MONTÉLIMAR;44.55;4.75;04/10/2026;16:00;23.7;0;SOLEIL;5;28.1;0
MONTÉLIMAR;44.55;4.75;04/10/2026;17:00;20.6;0;SOLEIL;5;26.3;0
MONTÉLIMAR;44.55;4.75;04/10/2026;18:00;20.6;0;SOLEIL;5;24.5;0
MONTÉLIMAR;44.55;4.75;04/10/2026;19:00;20.6;0;SOLEIL;5;22.7;0
MONTÉLIMAR;44.55;4.75;04/10/2026;20:00;18.6;0;SOLEIL;5;21.2;0
MONTÉLIMAR;44.55;4.75;04/10/2026;21:00;17.3;0;SOLEIL;5;19.8;0
MONTÉLIMAR;44.55;4.75;04/10/2026;22:00;16.1;0;SOLEIL;5;18.7;0
MONTÉLIMAR;44.55;4.75;04/10/2026;23:00;16.2;0;SOLEIL;4;17.3;0
GAP;44.55;6.07;27/09/2026;00:00;15.4;0;SOLEIL;0;0.7;0
GAP;44.55;6.07;27/09/2026;01:00;14.5;0;SOLEIL;0;0.7;0
GAP;44.55;6.07;27/09/2026;02:00;14.4;0;SOLEIL;0;0.7;0
GAP;44.55;6.07;27/09/2026;03:00;13.5;0;SOLEIL;0;1.1;0
GAP;44.55;6.07;27/09/2026;04:00;13.6;0;SOLEIL;1;2.2;0
GAP;44.55;6.07;27/09/2026;05:00;12.8;0;SOLEIL;0;3.6;0
GAP;44.55;6.07;27/09/2026;06:00;13.5;0;SOLEIL;0;3.6;0
GAP;44.55;6.07;27/09/2026;07:00;15.7;0;SOLEIL;0;3.2;0
GAP;44.55;6.07;27/09/2026;08:00;18.1;0;SOLEIL;0;4.0;0
GAP;44.55;6.07;27/09/2026;09:00;20;0;SOLEIL;0;6.1;0
GAP;44.55;6.07;27/09/2026;10:00;22.4;0;SOLEIL;1;6.1;0
GAP;44.55;6.07;27/09/2026;11:00;25.6;0;SOLEIL;2;5.0;0
GAP;44.55;6.07;27/09/2026;12:00;26;0;SOLEIL;3;10.1;0
GAP;44.55;6.07;27/09/2026;13:00;26.2;0;SOLEIL;3;16.9;0
GAP;44.55;6.07;27/09/2026;14:00;26.3;0;SOLEIL;3;17.3;0
GAP;44.55;6.07;27/09/2026;15:00;26;0;SOLEIL;3;22.0;0
GAP;44.55;6.07;27/09/2026;16:00;24.7;0;SOLEIL;3;23.0;0
GAP;44.55;6.07;27/09/2026;17:00;22.4;0;SOLEIL;3;23.0;0
GAP;44.55;6.07;27/09/2026;18:00;20.1;0;SOLEIL;2;23.4;0
GAP;44.55;6.07;27/09/2026;19:00;18.5;0;SOLEIL;1;19.4;0
GAP;44.55;6.07;27/09/2026;20:00;17.7;0;SOLEIL;1;6.8;0
GAP;44.55;6.07;27/09/2026;21:00;17.1;0;SOLEIL;1;3.2;0
GAP;44.55;6.07;27/09/2026;22:00;16.5;0;SOLEIL;0;2.2;0
GAP;44.55;6.07;27/09/2026;23:00;15.6;0;SOLEIL;0;2.9;0
GAP;44.55;6.07;28/09/2026;00:00;15.2;0;SOLEIL;1;2.5;0
GAP;44.55;6.07;28/09/2026;01:00;15.2;0;SOLEIL;1;1.4;0
GAP;44.55;6.07;28/09/2026;02:00;13.5;0;SOLEIL;1;1.4;0
GAP;44.55;6.07;28/09/2026;03:00;13.5;0;SOLEIL;1;5.1;0
GAP;44.55;6.07;28/09/2026;04:00;13.5;0;SOLEIL;1;5.9;0
GAP;44.55;6.07;28/09/2026;05:00;14.1;0;SOLEIL;1;8.0;0
GAP;44.55;6.07;28/09/2026;06:00;14.1;0;SOLEIL;1;9.0;0
GAP;44.55;6.07;28/09/2026;07:00;14.1;0;SOLEIL;1;8.6;0
GAP;44.55;6.07;28/09/2026;08:00;20.1;0;SOLEIL;0;8.6;0
GAP;44.55;6.07;28/09/2026;09:00;20.1;0;SOLEIL;0;7.6;0
GAP;44.55;6.07;28/09/2026;10:00;20.1;0;SOLEIL;0;7.2;0
GAP;44.55;6.07;28/09/2026;11:00;25.1;5;SOLEIL VOILÉ;2;7.6;0
GAP;44.55;6.07;28/09/2026;12:00;25.1;5;SOLEIL VOILÉ;2;9.0;0
GAP;44.55;6.07;28/09/2026;13:00;25.1;5;SOLEIL VOILÉ;2;12.6;0
GAP;44.55;6.07;28/09/2026;14:00;25.1;5;SOLEIL VOILÉ;2;16.2;0
GAP;44.55;6.07;28/09/2026;15:00;25.1;5;SOLEIL VOILÉ;2;17.3;0
GAP;44.55;6.07;28/09/2026;16:00;25.1;5;SOLEIL VOILÉ;2;16.6;0
GAP;44.55;6.07;28/09/2026;17:00;20.1;5;SOLEIL VOILÉ;2;16.2;0
GAP;44.55;6.07;28/09/2026;18:00;20.1;5;SOLEIL VOILÉ;2;13.7;0
GAP;44.55;6.07;28/09/2026;19:00;20.1;5;SOLEIL VOILÉ;2;8.6;0
GAP;44.55;6.07;28/09/2026;20:00;17;5;SOLEIL VOILÉ;1;2.5;0
GAP;44.55;6.07;28/09/2026;21:00;17;5;SOLEIL VOILÉ;1;2.2;0
GAP;44.55;6.07;28/09/2026;22:00;17;5;SOLEIL VOILÉ;1;3.6;0
GAP;44.55;6.07;28/09/2026;23:00;15.4;5;SOLEIL VOILÉ;1;8.3;0
GAP;44.55;6.07;29/09/2026;00:00;15.4;5;SOLEIL VOILÉ;1;10.4;0
GAP;44.55;6.07;29/09/2026;01:00;15.4;5;SOLEIL VOILÉ;1;10.1;0
GAP;44.55;6.07;29/09/2026;02:00;14.1;5;SOLEIL VOILÉ;1;10.1;0
GAP;44.55;6.07;29/09/2026;03:00;14.1;5;SOLEIL VOILÉ;1;9.7;0
GAP;44.55;6.07;29/09/2026;04:00;14.1;5;SOLEIL VOILÉ;1;9.7;0
GAP;44.55;6.07;29/09/2026;05:00;14.4;5;SOLEIL VOILÉ;1;9.0;0
GAP;44.55;6.07;29/09/2026;06:00;14.4;5;SOLEIL VOILÉ;1;9.0;0
GAP;44.55;6.07;29/09/2026;07:00;14.4;5;SOLEIL VOILÉ;1;9.0;0
GAP;44.55;6.07;29/09/2026;08:00;19.4;5;SOLEIL VOILÉ;0;8.6;0
GAP;44.55;6.07;29/09/2026;09:00;19.4;5;SOLEIL VOILÉ;0;7.2;0
GAP;44.55;6.07;29/09/2026;10:00;19.4;5;SOLEIL VOILÉ;0;5.4;0
GAP;44.55;6.07;29/09/2026;11:00;23.7;5;SOLEIL VOILÉ;2;5.0;0
GAP;44.55;6.07;29/09/2026;12:00;23.7;5;SOLEIL VOILÉ;2;7.2;0
GAP;44.55;6.07;29/09/2026;13:00;23.7;5;SOLEIL VOILÉ;2;10.4;0
GAP;44.55;6.07;29/09/2026;14:00;24.1;5;SOLEIL VOILÉ;3;13.0;0
GAP;44.55;6.07;29/09/2026;15:00;24.1;5;SOLEIL VOILÉ;3;14.4;0
GAP;44.55;6.07;29/09/2026;16:00;24.1;5;SOLEIL VOILÉ;3;15.5;0
GAP;44.55;6.07;29/09/2026;17:00;19.6;0;SOLEIL;1;15.5;0
GAP;44.55;6.07;29/09/2026;18:00;19.6;0;SOLEIL;1;14.4;0
GAP;44.55;6.07;29/09/2026;19:00;19.6;0;SOLEIL;1;12.6;0
GAP;44.55;6.07;29/09/2026;20:00;18.8;5;SOLEIL VOILÉ;5;10.4;0
GAP;44.55;6.07;29/09/2026;21:00;17.4;5;SOLEIL VOILÉ;5;7.9;0
GAP;44.55;6.07;29/09/2026;22:00;16.1;5;SOLEIL VOILÉ;5;5.0;0
GAP;44.55;6.07;29/09/2026;23:00;16.1;0;SOLEIL;0;3.6;0
GAP;44.55;6.07;30/09/2026;00:00;16.1;0;SOLEIL;0;4.3;0
GAP;44.55;6.07;30/09/2026;01:00;16.1;0;SOLEIL;0;6.5;0
GAP;44.55;6.07;30/09/2026;02:00;12.9;2;NUAGEUX;5;7.9;0
GAP;44.55;6.07;30/09/2026;03:00;12.9;2;NUAGEUX;5;7.9;0
GAP;44.55;6.07;30/09/2026;04:00;12.9;2;NUAGEUX;5;7.6;0
GAP;44.55;6.07;30/09/2026;05:00;14;0;SOLEIL;1;7.6;0
GAP;44.55;6.07;30/09/2026;06:00;14;0;SOLEIL;1;8.3;0
GAP;44.55;6.07;30/09/2026;07:00;14;0;SOLEIL;1;9.4;0
GAP;44.55;6.07;30/09/2026;08:00;16.0;2;NUAGEUX;5;9.7;0
GAP;44.55;6.07;30/09/2026;09:00;17.5;2;NUAGEUX;5;9.4;0
GAP;44.55;6.07;30/09/2026;10:00;19.0;2;NUAGEUX;5;8.6;0
GAP;44.55;6.07;30/09/2026;11:00;25.9;0;SOLEIL;2;7.9;0
GAP;44.55;6.07;30/09/2026;12:00;25.9;0;SOLEIL;2;7.9;0
GAP;44.55;6.07;30/09/2026;13:00;25.9;0;SOLEIL;2;8.3;0
GAP;44.55;6.07;30/09/2026;14:00;25.2;2;NUAGEUX;5;8.3;0
GAP;44.55;6.07;30/09/2026;15:00;26.7;2;NUAGEUX;5;7.6;0
GAP;44.55;6.07;30/09/2026;16:00;25.2;2;NUAGEUX;5;6.8;0
GAP;44.55;6.07;30/09/2026;17:00;20.2;2;NUAGEUX;0;5.8;0
GAP;44.55;6.07;30/09/2026;18:00;20.2;2;NUAGEUX;0;4.7;0
GAP;44.55;6.07;30/09/2026;19:00;20.2;2;NUAGEUX;0;3.6;0
GAP;44.55;6.07;30/09/2026;20:00;19.0;2;NUAGEUX;5;3.2;0
GAP;44.55;6.07;30/09/2026;21:00;17.5;2;NUAGEUX;5;4.0;0
GAP;44.55;6.07;30/09/2026;22:00;16.0;2;NUAGEUX;5;5.0;0
GAP;44.55;6.07;30/09/2026;23:00;16.2;2;NUAGEUX;1;6.1;0
GAP;44.55;6.07;01/10/2026;00:00;16.2;2;NUAGEUX;1;6.0;0
GAP;44.55;6.07;01/10/2026;01:00;16.2;2;NUAGEUX;1;5.2;0
GAP;44.55;6.07;01/10/2026;02:00;13.1;7;PLUIE FAIBLE;5;4.5;0
GAP;44.55;6.07;01/10/2026;03:00;13.1;7;PLUIE FAIBLE;5;3.6;0
GAP;44.55;6.07;01/10/2026;04:00;13.1;7;PLUIE FAIBLE;5;2.9;0
GAP;44.55;6.07;01/10/2026;05:00;14.6;2;NUAGEUX;1;2.9;0
GAP;44.55;6.07;01/10/2026;06:00;14.6;2;NUAGEUX;1;3.6;0
GAP;44.55;6.07;01/10/2026;07:00;14.6;2;NUAGEUX;1;4.7;0
GAP;44.55;6.07;01/10/2026;08:00;15.0;7;PLUIE FAIBLE;5;5.4;0
GAP;44.55;6.07;01/10/2026;09:00;16.0;7;PLUIE FAIBLE;5;5.0;0
GAP;44.55;6.07;01/10/2026;10:00;16.9;7;PLUIE FAIBLE;5;4.3;0
GAP;44.55;6.07;01/10/2026;11:00;21.2;2;NUAGEUX;2;4.0;0
GAP;44.55;6.07;01/10/2026;12:00;21.2;2;NUAGEUX;2;4.3;0
GAP;44.55;6.07;01/10/2026;13:00;21.2;2;NUAGEUX;2;5.0;0
GAP;44.55;6.07;01/10/2026;14:00;20.7;7;PLUIE FAIBLE;5;5.8;0
GAP;44.55;6.07;01/10/2026;15:00;21.7;7;PLUIE FAIBLE;5;5.8;0
GAP;44.55;6.07;01/10/2026;16:00;20.7;7;PLUIE FAIBLE;5;5.8;0
GAP;44.55;6.07;01/10/2026;17:00;17.1;7;PLUIE FAIBLE;0;6.1;0
GAP;44.55;6.07;01/10/2026;18:00;17.1;7;PLUIE FAIBLE;0;7.6;0
GAP;44.55;6.07;01/10/2026;19:00;17.1;7;PLUIE FAIBLE;0;9.7;0
GAP;44.55;6.07;01/10/2026;20:00;16.9;7;PLUIE FAIBLE;5;10.4;0
GAP;44.55;6.07;01/10/2026;21:00;16.0;7;PLUIE FAIBLE;5;9.0;0
GAP;44.55;6.07;01/10/2026;22:00;15.0;7;PLUIE FAIBLE;5;6.1;0
GAP;44.55;6.07;01/10/2026;23:00;16;7;PLUIE FAIBLE;1;4.0;0
GAP;44.55;6.07;02/10/2026;00:00;16;7;PLUIE FAIBLE;1;3.2;0
GAP;44.55;6.07;02/10/2026;01:00;16;7;PLUIE FAIBLE;1;3.2;0
GAP;44.55;6.07;02/10/2026;02:00;13.1;6;AVERSES;5;3.2;0
GAP;44.55;6.07;02/10/2026;03:00;13.1;6;AVERSES;5;3.6;0
GAP;44.55;6.07;02/10/2026;04:00;13.1;6;AVERSES;5;4.3;0
GAP;44.55;6.07;02/10/2026;05:00;14.1;6;AVERSES;1;4.7;0
GAP;44.55;6.07;02/10/2026;06:00;14.1;6;AVERSES;1;5.0;0
GAP;44.55;6.07;02/10/2026;07:00;14.1;6;AVERSES;1;5.0;0
GAP;44.55;6.07;02/10/2026;08:00;15.5;6;AVERSES;5;5.8;0
GAP;44.55;6.07;02/10/2026;09:00;16.6;6;AVERSES;5;7.6;0
GAP;44.55;6.07;02/10/2026;10:00;17.8;6;AVERSES;5;9.4;0
GAP;44.55;6.07;02/10/2026;11:00;23.2;6;AVERSES;2;11.5;0
GAP;44.55;6.07;02/10/2026;12:00;23.2;6;AVERSES;2;13.3;0
GAP;44.55;6.07;02/10/2026;13:00;23.2;6;AVERSES;2;14.8;0
GAP;44.55;6.07;02/10/2026;14:00;22.5;6;AVERSES;5;15.8;0
GAP;44.55;6.07;02/10/2026;15:00;23.7;6;AVERSES;5;16.9;0
GAP;44.55;6.07;02/10/2026;16:00;22.5;6;AVERSES;5;18.0;0
GAP;44.55;6.07;02/10/2026;17:00;18;6;AVERSES;0;18.0;0
GAP;44.55;6.07;02/10/2026;18:00;18;6;AVERSES;0;15.8;0
GAP;44.55;6.07;02/10/2026;19:00;18;6;AVERSES;0;12.6;0
GAP;44.55;6.07;02/10/2026;20:00;17.8;6;AVERSES;5;10.1;0
GAP;44.55;6.07;02/10/2026;21:00;16.6;6;AVERSES;5;9.0;0
GAP;44.55;6.07;02/10/2026;22:00;15.5;6;AVERSES;5;8.3;0
GAP;44.55;6.07;02/10/2026;23:00;15.1;6;AVERSES;1;7.9;0
GAP;44.55;6.07;03/10/2026;00:00;15.1;6;AVERSES;1;7.2;0
GAP;44.55;6.07;03/10/2026;01:00;15.1;6;AVERSES;1;6.1;0
GAP;44.55;6.07;03/10/2026;02:00;12.1;7;PLUIE FAIBLE;5;5.4;0
GAP;44.55;6.07;03/10/2026;03:00;12.1;7;PLUIE FAIBLE;5;4.7;0
GAP;44.55;6.07;03/10/2026;04:00;12.1;7;PLUIE FAIBLE;5;4.3;0
GAP;44.55;6.07;03/10/2026;05:00;13.2;6;AVERSES;1;4.3;0
GAP;44.55;6.07;03/10/2026;06:00;13.2;6;AVERSES;1;4.7;0
GAP;44.55;6.07;03/10/2026;07:00;13.2;6;AVERSES;1;5.4;0
GAP;44.55;6.07;03/10/2026;08:00;14.6;7;PLUIE FAIBLE;5;5.8;0
GAP;44.55;6.07;03/10/2026;09:00;15.9;7;PLUIE FAIBLE;5;5.0;0
GAP;44.55;6.07;03/10/2026;10:00;17.2;7;PLUIE FAIBLE;5;4.3;0
GAP;44.55;6.07;03/10/2026;11:00;22.7;6;AVERSES;2;5.0;0
GAP;44.55;6.07;03/10/2026;12:00;22.7;6;AVERSES;2;10.6;0
GAP;44.55;6.07;03/10/2026;13:00;22.7;6;AVERSES;2;15.7;0
GAP;44.55;6.07;03/10/2026;14:00;22.2;7;PLUIE FAIBLE;5;17.6;0
GAP;44.55;6.07;03/10/2026;15:00;23.5;7;PLUIE FAIBLE;5;18.0;0
GAP;44.55;6.07;03/10/2026;16:00;22.2;7;PLUIE FAIBLE;5;18.7;0
GAP;44.55;6.07;03/10/2026;17:00;18;7;PLUIE FAIBLE;0;19.4;0
GAP;44.55;6.07;03/10/2026;18:00;18;7;PLUIE FAIBLE;0;19.8;0
GAP;44.55;6.07;03/10/2026;19:00;18;7;PLUIE FAIBLE;0;19.8;0
GAP;44.55;6.07;03/10/2026;20:00;17.2;7;PLUIE FAIBLE;5;19.4;0
GAP;44.55;6.07;03/10/2026;21:00;15.9;7;PLUIE FAIBLE;5;18.0;0
GAP;44.55;6.07;03/10/2026;22:00;14.6;7;PLUIE FAIBLE;5;16.2;0
GAP;44.55;6.07;03/10/2026;23:00;14.5;7;PLUIE FAIBLE;0;13.7;0
GAP;44.55;6.07;04/10/2026;00:00;14.5;7;PLUIE FAIBLE;0;11.2;0
GAP;44.55;6.07;04/10/2026;01:00;14.5;7;PLUIE FAIBLE;0;9.0;0
GAP;44.55;6.07;04/10/2026;02:00;11.2;0;SOLEIL;5;7.6;0
GAP;44.55;6.07;04/10/2026;03:00;11.2;0;SOLEIL;5;7.2;0
GAP;44.55;6.07;04/10/2026;04:00;11.2;0;SOLEIL;5;6.8;0
GAP;44.55;6.07;04/10/2026;05:00;12.6;0;SOLEIL;1;7.2;0
GAP;44.55;6.07;04/10/2026;06:00;12.6;0;SOLEIL;1;7.9;0
GAP;44.55;6.07;04/10/2026;07:00;12.6;0;SOLEIL;1;8.6;0
GAP;44.55;6.07;04/10/2026;08:00;13.8;0;SOLEIL;5;9.7;0
GAP;44.55;6.07;04/10/2026;09:00;15.1;0;SOLEIL;5;10.8;0
GAP;44.55;6.07;04/10/2026;10:00;16.4;0;SOLEIL;5;12.6;0
GAP;44.55;6.07;04/10/2026;11:00;22.1;0;SOLEIL;2;14.4;0
GAP;44.55;6.07;04/10/2026;12:00;22.1;0;SOLEIL;2;16.2;0
GAP;44.55;6.07;04/10/2026;13:00;22.1;0;SOLEIL;2;17.6;0
GAP;44.55;6.07;04/10/2026;14:00;21.6;0;SOLEIL;5;18.7;0
GAP;44.55;6.07;04/10/2026;15:00;22.9;0;SOLEIL;5;19.4;0
GAP;44.55;6.07;04/10/2026;16:00;21.6;0;SOLEIL;5;19.8;0
GAP;44.55;6.07;04/10/2026;17:00;17;7;PLUIE FAIBLE;0;20.2;0
GAP;44.55;6.07;04/10/2026;18:00;17;7;PLUIE FAIBLE;0;20.2;0
GAP;44.55;6.07;04/10/2026;19:00;17;7;PLUIE FAIBLE;0;19.8;0
GAP;44.55;6.07;04/10/2026;20:00;16.4;0;SOLEIL;5;19.1;0
GAP;44.55;6.07;04/10/2026;21:00;15.1;0;SOLEIL;5;18.0;0
GAP;44.55;6.07;04/10/2026;22:00;13.8;0;SOLEIL;5;16.2;0
GAP;44.55;6.07;04/10/2026;23:00;13.1;0;SOLEIL;1;14.0;0
PERPIGNAN;42.69;2.89;27/09/2026;00:00;21.1;0;SOLEIL;2;13.3;0
PERPIGNAN;42.69;2.89;27/09/2026;01:00;20.8;0;SOLEIL;2;14.4;0
PERPIGNAN;42.69;2.89;27/09/2026;02:00;20.9;0;SOLEIL;2;13.0;0
PERPIGNAN;42.69;2.89;27/09/2026;03:00;19.6;0;SOLEIL;1;15.5;0
PERPIGNAN;42.69;2.89;27/09/2026;04:00;19.1;0;SOLEIL;1;13.0;0
PERPIGNAN;42.69;2.89;27/09/2026;05:00;19;5;SOLEIL VOILÉ;1;7.9;0
PERPIGNAN;42.69;2.89;27/09/2026;06:00;18.6;5;SOLEIL VOILÉ;1;6.5;0
PERPIGNAN;42.69;2.89;27/09/2026;07:00;20.8;5;SOLEIL VOILÉ;1;6.1;0
PERPIGNAN;42.69;2.89;27/09/2026;08:00;22.5;0;SOLEIL;1;6.5;0
PERPIGNAN;42.69;2.89;27/09/2026;09:00;23.6;0;SOLEIL;3;5.4;0
PERPIGNAN;42.69;2.89;27/09/2026;10:00;25.6;0;SOLEIL;5;8.6;0
PERPIGNAN;42.69;2.89;27/09/2026;11:00;25.9;0;SOLEIL;6;21.2;0
PERPIGNAN;42.69;2.89;27/09/2026;12:00;25.6;0;SOLEIL;6;38.2;0
PERPIGNAN;42.69;2.89;27/09/2026;13:00;25.3;0;SOLEIL;7;47.2;0
PERPIGNAN;42.69;2.89;27/09/2026;14:00;25.1;0;SOLEIL;7;47.2;0
PERPIGNAN;42.69;2.89;27/09/2026;15:00;24.6;0;SOLEIL;7;49.3;0
PERPIGNAN;42.69;2.89;27/09/2026;16:00;24.1;5;SOLEIL VOILÉ;7;50.0;0
PERPIGNAN;42.69;2.89;27/09/2026;17:00;23.5;5;SOLEIL VOILÉ;6;50.0;0
PERPIGNAN;42.69;2.89;27/09/2026;18:00;22.9;5;SOLEIL VOILÉ;5;48.6;0
PERPIGNAN;42.69;2.89;27/09/2026;19:00;22.9;5;SOLEIL VOILÉ;5;47.9;0
PERPIGNAN;42.69;2.89;27/09/2026;20:00;23.4;5;SOLEIL VOILÉ;4;41.0;0
PERPIGNAN;42.69;2.89;27/09/2026;21:00;23.5;5;SOLEIL VOILÉ;3;31.3;0
PERPIGNAN;42.69;2.89;27/09/2026;22:00;23.2;5;SOLEIL VOILÉ;3;22.7;0
PERPIGNAN;42.69;2.89;27/09/2026;23:00;23.1;5;SOLEIL VOILÉ;3;15.1;0
PERPIGNAN;42.69;2.89;28/09/2026;00:00;22.7;5;SOLEIL VOILÉ;4;9.4;0
PERPIGNAN;42.69;2.89;28/09/2026;01:00;22.7;5;SOLEIL VOILÉ;4;10.1;0
PERPIGNAN;42.69;2.89;28/09/2026;02:00;21.6;5;SOLEIL VOILÉ;5;19.1;0
PERPIGNAN;42.69;2.89;28/09/2026;03:00;21.6;5;SOLEIL VOILÉ;5;26.6;0
PERPIGNAN;42.69;2.89;28/09/2026;04:00;21.6;5;SOLEIL VOILÉ;5;28.1;0
PERPIGNAN;42.69;2.89;28/09/2026;05:00;21.1;5;SOLEIL VOILÉ;6;30.8;0
PERPIGNAN;42.69;2.89;28/09/2026;06:00;21.1;5;SOLEIL VOILÉ;6;33.1;0
PERPIGNAN;42.69;2.89;28/09/2026;07:00;21.1;5;SOLEIL VOILÉ;6;34.2;0
PERPIGNAN;42.69;2.89;28/09/2026;08:00;24.4;5;SOLEIL VOILÉ;7;34.6;0
PERPIGNAN;42.69;2.89;28/09/2026;09:00;24.4;5;SOLEIL VOILÉ;7;31.7;0
PERPIGNAN;42.69;2.89;28/09/2026;10:00;24.4;5;SOLEIL VOILÉ;7;33.1;0
PERPIGNAN;42.69;2.89;28/09/2026;11:00;26.1;5;SOLEIL VOILÉ;8;37.4;0
PERPIGNAN;42.69;2.89;28/09/2026;12:00;26.1;5;SOLEIL VOILÉ;8;41.8;0
PERPIGNAN;42.69;2.89;28/09/2026;13:00;26.1;5;SOLEIL VOILÉ;8;47.2;0
PERPIGNAN;42.69;2.89;28/09/2026;14:00;25.2;5;SOLEIL VOILÉ;8;51.1;0
PERPIGNAN;42.69;2.89;28/09/2026;15:00;25.2;5;SOLEIL VOILÉ;8;54.4;0
PERPIGNAN;42.69;2.89;28/09/2026;16:00;25.2;5;SOLEIL VOILÉ;8;55.1;0
PERPIGNAN;42.69;2.89;28/09/2026;17:00;23.9;5;SOLEIL VOILÉ;6;55.1;0
PERPIGNAN;42.69;2.89;28/09/2026;18:00;23.9;5;SOLEIL VOILÉ;6;52.6;0
PERPIGNAN;42.69;2.89;28/09/2026;19:00;23.9;5;SOLEIL VOILÉ;6;46.4;0
PERPIGNAN;42.69;2.89;28/09/2026;20:00;22.7;5;SOLEIL VOILÉ;5;40.0;0
PERPIGNAN;42.69;2.89;28/09/2026;21:00;22.7;5;SOLEIL VOILÉ;5;36.7;0
PERPIGNAN;42.69;2.89;28/09/2026;22:00;22.7;5;SOLEIL VOILÉ;5;34.9;0
PERPIGNAN;42.69;2.89;28/09/2026;23:00;22.6;5;SOLEIL VOILÉ;5;33.5;0
PERPIGNAN;42.69;2.89;29/09/2026;00:00;22.6;5;SOLEIL VOILÉ;5;32.0;0
PERPIGNAN;42.69;2.89;29/09/2026;01:00;22.6;5;SOLEIL VOILÉ;5;30.2;0
PERPIGNAN;42.69;2.89;29/09/2026;02:00;21.5;5;SOLEIL VOILÉ;6;28.4;0
PERPIGNAN;42.69;2.89;29/09/2026;03:00;21.5;5;SOLEIL VOILÉ;6;27.0;0
PERPIGNAN;42.69;2.89;29/09/2026;04:00;21.5;5;SOLEIL VOILÉ;6;25.2;0
PERPIGNAN;42.69;2.89;29/09/2026;05:00;20.6;5;SOLEIL VOILÉ;6;23.8;0
PERPIGNAN;42.69;2.89;29/09/2026;06:00;20.6;5;SOLEIL VOILÉ;6;24.5;0
PERPIGNAN;42.69;2.89;29/09/2026;07:00;20.6;5;SOLEIL VOILÉ;6;24.1;0
PERPIGNAN;42.69;2.89;29/09/2026;08:00;24.2;0;SOLEIL;6;19.4;0
PERPIGNAN;42.69;2.89;29/09/2026;09:00;24.2;0;SOLEIL;6;19.1;0
PERPIGNAN;42.69;2.89;29/09/2026;10:00;24.2;0;SOLEIL;6;31.0;0
PERPIGNAN;42.69;2.89;29/09/2026;11:00;26;0;SOLEIL;8;32.4;0
PERPIGNAN;42.69;2.89;29/09/2026;12:00;26;0;SOLEIL;8;29.9;0
PERPIGNAN;42.69;2.89;29/09/2026;13:00;26;0;SOLEIL;8;30.6;0
PERPIGNAN;42.69;2.89;29/09/2026;14:00;25.1;0;SOLEIL;8;32.8;0
PERPIGNAN;42.69;2.89;29/09/2026;15:00;25.1;0;SOLEIL;8;34.2;0
PERPIGNAN;42.69;2.89;29/09/2026;16:00;25.1;0;SOLEIL;8;34.6;0
PERPIGNAN;42.69;2.89;29/09/2026;17:00;22.6;0;SOLEIL;6;31.3;0
PERPIGNAN;42.69;2.89;29/09/2026;18:00;22.6;0;SOLEIL;6;28.1;0
PERPIGNAN;42.69;2.89;29/09/2026;19:00;22.6;0;SOLEIL;6;29.5;0
PERPIGNAN;42.69;2.89;29/09/2026;20:00;23.2;0;SOLEIL;5;27.4;0
PERPIGNAN;42.69;2.89;29/09/2026;21:00;22.4;0;SOLEIL;5;29.2;0
PERPIGNAN;42.69;2.89;29/09/2026;22:00;21.6;0;SOLEIL;5;36.4;0
PERPIGNAN;42.69;2.89;29/09/2026;23:00;20.5;0;SOLEIL;6;36.7;0
PERPIGNAN;42.69;2.89;30/09/2026;00:00;20.5;0;SOLEIL;6;32.0;0
PERPIGNAN;42.69;2.89;30/09/2026;01:00;20.5;0;SOLEIL;6;16.6;0
PERPIGNAN;42.69;2.89;30/09/2026;02:00;20.7;7;PLUIE FAIBLE;5;0.7;0
PERPIGNAN;42.69;2.89;30/09/2026;03:00;20.7;7;PLUIE FAIBLE;5;6.5;0
PERPIGNAN;42.69;2.89;30/09/2026;04:00;20.7;7;PLUIE FAIBLE;5;6.8;0
PERPIGNAN;42.69;2.89;30/09/2026;05:00;22;2;NUAGEUX;6;6.8;0
PERPIGNAN;42.69;2.89;30/09/2026;06:00;22;2;NUAGEUX;6;11.9;0
PERPIGNAN;42.69;2.89;30/09/2026;07:00;22;2;NUAGEUX;6;18.9;0
PERPIGNAN;42.69;2.89;30/09/2026;08:00;21.8;7;PLUIE FAIBLE;5;24.8;0
PERPIGNAN;42.69;2.89;30/09/2026;09:00;22.3;7;PLUIE FAIBLE;5;26.3;0
PERPIGNAN;42.69;2.89;30/09/2026;10:00;22.9;7;PLUIE FAIBLE;5;18.7;0
PERPIGNAN;42.69;2.89;30/09/2026;11:00;24.9;7;PLUIE FAIBLE;8;14.4;0
PERPIGNAN;42.69;2.89;30/09/2026;12:00;24.9;7;PLUIE FAIBLE;8;15.8;0
PERPIGNAN;42.69;2.89;30/09/2026;13:00;24.9;7;PLUIE FAIBLE;8;20.5;0
PERPIGNAN;42.69;2.89;30/09/2026;14:00;25.1;7;PLUIE FAIBLE;5;24.1;0
PERPIGNAN;42.69;2.89;30/09/2026;15:00;25.6;7;PLUIE FAIBLE;5;25.9;0
PERPIGNAN;42.69;2.89;30/09/2026;16:00;25.1;7;PLUIE FAIBLE;5;26.6;0
PERPIGNAN;42.69;2.89;30/09/2026;17:00;23.1;2;NUAGEUX;6;27.4;0
PERPIGNAN;42.69;2.89;30/09/2026;18:00;23.1;2;NUAGEUX;6;28.1;0
PERPIGNAN;42.69;2.89;30/09/2026;19:00;23.1;2;NUAGEUX;6;28.8;0
PERPIGNAN;42.69;2.89;30/09/2026;20:00;22.9;7;PLUIE FAIBLE;5;28.1;0
PERPIGNAN;42.69;2.89;30/09/2026;21:00;22.3;7;PLUIE FAIBLE;5;24.8;0
PERPIGNAN;42.69;2.89;30/09/2026;22:00;21.8;7;PLUIE FAIBLE;5;20.5;0
PERPIGNAN;42.69;2.89;30/09/2026;23:00;21.6;7;PLUIE FAIBLE;5;17.6;0
PERPIGNAN;42.69;2.89;01/10/2026;00:00;21.6;7;PLUIE FAIBLE;5;17.6;0
PERPIGNAN;42.69;2.89;01/10/2026;01:00;21.6;7;PLUIE FAIBLE;5;19.4;0
PERPIGNAN;42.69;2.89;01/10/2026;02:00;19.4;6;AVERSES;5;21.6;0
PERPIGNAN;42.69;2.89;01/10/2026;03:00;19.4;6;AVERSES;5;24.1;0
PERPIGNAN;42.69;2.89;01/10/2026;04:00;19.4;6;AVERSES;5;27.4;0
PERPIGNAN;42.69;2.89;01/10/2026;05:00;20.4;6;AVERSES;5;29.2;0
PERPIGNAN;42.69;2.89;01/10/2026;06:00;20.4;6;AVERSES;5;29.2;0
PERPIGNAN;42.69;2.89;01/10/2026;07:00;20.4;6;AVERSES;5;27.7;0
PERPIGNAN;42.69;2.89;01/10/2026;08:00;20.7;6;AVERSES;5;26.3;0
PERPIGNAN;42.69;2.89;01/10/2026;09:00;21.3;6;AVERSES;5;23.8;0
PERPIGNAN;42.69;2.89;01/10/2026;10:00;21.9;6;AVERSES;5;21.2;0
PERPIGNAN;42.69;2.89;01/10/2026;11:00;24.6;7;PLUIE FAIBLE;6;20.5;0
PERPIGNAN;42.69;2.89;01/10/2026;12:00;24.6;7;PLUIE FAIBLE;6;23.8;0
PERPIGNAN;42.69;2.89;01/10/2026;13:00;24.6;7;PLUIE FAIBLE;6;28.4;0
PERPIGNAN;42.69;2.89;01/10/2026;14:00;24.5;6;AVERSES;5;32.4;0
PERPIGNAN;42.69;2.89;01/10/2026;15:00;25.1;6;AVERSES;5;33.5;0
PERPIGNAN;42.69;2.89;01/10/2026;16:00;24.5;6;AVERSES;5;33.5;0
PERPIGNAN;42.69;2.89;01/10/2026;17:00;22;6;AVERSES;5;33.1;0
PERPIGNAN;42.69;2.89;01/10/2026;18:00;22;6;AVERSES;5;33.1;0
PERPIGNAN;42.69;2.89;01/10/2026;19:00;22;6;AVERSES;5;32.8;0
PERPIGNAN;42.69;2.89;01/10/2026;20:00;21.9;6;AVERSES;5;32.8;0
PERPIGNAN;42.69;2.89;01/10/2026;21:00;21.3;6;AVERSES;5;32.0;0
PERPIGNAN;42.69;2.89;01/10/2026;22:00;20.7;6;AVERSES;5;31.0;0
PERPIGNAN;42.69;2.89;01/10/2026;23:00;20.2;2;NUAGEUX;5;29.9;0
PERPIGNAN;42.69;2.89;02/10/2026;00:00;20.2;2;NUAGEUX;5;28.4;0
PERPIGNAN;42.69;2.89;02/10/2026;01:00;20.2;2;NUAGEUX;5;27.0;0
PERPIGNAN;42.69;2.89;02/10/2026;02:00;18.1;0;SOLEIL;5;25.6;0
PERPIGNAN;42.69;2.89;02/10/2026;03:00;18.1;0;SOLEIL;5;23.4;0
PERPIGNAN;42.69;2.89;02/10/2026;04:00;18.1;0;SOLEIL;5;20.9;0
PERPIGNAN;42.69;2.89;02/10/2026;05:00;19.1;0;SOLEIL;4;18.4;0
PERPIGNAN;42.69;2.89;02/10/2026;06:00;19.1;0;SOLEIL;4;15.8;0
PERPIGNAN;42.69;2.89;02/10/2026;07:00;19.1;0;SOLEIL;4;14.0;0
PERPIGNAN;42.69;2.89;02/10/2026;08:00;19.7;0;SOLEIL;5;13.3;0
PERPIGNAN;42.69;2.89;02/10/2026;09:00;20.4;0;SOLEIL;5;13.7;0
PERPIGNAN;42.69;2.89;02/10/2026;10:00;21.2;0;SOLEIL;5;15.5;0
PERPIGNAN;42.69;2.89;02/10/2026;11:00;24.6;0;SOLEIL;3;17.6;0
PERPIGNAN;42.69;2.89;02/10/2026;12:00;24.6;0;SOLEIL;3;20.2;0
PERPIGNAN;42.69;2.89;02/10/2026;13:00;24.6;0;SOLEIL;3;22.3;0
PERPIGNAN;42.69;2.89;02/10/2026;14:00;24.3;0;SOLEIL;5;23.8;0
PERPIGNAN;42.69;2.89;02/10/2026;15:00;25.1;0;SOLEIL;5;24.8;0
PERPIGNAN;42.69;2.89;02/10/2026;16:00;24.3;0;SOLEIL;5;25.9;0
PERPIGNAN;42.69;2.89;02/10/2026;17:00;21.6;0;SOLEIL;5;26.6;0
PERPIGNAN;42.69;2.89;02/10/2026;18:00;21.6;0;SOLEIL;5;27.0;0
PERPIGNAN;42.69;2.89;02/10/2026;19:00;21.6;0;SOLEIL;5;26.6;0
PERPIGNAN;42.69;2.89;02/10/2026;20:00;21.2;0;SOLEIL;5;25.6;0
PERPIGNAN;42.69;2.89;02/10/2026;21:00;20.4;0;SOLEIL;5;23.0;0
PERPIGNAN;42.69;2.89;02/10/2026;22:00;19.7;0;SOLEIL;5;18.7;0
PERPIGNAN;42.69;2.89;02/10/2026;23:00;19.5;0;SOLEIL;3;14.0;0
PERPIGNAN;42.69;2.89;03/10/2026;00:00;19.5;0;SOLEIL;3;9.7;0
PERPIGNAN;42.69;2.89;03/10/2026;01:00;19.5;0;SOLEIL;3;5.8;0
PERPIGNAN;42.69;2.89;03/10/2026;02:00;17.2;2;NUAGEUX;5;4.0;0
PERPIGNAN;42.69;2.89;03/10/2026;03:00;17.2;2;NUAGEUX;5;4.0;0
PERPIGNAN;42.69;2.89;03/10/2026;04:00;17.2;2;NUAGEUX;5;5.0;0
PERPIGNAN;42.69;2.89;03/10/2026;05:00;18.4;0;SOLEIL;3;7.6;0
PERPIGNAN;42.69;2.89;03/10/2026;06:00;18.4;0;SOLEIL;3;10.1;0
PERPIGNAN;42.69;2.89;03/10/2026;07:00;18.4;0;SOLEIL;3;13.0;0
PERPIGNAN;42.69;2.89;03/10/2026;08:00;18.8;2;NUAGEUX;5;15.5;0
PERPIGNAN;42.69;2.89;03/10/2026;09:00;19.5;2;NUAGEUX;5;18.0;0
PERPIGNAN;42.69;2.89;03/10/2026;10:00;20.3;2;NUAGEUX;5;20.9;0
PERPIGNAN;42.69;2.89;03/10/2026;11:00;23.6;2;NUAGEUX;4;23.8;0
PERPIGNAN;42.69;2.89;03/10/2026;12:00;23.6;2;NUAGEUX;4;26.6;0
PERPIGNAN;42.69;2.89;03/10/2026;13:00;23.6;2;NUAGEUX;4;29.2;0
PERPIGNAN;42.69;2.89;03/10/2026;14:00;23.4;2;NUAGEUX;5;31.0;0
PERPIGNAN;42.69;2.89;03/10/2026;15:00;24.2;2;NUAGEUX;5;32.0;0
PERPIGNAN;42.69;2.89;03/10/2026;16:00;23.4;2;NUAGEUX;5;32.8;0
PERPIGNAN;42.69;2.89;03/10/2026;17:00;20.9;2;NUAGEUX;4;33.1;0
PERPIGNAN;42.69;2.89;03/10/2026;18:00;20.9;2;NUAGEUX;4;33.1;0
PERPIGNAN;42.69;2.89;03/10/2026;19:00;20.9;2;NUAGEUX;4;32.4;0
PERPIGNAN;42.69;2.89;03/10/2026;20:00;20.3;2;NUAGEUX;5;31.3;0
PERPIGNAN;42.69;2.89;03/10/2026;21:00;19.5;2;NUAGEUX;5;29.2;0
PERPIGNAN;42.69;2.89;03/10/2026;22:00;18.8;2;NUAGEUX;5;26.3;0
PERPIGNAN;42.69;2.89;03/10/2026;23:00;19.4;2;NUAGEUX;4;22.7;0
PERPIGNAN;42.69;2.89;04/10/2026;00:00;19.4;2;NUAGEUX;4;19.1;0
PERPIGNAN;42.69;2.89;04/10/2026;01:00;19.4;2;NUAGEUX;4;15.5;0
PERPIGNAN;42.69;2.89;04/10/2026;02:00;17.1;2;NUAGEUX;5;13.0;0
PERPIGNAN;42.69;2.89;04/10/2026;03:00;17.1;2;NUAGEUX;5;10.4;0
PERPIGNAN;42.69;2.89;04/10/2026;04:00;17.1;2;NUAGEUX;5;7.9;0
PERPIGNAN;42.69;2.89;04/10/2026;05:00;18.1;0;SOLEIL;2;5.8;0
PERPIGNAN;42.69;2.89;04/10/2026;06:00;18.1;0;SOLEIL;2;4.3;0
PERPIGNAN;42.69;2.89;04/10/2026;07:00;18.1;0;SOLEIL;2;4.0;0
PERPIGNAN;42.69;2.89;04/10/2026;08:00;18.6;2;NUAGEUX;5;5.4;0
PERPIGNAN;42.69;2.89;04/10/2026;09:00;19.4;2;NUAGEUX;5;9.0;0
PERPIGNAN;42.69;2.89;04/10/2026;10:00;20.2;2;NUAGEUX;5;14.8;0
PERPIGNAN;42.69;2.89;04/10/2026;11:00;23.4;2;NUAGEUX;3;22.0;0
PERPIGNAN;42.69;2.89;04/10/2026;12:00;23.4;2;NUAGEUX;3;28.8;0
PERPIGNAN;42.69;2.89;04/10/2026;13:00;23.4;2;NUAGEUX;3;35.3;0
PERPIGNAN;42.69;2.89;04/10/2026;14:00;23.2;2;NUAGEUX;5;39.6;0
PERPIGNAN;42.69;2.89;04/10/2026;15:00;24.0;2;NUAGEUX;5;42.1;0
PERPIGNAN;42.69;2.89;04/10/2026;16:00;23.2;2;NUAGEUX;5;43.9;0
PERPIGNAN;42.69;2.89;04/10/2026;17:00;20.7;2;NUAGEUX;4;45.0;0
PERPIGNAN;42.69;2.89;04/10/2026;18:00;20.7;2;NUAGEUX;4;45.0;0
PERPIGNAN;42.69;2.89;04/10/2026;19:00;20.7;2;NUAGEUX;4;44.3;0
PERPIGNAN;42.69;2.89;04/10/2026;20:00;20.2;2;NUAGEUX;5;43.2;0
PERPIGNAN;42.69;2.89;04/10/2026;21:00;19.4;2;NUAGEUX;5;41.0;0
PERPIGNAN;42.69;2.89;04/10/2026;22:00;18.6;2;NUAGEUX;5;37.8;0
PERPIGNAN;42.69;2.89;04/10/2026;23:00;18.6;0;SOLEIL;3;33.8;0
MONTPELLIER;43.61;3.87;27/09/2026;00:00;19.1;2;NUAGEUX;2;6.1;0
MONTPELLIER;43.61;3.87;27/09/2026;01:00;18.4;2;NUAGEUX;2;6.5;0
MONTPELLIER;43.61;3.87;27/09/2026;02:00;18.1;2;NUAGEUX;2;7.2;0
MONTPELLIER;43.61;3.87;27/09/2026;03:00;18.4;2;NUAGEUX;2;7.2;0
MONTPELLIER;43.61;3.87;27/09/2026;04:00;18.6;2;NUAGEUX;2;6.8;0
MONTPELLIER;43.61;3.87;27/09/2026;05:00;18.1;2;NUAGEUX;2;6.8;0
MONTPELLIER;43.61;3.87;27/09/2026;06:00;18.8;2;NUAGEUX;2;7.9;0
MONTPELLIER;43.61;3.87;27/09/2026;07:00;20.1;2;NUAGEUX;2;9.0;0
MONTPELLIER;43.61;3.87;27/09/2026;08:00;22;2;NUAGEUX;2;9.0;0
MONTPELLIER;43.61;3.87;27/09/2026;09:00;23;2;NUAGEUX;2;11.2;0
MONTPELLIER;43.61;3.87;27/09/2026;10:00;24.1;2;NUAGEUX;3;16.2;0
MONTPELLIER;43.61;3.87;27/09/2026;11:00;25.6;0;SOLEIL;3;16.6;0
MONTPELLIER;43.61;3.87;27/09/2026;12:00;25.4;0;SOLEIL;4;19.8;0
MONTPELLIER;43.61;3.87;27/09/2026;13:00;25.1;0;SOLEIL;4;25.2;0
MONTPELLIER;43.61;3.87;27/09/2026;14:00;25.2;0;SOLEIL;3;26.6;0
MONTPELLIER;43.61;3.87;27/09/2026;15:00;25.1;0;SOLEIL;3;25.2;0
MONTPELLIER;43.61;3.87;27/09/2026;16:00;24.6;0;SOLEIL;3;26.3;0
MONTPELLIER;43.61;3.87;27/09/2026;17:00;23.6;0;SOLEIL;2;26.6;0
MONTPELLIER;43.61;3.87;27/09/2026;18:00;22.6;0;SOLEIL;2;24.5;0
MONTPELLIER;43.61;3.87;27/09/2026;19:00;21.6;0;SOLEIL;1;20.5;0
MONTPELLIER;43.61;3.87;27/09/2026;20:00;21;5;SOLEIL VOILÉ;1;14.0;0
MONTPELLIER;43.61;3.87;27/09/2026;21:00;20.5;5;SOLEIL VOILÉ;1;4.3;0
MONTPELLIER;43.61;3.87;27/09/2026;22:00;20;5;SOLEIL VOILÉ;2;6.5;0
MONTPELLIER;43.61;3.87;27/09/2026;23:00;19.6;5;SOLEIL VOILÉ;2;6.8;0
MONTPELLIER;43.61;3.87;28/09/2026;00:00;19.4;5;SOLEIL VOILÉ;2;7.2;0
MONTPELLIER;43.61;3.87;28/09/2026;01:00;19.4;5;SOLEIL VOILÉ;2;7.6;0
MONTPELLIER;43.61;3.87;28/09/2026;02:00;19.6;5;SOLEIL VOILÉ;3;9.4;0
MONTPELLIER;43.61;3.87;28/09/2026;03:00;19.6;5;SOLEIL VOILÉ;3;10.1;0
MONTPELLIER;43.61;3.87;28/09/2026;04:00;19.6;5;SOLEIL VOILÉ;3;9.9;0
MONTPELLIER;43.61;3.87;28/09/2026;05:00;19.7;5;SOLEIL VOILÉ;3;10.5;0
MONTPELLIER;43.61;3.87;28/09/2026;06:00;19.7;5;SOLEIL VOILÉ;3;14.8;0
MONTPELLIER;43.61;3.87;28/09/2026;07:00;19.7;5;SOLEIL VOILÉ;3;16.2;0
MONTPELLIER;43.61;3.87;28/09/2026;08:00;22.9;5;SOLEIL VOILÉ;3;14.0;0
MONTPELLIER;43.61;3.87;28/09/2026;09:00;22.9;5;SOLEIL VOILÉ;3;15.8;0
MONTPELLIER;43.61;3.87;28/09/2026;10:00;22.9;5;SOLEIL VOILÉ;3;18.7;0
MONTPELLIER;43.61;3.87;28/09/2026;11:00;25.1;5;SOLEIL VOILÉ;5;19.1;0
MONTPELLIER;43.61;3.87;28/09/2026;12:00;25.1;5;SOLEIL VOILÉ;5;30.6;0
MONTPELLIER;43.61;3.87;28/09/2026;13:00;25.1;5;SOLEIL VOILÉ;5;35.3;0
MONTPELLIER;43.61;3.87;28/09/2026;14:00;25.1;5;SOLEIL VOILÉ;4;37.8;0
MONTPELLIER;43.61;3.87;28/09/2026;15:00;25.1;5;SOLEIL VOILÉ;4;39.2;0
MONTPELLIER;43.61;3.87;28/09/2026;16:00;25.1;5;SOLEIL VOILÉ;4;39.6;0
MONTPELLIER;43.61;3.87;28/09/2026;17:00;22.6;5;SOLEIL VOILÉ;3;38.5;0
MONTPELLIER;43.61;3.87;28/09/2026;18:00;22.6;5;SOLEIL VOILÉ;3;34.9;0
MONTPELLIER;43.61;3.87;28/09/2026;19:00;22.6;5;SOLEIL VOILÉ;3;29.9;0
MONTPELLIER;43.61;3.87;28/09/2026;20:00;20.7;5;SOLEIL VOILÉ;1;21.6;0
MONTPELLIER;43.61;3.87;28/09/2026;21:00;20.7;5;SOLEIL VOILÉ;1;11.9;0
MONTPELLIER;43.61;3.87;28/09/2026;22:00;20.7;5;SOLEIL VOILÉ;1;7.2;0
MONTPELLIER;43.61;3.87;28/09/2026;23:00;20.5;5;SOLEIL VOILÉ;2;9.0;0
MONTPELLIER;43.61;3.87;29/09/2026;00:00;20.5;5;SOLEIL VOILÉ;2;9.0;0
MONTPELLIER;43.61;3.87;29/09/2026;01:00;20.5;5;SOLEIL VOILÉ;2;9.0;0
MONTPELLIER;43.61;3.87;29/09/2026;02:00;20.2;5;SOLEIL VOILÉ;3;9.4;0
MONTPELLIER;43.61;3.87;29/09/2026;03:00;20.2;5;SOLEIL VOILÉ;3;10.1;0
MONTPELLIER;43.61;3.87;29/09/2026;04:00;20.2;5;SOLEIL VOILÉ;3;11.9;0
MONTPELLIER;43.61;3.87;29/09/2026;05:00;20.6;5;SOLEIL VOILÉ;3;16.6;0
MONTPELLIER;43.61;3.87;29/09/2026;06:00;20.6;5;SOLEIL VOILÉ;3;20.2;0
MONTPELLIER;43.61;3.87;29/09/2026;07:00;20.6;5;SOLEIL VOILÉ;3;20.5;0
MONTPELLIER;43.61;3.87;29/09/2026;08:00;22.1;5;SOLEIL VOILÉ;3;16.2;0
MONTPELLIER;43.61;3.87;29/09/2026;09:00;22.1;5;SOLEIL VOILÉ;3;15.8;0
MONTPELLIER;43.61;3.87;29/09/2026;10:00;22.1;5;SOLEIL VOILÉ;3;15.8;0
MONTPELLIER;43.61;3.87;29/09/2026;11:00;23.6;0;SOLEIL;5;16.2;0
MONTPELLIER;43.61;3.87;29/09/2026;12:00;23.6;0;SOLEIL;5;17.3;0
MONTPELLIER;43.61;3.87;29/09/2026;13:00;23.6;0;SOLEIL;5;19.1;0
MONTPELLIER;43.61;3.87;29/09/2026;14:00;23.1;0;SOLEIL;5;20.9;0
MONTPELLIER;43.61;3.87;29/09/2026;15:00;23.1;0;SOLEIL;5;23.4;0
MONTPELLIER;43.61;3.87;29/09/2026;16:00;23.1;0;SOLEIL;5;26.6;0
MONTPELLIER;43.61;3.87;29/09/2026;17:00;22.2;0;SOLEIL;3;28.8;0
MONTPELLIER;43.61;3.87;29/09/2026;18:00;22.2;0;SOLEIL;3;28.8;0
MONTPELLIER;43.61;3.87;29/09/2026;19:00;22.2;0;SOLEIL;3;28.1;0
MONTPELLIER;43.61;3.87;29/09/2026;20:00;21.8;2;NUAGEUX;5;28.8;0
MONTPELLIER;43.61;3.87;29/09/2026;21:00;21.3;2;NUAGEUX;5;33.1;0
MONTPELLIER;43.61;3.87;29/09/2026;22:00;20.7;2;NUAGEUX;5;38.9;0
MONTPELLIER;43.61;3.87;29/09/2026;23:00;20.9;10;ORAGEUX;4;43.9;0
MONTPELLIER;43.61;3.87;30/09/2026;00:00;20.9;10;ORAGEUX;4;47.5;0
MONTPELLIER;43.61;3.87;30/09/2026;01:00;20.9;10;ORAGEUX;4;50.0;0
MONTPELLIER;43.61;3.87;30/09/2026;02:00;19.2;6;AVERSES;5;49.7;0
MONTPELLIER;43.61;3.87;30/09/2026;03:00;19.2;6;AVERSES;5;43.9;0
MONTPELLIER;43.61;3.87;30/09/2026;04:00;19.2;6;AVERSES;5;35.3;0
MONTPELLIER;43.61;3.87;30/09/2026;05:00;20.6;6;AVERSES;5;28.4;0
MONTPELLIER;43.61;3.87;30/09/2026;06:00;20.6;6;AVERSES;5;25.6;0
MONTPELLIER;43.61;3.87;30/09/2026;07:00;20.6;6;AVERSES;5;24.8;0
MONTPELLIER;43.61;3.87;30/09/2026;08:00;20.3;6;AVERSES;5;24.5;0
MONTPELLIER;43.61;3.87;30/09/2026;09:00;20.8;6;AVERSES;5;23.8;0
MONTPELLIER;43.61;3.87;30/09/2026;10:00;21.4;6;AVERSES;5;23.8;0
MONTPELLIER;43.61;3.87;30/09/2026;11:00;23.5;6;AVERSES;6;24.1;0
MONTPELLIER;43.61;3.87;30/09/2026;12:00;23.5;6;AVERSES;6;25.6;0
MONTPELLIER;43.61;3.87;30/09/2026;13:00;23.5;6;AVERSES;6;27.7;0
MONTPELLIER;43.61;3.87;30/09/2026;14:00;23.6;6;AVERSES;5;29.9;0
MONTPELLIER;43.61;3.87;30/09/2026;15:00;24.1;6;AVERSES;5;33.1;0
MONTPELLIER;43.61;3.87;30/09/2026;16:00;23.6;6;AVERSES;5;36.7;0
MONTPELLIER;43.61;3.87;30/09/2026;17:00;22.1;6;AVERSES;4;38.2;0
MONTPELLIER;43.61;3.87;30/09/2026;18:00;22.1;6;AVERSES;4;34.9;0
MONTPELLIER;43.61;3.87;30/09/2026;19:00;22.1;6;AVERSES;4;29.2;0
MONTPELLIER;43.61;3.87;30/09/2026;20:00;21.4;6;AVERSES;5;25.2;0
MONTPELLIER;43.61;3.87;30/09/2026;21:00;20.8;6;AVERSES;5;25.2;0
MONTPELLIER;43.61;3.87;30/09/2026;22:00;20.3;6;AVERSES;5;27.0;0
MONTPELLIER;43.61;3.87;30/09/2026;23:00;21.1;6;AVERSES;3;28.1;0
MONTPELLIER;43.61;3.87;01/10/2026;00:00;21.1;6;AVERSES;3;25.1;0
MONTPELLIER;43.61;3.87;01/10/2026;01:00;21.1;6;AVERSES;3;22.0;0
MONTPELLIER;43.61;3.87;01/10/2026;02:00;18.7;10;ORAGEUX;5;20.3;0
MONTPELLIER;43.61;3.87;01/10/2026;03:00;18.7;10;ORAGEUX;5;21.6;0
MONTPELLIER;43.61;3.87;01/10/2026;04:00;18.7;10;ORAGEUX;5;25.2;0
MONTPELLIER;43.61;3.87;01/10/2026;05:00;20.1;10;ORAGEUX;3;28.1;0
MONTPELLIER;43.61;3.87;01/10/2026;06:00;20.1;10;ORAGEUX;3;28.4;0
MONTPELLIER;43.61;3.87;01/10/2026;07:00;20.1;10;ORAGEUX;3;28.4;0
MONTPELLIER;43.61;3.87;01/10/2026;08:00;19.9;10;ORAGEUX;5;32.0;0
MONTPELLIER;43.61;3.87;01/10/2026;09:00;20.5;10;ORAGEUX;5;42.5;0
MONTPELLIER;43.61;3.87;01/10/2026;10:00;21.1;10;ORAGEUX;5;56.5;0
MONTPELLIER;43.61;3.87;01/10/2026;11:00;23.6;10;ORAGEUX;4;67.3;0
MONTPELLIER;43.61;3.87;01/10/2026;12:00;23.6;10;ORAGEUX;4;72.4;0
MONTPELLIER;43.61;3.87;01/10/2026;13:00;23.6;10;ORAGEUX;4;73.8;0
MONTPELLIER;43.61;3.87;01/10/2026;14:00;23.5;10;ORAGEUX;5;73.4;0
MONTPELLIER;43.61;3.87;01/10/2026;15:00;24.1;10;ORAGEUX;5;71.6;0
MONTPELLIER;43.61;3.87;01/10/2026;16:00;23.5;10;ORAGEUX;5;67.7;0
MONTPELLIER;43.61;3.87;01/10/2026;17:00;21;6;AVERSES;3;60.8;0
MONTPELLIER;43.61;3.87;01/10/2026;18:00;21;6;AVERSES;3;49.0;0
MONTPELLIER;43.61;3.87;01/10/2026;19:00;21;6;AVERSES;3;33.8;0
MONTPELLIER;43.61;3.87;01/10/2026;20:00;21.1;10;ORAGEUX;5;21.2;0
MONTPELLIER;43.61;3.87;01/10/2026;21:00;20.5;10;ORAGEUX;5;13.0;0
MONTPELLIER;43.61;3.87;01/10/2026;22:00;19.9;10;ORAGEUX;5;7.2;0
MONTPELLIER;43.61;3.87;01/10/2026;23:00;18.6;7;PLUIE FAIBLE;2;3.6;0
MONTPELLIER;43.61;3.87;02/10/2026;00:00;18.6;7;PLUIE FAIBLE;2;3.6;0
MONTPELLIER;43.61;3.87;02/10/2026;01:00;18.6;7;PLUIE FAIBLE;2;6.1;0
MONTPELLIER;43.61;3.87;02/10/2026;02:00;15.9;0;SOLEIL;5;7.9;0
MONTPELLIER;43.61;3.87;02/10/2026;03:00;15.9;0;SOLEIL;5;7.9;0
MONTPELLIER;43.61;3.87;02/10/2026;04:00;15.9;0;SOLEIL;5;7.2;0
MONTPELLIER;43.61;3.87;02/10/2026;05:00;17.1;0;SOLEIL;2;7.2;0
MONTPELLIER;43.61;3.87;02/10/2026;06:00;17.1;0;SOLEIL;2;7.6;0
MONTPELLIER;43.61;3.87;02/10/2026;07:00;17.1;0;SOLEIL;2;8.6;0
MONTPELLIER;43.61;3.87;02/10/2026;08:00;18.1;0;SOLEIL;5;10.1;0
MONTPELLIER;43.61;3.87;02/10/2026;09:00;19.3;0;SOLEIL;5;12.6;0
MONTPELLIER;43.61;3.87;02/10/2026;10:00;20.4;0;SOLEIL;5;15.5;0
MONTPELLIER;43.61;3.87;02/10/2026;11:00;25.2;0;SOLEIL;3;19.1;0
MONTPELLIER;43.61;3.87;02/10/2026;12:00;25.2;0;SOLEIL;3;23.4;0
MONTPELLIER;43.61;3.87;02/10/2026;13:00;25.2;0;SOLEIL;3;28.1;0
MONTPELLIER;43.61;3.87;02/10/2026;14:00;24.9;0;SOLEIL;5;31.7;0
MONTPELLIER;43.61;3.87;02/10/2026;15:00;26.0;0;SOLEIL;5;33.5;0
MONTPELLIER;43.61;3.87;02/10/2026;16:00;24.9;0;SOLEIL;5;33.8;0
MONTPELLIER;43.61;3.87;02/10/2026;17:00;21;0;SOLEIL;1;32.8;0
MONTPELLIER;43.61;3.87;02/10/2026;18:00;21;0;SOLEIL;1;28.8;0
MONTPELLIER;43.61;3.87;02/10/2026;19:00;21;0;SOLEIL;1;23.4;0
MONTPELLIER;43.61;3.87;02/10/2026;20:00;20.4;0;SOLEIL;5;18.4;0
MONTPELLIER;43.61;3.87;02/10/2026;21:00;19.3;0;SOLEIL;5;14.4;0
MONTPELLIER;43.61;3.87;02/10/2026;22:00;18.1;0;SOLEIL;5;11.2;0
MONTPELLIER;43.61;3.87;02/10/2026;23:00;17.2;0;SOLEIL;3;9.0;0
MONTPELLIER;43.61;3.87;03/10/2026;00:00;17.2;0;SOLEIL;3;8.3;0
MONTPELLIER;43.61;3.87;03/10/2026;01:00;17.2;0;SOLEIL;3;9.0;0
MONTPELLIER;43.61;3.87;03/10/2026;02:00;14.7;0;SOLEIL;5;9.4;0
MONTPELLIER;43.61;3.87;03/10/2026;03:00;14.7;0;SOLEIL;5;9.7;0
MONTPELLIER;43.61;3.87;03/10/2026;04:00;14.7;0;SOLEIL;5;10.1;0
MONTPELLIER;43.61;3.87;03/10/2026;05:00;16.1;0;SOLEIL;3;10.4;0
MONTPELLIER;43.61;3.87;03/10/2026;06:00;16.1;0;SOLEIL;3;10.1;0
MONTPELLIER;43.61;3.87;03/10/2026;07:00;16.1;0;SOLEIL;3;9.0;0
MONTPELLIER;43.61;3.87;03/10/2026;08:00;17.1;0;SOLEIL;5;9.7;0
MONTPELLIER;43.61;3.87;03/10/2026;09:00;18.3;0;SOLEIL;5;12.6;0
MONTPELLIER;43.61;3.87;03/10/2026;10:00;19.5;0;SOLEIL;5;16.9;0
MONTPELLIER;43.61;3.87;03/10/2026;11:00;24.6;0;SOLEIL;3;20.5;0
MONTPELLIER;43.61;3.87;03/10/2026;12:00;24.6;0;SOLEIL;3;22.9;0
MONTPELLIER;43.61;3.87;03/10/2026;13:00;24.6;0;SOLEIL;3;23.9;0
MONTPELLIER;43.61;3.87;03/10/2026;14:00;24.2;0;SOLEIL;5;24.6;0
MONTPELLIER;43.61;3.87;03/10/2026;15:00;25.4;0;SOLEIL;5;24.5;0
MONTPELLIER;43.61;3.87;03/10/2026;16:00;24.2;0;SOLEIL;5;23.8;0
MONTPELLIER;43.61;3.87;03/10/2026;17:00;20.5;0;SOLEIL;2;23.0;0
MONTPELLIER;43.61;3.87;03/10/2026;18:00;20.5;0;SOLEIL;2;22.0;0
MONTPELLIER;43.61;3.87;03/10/2026;19:00;20.5;0;SOLEIL;2;20.5;0
MONTPELLIER;43.61;3.87;03/10/2026;20:00;19.5;0;SOLEIL;5;19.4;0
MONTPELLIER;43.61;3.87;03/10/2026;21:00;18.3;0;SOLEIL;5;18.0;0
MONTPELLIER;43.61;3.87;03/10/2026;22:00;17.1;0;SOLEIL;5;16.2;0
MONTPELLIER;43.61;3.87;03/10/2026;23:00;17.1;0;SOLEIL;2;14.4;0
MONTPELLIER;43.61;3.87;04/10/2026;00:00;17.1;0;SOLEIL;2;12.6;0
MONTPELLIER;43.61;3.87;04/10/2026;01:00;17.1;0;SOLEIL;2;11.2;0
MONTPELLIER;43.61;3.87;04/10/2026;02:00;15;0;SOLEIL;5;10.4;0
MONTPELLIER;43.61;3.87;04/10/2026;03:00;15;0;SOLEIL;5;10.4;0
MONTPELLIER;43.61;3.87;04/10/2026;04:00;15;0;SOLEIL;5;11.2;0
MONTPELLIER;43.61;3.87;04/10/2026;05:00;16.6;7;PLUIE FAIBLE;3;11.9;0
MONTPELLIER;43.61;3.87;04/10/2026;06:00;16.6;7;PLUIE FAIBLE;3;13.3;0
MONTPELLIER;43.61;3.87;04/10/2026;07:00;16.6;7;PLUIE FAIBLE;3;14.4;0
MONTPELLIER;43.61;3.87;04/10/2026;08:00;17.2;0;SOLEIL;5;15.1;0
MONTPELLIER;43.61;3.87;04/10/2026;09:00;18.3;0;SOLEIL;5;15.8;0
MONTPELLIER;43.61;3.87;04/10/2026;10:00;19.4;0;SOLEIL;5;16.2;0
MONTPELLIER;43.61;3.87;04/10/2026;11:00;24.1;0;SOLEIL;3;16.9;0
MONTPELLIER;43.61;3.87;04/10/2026;12:00;24.1;0;SOLEIL;3;17.3;0
MONTPELLIER;43.61;3.87;04/10/2026;13:00;24.1;0;SOLEIL;3;17.6;0
MONTPELLIER;43.61;3.87;04/10/2026;14:00;23.8;0;SOLEIL;5;18.0;0
MONTPELLIER;43.61;3.87;04/10/2026;15:00;24.9;0;SOLEIL;5;18.4;0
MONTPELLIER;43.61;3.87;04/10/2026;16:00;23.8;0;SOLEIL;5;18.7;0
MONTPELLIER;43.61;3.87;04/10/2026;17:00;20;0;SOLEIL;3;19.1;0
MONTPELLIER;43.61;3.87;04/10/2026;18:00;20;0;SOLEIL;3;19.1;0
MONTPELLIER;43.61;3.87;04/10/2026;19:00;20;0;SOLEIL;3;19.1;0
MONTPELLIER;43.61;3.87;04/10/2026;20:00;19.4;0;SOLEIL;5;18.7;0
MONTPELLIER;43.61;3.87;04/10/2026;21:00;18.3;0;SOLEIL;5;17.6;0
MONTPELLIER;43.61;3.87;04/10/2026;22:00;17.2;0;SOLEIL;5;16.2;0
MONTPELLIER;43.61;3.87;04/10/2026;23:00;16.7;0;SOLEIL;2;14.4;0
MARSEILLE;43.296;5.381;27/09/2026;00:00;20.9;5;SOLEIL VOILÉ;2;10.4;0
MARSEILLE;43.296;5.381;27/09/2026;01:00;20.3;5;SOLEIL VOILÉ;3;14.0;0
MARSEILLE;43.296;5.381;27/09/2026;02:00;20.1;5;SOLEIL VOILÉ;3;15.5;0
MARSEILLE;43.296;5.381;27/09/2026;03:00;19.7;0;SOLEIL;2;15.5;0
MARSEILLE;43.296;5.381;27/09/2026;04:00;19.5;0;SOLEIL;3;15.1;0
MARSEILLE;43.296;5.381;27/09/2026;05:00;19.1;0;SOLEIL;3;15.5;0
MARSEILLE;43.296;5.381;27/09/2026;06:00;18.7;0;SOLEIL;3;15.1;0
MARSEILLE;43.296;5.381;27/09/2026;07:00;20.6;0;SOLEIL;2;16.6;0
MARSEILLE;43.296;5.381;27/09/2026;08:00;23;0;SOLEIL;2;17.3;0
MARSEILLE;43.296;5.381;27/09/2026;09:00;24.9;0;SOLEIL;2;17.3;0
MARSEILLE;43.296;5.381;27/09/2026;10:00;25.5;0;SOLEIL;3;16.2;0
MARSEILLE;43.296;5.381;27/09/2026;11:00;26;0;SOLEIL;4;17.3;0
MARSEILLE;43.296;5.381;27/09/2026;12:00;26.2;0;SOLEIL;4;23.4;0
MARSEILLE;43.296;5.381;27/09/2026;13:00;26.1;0;SOLEIL;4;26.6;0
MARSEILLE;43.296;5.381;27/09/2026;14:00;26.2;0;SOLEIL;4;31.0;0
MARSEILLE;43.296;5.381;27/09/2026;15:00;26.3;0;SOLEIL;4;32.4;0
MARSEILLE;43.296;5.381;27/09/2026;16:00;25.5;0;SOLEIL;3;32.4;0
MARSEILLE;43.296;5.381;27/09/2026;17:00;24.6;0;SOLEIL;3;32.0;0
MARSEILLE;43.296;5.381;27/09/2026;18:00;24;0;SOLEIL;3;30.2;0
MARSEILLE;43.296;5.381;27/09/2026;19:00;23.7;0;SOLEIL;2;27.0;0
MARSEILLE;43.296;5.381;27/09/2026;20:00;23.1;0;SOLEIL;2;23.0;0
MARSEILLE;43.296;5.381;27/09/2026;21:00;22.6;0;SOLEIL;2;18.7;0
MARSEILLE;43.296;5.381;27/09/2026;22:00;21.7;0;SOLEIL;3;15.1;0
MARSEILLE;43.296;5.381;27/09/2026;23:00;20.7;0;SOLEIL;3;16.6;0
MARSEILLE;43.296;5.381;28/09/2026;00:00;20.1;0;SOLEIL;3;20.5;0
MARSEILLE;43.296;5.381;28/09/2026;01:00;20.1;0;SOLEIL;3;20.5;0
MARSEILLE;43.296;5.381;28/09/2026;02:00;19.4;0;SOLEIL;3;20.9;0
MARSEILLE;43.296;5.381;28/09/2026;03:00;19.4;0;SOLEIL;3;18.8;0
MARSEILLE;43.296;5.381;28/09/2026;04:00;19.4;0;SOLEIL;3;16.7;0
MARSEILLE;43.296;5.381;28/09/2026;05:00;18.6;0;SOLEIL;3;16.3;0
MARSEILLE;43.296;5.381;28/09/2026;06:00;18.6;0;SOLEIL;3;14.0;0
MARSEILLE;43.296;5.381;28/09/2026;07:00;18.6;0;SOLEIL;3;13.7;0
MARSEILLE;43.296;5.381;28/09/2026;08:00;24.4;5;SOLEIL VOILÉ;4;13.7;0
MARSEILLE;43.296;5.381;28/09/2026;09:00;24.4;5;SOLEIL VOILÉ;4;14.4;0
MARSEILLE;43.296;5.381;28/09/2026;10:00;24.4;5;SOLEIL VOILÉ;4;13.0;0
MARSEILLE;43.296;5.381;28/09/2026;11:00;26.1;5;SOLEIL VOILÉ;4;19.1;0
MARSEILLE;43.296;5.381;28/09/2026;12:00;26.1;5;SOLEIL VOILÉ;4;27.7;0
MARSEILLE;43.296;5.381;28/09/2026;13:00;26.1;5;SOLEIL VOILÉ;4;31.7;0
MARSEILLE;43.296;5.381;28/09/2026;14:00;26;5;SOLEIL VOILÉ;4;34.9;0
MARSEILLE;43.296;5.381;28/09/2026;15:00;26;5;SOLEIL VOILÉ;4;37.1;0
MARSEILLE;43.296;5.381;28/09/2026;16:00;26;5;SOLEIL VOILÉ;4;38.2;0
MARSEILLE;43.296;5.381;28/09/2026;17:00;23.6;5;SOLEIL VOILÉ;4;38.2;0
MARSEILLE;43.296;5.381;28/09/2026;18:00;23.6;5;SOLEIL VOILÉ;4;37.8;0
MARSEILLE;43.296;5.381;28/09/2026;19:00;23.6;5;SOLEIL VOILÉ;4;37.4;0
MARSEILLE;43.296;5.381;28/09/2026;20:00;22.2;5;SOLEIL VOILÉ;4;37.1;0
MARSEILLE;43.296;5.381;28/09/2026;21:00;22.2;5;SOLEIL VOILÉ;4;34.2;0
MARSEILLE;43.296;5.381;28/09/2026;22:00;22.2;5;SOLEIL VOILÉ;4;30.2;0
MARSEILLE;43.296;5.381;28/09/2026;23:00;20;5;SOLEIL VOILÉ;3;26.6;0
MARSEILLE;43.296;5.381;29/09/2026;00:00;20;5;SOLEIL VOILÉ;3;23.8;0
MARSEILLE;43.296;5.381;29/09/2026;01:00;20;5;SOLEIL VOILÉ;3;17.6;0
MARSEILLE;43.296;5.381;29/09/2026;02:00;19.5;5;SOLEIL VOILÉ;3;12.6;0
MARSEILLE;43.296;5.381;29/09/2026;03:00;19.5;5;SOLEIL VOILÉ;3;12.2;0
MARSEILLE;43.296;5.381;29/09/2026;04:00;19.5;5;SOLEIL VOILÉ;3;14.8;0
MARSEILLE;43.296;5.381;29/09/2026;05:00;19.6;5;SOLEIL VOILÉ;3;14.4;0
MARSEILLE;43.296;5.381;29/09/2026;06:00;19.6;5;SOLEIL VOILÉ;3;14.8;0
MARSEILLE;43.296;5.381;29/09/2026;07:00;19.6;5;SOLEIL VOILÉ;3;14.4;0
MARSEILLE;43.296;5.381;29/09/2026;08:00;25;5;SOLEIL VOILÉ;6;18.7;0
MARSEILLE;43.296;5.381;29/09/2026;09:00;25;5;SOLEIL VOILÉ;6;24.1;0
MARSEILLE;43.296;5.381;29/09/2026;10:00;25;5;SOLEIL VOILÉ;6;29.2;0
MARSEILLE;43.296;5.381;29/09/2026;11:00;26.1;5;SOLEIL VOILÉ;6;35.6;0
MARSEILLE;43.296;5.381;29/09/2026;12:00;26.1;5;SOLEIL VOILÉ;6;41.0;0
MARSEILLE;43.296;5.381;29/09/2026;13:00;26.1;5;SOLEIL VOILÉ;6;43.9;0
MARSEILLE;43.296;5.381;29/09/2026;14:00;26.4;5;SOLEIL VOILÉ;7;46.4;0
MARSEILLE;43.296;5.381;29/09/2026;15:00;26.4;5;SOLEIL VOILÉ;7;47.2;0
MARSEILLE;43.296;5.381;29/09/2026;16:00;26.4;5;SOLEIL VOILÉ;7;47.2;0
MARSEILLE;43.296;5.381;29/09/2026;17:00;24.7;0;SOLEIL;6;46.1;0
MARSEILLE;43.296;5.381;29/09/2026;18:00;24.7;0;SOLEIL;6;46.1;0
MARSEILLE;43.296;5.381;29/09/2026;19:00;24.7;0;SOLEIL;6;45.4;0
MARSEILLE;43.296;5.381;29/09/2026;20:00;22.8;5;SOLEIL VOILÉ;5;42.8;0
MARSEILLE;43.296;5.381;29/09/2026;21:00;21.7;5;SOLEIL VOILÉ;5;37.4;0
MARSEILLE;43.296;5.381;29/09/2026;22:00;20.7;5;SOLEIL VOILÉ;5;34.2;0
MARSEILLE;43.296;5.381;29/09/2026;23:00;22.9;0;SOLEIL;6;36.0;0
MARSEILLE;43.296;5.381;30/09/2026;00:00;22.9;0;SOLEIL;6;38.9;0
MARSEILLE;43.296;5.381;30/09/2026;01:00;22.9;0;SOLEIL;6;39.2;0
MARSEILLE;43.296;5.381;30/09/2026;02:00;20.4;2;NUAGEUX;5;31.3;0
MARSEILLE;43.296;5.381;30/09/2026;03:00;20.4;2;NUAGEUX;5;30.6;0
MARSEILLE;43.296;5.381;30/09/2026;04:00;20.4;2;NUAGEUX;5;36.4;0
MARSEILLE;43.296;5.381;30/09/2026;05:00;20.9;0;SOLEIL;6;36.7;0
MARSEILLE;43.296;5.381;30/09/2026;06:00;20.9;0;SOLEIL;6;36.7;0
MARSEILLE;43.296;5.381;30/09/2026;07:00;20.9;0;SOLEIL;6;37.6;0
MARSEILLE;43.296;5.381;30/09/2026;08:00;21.9;2;NUAGEUX;5;37.1;0
MARSEILLE;43.296;5.381;30/09/2026;09:00;22.6;2;NUAGEUX;5;38.5;0
MARSEILLE;43.296;5.381;30/09/2026;10:00;23.4;2;NUAGEUX;5;42.5;0
MARSEILLE;43.296;5.381;30/09/2026;11:00;26.1;0;SOLEIL;8;45.7;0
MARSEILLE;43.296;5.381;30/09/2026;12:00;26.1;0;SOLEIL;8;47.2;0
MARSEILLE;43.296;5.381;30/09/2026;13:00;26.1;0;SOLEIL;8;47.5;0
MARSEILLE;43.296;5.381;30/09/2026;14:00;26.4;2;NUAGEUX;5;47.5;0
MARSEILLE;43.296;5.381;30/09/2026;15:00;27.1;2;NUAGEUX;5;47.9;0
MARSEILLE;43.296;5.381;30/09/2026;16:00;26.4;2;NUAGEUX;5;48.2;0
MARSEILLE;43.296;5.381;30/09/2026;17:00;24.9;2;NUAGEUX;6;47.9;0
MARSEILLE;43.296;5.381;30/09/2026;18:00;24.9;2;NUAGEUX;6;47.2;0
MARSEILLE;43.296;5.381;30/09/2026;19:00;24.9;2;NUAGEUX;6;45.7;0
MARSEILLE;43.296;5.381;30/09/2026;20:00;23.4;2;NUAGEUX;5;43.6;0
MARSEILLE;43.296;5.381;30/09/2026;21:00;22.6;2;NUAGEUX;5;40.7;0
MARSEILLE;43.296;5.381;30/09/2026;22:00;21.9;2;NUAGEUX;5;37.1;0
MARSEILLE;43.296;5.381;30/09/2026;23:00;23;2;NUAGEUX;5;33.5;0
MARSEILLE;43.296;5.381;01/10/2026;00:00;23;2;NUAGEUX;5;29.5;0
MARSEILLE;43.296;5.381;01/10/2026;01:00;23;2;NUAGEUX;5;25.2;0
MARSEILLE;43.296;5.381;01/10/2026;02:00;20.1;7;PLUIE FAIBLE;5;21.6;0
MARSEILLE;43.296;5.381;01/10/2026;03:00;20.1;7;PLUIE FAIBLE;5;18.7;0
MARSEILLE;43.296;5.381;01/10/2026;04:00;20.1;7;PLUIE FAIBLE;5;16.2;0
MARSEILLE;43.296;5.381;01/10/2026;05:00;20.9;2;NUAGEUX;6;14.4;0
MARSEILLE;43.296;5.381;01/10/2026;06:00;20.9;2;NUAGEUX;6;13.3;0
MARSEILLE;43.296;5.381;01/10/2026;07:00;20.9;2;NUAGEUX;6;13.0;0
MARSEILLE;43.296;5.381;01/10/2026;08:00;21.1;7;PLUIE FAIBLE;5;13.0;0
MARSEILLE;43.296;5.381;01/10/2026;09:00;21.6;7;PLUIE FAIBLE;5;13.3;0
MARSEILLE;43.296;5.381;01/10/2026;10:00;22.1;7;PLUIE FAIBLE;5;14.4;0
MARSEILLE;43.296;5.381;01/10/2026;11:00;24;7;PLUIE FAIBLE;6;15.8;0
MARSEILLE;43.296;5.381;01/10/2026;12:00;24;7;PLUIE FAIBLE;6;17.6;0
MARSEILLE;43.296;5.381;01/10/2026;13:00;24;7;PLUIE FAIBLE;6;20.2;0
MARSEILLE;43.296;5.381;01/10/2026;14:00;24.1;7;PLUIE FAIBLE;5;22.7;0
MARSEILLE;43.296;5.381;01/10/2026;15:00;24.6;7;PLUIE FAIBLE;5;25.6;0
MARSEILLE;43.296;5.381;01/10/2026;16:00;24.1;7;PLUIE FAIBLE;5;28.4;0
MARSEILLE;43.296;5.381;01/10/2026;17:00;22.9;7;PLUIE FAIBLE;5;31.0;0
MARSEILLE;43.296;5.381;01/10/2026;18:00;22.9;7;PLUIE FAIBLE;5;32.4;0
MARSEILLE;43.296;5.381;01/10/2026;19:00;22.9;7;PLUIE FAIBLE;5;33.1;0
MARSEILLE;43.296;5.381;01/10/2026;20:00;22.1;7;PLUIE FAIBLE;5;33.5;0
MARSEILLE;43.296;5.381;01/10/2026;21:00;21.6;7;PLUIE FAIBLE;5;27.0;0
MARSEILLE;43.296;5.381;01/10/2026;22:00;21.1;7;PLUIE FAIBLE;5;27.4;0
MARSEILLE;43.296;5.381;01/10/2026;23:00;21;2;NUAGEUX;4;27.0;0
MARSEILLE;43.296;5.381;02/10/2026;00:00;21;2;NUAGEUX;4;26.6;0
MARSEILLE;43.296;5.381;02/10/2026;01:00;21;2;NUAGEUX;4;25.6;0
MARSEILLE;43.296;5.381;02/10/2026;02:00;18.9;0;SOLEIL;5;24.5;0
MARSEILLE;43.296;5.381;02/10/2026;03:00;18.9;0;SOLEIL;5;22.3;0
MARSEILLE;43.296;5.381;02/10/2026;04:00;18.9;0;SOLEIL;5;19.1;0
MARSEILLE;43.296;5.381;02/10/2026;05:00;19.4;2;NUAGEUX;5;15.5;0
MARSEILLE;43.296;5.381;02/10/2026;06:00;19.4;2;NUAGEUX;5;12.2;0
MARSEILLE;43.296;5.381;02/10/2026;07:00;19.4;2;NUAGEUX;5;9.7;0
MARSEILLE;43.296;5.381;02/10/2026;08:00;20.4;0;SOLEIL;5;9.4;0
MARSEILLE;43.296;5.381;02/10/2026;09:00;21.1;0;SOLEIL;5;11.2;0
MARSEILLE;43.296;5.381;02/10/2026;10:00;21.8;0;SOLEIL;5;14.8;0
MARSEILLE;43.296;5.381;02/10/2026;11:00;24.6;0;SOLEIL;5;19.1;0
MARSEILLE;43.296;5.381;02/10/2026;12:00;24.6;0;SOLEIL;5;24.1;0
MARSEILLE;43.296;5.381;02/10/2026;13:00;24.6;0;SOLEIL;5;28.4;0
MARSEILLE;43.296;5.381;02/10/2026;14:00;24.8;0;SOLEIL;5;31.3;0
MARSEILLE;43.296;5.381;02/10/2026;15:00;25.5;0;SOLEIL;5;33.1;0
MARSEILLE;43.296;5.381;02/10/2026;16:00;24.8;0;SOLEIL;5;34.6;0
MARSEILLE;43.296;5.381;02/10/2026;17:00;23.1;0;SOLEIL;6;35.6;0
MARSEILLE;43.296;5.381;02/10/2026;18:00;23.1;0;SOLEIL;6;36.0;0
MARSEILLE;43.296;5.381;02/10/2026;19:00;23.1;0;SOLEIL;6;36.0;0
MARSEILLE;43.296;5.381;02/10/2026;20:00;21.8;0;SOLEIL;5;34.9;0
MARSEILLE;43.296;5.381;02/10/2026;21:00;21.1;0;SOLEIL;5;32.8;0
MARSEILLE;43.296;5.381;02/10/2026;22:00;20.4;0;SOLEIL;5;29.5;0
MARSEILLE;43.296;5.381;02/10/2026;23:00;20;0;SOLEIL;4;25.9;0
MARSEILLE;43.296;5.381;03/10/2026;00:00;20;0;SOLEIL;4;22.0;0
MARSEILLE;43.296;5.381;03/10/2026;01:00;20;0;SOLEIL;4;18.4;0
MARSEILLE;43.296;5.381;03/10/2026;02:00;17.7;0;SOLEIL;5;16.2;0
MARSEILLE;43.296;5.381;03/10/2026;03:00;17.7;0;SOLEIL;5;14.8;0
MARSEILLE;43.296;5.381;03/10/2026;04:00;17.7;0;SOLEIL;5;14.0;0
MARSEILLE;43.296;5.381;03/10/2026;05:00;18.5;0;SOLEIL;3;13.7;0
MARSEILLE;43.296;5.381;03/10/2026;06:00;18.5;0;SOLEIL;3;13.7;0
MARSEILLE;43.296;5.381;03/10/2026;07:00;18.5;0;SOLEIL;3;14.4;0
MARSEILLE;43.296;5.381;03/10/2026;08:00;19.4;0;SOLEIL;5;15.8;0
MARSEILLE;43.296;5.381;03/10/2026;09:00;20.2;0;SOLEIL;5;18.4;0
MARSEILLE;43.296;5.381;03/10/2026;10:00;21.0;0;SOLEIL;5;21.6;0
MARSEILLE;43.296;5.381;03/10/2026;11:00;24.4;0;SOLEIL;5;25.6;0
MARSEILLE;43.296;5.381;03/10/2026;12:00;24.4;0;SOLEIL;5;29.9;0
MARSEILLE;43.296;5.381;03/10/2026;13:00;24.4;0;SOLEIL;5;33.1;0
MARSEILLE;43.296;5.381;03/10/2026;14:00;24.4;0;SOLEIL;5;35.6;0
MARSEILLE;43.296;5.381;03/10/2026;15:00;25.2;0;SOLEIL;5;37.1;0
MARSEILLE;43.296;5.381;03/10/2026;16:00;24.4;0;SOLEIL;5;37.8;0
MARSEILLE;43.296;5.381;03/10/2026;17:00;23.1;0;SOLEIL;4;38.2;0
MARSEILLE;43.296;5.381;03/10/2026;18:00;23.1;0;SOLEIL;4;38.2;0
MARSEILLE;43.296;5.381;03/10/2026;19:00;23.1;0;SOLEIL;4;37.1;0
MARSEILLE;43.296;5.381;03/10/2026;20:00;21.0;0;SOLEIL;5;35.6;0
MARSEILLE;43.296;5.381;03/10/2026;21:00;20.2;0;SOLEIL;5;32.8;0
MARSEILLE;43.296;5.381;03/10/2026;22:00;19.4;0;SOLEIL;5;29.2;0
MARSEILLE;43.296;5.381;03/10/2026;23:00;20.4;0;SOLEIL;3;24.5;0
MARSEILLE;43.296;5.381;04/10/2026;00:00;20.4;0;SOLEIL;3;19.8;0
MARSEILLE;43.296;5.381;04/10/2026;01:00;20.4;0;SOLEIL;3;15.5;0
MARSEILLE;43.296;5.381;04/10/2026;02:00;18.4;0;SOLEIL;5;12.6;0
MARSEILLE;43.296;5.381;04/10/2026;03:00;18.4;0;SOLEIL;5;10.4;0
MARSEILLE;43.296;5.381;04/10/2026;04:00;18.4;0;SOLEIL;5;8.6;0
MARSEILLE;43.296;5.381;04/10/2026;05:00;19.1;0;SOLEIL;3;7.6;0
MARSEILLE;43.296;5.381;04/10/2026;06:00;19.1;0;SOLEIL;3;6.8;0
MARSEILLE;43.296;5.381;04/10/2026;07:00;19.1;0;SOLEIL;3;6.8;0
MARSEILLE;43.296;5.381;04/10/2026;08:00;19.9;0;SOLEIL;5;7.9;0
MARSEILLE;43.296;5.381;04/10/2026;09:00;20.6;0;SOLEIL;5;10.4;0
MARSEILLE;43.296;5.381;04/10/2026;10:00;21.4;0;SOLEIL;5;14.0;0
MARSEILLE;43.296;5.381;04/10/2026;11:00;24.2;0;SOLEIL;6;18.7;0
MARSEILLE;43.296;5.381;04/10/2026;12:00;24.2;0;SOLEIL;6;23.0;0
MARSEILLE;43.296;5.381;04/10/2026;13:00;24.2;0;SOLEIL;6;27.4;0
MARSEILLE;43.296;5.381;04/10/2026;14:00;24.4;0;SOLEIL;5;29.9;0
MARSEILLE;43.296;5.381;04/10/2026;15:00;25.1;0;SOLEIL;5;31.3;0
MARSEILLE;43.296;5.381;04/10/2026;16:00;24.4;0;SOLEIL;5;32.4;0
MARSEILLE;43.296;5.381;04/10/2026;17:00;22.6;0;SOLEIL;5;32.8;0
MARSEILLE;43.296;5.381;04/10/2026;18:00;22.6;0;SOLEIL;5;32.4;0
MARSEILLE;43.296;5.381;04/10/2026;19:00;22.6;0;SOLEIL;5;31.3;0
MARSEILLE;43.296;5.381;04/10/2026;20:00;21.4;0;SOLEIL;5;29.9;0
MARSEILLE;43.296;5.381;04/10/2026;21:00;20.6;0;SOLEIL;5;27.0;0
MARSEILLE;43.296;5.381;04/10/2026;22:00;19.9;0;SOLEIL;5;23.0;0
MARSEILLE;43.296;5.381;04/10/2026;23:00;20.2;0;SOLEIL;4;18.4;0
AMIENS;49.894;2.295;27/09/2026;00:00;14.6;5;SOLEIL VOILÉ;2;8.6;0
AMIENS;49.894;2.295;27/09/2026;01:00;14.1;5;SOLEIL VOILÉ;2;11.9;0
AMIENS;49.894;2.295;27/09/2026;02:00;13.1;0;SOLEIL;2;12.6;0
AMIENS;49.894;2.295;27/09/2026;03:00;13;2;NUAGEUX;2;13.7;0
AMIENS;49.894;2.295;27/09/2026;04:00;12.1;0;SOLEIL;2;12.6;0
AMIENS;49.894;2.295;27/09/2026;05:00;11.6;0;SOLEIL;2;9.7;0
AMIENS;49.894;2.295;27/09/2026;06:00;12.5;2;NUAGEUX;2;7.6;0
AMIENS;49.894;2.295;27/09/2026;07:00;13.9;5;SOLEIL VOILÉ;2;11.2;0
AMIENS;49.894;2.295;27/09/2026;08:00;16.4;5;SOLEIL VOILÉ;2;13.3;0
AMIENS;49.894;2.295;27/09/2026;09:00;17.6;5;SOLEIL VOILÉ;2;15.8;0
AMIENS;49.894;2.295;27/09/2026;10:00;20.5;5;SOLEIL VOILÉ;2;15.5;0
AMIENS;49.894;2.295;27/09/2026;11:00;22.6;5;SOLEIL VOILÉ;4;13.3;0
AMIENS;49.894;2.295;27/09/2026;12:00;24.1;5;SOLEIL VOILÉ;4;19.4;0
AMIENS;49.894;2.295;27/09/2026;13:00;25.6;5;SOLEIL VOILÉ;4;27.4;0
AMIENS;49.894;2.295;27/09/2026;14:00;26;2;NUAGEUX;4;30.2;0
AMIENS;49.894;2.295;27/09/2026;15:00;25.5;2;NUAGEUX;4;33.1;0
AMIENS;49.894;2.295;27/09/2026;16:00;25.1;2;NUAGEUX;4;31.0;0
AMIENS;49.894;2.295;27/09/2026;17:00;24.6;2;NUAGEUX;3;27.7;0
AMIENS;49.894;2.295;27/09/2026;18:00;23.6;2;NUAGEUX;3;27.4;0
AMIENS;49.894;2.295;27/09/2026;19:00;22.4;2;NUAGEUX;4;23.0;0
AMIENS;49.894;2.295;27/09/2026;20:00;21.1;5;SOLEIL VOILÉ;2;14.0;0
AMIENS;49.894;2.295;27/09/2026;21:00;19.1;5;SOLEIL VOILÉ;3;13.7;0
AMIENS;49.894;2.295;27/09/2026;22:00;18.2;2;NUAGEUX;3;27.0;0
AMIENS;49.894;2.295;27/09/2026;23:00;17.7;2;NUAGEUX;1;21.2;0
AMIENS;49.894;2.295;28/09/2026;00:00;17.1;2;NUAGEUX;2;15.1;0
AMIENS;49.894;2.295;28/09/2026;01:00;17.1;2;NUAGEUX;2;10.1;0
AMIENS;49.894;2.295;28/09/2026;02:00;16.9;2;NUAGEUX;1;6.5;0
AMIENS;49.894;2.295;28/09/2026;03:00;16.9;2;NUAGEUX;1;7.2;0
AMIENS;49.894;2.295;28/09/2026;04:00;16.9;2;NUAGEUX;1;8.3;0
AMIENS;49.894;2.295;28/09/2026;05:00;16.9;2;NUAGEUX;3;6.5;0
AMIENS;49.894;2.295;28/09/2026;06:00;16.9;2;NUAGEUX;3;9.0;0
AMIENS;49.894;2.295;28/09/2026;07:00;16.9;2;NUAGEUX;3;9.0;0
AMIENS;49.894;2.295;28/09/2026;08:00;18.6;6;AVERSES;2;13.7;0
AMIENS;49.894;2.295;28/09/2026;09:00;18.6;6;AVERSES;2;13.0;0
AMIENS;49.894;2.295;28/09/2026;10:00;18.6;6;AVERSES;2;11.5;0
AMIENS;49.894;2.295;28/09/2026;11:00;20.6;6;AVERSES;2;13.0;0
AMIENS;49.894;2.295;28/09/2026;12:00;20.6;6;AVERSES;2;20.5;0
AMIENS;49.894;2.295;28/09/2026;13:00;20.6;6;AVERSES;2;20.6;0
AMIENS;49.894;2.295;28/09/2026;14:00;20.6;2;NUAGEUX;3;18.5;0
AMIENS;49.894;2.295;28/09/2026;15:00;20.6;2;NUAGEUX;3;20.5;0
AMIENS;49.894;2.295;28/09/2026;16:00;20.6;2;NUAGEUX;3;19.4;0
AMIENS;49.894;2.295;28/09/2026;17:00;19;5;SOLEIL VOILÉ;3;19.4;0
AMIENS;49.894;2.295;28/09/2026;18:00;19;5;SOLEIL VOILÉ;3;23.8;0
AMIENS;49.894;2.295;28/09/2026;19:00;19;5;SOLEIL VOILÉ;3;38.5;0
AMIENS;49.894;2.295;28/09/2026;20:00;16.9;6;AVERSES;4;27.0;0
AMIENS;49.894;2.295;28/09/2026;21:00;16.9;6;AVERSES;4;17.6;0
AMIENS;49.894;2.295;28/09/2026;22:00;16.9;6;AVERSES;4;25.2;0
AMIENS;49.894;2.295;28/09/2026;23:00;16.1;5;SOLEIL VOILÉ;3;21.2;0
AMIENS;49.894;2.295;29/09/2026;00:00;16.1;5;SOLEIL VOILÉ;3;16.2;0
AMIENS;49.894;2.295;29/09/2026;01:00;16.1;5;SOLEIL VOILÉ;3;8.3;0
AMIENS;49.894;2.295;29/09/2026;02:00;15.6;5;SOLEIL VOILÉ;3;10.8;0
AMIENS;49.894;2.295;29/09/2026;03:00;15.6;5;SOLEIL VOILÉ;3;7.2;0
AMIENS;49.894;2.295;29/09/2026;04:00;15.6;5;SOLEIL VOILÉ;3;9.7;0
AMIENS;49.894;2.295;29/09/2026;05:00;15;0;SOLEIL;3;11.9;0
AMIENS;49.894;2.295;29/09/2026;06:00;15;0;SOLEIL;3;13.3;0
AMIENS;49.894;2.295;29/09/2026;07:00;15;0;SOLEIL;3;13.3;0
AMIENS;49.894;2.295;29/09/2026;08:00;19.2;0;SOLEIL;3;12.2;0
AMIENS;49.894;2.295;29/09/2026;09:00;19.2;0;SOLEIL;3;14.4;0
AMIENS;49.894;2.295;29/09/2026;10:00;19.2;0;SOLEIL;3;14.8;0
AMIENS;49.894;2.295;29/09/2026;11:00;25.6;0;SOLEIL;4;18.7;0
AMIENS;49.894;2.295;29/09/2026;12:00;25.6;0;SOLEIL;4;24.1;0
AMIENS;49.894;2.295;29/09/2026;13:00;25.6;0;SOLEIL;4;25.2;0
AMIENS;49.894;2.295;29/09/2026;14:00;27.5;0;SOLEIL;5;27.4;0
AMIENS;49.894;2.295;29/09/2026;15:00;27.5;0;SOLEIL;5;29.9;0
AMIENS;49.894;2.295;29/09/2026;16:00;27.5;0;SOLEIL;5;32.4;0
AMIENS;49.894;2.295;29/09/2026;17:00;24.5;0;SOLEIL;4;34.2;0
AMIENS;49.894;2.295;29/09/2026;18:00;24.5;0;SOLEIL;4;35.3;0
AMIENS;49.894;2.295;29/09/2026;19:00;24.5;0;SOLEIL;4;35.6;0
AMIENS;49.894;2.295;29/09/2026;20:00;20.5;0;SOLEIL;5;34.9;0
AMIENS;49.894;2.295;29/09/2026;21:00;19.0;0;SOLEIL;5;32.0;0
AMIENS;49.894;2.295;29/09/2026;22:00;17.4;0;SOLEIL;5;27.7;0
AMIENS;49.894;2.295;29/09/2026;23:00;18;2;NUAGEUX;3;24.8;0
AMIENS;49.894;2.295;30/09/2026;00:00;18;2;NUAGEUX;3;24.5;0
AMIENS;49.894;2.295;30/09/2026;01:00;18;2;NUAGEUX;3;25.2;0
AMIENS;49.894;2.295;30/09/2026;02:00;18;6;AVERSES;5;25.9;0
AMIENS;49.894;2.295;30/09/2026;03:00;18;6;AVERSES;5;25.6;0
AMIENS;49.894;2.295;30/09/2026;04:00;18;6;AVERSES;5;24.8;0
AMIENS;49.894;2.295;30/09/2026;05:00;18.7;2;NUAGEUX;3;24.5;0
AMIENS;49.894;2.295;30/09/2026;06:00;18.7;2;NUAGEUX;3;24.5;0
AMIENS;49.894;2.295;30/09/2026;07:00;18.7;2;NUAGEUX;3;24.5;0
AMIENS;49.894;2.295;30/09/2026;08:00;19.6;6;AVERSES;5;24.8;0
AMIENS;49.894;2.295;30/09/2026;09:00;20.5;6;AVERSES;5;25.9;0
AMIENS;49.894;2.295;30/09/2026;10:00;21.3;6;AVERSES;5;27.7;0
AMIENS;49.894;2.295;30/09/2026;11:00;24.1;7;PLUIE FAIBLE;4;28.8;0
AMIENS;49.894;2.295;30/09/2026;12:00;24.1;7;PLUIE FAIBLE;4;29.5;0
AMIENS;49.894;2.295;30/09/2026;13:00;24.1;7;PLUIE FAIBLE;4;29.5;0
AMIENS;49.894;2.295;30/09/2026;14:00;24.6;6;AVERSES;5;29.5;0
AMIENS;49.894;2.295;30/09/2026;15:00;25.4;6;AVERSES;5;29.2;0
AMIENS;49.894;2.295;30/09/2026;16:00;24.6;6;AVERSES;5;28.8;0
AMIENS;49.894;2.295;30/09/2026;17:00;21.6;6;AVERSES;3;27.7;0
AMIENS;49.894;2.295;30/09/2026;18:00;21.6;6;AVERSES;3;25.9;0
AMIENS;49.894;2.295;30/09/2026;19:00;21.6;6;AVERSES;3;23.4;0
AMIENS;49.894;2.295;30/09/2026;20:00;21.3;6;AVERSES;5;21.2;0
AMIENS;49.894;2.295;30/09/2026;21:00;20.5;6;AVERSES;5;19.1;0
AMIENS;49.894;2.295;30/09/2026;22:00;19.6;6;AVERSES;5;16.9;0
AMIENS;49.894;2.295;30/09/2026;23:00;18.4;6;AVERSES;2;15.5;0
AMIENS;49.894;2.295;01/10/2026;00:00;18.4;6;AVERSES;2;14.4;0
AMIENS;49.894;2.295;01/10/2026;01:00;18.4;6;AVERSES;2;14.0;0
AMIENS;49.894;2.295;01/10/2026;02:00;14.7;7;PLUIE FAIBLE;5;14.8;0
AMIENS;49.894;2.295;01/10/2026;03:00;14.7;7;PLUIE FAIBLE;5;17.6;0
AMIENS;49.894;2.295;01/10/2026;04:00;14.7;7;PLUIE FAIBLE;5;21.6;0
AMIENS;49.894;2.295;01/10/2026;05:00;15.6;7;PLUIE FAIBLE;2;24.5;0
AMIENS;49.894;2.295;01/10/2026;06:00;15.6;7;PLUIE FAIBLE;2;24.8;0
AMIENS;49.894;2.295;01/10/2026;07:00;15.6;7;PLUIE FAIBLE;2;24.1;0
AMIENS;49.894;2.295;01/10/2026;08:00;16.0;7;PLUIE FAIBLE;5;24.1;0
AMIENS;49.894;2.295;01/10/2026;09:00;16.7;7;PLUIE FAIBLE;5;26.3;0
AMIENS;49.894;2.295;01/10/2026;10:00;17.3;7;PLUIE FAIBLE;5;29.5;0
AMIENS;49.894;2.295;01/10/2026;11:00;20;7;PLUIE FAIBLE;3;32.0;0
AMIENS;49.894;2.295;01/10/2026;12:00;20;7;PLUIE FAIBLE;3;33.5;0
AMIENS;49.894;2.295;01/10/2026;13:00;20;7;PLUIE FAIBLE;3;34.2;0
AMIENS;49.894;2.295;01/10/2026;14:00;19.9;7;PLUIE FAIBLE;5;34.9;0
AMIENS;49.894;2.295;01/10/2026;15:00;20.6;7;PLUIE FAIBLE;5;35.3;0
AMIENS;49.894;2.295;01/10/2026;16:00;19.9;7;PLUIE FAIBLE;5;35.6;0
AMIENS;49.894;2.295;01/10/2026;17:00;17;7;PLUIE FAIBLE;2;35.3;0
AMIENS;49.894;2.295;01/10/2026;18:00;17;7;PLUIE FAIBLE;2;33.8;0
AMIENS;49.894;2.295;01/10/2026;19:00;17;7;PLUIE FAIBLE;2;31.7;0
AMIENS;49.894;2.295;01/10/2026;20:00;17.3;7;PLUIE FAIBLE;5;30.2;0
AMIENS;49.894;2.295;01/10/2026;21:00;16.7;7;PLUIE FAIBLE;5;23.8;0
AMIENS;49.894;2.295;01/10/2026;22:00;16.0;7;PLUIE FAIBLE;5;22.3;0
AMIENS;49.894;2.295;01/10/2026;23:00;13.6;0;SOLEIL;2;20.9;0
AMIENS;49.894;2.295;02/10/2026;00:00;13.6;0;SOLEIL;2;19.4;0
AMIENS;49.894;2.295;02/10/2026;01:00;13.6;0;SOLEIL;2;18.0;0
AMIENS;49.894;2.295;02/10/2026;02:00;10.6;0;SOLEIL;5;16.2;0
AMIENS;49.894;2.295;02/10/2026;03:00;10.6;0;SOLEIL;5;14.0;0
AMIENS;49.894;2.295;02/10/2026;04:00;10.6;0;SOLEIL;5;11.9;0
AMIENS;49.894;2.295;02/10/2026;05:00;11.5;0;SOLEIL;2;9.0;0
AMIENS;49.894;2.295;02/10/2026;06:00;11.5;0;SOLEIL;2;6.8;0
AMIENS;49.894;2.295;02/10/2026;07:00;11.5;0;SOLEIL;2;5.4;0
AMIENS;49.894;2.295;02/10/2026;08:00;12.9;0;SOLEIL;5;4.7;0
AMIENS;49.894;2.295;02/10/2026;09:00;14.1;0;SOLEIL;5;5.4;0
AMIENS;49.894;2.295;02/10/2026;10:00;15.2;0;SOLEIL;5;7.2;0
AMIENS;49.894;2.295;02/10/2026;11:00;20.2;0;SOLEIL;3;10.1;0
AMIENS;49.894;2.295;02/10/2026;12:00;20.2;0;SOLEIL;3;12.6;0
AMIENS;49.894;2.295;02/10/2026;13:00;20.2;0;SOLEIL;3;15.1;0
AMIENS;49.894;2.295;02/10/2026;14:00;19.8;0;SOLEIL;5;16.9;0
AMIENS;49.894;2.295;02/10/2026;15:00;21.0;0;SOLEIL;5;18.0;0
AMIENS;49.894;2.295;02/10/2026;16:00;19.8;0;SOLEIL;5;18.7;0
AMIENS;49.894;2.295;02/10/2026;17:00;16.4;0;SOLEIL;2;19.1;0
AMIENS;49.894;2.295;02/10/2026;18:00;16.4;0;SOLEIL;2;19.1;0
AMIENS;49.894;2.295;02/10/2026;19:00;16.4;0;SOLEIL;2;19.4;0
AMIENS;49.894;2.295;02/10/2026;20:00;15.2;0;SOLEIL;5;19.4;0
AMIENS;49.894;2.295;02/10/2026;21:00;14.1;0;SOLEIL;5;19.8;0
AMIENS;49.894;2.295;02/10/2026;22:00;12.9;0;SOLEIL;5;19.8;0
AMIENS;49.894;2.295;02/10/2026;23:00;13.1;0;SOLEIL;2;20.2;0
AMIENS;49.894;2.295;03/10/2026;00:00;13.1;0;SOLEIL;2;20.2;0
AMIENS;49.894;2.295;03/10/2026;01:00;13.1;0;SOLEIL;2;19.8;0
AMIENS;49.894;2.295;03/10/2026;02:00;10.4;0;SOLEIL;5;18.7;0
AMIENS;49.894;2.295;03/10/2026;03:00;10.4;0;SOLEIL;5;16.9;0
AMIENS;49.894;2.295;03/10/2026;04:00;10.4;0;SOLEIL;5;14.0;0
AMIENS;49.894;2.295;03/10/2026;05:00;11.2;0;SOLEIL;2;10.8;0
AMIENS;49.894;2.295;03/10/2026;06:00;11.2;0;SOLEIL;2;7.6;0
AMIENS;49.894;2.295;03/10/2026;07:00;11.2;0;SOLEIL;2;5.4;0
AMIENS;49.894;2.295;03/10/2026;08:00;12.7;0;SOLEIL;5;4.3;0
AMIENS;49.894;2.295;03/10/2026;09:00;13.8;0;SOLEIL;5;5.0;0
AMIENS;49.894;2.295;03/10/2026;10:00;14.9;0;SOLEIL;5;6.8;0
AMIENS;49.894;2.295;03/10/2026;11:00;19.9;0;SOLEIL;3;9.4;0
AMIENS;49.894;2.295;03/10/2026;12:00;19.9;0;SOLEIL;3;11.9;0
AMIENS;49.894;2.295;03/10/2026;13:00;19.9;0;SOLEIL;3;14.4;0
AMIENS;49.894;2.295;03/10/2026;14:00;19.5;0;SOLEIL;5;16.2;0
AMIENS;49.894;2.295;03/10/2026;15:00;20.6;0;SOLEIL;5;16.9;0
AMIENS;49.894;2.295;03/10/2026;16:00;19.5;0;SOLEIL;5;17.3;0
AMIENS;49.894;2.295;03/10/2026;17:00;16.5;0;SOLEIL;3;17.3;0
AMIENS;49.894;2.295;03/10/2026;18:00;16.5;0;SOLEIL;3;17.3;0
AMIENS;49.894;2.295;03/10/2026;19:00;16.5;0;SOLEIL;3;17.3;0
AMIENS;49.894;2.295;03/10/2026;20:00;14.9;0;SOLEIL;5;17.6;0
AMIENS;49.894;2.295;03/10/2026;21:00;13.8;0;SOLEIL;5;18.4;0
AMIENS;49.894;2.295;03/10/2026;22:00;12.7;0;SOLEIL;5;19.8;0
AMIENS;49.894;2.295;03/10/2026;23:00;13.2;0;SOLEIL;3;20.9;0
AMIENS;49.894;2.295;04/10/2026;00:00;13.2;0;SOLEIL;3;22.3;0
AMIENS;49.894;2.295;04/10/2026;01:00;13.2;0;SOLEIL;3;23.0;0
AMIENS;49.894;2.295;04/10/2026;02:00;10.4;0;SOLEIL;5;23.4;0
AMIENS;49.894;2.295;04/10/2026;03:00;10.4;0;SOLEIL;5;23.0;0
AMIENS;49.894;2.295;04/10/2026;04:00;10.4;0;SOLEIL;5;21.6;0
AMIENS;49.894;2.295;04/10/2026;05:00;11.1;0;SOLEIL;3;20.2;0
AMIENS;49.894;2.295;04/10/2026;06:00;11.1;0;SOLEIL;3;18.7;0
AMIENS;49.894;2.295;04/10/2026;07:00;11.1;0;SOLEIL;3;17.6;0
AMIENS;49.894;2.295;04/10/2026;08:00;12.6;0;SOLEIL;5;17.3;0
AMIENS;49.894;2.295;04/10/2026;09:00;13.6;0;SOLEIL;5;18.0;0
AMIENS;49.894;2.295;04/10/2026;10:00;14.7;0;SOLEIL;5;19.4;0
AMIENS;49.894;2.295;04/10/2026;11:00;19.4;0;SOLEIL;3;21.2;0
AMIENS;49.894;2.295;04/10/2026;12:00;19.4;0;SOLEIL;3;23.0;0
AMIENS;49.894;2.295;04/10/2026;13:00;19.4;0;SOLEIL;3;24.8;0
AMIENS;49.894;2.295;04/10/2026;14:00;19.0;0;SOLEIL;5;25.9;0
AMIENS;49.894;2.295;04/10/2026;15:00;20.1;0;SOLEIL;5;26.3;0
AMIENS;49.894;2.295;04/10/2026;16:00;19.0;0;SOLEIL;5;26.6;0
AMIENS;49.894;2.295;04/10/2026;17:00;15.7;0;SOLEIL;3;26.6;0
AMIENS;49.894;2.295;04/10/2026;18:00;15.7;0;SOLEIL;3;26.3;0
AMIENS;49.894;2.295;04/10/2026;19:00;15.7;0;SOLEIL;3;26.3;0
AMIENS;49.894;2.295;04/10/2026;20:00;14.7;0;SOLEIL;5;25.9;0
AMIENS;49.894;2.295;04/10/2026;21:00;13.6;0;SOLEIL;5;25.9;0
AMIENS;49.894;2.295;04/10/2026;22:00;12.6;0;SOLEIL;5;25.6;0
AMIENS;49.894;2.295;04/10/2026;23:00;13.1;0;SOLEIL;3;25.6;0
NICE;43.71;7.26;27/09/2026;00:00;21;0;SOLEIL;2;13.0;0
NICE;43.71;7.26;27/09/2026;01:00;20.3;0;SOLEIL;2;12.6;0
NICE;43.71;7.26;27/09/2026;02:00;19.9;5;SOLEIL VOILÉ;2;12.6;0
NICE;43.71;7.26;27/09/2026;03:00;20.1;5;SOLEIL VOILÉ;2;13.0;0
NICE;43.71;7.26;27/09/2026;04:00;19.5;0;SOLEIL;2;13.0;0
NICE;43.71;7.26;27/09/2026;05:00;19.5;0;SOLEIL;2;13.0;0
NICE;43.71;7.26;27/09/2026;06:00;20.3;0;SOLEIL;2;13.0;0
NICE;43.71;7.26;27/09/2026;07:00;21.4;0;SOLEIL;2;13.3;0
NICE;43.71;7.26;27/09/2026;08:00;24.1;0;SOLEIL;1;13.7;0
NICE;43.71;7.26;27/09/2026;09:00;24.4;0;SOLEIL;2;13.3;0
NICE;43.71;7.26;27/09/2026;10:00;25.2;0;SOLEIL;3;10.4;0
NICE;43.71;7.26;27/09/2026;11:00;25.4;0;SOLEIL;3;6.8;0
NICE;43.71;7.26;27/09/2026;12:00;25.4;0;SOLEIL;3;13.3;0
NICE;43.71;7.26;27/09/2026;13:00;25.3;0;SOLEIL;3;11.5;0
NICE;43.71;7.26;27/09/2026;14:00;25.3;0;SOLEIL;3;14.0;0
NICE;43.71;7.26;27/09/2026;15:00;25.4;0;SOLEIL;2;14.4;0
NICE;43.71;7.26;27/09/2026;16:00;25.1;0;SOLEIL;2;14.4;0
NICE;43.71;7.26;27/09/2026;17:00;24.3;0;SOLEIL;2;13.3;0
NICE;43.71;7.26;27/09/2026;18:00;23.6;0;SOLEIL;1;10.8;0
NICE;43.71;7.26;27/09/2026;19:00;23;0;SOLEIL;0;7.9;0
NICE;43.71;7.26;27/09/2026;20:00;22.1;0;SOLEIL;2;4.3;0
NICE;43.71;7.26;27/09/2026;21:00;21.2;0;SOLEIL;2;9.7;0
NICE;43.71;7.26;27/09/2026;22:00;20.5;0;SOLEIL;2;11.5;0
NICE;43.71;7.26;27/09/2026;23:00;19.7;0;SOLEIL;3;13.0;0
NICE;43.71;7.26;28/09/2026;00:00;19.5;0;SOLEIL;3;13.0;0
NICE;43.71;7.26;28/09/2026;01:00;19.5;0;SOLEIL;3;12.6;0
NICE;43.71;7.26;28/09/2026;02:00;18.6;0;SOLEIL;3;13.0;0
NICE;43.71;7.26;28/09/2026;03:00;18.6;0;SOLEIL;3;13.9;0
NICE;43.71;7.26;28/09/2026;04:00;18.6;0;SOLEIL;3;14.2;0
NICE;43.71;7.26;28/09/2026;05:00;18.7;0;SOLEIL;3;14.5;0
NICE;43.71;7.26;28/09/2026;06:00;18.7;0;SOLEIL;3;14.4;0
NICE;43.71;7.26;28/09/2026;07:00;18.7;0;SOLEIL;3;14.4;0
NICE;43.71;7.26;28/09/2026;08:00;24.5;0;SOLEIL;1;14.8;0
NICE;43.71;7.26;28/09/2026;09:00;24.5;0;SOLEIL;1;14.8;0
NICE;43.71;7.26;28/09/2026;10:00;24.5;0;SOLEIL;1;12.6;0
NICE;43.71;7.26;28/09/2026;11:00;25.2;0;SOLEIL;3;10.1;0
NICE;43.71;7.26;28/09/2026;12:00;25.2;0;SOLEIL;3;18.0;0
NICE;43.71;7.26;28/09/2026;13:00;25.2;0;SOLEIL;3;20.9;0
NICE;43.71;7.26;28/09/2026;14:00;25.4;0;SOLEIL;2;20.9;0
NICE;43.71;7.26;28/09/2026;15:00;25.4;0;SOLEIL;2;21.2;0
NICE;43.71;7.26;28/09/2026;16:00;25.4;0;SOLEIL;2;20.9;0
NICE;43.71;7.26;28/09/2026;17:00;24;0;SOLEIL;0;18.7;0
NICE;43.71;7.26;28/09/2026;18:00;24;0;SOLEIL;0;14.8;0
NICE;43.71;7.26;28/09/2026;19:00;24;0;SOLEIL;0;10.8;0
NICE;43.71;7.26;28/09/2026;20:00;21.9;0;SOLEIL;2;5.8;0
NICE;43.71;7.26;28/09/2026;21:00;21.9;0;SOLEIL;2;8.3;0
NICE;43.71;7.26;28/09/2026;22:00;21.9;0;SOLEIL;2;10.1;0
NICE;43.71;7.26;28/09/2026;23:00;20.7;0;SOLEIL;2;10.1;0
NICE;43.71;7.26;29/09/2026;00:00;20.7;0;SOLEIL;2;9.4;0
NICE;43.71;7.26;29/09/2026;01:00;20.7;0;SOLEIL;2;12.2;0
NICE;43.71;7.26;29/09/2026;02:00;19.4;0;SOLEIL;3;13.3;0
NICE;43.71;7.26;29/09/2026;03:00;19.4;0;SOLEIL;3;12.6;0
NICE;43.71;7.26;29/09/2026;04:00;19.4;0;SOLEIL;3;14.0;0
NICE;43.71;7.26;29/09/2026;05:00;19.7;5;SOLEIL VOILÉ;3;14.4;0
NICE;43.71;7.26;29/09/2026;06:00;19.7;5;SOLEIL VOILÉ;3;13.0;0
NICE;43.71;7.26;29/09/2026;07:00;19.7;5;SOLEIL VOILÉ;3;14.0;0
NICE;43.71;7.26;29/09/2026;08:00;25.1;5;SOLEIL VOILÉ;1;15.1;0
NICE;43.71;7.26;29/09/2026;09:00;25.1;5;SOLEIL VOILÉ;1;13.3;0
NICE;43.71;7.26;29/09/2026;10:00;25.1;5;SOLEIL VOILÉ;1;10.8;0
NICE;43.71;7.26;29/09/2026;11:00;25.5;5;SOLEIL VOILÉ;3;11.2;0
NICE;43.71;7.26;29/09/2026;12:00;25.5;5;SOLEIL VOILÉ;3;16.9;0
NICE;43.71;7.26;29/09/2026;13:00;25.5;5;SOLEIL VOILÉ;3;25.6;0
NICE;43.71;7.26;29/09/2026;14:00;25.6;5;SOLEIL VOILÉ;3;31.7;0
NICE;43.71;7.26;29/09/2026;15:00;25.6;5;SOLEIL VOILÉ;3;34.2;0
NICE;43.71;7.26;29/09/2026;16:00;25.6;5;SOLEIL VOILÉ;3;34.2;0
NICE;43.71;7.26;29/09/2026;17:00;24.1;5;SOLEIL VOILÉ;1;32.0;0
NICE;43.71;7.26;29/09/2026;18:00;24.1;5;SOLEIL VOILÉ;1;25.6;0
NICE;43.71;7.26;29/09/2026;19:00;24.1;5;SOLEIL VOILÉ;1;16.9;0
NICE;43.71;7.26;29/09/2026;20:00;22.4;5;SOLEIL VOILÉ;5;10.4;0
NICE;43.71;7.26;29/09/2026;21:00;21.5;5;SOLEIL VOILÉ;5;9.0;0
NICE;43.71;7.26;29/09/2026;22:00;20.5;5;SOLEIL VOILÉ;5;10.1;0
NICE;43.71;7.26;29/09/2026;23:00;22.5;0;SOLEIL;2;11.9;0
NICE;43.71;7.26;30/09/2026;00:00;22.5;0;SOLEIL;2;14.8;0
NICE;43.71;7.26;30/09/2026;01:00;22.5;0;SOLEIL;2;18.7;0
NICE;43.71;7.26;30/09/2026;02:00;19.5;0;SOLEIL;5;21.2;0
NICE;43.71;7.26;30/09/2026;03:00;19.5;0;SOLEIL;5;22.3;0
NICE;43.71;7.26;30/09/2026;04:00;19.5;0;SOLEIL;5;22.0;0
NICE;43.71;7.26;30/09/2026;05:00;20.7;0;SOLEIL;3;20.9;0
NICE;43.71;7.26;30/09/2026;06:00;20.7;0;SOLEIL;3;18.4;0
NICE;43.71;7.26;30/09/2026;07:00;20.7;0;SOLEIL;3;14.8;0
NICE;43.71;7.26;30/09/2026;08:00;21.0;0;SOLEIL;5;11.9;0
NICE;43.71;7.26;30/09/2026;09:00;21.8;0;SOLEIL;5;10.4;0
NICE;43.71;7.26;30/09/2026;10:00;22.6;0;SOLEIL;5;9.7;0
NICE;43.71;7.26;30/09/2026;11:00;25.5;0;SOLEIL;3;11.2;0
NICE;43.71;7.26;30/09/2026;12:00;25.5;0;SOLEIL;3;15.5;0
NICE;43.71;7.26;30/09/2026;13:00;25.5;0;SOLEIL;3;21.6;0
NICE;43.71;7.26;30/09/2026;14:00;25.6;0;SOLEIL;5;27.0;0
NICE;43.71;7.26;30/09/2026;15:00;26.4;0;SOLEIL;5;31.0;0
NICE;43.71;7.26;30/09/2026;16:00;25.6;0;SOLEIL;5;33.5;0
NICE;43.71;7.26;30/09/2026;17:00;24.2;0;SOLEIL;0;34.2;0
NICE;43.71;7.26;30/09/2026;18:00;24.2;0;SOLEIL;0;31.3;0
NICE;43.71;7.26;30/09/2026;19:00;24.2;0;SOLEIL;0;25.9;0
NICE;43.71;7.26;30/09/2026;20:00;22.6;0;SOLEIL;5;21.2;0
NICE;43.71;7.26;30/09/2026;21:00;21.8;0;SOLEIL;5;18.4;0
NICE;43.71;7.26;30/09/2026;22:00;21.0;0;SOLEIL;5;15.8;0
NICE;43.71;7.26;30/09/2026;23:00;22.9;2;NUAGEUX;2;14.4;0
NICE;43.71;7.26;01/10/2026;00:00;22.9;2;NUAGEUX;2;14.0;0
NICE;43.71;7.26;01/10/2026;01:00;22.9;2;NUAGEUX;2;14.8;0
NICE;43.71;7.26;01/10/2026;02:00;20.2;2;NUAGEUX;5;15.3;0
NICE;43.71;7.26;01/10/2026;03:00;20.2;2;NUAGEUX;5;14.8;0
NICE;43.71;7.26;01/10/2026;04:00;20.2;2;NUAGEUX;5;13.3;0
NICE;43.71;7.26;01/10/2026;05:00;21.2;2;NUAGEUX;3;12.2;0
NICE;43.71;7.26;01/10/2026;06:00;21.2;2;NUAGEUX;3;12.6;0
NICE;43.71;7.26;01/10/2026;07:00;21.2;2;NUAGEUX;3;13.7;0
NICE;43.71;7.26;01/10/2026;08:00;21.4;2;NUAGEUX;5;13.7;0
NICE;43.71;7.26;01/10/2026;09:00;22.0;2;NUAGEUX;5;11.5;0
NICE;43.71;7.26;01/10/2026;10:00;22.6;2;NUAGEUX;5;8.6;0
NICE;43.71;7.26;01/10/2026;11:00;24.9;2;NUAGEUX;3;7.6;0
NICE;43.71;7.26;01/10/2026;12:00;24.9;2;NUAGEUX;3;10.1;0
NICE;43.71;7.26;01/10/2026;13:00;24.9;2;NUAGEUX;3;14.0;0
NICE;43.71;7.26;01/10/2026;14:00;25.1;2;NUAGEUX;5;16.2;0
NICE;43.71;7.26;01/10/2026;15:00;25.7;2;NUAGEUX;5;13.7;0
NICE;43.71;7.26;01/10/2026;16:00;25.1;2;NUAGEUX;5;9.4;0
NICE;43.71;7.26;01/10/2026;17:00;24;2;NUAGEUX;0;6.8;0
NICE;43.71;7.26;01/10/2026;18:00;24;2;NUAGEUX;0;8.3;0
NICE;43.71;7.26;01/10/2026;19:00;24;2;NUAGEUX;0;11.5;0
NICE;43.71;7.26;01/10/2026;20:00;22.6;2;NUAGEUX;5;14.4;0
NICE;43.71;7.26;01/10/2026;21:00;22.0;2;NUAGEUX;5;15.8;0
NICE;43.71;7.26;01/10/2026;22:00;21.4;2;NUAGEUX;5;16.9;0
NICE;43.71;7.26;01/10/2026;23:00;22.7;2;NUAGEUX;2;16.6;0
NICE;43.71;7.26;02/10/2026;00:00;22.7;2;NUAGEUX;2;14.8;0
NICE;43.71;7.26;02/10/2026;01:00;22.7;2;NUAGEUX;2;11.5;0
NICE;43.71;7.26;02/10/2026;02:00;20.4;2;NUAGEUX;5;9.0;0
NICE;43.71;7.26;02/10/2026;03:00;20.4;2;NUAGEUX;5;6.8;0
NICE;43.71;7.26;02/10/2026;04:00;20.4;2;NUAGEUX;5;4.7;0
NICE;43.71;7.26;02/10/2026;05:00;21.2;2;NUAGEUX;2;4.0;0
NICE;43.71;7.26;02/10/2026;06:00;21.2;2;NUAGEUX;2;5.8;0
NICE;43.71;7.26;02/10/2026;07:00;21.2;2;NUAGEUX;2;9.4;0
NICE;43.71;7.26;02/10/2026;08:00;21.4;2;NUAGEUX;5;11.2;0
NICE;43.71;7.26;02/10/2026;09:00;21.9;2;NUAGEUX;5;9.7;0
NICE;43.71;7.26;02/10/2026;10:00;22.4;2;NUAGEUX;5;7.2;0
NICE;43.71;7.26;02/10/2026;11:00;24.2;2;NUAGEUX;3;5.8;0
NICE;43.71;7.26;02/10/2026;12:00;24.2;2;NUAGEUX;3;7.2;0
NICE;43.71;7.26;02/10/2026;13:00;24.2;2;NUAGEUX;3;10.4;0
NICE;43.71;7.26;02/10/2026;14:00;24.5;2;NUAGEUX;5;12.6;0
NICE;43.71;7.26;02/10/2026;15:00;25.0;2;NUAGEUX;5;13.7;0
NICE;43.71;7.26;02/10/2026;16:00;24.5;2;NUAGEUX;5;14.0;0
NICE;43.71;7.26;02/10/2026;17:00;23.4;7;PLUIE FAIBLE;0;13.3;0
NICE;43.71;7.26;02/10/2026;18:00;23.4;7;PLUIE FAIBLE;0;10.1;0
NICE;43.71;7.26;02/10/2026;19:00;23.4;7;PLUIE FAIBLE;0;5.8;0
NICE;43.71;7.26;02/10/2026;20:00;22.4;2;NUAGEUX;5;3.6;0
NICE;43.71;7.26;02/10/2026;21:00;21.9;2;NUAGEUX;5;5.8;0
NICE;43.71;7.26;02/10/2026;22:00;21.4;2;NUAGEUX;5;10.1;0
NICE;43.71;7.26;02/10/2026;23:00;21.9;0;SOLEIL;2;13.7;0
NICE;43.71;7.26;03/10/2026;00:00;21.9;0;SOLEIL;2;15.1;0
NICE;43.71;7.26;03/10/2026;01:00;21.9;0;SOLEIL;2;15.5;0
NICE;43.71;7.26;03/10/2026;02:00;19.6;0;SOLEIL;5;15.8;0
NICE;43.71;7.26;03/10/2026;03:00;19.6;0;SOLEIL;5;15.8;0
NICE;43.71;7.26;03/10/2026;04:00;19.6;0;SOLEIL;5;15.5;0
NICE;43.71;7.26;03/10/2026;05:00;20.5;0;SOLEIL;3;15.5;0
NICE;43.71;7.26;03/10/2026;06:00;20.5;0;SOLEIL;3;16.2;0
NICE;43.71;7.26;03/10/2026;07:00;20.5;0;SOLEIL;3;17.3;0
NICE;43.71;7.26;03/10/2026;08:00;20.7;0;SOLEIL;5;16.9;0
NICE;43.71;7.26;03/10/2026;09:00;21.3;0;SOLEIL;5;13.3;0
NICE;43.71;7.26;03/10/2026;10:00;21.9;0;SOLEIL;5;8.6;0
NICE;43.71;7.26;03/10/2026;11:00;24.1;7;PLUIE FAIBLE;3;6.8;0
NICE;43.71;7.26;03/10/2026;12:00;24.1;7;PLUIE FAIBLE;3;15.3;0
NICE;43.71;7.26;03/10/2026;13:00;24.1;7;PLUIE FAIBLE;3;23.9;0
NICE;43.71;7.26;03/10/2026;14:00;24.1;0;SOLEIL;5;28.3;0
NICE;43.71;7.26;03/10/2026;15:00;24.7;0;SOLEIL;5;29.9;0
NICE;43.71;7.26;03/10/2026;16:00;24.1;0;SOLEIL;5;30.2;0
NICE;43.71;7.26;03/10/2026;17:00;22.7;6;AVERSES;0;30.2;0
NICE;43.71;7.26;03/10/2026;18:00;22.7;6;AVERSES;0;29.9;0
NICE;43.71;7.26;03/10/2026;19:00;22.7;6;AVERSES;0;29.5;0
NICE;43.71;7.26;03/10/2026;20:00;21.9;0;SOLEIL;5;28.8;0
NICE;43.71;7.26;03/10/2026;21:00;21.3;0;SOLEIL;5;27.7;0
NICE;43.71;7.26;03/10/2026;22:00;20.7;0;SOLEIL;5;25.6;0
NICE;43.71;7.26;03/10/2026;23:00;21.1;0;SOLEIL;2;23.8;0
NICE;43.71;7.26;04/10/2026;00:00;21.1;0;SOLEIL;2;21.6;0
NICE;43.71;7.26;04/10/2026;01:00;21.1;0;SOLEIL;2;19.8;0
NICE;43.71;7.26;04/10/2026;02:00;18.6;0;SOLEIL;5;19.1;0
NICE;43.71;7.26;04/10/2026;03:00;18.6;0;SOLEIL;5;19.1;0
NICE;43.71;7.26;04/10/2026;04:00;18.6;0;SOLEIL;5;19.8;0
NICE;43.71;7.26;04/10/2026;05:00;19.6;0;SOLEIL;3;20.9;0
NICE;43.71;7.26;04/10/2026;06:00;19.6;0;SOLEIL;3;22.0;0
NICE;43.71;7.26;04/10/2026;07:00;19.6;0;SOLEIL;3;23.4;0
NICE;43.71;7.26;04/10/2026;08:00;19.9;0;SOLEIL;5;24.1;0
NICE;43.71;7.26;04/10/2026;09:00;20.5;0;SOLEIL;5;24.8;0
NICE;43.71;7.26;04/10/2026;10:00;21.2;0;SOLEIL;5;25.2;0
NICE;43.71;7.26;04/10/2026;11:00;23.6;0;SOLEIL;3;25.6;0
NICE;43.71;7.26;04/10/2026;12:00;23.6;0;SOLEIL;3;25.9;0
NICE;43.71;7.26;04/10/2026;13:00;23.6;0;SOLEIL;3;26.3;0
NICE;43.71;7.26;04/10/2026;14:00;23.8;0;SOLEIL;5;26.3;0
NICE;43.71;7.26;04/10/2026;15:00;24.4;0;SOLEIL;5;26.3;0
NICE;43.71;7.26;04/10/2026;16:00;23.8;0;SOLEIL;5;26.3;0
NICE;43.71;7.26;04/10/2026;17:00;22.1;7;PLUIE FAIBLE;0;26.3;0
NICE;43.71;7.26;04/10/2026;18:00;22.1;7;PLUIE FAIBLE;0;25.9;0
NICE;43.71;7.26;04/10/2026;19:00;22.1;7;PLUIE FAIBLE;0;25.6;0
NICE;43.71;7.26;04/10/2026;20:00;21.2;0;SOLEIL;5;24.8;0
NICE;43.71;7.26;04/10/2026;21:00;20.5;0;SOLEIL;5;23.4;0
NICE;43.71;7.26;04/10/2026;22:00;19.9;0;SOLEIL;5;21.6;0
NICE;43.71;7.26;04/10/2026;23:00;20.5;0;SOLEIL;2;19.4;0
AJACCIO;41.92;8.73;27/09/2026;00:00;20.2;0;SOLEIL;1;10.8;0
AJACCIO;41.92;8.73;27/09/2026;01:00;20.2;0;SOLEIL;1;11.2;0
AJACCIO;41.92;8.73;27/09/2026;02:00;19.9;0;SOLEIL;1;11.5;0
AJACCIO;41.92;8.73;27/09/2026;03:00;19.4;5;SOLEIL VOILÉ;1;11.5;0
AJACCIO;41.92;8.73;27/09/2026;04:00;19.5;5;SOLEIL VOILÉ;1;11.9;0
AJACCIO;41.92;8.73;27/09/2026;05:00;19.1;5;SOLEIL VOILÉ;1;11.9;0
AJACCIO;41.92;8.73;27/09/2026;06:00;19.9;5;SOLEIL VOILÉ;1;12.2;0
AJACCIO;41.92;8.73;27/09/2026;07:00;22.3;5;SOLEIL VOILÉ;1;12.2;0
AJACCIO;41.92;8.73;27/09/2026;08:00;25.1;5;SOLEIL VOILÉ;1;11.9;0
AJACCIO;41.92;8.73;27/09/2026;09:00;26.7;5;SOLEIL VOILÉ;1;11.5;0
AJACCIO;41.92;8.73;27/09/2026;10:00;27.7;5;SOLEIL VOILÉ;3;9.4;0
AJACCIO;41.92;8.73;27/09/2026;11:00;28.6;5;SOLEIL VOILÉ;4;9.0;0
AJACCIO;41.92;8.73;27/09/2026;12:00;29;5;SOLEIL VOILÉ;4;15.8;0
AJACCIO;41.92;8.73;27/09/2026;13:00;28.3;5;SOLEIL VOILÉ;3;25.6;0
AJACCIO;41.92;8.73;27/09/2026;14:00;28.1;0;SOLEIL;3;28.4;0
AJACCIO;41.92;8.73;27/09/2026;15:00;27.4;0;SOLEIL;3;28.1;0
AJACCIO;41.92;8.73;27/09/2026;16:00;25.9;0;SOLEIL;3;25.9;0
AJACCIO;41.92;8.73;27/09/2026;17:00;24;0;SOLEIL;3;23.0;0
AJACCIO;41.92;8.73;27/09/2026;18:00;22.7;0;SOLEIL;3;19.8;0
AJACCIO;41.92;8.73;27/09/2026;19:00;22;0;SOLEIL;1;13.7;0
AJACCIO;41.92;8.73;27/09/2026;20:00;21.9;0;SOLEIL;1;9.0;0
AJACCIO;41.92;8.73;27/09/2026;21:00;21.6;0;SOLEIL;1;8.3;0
AJACCIO;41.92;8.73;27/09/2026;22:00;21.5;0;SOLEIL;1;9.4;0
AJACCIO;41.92;8.73;27/09/2026;23:00;20.9;0;SOLEIL;2;8.6;0
AJACCIO;41.92;8.73;28/09/2026;00:00;20.5;0;SOLEIL;2;8.3;0
AJACCIO;41.92;8.73;28/09/2026;01:00;20.5;0;SOLEIL;2;9.4;0
AJACCIO;41.92;8.73;28/09/2026;02:00;17.9;0;SOLEIL;1;10.4;0
AJACCIO;41.92;8.73;28/09/2026;03:00;17.9;0;SOLEIL;1;10.1;0
AJACCIO;41.92;8.73;28/09/2026;04:00;17.9;0;SOLEIL;1;10.4;0
AJACCIO;41.92;8.73;28/09/2026;05:00;18;0;SOLEIL;2;11.2;0
AJACCIO;41.92;8.73;28/09/2026;06:00;18;0;SOLEIL;2;11.5;0
AJACCIO;41.92;8.73;28/09/2026;07:00;18;0;SOLEIL;2;11.9;0
AJACCIO;41.92;8.73;28/09/2026;08:00;26.4;0;SOLEIL;1;11.9;0
AJACCIO;41.92;8.73;28/09/2026;09:00;26.4;0;SOLEIL;1;11.2;0
AJACCIO;41.92;8.73;28/09/2026;10:00;26.4;0;SOLEIL;1;7.9;0
AJACCIO;41.92;8.73;28/09/2026;11:00;28.2;0;SOLEIL;4;18.7;0
AJACCIO;41.92;8.73;28/09/2026;12:00;28.2;0;SOLEIL;4;20.5;0
AJACCIO;41.92;8.73;28/09/2026;13:00;28.2;0;SOLEIL;4;22.0;0
AJACCIO;41.92;8.73;28/09/2026;14:00;27.9;0;SOLEIL;3;27.7;0
AJACCIO;41.92;8.73;28/09/2026;15:00;27.9;0;SOLEIL;3;31.0;0
AJACCIO;41.92;8.73;28/09/2026;16:00;27.9;0;SOLEIL;3;30.2;0
AJACCIO;41.92;8.73;28/09/2026;17:00;23.6;0;SOLEIL;1;27.7;0
AJACCIO;41.92;8.73;28/09/2026;18:00;23.6;0;SOLEIL;1;19.8;0
AJACCIO;41.92;8.73;28/09/2026;19:00;23.6;0;SOLEIL;1;16.2;0
AJACCIO;41.92;8.73;28/09/2026;20:00;21.2;0;SOLEIL;1;11.2;0
AJACCIO;41.92;8.73;28/09/2026;21:00;21.2;0;SOLEIL;1;6.8;0
AJACCIO;41.92;8.73;28/09/2026;22:00;21.2;0;SOLEIL;1;10.1;0
AJACCIO;41.92;8.73;28/09/2026;23:00;18.6;0;SOLEIL;1;10.4;0
AJACCIO;41.92;8.73;29/09/2026;00:00;18.6;0;SOLEIL;1;10.8;0
AJACCIO;41.92;8.73;29/09/2026;01:00;18.6;0;SOLEIL;1;11.5;0
AJACCIO;41.92;8.73;29/09/2026;02:00;17.7;0;SOLEIL;2;10.8;0
AJACCIO;41.92;8.73;29/09/2026;03:00;17.7;0;SOLEIL;2;11.5;0
AJACCIO;41.92;8.73;29/09/2026;04:00;17.7;0;SOLEIL;2;11.9;0
AJACCIO;41.92;8.73;29/09/2026;05:00;17.6;0;SOLEIL;1;11.9;0
AJACCIO;41.92;8.73;29/09/2026;06:00;17.6;0;SOLEIL;1;14.0;0
AJACCIO;41.92;8.73;29/09/2026;07:00;17.6;0;SOLEIL;1;14.0;0
AJACCIO;41.92;8.73;29/09/2026;08:00;27.1;0;SOLEIL;1;13.3;0
AJACCIO;41.92;8.73;29/09/2026;09:00;27.1;0;SOLEIL;1;12.6;0
AJACCIO;41.92;8.73;29/09/2026;10:00;27.1;0;SOLEIL;1;11.5;0
AJACCIO;41.92;8.73;29/09/2026;11:00;29;0;SOLEIL;4;11.9;0
AJACCIO;41.92;8.73;29/09/2026;12:00;29;0;SOLEIL;4;15.5;0
AJACCIO;41.92;8.73;29/09/2026;13:00;29;0;SOLEIL;4;20.9;0
AJACCIO;41.92;8.73;29/09/2026;14:00;28.6;0;SOLEIL;3;24.5;0
AJACCIO;41.92;8.73;29/09/2026;15:00;28.6;0;SOLEIL;3;25.6;0
AJACCIO;41.92;8.73;29/09/2026;16:00;28.6;0;SOLEIL;3;25.2;0
AJACCIO;41.92;8.73;29/09/2026;17:00;24.6;0;SOLEIL;1;23.0;0
AJACCIO;41.92;8.73;29/09/2026;18:00;24.6;0;SOLEIL;1;18.0;0
AJACCIO;41.92;8.73;29/09/2026;19:00;24.6;0;SOLEIL;1;11.5;0
AJACCIO;41.92;8.73;29/09/2026;20:00;22.3;0;SOLEIL;5;6.8;0
AJACCIO;41.92;8.73;29/09/2026;21:00;20.8;0;SOLEIL;5;6.5;0
AJACCIO;41.92;8.73;29/09/2026;22:00;19.4;0;SOLEIL;5;7.9;0
AJACCIO;41.92;8.73;29/09/2026;23:00;19.6;0;SOLEIL;1;9.4;0
AJACCIO;41.92;8.73;30/09/2026;00:00;19.6;0;SOLEIL;1;9.4;0
AJACCIO;41.92;8.73;30/09/2026;01:00;19.6;0;SOLEIL;1;8.6;0
AJACCIO;41.92;8.73;30/09/2026;02:00;17.6;0;SOLEIL;5;9.0;0
AJACCIO;41.92;8.73;30/09/2026;03:00;17.6;0;SOLEIL;5;10.8;0
AJACCIO;41.92;8.73;30/09/2026;04:00;17.6;0;SOLEIL;5;13.3;0
AJACCIO;41.92;8.73;30/09/2026;05:00;18.9;0;SOLEIL;1;15.1;0
AJACCIO;41.92;8.73;30/09/2026;06:00;18.9;0;SOLEIL;1;15.5;0
AJACCIO;41.92;8.73;30/09/2026;07:00;18.9;0;SOLEIL;1;15.1;0
AJACCIO;41.92;8.73;30/09/2026;08:00;20.1;0;SOLEIL;5;14.4;0
AJACCIO;41.92;8.73;30/09/2026;09:00;21.3;0;SOLEIL;5;13.0;0
AJACCIO;41.92;8.73;30/09/2026;10:00;22.5;0;SOLEIL;5;11.2;0
AJACCIO;41.92;8.73;30/09/2026;11:00;28.1;0;SOLEIL;3;9.7;0
AJACCIO;41.92;8.73;30/09/2026;12:00;28.1;0;SOLEIL;3;8.6;0
AJACCIO;41.92;8.73;30/09/2026;13:00;28.1;0;SOLEIL;3;7.9;0
AJACCIO;41.92;8.73;30/09/2026;14:00;27.5;0;SOLEIL;5;9.0;0
AJACCIO;41.92;8.73;30/09/2026;15:00;28.7;0;SOLEIL;5;14.0;0
AJACCIO;41.92;8.73;30/09/2026;16:00;27.5;0;SOLEIL;5;20.5;0
AJACCIO;41.92;8.73;30/09/2026;17:00;24;0;SOLEIL;1;24.1;0
AJACCIO;41.92;8.73;30/09/2026;18:00;24;0;SOLEIL;1;20.9;0
AJACCIO;41.92;8.73;30/09/2026;19:00;24;0;SOLEIL;1;14.8;0
AJACCIO;41.92;8.73;30/09/2026;20:00;22.5;0;SOLEIL;5;9.7;0
AJACCIO;41.92;8.73;30/09/2026;21:00;21.3;0;SOLEIL;5;8.6;0
AJACCIO;41.92;8.73;30/09/2026;22:00;20.1;0;SOLEIL;5;8.6;0
AJACCIO;41.92;8.73;30/09/2026;23:00;19.5;0;SOLEIL;1;9.0;0
AJACCIO;41.92;8.73;01/10/2026;00:00;19.5;0;SOLEIL;1;8.6;0
AJACCIO;41.92;8.73;01/10/2026;01:00;19.5;0;SOLEIL;1;7.9;0
AJACCIO;41.92;8.73;01/10/2026;02:00;17.6;2;NUAGEUX;5;7.1;0
AJACCIO;41.92;8.73;01/10/2026;03:00;17.6;2;NUAGEUX;5;6.1;0
AJACCIO;41.92;8.73;01/10/2026;04:00;17.6;2;NUAGEUX;5;5.0;0
AJACCIO;41.92;8.73;01/10/2026;05:00;18.7;0;SOLEIL;1;4.3;0
AJACCIO;41.92;8.73;01/10/2026;06:00;18.7;0;SOLEIL;1;4.0;0
AJACCIO;41.92;8.73;01/10/2026;07:00;18.7;0;SOLEIL;1;4.0;0
AJACCIO;41.92;8.73;01/10/2026;08:00;20.0;2;NUAGEUX;5;4.7;0
AJACCIO;41.92;8.73;01/10/2026;09:00;21.2;2;NUAGEUX;5;5.8;0
AJACCIO;41.92;8.73;01/10/2026;10:00;22.4;2;NUAGEUX;5;7.9;0
AJACCIO;41.92;8.73;01/10/2026;11:00;27.6;2;NUAGEUX;3;10.8;0
AJACCIO;41.92;8.73;01/10/2026;12:00;27.6;2;NUAGEUX;3;16.2;0
AJACCIO;41.92;8.73;01/10/2026;13:00;27.6;2;NUAGEUX;3;22.7;0
AJACCIO;41.92;8.73;01/10/2026;14:00;27.2;2;NUAGEUX;5;27.0;0
AJACCIO;41.92;8.73;01/10/2026;15:00;28.4;2;NUAGEUX;5;27.4;0
AJACCIO;41.92;8.73;01/10/2026;16:00;27.2;2;NUAGEUX;5;25.6;0
AJACCIO;41.92;8.73;01/10/2026;17:00;23.7;7;PLUIE FAIBLE;1;23.8;0
AJACCIO;41.92;8.73;01/10/2026;18:00;23.7;7;PLUIE FAIBLE;1;22.7;0
AJACCIO;41.92;8.73;01/10/2026;19:00;23.7;7;PLUIE FAIBLE;1;21.6;0
AJACCIO;41.92;8.73;01/10/2026;20:00;22.4;2;NUAGEUX;5;19.4;0
AJACCIO;41.92;8.73;01/10/2026;21:00;21.2;2;NUAGEUX;5;14.8;0
AJACCIO;41.92;8.73;01/10/2026;22:00;20.0;2;NUAGEUX;5;9.4;0
AJACCIO;41.92;8.73;01/10/2026;23:00;20.1;2;NUAGEUX;1;6.1;0
AJACCIO;41.92;8.73;02/10/2026;00:00;20.1;2;NUAGEUX;1;8.3;0
AJACCIO;41.92;8.73;02/10/2026;01:00;20.1;2;NUAGEUX;1;12.6;0
AJACCIO;41.92;8.73;02/10/2026;02:00;18.1;6;AVERSES;5;15.1;0
AJACCIO;41.92;8.73;02/10/2026;03:00;18.1;6;AVERSES;5;13.0;0
AJACCIO;41.92;8.73;02/10/2026;04:00;18.1;6;AVERSES;5;9.0;0
AJACCIO;41.92;8.73;02/10/2026;05:00;19;2;NUAGEUX;1;5.8;0
AJACCIO;41.92;8.73;02/10/2026;06:00;19;2;NUAGEUX;1;4.3;0
AJACCIO;41.92;8.73;02/10/2026;07:00;19;2;NUAGEUX;1;4.0;0
AJACCIO;41.92;8.73;02/10/2026;08:00;20.1;6;AVERSES;5;4.3;0
AJACCIO;41.92;8.73;02/10/2026;09:00;21.1;6;AVERSES;5;5.8;0
AJACCIO;41.92;8.73;02/10/2026;10:00;22.1;6;AVERSES;5;7.9;0
AJACCIO;41.92;8.73;02/10/2026;11:00;26.2;6;AVERSES;2;10.8;0
AJACCIO;41.92;8.73;02/10/2026;12:00;26.2;6;AVERSES;2;14.8;0
AJACCIO;41.92;8.73;02/10/2026;13:00;26.2;6;AVERSES;2;19.4;0
AJACCIO;41.92;8.73;02/10/2026;14:00;26.0;6;AVERSES;5;22.7;0
AJACCIO;41.92;8.73;02/10/2026;15:00;27.0;6;AVERSES;5;23.0;0
AJACCIO;41.92;8.73;02/10/2026;16:00;26.0;6;AVERSES;5;21.6;0
AJACCIO;41.92;8.73;02/10/2026;17:00;22.5;6;AVERSES;1;19.8;0
AJACCIO;41.92;8.73;02/10/2026;18:00;22.5;6;AVERSES;1;17.3;0
AJACCIO;41.92;8.73;02/10/2026;19:00;22.5;6;AVERSES;1;14.0;0
AJACCIO;41.92;8.73;02/10/2026;20:00;22.1;6;AVERSES;5;11.2;0
AJACCIO;41.92;8.73;02/10/2026;21:00;21.1;6;AVERSES;5;9.4;0
AJACCIO;41.92;8.73;02/10/2026;22:00;20.1;6;AVERSES;5;8.3;0
AJACCIO;41.92;8.73;02/10/2026;23:00;18.6;0;SOLEIL;2;7.6;0
AJACCIO;41.92;8.73;03/10/2026;00:00;18.6;0;SOLEIL;2;7.9;0
AJACCIO;41.92;8.73;03/10/2026;01:00;18.6;0;SOLEIL;2;8.6;0
AJACCIO;41.92;8.73;03/10/2026;02:00;16.6;6;AVERSES;5;9.4;0
AJACCIO;41.92;8.73;03/10/2026;03:00;16.6;6;AVERSES;5;9.7;0
AJACCIO;41.92;8.73;03/10/2026;04:00;16.6;6;AVERSES;5;9.7;0
AJACCIO;41.92;8.73;03/10/2026;05:00;17.7;0;SOLEIL;2;9.7;0
AJACCIO;41.92;8.73;03/10/2026;06:00;17.7;0;SOLEIL;2;9.4;0
AJACCIO;41.92;8.73;03/10/2026;07:00;17.7;0;SOLEIL;2;9.4;0
AJACCIO;41.92;8.73;03/10/2026;08:00;19.0;6;AVERSES;5;9.0;0
AJACCIO;41.92;8.73;03/10/2026;09:00;20.2;6;AVERSES;5;8.3;0
AJACCIO;41.92;8.73;03/10/2026;10:00;21.4;6;AVERSES;5;7.9;0
AJACCIO;41.92;8.73;03/10/2026;11:00;26.6;6;AVERSES;3;9.0;0
AJACCIO;41.92;8.73;03/10/2026;12:00;26.6;6;AVERSES;3;14.0;0
AJACCIO;41.92;8.73;03/10/2026;13:00;26.6;6;AVERSES;3;18.0;0
AJACCIO;41.92;8.73;03/10/2026;14:00;26.3;6;AVERSES;5;18.9;0
AJACCIO;41.92;8.73;03/10/2026;15:00;27.5;6;AVERSES;5;18.0;0
AJACCIO;41.92;8.73;03/10/2026;16:00;26.3;6;AVERSES;5;19.4;0
AJACCIO;41.92;8.73;03/10/2026;17:00;22.6;6;AVERSES;1;20.5;0
AJACCIO;41.92;8.73;03/10/2026;18:00;22.6;6;AVERSES;1;21.6;0
AJACCIO;41.92;8.73;03/10/2026;19:00;22.6;6;AVERSES;1;22.0;0
AJACCIO;41.92;8.73;03/10/2026;20:00;21.4;6;AVERSES;5;22.0;0
AJACCIO;41.92;8.73;03/10/2026;21:00;20.2;6;AVERSES;5;20.9;0
AJACCIO;41.92;8.73;03/10/2026;22:00;19.0;6;AVERSES;5;19.1;0
AJACCIO;41.92;8.73;03/10/2026;23:00;17.9;0;SOLEIL;2;16.6;0
AJACCIO;41.92;8.73;04/10/2026;00:00;17.9;0;SOLEIL;2;14.4;0
AJACCIO;41.92;8.73;04/10/2026;01:00;17.9;0;SOLEIL;2;12.2;0
AJACCIO;41.92;8.73;04/10/2026;02:00;15.7;0;SOLEIL;5;11.2;0
AJACCIO;41.92;8.73;04/10/2026;03:00;15.7;0;SOLEIL;5;10.8;0
AJACCIO;41.92;8.73;04/10/2026;04:00;15.7;0;SOLEIL;5;10.8;0
AJACCIO;41.92;8.73;04/10/2026;05:00;17.1;0;SOLEIL;2;11.5;0
AJACCIO;41.92;8.73;04/10/2026;06:00;17.1;0;SOLEIL;2;12.2;0
AJACCIO;41.92;8.73;04/10/2026;07:00;17.1;0;SOLEIL;2;13.0;0
AJACCIO;41.92;8.73;04/10/2026;08:00;18.3;0;SOLEIL;5;13.7;0
AJACCIO;41.92;8.73;04/10/2026;09:00;19.5;0;SOLEIL;5;14.4;0
AJACCIO;41.92;8.73;04/10/2026;10:00;20.8;0;SOLEIL;5;15.1;0
AJACCIO;41.92;8.73;04/10/2026;11:00;26.6;0;SOLEIL;3;16.2;0
AJACCIO;41.92;8.73;04/10/2026;12:00;26.6;0;SOLEIL;3;16.9;0
AJACCIO;41.92;8.73;04/10/2026;13:00;26.6;0;SOLEIL;3;18.0;0
AJACCIO;41.92;8.73;04/10/2026;14:00;25.9;0;SOLEIL;5;18.4;0
AJACCIO;41.92;8.73;04/10/2026;15:00;27.2;0;SOLEIL;5;18.7;0
AJACCIO;41.92;8.73;04/10/2026;16:00;25.9;0;SOLEIL;5;19.1;0
AJACCIO;41.92;8.73;04/10/2026;17:00;22.1;6;AVERSES;1;19.1;0
AJACCIO;41.92;8.73;04/10/2026;18:00;22.1;6;AVERSES;1;19.1;0
AJACCIO;41.92;8.73;04/10/2026;19:00;22.1;6;AVERSES;1;18.7;0
AJACCIO;41.92;8.73;04/10/2026;20:00;20.8;0;SOLEIL;5;18.4;0
AJACCIO;41.92;8.73;04/10/2026;21:00;19.5;0;SOLEIL;5;17.6;0
AJACCIO;41.92;8.73;04/10/2026;22:00;18.3;0;SOLEIL;5;16.6;0
AJACCIO;41.92;8.73;04/10/2026;23:00;18.1;0;SOLEIL;2;15.5;0
BASTIA;42.69;9.45;27/09/2026;00:00;22.2;0;SOLEIL;2;13.7;0
BASTIA;42.69;9.45;27/09/2026;01:00;22.7;0;SOLEIL;2;13.0;0
BASTIA;42.69;9.45;27/09/2026;02:00;22.6;0;SOLEIL;2;13.7;0
BASTIA;42.69;9.45;27/09/2026;03:00;22.4;5;SOLEIL VOILÉ;2;13.7;0
BASTIA;42.69;9.45;27/09/2026;04:00;22.2;5;SOLEIL VOILÉ;2;13.0;0
BASTIA;42.69;9.45;27/09/2026;05:00;22.4;5;SOLEIL VOILÉ;2;13.3;0
BASTIA;42.69;9.45;27/09/2026;06:00;22.5;5;SOLEIL VOILÉ;2;14.0;0
BASTIA;42.69;9.45;27/09/2026;07:00;23.9;5;SOLEIL VOILÉ;2;14.8;0
BASTIA;42.69;9.45;27/09/2026;08:00;25.5;5;SOLEIL VOILÉ;2;14.8;0
BASTIA;42.69;9.45;27/09/2026;09:00;27.4;5;SOLEIL VOILÉ;2;14.0;0
BASTIA;42.69;9.45;27/09/2026;10:00;26.7;5;SOLEIL VOILÉ;2;8.6;0
BASTIA;42.69;9.45;27/09/2026;11:00;27.5;5;SOLEIL VOILÉ;3;15.1;0
BASTIA;42.69;9.45;27/09/2026;12:00;27.6;0;SOLEIL;3;22.0;0
BASTIA;42.69;9.45;27/09/2026;13:00;27.6;0;SOLEIL;2;25.9;0
BASTIA;42.69;9.45;27/09/2026;14:00;27.6;0;SOLEIL;2;25.9;0
BASTIA;42.69;9.45;27/09/2026;15:00;27.1;0;SOLEIL;2;25.2;0
BASTIA;42.69;9.45;27/09/2026;16:00;25.7;0;SOLEIL;1;23.8;0
BASTIA;42.69;9.45;27/09/2026;17:00;23.9;0;SOLEIL;1;22.3;0
BASTIA;42.69;9.45;27/09/2026;18:00;22.6;0;SOLEIL;1;19.4;0
BASTIA;42.69;9.45;27/09/2026;19:00;22;0;SOLEIL;2;15.5;0
BASTIA;42.69;9.45;27/09/2026;20:00;22.1;0;SOLEIL;1;9.7;0
BASTIA;42.69;9.45;27/09/2026;21:00;22.4;0;SOLEIL;1;10.8;0
BASTIA;42.69;9.45;27/09/2026;22:00;22.4;0;SOLEIL;1;14.0;0
BASTIA;42.69;9.45;27/09/2026;23:00;22.1;0;SOLEIL;2;13.7;0
BASTIA;42.69;9.45;28/09/2026;00:00;22.1;0;SOLEIL;2;13.7;0
BASTIA;42.69;9.45;28/09/2026;01:00;22.1;0;SOLEIL;2;13.0;0
BASTIA;42.69;9.45;28/09/2026;02:00;21.1;0;SOLEIL;3;11.2;0
BASTIA;42.69;9.45;28/09/2026;03:00;21.1;0;SOLEIL;3;8.3;0
BASTIA;42.69;9.45;28/09/2026;04:00;21.1;0;SOLEIL;3;6.5;0
BASTIA;42.69;9.45;28/09/2026;05:00;21.6;0;SOLEIL;3;5.0;0
BASTIA;42.69;9.45;28/09/2026;06:00;21.6;0;SOLEIL;3;6.1;0
BASTIA;42.69;9.45;28/09/2026;07:00;21.6;0;SOLEIL;3;7.9;0
BASTIA;42.69;9.45;28/09/2026;08:00;27.4;0;SOLEIL;2;8.6;0
BASTIA;42.69;9.45;28/09/2026;09:00;27.4;0;SOLEIL;2;8.6;0
BASTIA;42.69;9.45;28/09/2026;10:00;27.4;0;SOLEIL;2;12.2;0
BASTIA;42.69;9.45;28/09/2026;11:00;27.7;0;SOLEIL;4;17.6;0
BASTIA;42.69;9.45;28/09/2026;12:00;27.7;0;SOLEIL;4;21.6;0
BASTIA;42.69;9.45;28/09/2026;13:00;27.7;0;SOLEIL;4;24.8;0
BASTIA;42.69;9.45;28/09/2026;14:00;26.9;0;SOLEIL;3;27.0;0
BASTIA;42.69;9.45;28/09/2026;15:00;26.9;0;SOLEIL;3;27.4;0
BASTIA;42.69;9.45;28/09/2026;16:00;26.9;0;SOLEIL;3;27.0;0
BASTIA;42.69;9.45;28/09/2026;17:00;23.1;0;SOLEIL;3;23.4;0
BASTIA;42.69;9.45;28/09/2026;18:00;23.1;0;SOLEIL;3;20.2;0
BASTIA;42.69;9.45;28/09/2026;19:00;23.1;0;SOLEIL;3;16.6;0
BASTIA;42.69;9.45;28/09/2026;20:00;22.1;0;SOLEIL;2;10.1;0
BASTIA;42.69;9.45;28/09/2026;21:00;22.1;0;SOLEIL;2;8.3;0
BASTIA;42.69;9.45;28/09/2026;22:00;22.1;0;SOLEIL;2;7.9;0
BASTIA;42.69;9.45;28/09/2026;23:00;22.1;0;SOLEIL;2;8.3;0
BASTIA;42.69;9.45;29/09/2026;00:00;22.1;0;SOLEIL;2;7.9;0
BASTIA;42.69;9.45;29/09/2026;01:00;22.1;0;SOLEIL;2;6.1;0
BASTIA;42.69;9.45;29/09/2026;02:00;22;0;SOLEIL;2;6.1;0
BASTIA;42.69;9.45;29/09/2026;03:00;22;0;SOLEIL;2;6.1;0
BASTIA;42.69;9.45;29/09/2026;04:00;22;0;SOLEIL;2;5.0;0
BASTIA;42.69;9.45;29/09/2026;05:00;22;0;SOLEIL;2;5.8;0
BASTIA;42.69;9.45;29/09/2026;06:00;22;0;SOLEIL;2;5.8;0
BASTIA;42.69;9.45;29/09/2026;07:00;22;0;SOLEIL;2;6.5;0
BASTIA;42.69;9.45;29/09/2026;08:00;27.4;0;SOLEIL;3;8.6;0
BASTIA;42.69;9.45;29/09/2026;09:00;27.4;0;SOLEIL;3;11.9;0
BASTIA;42.69;9.45;29/09/2026;10:00;27.4;0;SOLEIL;3;16.2;0
BASTIA;42.69;9.45;29/09/2026;11:00;28.1;0;SOLEIL;6;21.2;0
BASTIA;42.69;9.45;29/09/2026;12:00;28.1;0;SOLEIL;6;28.4;0
BASTIA;42.69;9.45;29/09/2026;13:00;28.1;0;SOLEIL;6;36.4;0
BASTIA;42.69;9.45;29/09/2026;14:00;27.6;0;SOLEIL;3;41.0;0
BASTIA;42.69;9.45;29/09/2026;15:00;27.6;0;SOLEIL;3;40.3;0
BASTIA;42.69;9.45;29/09/2026;16:00;27.6;0;SOLEIL;3;36.0;0
BASTIA;42.69;9.45;29/09/2026;17:00;24.1;0;SOLEIL;3;31.7;0
BASTIA;42.69;9.45;29/09/2026;18:00;24.1;0;SOLEIL;3;27.7;0
BASTIA;42.69;9.45;29/09/2026;19:00;24.1;0;SOLEIL;3;23.0;0
BASTIA;42.69;9.45;29/09/2026;20:00;24.4;0;SOLEIL;5;19.1;0
BASTIA;42.69;9.45;29/09/2026;21:00;23.4;0;SOLEIL;5;15.1;0
BASTIA;42.69;9.45;29/09/2026;22:00;22.4;0;SOLEIL;5;11.5;0
BASTIA;42.69;9.45;29/09/2026;23:00;22.1;0;SOLEIL;1;9.0;0
BASTIA;42.69;9.45;30/09/2026;00:00;22.1;0;SOLEIL;1;8.3;0
BASTIA;42.69;9.45;30/09/2026;01:00;22.1;0;SOLEIL;1;8.3;0
BASTIA;42.69;9.45;30/09/2026;02:00;19.1;0;SOLEIL;5;8.6;0
BASTIA;42.69;9.45;30/09/2026;03:00;19.1;0;SOLEIL;5;9.0;0
BASTIA;42.69;9.45;30/09/2026;04:00;19.1;0;SOLEIL;5;9.4;0
BASTIA;42.69;9.45;30/09/2026;05:00;20.6;0;SOLEIL;1;9.7;0
BASTIA;42.69;9.45;30/09/2026;06:00;20.6;0;SOLEIL;1;9.7;0
BASTIA;42.69;9.45;30/09/2026;07:00;20.6;0;SOLEIL;1;10.1;0
BASTIA;42.69;9.45;30/09/2026;08:00;20.9;0;SOLEIL;5;11.2;0
BASTIA;42.69;9.45;30/09/2026;09:00;21.8;0;SOLEIL;5;14.4;0
BASTIA;42.69;9.45;30/09/2026;10:00;22.7;0;SOLEIL;5;18.4;0
BASTIA;42.69;9.45;30/09/2026;11:00;26.2;0;SOLEIL;3;21.2;0
BASTIA;42.69;9.45;30/09/2026;12:00;26.2;0;SOLEIL;3;22.0;0
BASTIA;42.69;9.45;30/09/2026;13:00;26.2;0;SOLEIL;3;22.0;0
BASTIA;42.69;9.45;30/09/2026;14:00;26.2;0;SOLEIL;5;22.0;0
BASTIA;42.69;9.45;30/09/2026;15:00;27.1;0;SOLEIL;5;23.0;0
BASTIA;42.69;9.45;30/09/2026;16:00;26.2;0;SOLEIL;5;24.8;0
BASTIA;42.69;9.45;30/09/2026;17:00;22.9;0;SOLEIL;2;25.9;0
BASTIA;42.69;9.45;30/09/2026;18:00;22.9;0;SOLEIL;2;26.6;0
BASTIA;42.69;9.45;30/09/2026;19:00;22.9;0;SOLEIL;2;27.0;0
BASTIA;42.69;9.45;30/09/2026;20:00;22.7;0;SOLEIL;5;26.3;0
BASTIA;42.69;9.45;30/09/2026;21:00;21.8;0;SOLEIL;5;23.8;0
BASTIA;42.69;9.45;30/09/2026;22:00;20.9;0;SOLEIL;5;19.8;0
BASTIA;42.69;9.45;30/09/2026;23:00;21;0;SOLEIL;0;16.2;0
BASTIA;42.69;9.45;01/10/2026;00:00;21;0;SOLEIL;0;17.8;0
BASTIA;42.69;9.45;01/10/2026;01:00;21;0;SOLEIL;0;19.8;0
BASTIA;42.69;9.45;01/10/2026;02:00;19.4;2;NUAGEUX;5;23.0;0
BASTIA;42.69;9.45;01/10/2026;03:00;19.4;2;NUAGEUX;5;28.1;0
BASTIA;42.69;9.45;01/10/2026;04:00;19.4;2;NUAGEUX;5;29.2;0
BASTIA;42.69;9.45;01/10/2026;05:00;20.6;0;SOLEIL;1;29.9;0
BASTIA;42.69;9.45;01/10/2026;06:00;20.6;0;SOLEIL;1;29.2;0
BASTIA;42.69;9.45;01/10/2026;07:00;20.6;0;SOLEIL;1;28.4;0
BASTIA;42.69;9.45;01/10/2026;08:00;21.2;2;NUAGEUX;5;28.1;0
BASTIA;42.69;9.45;01/10/2026;09:00;22.1;2;NUAGEUX;5;29.5;0
BASTIA;42.69;9.45;01/10/2026;10:00;23.0;2;NUAGEUX;5;31.3;0
BASTIA;42.69;9.45;01/10/2026;11:00;26.2;2;NUAGEUX;2;33.5;0
BASTIA;42.69;9.45;01/10/2026;12:00;26.2;2;NUAGEUX;2;35.6;0
BASTIA;42.69;9.45;01/10/2026;13:00;26.2;2;NUAGEUX;2;37.8;0
BASTIA;42.69;9.45;01/10/2026;14:00;26.5;2;NUAGEUX;5;38.5;0
BASTIA;42.69;9.45;01/10/2026;15:00;27.4;2;NUAGEUX;5;37.8;0
BASTIA;42.69;9.45;01/10/2026;16:00;26.5;2;NUAGEUX;5;36.0;0
BASTIA;42.69;9.45;01/10/2026;17:00;23;2;NUAGEUX;1;33.1;0
BASTIA;42.69;9.45;01/10/2026;18:00;23;2;NUAGEUX;1;29.2;0
BASTIA;42.69;9.45;01/10/2026;19:00;23;2;NUAGEUX;1;24.1;0
BASTIA;42.69;9.45;01/10/2026;20:00;23.0;2;NUAGEUX;5;19.8;0
BASTIA;42.69;9.45;01/10/2026;21:00;22.1;2;NUAGEUX;5;16.9;0
BASTIA;42.69;9.45;01/10/2026;22:00;21.2;2;NUAGEUX;5;14.8;0
BASTIA;42.69;9.45;01/10/2026;23:00;21.2;2;NUAGEUX;1;12.6;0
BASTIA;42.69;9.45;02/10/2026;00:00;21.2;2;NUAGEUX;1;10.1;0
BASTIA;42.69;9.45;02/10/2026;01:00;21.2;2;NUAGEUX;1;7.9;0
BASTIA;42.69;9.45;02/10/2026;02:00;19.6;2;NUAGEUX;5;7.2;0
BASTIA;42.69;9.45;02/10/2026;03:00;19.6;2;NUAGEUX;5;9.7;0
BASTIA;42.69;9.45;02/10/2026;04:00;19.6;2;NUAGEUX;5;13.7;0
BASTIA;42.69;9.45;02/10/2026;05:00;20.6;2;NUAGEUX;1;17.3;0
BASTIA;42.69;9.45;02/10/2026;06:00;20.6;2;NUAGEUX;1;18.7;0
BASTIA;42.69;9.45;02/10/2026;07:00;20.6;2;NUAGEUX;1;19.8;0
BASTIA;42.69;9.45;02/10/2026;08:00;20.9;2;NUAGEUX;5;20.9;0
BASTIA;42.69;9.45;02/10/2026;09:00;21.6;2;NUAGEUX;5;23.0;0
BASTIA;42.69;9.45;02/10/2026;10:00;22.3;2;NUAGEUX;5;25.2;0
BASTIA;42.69;9.45;02/10/2026;11:00;25.1;2;NUAGEUX;3;27.0;0
BASTIA;42.69;9.45;02/10/2026;12:00;25.1;2;NUAGEUX;3;28.1;0
BASTIA;42.69;9.45;02/10/2026;13:00;25.1;2;NUAGEUX;3;28.8;0
BASTIA;42.69;9.45;02/10/2026;14:00;24.9;2;NUAGEUX;5;29.2;0
BASTIA;42.69;9.45;02/10/2026;15:00;25.6;2;NUAGEUX;5;28.8;0
BASTIA;42.69;9.45;02/10/2026;16:00;24.9;2;NUAGEUX;5;28.1;0
BASTIA;42.69;9.45;02/10/2026;17:00;22.1;7;PLUIE FAIBLE;1;27.0;0
BASTIA;42.69;9.45;02/10/2026;18:00;22.1;7;PLUIE FAIBLE;1;26.3;0
BASTIA;42.69;9.45;02/10/2026;19:00;22.1;7;PLUIE FAIBLE;1;25.2;0
BASTIA;42.69;9.45;02/10/2026;20:00;22.3;2;NUAGEUX;5;24.1;0
BASTIA;42.69;9.45;02/10/2026;21:00;21.6;2;NUAGEUX;5;22.3;0
BASTIA;42.69;9.45;02/10/2026;22:00;20.9;2;NUAGEUX;5;20.2;0
BASTIA;42.69;9.45;02/10/2026;23:00;20.9;0;SOLEIL;2;18.4;0
BASTIA;42.69;9.45;03/10/2026;00:00;20.9;0;SOLEIL;2;16.6;0
BASTIA;42.69;9.45;03/10/2026;01:00;20.9;0;SOLEIL;2;14.8;0
BASTIA;42.69;9.45;03/10/2026;02:00;19.1;7;PLUIE FAIBLE;5;14.0;0
BASTIA;42.69;9.45;03/10/2026;03:00;19.1;7;PLUIE FAIBLE;5;15.1;0
BASTIA;42.69;9.45;03/10/2026;04:00;19.1;7;PLUIE FAIBLE;5;17.3;0
BASTIA;42.69;9.45;03/10/2026;05:00;20.1;0;SOLEIL;3;18.7;0
BASTIA;42.69;9.45;03/10/2026;06:00;20.1;0;SOLEIL;3;18.4;0
BASTIA;42.69;9.45;03/10/2026;07:00;20.1;0;SOLEIL;3;17.6;0
BASTIA;42.69;9.45;03/10/2026;08:00;20.4;7;PLUIE FAIBLE;5;17.6;0
BASTIA;42.69;9.45;03/10/2026;09:00;21.1;7;PLUIE FAIBLE;5;19.4;0
BASTIA;42.69;9.45;03/10/2026;10:00;21.8;7;PLUIE FAIBLE;5;22.3;0
BASTIA;42.69;9.45;03/10/2026;11:00;24.5;7;PLUIE FAIBLE;2;24.5;0
BASTIA;42.69;9.45;03/10/2026;12:00;24.5;7;PLUIE FAIBLE;2;24.9;0
BASTIA;42.69;9.45;03/10/2026;13:00;24.5;7;PLUIE FAIBLE;2;25.9;0
BASTIA;42.69;9.45;03/10/2026;14:00;24.4;7;PLUIE FAIBLE;5;27.4;0
BASTIA;42.69;9.45;03/10/2026;15:00;25.1;7;PLUIE FAIBLE;5;28.4;0
BASTIA;42.69;9.45;03/10/2026;16:00;24.4;7;PLUIE FAIBLE;5;29.2;0
BASTIA;42.69;9.45;03/10/2026;17:00;21.9;7;PLUIE FAIBLE;2;29.5;0
BASTIA;42.69;9.45;03/10/2026;18:00;21.9;7;PLUIE FAIBLE;2;29.2;0
BASTIA;42.69;9.45;03/10/2026;19:00;21.9;7;PLUIE FAIBLE;2;28.4;0
BASTIA;42.69;9.45;03/10/2026;20:00;21.8;7;PLUIE FAIBLE;5;27.4;0
BASTIA;42.69;9.45;03/10/2026;21:00;21.1;7;PLUIE FAIBLE;5;25.6;0
BASTIA;42.69;9.45;03/10/2026;22:00;20.4;7;PLUIE FAIBLE;5;23.0;0
BASTIA;42.69;9.45;03/10/2026;23:00;20.9;0;SOLEIL;2;19.8;0
BASTIA;42.69;9.45;04/10/2026;00:00;20.9;0;SOLEIL;2;16.9;0
BASTIA;42.69;9.45;04/10/2026;01:00;20.9;0;SOLEIL;2;14.0;0
BASTIA;42.69;9.45;04/10/2026;02:00;18.9;6;AVERSES;5;11.9;0
BASTIA;42.69;9.45;04/10/2026;03:00;18.9;6;AVERSES;5;10.1;0
BASTIA;42.69;9.45;04/10/2026;04:00;18.9;6;AVERSES;5;8.6;0
BASTIA;42.69;9.45;04/10/2026;05:00;20;0;SOLEIL;1;7.6;0
BASTIA;42.69;9.45;04/10/2026;06:00;20;0;SOLEIL;1;6.8;0
BASTIA;42.69;9.45;04/10/2026;07:00;20;0;SOLEIL;1;6.5;0
BASTIA;42.69;9.45;04/10/2026;08:00;20.3;6;AVERSES;5;7.2;0
BASTIA;42.69;9.45;04/10/2026;09:00;20.9;6;AVERSES;5;9.0;0
BASTIA;42.69;9.45;04/10/2026;10:00;21.6;6;AVERSES;5;12.2;0
BASTIA;42.69;9.45;04/10/2026;11:00;24.4;6;AVERSES;3;15.8;0
BASTIA;42.69;9.45;04/10/2026;12:00;24.4;6;AVERSES;3;19.8;0
BASTIA;42.69;9.45;04/10/2026;13:00;24.4;6;AVERSES;3;23.0;0
BASTIA;42.69;9.45;04/10/2026;14:00;24.3;6;AVERSES;5;24.8;0
BASTIA;42.69;9.45;04/10/2026;15:00;25.0;6;AVERSES;5;25.6;0
BASTIA;42.69;9.45;04/10/2026;16:00;24.3;6;AVERSES;5;25.2;0
BASTIA;42.69;9.45;04/10/2026;17:00;21.1;6;AVERSES;2;24.5;0
BASTIA;42.69;9.45;04/10/2026;18:00;21.1;6;AVERSES;2;23.4;0
BASTIA;42.69;9.45;04/10/2026;19:00;21.1;6;AVERSES;2;22.0;0
BASTIA;42.69;9.45;04/10/2026;20:00;21.6;6;AVERSES;5;20.5;0
BASTIA;42.69;9.45;04/10/2026;21:00;20.9;6;AVERSES;5;18.7;0
BASTIA;42.69;9.45;04/10/2026;22:00;20.3;6;AVERSES;5;16.6;0
BASTIA;42.69;9.45;04/10/2026;23:00;20.1;0;SOLEIL;2;14.0;0
ALENÇON;48.43;0.09;27/09/2026;00:00;15.6;0;SOLEIL;2;13.3;0
ALENÇON;48.43;0.09;27/09/2026;01:00;14.9;0;SOLEIL;2;10.4;0
ALENÇON;48.43;0.09;27/09/2026;02:00;14.5;0;SOLEIL;2;7.9;0
ALENÇON;48.43;0.09;27/09/2026;03:00;13.6;0;SOLEIL;2;5.8;0
ALENÇON;48.43;0.09;27/09/2026;04:00;12.6;2;NUAGEUX;2;5.0;0
ALENÇON;48.43;0.09;27/09/2026;05:00;12.5;5;SOLEIL VOILÉ;1;4.7;0
ALENÇON;48.43;0.09;27/09/2026;06:00;12.9;5;SOLEIL VOILÉ;2;4.7;0
ALENÇON;48.43;0.09;27/09/2026;07:00;14.6;5;SOLEIL VOILÉ;1;4.0;0
ALENÇON;48.43;0.09;27/09/2026;08:00;16.6;5;SOLEIL VOILÉ;2;3.6;0
ALENÇON;48.43;0.09;27/09/2026;09:00;18.4;5;SOLEIL VOILÉ;3;2.9;0
ALENÇON;48.43;0.09;27/09/2026;10:00;21;2;NUAGEUX;4;5.4;0
ALENÇON;48.43;0.09;27/09/2026;11:00;21.9;2;NUAGEUX;4;19.8;0
ALENÇON;48.43;0.09;27/09/2026;12:00;23.6;2;NUAGEUX;5;26.6;0
ALENÇON;48.43;0.09;27/09/2026;13:00;25.3;2;NUAGEUX;5;32.4;0
ALENÇON;48.43;0.09;27/09/2026;14:00;25.9;2;NUAGEUX;5;33.5;0
ALENÇON;48.43;0.09;27/09/2026;15:00;25.6;2;NUAGEUX;5;34.9;0
ALENÇON;48.43;0.09;27/09/2026;16:00;26;2;NUAGEUX;4;34.6;0
ALENÇON;48.43;0.09;27/09/2026;17:00;24.8;2;NUAGEUX;4;32.0;0
ALENÇON;48.43;0.09;27/09/2026;18:00;23.7;2;NUAGEUX;3;29.5;0
ALENÇON;48.43;0.09;27/09/2026;19:00;22.1;2;NUAGEUX;3;27.7;0
ALENÇON;48.43;0.09;27/09/2026;20:00;21;2;NUAGEUX;3;22.0;0
ALENÇON;48.43;0.09;27/09/2026;21:00;19.7;2;NUAGEUX;3;13.7;0
ALENÇON;48.43;0.09;27/09/2026;22:00;18.9;2;NUAGEUX;3;10.4;0
ALENÇON;48.43;0.09;27/09/2026;23:00;18.2;2;NUAGEUX;2;7.2;0
ALENÇON;48.43;0.09;28/09/2026;00:00;17.7;2;NUAGEUX;2;6.8;0
ALENÇON;48.43;0.09;28/09/2026;01:00;17.7;2;NUAGEUX;2;6.5;0
ALENÇON;48.43;0.09;28/09/2026;02:00;16.9;6;AVERSES;2;6.5;0
ALENÇON;48.43;0.09;28/09/2026;03:00;16.9;6;AVERSES;2;12.5;0
ALENÇON;48.43;0.09;28/09/2026;04:00;16.9;6;AVERSES;2;14.8;0
ALENÇON;48.43;0.09;28/09/2026;05:00;16.7;6;AVERSES;2;11.2;0
ALENÇON;48.43;0.09;28/09/2026;06:00;16.7;6;AVERSES;2;11.5;0
ALENÇON;48.43;0.09;28/09/2026;07:00;16.7;6;AVERSES;2;10.4;0
ALENÇON;48.43;0.09;28/09/2026;08:00;18;6;AVERSES;3;8.3;0
ALENÇON;48.43;0.09;28/09/2026;09:00;18;6;AVERSES;3;18.4;0
ALENÇON;48.43;0.09;28/09/2026;10:00;18;6;AVERSES;3;18.0;0
ALENÇON;48.43;0.09;28/09/2026;11:00;21.1;6;AVERSES;3;13.7;0
ALENÇON;48.43;0.09;28/09/2026;12:00;21.1;6;AVERSES;3;20.2;0
ALENÇON;48.43;0.09;28/09/2026;13:00;21.1;6;AVERSES;3;32.0;0
ALENÇON;48.43;0.09;28/09/2026;14:00;21.5;6;AVERSES;3;33.1;0
ALENÇON;48.43;0.09;28/09/2026;15:00;21.5;6;AVERSES;3;31.3;0
ALENÇON;48.43;0.09;28/09/2026;16:00;21.5;6;AVERSES;3;30.2;0
ALENÇON;48.43;0.09;28/09/2026;17:00;20.1;6;AVERSES;3;35.6;0
ALENÇON;48.43;0.09;28/09/2026;18:00;20.1;6;AVERSES;3;24.8;0
ALENÇON;48.43;0.09;28/09/2026;19:00;20.1;6;AVERSES;3;22.0;0
ALENÇON;48.43;0.09;28/09/2026;20:00;17.4;5;SOLEIL VOILÉ;3;29.9;0
ALENÇON;48.43;0.09;28/09/2026;21:00;17.4;5;SOLEIL VOILÉ;3;18.4;0
ALENÇON;48.43;0.09;28/09/2026;22:00;17.4;5;SOLEIL VOILÉ;3;15.8;0
ALENÇON;48.43;0.09;28/09/2026;23:00;15.7;5;SOLEIL VOILÉ;3;15.5;0
ALENÇON;48.43;0.09;29/09/2026;00:00;15.7;5;SOLEIL VOILÉ;3;14.8;0
ALENÇON;48.43;0.09;29/09/2026;01:00;15.7;5;SOLEIL VOILÉ;3;12.6;0
ALENÇON;48.43;0.09;29/09/2026;02:00;15.1;0;SOLEIL;3;11.5;0
ALENÇON;48.43;0.09;29/09/2026;03:00;15.1;0;SOLEIL;3;8.6;0
ALENÇON;48.43;0.09;29/09/2026;04:00;15.1;0;SOLEIL;3;7.6;0
ALENÇON;48.43;0.09;29/09/2026;05:00;14.1;0;SOLEIL;2;6.8;0
ALENÇON;48.43;0.09;29/09/2026;06:00;14.1;0;SOLEIL;2;6.8;0
ALENÇON;48.43;0.09;29/09/2026;07:00;14.1;0;SOLEIL;2;8.3;0
ALENÇON;48.43;0.09;29/09/2026;08:00;20.6;0;SOLEIL;4;7.9;0
ALENÇON;48.43;0.09;29/09/2026;09:00;20.6;0;SOLEIL;4;12.2;0
ALENÇON;48.43;0.09;29/09/2026;10:00;20.6;0;SOLEIL;4;18.4;0
ALENÇON;48.43;0.09;29/09/2026;11:00;26.6;0;SOLEIL;5;23.4;0
ALENÇON;48.43;0.09;29/09/2026;12:00;26.6;0;SOLEIL;5;26.3;0
ALENÇON;48.43;0.09;29/09/2026;13:00;26.6;0;SOLEIL;5;28.4;0
ALENÇON;48.43;0.09;29/09/2026;14:00;27.1;0;SOLEIL;5;31.3;0
ALENÇON;48.43;0.09;29/09/2026;15:00;27.1;0;SOLEIL;5;37.1;0
ALENÇON;48.43;0.09;29/09/2026;16:00;27.1;0;SOLEIL;5;43.6;0
ALENÇON;48.43;0.09;29/09/2026;17:00;24.5;5;SOLEIL VOILÉ;4;46.8;0
ALENÇON;48.43;0.09;29/09/2026;18:00;24.5;5;SOLEIL VOILÉ;4;44.6;0
ALENÇON;48.43;0.09;29/09/2026;19:00;24.5;5;SOLEIL VOILÉ;4;39.2;0
ALENÇON;48.43;0.09;29/09/2026;20:00;20.0;0;SOLEIL;5;33.1;0
ALENÇON;48.43;0.09;29/09/2026;21:00;18.4;0;SOLEIL;5;26.3;0
ALENÇON;48.43;0.09;29/09/2026;22:00;16.8;0;SOLEIL;5;18.4;0
ALENÇON;48.43;0.09;29/09/2026;23:00;19.2;2;NUAGEUX;4;13.0;0
ALENÇON;48.43;0.09;30/09/2026;00:00;19.2;2;NUAGEUX;4;10.8;0
ALENÇON;48.43;0.09;30/09/2026;01:00;19.2;2;NUAGEUX;4;10.8;0
ALENÇON;48.43;0.09;30/09/2026;02:00;18.2;7;PLUIE FAIBLE;5;11.5;0
ALENÇON;48.43;0.09;30/09/2026;03:00;18.2;7;PLUIE FAIBLE;5;12.6;0
ALENÇON;48.43;0.09;30/09/2026;04:00;18.2;7;PLUIE FAIBLE;5;14.4;0
ALENÇON;48.43;0.09;30/09/2026;05:00;19.5;7;PLUIE FAIBLE;4;15.8;0
ALENÇON;48.43;0.09;30/09/2026;06:00;19.5;7;PLUIE FAIBLE;4;15.8;0
ALENÇON;48.43;0.09;30/09/2026;07:00;19.5;7;PLUIE FAIBLE;4;15.5;0
ALENÇON;48.43;0.09;30/09/2026;08:00;19.5;7;PLUIE FAIBLE;5;16.2;0
ALENÇON;48.43;0.09;30/09/2026;09:00;20.2;7;PLUIE FAIBLE;5;19.1;0
ALENÇON;48.43;0.09;30/09/2026;10:00;20.8;7;PLUIE FAIBLE;5;23.0;0
ALENÇON;48.43;0.09;30/09/2026;11:00;22.7;7;PLUIE FAIBLE;5;26.6;0
ALENÇON;48.43;0.09;30/09/2026;12:00;22.7;7;PLUIE FAIBLE;5;30.2;0
ALENÇON;48.43;0.09;30/09/2026;13:00;22.7;7;PLUIE FAIBLE;5;33.8;0
ALENÇON;48.43;0.09;30/09/2026;14:00;23.4;7;PLUIE FAIBLE;5;35.6;0
ALENÇON;48.43;0.09;30/09/2026;15:00;24.1;7;PLUIE FAIBLE;5;34.2;0
ALENÇON;48.43;0.09;30/09/2026;16:00;23.4;7;PLUIE FAIBLE;5;31.0;0
ALENÇON;48.43;0.09;30/09/2026;17:00;20.2;6;AVERSES;4;28.8;0
ALENÇON;48.43;0.09;30/09/2026;18:00;20.2;6;AVERSES;4;29.5;0
ALENÇON;48.43;0.09;30/09/2026;19:00;20.2;6;AVERSES;4;31.0;0
ALENÇON;48.43;0.09;30/09/2026;20:00;20.8;7;PLUIE FAIBLE;5;30.2;0
ALENÇON;48.43;0.09;30/09/2026;21:00;20.2;7;PLUIE FAIBLE;5;24.1;0
ALENÇON;48.43;0.09;30/09/2026;22:00;19.5;7;PLUIE FAIBLE;5;15.5;0
ALENÇON;48.43;0.09;30/09/2026;23:00;16.5;7;PLUIE FAIBLE;3;9.0;0
ALENÇON;48.43;0.09;01/10/2026;00:00;16.5;7;PLUIE FAIBLE;3;6.9;0
ALENÇON;48.43;0.09;01/10/2026;01:00;16.5;7;PLUIE FAIBLE;3;7.4;0
ALENÇON;48.43;0.09;01/10/2026;02:00;12.6;0;SOLEIL;5;7.8;0
ALENÇON;48.43;0.09;01/10/2026;03:00;12.6;0;SOLEIL;5;8.3;0
ALENÇON;48.43;0.09;01/10/2026;04:00;12.6;0;SOLEIL;5;8.6;0
ALENÇON;48.43;0.09;01/10/2026;05:00;13.4;0;SOLEIL;2;8.6;0
ALENÇON;48.43;0.09;01/10/2026;06:00;13.4;0;SOLEIL;2;7.6;0
ALENÇON;48.43;0.09;01/10/2026;07:00;13.4;0;SOLEIL;2;5.8;0
ALENÇON;48.43;0.09;01/10/2026;08:00;14.5;0;SOLEIL;5;5.8;0
ALENÇON;48.43;0.09;01/10/2026;09:00;15.4;0;SOLEIL;5;8.6;0
ALENÇON;48.43;0.09;01/10/2026;10:00;16.4;0;SOLEIL;5;13.0;0
ALENÇON;48.43;0.09;01/10/2026;11:00;20.5;7;PLUIE FAIBLE;4;16.6;0
ALENÇON;48.43;0.09;01/10/2026;12:00;20.5;7;PLUIE FAIBLE;4;18.0;0
ALENÇON;48.43;0.09;01/10/2026;13:00;20.5;7;PLUIE FAIBLE;4;19.1;0
ALENÇON;48.43;0.09;01/10/2026;14:00;20.2;0;SOLEIL;5;20.5;0
ALENÇON;48.43;0.09;01/10/2026;15:00;21.1;0;SOLEIL;5;24.1;0
ALENÇON;48.43;0.09;01/10/2026;16:00;20.2;0;SOLEIL;5;28.8;0
ALENÇON;48.43;0.09;01/10/2026;17:00;17.5;0;SOLEIL;2;31.0;0
ALENÇON;48.43;0.09;01/10/2026;18:00;17.5;0;SOLEIL;2;29.5;0
ALENÇON;48.43;0.09;01/10/2026;19:00;17.5;0;SOLEIL;2;25.9;0
ALENÇON;48.43;0.09;01/10/2026;20:00;16.4;0;SOLEIL;5;21.6;0
ALENÇON;48.43;0.09;01/10/2026;21:00;15.4;0;SOLEIL;5;16.6;0
ALENÇON;48.43;0.09;01/10/2026;22:00;14.5;0;SOLEIL;5;10.8;0
ALENÇON;48.43;0.09;01/10/2026;23:00;12.6;0;SOLEIL;2;6.8;0
ALENÇON;48.43;0.09;02/10/2026;00:00;12.6;0;SOLEIL;2;5.4;0
ALENÇON;48.43;0.09;02/10/2026;01:00;12.6;0;SOLEIL;2;5.4;0
ALENÇON;48.43;0.09;02/10/2026;02:00;9.5;0;SOLEIL;5;5.4;0
ALENÇON;48.43;0.09;02/10/2026;03:00;9.5;0;SOLEIL;5;5.0;0
ALENÇON;48.43;0.09;02/10/2026;04:00;9.5;0;SOLEIL;5;4.3;0
ALENÇON;48.43;0.09;02/10/2026;05:00;10.4;0;SOLEIL;2;4.0;0
ALENÇON;48.43;0.09;02/10/2026;06:00;10.4;0;SOLEIL;2;3.2;0
ALENÇON;48.43;0.09;02/10/2026;07:00;10.4;0;SOLEIL;2;2.5;0
ALENÇON;48.43;0.09;02/10/2026;08:00;12.1;0;SOLEIL;5;2.5;0
ALENÇON;48.43;0.09;02/10/2026;09:00;13.4;0;SOLEIL;5;4.3;0
ALENÇON;48.43;0.09;02/10/2026;10:00;14.7;0;SOLEIL;5;6.8;0
ALENÇON;48.43;0.09;02/10/2026;11:00;20.1;0;SOLEIL;3;9.0;0
ALENÇON;48.43;0.09;02/10/2026;12:00;20.1;0;SOLEIL;3;10.8;0
ALENÇON;48.43;0.09;02/10/2026;13:00;20.1;0;SOLEIL;3;12.6;0
ALENÇON;48.43;0.09;02/10/2026;14:00;19.8;0;SOLEIL;5;13.7;0
ALENÇON;48.43;0.09;02/10/2026;15:00;21.1;0;SOLEIL;5;13.7;0
ALENÇON;48.43;0.09;02/10/2026;16:00;19.8;0;SOLEIL;5;13.0;0
ALENÇON;48.43;0.09;02/10/2026;17:00;17.2;0;SOLEIL;3;11.5;0
ALENÇON;48.43;0.09;02/10/2026;18:00;17.2;0;SOLEIL;3;8.6;0
ALENÇON;48.43;0.09;02/10/2026;19:00;17.2;0;SOLEIL;3;5.0;0
ALENÇON;48.43;0.09;02/10/2026;20:00;14.7;0;SOLEIL;5;2.9;0
ALENÇON;48.43;0.09;02/10/2026;21:00;13.4;0;SOLEIL;5;2.9;0
ALENÇON;48.43;0.09;02/10/2026;22:00;12.1;0;SOLEIL;5;4.3;0
ALENÇON;48.43;0.09;02/10/2026;23:00;13.1;0;SOLEIL;3;5.4;0
ALENÇON;48.43;0.09;03/10/2026;00:00;13.1;0;SOLEIL;3;6.5;0
ALENÇON;48.43;0.09;03/10/2026;01:00;13.1;0;SOLEIL;3;7.2;0
ALENÇON;48.43;0.09;03/10/2026;02:00;10.1;0;SOLEIL;5;7.9;0
ALENÇON;48.43;0.09;03/10/2026;03:00;10.1;0;SOLEIL;5;8.3;0
ALENÇON;48.43;0.09;03/10/2026;04:00;10.1;0;SOLEIL;5;8.6;0
ALENÇON;48.43;0.09;03/10/2026;05:00;11.1;0;SOLEIL;2;8.6;0
ALENÇON;48.43;0.09;03/10/2026;06:00;11.1;0;SOLEIL;2;8.6;0
ALENÇON;48.43;0.09;03/10/2026;07:00;11.1;0;SOLEIL;2;8.3;0
ALENÇON;48.43;0.09;03/10/2026;08:00;12.5;0;SOLEIL;5;8.6;0
ALENÇON;48.43;0.09;03/10/2026;09:00;13.7;0;SOLEIL;5;9.4;0
ALENÇON;48.43;0.09;03/10/2026;10:00;14.9;0;SOLEIL;5;10.4;0
ALENÇON;48.43;0.09;03/10/2026;11:00;20;0;SOLEIL;3;12.6;0
ALENÇON;48.43;0.09;03/10/2026;12:00;20;0;SOLEIL;3;18.9;0
ALENÇON;48.43;0.09;03/10/2026;13:00;20;0;SOLEIL;3;24.5;0
ALENÇON;48.43;0.09;03/10/2026;14:00;19.8;0;SOLEIL;5;27.8;0
ALENÇON;48.43;0.09;03/10/2026;15:00;21.0;0;SOLEIL;5;29.5;0
ALENÇON;48.43;0.09;03/10/2026;16:00;19.8;0;SOLEIL;5;29.5;0
ALENÇON;48.43;0.09;03/10/2026;17:00;17.5;0;SOLEIL;3;29.5;0
ALENÇON;48.43;0.09;03/10/2026;18:00;17.5;0;SOLEIL;3;29.5;0
ALENÇON;48.43;0.09;03/10/2026;19:00;17.5;0;SOLEIL;3;28.8;0
ALENÇON;48.43;0.09;03/10/2026;20:00;14.9;0;SOLEIL;5;28.4;0
ALENÇON;48.43;0.09;03/10/2026;21:00;13.7;0;SOLEIL;5;27.7;0
ALENÇON;48.43;0.09;03/10/2026;22:00;12.5;0;SOLEIL;5;26.6;0
ALENÇON;48.43;0.09;03/10/2026;23:00;13;0;SOLEIL;3;25.6;0
ALENÇON;48.43;0.09;04/10/2026;00:00;13;0;SOLEIL;3;24.5;0
ALENÇON;48.43;0.09;04/10/2026;01:00;13;0;SOLEIL;3;23.4;0
ALENÇON;48.43;0.09;04/10/2026;02:00;9.9;0;SOLEIL;5;22.7;0
ALENÇON;48.43;0.09;04/10/2026;03:00;9.9;0;SOLEIL;5;22.3;0
ALENÇON;48.43;0.09;04/10/2026;04:00;9.9;0;SOLEIL;5;21.6;0
ALENÇON;48.43;0.09;04/10/2026;05:00;10.9;0;SOLEIL;3;21.6;0
ALENÇON;48.43;0.09;04/10/2026;06:00;10.9;0;SOLEIL;3;21.2;0
ALENÇON;48.43;0.09;04/10/2026;07:00;10.9;0;SOLEIL;3;21.6;0
ALENÇON;48.43;0.09;04/10/2026;08:00;12.3;0;SOLEIL;5;22.3;0
ALENÇON;48.43;0.09;04/10/2026;09:00;13.5;0;SOLEIL;5;23.8;0
ALENÇON;48.43;0.09;04/10/2026;10:00;14.7;0;SOLEIL;5;25.6;0
ALENÇON;48.43;0.09;04/10/2026;11:00;19.6;0;SOLEIL;3;28.1;0
ALENÇON;48.43;0.09;04/10/2026;12:00;19.6;0;SOLEIL;3;30.2;0
ALENÇON;48.43;0.09;04/10/2026;13:00;19.6;0;SOLEIL;3;32.0;0
ALENÇON;48.43;0.09;04/10/2026;14:00;19.4;0;SOLEIL;5;33.5;0
ALENÇON;48.43;0.09;04/10/2026;15:00;20.6;0;SOLEIL;5;34.2;0
ALENÇON;48.43;0.09;04/10/2026;16:00;19.4;0;SOLEIL;5;34.6;0
ALENÇON;48.43;0.09;04/10/2026;17:00;16.7;0;SOLEIL;3;34.2;0
ALENÇON;48.43;0.09;04/10/2026;18:00;16.7;0;SOLEIL;3;34.2;0
ALENÇON;48.43;0.09;04/10/2026;19:00;16.7;0;SOLEIL;3;33.5;0
ALENÇON;48.43;0.09;04/10/2026;20:00;14.7;0;SOLEIL;5;33.1;0
ALENÇON;48.43;0.09;04/10/2026;21:00;13.5;0;SOLEIL;5;32.4;0
ALENÇON;48.43;0.09;04/10/2026;22:00;12.3;0;SOLEIL;5;31.3;0
ALENÇON;48.43;0.09;04/10/2026;23:00;12.4;0;SOLEIL;3;30.2;0
BOURG-ST-MAURICE;45.62;6.77;27/09/2026;00:00;11.9;0;SOLEIL;1;5.8;0
BOURG-ST-MAURICE;45.62;6.77;27/09/2026;01:00;11.1;0;SOLEIL;0;5.8;0
BOURG-ST-MAURICE;45.62;6.77;27/09/2026;02:00;11;0;SOLEIL;1;5.8;0
BOURG-ST-MAURICE;45.62;6.77;27/09/2026;03:00;10.5;0;SOLEIL;1;5.8;0
BOURG-ST-MAURICE;45.62;6.77;27/09/2026;04:00;10.2;0;SOLEIL;1;5.4;0
BOURG-ST-MAURICE;45.62;6.77;27/09/2026;05:00;9.4;0;SOLEIL;1;5.0;0
BOURG-ST-MAURICE;45.62;6.77;27/09/2026;06:00;9.7;0;SOLEIL;1;4.7;0
BOURG-ST-MAURICE;45.62;6.77;27/09/2026;07:00;12;0;SOLEIL;0;5.4;0
BOURG-ST-MAURICE;45.62;6.77;27/09/2026;08:00;15.6;0;SOLEIL;0;6.1;0
BOURG-ST-MAURICE;45.62;6.77;27/09/2026;09:00;19.6;0;SOLEIL;1;5.4;0
BOURG-ST-MAURICE;45.62;6.77;27/09/2026;10:00;22.5;0;SOLEIL;1;4.0;0
BOURG-ST-MAURICE;45.62;6.77;27/09/2026;11:00;25.6;0;SOLEIL;1;2.5;0
BOURG-ST-MAURICE;45.62;6.77;27/09/2026;12:00;26.9;0;SOLEIL;1;3.2;0
BOURG-ST-MAURICE;45.62;6.77;27/09/2026;13:00;27.8;0;SOLEIL;1;4.3;0
BOURG-ST-MAURICE;45.62;6.77;27/09/2026;14:00;28.4;0;SOLEIL;1;9.7;0
BOURG-ST-MAURICE;45.62;6.77;27/09/2026;15:00;27.8;0;SOLEIL;1;15.8;0
BOURG-ST-MAURICE;45.62;6.77;27/09/2026;16:00;25.6;0;SOLEIL;1;16.9;0
BOURG-ST-MAURICE;45.62;6.77;27/09/2026;17:00;22.2;0;SOLEIL;1;16.2;0
BOURG-ST-MAURICE;45.62;6.77;27/09/2026;18:00;18.9;0;SOLEIL;1;14.8;0
BOURG-ST-MAURICE;45.62;6.77;27/09/2026;19:00;16.9;0;SOLEIL;1;11.5;0
BOURG-ST-MAURICE;45.62;6.77;27/09/2026;20:00;16;0;SOLEIL;1;6.8;0
BOURG-ST-MAURICE;45.62;6.77;27/09/2026;21:00;15.6;0;SOLEIL;0;6.1;0
BOURG-ST-MAURICE;45.62;6.77;27/09/2026;22:00;15.2;0;SOLEIL;0;5.8;0
BOURG-ST-MAURICE;45.62;6.77;27/09/2026;23:00;14.5;0;SOLEIL;0;5.8;0
BOURG-ST-MAURICE;45.62;6.77;28/09/2026;00:00;14;0;SOLEIL;0;4.3;0
BOURG-ST-MAURICE;45.62;6.77;28/09/2026;01:00;14;0;SOLEIL;0;3.6;0
BOURG-ST-MAURICE;45.62;6.77;28/09/2026;02:00;12.2;0;SOLEIL;1;4.0;0
BOURG-ST-MAURICE;45.62;6.77;28/09/2026;03:00;12.2;0;SOLEIL;1;5.5;0
BOURG-ST-MAURICE;45.62;6.77;28/09/2026;04:00;12.2;0;SOLEIL;1;5.8;0
BOURG-ST-MAURICE;45.62;6.77;28/09/2026;05:00;11.4;0;SOLEIL;1;3.9;0
BOURG-ST-MAURICE;45.62;6.77;28/09/2026;06:00;11.4;0;SOLEIL;1;4.7;0
BOURG-ST-MAURICE;45.62;6.77;28/09/2026;07:00;11.4;0;SOLEIL;1;4.3;0
BOURG-ST-MAURICE;45.62;6.77;28/09/2026;08:00;19.5;0;SOLEIL;1;2.9;0
BOURG-ST-MAURICE;45.62;6.77;28/09/2026;09:00;19.5;0;SOLEIL;1;4.0;0
BOURG-ST-MAURICE;45.62;6.77;28/09/2026;10:00;19.5;0;SOLEIL;1;9.0;0
BOURG-ST-MAURICE;45.62;6.77;28/09/2026;11:00;26.1;0;SOLEIL;2;9.0;0
BOURG-ST-MAURICE;45.62;6.77;28/09/2026;12:00;26.1;0;SOLEIL;2;7.9;0
BOURG-ST-MAURICE;45.62;6.77;28/09/2026;13:00;26.1;0;SOLEIL;2;10.1;0
BOURG-ST-MAURICE;45.62;6.77;28/09/2026;14:00;26.9;5;SOLEIL VOILÉ;0;13.0;0
BOURG-ST-MAURICE;45.62;6.77;28/09/2026;15:00;26.9;5;SOLEIL VOILÉ;0;21.2;0
BOURG-ST-MAURICE;45.62;6.77;28/09/2026;16:00;26.9;5;SOLEIL VOILÉ;0;27.4;0
BOURG-ST-MAURICE;45.62;6.77;28/09/2026;17:00;18.9;5;SOLEIL VOILÉ;0;27.0;0
BOURG-ST-MAURICE;45.62;6.77;28/09/2026;18:00;18.9;5;SOLEIL VOILÉ;0;25.2;0
BOURG-ST-MAURICE;45.62;6.77;28/09/2026;19:00;18.9;5;SOLEIL VOILÉ;0;20.2;0
BOURG-ST-MAURICE;45.62;6.77;28/09/2026;20:00;16.4;5;SOLEIL VOILÉ;1;14.8;0
BOURG-ST-MAURICE;45.62;6.77;28/09/2026;21:00;16.4;5;SOLEIL VOILÉ;1;7.9;0
BOURG-ST-MAURICE;45.62;6.77;28/09/2026;22:00;16.4;5;SOLEIL VOILÉ;1;5.4;0
BOURG-ST-MAURICE;45.62;6.77;28/09/2026;23:00;15.1;5;SOLEIL VOILÉ;2;11.5;0
BOURG-ST-MAURICE;45.62;6.77;29/09/2026;00:00;15.1;5;SOLEIL VOILÉ;2;12.6;0
BOURG-ST-MAURICE;45.62;6.77;29/09/2026;01:00;15.1;5;SOLEIL VOILÉ;2;11.9;0
BOURG-ST-MAURICE;45.62;6.77;29/09/2026;02:00;13.6;5;SOLEIL VOILÉ;2;12.2;0
BOURG-ST-MAURICE;45.62;6.77;29/09/2026;03:00;13.6;5;SOLEIL VOILÉ;2;12.6;0
BOURG-ST-MAURICE;45.62;6.77;29/09/2026;04:00;13.6;5;SOLEIL VOILÉ;2;12.2;0
BOURG-ST-MAURICE;45.62;6.77;29/09/2026;05:00;12.2;5;SOLEIL VOILÉ;1;12.6;0
BOURG-ST-MAURICE;45.62;6.77;29/09/2026;06:00;12.2;5;SOLEIL VOILÉ;1;11.5;0
BOURG-ST-MAURICE;45.62;6.77;29/09/2026;07:00;12.2;5;SOLEIL VOILÉ;1;10.8;0
BOURG-ST-MAURICE;45.62;6.77;29/09/2026;08:00;19.9;5;SOLEIL VOILÉ;1;11.5;0
BOURG-ST-MAURICE;45.62;6.77;29/09/2026;09:00;19.9;5;SOLEIL VOILÉ;1;12.6;0
BOURG-ST-MAURICE;45.62;6.77;29/09/2026;10:00;19.9;5;SOLEIL VOILÉ;1;13.7;0
BOURG-ST-MAURICE;45.62;6.77;29/09/2026;11:00;24.7;5;SOLEIL VOILÉ;1;14.8;0
BOURG-ST-MAURICE;45.62;6.77;29/09/2026;12:00;24.7;5;SOLEIL VOILÉ;1;14.4;0
BOURG-ST-MAURICE;45.62;6.77;29/09/2026;13:00;24.7;5;SOLEIL VOILÉ;1;13.7;0
BOURG-ST-MAURICE;45.62;6.77;29/09/2026;14:00;26.9;0;SOLEIL;1;13.7;0
BOURG-ST-MAURICE;45.62;6.77;29/09/2026;15:00;26.9;0;SOLEIL;1;15.1;0
BOURG-ST-MAURICE;45.62;6.77;29/09/2026;16:00;26.9;0;SOLEIL;1;16.9;0
BOURG-ST-MAURICE;45.62;6.77;29/09/2026;17:00;20;0;SOLEIL;0;17.3;0
BOURG-ST-MAURICE;45.62;6.77;29/09/2026;18:00;20;0;SOLEIL;0;14.8;0
BOURG-ST-MAURICE;45.62;6.77;29/09/2026;19:00;20;0;SOLEIL;0;11.2;0
BOURG-ST-MAURICE;45.62;6.77;29/09/2026;20:00;18.9;5;SOLEIL VOILÉ;5;9.0;0
BOURG-ST-MAURICE;45.62;6.77;29/09/2026;21:00;17.1;5;SOLEIL VOILÉ;5;10.8;0
BOURG-ST-MAURICE;45.62;6.77;29/09/2026;22:00;15.3;5;SOLEIL VOILÉ;5;14.0;0
BOURG-ST-MAURICE;45.62;6.77;29/09/2026;23:00;15.6;0;SOLEIL;2;16.9;0
BOURG-ST-MAURICE;45.62;6.77;30/09/2026;00:00;15.6;0;SOLEIL;2;18.0;0
BOURG-ST-MAURICE;45.62;6.77;30/09/2026;01:00;15.6;0;SOLEIL;2;18.4;0
BOURG-ST-MAURICE;45.62;6.77;30/09/2026;02:00;10.4;2;NUAGEUX;5;18.4;0
BOURG-ST-MAURICE;45.62;6.77;30/09/2026;03:00;10.4;2;NUAGEUX;5;17.6;0
BOURG-ST-MAURICE;45.62;6.77;30/09/2026;04:00;10.4;2;NUAGEUX;5;16.6;0
BOURG-ST-MAURICE;45.62;6.77;30/09/2026;05:00;11.1;6;AVERSES;2;15.8;0
BOURG-ST-MAURICE;45.62;6.77;30/09/2026;06:00;11.1;6;AVERSES;2;16.2;0
BOURG-ST-MAURICE;45.62;6.77;30/09/2026;07:00;11.1;6;AVERSES;2;16.9;0
BOURG-ST-MAURICE;45.62;6.77;30/09/2026;08:00;14.2;2;NUAGEUX;5;17.6;0
BOURG-ST-MAURICE;45.62;6.77;30/09/2026;09:00;16.1;2;NUAGEUX;5;18.4;0
BOURG-ST-MAURICE;45.62;6.77;30/09/2026;10:00;18.0;2;NUAGEUX;5;19.1;0
BOURG-ST-MAURICE;45.62;6.77;30/09/2026;11:00;25.5;0;SOLEIL;2;20.2;0
BOURG-ST-MAURICE;45.62;6.77;30/09/2026;12:00;25.5;0;SOLEIL;2;21.6;0
BOURG-ST-MAURICE;45.62;6.77;30/09/2026;13:00;25.5;0;SOLEIL;2;22.7;0
BOURG-ST-MAURICE;45.62;6.77;30/09/2026;14:00;25.5;2;NUAGEUX;5;24.1;0
BOURG-ST-MAURICE;45.62;6.77;30/09/2026;15:00;27.4;2;NUAGEUX;5;25.6;0
BOURG-ST-MAURICE;45.62;6.77;30/09/2026;16:00;25.5;2;NUAGEUX;5;26.6;0
BOURG-ST-MAURICE;45.62;6.77;30/09/2026;17:00;19.1;2;NUAGEUX;0;26.6;0
BOURG-ST-MAURICE;45.62;6.77;30/09/2026;18:00;19.1;2;NUAGEUX;0;24.8;0
BOURG-ST-MAURICE;45.62;6.77;30/09/2026;19:00;19.1;2;NUAGEUX;0;22.0;0
BOURG-ST-MAURICE;45.62;6.77;30/09/2026;20:00;18.0;2;NUAGEUX;5;19.4;0
BOURG-ST-MAURICE;45.62;6.77;30/09/2026;21:00;16.1;2;NUAGEUX;5;17.6;0
BOURG-ST-MAURICE;45.62;6.77;30/09/2026;22:00;14.2;2;NUAGEUX;5;15.8;0
BOURG-ST-MAURICE;45.62;6.77;30/09/2026;23:00;15.4;2;NUAGEUX;1;14.8;0
BOURG-ST-MAURICE;45.62;6.77;01/10/2026;00:00;15.4;2;NUAGEUX;1;15.6;0
BOURG-ST-MAURICE;45.62;6.77;01/10/2026;01:00;15.4;2;NUAGEUX;1;16.6;0
BOURG-ST-MAURICE;45.62;6.77;01/10/2026;02:00;11.9;7;PLUIE FAIBLE;5;17.6;0
BOURG-ST-MAURICE;45.62;6.77;01/10/2026;03:00;11.9;7;PLUIE FAIBLE;5;18.7;0
BOURG-ST-MAURICE;45.62;6.77;01/10/2026;04:00;11.9;7;PLUIE FAIBLE;5;19.1;0
BOURG-ST-MAURICE;45.62;6.77;01/10/2026;05:00;12.9;2;NUAGEUX;1;19.4;0
BOURG-ST-MAURICE;45.62;6.77;01/10/2026;06:00;12.9;2;NUAGEUX;1;20.2;0
BOURG-ST-MAURICE;45.62;6.77;01/10/2026;07:00;12.9;2;NUAGEUX;1;21.2;0
BOURG-ST-MAURICE;45.62;6.77;01/10/2026;08:00;14.0;7;PLUIE FAIBLE;5;22.0;0
BOURG-ST-MAURICE;45.62;6.77;01/10/2026;09:00;15.1;7;PLUIE FAIBLE;5;22.7;0
BOURG-ST-MAURICE;45.62;6.77;01/10/2026;10:00;16.1;7;PLUIE FAIBLE;5;23.0;0
BOURG-ST-MAURICE;45.62;6.77;01/10/2026;11:00;20.7;7;PLUIE FAIBLE;2;23.4;0
BOURG-ST-MAURICE;45.62;6.77;01/10/2026;12:00;20.7;7;PLUIE FAIBLE;2;23.4;0
BOURG-ST-MAURICE;45.62;6.77;01/10/2026;13:00;20.7;7;PLUIE FAIBLE;2;23.4;0
BOURG-ST-MAURICE;45.62;6.77;01/10/2026;14:00;20.3;7;PLUIE FAIBLE;5;22.7;0
BOURG-ST-MAURICE;45.62;6.77;01/10/2026;15:00;21.4;7;PLUIE FAIBLE;5;20.9;0
BOURG-ST-MAURICE;45.62;6.77;01/10/2026;16:00;20.3;7;PLUIE FAIBLE;5;18.4;0
BOURG-ST-MAURICE;45.62;6.77;01/10/2026;17:00;16.7;7;PLUIE FAIBLE;0;15.8;0
BOURG-ST-MAURICE;45.62;6.77;01/10/2026;18:00;16.7;7;PLUIE FAIBLE;0;13.7;0
BOURG-ST-MAURICE;45.62;6.77;01/10/2026;19:00;16.7;7;PLUIE FAIBLE;0;11.9;0
BOURG-ST-MAURICE;45.62;6.77;01/10/2026;20:00;16.1;7;PLUIE FAIBLE;5;10.8;0
BOURG-ST-MAURICE;45.62;6.77;01/10/2026;21:00;15.1;7;PLUIE FAIBLE;5;11.5;0
BOURG-ST-MAURICE;45.62;6.77;01/10/2026;22:00;14.0;7;PLUIE FAIBLE;5;13.3;0
BOURG-ST-MAURICE;45.62;6.77;01/10/2026;23:00;15.4;7;PLUIE FAIBLE;0;14.8;0
BOURG-ST-MAURICE;45.62;6.77;02/10/2026;00:00;15.4;7;PLUIE FAIBLE;0;15.5;0
BOURG-ST-MAURICE;45.62;6.77;02/10/2026;01:00;15.4;7;PLUIE FAIBLE;0;15.8;0
BOURG-ST-MAURICE;45.62;6.77;02/10/2026;02:00;11.9;6;AVERSES;5;16.2;0
BOURG-ST-MAURICE;45.62;6.77;02/10/2026;03:00;11.9;6;AVERSES;5;17.3;0
BOURG-ST-MAURICE;45.62;6.77;02/10/2026;04:00;11.9;6;AVERSES;5;18.7;0
BOURG-ST-MAURICE;45.62;6.77;02/10/2026;05:00;12.6;7;PLUIE FAIBLE;1;19.1;0
BOURG-ST-MAURICE;45.62;6.77;02/10/2026;06:00;12.6;7;PLUIE FAIBLE;1;17.3;0
BOURG-ST-MAURICE;45.62;6.77;02/10/2026;07:00;12.6;7;PLUIE FAIBLE;1;14.4;0
BOURG-ST-MAURICE;45.62;6.77;02/10/2026;08:00;13.9;6;AVERSES;5;12.6;0
BOURG-ST-MAURICE;45.62;6.77;02/10/2026;09:00;14.9;6;AVERSES;5;12.2;0
BOURG-ST-MAURICE;45.62;6.77;02/10/2026;10:00;15.9;6;AVERSES;5;12.6;0
BOURG-ST-MAURICE;45.62;6.77;02/10/2026;11:00;20.2;6;AVERSES;2;13.3;0
BOURG-ST-MAURICE;45.62;6.77;02/10/2026;12:00;20.2;6;AVERSES;2;14.4;0
BOURG-ST-MAURICE;45.62;6.77;02/10/2026;13:00;20.2;6;AVERSES;2;15.8;0
BOURG-ST-MAURICE;45.62;6.77;02/10/2026;14:00;19.9;6;AVERSES;5;16.9;0
BOURG-ST-MAURICE;45.62;6.77;02/10/2026;15:00;20.9;6;AVERSES;5;18.0;0
BOURG-ST-MAURICE;45.62;6.77;02/10/2026;16:00;19.9;6;AVERSES;5;18.7;0
BOURG-ST-MAURICE;45.62;6.77;02/10/2026;17:00;16.2;6;AVERSES;0;19.1;0
BOURG-ST-MAURICE;45.62;6.77;02/10/2026;18:00;16.2;6;AVERSES;0;18.4;0
BOURG-ST-MAURICE;45.62;6.77;02/10/2026;19:00;16.2;6;AVERSES;0;17.3;0
BOURG-ST-MAURICE;45.62;6.77;02/10/2026;20:00;15.9;6;AVERSES;5;15.5;0
BOURG-ST-MAURICE;45.62;6.77;02/10/2026;21:00;14.9;6;AVERSES;5;13.0;0
BOURG-ST-MAURICE;45.62;6.77;02/10/2026;22:00;13.9;6;AVERSES;5;10.4;0
BOURG-ST-MAURICE;45.62;6.77;02/10/2026;23:00;14.1;2;NUAGEUX;1;9.0;0
BOURG-ST-MAURICE;45.62;6.77;03/10/2026;00:00;14.1;2;NUAGEUX;1;10.4;0
BOURG-ST-MAURICE;45.62;6.77;03/10/2026;01:00;14.1;2;NUAGEUX;1;13.3;0
BOURG-ST-MAURICE;45.62;6.77;03/10/2026;02:00;9.6;6;AVERSES;5;15.8;0
BOURG-ST-MAURICE;45.62;6.77;03/10/2026;03:00;9.6;6;AVERSES;5;17.6;0
BOURG-ST-MAURICE;45.62;6.77;03/10/2026;04:00;9.6;6;AVERSES;5;18.7;0
BOURG-ST-MAURICE;45.62;6.77;03/10/2026;05:00;10.5;6;AVERSES;1;19.8;0
BOURG-ST-MAURICE;45.62;6.77;03/10/2026;06:00;10.5;6;AVERSES;1;20.5;0
BOURG-ST-MAURICE;45.62;6.77;03/10/2026;07:00;10.5;6;AVERSES;1;20.5;0
BOURG-ST-MAURICE;45.62;6.77;03/10/2026;08:00;12.4;6;AVERSES;5;20.5;0
BOURG-ST-MAURICE;45.62;6.77;03/10/2026;09:00;13.8;6;AVERSES;5;20.2;0
BOURG-ST-MAURICE;45.62;6.77;03/10/2026;10:00;15.2;6;AVERSES;5;19.8;0
BOURG-ST-MAURICE;45.62;6.77;03/10/2026;11:00;21.5;6;AVERSES;2;19.1;0
BOURG-ST-MAURICE;45.62;6.77;03/10/2026;12:00;21.5;6;AVERSES;2;19.9;0
BOURG-ST-MAURICE;45.62;6.77;03/10/2026;13:00;21.5;6;AVERSES;2;22.3;0
BOURG-ST-MAURICE;45.62;6.77;03/10/2026;14:00;20.7;6;AVERSES;5;25.9;0
BOURG-ST-MAURICE;45.62;6.77;03/10/2026;15:00;22.1;6;AVERSES;5;30.2;0
BOURG-ST-MAURICE;45.62;6.77;03/10/2026;16:00;20.7;6;AVERSES;5;30.6;0
BOURG-ST-MAURICE;45.62;6.77;03/10/2026;17:00;16.1;6;AVERSES;0;30.6;0
BOURG-ST-MAURICE;45.62;6.77;03/10/2026;18:00;16.1;6;AVERSES;0;29.9;0
BOURG-ST-MAURICE;45.62;6.77;03/10/2026;19:00;16.1;6;AVERSES;0;29.2;0
BOURG-ST-MAURICE;45.62;6.77;03/10/2026;20:00;15.2;6;AVERSES;5;28.1;0
BOURG-ST-MAURICE;45.62;6.77;03/10/2026;21:00;13.8;6;AVERSES;5;26.3;0
BOURG-ST-MAURICE;45.62;6.77;03/10/2026;22:00;12.4;6;AVERSES;5;23.4;0
BOURG-ST-MAURICE;45.62;6.77;03/10/2026;23:00;13;2;NUAGEUX;1;20.2;0
BOURG-ST-MAURICE;45.62;6.77;04/10/2026;00:00;13;2;NUAGEUX;1;16.9;0
BOURG-ST-MAURICE;45.62;6.77;04/10/2026;01:00;13;2;NUAGEUX;1;14.4;0
BOURG-ST-MAURICE;45.62;6.77;04/10/2026;02:00;9.2;6;AVERSES;5;12.6;0
BOURG-ST-MAURICE;45.62;6.77;04/10/2026;03:00;9.2;6;AVERSES;5;11.9;0
BOURG-ST-MAURICE;45.62;6.77;04/10/2026;04:00;9.2;6;AVERSES;5;11.5;0
BOURG-ST-MAURICE;45.62;6.77;04/10/2026;05:00;10.2;6;AVERSES;1;11.9;0
BOURG-ST-MAURICE;45.62;6.77;04/10/2026;06:00;10.2;6;AVERSES;1;12.6;0
BOURG-ST-MAURICE;45.62;6.77;04/10/2026;07:00;10.2;6;AVERSES;1;13.7;0
BOURG-ST-MAURICE;45.62;6.77;04/10/2026;08:00;11.8;6;AVERSES;5;14.8;0
BOURG-ST-MAURICE;45.62;6.77;04/10/2026;09:00;13.2;6;AVERSES;5;16.2;0
BOURG-ST-MAURICE;45.62;6.77;04/10/2026;10:00;14.5;6;AVERSES;5;18.0;0
BOURG-ST-MAURICE;45.62;6.77;04/10/2026;11:00;20.5;6;AVERSES;2;20.2;0
BOURG-ST-MAURICE;45.62;6.77;04/10/2026;12:00;20.5;6;AVERSES;2;22.3;0
BOURG-ST-MAURICE;45.62;6.77;04/10/2026;13:00;20.5;6;AVERSES;2;24.1;0
BOURG-ST-MAURICE;45.62;6.77;04/10/2026;14:00;19.8;6;AVERSES;5;25.6;0
BOURG-ST-MAURICE;45.62;6.77;04/10/2026;15:00;21.1;6;AVERSES;5;26.3;0
BOURG-ST-MAURICE;45.62;6.77;04/10/2026;16:00;19.8;6;AVERSES;5;26.6;0
BOURG-ST-MAURICE;45.62;6.77;04/10/2026;17:00;15;6;AVERSES;0;27.0;0
BOURG-ST-MAURICE;45.62;6.77;04/10/2026;18:00;15;6;AVERSES;0;26.6;0
BOURG-ST-MAURICE;45.62;6.77;04/10/2026;19:00;15;6;AVERSES;0;26.3;0
BOURG-ST-MAURICE;45.62;6.77;04/10/2026;20:00;14.5;6;AVERSES;5;25.6;0
BOURG-ST-MAURICE;45.62;6.77;04/10/2026;21:00;13.2;6;AVERSES;5;24.5;0
BOURG-ST-MAURICE;45.62;6.77;04/10/2026;22:00;11.8;6;AVERSES;5;22.7;0
BOURG-ST-MAURICE;45.62;6.77;04/10/2026;23:00;11.7;0;SOLEIL;1;20.5;0
CHALON/SAÔNE;46.78;4.85;27/09/2026;00:00;14.9;0;SOLEIL;0;5.0;0
CHALON/SAÔNE;46.78;4.85;27/09/2026;01:00;14;0;SOLEIL;0;4.7;0
CHALON/SAÔNE;46.78;4.85;27/09/2026;02:00;13.6;0;SOLEIL;1;5.0;0
CHALON/SAÔNE;46.78;4.85;27/09/2026;03:00;12.7;0;SOLEIL;1;4.0;0
CHALON/SAÔNE;46.78;4.85;27/09/2026;04:00;13.1;0;SOLEIL;1;4.7;0
CHALON/SAÔNE;46.78;4.85;27/09/2026;05:00;13.3;0;SOLEIL;1;6.1;0
CHALON/SAÔNE;46.78;4.85;27/09/2026;06:00;13.9;0;SOLEIL;0;6.5;0
CHALON/SAÔNE;46.78;4.85;27/09/2026;07:00;17.1;0;SOLEIL;1;6.1;0
CHALON/SAÔNE;46.78;4.85;27/09/2026;08:00;19.5;0;SOLEIL;2;5.4;0
CHALON/SAÔNE;46.78;4.85;27/09/2026;09:00;21.6;0;SOLEIL;2;6.8;0
CHALON/SAÔNE;46.78;4.85;27/09/2026;10:00;23.6;0;SOLEIL;4;12.2;0
CHALON/SAÔNE;46.78;4.85;27/09/2026;11:00;25.7;0;SOLEIL;4;22.3;0
CHALON/SAÔNE;46.78;4.85;27/09/2026;12:00;28.5;0;SOLEIL;4;28.1;0
CHALON/SAÔNE;46.78;4.85;27/09/2026;13:00;29.8;0;SOLEIL;4;30.6;0
CHALON/SAÔNE;46.78;4.85;27/09/2026;14:00;30.2;0;SOLEIL;4;30.6;0
CHALON/SAÔNE;46.78;4.85;27/09/2026;15:00;29.8;0;SOLEIL;4;27.4;0
CHALON/SAÔNE;46.78;4.85;27/09/2026;16:00;29.4;0;SOLEIL;4;25.2;0
CHALON/SAÔNE;46.78;4.85;27/09/2026;17:00;27.6;2;NUAGEUX;4;27.4;0
CHALON/SAÔNE;46.78;4.85;27/09/2026;18:00;26.1;5;SOLEIL VOILÉ;3;27.0;0
CHALON/SAÔNE;46.78;4.85;27/09/2026;19:00;23.5;2;NUAGEUX;3;23.0;0
CHALON/SAÔNE;46.78;4.85;27/09/2026;20:00;21.7;5;SOLEIL VOILÉ;3;16.9;0
CHALON/SAÔNE;46.78;4.85;27/09/2026;21:00;20.1;5;SOLEIL VOILÉ;3;15.5;0
CHALON/SAÔNE;46.78;4.85;27/09/2026;22:00;19.1;5;SOLEIL VOILÉ;3;14.0;0
CHALON/SAÔNE;46.78;4.85;27/09/2026;23:00;18.5;5;SOLEIL VOILÉ;3;15.5;0
CHALON/SAÔNE;46.78;4.85;28/09/2026;00:00;18.4;5;SOLEIL VOILÉ;3;15.8;0
CHALON/SAÔNE;46.78;4.85;28/09/2026;01:00;18.4;5;SOLEIL VOILÉ;3;14.8;0
CHALON/SAÔNE;46.78;4.85;28/09/2026;02:00;17;5;SOLEIL VOILÉ;2;14.0;0
CHALON/SAÔNE;46.78;4.85;28/09/2026;03:00;17;5;SOLEIL VOILÉ;2;13.7;0
CHALON/SAÔNE;46.78;4.85;28/09/2026;04:00;17;5;SOLEIL VOILÉ;2;12.8;0
CHALON/SAÔNE;46.78;4.85;28/09/2026;05:00;15.1;5;SOLEIL VOILÉ;2;10.8;0
CHALON/SAÔNE;46.78;4.85;28/09/2026;06:00;15.1;5;SOLEIL VOILÉ;2;9.4;0
CHALON/SAÔNE;46.78;4.85;28/09/2026;07:00;15.1;5;SOLEIL VOILÉ;2;9.7;0
CHALON/SAÔNE;46.78;4.85;28/09/2026;08:00;22;5;SOLEIL VOILÉ;2;9.7;0
CHALON/SAÔNE;46.78;4.85;28/09/2026;09:00;22;5;SOLEIL VOILÉ;2;13.0;0
CHALON/SAÔNE;46.78;4.85;28/09/2026;10:00;22;5;SOLEIL VOILÉ;2;20.2;0
CHALON/SAÔNE;46.78;4.85;28/09/2026;11:00;27.1;5;SOLEIL VOILÉ;3;24.1;0
CHALON/SAÔNE;46.78;4.85;28/09/2026;12:00;27.1;5;SOLEIL VOILÉ;3;28.8;0
CHALON/SAÔNE;46.78;4.85;28/09/2026;13:00;27.1;5;SOLEIL VOILÉ;3;35.3;0
CHALON/SAÔNE;46.78;4.85;28/09/2026;14:00;29.1;5;SOLEIL VOILÉ;4;41.4;0
CHALON/SAÔNE;46.78;4.85;28/09/2026;15:00;29.1;5;SOLEIL VOILÉ;4;42.1;0
CHALON/SAÔNE;46.78;4.85;28/09/2026;16:00;29.1;5;SOLEIL VOILÉ;4;42.1;0
CHALON/SAÔNE;46.78;4.85;28/09/2026;17:00;26.1;5;SOLEIL VOILÉ;3;42.1;0
CHALON/SAÔNE;46.78;4.85;28/09/2026;18:00;26.1;5;SOLEIL VOILÉ;3;37.8;0
CHALON/SAÔNE;46.78;4.85;28/09/2026;19:00;26.1;5;SOLEIL VOILÉ;3;34.9;0
CHALON/SAÔNE;46.78;4.85;28/09/2026;20:00;19.7;5;SOLEIL VOILÉ;3;28.8;0
CHALON/SAÔNE;46.78;4.85;28/09/2026;21:00;19.7;5;SOLEIL VOILÉ;3;23.8;0
CHALON/SAÔNE;46.78;4.85;28/09/2026;22:00;19.7;5;SOLEIL VOILÉ;3;26.3;0
CHALON/SAÔNE;46.78;4.85;28/09/2026;23:00;17.6;5;SOLEIL VOILÉ;3;27.7;0
CHALON/SAÔNE;46.78;4.85;29/09/2026;00:00;17.6;5;SOLEIL VOILÉ;3;28.1;0
CHALON/SAÔNE;46.78;4.85;29/09/2026;01:00;17.6;5;SOLEIL VOILÉ;3;24.1;0
CHALON/SAÔNE;46.78;4.85;29/09/2026;02:00;15.5;5;SOLEIL VOILÉ;3;20.9;0
CHALON/SAÔNE;46.78;4.85;29/09/2026;03:00;15.5;5;SOLEIL VOILÉ;3;18.7;0
CHALON/SAÔNE;46.78;4.85;29/09/2026;04:00;15.5;5;SOLEIL VOILÉ;3;16.9;0
CHALON/SAÔNE;46.78;4.85;29/09/2026;05:00;16.1;5;SOLEIL VOILÉ;3;13.3;0
CHALON/SAÔNE;46.78;4.85;29/09/2026;06:00;16.1;5;SOLEIL VOILÉ;3;12.6;0
CHALON/SAÔNE;46.78;4.85;29/09/2026;07:00;16.1;5;SOLEIL VOILÉ;3;15.8;0
CHALON/SAÔNE;46.78;4.85;29/09/2026;08:00;22;0;SOLEIL;4;16.2;0
CHALON/SAÔNE;46.78;4.85;29/09/2026;09:00;22;0;SOLEIL;4;20.9;0
CHALON/SAÔNE;46.78;4.85;29/09/2026;10:00;22;0;SOLEIL;4;26.6;0
CHALON/SAÔNE;46.78;4.85;29/09/2026;11:00;27.1;0;SOLEIL;5;32.4;0
CHALON/SAÔNE;46.78;4.85;29/09/2026;12:00;27.1;0;SOLEIL;5;37.4;0
CHALON/SAÔNE;46.78;4.85;29/09/2026;13:00;27.1;0;SOLEIL;5;42.1;0
CHALON/SAÔNE;46.78;4.85;29/09/2026;14:00;28.1;0;SOLEIL;5;45.0;0
CHALON/SAÔNE;46.78;4.85;29/09/2026;15:00;28.1;0;SOLEIL;5;46.1;0
CHALON/SAÔNE;46.78;4.85;29/09/2026;16:00;28.1;0;SOLEIL;5;45.0;0
CHALON/SAÔNE;46.78;4.85;29/09/2026;17:00;24.4;0;SOLEIL;4;42.1;0
CHALON/SAÔNE;46.78;4.85;29/09/2026;18:00;24.4;0;SOLEIL;4;35.3;0
CHALON/SAÔNE;46.78;4.85;29/09/2026;19:00;24.4;0;SOLEIL;4;25.9;0
CHALON/SAÔNE;46.78;4.85;29/09/2026;20:00;21.1;0;SOLEIL;5;19.4;0
CHALON/SAÔNE;46.78;4.85;29/09/2026;21:00;19.5;0;SOLEIL;5;18.4;0
CHALON/SAÔNE;46.78;4.85;29/09/2026;22:00;17.8;0;SOLEIL;5;20.2;0
CHALON/SAÔNE;46.78;4.85;29/09/2026;23:00;19;0;SOLEIL;3;21.2;0
CHALON/SAÔNE;46.78;4.85;30/09/2026;00:00;19;0;SOLEIL;3;19.8;0
CHALON/SAÔNE;46.78;4.85;30/09/2026;01:00;19;0;SOLEIL;3;17.3;0
CHALON/SAÔNE;46.78;4.85;30/09/2026;02:00;15.4;2;NUAGEUX;5;15.1;0
CHALON/SAÔNE;46.78;4.85;30/09/2026;03:00;15.4;2;NUAGEUX;5;12.6;0
CHALON/SAÔNE;46.78;4.85;30/09/2026;04:00;15.4;2;NUAGEUX;5;10.4;0
CHALON/SAÔNE;46.78;4.85;30/09/2026;05:00;16.6;2;NUAGEUX;3;9.7;0
CHALON/SAÔNE;46.78;4.85;30/09/2026;06:00;16.6;2;NUAGEUX;3;10.8;0
CHALON/SAÔNE;46.78;4.85;30/09/2026;07:00;16.6;2;NUAGEUX;3;13.7;0
CHALON/SAÔNE;46.78;4.85;30/09/2026;08:00;18.4;2;NUAGEUX;5;17.6;0
CHALON/SAÔNE;46.78;4.85;30/09/2026;09:00;19.9;2;NUAGEUX;5;24.1;0
CHALON/SAÔNE;46.78;4.85;30/09/2026;10:00;21.4;2;NUAGEUX;5;31.7;0
CHALON/SAÔNE;46.78;4.85;30/09/2026;11:00;27.1;2;NUAGEUX;5;38.5;0
CHALON/SAÔNE;46.78;4.85;30/09/2026;12:00;27.1;2;NUAGEUX;5;43.9;0
CHALON/SAÔNE;46.78;4.85;30/09/2026;13:00;27.1;2;NUAGEUX;5;47.9;0
CHALON/SAÔNE;46.78;4.85;30/09/2026;14:00;27.4;2;NUAGEUX;5;49.7;0
CHALON/SAÔNE;46.78;4.85;30/09/2026;15:00;28.9;2;NUAGEUX;5;47.2;0
CHALON/SAÔNE;46.78;4.85;30/09/2026;16:00;27.4;2;NUAGEUX;5;42.5;0
CHALON/SAÔNE;46.78;4.85;30/09/2026;17:00;24.6;2;NUAGEUX;3;37.4;0
CHALON/SAÔNE;46.78;4.85;30/09/2026;18:00;24.6;2;NUAGEUX;3;33.5;0
CHALON/SAÔNE;46.78;4.85;30/09/2026;19:00;24.6;2;NUAGEUX;3;29.5;0
CHALON/SAÔNE;46.78;4.85;30/09/2026;20:00;21.4;2;NUAGEUX;5;26.3;0
CHALON/SAÔNE;46.78;4.85;30/09/2026;21:00;19.9;2;NUAGEUX;5;24.5;0
CHALON/SAÔNE;46.78;4.85;30/09/2026;22:00;18.4;2;NUAGEUX;5;23.4;0
CHALON/SAÔNE;46.78;4.85;30/09/2026;23:00;19.4;2;NUAGEUX;3;22.0;0
CHALON/SAÔNE;46.78;4.85;01/10/2026;00:00;19.4;2;NUAGEUX;3;18.2;0
CHALON/SAÔNE;46.78;4.85;01/10/2026;01:00;19.4;2;NUAGEUX;3;14.9;0
CHALON/SAÔNE;46.78;4.85;01/10/2026;02:00;16.5;7;PLUIE FAIBLE;5;12.4;0
CHALON/SAÔNE;46.78;4.85;01/10/2026;03:00;16.5;7;PLUIE FAIBLE;5;10.4;0
CHALON/SAÔNE;46.78;4.85;01/10/2026;04:00;16.5;7;PLUIE FAIBLE;5;10.1;0
CHALON/SAÔNE;46.78;4.85;01/10/2026;05:00;17.6;6;AVERSES;2;9.7;0
CHALON/SAÔNE;46.78;4.85;01/10/2026;06:00;17.6;6;AVERSES;2;9.0;0
CHALON/SAÔNE;46.78;4.85;01/10/2026;07:00;17.6;6;AVERSES;2;8.6;0
CHALON/SAÔNE;46.78;4.85;01/10/2026;08:00;17.8;7;PLUIE FAIBLE;5;9.4;0
CHALON/SAÔNE;46.78;4.85;01/10/2026;09:00;18.4;7;PLUIE FAIBLE;5;12.2;0
CHALON/SAÔNE;46.78;4.85;01/10/2026;10:00;19.0;7;PLUIE FAIBLE;5;16.2;0
CHALON/SAÔNE;46.78;4.85;01/10/2026;11:00;21.6;7;PLUIE FAIBLE;3;19.1;0
CHALON/SAÔNE;46.78;4.85;01/10/2026;12:00;21.6;7;PLUIE FAIBLE;3;19.4;0
CHALON/SAÔNE;46.78;4.85;01/10/2026;13:00;21.6;7;PLUIE FAIBLE;3;18.7;0
CHALON/SAÔNE;46.78;4.85;01/10/2026;14:00;21.6;7;PLUIE FAIBLE;5;19.1;0
CHALON/SAÔNE;46.78;4.85;01/10/2026;15:00;22.2;7;PLUIE FAIBLE;5;22.3;0
CHALON/SAÔNE;46.78;4.85;01/10/2026;16:00;21.6;7;PLUIE FAIBLE;5;26.6;0
CHALON/SAÔNE;46.78;4.85;01/10/2026;17:00;18.5;7;PLUIE FAIBLE;2;28.4;0
CHALON/SAÔNE;46.78;4.85;01/10/2026;18:00;18.5;7;PLUIE FAIBLE;2;26.3;0
CHALON/SAÔNE;46.78;4.85;01/10/2026;19:00;18.5;7;PLUIE FAIBLE;2;21.6;0
CHALON/SAÔNE;46.78;4.85;01/10/2026;20:00;19.0;7;PLUIE FAIBLE;5;17.3;0
CHALON/SAÔNE;46.78;4.85;01/10/2026;21:00;18.4;7;PLUIE FAIBLE;5;14.0;0
CHALON/SAÔNE;46.78;4.85;01/10/2026;22:00;17.8;7;PLUIE FAIBLE;5;11.2;0
CHALON/SAÔNE;46.78;4.85;01/10/2026;23:00;15.1;2;NUAGEUX;2;9.4;0
CHALON/SAÔNE;46.78;4.85;02/10/2026;00:00;15.1;2;NUAGEUX;2;9.0;0
CHALON/SAÔNE;46.78;4.85;02/10/2026;01:00;15.1;2;NUAGEUX;2;9.4;0
CHALON/SAÔNE;46.78;4.85;02/10/2026;02:00;12.9;0;SOLEIL;5;9.7;0
CHALON/SAÔNE;46.78;4.85;02/10/2026;03:00;12.9;0;SOLEIL;5;9.7;0
CHALON/SAÔNE;46.78;4.85;02/10/2026;04:00;12.9;0;SOLEIL;5;9.7;0
CHALON/SAÔNE;46.78;4.85;02/10/2026;05:00;14.1;0;SOLEIL;3;9.7;0
CHALON/SAÔNE;46.78;4.85;02/10/2026;06:00;14.1;0;SOLEIL;3;8.3;0
CHALON/SAÔNE;46.78;4.85;02/10/2026;07:00;14.1;0;SOLEIL;3;6.8;0
CHALON/SAÔNE;46.78;4.85;02/10/2026;08:00;14.9;0;SOLEIL;5;7.6;0
CHALON/SAÔNE;46.78;4.85;02/10/2026;09:00;15.9;0;SOLEIL;5;13.0;0
CHALON/SAÔNE;46.78;4.85;02/10/2026;10:00;16.9;0;SOLEIL;5;20.9;0
CHALON/SAÔNE;46.78;4.85;02/10/2026;11:00;21;0;SOLEIL;3;27.0;0
CHALON/SAÔNE;46.78;4.85;02/10/2026;12:00;21;0;SOLEIL;3;29.2;0
CHALON/SAÔNE;46.78;4.85;02/10/2026;13:00;21;0;SOLEIL;3;29.9;0
CHALON/SAÔNE;46.78;4.85;02/10/2026;14:00;20.9;0;SOLEIL;5;30.2;0
CHALON/SAÔNE;46.78;4.85;02/10/2026;15:00;21.9;0;SOLEIL;5;31.7;0
CHALON/SAÔNE;46.78;4.85;02/10/2026;16:00;20.9;0;SOLEIL;5;33.1;0
CHALON/SAÔNE;46.78;4.85;02/10/2026;17:00;18.6;0;SOLEIL;3;32.8;0
CHALON/SAÔNE;46.78;4.85;02/10/2026;18:00;18.6;0;SOLEIL;3;29.5;0
CHALON/SAÔNE;46.78;4.85;02/10/2026;19:00;18.6;0;SOLEIL;3;24.1;0
CHALON/SAÔNE;46.78;4.85;02/10/2026;20:00;16.9;0;SOLEIL;5;19.8;0
CHALON/SAÔNE;46.78;4.85;02/10/2026;21:00;15.9;0;SOLEIL;5;16.9;0
CHALON/SAÔNE;46.78;4.85;02/10/2026;22:00;14.9;0;SOLEIL;5;14.4;0
CHALON/SAÔNE;46.78;4.85;02/10/2026;23:00;14.1;0;SOLEIL;3;13.3;0
CHALON/SAÔNE;46.78;4.85;03/10/2026;00:00;14.1;0;SOLEIL;3;14.0;0
CHALON/SAÔNE;46.78;4.85;03/10/2026;01:00;14.1;0;SOLEIL;3;15.5;0
CHALON/SAÔNE;46.78;4.85;03/10/2026;02:00;11.9;0;SOLEIL;5;17.3;0
CHALON/SAÔNE;46.78;4.85;03/10/2026;03:00;11.9;0;SOLEIL;5;18.7;0
CHALON/SAÔNE;46.78;4.85;03/10/2026;04:00;11.9;0;SOLEIL;5;20.2;0
CHALON/SAÔNE;46.78;4.85;03/10/2026;05:00;13.4;0;SOLEIL;2;20.9;0
CHALON/SAÔNE;46.78;4.85;03/10/2026;06:00;13.4;0;SOLEIL;2;19.4;0
CHALON/SAÔNE;46.78;4.85;03/10/2026;07:00;13.4;0;SOLEIL;2;17.3;0
CHALON/SAÔNE;46.78;4.85;03/10/2026;08:00;14.2;0;SOLEIL;5;16.2;0
CHALON/SAÔNE;46.78;4.85;03/10/2026;09:00;15.4;0;SOLEIL;5;18.4;0
CHALON/SAÔNE;46.78;4.85;03/10/2026;10:00;16.6;0;SOLEIL;5;21.6;0
CHALON/SAÔNE;46.78;4.85;03/10/2026;11:00;21.6;0;SOLEIL;3;23.4;0
CHALON/SAÔNE;46.78;4.85;03/10/2026;12:00;21.6;0;SOLEIL;3;21.2;0
CHALON/SAÔNE;46.78;4.85;03/10/2026;13:00;21.6;0;SOLEIL;3;19.8;0
CHALON/SAÔNE;46.78;4.85;03/10/2026;14:00;21.2;0;SOLEIL;5;20.6;0
CHALON/SAÔNE;46.78;4.85;03/10/2026;15:00;22.4;0;SOLEIL;5;22.7;0
CHALON/SAÔNE;46.78;4.85;03/10/2026;16:00;21.2;0;SOLEIL;5;22.0;0
CHALON/SAÔNE;46.78;4.85;03/10/2026;17:00;18.1;0;SOLEIL;2;21.2;0
CHALON/SAÔNE;46.78;4.85;03/10/2026;18:00;18.1;0;SOLEIL;2;20.5;0
CHALON/SAÔNE;46.78;4.85;03/10/2026;19:00;18.1;0;SOLEIL;2;20.2;0
CHALON/SAÔNE;46.78;4.85;03/10/2026;20:00;16.6;0;SOLEIL;5;19.8;0
CHALON/SAÔNE;46.78;4.85;03/10/2026;21:00;15.4;0;SOLEIL;5;20.2;0
CHALON/SAÔNE;46.78;4.85;03/10/2026;22:00;14.2;0;SOLEIL;5;20.5;0
CHALON/SAÔNE;46.78;4.85;03/10/2026;23:00;14.1;0;SOLEIL;2;21.2;0
CHALON/SAÔNE;46.78;4.85;04/10/2026;00:00;14.1;0;SOLEIL;2;22.0;0
CHALON/SAÔNE;46.78;4.85;04/10/2026;01:00;14.1;0;SOLEIL;2;22.3;0
CHALON/SAÔNE;46.78;4.85;04/10/2026;02:00;11.6;0;SOLEIL;5;22.3;0
CHALON/SAÔNE;46.78;4.85;04/10/2026;03:00;11.6;0;SOLEIL;5;21.6;0
CHALON/SAÔNE;46.78;4.85;04/10/2026;04:00;11.6;0;SOLEIL;5;20.2;0
CHALON/SAÔNE;46.78;4.85;04/10/2026;05:00;13.1;0;SOLEIL;2;18.4;0
CHALON/SAÔNE;46.78;4.85;04/10/2026;06:00;13.1;0;SOLEIL;2;16.9;0
CHALON/SAÔNE;46.78;4.85;04/10/2026;07:00;13.1;0;SOLEIL;2;15.5;0
CHALON/SAÔNE;46.78;4.85;04/10/2026;08:00;13.8;0;SOLEIL;5;15.1;0
CHALON/SAÔNE;46.78;4.85;04/10/2026;09:00;15.0;0;SOLEIL;5;15.5;0
CHALON/SAÔNE;46.78;4.85;04/10/2026;10:00;16.1;0;SOLEIL;5;16.9;0
CHALON/SAÔNE;46.78;4.85;04/10/2026;11:00;21.1;0;SOLEIL;3;18.7;0
CHALON/SAÔNE;46.78;4.85;04/10/2026;12:00;21.1;0;SOLEIL;3;20.2;0
CHALON/SAÔNE;46.78;4.85;04/10/2026;13:00;21.1;0;SOLEIL;3;22.0;0
CHALON/SAÔNE;46.78;4.85;04/10/2026;14:00;20.6;0;SOLEIL;5;22.7;0
CHALON/SAÔNE;46.78;4.85;04/10/2026;15:00;21.7;0;SOLEIL;5;23.0;0
CHALON/SAÔNE;46.78;4.85;04/10/2026;16:00;20.6;0;SOLEIL;5;22.7;0
CHALON/SAÔNE;46.78;4.85;04/10/2026;17:00;17.6;0;SOLEIL;2;22.3;0
CHALON/SAÔNE;46.78;4.85;04/10/2026;18:00;17.6;0;SOLEIL;2;21.6;0
CHALON/SAÔNE;46.78;4.85;04/10/2026;19:00;17.6;0;SOLEIL;2;20.9;0
CHALON/SAÔNE;46.78;4.85;04/10/2026;20:00;16.1;0;SOLEIL;5;20.5;0
CHALON/SAÔNE;46.78;4.85;04/10/2026;21:00;15.0;0;SOLEIL;5;20.2;0
CHALON/SAÔNE;46.78;4.85;04/10/2026;22:00;13.8;0;SOLEIL;5;19.8;0
CHALON/SAÔNE;46.78;4.85;04/10/2026;23:00;13.7;0;SOLEIL;3;19.4;0
AGEN;44.2;0.61;27/09/2026;00:00;17.1;0;SOLEIL;2;5.8;0
AGEN;44.2;0.61;27/09/2026;01:00;16.6;0;SOLEIL;2;4.3;0
AGEN;44.2;0.61;27/09/2026;02:00;15.9;0;SOLEIL;2;5.0;0
AGEN;44.2;0.61;27/09/2026;03:00;15.6;5;SOLEIL VOILÉ;3;7.9;0
AGEN;44.2;0.61;27/09/2026;04:00;16;5;SOLEIL VOILÉ;4;7.9;0
AGEN;44.2;0.61;27/09/2026;05:00;15.8;5;SOLEIL VOILÉ;4;8.3;0
AGEN;44.2;0.61;27/09/2026;06:00;16.6;2;NUAGEUX;4;9.7;0
AGEN;44.2;0.61;27/09/2026;07:00;18.5;2;NUAGEUX;4;12.6;0
AGEN;44.2;0.61;27/09/2026;08:00;20.1;2;NUAGEUX;4;12.2;0
AGEN;44.2;0.61;27/09/2026;09:00;22.9;5;SOLEIL VOILÉ;4;15.5;0
AGEN;44.2;0.61;27/09/2026;10:00;26.1;5;SOLEIL VOILÉ;4;24.5;0
AGEN;44.2;0.61;27/09/2026;11:00;28.1;5;SOLEIL VOILÉ;4;31.3;0
AGEN;44.2;0.61;27/09/2026;12:00;29.5;5;SOLEIL VOILÉ;3;29.9;0
AGEN;44.2;0.61;27/09/2026;13:00;30.8;5;SOLEIL VOILÉ;3;27.4;0
AGEN;44.2;0.61;27/09/2026;14:00;32.1;5;SOLEIL VOILÉ;3;28.8;0
AGEN;44.2;0.61;27/09/2026;15:00;32.3;5;SOLEIL VOILÉ;3;31.0;0
AGEN;44.2;0.61;27/09/2026;16:00;31.4;5;SOLEIL VOILÉ;4;26.6;0
AGEN;44.2;0.61;27/09/2026;17:00;29.7;5;SOLEIL VOILÉ;4;25.6;0
AGEN;44.2;0.61;27/09/2026;18:00;27.7;5;SOLEIL VOILÉ;4;27.7;0
AGEN;44.2;0.61;27/09/2026;19:00;25.5;5;SOLEIL VOILÉ;4;29.2;0
AGEN;44.2;0.61;27/09/2026;20:00;23.6;5;SOLEIL VOILÉ;4;28.8;0
AGEN;44.2;0.61;27/09/2026;21:00;22.1;5;SOLEIL VOILÉ;5;20.5;0
AGEN;44.2;0.61;27/09/2026;22:00;21.1;5;SOLEIL VOILÉ;4;25.9;0
AGEN;44.2;0.61;27/09/2026;23:00;20.2;5;SOLEIL VOILÉ;4;26.3;0
AGEN;44.2;0.61;28/09/2026;00:00;20;5;SOLEIL VOILÉ;4;24.1;0
AGEN;44.2;0.61;28/09/2026;01:00;20;5;SOLEIL VOILÉ;4;23.0;0
AGEN;44.2;0.61;28/09/2026;02:00;18.6;5;SOLEIL VOILÉ;3;20.5;0
AGEN;44.2;0.61;28/09/2026;03:00;18.6;5;SOLEIL VOILÉ;3;15.2;0
AGEN;44.2;0.61;28/09/2026;04:00;18.6;5;SOLEIL VOILÉ;3;13.5;0
AGEN;44.2;0.61;28/09/2026;05:00;19.1;2;NUAGEUX;4;9.9;0
AGEN;44.2;0.61;28/09/2026;06:00;19.1;2;NUAGEUX;4;10.8;0
AGEN;44.2;0.61;28/09/2026;07:00;19.1;2;NUAGEUX;4;14.8;0
AGEN;44.2;0.61;28/09/2026;08:00;22.7;2;NUAGEUX;4;16.6;0
AGEN;44.2;0.61;28/09/2026;09:00;22.7;2;NUAGEUX;4;17.3;0
AGEN;44.2;0.61;28/09/2026;10:00;22.7;2;NUAGEUX;4;25.2;0
AGEN;44.2;0.61;28/09/2026;11:00;27.6;5;SOLEIL VOILÉ;4;33.1;0
AGEN;44.2;0.61;28/09/2026;12:00;27.6;5;SOLEIL VOILÉ;4;33.1;0
AGEN;44.2;0.61;28/09/2026;13:00;27.6;5;SOLEIL VOILÉ;4;32.0;0
AGEN;44.2;0.61;28/09/2026;14:00;30.5;5;SOLEIL VOILÉ;4;31.7;0
AGEN;44.2;0.61;28/09/2026;15:00;30.5;5;SOLEIL VOILÉ;4;29.5;0
AGEN;44.2;0.61;28/09/2026;16:00;30.5;5;SOLEIL VOILÉ;4;25.6;0
AGEN;44.2;0.61;28/09/2026;17:00;26.9;5;SOLEIL VOILÉ;4;22.7;0
AGEN;44.2;0.61;28/09/2026;18:00;26.9;5;SOLEIL VOILÉ;4;20.9;0
AGEN;44.2;0.61;28/09/2026;19:00;26.9;5;SOLEIL VOILÉ;4;28.1;0
AGEN;44.2;0.61;28/09/2026;20:00;22.1;5;SOLEIL VOILÉ;5;33.8;0
AGEN;44.2;0.61;28/09/2026;21:00;22.1;5;SOLEIL VOILÉ;5;32.4;0
AGEN;44.2;0.61;28/09/2026;22:00;22.1;5;SOLEIL VOILÉ;5;25.9;0
AGEN;44.2;0.61;28/09/2026;23:00;20;5;SOLEIL VOILÉ;4;20.5;0
AGEN;44.2;0.61;29/09/2026;00:00;20;5;SOLEIL VOILÉ;4;16.6;0
AGEN;44.2;0.61;29/09/2026;01:00;20;5;SOLEIL VOILÉ;4;16.6;0
AGEN;44.2;0.61;29/09/2026;02:00;17.9;0;SOLEIL;4;16.6;0
AGEN;44.2;0.61;29/09/2026;03:00;17.9;0;SOLEIL;4;18.4;0
AGEN;44.2;0.61;29/09/2026;04:00;17.9;0;SOLEIL;4;17.3;0
AGEN;44.2;0.61;29/09/2026;05:00;17.2;0;SOLEIL;4;16.2;0
AGEN;44.2;0.61;29/09/2026;06:00;17.2;0;SOLEIL;4;16.2;0
AGEN;44.2;0.61;29/09/2026;07:00;17.2;0;SOLEIL;4;17.3;0
AGEN;44.2;0.61;29/09/2026;08:00;23.6;0;SOLEIL;5;22.7;0
AGEN;44.2;0.61;29/09/2026;09:00;23.6;0;SOLEIL;5;24.5;0
AGEN;44.2;0.61;29/09/2026;10:00;23.6;0;SOLEIL;5;26.3;0
AGEN;44.2;0.61;29/09/2026;11:00;29;0;SOLEIL;5;28.4;0
AGEN;44.2;0.61;29/09/2026;12:00;29;0;SOLEIL;5;31.7;0
AGEN;44.2;0.61;29/09/2026;13:00;29;0;SOLEIL;5;35.3;0
AGEN;44.2;0.61;29/09/2026;14:00;30.6;0;SOLEIL;4;36.7;0
AGEN;44.2;0.61;29/09/2026;15:00;30.6;0;SOLEIL;4;33.1;0
AGEN;44.2;0.61;29/09/2026;16:00;30.6;0;SOLEIL;4;27.4;0
AGEN;44.2;0.61;29/09/2026;17:00;26.4;0;SOLEIL;5;24.1;0
AGEN;44.2;0.61;29/09/2026;18:00;26.4;0;SOLEIL;5;25.9;0
AGEN;44.2;0.61;29/09/2026;19:00;26.4;0;SOLEIL;5;30.2;0
AGEN;44.2;0.61;29/09/2026;20:00;23.0;0;SOLEIL;5;32.8;0
AGEN;44.2;0.61;29/09/2026;21:00;21.4;0;SOLEIL;5;32.0;0
AGEN;44.2;0.61;29/09/2026;22:00;19.7;0;SOLEIL;5;29.5;0
AGEN;44.2;0.61;29/09/2026;23:00;19.7;0;SOLEIL;5;27.7;0
AGEN;44.2;0.61;30/09/2026;00:00;19.7;0;SOLEIL;5;27.0;0
AGEN;44.2;0.61;30/09/2026;01:00;19.7;0;SOLEIL;5;26.3;0
AGEN;44.2;0.61;30/09/2026;02:00;18.5;6;AVERSES;5;25.9;0
AGEN;44.2;0.61;30/09/2026;03:00;18.5;6;AVERSES;5;25.2;0
AGEN;44.2;0.61;30/09/2026;04:00;18.5;6;AVERSES;5;24.5;0
AGEN;44.2;0.61;30/09/2026;05:00;19.1;2;NUAGEUX;5;24.1;0
AGEN;44.2;0.61;30/09/2026;06:00;19.1;2;NUAGEUX;5;24.1;0
AGEN;44.2;0.61;30/09/2026;07:00;19.1;2;NUAGEUX;5;24.5;0
AGEN;44.2;0.61;30/09/2026;08:00;21.0;6;AVERSES;5;25.2;0
AGEN;44.2;0.61;30/09/2026;09:00;22.2;6;AVERSES;5;27.0;0
AGEN;44.2;0.61;30/09/2026;10:00;23.5;6;AVERSES;5;29.2;0
AGEN;44.2;0.61;30/09/2026;11:00;28;2;NUAGEUX;4;29.2;0
AGEN;44.2;0.61;30/09/2026;12:00;28;2;NUAGEUX;4;24.1;0
AGEN;44.2;0.61;30/09/2026;13:00;28;2;NUAGEUX;4;16.9;0
AGEN;44.2;0.61;30/09/2026;14:00;28.5;6;AVERSES;5;13.3;0
AGEN;44.2;0.61;30/09/2026;15:00;29.7;6;AVERSES;5;17.6;0
AGEN;44.2;0.61;30/09/2026;16:00;28.5;6;AVERSES;5;25.2;0
AGEN;44.2;0.61;30/09/2026;17:00;24.1;6;AVERSES;3;28.8;0
AGEN;44.2;0.61;30/09/2026;18:00;24.1;6;AVERSES;3;23.4;0
AGEN;44.2;0.61;30/09/2026;19:00;24.1;6;AVERSES;3;13.7;0
AGEN;44.2;0.61;30/09/2026;20:00;23.5;6;AVERSES;5;6.5;0
AGEN;44.2;0.61;30/09/2026;21:00;22.2;6;AVERSES;5;5.4;0
AGEN;44.2;0.61;30/09/2026;22:00;21.0;6;AVERSES;5;6.8;0
AGEN;44.2;0.61;30/09/2026;23:00;19.6;6;AVERSES;3;7.6;0
AGEN;44.2;0.61;01/10/2026;00:00;19.6;6;AVERSES;3;6.4;0
AGEN;44.2;0.61;01/10/2026;01:00;19.6;6;AVERSES;3;5.0;0
AGEN;44.2;0.61;01/10/2026;02:00;17.2;6;AVERSES;5;5.0;0
AGEN;44.2;0.61;01/10/2026;03:00;17.2;6;AVERSES;5;7.6;0
AGEN;44.2;0.61;01/10/2026;04:00;17.2;6;AVERSES;5;10.4;0
AGEN;44.2;0.61;01/10/2026;05:00;18.5;6;AVERSES;3;14.4;0
AGEN;44.2;0.61;01/10/2026;06:00;18.5;6;AVERSES;3;19.8;0
AGEN;44.2;0.61;01/10/2026;07:00;18.5;6;AVERSES;3;25.6;0
AGEN;44.2;0.61;01/10/2026;08:00;18.4;6;AVERSES;5;28.8;0
AGEN;44.2;0.61;01/10/2026;09:00;18.9;6;AVERSES;5;27.0;0
AGEN;44.2;0.61;01/10/2026;10:00;19.5;6;AVERSES;5;23.0;0
AGEN;44.2;0.61;01/10/2026;11:00;21.6;6;AVERSES;3;20.5;0
AGEN;44.2;0.61;01/10/2026;12:00;21.6;6;AVERSES;3;22.3;0
AGEN;44.2;0.61;01/10/2026;13:00;21.6;6;AVERSES;3;25.9;0
AGEN;44.2;0.61;01/10/2026;14:00;21.8;6;AVERSES;5;28.4;0
AGEN;44.2;0.61;01/10/2026;15:00;22.4;6;AVERSES;5;28.8;0
AGEN;44.2;0.61;01/10/2026;16:00;21.8;6;AVERSES;5;28.1;0
AGEN;44.2;0.61;01/10/2026;17:00;19.9;2;NUAGEUX;2;27.0;0
AGEN;44.2;0.61;01/10/2026;18:00;19.9;2;NUAGEUX;2;26.3;0
AGEN;44.2;0.61;01/10/2026;19:00;19.9;2;NUAGEUX;2;25.6;0
AGEN;44.2;0.61;01/10/2026;20:00;19.5;6;AVERSES;5;23.0;0
AGEN;44.2;0.61;01/10/2026;21:00;18.9;6;AVERSES;5;17.6;0
AGEN;44.2;0.61;01/10/2026;22:00;18.4;6;AVERSES;5;10.8;0
AGEN;44.2;0.61;01/10/2026;23:00;15.5;0;SOLEIL;2;5.8;0
AGEN;44.2;0.61;02/10/2026;00:00;15.5;0;SOLEIL;2;4.7;0
AGEN;44.2;0.61;02/10/2026;01:00;15.5;0;SOLEIL;2;5.8;0
AGEN;44.2;0.61;02/10/2026;02:00;12.1;0;SOLEIL;5;6.5;0
AGEN;44.2;0.61;02/10/2026;03:00;12.1;0;SOLEIL;5;6.1;0
AGEN;44.2;0.61;02/10/2026;04:00;12.1;0;SOLEIL;5;5.8;0
AGEN;44.2;0.61;02/10/2026;05:00;13.2;0;SOLEIL;2;5.4;0
AGEN;44.2;0.61;02/10/2026;06:00;13.2;0;SOLEIL;2;5.4;0
AGEN;44.2;0.61;02/10/2026;07:00;13.2;0;SOLEIL;2;5.0;0
AGEN;44.2;0.61;02/10/2026;08:00;14.8;0;SOLEIL;5;5.4;0
AGEN;44.2;0.61;02/10/2026;09:00;16.2;0;SOLEIL;5;5.8;0
AGEN;44.2;0.61;02/10/2026;10:00;17.6;0;SOLEIL;5;6.5;0
AGEN;44.2;0.61;02/10/2026;11:00;23.1;0;SOLEIL;2;7.9;0
AGEN;44.2;0.61;02/10/2026;12:00;23.1;0;SOLEIL;2;10.8;0
AGEN;44.2;0.61;02/10/2026;13:00;23.1;0;SOLEIL;2;14.4;0
AGEN;44.2;0.61;02/10/2026;14:00;23.0;0;SOLEIL;5;17.6;0
AGEN;44.2;0.61;02/10/2026;15:00;24.4;0;SOLEIL;5;19.8;0
AGEN;44.2;0.61;02/10/2026;16:00;23.0;0;SOLEIL;5;21.2;0
AGEN;44.2;0.61;02/10/2026;17:00;21;0;SOLEIL;2;21.6;0
AGEN;44.2;0.61;02/10/2026;18:00;21;0;SOLEIL;2;20.5;0
AGEN;44.2;0.61;02/10/2026;19:00;21;0;SOLEIL;2;18.4;0
AGEN;44.2;0.61;02/10/2026;20:00;17.6;0;SOLEIL;5;15.8;0
AGEN;44.2;0.61;02/10/2026;21:00;16.2;0;SOLEIL;5;12.6;0
AGEN;44.2;0.61;02/10/2026;22:00;14.8;0;SOLEIL;5;9.0;0
AGEN;44.2;0.61;02/10/2026;23:00;14.5;0;SOLEIL;2;6.5;0
AGEN;44.2;0.61;03/10/2026;00:00;14.5;0;SOLEIL;2;6.1;0
AGEN;44.2;0.61;03/10/2026;01:00;14.5;0;SOLEIL;2;6.5;0
AGEN;44.2;0.61;03/10/2026;02:00;11;0;SOLEIL;5;6.8;0
AGEN;44.2;0.61;03/10/2026;03:00;11;0;SOLEIL;5;6.5;0
AGEN;44.2;0.61;03/10/2026;04:00;11;0;SOLEIL;5;5.8;0
AGEN;44.2;0.61;03/10/2026;05:00;12.5;0;SOLEIL;2;5.0;0
AGEN;44.2;0.61;03/10/2026;06:00;12.5;0;SOLEIL;2;4.7;0
AGEN;44.2;0.61;03/10/2026;07:00;12.5;0;SOLEIL;2;4.7;0
AGEN;44.2;0.61;03/10/2026;08:00;14.2;0;SOLEIL;5;5.0;0
AGEN;44.2;0.61;03/10/2026;09:00;15.9;0;SOLEIL;5;5.8;0
AGEN;44.2;0.61;03/10/2026;10:00;17.5;0;SOLEIL;5;7.2;0
AGEN;44.2;0.61;03/10/2026;11:00;24.6;0;SOLEIL;3;8.6;0
AGEN;44.2;0.61;03/10/2026;12:00;24.6;0;SOLEIL;3;12.1;0
AGEN;44.2;0.61;03/10/2026;13:00;24.6;0;SOLEIL;3;15.1;0
AGEN;44.2;0.61;03/10/2026;14:00;24.0;0;SOLEIL;5;17.2;0
AGEN;44.2;0.61;03/10/2026;15:00;25.6;0;SOLEIL;5;18.4;0
AGEN;44.2;0.61;03/10/2026;16:00;24.0;0;SOLEIL;5;18.7;0
AGEN;44.2;0.61;03/10/2026;17:00;21.1;0;SOLEIL;3;19.1;0
AGEN;44.2;0.61;03/10/2026;18:00;21.1;0;SOLEIL;3;19.1;0
AGEN;44.2;0.61;03/10/2026;19:00;21.1;0;SOLEIL;3;19.1;0
AGEN;44.2;0.61;03/10/2026;20:00;17.5;0;SOLEIL;5;19.1;0
AGEN;44.2;0.61;03/10/2026;21:00;15.9;0;SOLEIL;5;19.1;0
AGEN;44.2;0.61;03/10/2026;22:00;14.2;0;SOLEIL;5;18.7;0
AGEN;44.2;0.61;03/10/2026;23:00;15.1;0;SOLEIL;3;18.4;0
AGEN;44.2;0.61;04/10/2026;00:00;15.1;0;SOLEIL;3;18.4;0
AGEN;44.2;0.61;04/10/2026;01:00;15.1;0;SOLEIL;3;18.0;0
AGEN;44.2;0.61;04/10/2026;02:00;12.1;0;SOLEIL;5;17.6;0
AGEN;44.2;0.61;04/10/2026;03:00;12.1;0;SOLEIL;5;17.3;0
AGEN;44.2;0.61;04/10/2026;04:00;12.1;0;SOLEIL;5;16.9;0
AGEN;44.2;0.61;04/10/2026;05:00;13.1;0;SOLEIL;3;16.6;0
AGEN;44.2;0.61;04/10/2026;06:00;13.1;0;SOLEIL;3;16.2;0
AGEN;44.2;0.61;04/10/2026;07:00;13.1;0;SOLEIL;3;16.2;0
AGEN;44.2;0.61;04/10/2026;08:00;14.7;0;SOLEIL;5;16.6;0
AGEN;44.2;0.61;04/10/2026;09:00;16.0;0;SOLEIL;5;17.6;0
AGEN;44.2;0.61;04/10/2026;10:00;17.3;0;SOLEIL;5;19.1;0
AGEN;44.2;0.61;04/10/2026;11:00;22.9;0;SOLEIL;2;20.9;0
AGEN;44.2;0.61;04/10/2026;12:00;22.9;0;SOLEIL;2;22.7;0
AGEN;44.2;0.61;04/10/2026;13:00;22.9;0;SOLEIL;2;24.1;0
AGEN;44.2;0.61;04/10/2026;14:00;22.6;0;SOLEIL;5;24.8;0
AGEN;44.2;0.61;04/10/2026;15:00;23.9;0;SOLEIL;5;25.2;0
AGEN;44.2;0.61;04/10/2026;16:00;22.6;0;SOLEIL;5;25.2;0
AGEN;44.2;0.61;04/10/2026;17:00;19.7;0;SOLEIL;2;25.2;0
AGEN;44.2;0.61;04/10/2026;18:00;19.7;0;SOLEIL;2;24.8;0
AGEN;44.2;0.61;04/10/2026;19:00;19.7;0;SOLEIL;2;23.8;0
AGEN;44.2;0.61;04/10/2026;20:00;17.3;0;SOLEIL;5;22.7;0
AGEN;44.2;0.61;04/10/2026;21:00;16.0;0;SOLEIL;5;20.9;0
AGEN;44.2;0.61;04/10/2026;22:00;14.7;0;SOLEIL;5;18.0;0
AGEN;44.2;0.61;04/10/2026;23:00;14.9;0;SOLEIL;3;15.1;0
